step,train_loss,train_accuracy,test_loss,test_accuracy,heldout_measured,post_grok,event_trigger,elapsed_seconds
0,4.980867385864258,0.008616187989556136,4.986128330230713,0.009061416265801543,True,False,False,0.08071954199112952
10,4.44876766204834,0.05117493472584857,,,False,False,False,0.8315214170143008
20,3.9245834350585938,0.09216710182767623,,,False,False,False,1.481391292065382
30,3.2466933727264404,0.18720626631853787,,,False,False,False,2.0072867090348154
40,2.3569273948669434,0.4101827676240209,,,False,False,False,2.6819805421400815
50,1.3107630014419556,0.7331592689295039,,,False,False,False,3.431159834144637
60,0.35120251774787903,0.9908616187989556,,,False,False,False,4.206095749977976
70,0.030173689126968384,1.0,,,False,False,False,4.980663584079593
80,0.0021548632066696882,1.0,,,False,False,False,5.749510874971747
90,0.00033341359812766314,1.0,,,False,False,False,6.441927667008713
100,0.00012164378131274134,1.0,48.26723861694336,0.000894954692918671,True,False,False,7.193446834105998
110,4.950102447764948e-05,1.0,,,False,False,False,7.807406333973631
120,0.05256015062332153,0.9861618798955614,,,False,False,False,8.37654724996537
130,0.04081656038761139,0.9866840731070496,,,False,False,False,9.025956833967939
140,0.013041170313954353,0.9966057441253263,,,False,False,False,9.781099874991924
150,0.008873267099261284,0.9994778067885117,,,False,False,False,10.537262666970491
160,0.0075002191588282585,0.9986945169712794,,,False,False,False,11.288605584064499
170,0.00676298514008522,0.9994778067885117,,,False,False,False,12.019291084026918
180,0.0057888696901500225,0.9989556135770234,,,False,False,False,12.765684625133872
190,0.018518712371587753,0.9968668407310705,,,False,False,False,13.469427583971992
200,0.005364301148802042,0.9994778067885117,50.279293060302734,0.0007830853563038371,True,False,False,14.298815208952874
210,0.009285686537623405,0.9989556135770234,,,False,False,False,15.053260416956618
220,0.012230011634528637,0.9976501305483029,,,False,False,False,15.721589625114575
230,0.004083138424903154,0.9997389033942559,,,False,False,False,16.206556624965742
240,0.010267546400427818,0.9981723237597911,,,False,False,False,16.79763741698116
250,0.0016940683126449585,1.0,,,False,False,False,17.534918166929856
260,0.0018295891350135207,0.9997389033942559,,,False,False,False,18.278707792051136
270,0.015523424372076988,0.9973890339425587,,,False,False,False,19.023008666932583
280,0.006740981712937355,0.9986945169712794,,,False,False,False,19.75783500005491
290,0.0022482015192508698,1.0,,,False,False,False,20.497504625003785
300,0.001348510617390275,1.0,45.39829635620117,0.0011186933661483387,True,False,False,21.316446375101805
310,0.0024464267771691084,0.9994778067885117,,,False,False,False,22.07981716701761
320,0.001244804821908474,0.9997389033942559,,,False,False,False,22.862229417078197
330,0.0016815736889839172,1.0,,,False,False,False,23.657211625017226
340,0.0017073453636839986,1.0,,,False,False,False,24.432285834103823
350,0.0010710282949730754,1.0,,,False,False,False,25.20658304193057
360,0.0014102484565228224,1.0,,,False,False,False,25.971577333984897
370,0.0009473756072111428,1.0,,,False,False,False,26.742228042101488
380,0.0009498974541202188,1.0,,,False,False,False,27.495217042043805
390,0.00096814741846174,1.0,,,False,False,False,28.24012825009413
400,0.0006616557366214693,1.0,43.60987091064453,0.0021255173956818436,True,False,False,29.05041866702959
410,0.004190471954643726,0.9992167101827676,,,False,False,False,29.80874429200776
420,0.0006441762670874596,1.0,,,False,False,False,30.54188537504524
430,0.0014129471965134144,0.9994778067885117,,,False,False,False,31.03462720895186
440,0.0005217312718741596,1.0,,,False,False,False,31.712710459018126
450,0.00023392609728034586,1.0,,,False,False,False,32.469761583954096
460,9.736031643114984e-05,1.0,,,False,False,False,33.09459554194473
470,0.002644335152581334,0.9994778067885117,,,False,False,False,33.58662504213862
480,0.0008884308626875281,1.0,,,False,False,False,34.28424670896493
490,0.0009472545934841037,1.0,,,False,False,False,34.80807762499899
500,0.00043522726627998054,1.0,44.245243072509766,0.0015661707126076742,True,False,False,35.44309804192744
510,0.00029708960209973156,1.0,,,False,False,False,35.97453366708942
520,0.0004995032213628292,1.0,,,False,False,False,36.569808708969504
530,0.00043540640035644174,1.0,,,False,False,False,37.05770641705021
540,0.0015004649758338928,0.9994778067885117,,,False,False,False,37.61387308407575
550,0.00030429966864176095,1.0,,,False,False,False,38.10103179211728
560,0.0009213777957484126,0.9997389033942559,,,False,False,False,38.68890554201789
570,0.0007160617969930172,0.9997389033942559,,,False,False,False,39.4398898340296
580,0.000349031004589051,1.0,,,False,False,False,40.19701129198074
590,0.00020487222354859114,1.0,,,False,False,False,40.84395479201339
600,0.0006550238467752934,0.9994778067885117,45.20574188232422,0.001789909385837342,True,False,False,41.52867929195054
610,0.0007547931745648384,0.9994778067885117,,,False,False,False,42.08690429199487
620,0.00025450772955082357,1.0,,,False,False,False,42.638431041967124
630,0.0006861331639811397,0.9997389033942559,,,False,False,False,43.19838866707869
640,0.0003696818894241005,1.0,,,False,False,False,43.80227112513967
650,0.00036693346919491887,1.0,,,False,False,False,44.571011000080034
660,0.0006110281683504581,0.9997389033942559,,,False,False,False,45.34310287493281
670,0.0005801898660138249,0.9997389033942559,,,False,False,False,45.97568895900622
680,0.00037542355130426586,1.0,,,False,False,False,46.52211537514813
690,0.0001356203865725547,1.0,,,False,False,False,47.11474854196422
700,0.000657739001326263,0.9997389033942559,44.383094787597656,0.0015661707126076742,True,False,False,47.84349433402531
710,0.0001807643420761451,1.0,,,False,False,False,48.51898645912297
720,0.00010696818208089098,1.0,,,False,False,False,49.345735209062696
730,0.00021402222046162933,1.0,,,False,False,False,50.27328195911832
740,0.00015673450252506882,1.0,,,False,False,False,51.12470033415593
750,0.0008623932953923941,0.9997389033942559,,,False,False,False,51.97618745896034
760,0.0003092702536378056,1.0,,,False,False,False,52.742323708953336
770,0.00015846641326788813,1.0,,,False,False,False,53.50425854208879
780,7.57169837015681e-05,1.0,,,False,False,False,54.268727084156126
790,3.6295481550041586e-05,1.0,,,False,False,False,55.08360095904209
800,1.5792131307534873e-05,1.0,48.207908630371094,0.0034679494350598502,True,False,False,55.93409000011161
810,7.167850981204538e-06,1.0,,,False,False,False,56.56995475012809
820,2.9958707727928413e-06,1.0,,,False,False,False,57.162338209105656
830,1.3033613868174143e-06,1.0,,,False,False,False,57.74357904214412
840,6.136934871392441e-07,1.0,,,False,False,False,58.31557070906274
850,2.739944875429501e-07,1.0,,,False,False,False,58.92079362506047
860,0.034622594714164734,0.9932114882506528,,,False,False,False,59.52484808396548
870,0.0031878184527158737,1.0,,,False,False,False,60.132298042066395
880,0.00936517957597971,0.9984334203655353,,,False,False,False,60.728760374942794
890,0.0018116976134479046,1.0,,,False,False,False,61.32878266694024
900,0.0014134949306026101,1.0,51.56048583984375,0.0038035574449043516,True,False,False,61.98079745913856
910,0.0007748474599793553,1.0,,,False,False,False,62.912560125114396
920,0.001234259339980781,0.9997389033942559,,,False,False,False,63.806824000086635
930,0.0005491122137755156,1.0,,,False,False,False,64.64518645894714
940,0.00026054555200971663,1.0,,,False,False,False,65.23969895904884
950,0.00010357049177400768,1.0,,,False,False,False,66.09920049994253
960,5.428763324744068e-05,1.0,,,False,False,False,66.83830137504265
970,2.39826476899907e-05,1.0,,,False,False,False,67.79186841705814
980,1.1611889931373298e-05,1.0,,,False,False,False,68.6179200001061
990,5.3467256293515675e-06,1.0,,,False,False,False,69.41594670899212
1000,2.4648779799463227e-06,1.0,66.924072265625,0.004251034791363687,True,False,False,70.4463671669364
1010,1.2789276979674469e-06,1.0,,,False,False,False,71.39065533410758
1020,5.887621910005691e-07,1.0,,,False,False,False,72.02979345899075
1030,2.8124657092121197e-07,1.0,,,False,False,False,72.65227858396247
1040,1.3536320864204754e-07,1.0,,,False,False,False,73.2943129169289
1050,6.060064805524235e-08,1.0,,,False,False,False,74.0772274590563
1060,3.3459521375789336e-08,1.0,,,False,False,False,75.00250087515451
1070,1.5842696043932847e-08,1.0,,,False,False,False,75.82927587511949
1080,7.594533890653565e-09,1.0,,,False,False,False,76.53566337493248
1090,4.0151428848389514e-09,1.0,,,False,False,False,77.3074265839532
1100,0.012484008446335793,0.997911227154047,126.59781646728516,0.003579818771674684,True,False,False,78.20607275003567
1110,0.07853654772043228,0.9892950391644909,,,False,False,False,78.87735608406365
1120,0.019133547320961952,0.9939947780678852,,,False,False,False,79.8191386249382
1130,0.005604105070233345,0.9984334203655353,,,False,False,False,80.77954145893455
1140,0.003386704484000802,0.9994778067885117,,,False,False,False,81.44343558396213
1150,0.004610525909811258,0.9986945169712794,,,False,False,False,82.1028070000466
1160,0.0014373116428032517,1.0,,,False,False,False,82.8679342919495
1170,0.007617413531988859,0.9989556135770234,,,False,False,False,83.74769783415832
1180,0.000864458444993943,1.0,,,False,False,False,84.53911566711031
1190,0.0004723956808447838,1.0,,,False,False,False,85.461707000155
1200,0.00023201762815006077,1.0,62.36709213256836,0.004474773464593355,True,False,False,86.50623004208319
1210,0.0001534040638944134,1.0,,,False,False,False,87.32382916705683
1220,0.00022737604740541428,1.0,,,False,False,False,87.9074835840147
1230,0.0001073968960554339,1.0,,,False,False,False,88.5381534169428
1240,7.369229570031166e-05,1.0,,,False,False,False,89.48485504207201
1250,3.699103035614826e-05,1.0,,,False,False,False,90.31075904215686
1260,1.8361432012170553e-05,1.0,,,False,False,False,90.93216783413664
1270,9.913050234899856e-06,1.0,,,False,False,False,91.54744483414106
1280,5.194842287892243e-06,1.0,,,False,False,False,92.14445887506008
1290,2.571790901129134e-06,1.0,,,False,False,False,92.85482129198499
1300,1.2623072507267352e-06,1.0,68.73955535888672,0.006824029533504867,True,False,False,93.65049625001848
1310,6.015234816914017e-07,1.0,,,False,False,False,94.25624445895664
1320,3.007308748692594e-07,1.0,,,False,False,False,94.83965762495063
1330,1.4491860156340408e-07,1.0,,,False,False,False,95.5309352921322
1340,7.37043279741556e-08,1.0,,,False,False,False,96.18326616706327
1350,3.89997971694811e-08,1.0,,,False,False,False,96.84010866703466
1360,1.8083705199956057e-08,1.0,,,False,False,False,97.78208466712385
1370,8.030285769677903e-09,1.0,,,False,False,False,98.71340549993329
1380,4.73102090836619e-09,1.0,,,False,False,False,99.50527658406645
1390,2.6456368207306014e-09,1.0,,,False,False,False,100.35530020901933
1400,2.0542589851402226e-09,1.0,100.80829620361328,0.008166461572882873,True,False,False,101.14297504210845
1410,2.98801339226884e-09,1.0,,,False,False,False,102.12087466707453
1420,1.4535418202399342e-08,1.0,,,False,False,False,102.72520966711454
1430,3.622744407039136e-05,1.0,,,False,False,False,103.32572962506674
1440,0.0001534151961095631,1.0,,,False,False,False,103.93136137514375
1450,0.0009369883919134736,0.9997389033942559,,,False,False,False,104.53088333411142
1460,0.0012831850908696651,0.9997389033942559,,,False,False,False,105.12538562505506
1470,0.0006048798677511513,1.0,,,False,False,False,105.8909289590083
1480,0.00029351937700994313,1.0,,,False,False,False,106.53457766701467
1490,0.00016531012079212815,1.0,,,False,False,False,107.35409149993211
1500,9.34475174290128e-05,1.0,55.13772964477539,0.007942722899653205,True,False,False,108.25568120903336
1510,4.9235888582188636e-05,1.0,,,False,False,False,109.1833257090766
1520,2.7839940230478533e-05,1.0,,,False,False,False,109.93008562503383
1530,1.4941444533178583e-05,1.0,,,False,False,False,110.66106637497433
1540,7.699111847614404e-06,1.0,,,False,False,False,111.52736229193397
1550,4.18944182456471e-06,1.0,,,False,False,False,112.329870125046
1560,2.1388170807767892e-06,1.0,,,False,False,False,113.27941325004213
1570,1.0768341098810197e-06,1.0,,,False,False,False,114.16057441709563
1580,5.917191856497084e-07,1.0,,,False,False,False,114.9743300001137
1590,3.0097993430899805e-07,1.0,,,False,False,False,115.69322329200804
1600,1.4678614945751178e-07,1.0,65.3040771484375,0.008837677592571876,True,False,False,116.52241191710345
1610,7.812409563712208e-08,1.0,,,False,False,False,117.34338845894672
1620,4.1178559229138045e-08,1.0,,,False,False,False,118.14873820915818
1630,2.138297006126777e-08,1.0,,,False,False,False,118.93012295896187
1640,1.1391800391891138e-08,1.0,,,False,False,False,119.65365687501617
1650,7.68790897609506e-09,1.0,,,False,False,False,120.59841945907101
1660,4.357519234332585e-09,1.0,,,False,False,False,121.44719691714272
1670,4.201893499811149e-09,1.0,,,False,False,False,122.31824645912275
1680,6.691904363975709e-09,1.0,,,False,False,False,123.25126179214567
1690,2.1445146103360457e-08,1.0,,,False,False,False,124.18606970901601
1700,0.00014770962297916412,1.0,54.976524353027344,0.013648059067009733,True,False,False,125.08937654201873
1710,0.0004978238721378148,0.9994778067885117,,,False,False,False,125.73708691704087
1720,0.00011808297131210566,1.0,,,False,False,False,126.56060800002888
1730,6.552112608915195e-05,1.0,,,False,False,False,127.42060562502593
1740,3.2838193874340504e-05,1.0,,,False,False,False,128.34251808398403
1750,1.9545870600268245e-05,1.0,,,False,False,False,129.24141900008544
1760,1.049353613780113e-05,1.0,,,False,False,False,129.9855044169817
1770,5.262062131805578e-06,1.0,,,False,False,False,130.59582783398218
1780,2.983485046570422e-06,1.0,,,False,False,False,131.2106109589804
1790,1.5892454712229664e-06,1.0,,,False,False,False,131.81444587511942
1800,8.63130026118597e-07,1.0,48.674747467041016,0.009397024275646046,True,False,False,132.48321520909667
1810,4.2902854602289153e-07,1.0,,,False,False,False,133.08188341697678
1820,2.1772031288946891e-07,1.0,,,False,False,False,133.9668198749423
1830,1.1049424131215346e-07,1.0,,,False,False,False,134.80065508396365
1840,5.916889023183103e-08,1.0,,,False,False,False,135.4823582500685
1850,2.9724507299988545e-08,1.0,,,False,False,False,136.19457083404996
1860,1.515794245676716e-08,1.0,,,False,False,False,136.803426458966
1870,7.438908156132129e-09,1.0,,,False,False,False,137.4193416670896
1880,7.065406482098524e-09,1.0,,,False,False,False,138.04793545906432
1890,6.8786558671263265e-09,1.0,,,False,False,False,138.95977570908144
1900,1.1236174657369702e-08,1.0,47.88552474975586,0.014990491106387739,True,False,False,139.66166733414866
1910,9.742167961235282e-09,1.0,,,False,False,False,140.40479512512684
1920,1.1111674247388237e-08,1.0,,,False,False,False,141.30077529209666
1930,2.2192219617522824e-08,1.0,,,False,False,False,142.21499404194765
1940,1.5967195565735892e-08,1.0,,,False,False,False,142.81933087506332
1950,2.287697675740219e-08,1.0,,,False,False,False,143.5145431670826
1960,1.9328711076127547e-08,1.0,,,False,False,False,144.18442745902576
1970,1.8021454550876115e-08,1.0,,,False,False,False,145.0015153749846
1980,1.9266460427047605e-08,1.0,,,False,False,False,145.8701633750461
1990,1.892408363346476e-08,1.0,,,False,False,False,146.60076445899904
2000,1.867508281350183e-08,1.0,20.25655174255371,0.02572994742141179,True,False,False,147.40949866711162
2010,1.9826712716053407e-08,1.0,,,False,False,False,148.40245325001888
2020,1.9017459607084675e-08,1.0,,,False,False,False,149.37807504204102
2030,2.116509456584481e-08,1.0,,,False,False,False,150.3485099170357
2040,1.992008868967332e-08,1.0,,,False,False,False,151.28340383409522
2050,1.8270455370839045e-08,1.0,,,False,False,False,152.25574387493543
2060,1.6278447034778765e-08,1.0,,,False,False,False,152.97747049992904
2070,1.441093910869995e-08,1.0,,,False,False,False,153.94971975008957
2080,1.6247321710238793e-08,1.0,,,False,False,False,154.8219940001145
2090,1.1391800391891138e-08,1.0,,,False,False,False,155.5995996671263
2100,1.9266460427047605e-08,1.0,31.207073211669922,0.026513032777715627,True,False,False,156.5222896670457
2110,0.0012483932077884674,0.9992167101827676,,,False,False,False,157.26008916692808
2120,2.7480628490448,0.7986945169712794,,,False,False,False,158.0976912919432
2130,0.09986867010593414,0.9723237597911227,,,False,False,False,158.8365309170913
2140,0.011942500248551369,0.9994778067885117,,,False,False,False,159.58903687493876
2150,0.006036411039531231,1.0,,,False,False,False,160.38002212508582
2160,0.0028517418541014194,1.0,,,False,False,False,161.11777187511325
2170,0.001471907366067171,1.0,,,False,False,False,161.95835462515242
2180,0.0008418727084062994,1.0,,,False,False,False,162.72460829210468
2190,0.0004761426243931055,1.0,,,False,False,False,163.55608512507752
2200,0.0002400117227807641,1.0,26.752336502075195,0.0472088600514599,True,False,False,164.3598932500463
2210,0.00012056218110956252,1.0,,,False,False,False,165.1245822091587
2220,6.340990512399003e-05,1.0,,,False,False,False,166.1075961671304
2230,3.496337740216404e-05,1.0,,,False,False,False,167.06622933410108
2240,1.8183784050052054e-05,1.0,,,False,False,False,167.7873406249564
2250,9.222236258210614e-06,1.0,,,False,False,False,168.62014295905828
2260,4.629182512871921e-06,1.0,,,False,False,False,169.42203395906836
2270,2.314294533789507e-06,1.0,,,False,False,False,170.14902720903046
2280,1.232768681802554e-06,1.0,,,False,False,False,170.91693304199725
2290,6.246492603168008e-07,1.0,,,False,False,False,171.73606220912188
2300,3.312956664558442e-07,1.0,34.51771545410156,0.07752545027407988,True,False,False,172.62695808405988
2310,1.6281555303976347e-07,1.0,,,False,False,False,173.56925270915963
2320,8.126773565209078e-08,1.0,,,False,False,False,174.53934825002216
2330,4.307718981522157e-08,1.0,,,False,False,False,175.2600787091069
2340,2.1818721052113688e-08,1.0,,,False,False,False,176.09165016701445
2350,9.804418610315224e-09,1.0,,,False,False,False,177.08666316699237
2360,5.291273641461203e-09,1.0,,,False,False,False,177.9667989590671
2370,1.9297585751587576e-09,1.0,,,False,False,False,178.69234483409673
2380,9.648792875793788e-10,1.0,,,False,False,False,179.41425075009465
2390,9.960045010970475e-10,1.0,,,False,False,False,180.15133991697803
2400,7.158781900606925e-10,1.0,41.49173355102539,0.10023492560689115,True,False,False,180.9821729999967
2410,1.6185072171381876e-09,1.0,,,False,False,False,181.72913983394392
2420,2.4277606591738277e-09,1.0,,,False,False,False,182.54812199994922
2430,7.563408566113594e-09,1.0,,,False,False,False,183.37898575002328
2440,1.76479524327533e-08,1.0,,,False,False,False,184.32260629208758
2450,2.586499014967103e-08,1.0,,,False,False,False,185.1620956249535
2460,4.871084158253325e-08,1.0,,,False,False,False,186.0002863749396
2470,4.052493096651233e-08,1.0,,,False,False,False,186.83177091693506
2480,4.5878454812964264e-08,1.0,,,False,False,False,187.63277745898813
2490,3.731904030246369e-08,1.0,,,False,False,False,188.40508266701363
2500,3.0502636860774146e-08,1.0,6.758917331695557,0.3170376999664392,True,False,False,189.4340826671105
2510,2.9973509896308315e-08,1.0,,,False,False,False,190.38360100006685
2520,2.2939227406482132e-08,1.0,,,False,False,False,191.11886812513694
2530,2.0293590807796136e-08,1.0,,,False,False,False,191.8506949171424
2540,1.889295830892479e-08,1.0,,,False,False,False,192.73466175002977
2550,1.9484335922470564e-08,1.0,,,False,False,False,193.66542637511156
2560,1.6527447854741695e-08,1.0,,,False,False,False,194.51474500005133
2570,1.4255313374178513e-08,1.0,,,False,False,False,195.37187575013377
2580,1.3228183881608402e-08,1.0,,,False,False,False,196.0957137499936
2590,1.4286438698718484e-08,1.0,,,False,False,False,196.81409241701476
2600,1.1267299981909673e-08,1.0,5.829984188079834,0.37688779505537534,True,False,False,197.77600724995136
2610,1.1267299981909673e-08,1.0,,,False,False,False,198.52594820898958
2620,1.120504933282973e-08,1.0,,,False,False,False,199.27484120894223
2630,1.1734177185473982e-08,1.0,,,False,False,False,200.0329428340774
2640,1.1049424486486714e-08,1.0,,,False,False,False,200.8103241249919
2650,1.0240170489339562e-08,1.0,,,False,False,False,201.6449014591053
2660,9.835543934855195e-09,1.0,,,False,False,False,202.47092745895498
2670,1.0333545574781056e-08,1.0,,,False,False,False,203.37355604209006
2680,1.0489171309302492e-08,1.0,,,False,False,False,204.31110687507316
2690,1.0364670899321027e-08,1.0,,,False,False,False,205.12398654199205
2700,1.0738173017443842e-08,1.0,9.432540893554688,0.35887683186038705,True,False,False,206.23264920897782
2710,9.524292465812323e-09,1.0,,,False,False,False,207.17571512493305
2720,1.0520296633842463e-08,1.0,,,False,False,False,208.1174931670539
2730,1.0800422778345364e-08,1.0,,,False,False,False,208.97643391694874
2740,1.020904516479959e-08,1.0,,,False,False,False,209.8088556251023
2750,7.781284949714973e-09,1.0,,,False,False,False,210.75105766695924
2760,9.92891902029669e-09,1.0,,,False,False,False,211.74646333395503
2770,7.656784539733508e-09,1.0,,,False,False,False,212.59531170898117
2780,1.6278447034778765e-08,1.0,,,False,False,False,213.49608854204416
2790,7.158782011629228e-09,1.0,,,False,False,False,214.34287645900622
2800,7.563408566113594e-09,1.0,13.836169242858887,0.34399821009061415,True,False,False,215.25590258394368
2810,6.505153749003512e-09,1.0,,,False,False,False,216.14910120912828
2820,9.773293285775253e-09,1.0,,,False,False,False,217.03531320905313
2830,8.310411914180804e-09,1.0,,,False,False,False,217.88898937497288
2840,1.0333545574781056e-08,1.0,,,False,False,False,218.74013166711666
2850,6.660779483524948e-09,1.0,,,False,False,False,219.58744379202835
2860,6.785280337595623e-09,1.0,,,False,False,False,220.43849375005811
2870,9.43091649219241e-09,1.0,,,False,False,False,221.3980417919811
2880,1.092492318832683e-08,1.0,,,False,False,False,222.33698037499562
2890,3.255689406955753e-08,1.0,,,False,False,False,223.14214408397675
2900,1.9493604952458554e-07,1.0,13.023898124694824,0.3425439087146213,True,False,False,224.01642437512055
2910,6.586074619008286e-08,1.0,,,False,False,False,225.0313483751379
2920,2.499347218076764e-08,1.0,,,False,False,False,225.86345620895736
2930,1.020904516479959e-08,1.0,,,False,False,False,226.69976441701874
2940,6.442903544012779e-09,1.0,,,False,False,False,227.54963683406822
2950,6.193902724049849e-09,1.0,,,False,False,False,228.34000845905393
2960,1.042692154840097e-08,1.0,,,False,False,False,229.17162904213183
2970,1.4722190577742822e-08,1.0,,,False,False,False,229.94837150000967
2980,1.490894163680423e-08,1.0,,,False,False,False,230.91295858402736
2990,1.4535439518681414e-08,1.0,,,False,False,False,231.76296291709878
3000,1.4317564023258456e-08,1.0,8.069211959838867,0.4606779281798859,True,False,False,232.7181465420872
3010,1.4473189757779892e-08,1.0,,,False,False,False,233.66933133406565
3020,1.2387805448099698e-08,1.0,,,False,False,False,234.43441849993542
3030,1.2387805448099698e-08,1.0,,,False,False,False,235.29293033410795
3040,1.291693241256553e-08,1.0,,,False,False,False,236.1650119170081
3050,1.2294429474479784e-08,1.0,,,False,False,False,237.08815595903434
3060,1.0302420250241084e-08,1.0,,,False,False,False,238.05800054199062
3070,1.2232179713578262e-08,1.0,,,False,False,False,239.04991858405992
3080,1.0738173017443842e-08,1.0,,,False,False,False,239.82165570906363
3090,8.248161265100862e-09,1.0,,,False,False,False,240.70798270893283
3100,1.245005520900122e-08,1.0,10.363697052001953,0.48562479024499383,True,False,False,241.67789375013672
3110,1.017791984025962e-08,1.0,,,False,False,False,242.65331833413802
3120,1.0489171309302492e-08,1.0,,,False,False,False,243.44993158406578
3130,1.195205356907536e-08,1.0,,,False,False,False,244.27829395909794
3140,1.3010307498007023e-08,1.0,,,False,False,False,245.12708841706626
3150,1.1391800391891138e-08,1.0,,,False,False,False,245.99297641706653
3160,1.192092824453539e-08,1.0,,,False,False,False,246.80618408415467
3170,1.195205356907536e-08,1.0,,,False,False,False,247.65509070898406
3180,1.0395796223860998e-08,1.0,,,False,False,False,248.57008112501353
3190,1.2014303329976883e-08,1.0,,,False,False,False,249.48145712492988
3200,1.1516300801872603e-08,1.0,12.37855339050293,0.5002796733415371,True,False,False,250.40401620906778
3210,1.0800422778345364e-08,1.0,,,False,False,False,251.30301279202104
3220,1.2387805448099698e-08,1.0,,,False,False,False,252.18474641698413
3230,1.06759223683639e-08,1.0,,,False,False,False,252.93488454213366
3240,1.26679315926026e-08,1.0,,,False,False,False,253.75318395905197
3250,1.1236174657369702e-08,1.0,,,False,False,False,254.58755816705525
3260,1.06759223683639e-08,1.0,,,False,False,False,255.45649566710927
3270,1.1827552270915476e-08,1.0,,,False,False,False,256.47186916694045
3280,1.120504933282973e-08,1.0,,,False,False,False,257.5033284591045
3290,1.1360675067351167e-08,1.0,,,False,False,False,258.5155967499595
3300,1.2107678415418377e-08,1.0,13.00800609588623,0.5147108177648506,True,False,False,259.5293125419412
3310,1.1298425306449644e-08,1.0,,,False,False,False,260.25073816697113
3320,1.3726186409712682e-08,1.0,,,False,False,False,260.9690522090532
3330,1.2823557327124036e-08,1.0,,,False,False,False,261.70862891711295
3340,1.1609676775492517e-08,1.0,,,False,False,False,262.449365708977
3350,1.2512305858081163e-08,1.0,,,False,False,False,263.1974958749488
3360,1.4037437878755554e-08,1.0,,,False,False,False,263.9878829170484
3370,1.269905691714257e-08,1.0,,,False,False,False,264.75741404201835
3380,1.3726186409712682e-08,1.0,,,False,False,False,265.55464916699566
3390,1.269905691714257e-08,1.0,,,False,False,False,266.34026583400555
3400,1.3010307498007023e-08,1.0,12.933332443237305,0.532609911623224,True,False,False,267.47993899998255
3410,1.4535439518681414e-08,1.0,,,False,False,False,268.40654558409005
3420,1.2979183061645472e-08,1.0,,,False,False,False,269.40922033414245
3430,1.3539435350651274e-08,1.0,,,False,False,False,270.25730879209004
3440,1.4628815492301328e-08,1.0,,,False,False,False,271.26416800008155
3450,1.3508310026111303e-08,1.0,,,False,False,False,272.26585066714324
3460,1.3508310026111303e-08,1.0,,,False,False,False,273.1078164591454
3470,1.2107678415418377e-08,1.0,,,False,False,False,273.975379667012
3480,1.2387805448099698e-08,1.0,,,False,False,False,274.86797625012696
3490,1.1796427834553924e-08,1.0,,,False,False,False,275.86678787507117
3500,1.269905691714257e-08,1.0,12.324962615966797,0.5569974270052579,True,False,False,277.01682720915414
3510,1.2045428654516854e-08,1.0,,,False,False,False,278.03079050011
3520,1.5251318430387073e-08,1.0,,,False,False,False,279.0266082920134
3530,1.4286438698718484e-08,1.0,,,False,False,False,280.03300483408384
3540,1.3010307498007023e-08,1.0,,,False,False,False,281.03977483394556
3550,1.5624820548509888e-08,1.0,,,False,False,False,282.0481463340111
3560,1.5095691807687217e-08,1.0,,,False,False,False,282.9154924589675
3570,1.4784441226822764e-08,1.0,,,False,False,False,283.8935186250601
3580,1.640294655658181e-08,1.0,,,False,False,False,284.7604608340189
3590,1.6029446214815835e-08,1.0,,,False,False,False,285.52621375001036
3600,1.4566564843221386e-08,1.0,11.29094123840332,0.5911175746727821,True,False,False,286.41328095900826
3610,1.5562569899429946e-08,1.0,,,False,False,False,287.2383146251086
3620,1.7523452910950255e-08,1.0,,,False,False,False,288.18934562499635
3630,1.5251318430387073e-08,1.0,,,False,False,False,289.11915475013666
3640,1.6963200621944452e-08,1.0,,,False,False,False,289.8782079590019
3650,1.444206443323992e-08,1.0,,,False,False,False,290.6868554591201
3660,1.5749320070312933e-08,1.0,,,False,False,False,291.515104125021
3670,1.686982464832454e-08,1.0,,,False,False,False,292.381132917013
3680,1.7305575639170456e-08,1.0,,,False,False,False,293.11563766701147
3690,1.690094997286451e-08,1.0,,,False,False,False,294.02214400004596
3700,1.739895161279037e-08,1.0,9.815905570983887,0.6273632397359884,True,False,False,295.12753966706805
3710,1.686982464832454e-08,1.0,,,False,False,False,295.99120641709305
3720,1.7492327586410283e-08,1.0,,,False,False,False,296.8604503341485
3730,1.6309572359318736e-08,1.0,,,False,False,False,297.7579132921528
3740,1.7305575639170456e-08,1.0,,,False,False,False,298.5628881249577
3750,1.593607201755276e-08,1.0,,,False,False,False,299.4510584999807
3760,1.8208204721759103e-08,1.0,,,False,False,False,300.5081682091113
3770,1.7865829704533098e-08,1.0,,,False,False,False,301.56361758406274
3780,1.9204209777967662e-08,1.0,,,False,False,False,302.62526279198937
3790,1.889295830892479e-08,1.0,,,False,False,False,303.64269691705704
3800,2.013796418509628e-08,1.0,8.140559196472168,0.6674124622440989,True,False,False,304.73309041699395
3810,1.864395748896186e-08,1.0,,,False,False,False,305.70366875012405
3820,1.9764462066973465e-08,1.0,,,False,False,False,306.5156836670358
3830,1.9079710256164617e-08,1.0,,,False,False,False,307.2765623750165
3840,2.1071718592224897e-08,1.0,,,False,False,False,307.99430370912887
3850,1.917308445342769e-08,1.0,,,False,False,False,308.7240131669678
3860,1.9328711076127547e-08,1.0,,,False,False,False,309.526189917
3870,1.939096172520749e-08,1.0,,,False,False,False,310.28800237504765
3880,2.0480340978679124e-08,1.0,,,False,False,False,311.04957287502475
3890,2.13518447367278e-08,1.0,,,False,False,False,311.8056427920237
3900,1.9951214014213292e-08,1.0,6.679629325866699,0.7105940261774247,True,False,False,312.6062885001302
3910,2.13518447367278e-08,1.0,,,False,False,False,313.32745854207315
3920,2.1507469583070815e-08,1.0,,,False,False,False,314.03859949996695
3930,2.0542591627759066e-08,1.0,,,False,False,False,314.7558576250449
3940,2.1320719412187827e-08,1.0,,,False,False,False,315.4402862500865
3950,2.2441223990199433e-08,1.0,,,False,False,False,316.2438868340105
3960,2.1040593267684926e-08,1.0,,,False,False,False,317.0658160841558
3970,2.2441223990199433e-08,1.0,,,False,False,False,317.8881092921365
3980,2.1787597503930556e-08,1.0,,,False,False,False,318.6953857501503
3990,2.5771614176051116e-08,1.0,,,False,False,False,319.4653651250992
4000,2.4059731984493737e-08,1.0,5.221228122711182,0.754894283476899,True,False,False,320.3084558339324
4010,2.3748480515450865e-08,1.0,,,False,False,False,321.095131542068
4020,2.390410713815072e-08,1.0,,,False,False,False,321.8016603749711
4030,2.3281604200064976e-08,1.0,,,False,False,False,322.3938790841494
4040,2.4464359427156523e-08,1.0,,,False,False,False,322.9837842499837
4050,2.461998427349954e-08,1.0,,,False,False,False,323.5735585000366
4060,2.387298181361075e-08,1.0,,,False,False,False,324.16837166715413
4070,2.290810208194216e-08,1.0,,,False,False,False,324.74652149993926
4080,2.5055737040702297e-08,1.0,,,False,False,False,325.39454291714355
4090,2.440210877807658e-08,1.0,,,False,False,False,326.1568730841391
4100,2.340610372186802e-08,1.0,4.270618438720703,0.7885669537979639,True,False,False,326.98294849996455
4110,2.461998427349954e-08,1.0,,,False,False,False,327.78113370900974
4120,2.384185648907078e-08,1.0,,,False,False,False,328.57225866708905
4130,2.5678239978788042e-08,1.0,,,False,False,False,329.32557408395223
4140,2.5180236562505343e-08,1.0,,,False,False,False,330.1027566669509
4150,2.5429237382468273e-08,1.0,,,False,False,False,330.9353113339748
4160,2.6425242438676833e-08,1.0,,,False,False,False,331.89935204200447
4170,2.5055737040702297e-08,1.0,,,False,False,False,332.84460962493904
4180,2.8043750432971137e-08,1.0,,,False,False,False,333.7013072089758
4190,2.7421247494885392e-08,1.0,,,False,False,False,334.51805291697383
4200,2.536698850974517e-08,1.0,3.5624170303344727,0.8144087705559906,True,False,False,335.39019795903005
4210,2.6518618412296746e-08,1.0,,,False,False,False,336.22630212502554
4220,2.6549743736836717e-08,1.0,,,False,False,False,337.152936541941
4230,2.6176241618713902e-08,1.0,,,False,False,False,337.98672199994326
4240,2.8168249954774183e-08,1.0,,,False,False,False,338.7995632090606
4250,2.8168249954774183e-08,1.0,,,False,False,False,339.5411316670943
4260,2.8448376099277084e-08,1.0,,,False,False,False,340.26901620905846
4270,2.88218782173999e-08,1.0,,,False,False,False,340.9833971669432
4280,2.763912299030835e-08,1.0,,,False,False,False,341.66058299993165
4290,2.8448376099277084e-08,1.0,,,False,False,False,342.353839749936
4300,2.860400272197694e-08,1.0,3.0091047286987305,0.8330909497706679,True,False,False,343.14148237509653
4310,2.935100518186573e-08,1.0,,,False,False,False,343.83344533410855
4320,2.9444381155485644e-08,1.0,,,False,False,False,344.5307130420115
4330,3.1436389491545924e-08,1.0,,,False,False,False,345.2461936250329
4340,2.93821305064057e-08,1.0,,,False,False,False,345.96870779199526
4350,3.1716517412405665e-08,1.0,,,False,False,False,346.6536829590332
4360,3.1467514816085895e-08,1.0,,,False,False,False,347.3353165839799
4370,3.2463518095937616e-08,1.0,,,False,False,False,348.0150271251332
4380,3.23701421223177e-08,1.0,,,False,False,False,348.724748125067
4390,3.180989338602558e-08,1.0,,,False,False,False,349.45821300009266
4400,3.23701421223177e-08,1.0,2.5416300296783447,0.8465152701644479,True,False,False,350.43798616714776
4410,3.4642276602880884e-08,1.0,,,False,False,False,351.1815782501362
4420,3.423765093657494e-08,1.0,,,False,False,False,351.99069737503305
4430,3.349064670032931e-08,1.0,,,False,False,False,352.9633145839907
4440,3.6945539960697715e-08,1.0,,,False,False,False,353.9490361250937
4450,3.682103866253783e-08,1.0,,,False,False,False,354.95531012513675
4460,3.8190542284155526e-08,1.0,,,False,False,False,355.81716724997386
4470,3.7630289995149724e-08,1.0,,,False,False,False,356.59934291709214
4480,4.03381790192725e-08,1.0,,,False,False,False,357.3710669169668
4490,4.345069370970123e-08,1.0,,,False,False,False,358.09387274994515
4500,4.2952692069775367e-08,1.0,2.1261467933654785,0.854569862400716,True,False,False,358.82367229205556
4510,4.478907555949263e-08,1.0,,,False,False,False,359.6038348339498
4520,4.646983242651004e-08,1.0,,,False,False,False,360.3900474589318
4530,4.796383734628762e-08,1.0,,,False,False,False,361.1489399999846
4540,4.892871885431305e-08,1.0,,,False,False,False,361.82236899994314
4550,5.39398641308253e-08,1.0,,,False,False,False,362.5014338339679
4560,5.6056375541402303e-08,1.0,,,False,False,False,363.1609762920998
4570,5.867088503919149e-08,1.0,,,False,False,False,363.8260233751498
4580,6.492703619187523e-08,1.0,,,False,False,False,364.4842728751246
4590,6.959580645116148e-08,1.0,,,False,False,False,365.1362405840773
4600,7.625659037557853e-08,1.0,1.6171143054962158,0.8543461237274863,True,False,False,365.8703452090267
4610,8.363324610627387e-08,1.0,,,False,False,False,366.55516712507233
4620,9.334429051932602e-08,1.0,,,False,False,False,367.3298789591063
4630,1.0607447364918698e-07,1.0,,,False,False,False,368.0071824591141
4640,1.1581663983406543e-07,1.0,,,False,False,False,368.98438891698606
4650,1.2779980806953972e-07,1.0,,,False,False,False,369.9625351249706
4660,1.3486521766026272e-07,1.0,,,False,False,False,370.95476795895956
4670,1.4491864419596823e-07,1.0,,,False,False,False,372.05592845915817
4680,1.5335355385559524e-07,1.0,,,False,False,False,373.03848999994807
4690,1.6259771484783414e-07,1.0,,,False,False,False,373.83494304213673
4700,1.7364715176881873e-07,1.0,1.0648013353347778,0.8533392996979527,True,False,False,374.6539590000175
4710,1.823310640247655e-07,1.0,,,False,False,False,375.3401569169946
4720,1.893964736154885e-07,1.0,,,False,False,False,375.92750450014137
4730,1.9574599718907848e-07,1.0,,,False,False,False,376.57412262493744
4740,2.02593525955308e-07,1.0,,,False,False,False,377.2062951249536
4750,2.0757354945999396e-07,1.0,,,False,False,False,377.7174534171354
4760,2.1523032955883536e-07,1.0,,,False,False,False,378.2384838750586
4770,2.1930772220457584e-07,1.0,,,False,False,False,378.86394091695547
4780,2.2612412919897906e-07,1.0,,,False,False,False,379.51321662496775
4790,2.337809235086752e-07,1.0,,,False,False,False,380.1677471669391
4800,2.4013044708226516e-07,1.0,0.7043543457984924,0.8698959615169483,True,False,False,380.78926962497644
4810,2.4859647851371847e-07,1.0,,,False,False,False,381.4139245839324
4820,2.553194917709334e-07,1.0,,,False,False,False,382.017831500154
4830,2.662444273937581e-07,1.0,,,False,False,False,382.5890447089914
4840,2.748660961060523e-07,1.0,,,False,False,False,383.2102620420046
4850,2.8501287374638196e-07,1.0,,,False,False,False,383.878605667036
4860,2.9450606575665006e-07,1.0,,,False,False,False,384.52858108398505
4870,3.0636473979939183e-07,1.0,,,False,False,False,385.1040992499329
4880,3.174764060531743e-07,1.0,,,False,False,False,385.66788225015625
4890,3.268139607826015e-07,1.0,,,False,False,False,386.34447954199277
4900,3.39295127105288e-07,1.0,0.515541672706604,0.8894730954245441,True,False,False,387.2002062499523
4910,3.547643245838117e-07,1.0,,,False,False,False,387.81224400014617
4920,3.6920638990523e-07,1.0,,,False,False,False,388.4267657089513
4930,3.857338413126854e-07,1.0,,,False,False,False,389.13751475000754
4940,4.0549829805058835e-07,1.0,,,False,False,False,389.7732025841251
4950,4.275971434708481e-07,1.0,,,False,False,False,390.5545184169896
4960,4.526528982751188e-07,1.0,,,False,False,False,391.2574503340293
4970,4.823151584787411e-07,1.0,,,False,False,False,391.8733620001003
4980,5.18669310167752e-07,1.0,,,False,False,False,392.4428507089615
4990,5.603147315014212e-07,1.0,,,False,False,False,393.09646520903334
5000,6.152194487185625e-07,1.0,0.41689589619636536,0.8975276876608121,True,False,False,393.89399787504226
5010,6.796174147893908e-07,1.0,,,False,False,False,394.5025560420472
5020,7.707207032581209e-07,1.0,,,False,False,False,395.1830638749525
5030,8.868796044225746e-07,1.0,,,False,False,False,395.7778636671137
5040,1.0364976787968772e-06,1.0,,,False,False,False,396.3800870841369
5050,1.2262676136742812e-06,1.0,,,False,False,False,397.01209754194133
5060,1.4625691164837917e-06,1.0,,,False,False,False,397.6755840841215
5070,1.7564832432981348e-06,1.0,,,False,False,False,398.2094054999761
5080,2.1109665340190986e-06,1.0,,,False,False,False,398.7305023339577
5090,2.4856190066202544e-06,1.0,,,False,False,False,399.4954777089879
5100,2.8634779027925106e-06,1.0,0.41554340720176697,0.8986463810269605,True,False,False,400.2306771669537
5110,3.2204809485847363e-06,1.0,,,False,False,False,400.9609217089601
5120,3.5501573165674927e-06,1.0,,,False,False,False,401.64461262500845
5130,3.8411144487326965e-06,1.0,,,False,False,False,402.25614341697656
5140,4.089522462891182e-06,1.0,,,False,False,False,402.99745250004344
5150,4.299055945011787e-06,1.0,,,False,False,False,403.63614229205996
5160,4.468656698008999e-06,1.0,,,False,False,False,404.4290427919477
5170,4.6069753807387315e-06,1.0,,,False,False,False,405.2335159999784
5180,4.715850536740618e-06,1.0,,,False,False,False,405.86218966706656
5190,4.802439889317611e-06,1.0,,,False,False,False,406.57066637510434
5200,4.871475084655685e-06,1.0,0.3237992227077484,0.9244881977849871,True,False,False,407.4441720000468
5210,4.936091045237845e-06,1.0,,,False,False,False,408.08029829198495
5220,4.999243174097501e-06,1.0,,,False,False,False,408.8316188750323
5230,5.066411176812835e-06,1.0,,,False,False,False,409.6134964590892
5240,5.1314318625372835e-06,1.0,,,False,False,False,410.2915911669843
5250,5.19878585691913e-06,1.0,,,False,False,False,410.9586871250067
5260,5.284068265609676e-06,1.0,,,False,False,False,411.5919072921388
5270,5.374517513700994e-06,1.0,,,False,False,False,412.21681358409114
5280,5.458648502099095e-06,1.0,,,False,False,False,412.8110103751533
5290,5.529737791221123e-06,1.0,,,False,False,False,413.49035562505014
5300,5.576768216997152e-06,1.0,0.22378437221050262,0.9526792706119253,True,False,False,414.28870291705243
5310,5.609946583717829e-06,1.0,,,False,False,False,414.8650027089752
5320,5.636869900627062e-06,1.0,,,False,False,False,415.46285449992865
5330,5.665349362971028e-06,1.0,,,False,False,False,416.04025558405556
5340,5.685860287485411e-06,1.0,,,False,False,False,416.63926662504673
5350,5.704129762307275e-06,1.0,,,False,False,False,417.4294097919483
5360,5.72000408283202e-06,1.0,,,False,False,False,418.2550498750061
5370,5.732360023102956e-06,1.0,,,False,False,False,418.8843169170432
5380,5.742320809076773e-06,1.0,,,False,False,False,419.50834562513046
5390,5.752342531195609e-06,1.0,,,False,False,False,420.12250479194336
5400,5.768963092123158e-06,1.0,0.14737558364868164,0.974381921915203,True,False,False,420.96333158412017
5410,5.7900660976883955e-06,1.0,,,False,False,False,421.79454979207367
5420,5.804477041237988e-06,1.0,,,False,False,False,422.6026695840992
5430,5.814498308609473e-06,1.0,,,False,False,False,423.2268260840792
5440,5.825236257805955e-06,1.0,,,False,False,False,423.8043592921458
5450,5.841297024744563e-06,1.0,,,False,False,False,424.62550724996254
5460,5.8647342484619e-06,1.0,,,False,False,False,425.2667872919701
5470,5.888918622076744e-06,1.0,,,False,False,False,425.8308685841039
5480,5.8998120948672295e-06,1.0,,,False,False,False,426.5479195001535
5490,5.900185897189658e-06,1.0,,,False,False,False,427.2626843340695
5500,5.890287866350263e-06,1.0,0.09553200751543045,0.9859044635865309,True,False,False,427.9715833750088
5510,5.876996965525905e-06,1.0,,,False,False,False,428.5061487921048
5520,5.864143076905748e-06,1.0,,,False,False,False,429.09854325000197
5530,5.849420631420799e-06,1.0,,,False,False,False,429.8455705840606
5540,5.8388068282511085e-06,1.0,,,False,False,False,430.3408742919564
5550,5.828846951771993e-06,1.0,,,False,False,False,430.85740579199046
5560,5.823493211210007e-06,1.0,,,False,False,False,431.3668469169643
5570,5.815681106469128e-06,1.0,,,False,False,False,431.881642667111
5580,5.813657935505034e-06,1.0,,,False,False,False,432.3995291669853
5590,5.815120857732836e-06,1.0,,,False,False,False,432.99709645914845
5600,5.825329935760237e-06,1.0,0.06236938014626503,0.9922810157735764,True,False,False,433.6695946250111
5610,5.838371180288959e-06,1.0,,,False,False,False,434.48797975014895
5620,5.8439736676518805e-06,1.0,,,False,False,False,435.2307342919521
5630,5.839398454554612e-06,1.0,,,False,False,False,435.73847383400425
5640,5.834822786709992e-06,1.0,,,False,False,False,436.4455500000622
5650,5.833048817294184e-06,1.0,,,False,False,False,437.2757199171465
5660,5.833080194861395e-06,1.0,,,False,False,False,438.1061074589379
5670,5.840518497279845e-06,1.0,,,False,False,False,438.7039687091019
5680,5.841109668835998e-06,1.0,,,False,False,False,439.2574940000195
5690,5.836752734467154e-06,1.0,,,False,False,False,439.9207013749983
5700,5.828379926242633e-06,1.0,0.040826909244060516,0.9976507439310884,True,False,False,440.80842908401974
5710,5.822404091304634e-06,1.0,,,False,False,False,441.635341709014
5720,5.810981292597717e-06,1.0,,,False,False,False,442.449935000157
5730,5.800709914183244e-06,1.0,,,False,False,False,443.2588485421147
5740,5.796663572255056e-06,1.0,,,False,False,False,444.0169447090011
5750,5.7915281104214955e-06,1.0,,,False,False,False,444.77224795892835
5760,5.788073394796811e-06,1.0,,,False,False,False,445.57458154205233
5770,5.791092007711995e-06,1.0,,,False,False,False,446.17655183398165
5780,5.805472028441727e-06,1.0,,,False,False,False,446.71362766693346
5790,5.813938514620531e-06,1.0,,,False,False,False,447.37554183392785
5800,5.8162727327726316e-06,1.0,0.02781410701572895,0.9985456986240071,True,True,False,448.00182308396325
5810,5.815245458506979e-06,1.0,,,False,True,False,448.5193998750765
5820,5.813844836666249e-06,1.0,,,False,True,False,449.1869538340252
5830,5.814342785015469e-06,1.0,,,False,True,False,450.0013487089891
5840,5.823057563247858e-06,1.0,,,False,True,False,450.8094498340506
5850,5.82732172915712e-06,1.0,,,False,True,False,451.59931537508965
5860,5.829811925650574e-06,1.0,,,False,True,False,452.3999850000255
5870,5.823772880830802e-06,1.0,,,False,True,False,453.0889652920887
5880,5.8138134590990376e-06,1.0,,,False,True,False,453.7166590420529
5890,5.804413831356214e-06,1.0,,,False,True,False,454.3110767090693
5900,5.793333002657164e-06,1.0,0.01951475627720356,0.9991050453070813,True,True,False,455.02449995907955
5910,5.785583653050708e-06,1.0,,,False,True,False,455.7480136670638
5920,5.779918865300715e-06,1.0,,,False,True,False,456.38976116711274
5930,5.772573331341846e-06,1.0,,,False,True,False,456.98058395902626
5940,5.7640759223431814e-06,1.0,,,False,True,False,457.6554170839954
5950,5.7559209380997345e-06,1.0,,,False,True,False,458.2566999171395
5960,5.750879154220456e-06,1.0,,,False,True,False,458.8581993749831
5970,5.747143859480275e-06,1.0,,,False,True,False,459.4773766670842
5980,5.745152066083392e-06,1.0,,,False,True,False,460.2378241249826
5990,5.743409019487444e-06,1.0,,,False,True,False,460.93968104198575
6000,5.747019258706132e-06,1.0,0.014214424416422844,0.9998881306633851,True,True,False,461.65616495907307
6010,5.7548636505089235e-06,1.0,,,False,True,False,462.3459145419765
6020,5.7624574765213765e-06,1.0,,,False,True,False,462.99934424995445
6030,5.768744813394733e-06,1.0,,,False,True,False,463.6489874171093
6040,5.7673441915540025e-06,1.0,,,False,True,False,464.24528145906515
6050,5.761897227785084e-06,1.0,,,False,True,False,464.8350994170178
6060,5.7541783462511376e-06,1.0,,,False,True,False,465.4303605000023
6070,5.747143859480275e-06,1.0,,,False,True,False,466.049132874934
6080,5.7407328313274775e-06,1.0,,,False,True,False,466.6586326670367
6090,5.733044872613391e-06,1.0,,,False,True,False,467.2671962501481
6100,5.725885785068385e-06,1.0,0.010682977735996246,0.9998881306633851,True,True,False,468.08025937504135
6110,5.719069577025948e-06,1.0,,,False,True,False,468.9122595000081
6120,5.71268901694566e-06,1.0,,,False,True,False,469.7176177089568
6130,5.707770924345823e-06,1.0,,,False,True,False,470.50671875011176
6140,5.701545887859538e-06,1.0,,,False,True,False,471.3604817921296
6150,5.701888312614756e-06,1.0,,,False,True,False,472.1761240840424
6160,5.6984645198099315e-06,1.0,,,False,True,False,472.903143042
6170,5.699927442037733e-06,1.0,,,False,True,False,473.67865975014865
6180,5.706028332497226e-06,1.0,,,False,True,False,474.38649945915677
6190,5.713061909773387e-06,1.0,,,False,True,False,474.896118249977
6200,5.726290055463323e-06,1.0,0.008236902765929699,0.9998881306633851,True,True,False,475.7073417089414
6210,5.734538262913702e-06,1.0,,,False,True,False,476.459300708957
6220,5.737432729802094e-06,1.0,,,False,True,False,477.2447335841134
6230,5.7350052884430625e-06,1.0,,,False,True,False,478.04985383409075
6240,5.731550118071027e-06,1.0,,,False,True,False,478.73122045909986
6250,5.7261972870037425e-06,1.0,,,False,True,False,479.2440225421451
6260,5.715210136258975e-06,1.0,,,False,True,False,479.80558233405463
6270,5.704098384740064e-06,1.0,,,False,True,False,480.57742112502456
6280,5.697904271073639e-06,1.0,,,False,True,False,481.356956792064
6290,5.6890962696343195e-06,1.0,,,False,True,False,482.04404233396053
6300,5.678170964529272e-06,1.0,0.006535339634865522,0.9998881306633851,True,True,False,482.6432235420216
6310,5.666312517860206e-06,1.0,,,False,True,False,483.14796025003307
6320,5.65728623769246e-06,1.0,,,False,True,False,483.6607134169899
6330,5.645863438985543e-06,1.0,,,False,True,False,484.3568167919293
6340,5.638113179884385e-06,1.0,,,False,True,False,485.1479341669474
6350,5.634222361550201e-06,1.0,,,False,True,False,485.905292209005
6360,5.633102318824967e-06,1.0,,,False,True,False,486.66493229195476
6370,5.6329777180508245e-06,1.0,,,False,True,False,487.28030987503007
6380,5.63509411222185e-06,1.0,,,False,True,False,487.9312338340096
6390,5.639513801725116e-06,1.0,,,False,True,False,488.6346634591464
6400,5.6462990869476926e-06,1.0,0.005284622777253389,0.9998881306633851,True,True,False,489.39454337512143
6410,5.651995252264896e-06,1.0,,,False,True,False,490.1206090420019
6420,5.6593403314764146e-06,1.0,,,False,True,False,490.8232537501026
6430,5.667121513397433e-06,1.0,,,False,True,False,491.5510187500622
6440,5.6760545703582466e-06,1.0,,,False,True,False,492.2820835420862
6450,5.679104560840642e-06,1.0,,,False,True,False,492.98316733399406
6460,5.681220955011668e-06,1.0,,,False,True,False,493.6703075841069
6470,5.6782018873491324e-06,1.0,,,False,True,False,494.352837667102
6480,5.672257429978345e-06,1.0,,,False,True,False,495.05044562509283
6490,5.66239032195881e-06,1.0,,,False,True,False,495.73586629214697
6500,5.649941158480942e-06,1.0,0.004310320131480694,0.9998881306633851,True,True,False,496.4967613341287
6510,5.639078608510317e-06,1.0,,,False,True,False,497.3139768750407
6520,5.62902550882427e-06,1.0,,,False,True,False,498.1905140420422
6530,5.621088803309249e-06,1.0,,,False,True,False,499.040151250083
6540,5.613369467027951e-06,1.0,,,False,True,False,499.8063412499614
6550,5.610599600913702e-06,1.0,,,False,True,False,500.53792691696435
6560,5.620526735583553e-06,1.0,,,False,True,False,501.32528541702777
6570,5.639109076582827e-06,1.0,,,False,True,False,502.0957070000004
6580,5.6629814935149625e-06,1.0,,,False,True,False,502.9099260000512
6590,5.690495981980348e-06,1.0,,,False,True,False,503.7370706249494
6600,5.716361101804068e-06,1.0,0.0034858710132539272,1.0,True,True,False,504.6742595001124
6610,5.737962055718526e-06,1.0,,,False,True,False,505.63465616712347
6620,5.7465526879241224e-06,1.0,,,False,True,False,506.5092066670768
6630,5.748886451328872e-06,1.0,,,False,True,False,507.4480550000444
6640,5.747205705119995e-06,1.0,,,False,True,False,508.3748352089897
6650,5.741977020079503e-06,1.0,,,False,True,False,509.37673529214226
6660,5.7348488553543575e-06,1.0,,,False,True,False,510.293945542071
6670,5.728312771680066e-06,1.0,,,False,True,False,511.2544757919386
6680,5.722305559174856e-06,1.0,,,False,True,False,512.2365838750266
6690,5.715177849197062e-06,1.0,,,False,True,False,513.1777224589605
6700,5.707801392418332e-06,1.0,0.002808425109833479,1.0,True,True,False,514.186373667093
6710,5.698495442629792e-06,1.0,,,False,True,False,515.0768852499314
6720,5.688908913725754e-06,1.0,,,False,True,False,516.0991690000519
6730,5.676614364347188e-06,1.0,,,False,True,False,517.0024122500326
6740,5.6632620726304594e-06,1.0,,,False,True,False,517.7622652500868
6750,5.6446492635586765e-06,1.0,,,False,True,False,518.5360894589685
6760,5.619998319161823e-06,1.0,,,False,True,False,519.4956798751373
6770,5.589714419329539e-06,1.0,,,False,True,False,520.2550870419946
6780,5.552209586312529e-06,1.0,,,False,True,False,521.0536264169496
6790,5.507233709067805e-06,1.0,,,False,True,False,521.8570953339804
6800,5.456189228425501e-06,1.0,0.0022625739220529795,1.0,True,True,False,522.7966102091596
6810,5.3974249567545485e-06,1.0,,,False,True,False,523.798229041975
6820,5.3349258450907655e-06,1.0,,,False,True,False,524.7304254169576
6830,5.270061137707671e-06,1.0,,,False,True,False,525.709132042015
6840,5.200808118388522e-06,1.0,,,False,True,False,526.5539598341566
6850,5.130154477228643e-06,1.0,,,False,True,False,527.3068228340708
6860,5.050941126683028e-06,1.0,,,False,True,False,528.0682730420958
6870,4.971167982148472e-06,1.0,,,False,True,False,528.8729147920385
6880,4.8856054490897804e-06,1.0,,,False,True,False,529.9633832499385
6890,4.796930170414271e-06,1.0,,,False,True,False,531.0424527919386
6900,4.7025901039887685e-06,1.0,0.0017582420259714127,1.0,True,True,False,532.2220515420195
6910,4.606974925991381e-06,1.0,,,False,True,False,533.1668663751334
6920,4.509771770244697e-06,1.0,,,False,True,False,534.0467773340642
6930,4.413253009261098e-06,1.0,,,False,True,False,535.0861730840988
6940,4.318010724091437e-06,1.0,,,False,True,False,536.1719967920799
6950,4.228744273859775e-06,1.0,,,False,True,False,537.1430860420223
6960,4.1436483115830924e-06,1.0,,,False,True,False,538.257717584027
6970,4.063687811139971e-06,1.0,,,False,True,False,539.2797516251449
6980,3.988583557656966e-06,1.0,,,False,True,False,540.2908809171058
6990,3.9237197597685736e-06,1.0,,,False,True,False,541.2789772499818
7000,3.8650182432320435e-06,1.0,0.0013596535427495837,1.0,True,True,False,542.3889125420246
7010,3.812977183770272e-06,1.0,,,False,True,False,543.41920029209
7020,3.7655736377928406e-06,1.0,,,False,True,False,544.3747424171306
7030,3.7222162063699216e-06,1.0,,,False,True,False,545.3788102921098
7040,3.681380349007668e-06,1.0,,,False,True,False,546.659951708978
7050,3.640232989710057e-06,1.0,,,False,True,False,547.8501705839299
7060,3.6002375054522417e-06,1.0,,,False,True,False,549.0131200840697
7070,3.5638211102195783e-06,1.0,,,False,True,False,550.1518204589374
7080,3.529739387886366e-06,1.0,,,False,True,False,551.1347038340755
7090,3.4984273042937275e-06,1.0,,,False,True,False,552.297913959017
7100,3.4711306398094166e-06,1.0,0.0011068630265071988,1.0,True,True,False,553.4514371249825
7110,3.4490005873522023e-06,1.0,,,False,True,False,554.3428026251495
7120,3.432908897593734e-06,1.0,,,False,True,False,555.3249426670372
7130,3.4227309697598685e-06,1.0,,,False,True,False,556.3600772090722
7140,3.413642616578727e-06,1.0,,,False,True,False,557.4193107921164
7150,3.406172481845715e-06,1.0,,,False,True,False,558.461501291953
7160,3.3985156733251642e-06,1.0,,,False,True,False,559.5371574170422
7170,3.393971383047756e-06,1.0,,,False,True,False,560.652260125149
7180,3.3881199215102242e-06,1.0,,,False,True,False,561.6160164170433
7190,3.3845717553049326e-06,1.0,,,False,True,False,562.4521157089621
7200,3.3825797345343744e-06,1.0,0.0009700905648060143,1.0,True,True,False,563.3626379170455
7210,3.3840424293885008e-06,1.0,,,False,True,False,564.1813562500756
7220,3.3886490200529806e-06,1.0,,,False,True,False,564.981276958948
7230,3.399169600015739e-06,1.0,,,False,True,False,565.7076905420981
7240,3.413237891436438e-06,1.0,,,False,True,False,566.4347377920058
7250,3.4315394259465393e-06,1.0,,,False,True,False,567.3358529999387
7260,3.4525178307376336e-06,1.0,,,False,True,False,568.39045575005
7270,3.4705703910731245e-06,1.0,,,False,True,False,569.2244414589368
7280,3.490957396934391e-06,1.0,,,False,True,False,570.0519328340888
7290,3.506768734951038e-06,1.0,,,False,True,False,570.9902904999908
7300,3.520432755976799e-06,1.0,0.000903882784768939,1.0,True,True,False,572.030156709021
7310,3.530890580805135e-06,1.0,,,False,True,False,572.9540169590618
7320,3.5408818348514615e-06,1.0,,,False,True,False,573.8845701250248
7330,3.5506552649167133e-06,1.0,,,False,True,False,574.7913227919489
7340,3.559370270522777e-06,1.0,,,False,True,False,575.5638410840183
7350,3.5676805509865517e-06,1.0,,,False,True,False,576.352648334112
7360,3.575773234842927e-06,1.0,,,False,True,False,577.1254447919782
7370,3.585204012779286e-06,1.0,,,False,True,False,577.9066682499833
7380,3.5921761991630774e-06,1.0,,,False,True,False,578.6743107500952
7390,3.5963155369245214e-06,1.0,,,False,True,False,579.4408372500911
7400,3.6016378999192966e-06,1.0,0.000835256592836231,1.0,True,True,False,580.2961180000566
7410,3.6030696719535626e-06,1.0,,,False,True,False,581.0786887500435
7420,3.603754748837673e-06,1.0,,,False,True,False,581.8460791250691
7430,3.6011090287502157e-06,1.0,,,False,True,False,582.8782842501532
7440,3.597436261770781e-06,1.0,,,False,True,False,583.8258976670913
7450,3.5932032460550545e-06,1.0,,,False,True,False,584.7253966671415
7460,3.5874450077244546e-06,1.0,,,False,True,False,585.6584030420054
7470,3.5818113701679977e-06,1.0,,,False,True,False,586.4015403341036
7480,3.572069317669957e-06,1.0,,,False,True,False,587.2005211249925
7490,3.562513938959455e-06,1.0,,,False,True,False,587.9467600421049
7500,3.5514021874405444e-06,1.0,0.0007563814288005233,1.0,True,True,False,588.953193209134
7510,3.5392633890296565e-06,1.0,,,False,True,False,590.0014457500074
7520,3.5247589948994573e-06,1.0,,,False,True,False,591.1046245840844
7530,3.513056071824394e-06,1.0,,,False,True,False,591.8991342091467
7540,3.496964609439601e-06,1.0,,,False,True,False,592.9096327091102
7550,3.4805927953129867e-06,1.0,,,False,True,False,594.043149709003
7560,3.4648433029360604e-06,1.0,,,False,True,False,595.1507151250262
7570,3.4462304938642774e-06,1.0,,,False,True,False,595.9168059169315
7580,3.428333684496465e-06,1.0,,,False,True,False,596.6915632090531
7590,3.410218823773903e-06,1.0,,,False,True,False,597.5755555001087
7600,3.390734491404146e-06,1.0,0.0006731782341375947,1.0,True,True,False,598.4318617091049
7610,3.3716546568030026e-06,1.0,,,False,True,False,599.489524042001
7620,3.3540068216098007e-06,1.0,,,False,True,False,600.3584774590563
7630,3.334055691084359e-06,1.0,,,False,True,False,601.1892399589997
7640,3.315256208225037e-06,1.0,,,False,True,False,602.1595492090564
7650,3.296986051282147e-06,1.0,,,False,True,False,603.1112102919724
7660,3.278248641436221e-06,1.0,,,False,True,False,603.96899708407
7670,3.2611299047857756e-06,1.0,,,False,True,False,604.817935584113
7680,3.242548018533853e-06,1.0,,,False,True,False,605.725061791949
7690,3.2265497793559916e-06,1.0,,,False,True,False,606.7270923340693
7700,3.209617716493085e-06,1.0,0.0005969589692540467,1.0,True,True,False,607.9416280421428
7710,3.1927791042107856e-06,1.0,,,False,True,False,609.0533048750367
7720,3.1761580885358853e-06,1.0,,,False,True,False,609.9555048749316
7730,3.160440428473521e-06,1.0,,,False,True,False,610.9761138339527
7740,3.1425436191057088e-06,1.0,,,False,True,False,611.8755022501573
7750,3.127976924588438e-06,1.0,,,False,True,False,612.6233623339795
7760,3.1137528822000604e-06,1.0,,,False,True,False,613.5459344170522
7770,3.098377419519238e-06,1.0,,,False,True,False,614.4256378749851
7780,3.0856160719849868e-06,1.0,,,False,True,False,615.3439450419974
7790,3.073197149205953e-06,1.0,,,False,True,False,616.1319948751479
7800,3.0609960504079936e-06,1.0,0.0005351313739083707,1.0,True,True,False,616.9691521250643
7810,3.0484529816021677e-06,1.0,,,False,True,False,617.6971040419303
7820,3.038648856090731e-06,1.0,,,False,True,False,618.3797777500004
7830,3.030183052032953e-06,1.0,,,False,True,False,619.1885587919969
7840,3.0194760256563313e-06,1.0,,,False,True,False,620.0232738340273
7850,3.0111032174318098e-06,1.0,,,False,True,False,620.9964823340997
7860,3.0013300147402333e-06,1.0,,,False,True,False,621.9991820419673
7870,2.9958519007777795e-06,1.0,,,False,True,False,622.8371299591381
7880,2.9895645639044233e-06,1.0,,,False,True,False,623.7144913340453
7890,2.9825926048943074e-06,1.0,,,False,True,False,624.5218064170331
7900,2.9763675684080226e-06,1.0,0.0004935742472298443,1.0,True,True,False,625.370202334132
7910,2.9684306355193257e-06,1.0,,,False,True,False,626.179903042037
7920,2.962423650387791e-06,1.0,,,False,True,False,627.0453001670539
7930,2.9580348837043857e-06,1.0,,,False,True,False,627.8247586670332
7940,2.952681370516075e-06,1.0,,,False,True,False,628.7796981669962
7950,2.9459272354870336e-06,1.0,,,False,True,False,629.6990003341343
7960,2.939702199000749e-06,1.0,,,False,True,False,630.4544683750719
7970,2.9344109861995094e-06,1.0,,,False,True,False,631.3448677919805
7980,2.9296177217474906e-06,1.0,,,False,True,False,632.287396583939
7990,2.9242642085591797e-06,1.0,,,False,True,False,633.1251555001363
8000,2.918101245086291e-06,1.0,0.00046443630708381534,1.0,True,True,False,634.0880922919605
8010,2.912561058110441e-06,1.0,,,False,True,False,635.0416641249321
8020,2.907705493271351e-06,1.0,,,False,True,False,635.8118954999372
8030,2.9025077310507186e-06,1.0,,,False,True,False,636.7251399171073
8040,2.8973722692171577e-06,1.0,,,False,True,False,637.5667405840941
8050,2.8914585072925547e-06,1.0,,,False,True,False,638.4139016249683
8060,2.8875990665255813e-06,1.0,,,False,True,False,639.2353956250008
8070,2.882836724893423e-06,1.0,,,False,True,False,640.1799444591161
8080,2.8777321858797222e-06,1.0,,,False,True,False,641.106685792096
8090,2.8714450763800414e-06,1.0,,,False,True,False,642.1170858340338
8100,2.867492185032461e-06,1.0,0.0004369041707832366,1.0,True,True,False,643.2238005839754
8110,2.8628544441744452e-06,1.0,,,False,True,False,644.250372959068
8120,2.858123480109498e-06,1.0,,,False,True,False,645.3005179590546
8130,2.8553536139952485e-06,1.0,,,False,True,False,646.3189654999878
8140,2.8501553970272653e-06,1.0,,,False,True,False,647.1105303750373
8150,2.8453309823817108e-06,1.0,,,False,True,False,647.9121462500188
8160,2.840631168510299e-06,1.0,,,False,True,False,648.838390750112
8170,2.8372076030791504e-06,1.0,,,False,True,False,649.8178931251168
8180,2.8332858619251056e-06,1.0,,,False,True,False,650.6868302091025
8190,2.829146296789986e-06,1.0,,,False,True,False,651.693112959154
8200,2.825037654474727e-06,1.0,0.0004151978646405041,1.0,True,True,False,652.8168563749641
8210,2.821396037688828e-06,1.0,,,False,True,False,653.803381584119
8220,2.815668949551764e-06,1.0,,,False,True,False,654.8676826250739
8230,2.812027332765865e-06,1.0,,,False,True,False,655.7994282920845
8240,2.808168119372567e-06,1.0,,,False,True,False,656.8647477501072
8250,2.801880782499211e-06,1.0,,,False,True,False,657.8908031249885
8260,2.798519290081458e-06,1.0,,,False,True,False,658.9597386249807
8270,2.7936014248552965e-06,1.0,,,False,True,False,659.8950347921345
8280,2.7882790618605213e-06,1.0,,,False,True,False,660.8541959170252
8290,2.7838593723572558e-06,1.0,,,False,True,False,661.7992503750138
8300,2.7803109787782887e-06,1.0,0.0003975377476308495,1.0,True,True,False,662.7519542090595
8310,2.7776654860645067e-06,1.0,,,False,True,False,663.7358029589523
8320,2.7729965950129554e-06,1.0,,,False,True,False,664.8219920420088
8330,2.7682033305609366e-06,1.0,,,False,True,False,665.7329598751385
8340,2.764250439213356e-06,1.0,,,False,True,False,666.6242668339983
8350,2.7602350201050285e-06,1.0,,,False,True,False,667.5964613750111
8360,2.7565934033191297e-06,1.0,,,False,True,False,668.6702169170603
8370,2.750928615569137e-06,1.0,,,False,True,False,669.6661054589786
8380,2.7480962216941407e-06,1.0,,,False,True,False,670.5632455840241
8390,2.743396407822729e-06,1.0,,,False,True,False,671.5071603341494
8400,2.7385719931771746e-06,1.0,0.00038288452196866274,1.0,True,True,False,672.4923413749784
8410,2.7353041787137045e-06,1.0,,,False,True,False,673.3077123339754
8420,2.7309777124173706e-06,1.0,,,False,True,False,674.1487849589903
8430,2.725001650105696e-06,1.0,,,False,True,False,674.9193133751396
8440,2.72238730758545e-06,1.0,,,False,True,False,675.7713205839973
8450,2.7169714940100675e-06,1.0,,,False,True,False,676.611864084145
8460,2.7129874524689512e-06,1.0,,,False,True,False,677.4430422501173
8470,2.7088476599601563e-06,1.0,,,False,True,False,678.2141826669686
8480,2.704490270843962e-06,1.0,,,False,True,False,678.9942112499848
8490,2.699229980862583e-06,1.0,,,False,True,False,679.8375139590353
8500,2.695028115340392e-06,1.0,0.00036937615368515253,1.0,True,True,False,680.6123476671055
8510,2.6919467472907854e-06,1.0,,,False,True,False,681.446588333929
8520,2.686655534489546e-06,1.0,,,False,True,False,682.2599439590704
8530,2.6814575448952382e-06,1.0,,,False,True,False,683.0047272499651
8540,2.677971679077018e-06,1.0,,,False,True,False,683.7960185420234
8550,2.6733027880254667e-06,1.0,,,False,True,False,684.6476738341153
8560,2.66925690084463e-06,1.0,,,False,True,False,685.5399305419996
8570,2.664774910954293e-06,1.0,,,False,True,False,686.3781557499897
8580,2.6602926936902804e-06,1.0,,,False,True,False,687.0997448340058
8590,2.6554994292382617e-06,1.0,,,False,True,False,687.9384276249912
8600,2.6510174393479247e-06,1.0,0.00035880404175259173,1.0,True,True,False,688.8357614169363
8610,2.6464731490705162e-06,1.0,,,False,True,False,689.6559680420905
8620,2.6416487344249617e-06,1.0,,,False,True,False,690.5312306671403
8630,2.637726993270917e-06,1.0,,,False,True,False,691.3503997090738
8640,2.633587655509473e-06,1.0,,,False,True,False,692.12065850012
8650,2.628202992127626e-06,1.0,,,False,True,False,692.9414792500902
8660,2.6237830752506852e-06,1.0,,,False,True,False,693.7013657500502
8670,2.618118514874368e-06,1.0,,,False,True,False,694.4625606669579
8680,2.6153793442063034e-06,1.0,,,False,True,False,695.2269441669341
8690,2.6095278826687718e-06,1.0,,,False,True,False,696.0858540420886
8700,2.6061975404445548e-06,1.0,0.00035273240064270794,1.0,True,True,False,696.9230113341473
8710,2.6019333745352924e-06,1.0,,,False,True,False,697.733791459119
8720,2.597980483187712e-06,1.0,,,False,True,False,698.4799767921213
8730,2.592751570773544e-06,1.0,,,False,True,False,699.2364341670182
8740,2.588611778264749e-06,1.0,,,False,True,False,699.9624405840877
8750,2.5828226171142887e-06,1.0,,,False,True,False,700.7557097920217
8760,2.5797723992582178e-06,1.0,,,False,True,False,701.505090916995
8770,2.575601456555887e-06,1.0,,,False,True,False,702.245533999987
8780,2.5709950932650827e-06,1.0,,,False,True,False,702.959242708981
8790,2.5657659534772392e-06,1.0,,,False,True,False,703.6916775419377
8800,2.5618130621296586e-06,1.0,0.00034832049277611077,1.0,True,True,False,704.470250334125
8810,2.557486595833325e-06,1.0,,,False,True,False,705.2620830000378
8820,2.5540318802086404e-06,1.0,,,False,True,False,706.0880619171076
8830,2.548335942265112e-06,1.0,,,False,True,False,706.8722943339963
8840,2.545908046158729e-06,1.0,,,False,True,False,707.5629388340749
8850,2.540959258112707e-06,1.0,,,False,True,False,708.3151675839908
8860,2.536290367061156e-06,1.0,,,False,True,False,709.0085286251269
8870,2.533146925998153e-06,1.0,,,False,True,False,709.5589348750655
8880,2.527824563003378e-06,1.0,,,False,True,False,710.1003003751393
8890,2.5237161480617942e-06,1.0,,,False,True,False,710.6284297921229
8900,2.5205413294315804e-06,1.0,0.00034691422479227185,1.0,True,True,False,711.2195442090742
8910,2.5155925413855584e-06,1.0,,,False,True,False,711.7233407089952
8920,2.510954800527543e-06,1.0,,,False,True,False,712.2511671669781
8930,2.5063793600565987e-06,1.0,,,False,True,False,712.7736804999877
8940,2.5023332455020864e-06,1.0,,,False,True,False,713.2924850841518
8950,2.497508830856532e-06,1.0,,,False,True,False,713.9621283339802
8960,2.4926532660174416e-06,1.0,,,False,True,False,714.7790738749318
8970,2.488513700882322e-06,1.0,,,False,True,False,715.4629095001146
8980,2.4844673589541344e-06,1.0,,,False,True,False,715.9698375421576
8990,2.480047669450869e-06,1.0,,,False,True,False,716.4826936670579
9000,2.476281451890827e-06,1.0,0.00034753099316731095,1.0,True,True,False,717.104638125049
9010,2.4709902390895877e-06,1.0,,,False,True,False,717.7640310840216
9020,2.4665703222126467e-06,1.0,,,False,True,False,718.5083423340693
9030,2.461901658534771e-06,1.0,,,False,True,False,719.0183633340057
9040,2.457014943502145e-06,1.0,,,False,True,False,719.5659227089491
9050,2.452813077979954e-06,1.0,,,False,True,False,720.2557972499635
9060,2.4480821139150066e-06,1.0,,,False,True,False,721.0363970841281
9070,2.443164248688845e-06,1.0,,,False,True,False,721.5557634590659
9080,2.438122010062216e-06,1.0,,,False,True,False,722.0670589590445
9090,2.4337023205589503e-06,1.0,,,False,True,False,722.72275404213
9100,2.4295313778566197e-06,1.0,0.0003462445456534624,1.0,True,True,False,723.3773845839314
9110,2.4227151698141824e-06,1.0,,,False,True,False,723.9589051669464
9120,2.4182020297303097e-06,1.0,,,False,True,False,724.4673032921273
9130,2.4126304651872488e-06,1.0,,,False,True,False,724.9879518749658
9140,2.4065611796686426e-06,1.0,,,False,True,False,725.5037289590109
9150,2.4012388166738674e-06,1.0,,,False,True,False,726.3033146669623
9160,2.3967256765899947e-06,1.0,,,False,True,False,727.1558182919398
9170,2.39168321058969e-06,1.0,,,False,True,False,728.0022665001452
9180,2.3871700705058174e-06,1.0,,,False,True,False,728.7607964170165
9190,2.3804159354767762e-06,1.0,,,False,True,False,729.4814182091504
9200,2.374066525590024e-06,1.0,0.00034368198248557746,1.0,True,True,False,730.1951912499499
9210,2.36858841162757e-06,1.0,,,False,True,False,730.9739829171449
9220,2.363826297369087e-06,1.0,,,False,True,False,731.6691868340131
9230,2.3574145870952634e-06,1.0,,,False,True,False,732.2519197920337
9240,2.3512207008025143e-06,1.0,,,False,True,False,732.8248805000912
9250,2.3467075607186416e-06,1.0,,,False,True,False,733.3877095419448
9260,2.3396421511279186e-06,1.0,,,False,True,False,733.9131590840407
9270,2.333448492208845e-06,1.0,,,False,True,False,734.4174139590468
9280,2.327285528735956e-06,1.0,,,False,True,False,735.1565269590355
9290,2.3213406166178174e-06,1.0,,,False,True,False,735.6770838750526
9300,2.314555558768916e-06,1.0,0.0003405470633879304,1.0,True,True,False,736.2408368340693
9310,2.3090151444193907e-06,1.0,,,False,True,False,736.7503557091113
9320,2.301078211530694e-06,1.0,,,False,True,False,737.2627204169985
9330,2.29581814892299e-06,1.0,,,False,True,False,737.7739212091547
9340,2.2897486360307084e-06,1.0,,,False,True,False,738.2801607090514
9350,2.284146148667787e-06,1.0,,,False,True,False,738.7802687089425
9360,2.2770495888835285e-06,1.0,,,False,True,False,739.2879347500857
9370,2.269859805892338e-06,1.0,,,False,True,False,739.7835005840752
9380,2.262234147565323e-06,1.0,,,False,True,False,740.2994522920344
9390,2.256289235447184e-06,1.0,,,False,True,False,740.8048300840892
9400,2.249535100418143e-06,1.0,0.000336216005962342,1.0,True,True,False,741.4680860000663
9410,2.244181587229832e-06,1.0,,,False,True,False,742.120951875113
9420,2.2349372557073366e-06,1.0,,,False,True,False,742.8018279171083
9430,2.2290546439762693e-06,1.0,,,False,True,False,743.4160667920951
9440,2.223452156613348e-06,1.0,,,False,True,False,744.1720550840255
9450,2.217413793914602e-06,1.0,,,False,True,False,744.8215693749953
9460,2.2105352854850935e-06,1.0,,,False,True,False,745.5810734170955
9470,2.2039366740500554e-06,1.0,,,False,True,False,746.1793517919723
9480,2.19721368921455e-06,1.0,,,False,True,False,747.0717262090184
9490,2.1922958239883883e-06,1.0,,,False,True,False,747.9780082921498
9500,2.186101937695639e-06,1.0,0.00033244641963392496,1.0,True,True,False,748.9592736249324
9510,2.1816822481923737e-06,1.0,,,False,True,False,749.7264858339913
9520,2.1764219582109945e-06,1.0,,,False,True,False,750.5207783749793
9530,2.171535470552044e-06,1.0,,,False,True,False,751.3098689590115
9540,2.165341584259295e-06,1.0,,,False,True,False,752.2032005840447
9550,2.1593343717540847e-06,1.0,,,False,True,False,753.0776571249589
9560,2.152984734493657e-06,1.0,,,False,True,False,753.8620726249646
9570,2.1454213765537133e-06,1.0,,,False,True,False,754.5895619590301
9580,2.1373605250119e-06,1.0,,,False,True,False,755.2460445840843
9590,2.128396545231226e-06,1.0,,,False,True,False,755.8154578751419
9600,2.1205528355494607e-06,1.0,0.0003296209906693548,1.0,True,True,False,756.4602357500698
9610,2.1118692075106082e-06,1.0,,,False,True,False,757.1148527089972
9620,2.1025314254075056e-06,1.0,,,False,True,False,757.9263422091026
9630,2.09325617106515e-06,1.0,,,False,True,False,758.7643974591047
9640,2.0841678178840084e-06,1.0,,,False,True,False,759.4683770420961
9650,2.074954863928724e-06,1.0,,,False,True,False,760.3269359590486
9660,2.0663644590968033e-06,1.0,,,False,True,False,761.2365920839366
9670,2.056933453786769e-06,1.0,,,False,True,False,762.124560666969
9680,2.0490278984652832e-06,1.0,,,False,True,False,763.0398991671391
9690,2.0412153389770538e-06,1.0,,,False,True,False,763.8860839591362
9700,2.0333407064754283e-06,1.0,0.0003228589193895459,1.0,True,True,False,764.7131623751484
9710,2.025994945142884e-06,1.0,,,False,True,False,765.386503792135
9720,2.0222910279699136e-06,1.0,,,False,True,False,766.067312041996
9730,2.015381369346869e-06,1.0,,,False,True,False,766.7416707500815
9740,2.0099346329516266e-06,1.0,,,False,True,False,767.4254013339523
9750,2.005234819080215e-06,1.0,,,False,True,False,768.1131045420188
9760,2.0000368294859072e-06,1.0,,,False,True,False,768.7783597500529
9770,1.9980759589088848e-06,1.0,,,False,True,False,769.4560834590811
9780,1.994589865716989e-06,1.0,,,False,True,False,770.1695228340104
9790,1.9923179479519604e-06,1.0,,,False,True,False,770.8733742919285
9800,1.9888630049536005e-06,1.0,0.0003220061189495027,1.0,True,True,False,771.7925406671129
9810,1.986808683795971e-06,1.0,,,False,True,False,772.5978625421412
9820,1.982482217499637e-06,1.0,,,False,True,False,773.3916192920879
9830,1.9805524971161503e-06,1.0,,,False,True,False,774.1817283339333
9840,1.9777512534346897e-06,1.0,,,False,True,False,775.0148823750205
9850,1.973331563931424e-06,1.0,,,False,True,False,775.7638261250686
9860,1.9710282685991842e-06,1.0,,,False,True,False,776.6267681671306
9870,1.9677599993883632e-06,1.0,,,False,True,False,777.4841644589324
9880,1.9662350041471655e-06,1.0,,,False,True,False,778.2331034999806
9890,1.9635581338661723e-06,1.0,,,False,True,False,778.9677119171247
9900,1.9628112113423413e-06,1.0,0.00032460843794979155,1.0,True,True,False,779.7792315420229
9910,1.9597609934862703e-06,1.0,,,False,True,False,780.6139942919835
9920,1.956617325049592e-06,1.0,,,False,True,False,781.5103794999886
9930,1.9542208065104205e-06,1.0,,,False,True,False,782.2530090000946
9940,1.953286982825375e-06,1.0,,,False,True,False,782.927461292129
9950,1.9528511074895505e-06,1.0,,,False,True,False,783.6891980001237
9960,1.9525709831214044e-06,1.0,,,False,True,False,784.5636106249876
9970,1.951886360984645e-06,1.0,,,False,True,False,785.4129622920882
9980,1.95235315914033e-06,1.0,,,False,True,False,786.1589109590277
9990,1.9504857391439145e-06,1.0,,,False,True,False,787.0173739171587
10000,1.9496142158459406e-06,1.0,0.0003263129328843206,1.0,True,True,False,787.8502283340786
10010,1.9489293663355056e-06,1.0,,,False,True,False,788.6726957501378
10020,1.945256599356071e-06,1.0,,,False,True,False,789.4615874169394
10030,1.9426420294621494e-06,1.0,,,False,True,False,790.2435914590023
10040,1.9408369098528055e-06,1.0,,,False,True,False,791.045695542125
10050,1.9380668163648807e-06,1.0,,,False,True,False,791.791828708956
10060,1.935887894433108e-06,1.0,,,False,True,False,792.6247929590754
10070,1.933833800649154e-06,1.0,,,False,True,False,793.5247528750915
10080,1.930721509779687e-06,1.0,,,False,True,False,794.3941250841599
10090,1.929071686390671e-06,1.0,,,False,True,False,795.203380000079
10100,1.9270798929937882e-06,1.0,0.0003298856026958674,1.0,True,True,False,796.1359853751492
10110,1.9248075204814086e-06,1.0,,,False,True,False,797.0104741251562
10120,1.9219128262193408e-06,1.0,,,False,True,False,797.6552570839413
10130,1.919796432048315e-06,1.0,,,False,True,False,798.2269217090216
10140,1.9178667116648285e-06,1.0,,,False,True,False,798.7897893339396
10150,1.915781240313663e-06,1.0,,,False,True,False,799.3336102920584
10160,1.9126687220705207e-06,1.0,,,False,True,False,799.8778890420217
10170,1.910583478093031e-06,1.0,,,False,True,False,800.6373800840229
10180,1.907813384605106e-06,1.0,,,False,True,False,801.40070200013
10190,1.9052921516049537e-06,1.0,,,False,True,False,802.0804212500807
10200,1.9029578197660157e-06,1.0,0.00033199312747456133,1.0,True,True,False,802.8616653340869
10210,1.9010278720088536e-06,1.0,,,False,True,False,803.6979897920974
10220,1.8976354567712406e-06,1.0,,,False,True,False,804.5214339171071
10230,1.8965148456118186e-06,1.0,,,False,True,False,805.3509618749376
10240,1.8930288661067607e-06,1.0,,,False,True,False,806.1692211250775
10250,1.8912236328105791e-06,1.0,,,False,True,False,806.8522176251281
10260,1.8882044514612062e-06,1.0,,,False,True,False,807.5035514589399
10270,1.8861502439904143e-06,1.0,,,False,True,False,808.1563421669416
10280,1.8823840264303726e-06,1.0,,,False,True,False,808.9707059999928
10290,1.8807655806085677e-06,1.0,,,False,True,False,809.6905456250533
10300,1.8790536842061556e-06,1.0,0.00033426014124415815,1.0,True,True,False,810.4911367089953
10310,1.8760034663500846e-06,1.0,,,False,True,False,811.1713455840945
10320,1.8719571244218969e-06,1.0,,,False,True,False,811.8181972920429
10330,1.8705253523876308e-06,1.0,,,False,True,False,812.4800647089723
10340,1.8675374349186313e-06,1.0,,,False,True,False,813.2384160840884
10350,1.864705041043635e-06,1.0,,,False,True,False,813.9365926249884
10360,1.861685859694262e-06,1.0,,,False,True,False,814.6383288339712
10370,1.8599117765916162e-06,1.0,,,False,True,False,815.3512655000668
10380,1.8563013099992531e-06,1.0,,,False,True,False,816.1041682499927
10390,1.85362443971826e-06,1.0,,,False,True,False,816.8978851251304
10400,1.8500450096325949e-06,1.0,0.0003375194501131773,1.0,True,True,False,817.7883435001131
10410,1.8474928538125823e-06,1.0,,,False,True,False,818.4618027501274
10420,1.844504822656745e-06,1.0,,,False,True,False,819.2414339999668
10430,1.8421083041175734e-06,1.0,,,False,True,False,820.0478237499483
10440,1.8388401485935901e-06,1.0,,,False,True,False,820.7484050840139
10450,1.8358208535573795e-06,1.0,,,False,True,False,821.5111268749461
10460,1.8332063973502954e-06,1.0,,,False,True,False,822.2979597500525
10470,1.8301561794942245e-06,1.0,,,False,True,False,823.1361583750695
10480,1.825767526497657e-06,1.0,,,False,True,False,824.1006416671444
10490,1.823713319026865e-06,1.0,,,False,True,False,825.0605425420217
10500,1.8195427173850476e-06,1.0,0.000339542020810768,1.0,True,True,False,826.091764959041
10510,1.8171458577853628e-06,1.0,,,False,True,False,827.1353210001253
10520,1.8133797539121588e-06,1.0,,,False,True,False,828.0963731671218
10530,1.8103605725627858e-06,1.0,,,False,True,False,829.0977020841092
10540,1.807714966162166e-06,1.0,,,False,True,False,830.092670999933
10550,1.805007059374475e-06,1.0,,,False,True,False,831.0126097919419
10560,1.8008987581197289e-06,1.0,,,False,True,False,831.8544572500978
10570,1.7975371520151384e-06,1.0,,,False,True,False,832.760277334135
10580,1.7933352864929475e-06,1.0,,,False,True,False,833.7545420420356
10590,1.7894446955324383e-06,1.0,,,False,True,False,834.7770738750696
10600,1.787514861462114e-06,1.0,0.00034388143103569746,1.0,True,True,False,835.9091982501559
10610,1.7826282601163257e-06,1.0,,,False,True,False,836.945903667016
10620,1.7794534414861118e-06,1.0,,,False,True,False,837.9787037919741
10630,1.7756250372258364e-06,1.0,,,False,True,False,839.0261918751057
10640,1.7732595551933628e-06,1.0,,,False,True,False,840.1117873340845
10650,1.7689953892841004e-06,1.0,,,False,True,False,841.2293529999442
10660,1.766878881426237e-06,1.0,,,False,True,False,842.3441103340592
10670,1.7632995650274097e-06,1.0,,,False,True,False,843.3467335421592
10680,1.758537337082089e-06,1.0,,,False,True,False,844.3642194999848
10690,1.7557360934006283e-06,1.0,,,False,True,False,845.1760183339939
10700,1.7520633264211938e-06,1.0,0.0003509738016873598,1.0,True,True,False,845.970868792152
10710,1.7486396473032073e-06,1.0,,,False,True,False,846.7733588339761
10720,1.745402528285922e-06,1.0,,,False,True,False,847.4991335840896
10730,1.7427257716917666e-06,1.0,,,False,True,False,848.3954536670353
10740,1.7406092638339032e-06,1.0,,,False,True,False,849.1112188750412
10750,1.7351312635582872e-06,1.0,,,False,True,False,849.847697542049
10760,1.7325168073512032e-06,1.0,,,False,True,False,850.5616955000442
10770,1.7290618643528433e-06,1.0,,,False,True,False,851.3312628751155
10780,1.7252023098990321e-06,1.0,,,False,True,False,852.158592083957
10790,1.7232104028153117e-06,1.0,,,False,True,False,852.8507397500798
10800,1.718417138363293e-06,1.0,0.0003601683129090816,1.0,True,True,False,853.6175349589903
10810,1.715678081382066e-06,1.0,,,False,True,False,854.3961246251129
10820,1.7121609516834724e-06,1.0,,,False,True,False,855.2262763341423
10830,1.7076789617931354e-06,1.0,,,False,True,False,856.0204202921595
10840,1.704410806269152e-06,1.0,,,False,True,False,856.7535907919519
10850,1.7001777905534254e-06,1.0,,,False,True,False,857.5403532921337
10860,1.6974387335721985e-06,1.0,,,False,True,False,858.1578925419599
10870,1.6942640286288224e-06,1.0,,,False,True,False,858.8829592501279
10880,1.6912138107727515e-06,1.0,,,False,True,False,859.4062249590643
10890,1.6862960592334275e-06,1.0,,,False,True,False,859.9338700841181
10900,1.68190740623686e-06,1.0,0.00037072793929837644,1.0,True,True,False,860.5059082501102
10910,1.6776432403275976e-06,1.0,,,False,True,False,861.0887730841059
10920,1.6746552091717604e-06,1.0,,,False,True,False,861.9132035840303
10930,1.6709202554920921e-06,1.0,,,False,True,False,862.7373579170089
10940,1.6660646906530019e-06,1.0,,,False,True,False,863.5993239590898
10950,1.6633257473586127e-06,1.0,,,False,True,False,864.4352791670244
10960,1.6575364725213149e-06,1.0,,,False,True,False,865.0184921249747
10970,1.6531478195247473e-06,1.0,,,False,True,False,865.5451729169581
10980,1.6501909385624458e-06,1.0,,,False,True,False,866.132966666948
10990,1.6457399851788068e-06,1.0,,,False,True,False,866.9238229999319
11000,1.6416003063568496e-06,1.0,0.0003836486139334738,1.0,True,True,False,867.5798699590378
11010,1.636620368117292e-06,1.0,,,False,True,False,868.2225980421063
11020,1.6322317151207244e-06,1.0,,,False,True,False,869.0386691249441
11030,1.6276251244562445e-06,1.0,,,False,True,False,869.7630451249424
11040,1.6218048131122487e-06,1.0,,,False,True,False,870.5163924170192
11050,1.6184432070076582e-06,1.0,,,False,True,False,871.3364532920532
11060,1.611969196346763e-06,1.0,,,False,True,False,871.923138209153
11070,1.6066468333519879e-06,1.0,,,False,True,False,872.6809954170603
11080,1.6014489574445179e-06,1.0,,,False,True,False,873.2647504589986
11090,1.5959086567818304e-06,1.0,,,False,True,False,873.8507772090379
11100,1.5895591332082404e-06,1.0,0.0003961129696108401,1.0,True,True,False,874.5967670001555
11110,1.5850771433179034e-06,1.0,,,False,True,False,875.234675334068
11120,1.5813732261449331e-06,1.0,,,False,True,False,875.8849007501267
11130,1.5786964695507777e-06,1.0,,,False,True,False,876.509225375019
11140,1.5759885627630865e-06,1.0,,,False,True,False,877.2501253341325
11150,1.573903205098759e-06,1.0,,,False,True,False,878.0659119591583
11160,1.5686741789977532e-06,1.0,,,False,True,False,878.7750310420524
11170,1.5654060234737699e-06,1.0,,,False,True,False,879.4447522500996
11180,1.5640365518265753e-06,1.0,,,False,True,False,880.2640862499829
11190,1.5596789353367058e-06,1.0,,,False,True,False,880.9521316669416
11200,1.5551036085525993e-06,1.0,0.0004173056804575026,1.0,True,True,False,881.6689114170149
11210,1.5521779914706713e-06,1.0,,,False,True,False,882.3354905000888
11220,1.5477893384741037e-06,1.0,,,False,True,False,883.0042969170026
11230,1.544770043437893e-06,1.0,,,False,True,False,883.8241026669275
11240,1.5405370277221664e-06,1.0,,,False,True,False,884.5604784591123
11250,1.536988747830037e-06,1.0,,,False,True,False,885.1506944170687
11260,1.5349345403592451e-06,1.0,,,False,True,False,885.975508084055
11270,1.5301723124139244e-06,1.0,,,False,True,False,886.6898508339655
11280,1.5266863329088665e-06,1.0,,,False,True,False,887.4421683340333
11290,1.521861918263312e-06,1.0,,,False,True,False,888.258212834131
11300,1.5182203014774132e-06,1.0,0.00044626594171859324,1.0,True,True,False,888.8653767090291
11310,1.5150144463405013e-06,1.0,,,False,True,False,889.4942434169352
11320,1.5110615549929207e-06,1.0,,,False,True,False,890.1942074589897
11330,1.5071398138388759e-06,1.0,,,False,True,False,890.8287995839491
11340,1.5028757616164512e-06,1.0,,,False,True,False,891.515421750024
11350,1.4983626215325785e-06,1.0,,,False,True,False,892.2408970841207
11360,1.49266668358905e-06,1.0,,,False,True,False,892.8701655841433
11370,1.4889627664160798e-06,1.0,,,False,True,False,893.5170645839535
11380,1.4844807765257428e-06,1.0,,,False,True,False,894.2710191251244
11390,1.4771974292671075e-06,1.0,,,False,True,False,894.7758598339278
11400,1.4722486412210856e-06,1.0,0.0004781914467457682,1.0,True,True,False,895.6667490000837
11410,1.4664904028904857e-06,1.0,,,False,True,False,896.4740203339607
11420,1.4608567653340288e-06,1.0,,,False,True,False,897.1536571669858
11430,1.4546628790412797e-06,1.0,,,False,True,False,897.7589068750385
11440,1.4501185887638712e-06,1.0,,,False,True,False,898.3257679170929
11450,1.443644578102976e-06,1.0,,,False,True,False,898.86502091703
11460,1.4373573549164576e-06,1.0,,,False,True,False,899.6593006670009
11470,1.4317859040602343e-06,1.0,,,False,True,False,900.2834246249404
11480,1.4255920177674852e-06,1.0,,,False,True,False,900.9788135839626
11490,1.4194603181749699e-06,1.0,,,False,True,False,901.7667527089361
11500,1.413235281688685e-06,1.0,0.0005089584155939519,1.0,True,True,False,902.4765495839529
11510,1.408193043062056e-06,1.0,,,False,True,False,903.062220874941
11520,1.4020924936630763e-06,1.0,,,False,True,False,903.6922050840221
11530,1.3974548664918984e-06,1.0,,,False,True,False,904.4664085421246
11540,1.392412741552107e-06,1.0,,,False,True,False,905.2015230001416
11550,1.3858452803106047e-06,1.0,,,False,True,False,905.7986309591215
11560,1.3792467825624044e-06,1.0,,,False,True,False,906.3969139170367
11570,1.3748893934462103e-06,1.0,,,False,True,False,907.0929659591056
11580,1.3684775694855489e-06,1.0,,,False,True,False,907.7805103750434
11590,1.3615989473692025e-06,1.0,,,False,True,False,908.4479483340401
11600,1.3561209470935864e-06,1.0,0.0005444161943159997,1.0,True,True,False,909.164507834008
11610,1.3498336102202302e-06,1.0,,,False,True,False,909.8828916249331
11620,1.3437642110147863e-06,1.0,,,False,True,False,910.5073980421294
11630,1.3390954336500727e-06,1.0,,,False,True,False,911.2436725420412
11640,1.3327460237633204e-06,1.0,,,False,True,False,911.8837491250597
11650,1.3273303238747758e-06,1.0,,,False,True,False,912.5769351250492
11660,1.3223501582615427e-06,1.0,,,False,True,False,913.2092025419697
11670,1.3175881576898973e-06,1.0,,,False,True,False,913.8422172919381
11680,1.3137286032360862e-06,1.0,,,False,True,False,914.4694845001213
11690,1.308375203734613e-06,1.0,,,False,True,False,915.1048113340512
11700,1.3023056908423314e-06,1.0,0.0005680736503563821,1.0,True,True,False,915.767389500048
11710,1.2980416386199067e-06,1.0,,,False,True,False,916.4244300839491
11720,1.2934038977618911e-06,1.0,,,False,True,False,917.1852405420505
11730,1.288330622628564e-06,1.0,,,False,True,False,917.8484498341568
11740,1.2831949334213277e-06,1.0,,,False,True,False,918.598523291992
11750,1.2791487051799777e-06,1.0,,,False,True,False,919.2807909999974
11760,1.273639554710826e-06,1.0,,,False,True,False,919.9323414589744
11770,1.270620373361453e-06,1.0,,,False,True,False,920.5877482921351
11780,1.2655158343477524e-06,1.0,,,False,True,False,921.1389560000971
11790,1.2603802588273538e-06,1.0,,,False,True,False,921.687822625041
11800,1.254590983990056e-06,1.0,0.0006097817677073181,1.0,True,True,False,922.434581000125
11810,1.248708258572151e-06,1.0,,,False,True,False,923.1816939590499
11820,1.2442574188753497e-06,1.0,,,False,True,False,923.7914767090697
11830,1.236289335793117e-06,1.0,,,False,True,False,924.4733324169647
11840,1.2294730140638421e-06,1.0,,,False,True,False,925.2136335840914
11850,1.222283117385814e-06,1.0,,,False,True,False,925.9554345840588
11860,1.2179256145827821e-06,1.0,,,False,True,False,926.6043011669535
11870,1.2112958529542084e-06,1.0,,,False,True,False,927.2758068339899
11880,1.2063159147146507e-06,1.0,,,False,True,False,928.0698824170977
11890,1.1990949815299246e-06,1.0,,,False,True,False,928.8796291670296
11900,1.1934301937799319e-06,1.0,0.0006498625734820962,1.0,True,True,False,929.778134000022
11910,1.1871428569065756e-06,1.0,,,False,True,False,930.360212208936
11920,1.1805132089648396e-06,1.0,,,False,True,False,930.964862999972
11930,1.1755954574255156e-06,1.0,,,False,True,False,931.6002283340786
11940,1.1698684829752892e-06,1.0,,,False,True,False,932.2532351249829
11950,1.1642658819255303e-06,1.0,,,False,True,False,933.0214732091408
11960,1.1582899333006935e-06,1.0,,,False,True,False,933.6493123341352
11970,1.1540879540916649e-06,1.0,,,False,True,False,934.2530921669677
11980,1.1477695807116106e-06,1.0,,,False,True,False,934.9124043339398
11990,1.1405796840335825e-06,1.0,,,False,True,False,935.6889158340637
12000,1.1349148962835898e-06,1.0,0.0006786829326301813,1.0,True,True,False,936.533564834157
12010,1.1276005125182564e-06,1.0,,,False,True,False,937.1231099590659
12020,1.1210020147700561e-06,1.0,,,False,True,False,937.8290097501595
12030,1.1140610922666383e-06,1.0,,,False,True,False,938.5106562499423
12040,1.1052526360799675e-06,1.0,,,False,True,False,939.0489650419913
12050,1.0986541383317672e-06,1.0,,,False,True,False,939.7322033341043
12060,1.0908107697105152e-06,1.0,,,False,True,False,940.4350819590036
12070,1.082780386241211e-06,1.0,,,False,True,False,941.0636663751211
12080,1.0740342304416117e-06,1.0,,,False,True,False,941.6667572499719
12090,1.067062271431496e-06,1.0,,,False,True,False,942.3573972501326
12100,1.0599657116472372e-06,1.0,0.0007062033982947469,1.0,True,True,False,943.1142557919957
12110,1.0552657840889879e-06,1.0,,,False,True,False,943.7813092919532
12120,1.0474224154677358e-06,1.0,,,False,True,False,944.4772379591595
12130,1.0420066018923535e-06,1.0,,,False,True,False,945.0361979170702
12140,1.0359060524933739e-06,1.0,,,False,True,False,945.6612836669665
12150,1.029245254358102e-06,1.0,,,False,True,False,946.3614089591429
12160,1.0222732953479863e-06,1.0,,,False,True,False,946.9439756670035
12170,1.0156436474062502e-06,1.0,,,False,True,False,947.5521464589983
12180,1.0102278338308679e-06,1.0,,,False,True,False,948.2538482919335
12190,1.0034113984147552e-06,1.0,,,False,True,False,948.9773041249719
12200,9.98804921437113e-07,1.0,0.0007191399927251041,1.0,True,True,False,949.6871073341463
12210,9.939493565980229e-07,1.0,,,False,True,False,950.4826415420976
12220,9.889382681649295e-07,1.0,,,False,True,False,951.1068739590701
12230,9.839893664320698e-07,1.0,,,False,True,False,951.7209956671577
12240,9.801298119782587e-07,1.0,,,False,True,False,952.4369502090849
12250,9.761147339304443e-07,1.0,,,False,True,False,953.0432226669509
12260,9.722862159833312e-07,1.0,,,False,True,False,953.8220476671122
12270,9.680843504611403e-07,1.0,,,False,True,False,954.3921562919859
12280,9.65781168815738e-07,1.0,,,False,True,False,955.1277755841147
12290,9.629487749407417e-07,1.0,,,False,True,False,955.8658412499353
12300,9.591826710675377e-07,1.0,0.0007406357326544821,1.0,True,True,False,956.5458483339753
12310,9.546072305965936e-07,1.0,,,False,True,False,957.236927542137
12320,9.503431215307501e-07,1.0,,,False,True,False,957.8356212920044
12330,9.457054943595722e-07,1.0,,,False,True,False,958.4506961670704
12340,9.425307325727772e-07,1.0,,,False,True,False,959.1039327089675
12350,9.384844474880083e-07,1.0,,,False,True,False,959.8599232090637
12360,9.340647011413239e-07,1.0,,,False,True,False,960.5671600000933
12370,9.297383485318278e-07,1.0,,,False,True,False,961.2090199589729
12380,9.266258302886854e-07,1.0,,,False,True,False,961.8556422919501
12390,9.241669545190234e-07,1.0,,,False,True,False,962.5042826670688
12400,9.218014156431309e-07,1.0,0.0007569015142507851,1.0,True,True,False,963.2592394170351
12410,9.188134413307125e-07,1.0,,,False,True,False,963.9797900000121
12420,9.158254101748753e-07,1.0,,,False,True,False,964.7012515841052
12430,9.119970059145999e-07,1.0,,,False,True,False,965.3119910419919
12440,9.086043633033114e-07,1.0,,,False,True,False,966.0148118750658
12450,9.063633683581429e-07,1.0,,,False,True,False,966.7663886251394
12460,9.039667361321335e-07,1.0,,,False,True,False,967.3871407089755
12470,9.015389537125884e-07,1.0,,,False,True,False,967.8761214171536
12480,8.970569638222514e-07,1.0,,,False,True,False,968.512728583999
12490,8.925749170884956e-07,1.0,,,False,True,False,969.2636388749816
12500,8.900849479687167e-07,1.0,0.000795588712207973,1.0,True,True,False,970.0810369590763
12510,8.851982897795097e-07,1.0,,,False,True,False,970.6981494589709
12520,8.804672688711435e-07,1.0,,,False,True,False,971.3217753339559
12530,8.784440979070496e-07,1.0,,,False,True,False,972.0688409591094
12540,8.753004863137903e-07,1.0,,,False,True,False,972.7779012920801
12550,8.731528282623913e-07,1.0,,,False,True,False,973.3251217920333
12560,8.712542012290214e-07,1.0,,,False,True,False,974.0211081251036
12570,8.699780664755963e-07,1.0,,,False,True,False,974.5860428749584
12580,8.669277917761065e-07,1.0,,,False,True,False,975.2278175000101
12590,8.638153303763829e-07,1.0,,,False,True,False,975.9209872090723
12600,8.596134080107731e-07,1.0,0.0008550095371901989,1.0,True,True,False,976.6296602920629
12610,8.565631901547022e-07,1.0,,,False,True,False,977.248325875029
12620,8.518633194398717e-07,1.0,,,False,True,False,977.8557904169429
12630,8.481594022669015e-07,1.0,,,False,True,False,978.553289459087
12640,8.444866352874669e-07,1.0,,,False,True,False,979.101917583961
12650,8.409695055888733e-07,1.0,,,False,True,False,979.6615616250783
12660,8.391953656428086e-07,1.0,,,False,True,False,980.1868118750863
12670,8.375768629775848e-07,1.0,,,False,True,False,980.7845242090989
12680,8.328458989126375e-07,1.0,,,False,True,False,981.2869092500769
12690,8.309472718792676e-07,1.0,,,False,True,False,981.8920357921161
12700,8.250957534983172e-07,1.0,0.0009212425793521106,1.0,True,True,False,982.7150330420118
12710,8.222633596233209e-07,1.0,,,False,True,False,983.5205374590587
12720,8.181859811884351e-07,1.0,,,False,True,False,984.2809959999286
12730,8.129258048938937e-07,1.0,,,False,True,False,984.9138355420437
12740,8.111205715977121e-07,1.0,,,False,True,False,985.635072333971
12750,8.079146596173814e-07,1.0,,,False,True,False,986.3121432091575
12760,8.051134159359208e-07,1.0,,,False,True,False,987.1512802089565
12770,8.047088044804696e-07,1.0,,,False,True,False,987.8225539170671
12780,8.018764106054732e-07,1.0,,,False,True,False,988.472075042082
12790,7.997287525540742e-07,1.0,,,False,True,False,989.2673352919519
12800,7.964607107169286e-07,1.0,0.0009481836459599435,1.0,True,True,False,989.9574096249416
12810,7.93970627910312e-07,1.0,,,False,True,False,990.7363897089381
12820,7.90671322192793e-07,1.0,,,False,True,False,991.4178577091079
12830,7.852245289541315e-07,1.0,,,False,True,False,991.9328067919705
12840,7.815517051312781e-07,1.0,,,False,True,False,992.5519337500446
12850,7.770074148538697e-07,1.0,,,False,True,False,993.2785399591085
12860,7.739571969977987e-07,1.0,,,False,True,False,993.9071804170962
12870,7.71778388752864e-07,1.0,,,False,True,False,994.6643906671088
12880,7.721208135080815e-07,1.0,,,False,True,False,995.4303959589452
12890,7.686348340030236e-07,1.0,,,False,True,False,996.2078217500821
12900,7.663937822144362e-07,1.0,0.000977907795459032,1.0,True,True,False,997.0586949170101
12910,7.624408908668556e-07,1.0,,,False,True,False,997.8325665420853
12920,7.629388960594952e-07,1.0,,,False,True,False,998.5592713749502
12930,7.606667509207909e-07,1.0,,,False,True,False,999.181747334078
12940,7.57896657432866e-07,1.0,,,False,True,False,999.8743839170784
12950,7.5761653306472e-07,1.0,,,False,True,False,1000.5777185419574
12960,7.533212169619219e-07,1.0,,,False,True,False,1001.1044819999952
12970,7.502088124056172e-07,1.0,,,False,True,False,1001.6278729171026
12980,7.48528009353322e-07,1.0,,,False,True,False,1002.1688821250573
12990,7.485902528969746e-07,1.0,,,False,True,False,1002.9533965841401
13000,7.417116307806282e-07,1.0,0.0010329115903005004,1.0,True,True,False,1003.6055494591128
13010,7.389105007860053e-07,1.0,,,False,True,False,1004.1489026669879
13020,7.349576094384247e-07,1.0,,,False,True,False,1004.7235627090558
13030,7.334013503168535e-07,1.0,,,False,True,False,1005.374453458935
13040,7.27861049654166e-07,1.0,,,False,True,False,1005.8969164590817
13050,7.261491532517539e-07,1.0,,,False,True,False,1006.4502059591468
13060,7.237213708322088e-07,1.0,,,False,True,False,1007.0689174591098
13070,7.221029250104039e-07,1.0,,,False,True,False,1007.8077218751423
13080,7.183679144873167e-07,1.0,,,False,True,False,1008.5888834591024
13090,7.141971423152427e-07,1.0,,,False,True,False,1009.3569266670384
13100,7.100263701431686e-07,1.0,0.0010449665132910013,1.0,True,True,False,1010.139957583975
13110,7.066025773383444e-07,1.0,,,False,True,False,1010.90604058397
13120,7.007822091509297e-07,1.0,,,False,True,False,1011.6142607501242
13130,6.959266443118395e-07,1.0,,,False,True,False,1012.1263361671008
13140,6.930942504368431e-07,1.0,,,False,True,False,1012.7622588339727
13150,6.886745040901587e-07,1.0,,,False,True,False,1013.5257088339422
13160,6.85188467741682e-07,1.0,,,False,True,False,1014.1171738749836
13170,6.793991929043841e-07,1.0,,,False,True,False,1014.8547084170859
13180,6.750729539817257e-07,1.0,,,False,True,False,1015.4847215840127
13190,6.716801976835995e-07,1.0,,,False,True,False,1016.2929175421596
13200,6.661087468273763e-07,1.0,0.0010502334916964173,1.0,True,True,False,1017.1490245840978
13210,6.629341555708379e-07,1.0,,,False,True,False,1017.9590310419444
13220,6.597904871341598e-07,1.0,,,False,True,False,1018.763966999948
13230,6.565223316101765e-07,1.0,,,False,True,False,1019.5569922090508
13240,6.521337354570278e-07,1.0,,,False,True,False,1020.3623987089377
13250,6.487721861958562e-07,1.0,,,False,True,False,1021.0450504589826
13260,6.452239063037268e-07,1.0,,,False,True,False,1021.7097436250187
13270,6.431385486393992e-07,1.0,,,False,True,False,1022.5350436670706
13280,6.412399216060294e-07,1.0,,,False,True,False,1023.3681509171147
13290,6.375981911332929e-07,1.0,,,False,True,False,1024.1836280000862
13300,6.349525847326731e-07,1.0,0.0010183198610320687,1.0,True,True,False,1024.976598083973
13310,6.299414394561609e-07,1.0,,,False,True,False,1025.7388946670108
13320,6.262998795136809e-07,1.0,,,False,True,False,1026.524565000087
13330,6.242766517061682e-07,1.0,,,False,True,False,1027.29661316704
13340,6.224403250598698e-07,1.0,,,False,True,False,1027.825056917034
13350,6.215065013748244e-07,1.0,,,False,True,False,1028.4152886669617
13360,6.200436359904415e-07,1.0,,,False,True,False,1029.0659522500355
13370,6.178959779390425e-07,1.0,,,False,True,False,1029.6314186670352
13380,6.154683092063351e-07,1.0,,,False,True,False,1030.154024583986
13390,6.15499402556452e-07,1.0,,,False,True,False,1030.7892036249395
13400,6.147212161522475e-07,1.0,0.0010013867868110538,1.0,True,True,False,1031.3557565000374
13410,6.115465112088714e-07,1.0,,,False,True,False,1031.9552022919524
13420,6.112041432970727e-07,1.0,,,False,True,False,1032.7162052921485
13430,6.109551691224624e-07,1.0,,,False,True,False,1033.3471175001469
13440,6.083406560719595e-07,1.0,,,False,True,False,1034.0155725840013
13450,6.03952003075392e-07,1.0,,,False,True,False,1034.6108780000359
13460,6.067843969503883e-07,1.0,,,False,True,False,1035.1295183750335
13470,6.002480859024217e-07,1.0,,,False,True,False,1035.655340375146
13480,6.029248424965772e-07,1.0,,,False,True,False,1036.238783000037
13490,5.991897751300712e-07,1.0,,,False,True,False,1036.7628357091453
13500,5.971355108158605e-07,1.0,0.0010285237804055214,1.0,True,True,False,1037.4986519999802
13510,5.968244067844353e-07,1.0,,,False,True,False,1038.2553283751477
13520,5.933382567491208e-07,1.0,,,False,True,False,1038.8238281670492
13530,5.924979973315203e-07,1.0,,,False,True,False,1039.376653250074
13540,5.917510179642704e-07,1.0,,,False,True,False,1039.9329458340071
13550,5.884828055968683e-07,1.0,,,False,True,False,1040.5242878750432
13560,5.878914635104593e-07,1.0,,,False,True,False,1041.1521331670228
13570,5.826313440593367e-07,1.0,,,False,True,False,1041.6611824589781
13580,5.771844371338375e-07,1.0,,,False,True,False,1042.1654500421137
13590,5.728580276809225e-07,1.0,,,False,True,False,1042.6642827091273
13600,5.682514938598615e-07,1.0,0.001061722869053483,1.0,True,True,False,1043.2324950420298
13610,5.656681878463132e-07,1.0,,,False,True,False,1043.8297600420192
13620,5.614663223241223e-07,1.0,,,False,True,False,1044.6523313750513
13630,5.541518817153701e-07,1.0,,,False,True,False,1045.4703674169723
13640,5.501989903677895e-07,1.0,,,False,True,False,1046.2552133749705
13650,5.461215550894849e-07,1.0,,,False,True,False,1046.9281970420852
13660,5.409858658822486e-07,1.0,,,False,True,False,1047.4975369591266
13670,5.371886686589278e-07,1.0,,,False,True,False,1048.0265906669665
13680,5.333602643986524e-07,1.0,,,False,True,False,1048.6759949170519
13690,5.290339117891563e-07,1.0,,,False,True,False,1049.4709244170226
13700,5.288160309646628e-07,1.0,0.001029514241963625,1.0,True,True,False,1050.3113741669804
13710,5.275398962112376e-07,1.0,,,False,True,False,1051.1334308751393
13720,5.263571551950008e-07,1.0,,,False,True,False,1051.946436834056
13730,5.243339842309069e-07,1.0,,,False,True,False,1052.7496254169382
13740,5.206612172514724e-07,1.0,,,False,True,False,1053.5554295841139
13750,5.202566057960212e-07,1.0,,,False,True,False,1054.3182200000156
13760,5.177977300263592e-07,1.0,,,False,True,False,1055.0103284169454
13770,5.170818440092262e-07,1.0,,,False,True,False,1055.7774189589545
13780,5.149341859578271e-07,1.0,,,False,True,False,1056.5795310840476
13790,5.136269578542851e-07,1.0,,,False,True,False,1057.3809852921404
13800,5.133779268362559e-07,1.0,0.0010407185181975365,1.0,True,True,False,1058.2469971249811
13810,5.113237193654641e-07,1.0,,,False,True,False,1059.0341038750485
13820,5.086780561214255e-07,1.0,,,False,True,False,1059.869768459117
13830,5.064681545263738e-07,1.0,,,False,True,False,1060.6008435420226
13840,5.075264084553055e-07,1.0,,,False,True,False,1061.3650227920152
13850,5.0484965186115e-07,1.0,,,False,True,False,1062.2153445000295
13860,5.030444185649685e-07,1.0,,,False,True,False,1062.8247306251433
13870,5.014570092498616e-07,1.0,,,False,True,False,1063.5661970840301
13880,5.009279107071052e-07,1.0,,,False,True,False,1064.3335954591166
13890,4.985935220247484e-07,1.0,,,False,True,False,1065.0955245420337
13900,4.971306566403655e-07,1.0,0.0010857140878215432,1.0,True,True,False,1065.9766000420786
13910,4.944849933963269e-07,1.0,,,False,True,False,1066.7524668751284
13920,4.928042471874505e-07,1.0,,,False,True,False,1067.3575461669825
13930,4.912479880658793e-07,1.0,,,False,True,False,1067.9625772919971
13940,4.899096097688016e-07,1.0,,,False,True,False,1068.620324500138
13950,4.891625735581329e-07,1.0,,,False,True,False,1069.438573291991
13960,4.868281848757761e-07,1.0,,,False,True,False,1070.2126474999823
13970,4.852719257542049e-07,1.0,,,False,True,False,1070.768677416956
13980,4.840269411943154e-07,1.0,,,False,True,False,1071.5420732919592
13990,4.802919306712283e-07,1.0,,,False,True,False,1072.3180235000327
14000,4.7559203153468843e-07,1.0,0.0011487448355183005,1.0,True,True,False,1073.00439091702
14010,4.6983387846921687e-07,1.0,,,False,True,False,1073.8087901670951
14020,4.689312618211261e-07,1.0,,,False,True,False,1074.6225624999497
14030,4.670326063660468e-07,1.0,,,False,True,False,1075.3693926250562
14040,4.640134818600927e-07,1.0,,,False,True,False,1075.9045491670258
14050,4.635154766674532e-07,1.0,,,False,True,False,1076.4223749591038
14060,4.624572227385215e-07,1.0,,,False,True,False,1077.1058529170696
14070,4.5990495323167124e-07,1.0,,,False,True,False,1077.8849467500113
14080,4.597493443725398e-07,1.0,,,False,True,False,1078.6874071250204
14090,4.5707261620009376e-07,1.0,,,False,True,False,1079.481543791946
14100,4.557342094813066e-07,1.0,0.0011990302009508014,1.0,True,True,False,1080.2813179169316
14110,4.557030877094803e-07,1.0,,,False,True,False,1081.0206781669986
14120,4.5383558244793676e-07,1.0,,,False,True,False,1081.7130815419368
14130,4.5321309016799205e-07,1.0,,,False,True,False,1082.4557509999722
14140,4.5159458750276826e-07,1.0,,,False,True,False,1083.1762033749837
14150,4.501939372403285e-07,1.0,,,False,True,False,1083.7919759170618
14160,4.4776618324249284e-07,1.0,,,False,True,False,1084.4279300000053
14170,4.4848206925962586e-07,1.0,,,False,True,False,1085.0012835420202
14180,4.473926935588679e-07,1.0,,,False,True,False,1085.6971466669347
14190,4.4409344468476775e-07,1.0,,,False,True,False,1086.4904593750834
14200,4.4400005094757944e-07,1.0,0.0012256387853994966,1.0,True,True,False,1087.3461137090344
14210,4.41385566318786e-07,1.0,,,False,True,False,1088.004919584142
14220,4.4250606379137025e-07,1.0,,,False,True,False,1088.7992986249737
14230,4.391134211800818e-07,1.0,,,False,True,False,1089.3429560840596
14240,4.3855317244378966e-07,1.0,,,False,True,False,1089.9458550841082
14250,4.369346697785659e-07,1.0,,,False,True,False,1090.610196209047
14260,4.3634329927044746e-07,1.0,,,False,True,False,1091.1545595000498
14270,4.3463140286803537e-07,1.0,,,False,True,False,1091.787571541965
14280,4.321102835547208e-07,1.0,,,False,True,False,1092.3219807920977
14290,4.333552681146102e-07,1.0,,,False,True,False,1092.830304000061
14300,4.320480115893588e-07,1.0,0.0012711285380646586,1.0,True,True,False,1093.5245227920823
14310,4.2853088189076516e-07,1.0,,,False,True,False,1094.306969834026
14320,4.280328766981256e-07,1.0,,,False,True,False,1095.037841834128
14330,4.2681898548835306e-07,1.0,,,False,True,False,1095.7637726671528
14340,4.2600973415574117e-07,1.0,,,False,True,False,1096.4608957921155
14350,4.242978661750385e-07,1.0,,,False,True,False,1097.2220681670588
14360,4.2485811491133063e-07,1.0,,,False,True,False,1097.800758708967
14370,4.235819801579055e-07,1.0,,,False,True,False,1098.3951730420813
14380,4.195979670384986e-07,1.0,,,False,True,False,1099.1658951670397
14390,4.19473451529484e-07,1.0,,,False,True,False,1099.8545886250213
14400,4.181973451977683e-07,1.0,0.0013386862119659781,1.0,True,True,False,1100.6991797499359
14410,4.1717021304066293e-07,1.0,,,False,True,False,1101.3744138749316
14420,4.158940782872378e-07,1.0,,,False,True,False,1101.8913936249446
14430,4.155516819537297e-07,1.0,,,False,True,False,1102.4534246250987
14440,4.1455569999016006e-07,1.0,,,False,True,False,1103.2555368340109
14450,4.1166106257151114e-07,1.0,,,False,True,False,1104.0145992089529
14460,4.1222131130780326e-07,1.0,,,False,True,False,1104.7946935840882
14470,4.104782931335649e-07,1.0,,,False,True,False,1105.5583485420793
14480,4.080505391357292e-07,1.0,,,False,True,False,1106.1395587921143
14490,4.070856505222764e-07,1.0,,,False,True,False,1106.9448631249834
14500,4.050625364016014e-07,1.0,0.001404459704644978,1.0,True,True,False,1107.8549541670363
14510,4.03973132279134e-07,1.0,,,False,True,False,1108.5730048750993
14520,4.034128835428419e-07,1.0,,,False,True,False,1109.313791041961
14530,4.0148313473764574e-07,1.0,,,False,True,False,1109.9989471249282
14540,4.0014478486227745e-07,1.0,,,False,True,False,1110.6990954999346
14550,3.986507408626494e-07,1.0,,,False,True,False,1111.226230584085
14560,3.965031112329598e-07,1.0,,,False,True,False,1111.7220197501592
14570,3.941687509723124e-07,1.0,,,False,True,False,1112.3141690420453
14580,3.9404426388500724e-07,1.0,,,False,True,False,1113.0004750001244
14590,3.9152311614998325e-07,1.0,,,False,True,False,1113.5665562089998
14600,3.89033118608495e-07,1.0,0.0014932671329006553,1.0,True,True,False,1114.3546738750301
14610,3.879748646795633e-07,1.0,,,False,True,False,1115.1079464589711
14620,3.855159604881919e-07,1.0,,,False,True,False,1115.7347755839583
14630,3.835550899111695e-07,1.0,,,False,True,False,1116.3129188341554
14640,3.8025578419365047e-07,1.0,,,False,True,False,1117.0752952089533
14650,3.777657866521622e-07,1.0,,,False,True,False,1117.6194726671092
14660,3.764896803204465e-07,1.0,,,False,True,False,1118.2276970420498
14670,3.7365728644545015e-07,1.0,,,False,True,False,1119.0392303341068
14680,3.715719003594131e-07,1.0,,,False,True,False,1119.8642041671555
14690,3.7135401953491964e-07,1.0,,,False,True,False,1120.6512860420626
14700,3.708248925704538e-07,1.0,0.001621203264221549,1.0,True,True,False,1121.288192667067
14710,3.6836601680079184e-07,1.0,,,False,True,False,1121.8679507919587
14720,3.66467389767422e-07,1.0,,,False,True,False,1122.391683083959
14730,3.6366611766425194e-07,1.0,,,False,True,False,1122.906538875075
14740,3.608337237892556e-07,1.0,,,False,True,False,1123.4182848341297
14750,3.5915297758037923e-07,1.0,,,False,True,False,1124.0932650840841
14760,3.576278402306343e-07,1.0,,,False,True,False,1124.8659871669952
14770,3.539239514793735e-07,1.0,,,False,True,False,1125.6421285420656
14780,3.5028230627176526e-07,1.0,,,False,True,False,1126.197272584075
14790,3.482902855012071e-07,1.0,,,False,True,False,1126.7106623749714
14800,3.463294149241847e-07,1.0,0.001769205671735108,1.0,True,True,False,1127.2946920001414
14810,3.420030054712697e-07,1.0,,,False,True,False,1127.923709209077
14820,3.404156245778722e-07,1.0,,,False,True,False,1128.4431831249967
14830,3.368051295637997e-07,1.0,,,False,True,False,1128.9555810000747
14840,3.36120365318493e-07,1.0,,,False,True,False,1129.7063724589534
14850,3.3384822017978877e-07,1.0,,,False,True,False,1130.4884424170014
14860,3.321674739709124e-07,1.0,,,False,True,False,1131.2422397499904
14870,3.2949071737675695e-07,1.0,,,False,True,False,1131.8420410000253
14880,3.2874370958779764e-07,1.0,,,False,True,False,1132.664907041937
14890,3.243550565912301e-07,1.0,,,False,True,False,1133.3217957089655
14900,3.213981756289286e-07,1.0,0.001889210194349289,1.0,True,True,False,1133.8944610841572
14910,3.2015316264732974e-07,1.0,,,False,True,False,1134.5237419169862
14920,3.207756833489839e-07,1.0,,,False,True,False,1135.090821458958
14930,3.1632478680876375e-07,1.0,,,False,True,False,1135.6197134170216
14940,3.14986408511686e-07,1.0,,,False,True,False,1136.3438742090948
14950,3.112202477950632e-07,1.0,,,False,True,False,1137.0029583750293
14960,3.0869912848174863e-07,1.0,,,False,True,False,1137.5740226251073
14970,3.071739911320037e-07,1.0,,,False,True,False,1138.1908363341354
14980,3.034078304153809e-07,1.0,,,False,True,False,1138.831254000077
14990,3.02598579082769e-07,1.0,,,False,True,False,1139.5126437500585
15000,3.0241184845181124e-07,1.0,0.002019640989601612,1.0,True,True,False,1140.257397416979
15010,2.978986799462291e-07,1.0,,,False,True,False,1140.9278289999347
15020,2.9736955298176326e-07,1.0,,,False,True,False,1141.6137593339663
15030,2.9307429372238403e-07,1.0,,,False,True,False,1142.2551511251368
15040,2.909266640926944e-07,1.0,,,False,True,False,1142.8694120419677
15050,2.8924591788381804e-07,1.0,,,False,True,False,1143.574216667097
15060,2.86444645780648e-07,1.0,,,False,True,False,1144.1422483751085
15070,2.833321275375056e-07,1.0,,,False,True,False,1144.8477655840106
15080,2.8031297460984206e-07,1.0,,,False,True,False,1145.5123096250463
15090,2.761733526313037e-07,1.0,,,False,True,False,1146.189954624977
15100,2.7424357540439814e-07,1.0,0.0022584828548133373,1.0,True,True,False,1146.7457332089543
15110,2.7100657007395057e-07,1.0,,,False,True,False,1147.5020473750774
15120,2.6590205948195944e-07,1.0,,,False,True,False,1148.3146479169372
15130,2.6033063704744563e-07,1.0,,,False,True,False,1149.1359424591064
15140,2.5591089070076123e-07,1.0,,,False,True,False,1149.8428846250754
15150,2.4884548111003824e-07,1.0,,,False,True,False,1150.5101629169658
15160,2.392589522060007e-07,1.0,,,False,True,False,1151.2228577090427
15170,2.3346966315784812e-07,1.0,,,False,True,False,1152.0083865420893
15180,2.280850139868562e-07,1.0,,,False,True,False,1152.8166702089366
15190,2.2655989084796602e-07,1.0,,,False,True,False,1153.6154047090095
15200,2.2447450476192898e-07,1.0,0.0028783392626792192,0.9998881306633851,True,True,False,1154.3797035841271
15210,2.228248661140242e-07,1.0,,,False,True,False,1155.113457000116
15220,2.2148648781694646e-07,1.0,,,False,True,False,1155.7994700840209
15230,2.1902759783642978e-07,1.0,,,False,True,False,1156.3507940841373
15240,2.1697334773307375e-07,1.0,,,False,True,False,1157.1093435001094
15250,2.1463895905071695e-07,1.0,,,False,True,False,1157.9098767500836
15260,2.1211782552654768e-07,1.0,,,False,True,False,1158.4894000841305
15270,2.13549583349959e-07,1.0,,,False,True,False,1159.014013624983
15280,2.1127743821125478e-07,1.0,,,False,True,False,1159.6883310419507
15290,2.0844505854711315e-07,1.0,,,False,True,False,1160.2795817500446
15300,2.0835167902077956e-07,1.0,0.003727554576471448,0.9996643919901554,True,True,False,1160.9682731670327
15310,2.0576828774210298e-07,1.0,,,False,True,False,1161.6575129590929
15320,2.0520803900581086e-07,1.0,,,False,True,False,1162.3684267499484
15330,2.041497850768792e-07,1.0,,,False,True,False,1163.1277810840402
15340,2.0278027079712047e-07,1.0,,,False,True,False,1163.9133217090275
15350,2.0290477209528035e-07,1.0,,,False,True,False,1164.7324731249828
15360,2.0069489892193815e-07,1.0,,,False,True,False,1165.5249080839567
15370,1.9966776676483278e-07,1.0,,,False,True,False,1166.297878709156
15380,1.9745787938063586e-07,1.0,,,False,True,False,1167.069175624987
15390,1.956214958909186e-07,1.0,,,False,True,False,1167.6957011669874
15400,1.9506124715462647e-07,1.0,0.005045165773481131,0.9991050453070813,True,True,False,1168.5310588339344
15410,1.9350498803305527e-07,1.0,,,False,True,False,1169.3346519169863
15420,1.9132622242068464e-07,1.0,,,False,True,False,1170.1307668341324
15430,1.9194872891148407e-07,1.0,,,False,True,False,1170.797341916943
15440,1.8980109928179445e-07,1.0,,,False,True,False,1171.4867852921598
15450,1.9683537288983644e-07,1.0,,,False,True,False,1172.026966250036
15460,1.931937276822282e-07,1.0,,,False,True,False,1172.716043750057
15470,1.8908521326466143e-07,1.0,,,False,True,False,1173.4664537089411
15480,1.885560863001956e-07,1.0,,,False,True,False,1174.0574269590434
15490,1.83233694883711e-07,1.0,,,False,True,False,1174.683511959156
15500,1.8441645011080254e-07,1.0,0.007323498371988535,0.9984338292873923,True,True,False,1175.4325200419407
15510,1.830780576028701e-07,1.0,,,False,True,False,1176.1333149999846
15520,1.8074368313136802e-07,1.0,,,False,True,False,1176.8427590839565
15530,1.83918444918163e-07,1.0,,,False,True,False,1177.6213169170078
15540,1.808059266750206e-07,1.0,,,False,True,False,1178.2664129589684
15550,1.7952979192159546e-07,1.0,,,False,True,False,1178.9811092920136
15560,1.823310640247655e-07,1.0,,,False,True,False,1179.5915883751586
15570,1.8251780886657798e-07,1.0,,,False,True,False,1180.2413874589838
15580,1.7937416885160928e-07,1.0,,,False,True,False,1180.895913625136
15590,1.824866870947517e-07,1.0,,,False,True,False,1181.5686522501055
15600,1.8413631153180177e-07,1.0,0.011996428482234478,0.997315135921244,True,True,False,1182.2991268751211
15610,1.8114830879767396e-07,1.0,,,False,True,False,1182.9906855840236
15620,1.808370484468469e-07,1.0,,,False,True,False,1183.7146897499915
15630,1.808059266750206e-07,1.0,,,False,True,False,1184.4513549171388
15640,1.8373168586549582e-07,1.0,,,False,True,False,1185.167673875112
15650,1.9387849192753492e-07,1.0,,,False,True,False,1185.7931119999848
15660,1.9157522501700441e-07,1.0,,,False,True,False,1186.4570949170738
15670,1.908593532107261e-07,1.0,,,False,True,False,1187.1471802089363
15680,1.8948983893096738e-07,1.0,,,False,True,False,1187.7525778340641
15690,1.894587171591411e-07,1.0,,,False,True,False,1188.489035417093
15700,1.9154410324517812e-07,1.0,0.024085672572255135,0.9947421411791028,True,True,False,1189.2824560841545
15710,1.9384735594485392e-07,1.0,,,False,True,False,1189.912733708974
15720,1.9285135977042955e-07,1.0,,,False,True,False,1190.6533540841192
15730,1.9652412674986408e-07,1.0,,,False,True,False,1191.3816456671339
15740,1.971154972579825e-07,1.0,,,False,True,False,1192.1093529590871
15750,1.9895188074769976e-07,1.0,,,False,True,False,1192.7527876670938
15760,2.0237564513081452e-07,1.0,,,False,True,False,1193.3614252919797
15770,2.0287365032345406e-07,1.0,,,False,True,False,1194.0670713749714
15780,2.0458553251501144e-07,1.0,,,False,True,False,1194.7351533339825
15790,2.0442990944502526e-07,1.0,,,False,True,False,1195.4065771671012
15800,2.0691992119736824e-07,1.0,0.05277153477072716,0.9907148450609687,True,True,False,1196.2825524590444
15810,2.118376869475469e-07,1.0,,,False,True,False,1196.985002834117
15820,2.1143306128124095e-07,1.0,,,False,True,False,1197.7102056669537
15830,2.1547933215515513e-07,1.0,,,False,True,False,1198.4503705420066
15840,2.164130847859269e-07,1.0,,,False,True,False,1199.1921098339371
15850,2.159150938041421e-07,1.0,,,False,True,False,1199.7748180001508
15860,2.1305157815731945e-07,1.0,,,False,True,False,1200.573765374953
15870,2.1323832299913192e-07,1.0,,,False,True,False,1201.2487186249346
15880,2.1541708861150255e-07,1.0,,,False,True,False,1201.86241870909
15890,2.1706671304855263e-07,1.0,,,False,True,False,1202.5635978749488
15900,2.188719747664436e-07,1.0,0.08638753741979599,0.9834433381810046,True,True,False,1203.341377709061
15910,2.2179773395691882e-07,1.0,,,False,True,False,1204.0553697091527
15920,2.2406987909562304e-07,1.0,,,False,True,False,1204.7199070421048
15930,2.2606188565532648e-07,1.0,,,False,True,False,1205.4836740840692
15940,2.297035308629347e-07,1.0,,,False,True,False,1206.12030395912
15950,2.3390542480683507e-07,1.0,,,False,True,False,1206.838382834103
15960,2.3636430057649704e-07,1.0,,,False,True,False,1207.5648744171485
15970,2.414065818356903e-07,1.0,,,False,True,False,1208.2974416669458
15980,2.446435871661379e-07,1.0,,,False,True,False,1209.0027754590847
15990,2.468534603394801e-07,1.0,,,False,True,False,1209.621930167079
16000,2.49810369723491e-07,1.0,0.12541617453098297,0.975053137934892,True,True,False,1210.394463625038
16010,2.5055737751245033e-07,1.0,,,False,True,False,1211.142839834094
16020,2.531096185975912e-07,1.0,,,False,True,False,1211.936954166973
16030,2.5447914708820463e-07,1.0,,,False,True,False,1212.7647348749451
16040,2.5320298391307006e-07,1.0,,,False,True,False,1213.4633223749697
16050,2.5164672479149885e-07,1.0,,,False,True,False,1214.096221667016
16060,2.481918386365578e-07,1.0,,,False,True,False,1214.7801230419427
16070,2.3785831615441566e-07,1.0,,,False,True,False,1215.4534084999468
16080,2.156349410142866e-07,1.0,,,False,True,False,1216.1366577921435
16090,1.8771571319575742e-07,1.0,,,False,True,False,1216.929500499973
16100,1.6471423691655218e-07,1.0,0.168365478515625,0.9645374202930976,True,True,False,1217.673615250038
16110,1.4731527642197761e-07,1.0,,,False,True,False,1218.3023409999441
16120,1.4096575284838764e-07,1.0,,,False,True,False,1218.8973769170698
16130,1.3648373453634122e-07,1.0,,,False,True,False,1219.7091914170887
16140,1.3545660237923585e-07,1.0,,,False,True,False,1220.5389333751518
16150,1.3442947022213048e-07,1.0,,,False,True,False,1221.2846446670592
16160,1.3760423200892546e-07,1.0,,,False,True,False,1221.9423072501086
16170,1.3763535378075176e-07,1.0,,,False,True,False,1222.5612870841287
16180,1.3897373207782948e-07,1.0,,,False,True,False,1223.3239081250504
16190,1.4065449249756057e-07,1.0,,,False,True,False,1224.0171837920789
16200,1.4146374383017246e-07,1.0,0.17903025448322296,0.960957601521423,True,True,False,1224.763296209043
16210,1.4336238507439703e-07,1.0,,,False,True,False,1225.4548840839416
16220,1.4768878031645727e-07,1.0,,,False,True,False,1226.2308003751095
16230,1.482490290527494e-07,1.0,,,False,True,False,1226.985889834119
16240,1.520462973303438e-07,1.0,,,False,True,False,1227.7234219589736
16250,1.5584356560793822e-07,1.0,,,False,True,False,1228.4024635001551
16260,1.5774219264130807e-07,1.0,,,False,True,False,1229.1080869589932
16270,1.6328247909314086e-07,1.0,,,False,True,False,1229.6221440420486
16280,1.6505660482835083e-07,1.0,,,False,True,False,1230.3198572499678
16290,1.6804462177333335e-07,1.0,,,False,True,False,1231.0701437920798
16300,1.706902565956625e-07,1.0,0.23248867690563202,0.9416042062870568,True,True,False,1231.790861000074
16308,7.837681770324707,0.643603133159269,10.077975273132324,0.5359659917216691,True,True,True,1232.3684055421036
16309,12.002103805541992,0.42637075718015666,16.771974563598633,0.32117686542118806,True,True,True,1232.555023791967
16310,10.37789535522461,0.4699738903394256,15.459488868713379,0.39120707014207406,True,True,True,1232.6699068751186
16311,9.550057411193848,0.6091383812010444,14.902619361877441,0.4375209755006153,True,True,True,1232.8187594590709
16312,8.195581436157227,0.6459530026109661,13.48269271850586,0.49367938248126186,True,True,True,1232.9541166250128
16313,4.960917949676514,0.7751958224543081,9.199959754943848,0.6025282470074953,True,True,True,1233.0599950840697
16314,2.5253233909606934,0.8592689295039164,5.32521915435791,0.7330797628370064,True,True,True,1233.202439834131
16315,1.3542040586471558,0.8942558746736292,3.7270541191101074,0.7682067345340642,True,True,True,1233.3045787089504
16320,0.05034280940890312,0.9895561357702349,1.3916767835617065,0.8741469963083119,True,True,False,1233.782514374936
16330,0.0006539035239256918,1.0,1.1721376180648804,0.9049110638773912,True,True,False,1234.5322302090935
16340,0.00030143230105750263,1.0,1.113227367401123,0.9103926613715181,True,True,False,1235.3020469590556
16350,0.00024144563940353692,1.0,1.0361822843551636,0.9116232240742812,True,True,False,1236.0124321249314
16360,0.00018317224748898298,1.0,1.0452020168304443,0.9087146213222955,True,True,False,1236.6004856671207
16370,0.00015947512292768806,1.0,1.1516520977020264,0.8968564716411231,True,True,False,1237.3339833340142
16380,0.0001409428077749908,1.0,1.3056273460388184,0.8797404631390536,True,True,False,1238.0088118340354
16390,0.0001075476102414541,1.0,1.4458203315734863,0.8669873587649626,True,True,False,1238.8071361670736
16400,6.270883022807539e-05,1.0,1.5648577213287354,0.8553529477570198,True,True,False,1239.6168044591323
16410,3.820178972091526e-05,1.0,1.6461533308029175,0.8452847074616847,True,True,False,1240.283852542052
16420,2.5267187083954923e-05,1.0,1.7117277383804321,0.8375657232352612,True,True,False,1241.078168959124
16430,1.5823654393898323e-05,1.0,1.7471864223480225,0.8297348696722229,True,True,False,1241.9446427500807
16440,8.50968081067549e-06,1.0,1.7559810876846313,0.8274974829399262,True,True,False,1242.6937043750659
16450,5.45092552783899e-06,1.0,1.7559082508087158,0.8263787895737779,True,True,False,1243.3501395841595
16460,3.072489334954298e-06,1.0,1.7589598894119263,0.8270500055934669,True,True,False,1244.124776083976
16470,1.883297386484628e-06,1.0,1.7689400911331177,0.8231345788119476,True,True,False,1244.8597977091558
16480,1.064628690983227e-06,1.0,1.787375569343567,0.8221277547824142,True,True,False,1245.470198458992
16490,6.445991402870277e-07,1.0,1.8051897287368774,0.8207853227430362,True,True,False,1246.0957315000705
16500,3.5824967881126213e-07,1.0,1.808877944946289,0.8197784987135026,True,True,False,1246.849842667114
