step,regime,num_layers,modulus,train_fraction,d_model,num_heads,d_mlp,parameter_count,hidden_matrix_count,initialization_scheme,train_loss,train_accuracy,test_loss,test_accuracy,elapsed_seconds,hidden_parameter_norm,auxiliary_parameter_norm,unembedding_parameter_norm,hidden_gradient_norm,auxiliary_gradient_norm,unembedding_gradient_norm,muon_applied_update_norm,muon_max_abs_applied_update,train_collapse_detected,generalization_collapse_detected,auxiliary_frozen,scheduled_freeze_step,hidden_applied_update_norm,hidden_gradient_component_norm,hidden_decay_component_norm,hidden_applied_update_rms,hidden_parameter_norm,auxiliary_applied_update_norm,auxiliary_gradient_component_norm,auxiliary_decay_component_norm,auxiliary_applied_update_rms,auxiliary_parameter_norm,readout_applied_update_norm,readout_gradient_component_norm,readout_decay_component_norm,readout_applied_update_rms,readout_parameter_norm
0,muon_no_ns,1,113,0.3,128,4,512,226048,4,nested_depth_one_shared_v2,5.186100959777832,0.007571801543235779,5.174230575561523,0.008390200324356556,0.42373300006147474,nan,nan,6.175757884979248,nan,nan,nan,nan,nan,0,0,0,,0.0,0.0,0.0,0.0,nan,0.0,0.0,0.0,0.0,nan,0.0,0.0,0.0,0.0,nan
100,muon_no_ns,1,113,0.3,128,4,512,226048,4,nested_depth_one_shared_v2,4.708717346191406,0.015143603086471558,4.749420642852783,0.0068240296095609665,6.916273375041783,14.508070048324816,111.76540082591457,6.032128810882568,0.035086097702459774,0.002242232699639549,0.027932804077863693,0.001551826016317603,4.933736636303365e-05,0,0,0,,0.043602463994154544,0.0015518098880691214,0.04365493550169906,9.833552470451599e-05,14.508070048324816,0.12594447124543473,0.07950816431805918,0.1118639524489206,0.001029155955944867,111.76540082591457,0.006917053134617524,0.00695381644814493,0.0015081775128137113,5.7514441281890815e-05,6.032128778980201
200,muon_no_ns,1,113,0.3,128,4,512,226048,4,nested_depth_one_shared_v2,4.70679235458374,0.016971278935670853,4.749444007873535,0.006264682859182358,12.507846500026062,10.752049893836787,102.86768330804888,6.015475273132324,0.024867529961513923,0.001186766335244329,0.013430560939013958,0.001219275161286273,4.8646954383002594e-05,0,0,0,,0.03225931621801899,0.0012192511575875944,0.032352858730707784,7.275361289979111e-05,10.752049893836787,0.10522651345650003,0.06956182517422055,0.10294941778883838,0.0008598590472147875,102.86768330804888,0.005682269765363939,0.005904741051191437,0.001503842041315808,4.7247370290145785e-05,6.0154753431059484
300,muon_no_ns,1,113,0.3,128,4,512,226048,4,nested_depth_one_shared_v2,4.709624767303467,0.016449086368083954,4.748000144958496,0.0063765523955225945,17.17782691703178,7.971816546241894,95.11722503849361,6.03049898147583,0.017097760688333893,0.0006305895971190916,0.006874214857816696,0.0008193764995383794,2.827945900207851e-05,0,0,0,,0.023888260203579547,0.0008193537209680774,0.023987074084996916,5.387458382425186e-05,7.971816546241894,0.08967279932200767,0.054150839867533024,0.09519164936896649,0.000732761784585588,95.11722503849361,0.004156744175027034,0.004457407850072925,0.0015075982549102801,3.456281369040741e-05,6.0304991892206905
400,muon_no_ns,1,113,0.3,128,4,512,226048,4,nested_depth_one_shared_v2,4.712823390960693,0.012271540239453316,4.7465596199035645,0.00671216007322073,21.830772667075507,5.9118822682379655,87.86457686922644,6.026499271392822,0.012010019717771329,0.00033305290857684583,0.0036384370177984238,0.0005516662651358482,1.7365908206556924e-05,0,0,0,,0.017704328001093107,0.0005516447436675212,0.01778873494563383,3.992811928614271e-05,5.9118822682379655,0.0794591018161558,0.03955089653190096,0.0879355483019529,0.000649300497905664,87.86457686922644,0.002878332229300678,0.003151833162867793,0.0015066761703829738,2.3932976481471187e-05,6.026499404161538
500,muon_no_ns,1,113,0.3,128,4,512,226048,4,nested_depth_one_shared_v2,4.715144157409668,0.011488250456750393,4.74554443359375,0.007942723110318184,26.480487667024136,4.38470766160881,80.90513254678042,5.988165855407715,0.008693108167493635,0.00018938093130945556,0.0020720313768833876,0.00038853137707404995,1.2791489098162856e-05,0,0,0,,0.013127127256859276,0.0003885135656538271,0.013193487788743885,2.9605275216539752e-05,4.38470766160881,0.07261838067066138,0.02788198940731075,0.08097338557638924,0.0005934015065468133,80.90513254678042,0.0020109701362341,0.0021525183543190094,0.0014971794569561276,1.6720967956893897e-05,5.988166265509724
600,muon_no_ns,1,113,0.3,128,4,512,226048,4,nested_depth_one_shared_v2,4.71661376953125,0.011227154172956944,4.744906425476074,0.007830853573977947,31.093853041995317,3.252201948297831,74.22920290289147,5.918148040771484,0.006334982749366959,0.00012391434612818471,0.0013305952306836843,0.00028003722792123057,9.3432945504901e-06,0,0,0,,0.009735213037369362,0.0002800229298546949,0.009785799704408685,2.1955577608373267e-05,3.252201948297831,0.06737929881176104,0.019174788775618352,0.07429443102732841,0.0005505903196368088,74.22920290289147,0.0015332338279657495,0.001440978539187374,0.0014797451752923871,1.2748649642232486e-05,5.918147944894268
700,muon_no_ns,1,113,0.3,128,4,512,226048,4,nested_depth_one_shared_v2,4.717489242553711,0.011227154172956944,4.744522571563721,0.007830853573977947,35.81184308300726,2.4122561514364147,67.87983554314387,5.824221134185791,0.0045729413371931385,9.616790503229676e-05,0.0009943778859451413,0.00020137755588233924,6.7479022618499584e-06,0,0,0,,0.0072205369889503015,0.0002013670447024476,0.007258422019803948,1.6284292868219166e-05,2.4122561514364147,0.0627504686029325,0.0129155780010271,0.06794155933449664,0.0005127658075215452,67.87983554314387,0.00134372144322929,0.000961312787594027,0.0014563131416629412,1.117287760289873e-05,5.824221369885393
800,muon_no_ns,1,113,0.3,128,4,512,226048,4,nested_depth_one_shared_v2,4.717992305755615,0.011227154172956944,4.744296550750732,0.007830853573977947,40.315453667077236,1.7892318545481134,61.90207395761394,5.71427583694458,0.0032545146234433144,8.663361273070153e-05,0.0008466708241030574,0.00014308641088670823,4.823328708880581e-06,0,0,0,,0.005355840310069616,0.00014307846795857384,0.005383757676741122,1.2078890018575554e-05,1.7892318545481134,0.05830205691521832,0.008536948386671555,0.06195989937190538,0.00047641558636746055,61.90207395761394,0.0013046465071873117,0.0006630869686982321,0.001428858119453878,1.0847974342674711e-05,5.714276007235321
900,muon_no_ns,1,113,0.3,128,4,512,226048,4,nested_depth_one_shared_v2,4.718272686004639,0.011227154172956944,4.744163990020752,0.007830853573977947,44.87922708305996,1.3270752292227912,56.327127570052504,5.594753265380859,0.0022837861949683443,8.551383026338836e-05,0.0007772344979457557,0.00010032070609743397,3.5074738207185874e-06,0,0,0,,0.003972887189831666,0.00010031498555137708,0.003993140630467332,8.959951126989563e-06,1.3270752292227912,0.05391496924920746,0.005548572202797414,0.05638082688671988,0.00044056647480202526,56.327127570052504,0.0013145268411915172,0.0005054364506869752,0.0013989948780223972,1.0930128097875228e-05,5.594753409807508
1000,muon_no_ns,1,113,0.3,128,4,512,226048,4,nested_depth_one_shared_v2,4.718425750732422,0.011227154172956944,4.744083881378174,0.007830853573977947,49.560509083094075,0.9842376083284821,51.16904758708372,5.4703826904296875,0.0015832959049945187,8.81065792686431e-05,0.0007366600329987705,6.949876661992007e-05,2.4953926640591817e-06,0,0,0,,0.002947067280774686,6.949424077738313e-05,0.0029615516755120965,6.646445655762513e-06,0.9842376083284821,0.04960884237742699,0.0035590161052257477,0.05121856157597251,0.0004053789348225143,51.16904758708372,0.0013285586893930748,0.0004472103251280634,0.0013679098458604516,1.1046801180148656e-05,5.470383056952677
1100,muon_no_ns,1,113,0.3,128,4,512,226048,4,nested_depth_one_shared_v2,4.718507289886475,0.011227154172956944,4.744034767150879,0.007830853573977947,54.062648292048834,0.7299143707051319,46.42662621332196,5.344401836395264,0.0010869679375653078,9.234751740002751e-05,0.0007048760307952762,4.766962252685715e-05,1.7457091416872572e-06,0,0,0,,0.002186070846878279,4.766620077957078e-05,0.0021962998770217548,4.930189812159249e-06,0.7299143707051319,0.045445192748336895,0.0022721788997827636,0.04647202905386646,0.00037135564843390246,46.42662621332196,0.001334206132475276,0.00044493666033487835,0.0013364155709157466,1.1093758970875826e-05,5.344401715787
1200,muon_no_ns,1,113,0.3,128,4,512,226048,4,nested_depth_one_shared_v2,4.718550205230713,0.011227154172956944,4.744002342224121,0.007830853573977947,58.79545191710349,0.5412599893104046,42.087141779934946,5.218912124633789,0.0007397928509658924,9.721667412337797e-05,0.0006735476199537516,3.243680269785876e-05,1.2055870683980174e-06,0,0,0,,0.0016214975169492611,3.2434167966415436e-05,0.0016286435351911199,3.6569219839881473e-06,0.5412599893104046,0.041483418495362454,0.0014766859994978594,0.042128605791295716,0.00033898198781793105,42.087141779934946,0.0013309881977627573,0.00046704739172447794,0.0013050401025619354,1.1067002241749969e-05,5.218912636055829
1300,muon_no_ns,1,113,0.3,128,4,512,226048,4,nested_depth_one_shared_v2,4.718572616577148,0.011227154172956944,4.743980884552002,0.007830853573977947,63.42871966701932,0.4013272472102431,38.130267345332605,5.095224857330322,0.000500499446643594,0.00010214314490710449,0.0006389811169356108,2.1926046093343006e-05,8.243385423156724e-07,0,0,0,,0.00120264221308273,2.192405451091548e-05,0.0012075891264095291,2.712288302586412e-06,0.4013272472102431,0.037765317323979974,0.001029951552966363,0.038168022689844296,0.00030859950316025245,38.130267345332605,0.0013215315376569785,0.0004980447417645518,0.001274112500468286,1.0988371282612963e-05,5.095224740384794
1400,muon_no_ns,1,113,0.3,128,4,512,226048,4,nested_depth_one_shared_v2,4.718583583831787,0.011227154172956944,4.743967056274414,0.007830853573977947,68.00930450006854,0.2975422049986599,34.53133682999547,4.974125385284424,0.000336792027841965,0.00010660453673054807,0.0005995449027977884,1.4745002471637402e-05,5.593165610662254e-07,0,0,0,,0.0008919041156485507,1.4743541598429537e-05,0.0008953019749326364,2.0114885986758824e-06,0.2975422049986599,0.034313180752758826,0.0008294425772635847,0.03456564317835993,0.00028039034973037437,34.53133682999547,0.001308433733229498,0.0005316040395776079,0.0012438306183288085,1.0879464658794225e-05,4.974125671234826
1500,muon_no_ns,1,113,0.3,128,4,512,226048,4,nested_depth_one_shared_v2,4.718589782714844,0.011227154172956944,4.743959903717041,0.007830853573977947,72.57695966702886,0.22057465172970592,31.263764973779043,4.856068134307861,0.0002254171615618436,0.00011013953673439774,0.0005547929904423654,9.871077781226061e-06,3.772007630686858e-07,0,0,0,,0.0006613893903777271,9.869925178504223e-06,0.0006637079167878069,1.4916146194286845e-06,0.22057465172970592,0.0311333802011609,0.0007802985715996948,0.031294891032432465,0.00025440659161830555,31.263764973779043,0.0012934662551624572,0.0005649634484979171,0.00121430821179058,1.0755011929912244e-05,4.85606816367459
1600,muon_no_ns,1,113,0.3,128,4,512,226048,4,nested_depth_one_shared_v2,4.718593120574951,0.011227154172956944,4.743958950042725,0.007830853573977947,77.23600754200015,0.16350109045654995,28.3006908723324,4.74129581451416,0.0001504826876927631,0.0001123002109741571,0.0005053094937466085,6.582872138230194e-06,2.531522511617368e-07,0,0,0,,0.0004904011550105774,6.582059576500955e-06,0.00049197435855059,1.1059892142822667e-06,0.16350109045654995,0.02822132031896833,0.0008012199751761558,0.028328903354270647,0.00023061067789386546,28.3006908723324,0.0012774657026979781,0.0005963345308299914,0.00118560676332244,1.0621969315190883e-05,4.741295719665497
1700,muon_no_ns,1,113,0.3,128,4,512,226048,4,nested_depth_one_shared_v2,4.718594074249268,0.011227154172956944,4.743964195251465,0.007830853573977947,81.97737254202366,0.12118402411718887,25.616010587088443,4.629919528961182,0.00010005933129064915,0.00011275371147549146,0.000452530657639727,4.3776929548959306e-06,1.6923655721257091e-07,0,0,0,,0.0003635805160432563,4.377064744321627e-06,0.0003646427456966223,8.199738625378012e-07,0.12118402411718887,0.025565179364532387,0.0008447642303744499,0.025641562669099324,0.00020890600712860613,25.616010587088443,0.0012605098056978974,0.0006240919523385503,0.0011577540901006214,1.0480983128817333e-05,4.629919374229451
1800,muon_no_ns,1,113,0.3,128,4,512,226048,4,nested_depth_one_shared_v2,4.718595027923584,0.011227154172956944,4.743975639343262,0.007830853573977947,86.6311019170098,0.08981147671071281,23.184965504120253,4.521963596343994,6.641432733803112e-05,0.00011136434205525042,0.0003985523944720626,2.9040236899890057e-06,1.1307153613415721e-07,0,0,0,,0.0002695287683449173,2.903545871915185e-06,0.0002702429732506472,6.078613553058058e-07,0.08981147671071281,0.023149294721555115,0.0008901379921648879,0.023208099311782273,0.00018916459216525639,23.184965504120253,0.001242132149949934,0.0006466204167541644,0.001130756660549493,1.03281751943047e-05,4.521963772169291
1900,muon_no_ns,1,113,0.3,128,4,512,226048,4,nested_depth_one_shared_v2,4.718595504760742,0.011227154172956944,4.743990421295166,0.007830853573977947,91.39868754206691,0.06655527037094008,20.98445385018402,4.417397499084473,4.3988658512141713e-05,0.00010823479964180818,0.0003457074926700443,1.9224717128541596e-06,7.529519052695832e-08,0,0,0,,0.000199786687288606,1.9221232729577634e-06,0.00020026514695385602,4.5057381908820416e-07,0.06655527037094008,0.02095600922220313,0.0009292103905671074,0.02100539014646395,0.00017124214735744246,20.98445385018402,0.001221644096621151,0.0006625502602861454,0.0011046067339338659,1.015781956493108e-05,4.41739754057682
2000,muon_no_ns,1,113,0.3,128,4,512,226048,4,nested_depth_one_shared_v2,4.718595027923584,0.011227154172956944,4.7440080642700195,0.007830853573977947,95.9802017500624,0.0493173534236257,18.993144090885078,4.316150665283203,2.9082704855688173e-05,0.00010367972959751392,0.0002961774298455566,1.2706852617103902e-06,4.999988689746715e-08,0,0,0,,0.00014807678258240366,1.2704186169054604e-06,0.0001483962809982286,3.3395379017454864e-07,0.0493173534236257,0.018967399493173106,0.0009593968955468882,0.01901208800342894,0.00015499221175929416,18.993144090885078,0.0011984581761588045,0.0006711115623772434,0.0010792868585442431,9.965031504026303e-06,4.316150833789238
2100,muon_no_ns,1,113,0.3,128,4,512,226048,4,nested_depth_one_shared_v2,4.718595027923584,0.011227154172956944,4.744026184082031,0.007830853573977947,100.7565817499999,0.0365414994248712,17.191480390704776,4.218128681182861,1.919773831216311e-05,9.813098277809816e-05,0.00025153669412247837,8.38602137136601e-07,3.3124418763463837e-08,0,0,0,,0.00010974097471783497,8.3840859452873e-07,0.00010995371163226116,2.4749602068153883e-07,0.0365414994248712,0.01716573898859061,0.000980607326517979,0.017208618952391442,0.00014026993280138458,17.191480390704776,0.0011723847145281008,0.0006723234837346866,0.0010547733866926223,9.748233895450804e-06,4.2181287520009425
2200,muon_no_ns,1,113,0.3,128,4,512,226048,4,nested_depth_one_shared_v2,4.718595027923584,0.011227154172956944,4.744044780731201,0.007830853573977947,105.5525316670537,0.027073523815524296,15.561623682681313,4.123220443725586,1.2655562283825305e-05,9.204849077708e-05,0.00021262151130940765,5.527114553635104e-07,2.1900858016010716e-08,0,0,0,,8.132323772861656e-05,5.525673795424145e-07,8.14645371762086e-05,1.8340622341401836e-07,0.027073523815524296,0.015534328985343251,0.0009938374874334163,0.015577127331857836,0.00012693885677377443,15.561623682681313,0.0011437428044300407,0.0006670831269516804,0.0010310387126198362,9.510079955546573e-06,4.1232205801133786
2300,muon_no_ns,1,113,0.3,128,4,512,226048,4,nested_depth_one_shared_v2,4.718595027923584,0.011227154172956944,4.744062423706055,0.007830853573977947,110.14200137509033,0.020057534028322513,14.087354507304248,4.031310081481934,8.333192966135517e-06,8.581845907736622e-05,0.00017959428078029305,3.6386920332222304e-07,1.445560382506983e-08,0,0,0,,6.025973393971089e-05,3.637550960491222e-07,6.0353378572860705e-05,1.359022406694817e-07,0.020057534028322513,0.01405752029822705,0.0010005503189803794,0.014101377503759732,0.00011487110627145254,14.087354507304248,0.0011131962351391723,0.0006568006927536564,0.001008053714442666,9.256089010031016e-06,4.031310088426929
2400,muon_no_ns,1,113,0.3,128,4,512,226048,4,nested_depth_one_shared_v2,4.718595027923584,0.011227154172956944,4.744077682495117,0.007830853573977947,114.65782329207286,0.014858910284990945,12.75395391902223,3.9422783851623535,5.481656939125315e-06,7.969843518404743e-05,0.00015205703675746918,2.3931285632010437e-07,9.527536093401068e-09,0,0,0,,4.464873454385299e-05,2.3923061381768924e-07,4.4710675917640696e-05,1.006951519838659e-07,0.014858910284990945,0.012720899813595863,0.001002321375946313,0.012766635584634192,0.00010394890445510276,12.75395391902223,0.0010815838804092944,0.0006430690514156466,0.0009857888351135064,8.993236190411262e-06,3.942278429964118
2500,muon_no_ns,1,113,0.3,128,4,512,226048,4,nested_depth_one_shared_v2,4.718595027923584,0.011227154172956944,4.74409294128418,0.007830853573977947,119.18946391704958,0.011007160437941452,11.548083127302993,3.8560118675231934,3.6028358179181e-06,7.388721978783879e-05,0.0001293867826461792,1.572608467260742e-07,6.271661412426965e-09,0,0,0,,3.307981841518732e-05,1.571996018440125e-07,3.3120720241512327e-05,7.460407057325132e-08,0.011007160437941452,0.01151130099779991,0.0010004897837989884,0.011559551614288266,9.406466092086833e-05,11.548083127302993,0.0010496524637010655,0.0006272854889867401,0.0009642153758701684,8.72773040990455e-06,3.856012029739863
2600,muon_no_ns,1,113,0.3,128,4,512,226048,4,nested_depth_one_shared_v2,4.718594551086426,0.011227154172956944,4.744105339050293,0.007830853573977947,123.83123416709714,0.00815351016727473,10.457668691136794,3.772402048110962,2.3662616879941343e-06,6.844917790250667e-05,0.0001108047945308499,1.032670676570989e-07,4.123979824299795e-09,0,0,0,,2.450708547765663e-05,1.0322245120990533e-07,2.453405202000938e-05,5.5270204678039945e-08,0.00815351016727473,0.010416729918799486,0.0009961388734284616,0.010468039095325433,8.512036718555186e-05,10.457668691136794,0.001018026394148541,0.0006106573787850991,0.0009433063848456172,8.464763553230804e-06,3.7724022876783128
2700,muon_no_ns,1,113,0.3,128,4,512,226048,4,nested_depth_one_shared_v2,4.718594551086426,0.011227154172956944,4.744116306304932,0.007830853573977947,128.46434970805421,0.0060394424269174934,9.471784451667624,3.691347599029541,1.5531462028025596e-06,6.344924304155485e-05,9.560580656398088e-05,6.776951755327279e-08,2.709219293350884e-09,0,0,0,,1.8155036681231354e-05,6.773642632741891e-08,1.817279199018653e-05,4.0944591074439266e-08,0.0060394424269174934,0.009426271863507214,0.0009901184298504782,0.009481159496802082,7.702683360970177e-05,9.471784451667624,0.0009871986645518614,0.0005940859261456721,0.0009230365359653125,8.208434794547605e-06,3.691347604114169
2800,muon_no_ns,1,113,0.3,128,4,512,226048,4,nested_depth_one_shared_v2,4.718595027923584,0.011227154172956944,4.744125843048096,0.007830853573977947,133.05799941706937,0.004473358869926652,8.580549456847127,3.6127567291259766,1.0189030587595766e-06,5.886332429497987e-05,8.311464625876397e-05,4.445055612588022e-08,1.7783530203985265e-09,0,0,0,,1.3448747120252708e-05,4.4426255128210284e-08,1.3460422923577866e-05,3.033061628961369e-08,0.004473358869926652,0.008530031355254857,0.0009831053871185878,0.00858902400107289,6.970319925000452e-05,8.580549456847127,0.0009572505654017918,0.0005778599946939801,0.0009033827517450352,7.959420054231291e-06,3.612757035453228
2900,muon_no_ns,1,113,0.3,128,4,512,226048,4,nested_depth_one_shared_v2,4.718595027923584,0.011227154172956944,4.744134902954102,0.007830853573977947,137.6160427920986,0.0033132707143801758,7.775030262388352,3.53654408454895,6.681266474638189e-07,5.468145092423245e-05,7.279188866959885e-05,2.9142360527069123e-08,1.1664980092973565e-09,0,0,0,,9.962028734871244e-06,2.9123367593623056e-08,9.969698237619262e-06,2.2467109264658985e-08,0.0033132707143801758,0.007719049652264081,0.0009755655924222273,0.00778268847844624,6.307625769757395e-05,7.775030262388352,0.0009284452336177682,0.0005624787974793175,0.0008843237251624903,7.719907283221009e-06,3.536544206987736
3000,muon_no_ns,1,113,0.3,128,4,512,226048,4,nested_depth_one_shared_v2,4.718595027923584,0.011227154172956944,4.744142532348633,0.007830853573977947,142.18707645800896,0.0024539621382262513,7.047146726389419,3.4626290798187256,4.379445361099436e-07,5.089421289250256e-05,6.42355444142595e-05,1.9098798573514358e-08,7.646816513329213e-10,0,0,0,,7.3789896544781585e-06,1.9085711519548368e-08,7.384023350372103e-06,1.6641647122501674e-08,0.0024539621382262513,0.006985238244531889,0.0009678991670874394,0.007054066240562467,5.707991364737614e-05,7.047146726389419,0.0009007952450657527,0.0005480488106660502,0.0008658393178547627,7.49000104828679e-06,3.4626289866966284
3100,muon_no_ns,1,113,0.3,128,4,512,226048,4,nested_depth_one_shared_v2,4.718595027923584,0.011227154172956944,4.744149208068848,0.007830853573977947,146.83780191699043,0.001817472538061603,6.389597803212853,3.390939950942993,2.8697227774049297e-07,4.7434587909088146e-05,5.708010939997621e-05,1.2512591655229486e-08,5.010051817855299e-10,0,0,0,,5.465513821101031e-06,1.2502970680194327e-08,5.468814341244379e-06,1.2326233890126174e-08,0.001817472538061603,0.006321265386539205,0.0009602067409811918,0.006395847429551858,5.1654255699618655e-05,6.389597803212853,0.0008742702016388112,0.0005346343532421931,0.0008479115679003268,7.269448592929256e-06,3.3909400055285186
3200,muon_no_ns,1,113,0.3,128,4,512,226048,4,nested_depth_one_shared_v2,4.718594551086426,0.011227154172956944,4.744154453277588,0.007830853573977947,151.45082179200836,0.0013460405851743744,5.795781713658524,3.3214080333709717,1.8799381448874402e-07,4.427443603733999e-05,5.1037575758527964e-05,8.195409484357475e-09,3.2809358008201173e-10,0,0,0,,4.048104132141207e-06,8.188097225035068e-09,4.050265957645144e-06,9.129585978122509e-09,0.0013460405851743744,0.005720488624459258,0.0009526387194712865,0.005801424857472696,4.674500500545401e-05,5.795781713658524,0.0008488624233270766,0.0005222261963944723,0.000830523240848844,7.058186058816256e-06,3.321408079819526
3300,muon_no_ns,1,113,0.3,128,4,512,226048,4,nested_depth_one_shared_v2,4.718595027923584,0.011227154172956944,4.744160175323486,0.007830853573977947,155.93655033304822,0.0009968728779290578,5.259734914685051,3.25396990776062,1.2312581940684572e-07,4.1398255759354246e-05,4.587797593558207e-05,5.366564192434734e-09,2.1476979916723593e-10,0,0,0,,2.998198123250219e-06,5.361164655679044e-09,2.9996132341600676e-06,6.761759740399785e-09,0.0009968728779290578,0.005176895518800552,0.000945463297371634,0.005264827861531586,4.230303088172285e-05,5.259734914685051,0.0008245064643695603,0.0005107288254247637,0.0008136585499863152,6.855669272539802e-06,3.2539698490370776
3400,muon_no_ns,1,113,0.3,128,4,512,226048,4,nested_depth_one_shared_v2,4.718595027923584,0.011227154172956944,4.744164943695068,0.007830853573977947,160.50420904206112,0.0007382674612087332,4.776069751963377,3.1885626316070557,8.062551078183889e-08,3.875999142957254e-05,4.1475177567917854e-05,3.513494508638329e-09,1.4053701258287532e-10,0,0,0,,2.2205382204660387e-06,3.5095409776821325e-09,2.221464038829109e-06,5.0079232005153124e-09,0.0007382674612087332,0.00468502705526144,0.00093858838912204,0.004780663454498919,3.8283724962320873e-05,4.776069751963377,0.0008011487953566025,0.0005002074348184487,0.0007973017441652647,6.661453143679331e-06,3.188562702224635
3500,muon_no_ns,1,113,0.3,128,4,512,226048,4,nested_depth_one_shared_v2,4.718595027923584,0.011227154172956944,4.744168758392334,0.007830853573977947,165.09288337500766,0.0005467400305667243,4.339918779742644,3.125131845474243,5.2787353648776526e-08,3.6360261650814294e-05,3.7702084227930754e-05,2.299941735228555e-09,9.197765465929209e-11,0,0,0,,1.6445485172533203e-06,2.297031839710448e-09,1.645153739735163e-06,3.7089083169203298e-09,0.0005467400305667243,0.004239983651907847,0.0009322426504522346,0.004344060149495117,3.464705028588543e-05,4.339918779742644,0.0007787014319637884,0.0004905440393030624,0.0007814392160126681,6.474806093459634e-06,3.125131833156703
3600,muon_no_ns,1,113,0.3,128,4,512,226048,4,nested_depth_one_shared_v2,4.718595027923584,0.011227154172956944,4.744172096252441,0.007830853573977947,169.72684745804872,0.00040489457131970486,3.946885730067367,3.0636239051818848,3.4556779257216605e-08,3.4140354422785725e-05,3.4377426345599815e-05,1.5053633819939836e-09,6.023087584239306e-11,0,0,0,,1.2179422266943922e-06,1.5031923563608293e-09,1.2183375245380614e-06,2.746794032966483e-09,0.00040489457131970486,0.0038372927213323367,0.0009262675636897885,0.0039506163090099865,3.1356459079232605e-05,3.946885730067367,0.000757120937645001,0.000481653506183828,0.0007660574826176754,6.295366952372176e-06,3.063623961677486
3700,muon_no_ns,1,113,0.3,128,4,512,226048,4,nested_depth_one_shared_v2,4.718594551086426,0.011227154172956944,4.744175910949707,0.007830853573977947,174.15522325003985,0.0002998455998678903,3.5930008646472684,3.0039849281311035,2.2620060249492647e-08,3.209558658435797e-05,3.1493211281485856e-05,9.851969058608155e-10,3.943436202580308e-11,0,0,0,,9.019847453043097e-07,9.836008434976702e-10,9.022427704591237e-07,2.034223185571794e-09,0.0002998455998678903,0.003472920596828868,0.000920521721982234,0.0035963581727423647,2.8378990212161374e-05,3.5930008646472684,0.0007364065262575292,0.00047344944485949036,0.0007511430970069933,6.123129183737548e-06,3.0039849835260495
3800,muon_no_ns,1,113,0.3,128,4,512,226048,4,nested_depth_one_shared_v2,4.718595027923584,0.011227154172956944,4.744178295135498,0.007830853573977947,178.6976595420856,0.00022204891542067638,3.274678006613915,2.946167469024658,1.4805463331173507e-08,3.021212486460208e-05,2.8936801754753105e-05,6.447235547402395e-10,2.5814289941750168e-11,0,0,0,,6.679823316715651e-07,6.435123326118127e-10,6.68150691870764e-07,1.5064835117362969e-09,0.00022204891542067638,0.003143247724922778,0.0009152044748923087,0.003277696267032,2.5685066483072708e-05,3.274678006613915,0.0007164204968333701,0.00046586572450971414,0.0007366842430785542,5.956947821038286e-06,2.946167515671081
3900,muon_no_ns,1,113,0.3,128,4,512,226048,4,nested_depth_one_shared_v2,4.718595027923584,0.011227154172956944,4.744182109832764,0.007830853573977947,183.29653320799116,0.00016443544199136914,2.9886770547271744,2.8901243209838867,9.690053375444043e-09,2.847327154028533e-05,2.670355206646491e-05,4.2189135801717563e-10,1.6896022775325648e-11,0,0,0,,4.946806358278642e-07,4.2102074855883873e-10,4.947903689729994e-07,1.1156406181957526e-09,0.00016443544199136914,0.002844955445018629,0.0009103108440755716,0.002991387147610284,2.324756943822441e-05,2.9886770547271744,0.000697139676053959,0.0004589221062641577,0.0007226690916915151,5.796630180996706e-06,2.890124468383503
4000,muon_no_ns,1,113,0.3,128,4,512,226048,4,nested_depth_one_shared_v2,4.718595027923584,0.011227154172956944,4.7441840171813965,0.007830853573977947,187.9178947500186,0.00012176948935002588,2.732069514952665,2.835810661315918,6.3418394419179515e-09,2.6850896966344077e-05,2.4672841391293332e-05,2.760667132281316e-10,1.105757065772428e-11,0,0,0,,3.663360158393328e-07,2.753842777217944e-10,3.664074816634262e-07,8.261882709323977e-10,0.00012176948935002588,0.0025750524378979423,0.000905910350357375,0.002734499047690088,2.1042055495779294e-05,2.732069514952665,0.0006785208038769857,0.00045257302416072654,0.0007090864354923561,5.641816561711594e-06,2.835810887056116
4100,muon_no_ns,1,113,0.3,128,4,512,226048,4,nested_depth_one_shared_v2,4.718595027923584,0.011227154172956944,4.7441864013671875,0.007830853573977947,192.65547450003214,9.017336029901344e-05,2.50220671060257,2.783182144165039,4.150456369208178e-09,2.536103781462178e-05,2.291468445037026e-05,1.8064255012354485e-10,7.2358902723779206e-12,0,0,0,,2.7128742430103886e-07,1.8014233758718425e-10,2.7133394839911177e-07,6.118276072186133e-10,9.017336029901344e-05,0.002330846833586319,0.0009019683343046844,0.002504381178600969,1.9046528025084286e-05,2.50220671060257,0.00066066336775767,0.00044690292319484934,0.0006959250461647355,5.493334189068048e-06,2.7831820517294314
4200,muon_no_ns,1,113,0.3,128,4,512,226048,4,nested_depth_one_shared_v2,4.718595027923584,0.011227154172956944,4.7441887855529785,0.007830853573977947,197.32739350001793,6.677518755596435e-05,2.296686618890821,2.7321956157684326,2.716288185531786e-09,2.3968228998404198e-05,2.129634412995074e-05,1.18202661797225e-10,4.734670554923381e-12,0,0,0,,2.0089799078191395e-07,1.1784369540706256e-10,2.009282621157338e-07,4.530801135062226e-10,6.677518755596435e-05,0.002109888118701164,0.0008980936413282001,0.002298628847155209,1.724096264223526e-05,2.296686618890821,0.0006432900425362905,0.00044135168739828243,0.0006831744289442817,5.348877138663811e-06,2.732195612365135
4300,muon_no_ns,1,113,0.3,128,4,512,226048,4,nested_depth_one_shared_v2,4.718595027923584,0.011227154172956944,4.744190692901611,0.007830853573977947,202.00699029199313,4.944807575677557e-05,2.113330523186188,2.6828112602233887,1.7777077812115087e-09,2.2663055530596048e-05,1.9835997591144405e-05,7.734638924953418e-11,3.0978344889298626e-12,0,0,0,,1.4877088029459117e-07,7.70935706408748e-11,1.4879054234712803e-07,3.355191710377336e-10,4.944807575677557e-05,0.0019100023078319772,0.0008948309359524125,0.002115061137122278,1.5607594613209143e-05,2.113330523186188,0.0006264332358272564,0.0004362247930841964,0.0006708243877485804,5.2087148758043785e-06,2.6828112842732574
4400,muon_no_ns,1,113,0.3,128,4,512,226048,4,nested_depth_one_shared_v2,4.718595027923584,0.011227154172956944,4.744192600250244,0.007830853573977947,206.5525254580425,3.661688687557589e-05,1.9501527066225708,2.634989023208618,1.1634692585774106e-09,2.145315619614285e-05,1.8500586520531215e-05,5.061321172727682e-11,2.0267624384340266e-12,0,0,0,,1.1016840327176383e-07,5.042161115971346e-11,1.1018116981475071e-07,2.4845998939509414e-10,3.661688687557589e-05,0.0017291296087265885,0.0008915320305177163,0.0019516908478766997,1.412959233401912e-05,1.9501527066225708,0.0006101989927933374,0.00043159815063531753,0.0006588649874681714,5.073729152902033e-06,2.634989124543478
4500,muon_no_ns,1,113,0.3,128,4,512,226048,4,nested_depth_one_shared_v2,4.718595027923584,0.011227154172956944,4.744194030761719,0.007830853573977947,211.1265752920881,2.7115113705417075e-05,1.8053436985393891,2.5886874198913574,7.614915352570117e-10,2.0325262391045194e-05,1.7288522940361872e-05,3.312116921714506e-11,1.3259594160500154e-12,0,0,0,,8.158181158883323e-08,3.298128019254472e-11,8.159008968599654e-08,1.8398937844449297e-10,2.7115113705417075e-05,0.0015655042022708976,0.0008890811351049029,0.0018067064572943315,1.279252640383143e-05,1.8053436985393891,0.0005944016890080984,0.0004271229751231276,0.0006472857833783202,4.942376525809838e-06,2.588687414189158
4600,muon_no_ns,1,113,0.3,128,4,512,226048,4,nested_depth_one_shared_v2,4.718595027923584,0.011227154172956944,4.744195938110352,0.007830853573977947,215.7315459169913,2.0078888956733318e-05,1.6772359744992456,2.543874979019165,4.984201455588569e-10,1.9263405707984205e-05,1.620567127247341e-05,2.1675472478816758e-11,8.674527567607837e-13,0,0,0,,6.041254421919666e-08,2.157407559288043e-11,6.041790409418309e-08,1.3624686979446626e-10,2.0078888956733318e-05,0.0014174807764638538,0.000886476972152869,0.0016784395597019826,1.1582952146365131e-05,1.6772359744992456,0.0005792297313436213,0.0004233684646068079,0.0006360789866127961,4.816223574366137e-06,2.543875021521708
4700,muon_no_ns,1,113,0.3,128,4,512,226048,4,nested_depth_one_shared_v2,4.718594074249268,0.011227154172956944,4.744196891784668,0.007830853573977947,220.23081008309964,1.4868472879563993e-05,1.5642982720591392,2.500511407852173,3.262502524459633e-10,1.827720568829485e-05,1.5214519407891203e-05,1.418590385201771e-11,5.674821506804206e-13,0,0,0,,4.473615926989403e-08,1.4110974409616022e-11,4.4739625826538805e-08,1.0089231873821599e-10,1.4868472879563993e-05,0.0012835864957645175,0.0008842858640382338,0.0015653573306088821,1.0488834277704258e-05,1.5642982720591392,0.0005643502235019292,0.00041951105700747086,0.0006252344840655841,4.692502307027375e-06,2.500511307881307
4800,muon_no_ns,1,113,0.3,128,4,512,226048,4,nested_depth_one_shared_v2,4.718595027923584,0.011227154172956944,4.744198322296143,0.007830853573977947,224.86347720806953,1.1010109736051646e-05,1.4651094933105728,2.4585609436035156,2.1356786229332976e-10,1.7347072066525224e-05,1.428924770152662e-05,9.284860932651364e-12,3.7123353436446793e-13,0,0,0,,3.3127471772688426e-08,9.230533077012398e-12,3.312971277084883e-08,7.471154197473982e-11,1.1010109736051646e-05,0.0011624328177781656,0.0008822613238330641,0.0014660377815718898,9.498826315851782e-06,1.4651094933105728,0.0005498853049739579,0.0004156015227513874,0.0006147435010475269,4.572228298553918e-06,2.4585610192674547
4900,muon_no_ns,1,113,0.3,128,4,512,226048,4,nested_depth_one_shared_v2,4.718594551086426,0.011227154172956944,4.744199275970459,0.007830853573977947,229.3603947920492,8.152967771611575e-06,1.3783516565547957,2.4179883003234863,1.3981469571994177e-10,1.6430810414660706e-05,1.3402022887021303e-05,6.07754932040481e-12,2.428547814237181e-13,0,0,0,,2.4531053625877595e-08,6.03916052059439e-12,2.4532496653187826e-08,5.5324259431271776e-11,8.152967771611575e-06,0.0010528406008992605,0.0008803596267359024,0.001379162003261528,8.603292898538592e-06,1.3783516565547957,0.0005360387241444448,0.00041282688160286117,0.0006045968459806344,4.457095691564335e-06,2.417988273282955
5000,muon_no_ns,1,113,0.3,128,4,512,226048,4,nested_depth_one_shared_v2,4.718594551086426,0.011227154172956944,4.744200229644775,0.007830853573977947,234.00630900007673,6.037243798620716e-06,1.302783490446119,2.3787617683410645,9.153990647117687e-11,1.5605777577895827e-05,1.2604668881976977e-05,3.9785193054501754e-12,1.5887063799929768e-13,0,0,0,,1.8165299405286737e-08,3.950933725402411e-12,1.816622804895214e-08,4.0967736334189246e-11,6.037243798620716e-06,0.0009537372382089448,0.0008791038440909343,0.0013034876192756749,7.793469212287659e-06,1.302783490446119,0.0005224265476302707,0.000409469177364214,0.0005947869105892289,4.343912127464607e-06,2.378761725584749
5100,muon_no_ns,1,113,0.3,128,4,512,226048,4,nested_depth_one_shared_v2,4.718595027923584,0.011227154172956944,4.744202136993408,0.007830853573977947,238.61594475002494,4.470548078729374e-06,1.2372492512099258,2.3408498764038086,5.993929171782063e-11,1.4844941814138512e-05,1.1914566130144522e-05,2.6046967255172356e-12,1.0393159992566972e-13,0,0,0,,1.3451402718075323e-08,2.5841943148118403e-12,1.3451998520285163e-08,3.033660539163614e-11,4.470548078729374e-06,0.0008640863274220243,0.0008776558697470418,0.0012378586206030133,7.060886289989785e-06,1.2372492512099258,0.00050929607186866,0.0004068018534244348,0.0005853057392027264,4.234733845543515e-06,2.3408499514120154
5200,muon_no_ns,1,113,0.3,128,4,512,226048,4,nested_depth_one_shared_v2,4.718595027923584,0.011227154172956944,4.744203567504883,0.007830853573977947,243.26411850005388,3.3104115393135616e-06,1.1806797250571752,2.3042118549346924,3.925156974334361e-11,1.4075327754338367e-05,1.1218276085855905e-05,1.7054570798912714e-12,6.799100263918736e-14,0,0,0,,9.960735483114027e-09,1.691041435496969e-12,9.961116897500687e-09,2.246419262696305e-11,3.3104115393135616e-06,0.0007830351440875298,0.0008765621425686987,0.0011812045055043833,6.398576088992392e-06,1.1806797250571752,0.0004964917931720136,0.0004043596322207399,0.0005761430225356335,4.12826785187207e-06,2.304211893954198
5300,muon_no_ns,1,113,0.3,128,4,512,226048,4,nested_depth_one_shared_v2,4.718595027923584,0.011227154172956944,4.744204044342041,0.007830853573977947,247.79233516706154,2.4513338107353218e-06,1.1320653490363328,2.2688145637512207,2.570746033293984e-11,1.3405220759687806e-05,1.0593808838166296e-05,1.116798949727125e-12,4.448011579828888e-14,0,0,0,,7.375886493245868e-09,1.1068911015734302e-12,7.376129118430435e-09,1.663464864213917e-11,2.4513338107353218e-06,0.0007097521017535298,0.0008755551048571864,0.0011325154928645146,5.7997432959210574e-06,1.1320653490363328,0.000484010767596306,0.00040144784487965526,0.0005672906941448716,4.024489667919822e-06,2.268814577807199
5400,muon_no_ns,1,113,0.3,128,4,512,226048,4,nested_depth_one_shared_v2,4.718594551086426,0.011227154172956944,4.744204521179199,0.007830853573977947,252.36124116706196,1.8151907782511095e-06,1.0904630316668966,2.234640121459961,1.6838967911156568e-11,1.2732967717030577e-05,1.00060269687674e-05,7.314261538257509e-13,2.9100131999177867e-14,0,0,0,,5.461803594863735e-09,7.239005823205803e-13,5.461957691287343e-09,1.23178663115447e-11,1.8151907782511095e-06,0.0006435596385903211,0.0008750595068561945,0.001090847205102532,5.258851210469178e-06,1.0904630316668966,0.0004720227864519912,0.00039976856135136383,0.0005587439737584932,3.9248110874326375e-06,2.2346401457422926
5500,muon_no_ns,1,113,0.3,128,4,512,226048,4,nested_depth_one_shared_v2,4.718594551086426,0.011227154172956944,4.744204998016357,0.007830853573977947,256.93062404205557,1.344130721014713e-06,1.0550209648526108,2.2016501426696777,1.1031520445150696e-11,1.2118690419040712e-05,9.447782758797985e-06,4.790966845371542e-13,1.9038557961593462e-14,0,0,0,,4.044427951510595e-09,4.738713982402397e-13,4.044525546396919e-09,9.121295181729254e-12,1.344130721014713e-06,0.0005837847438789195,0.0008748044874597064,0.001055347458874402,4.7704003217570136e-06,1.0550209648526108,0.00046029068590575903,0.00039750506967271544,0.000550493630051073,3.827260122470039e-06,2.2016503559502714
5600,muon_no_ns,1,113,0.3,128,4,512,226048,4,nested_depth_one_shared_v2,4.718595027923584,0.011227154172956944,4.744206428527832,0.007830853573977947,261.4224060830893,9.953142994816368e-07,1.0249435903564923,2.1698105335235596,7.228101945294687e-12,1.154690654399121e-05,8.968694601207972e-06,3.138629301551785e-13,1.2456159896394835e-14,0,0,0,,2.994866122163356e-09,3.1065966914320495e-13,2.9949275759280662e-09,6.754245163351189e-12,9.953142994816368e-07,0.0005296536138338221,0.0008744220058070632,0.001025220072348016,4.328067487794225e-06,1.0249435903564923,0.0004488524044819353,0.00039520722066906935,0.0005425308934381275,3.7321522271693863e-06,2.1698104596312318
5700,muon_no_ns,1,113,0.3,128,4,512,226048,4,nested_depth_one_shared_v2,4.718594551086426,0.011227154172956944,4.744207382202148,0.007830853573977947,265.81487279199064,7.370187459491566e-07,0.9995198885421178,2.1390886306762695,4.7367540145898705e-12,1.0973495736973988e-05,8.474179594486486e-06,2.0565011424994385e-13,8.14996213013364e-15,0,0,0,,2.217671190202305e-09,2.0323756172785621e-13,2.2177092237260235e-09,5.001457260302261e-12,7.370187459491566e-07,0.00048078697710989053,0.0008738784120915872,0.0009997533673619195,3.928753490648428e-06,0.9995198885421178,0.00043767258415207345,0.0003933341715460982,0.0005348476458829995,3.6391934038973883e-06,2.139088545669248
5800,muon_no_ns,1,113,0.3,128,4,512,226048,4,nested_depth_one_shared_v2,4.718594551086426,0.011227154172956944,4.744208335876465,0.007830853573977947,270.453779875068,5.457533494161698e-07,0.9781024844957182,2.1094696521759033,3.1047246614644813e-12,1.0444219751367661e-05,8.046117727644742e-06,1.34772827634388e-13,5.3326483853699536e-15,0,0,0,,1.6421631425623493e-09,1.3317914032729076e-13,1.6421865257455524e-09,3.703528642233024e-12,5.457533494161698e-07,0.00043673429868682775,0.0008741852513169531,0.0009782985283750495,3.568776780864414e-06,0.9781024844957182,0.00042690179807205943,0.00039196163053068276,0.0005274401510979857,3.5496356498216668e-06,2.109469715393794
5900,muon_no_ns,1,113,0.3,128,4,512,226048,4,nested_depth_one_shared_v2,4.718594551086426,0.011227154172956944,4.744208335876465,0.007830853573977947,275.08961100003216,4.041233565824963e-07,0.9601387487916276,2.080904245376587,2.03536017034774e-12,9.920273957520408e-06,7.618565632583341e-06,8.833912707787667e-14,3.489364931708299e-15,0,0,0,,1.2160036793315216e-09,8.718053055527252e-14,1.2160180653685905e-09,2.74242207655324e-12,4.041233565824963e-07,0.0003969695609166186,0.00087421721025202,0.0009603029939679751,3.243839002269548e-06,0.9601387487916276,0.0004163693627841564,0.0003903129506917988,0.0005202961788281958,3.462059753102043e-06,2.080904371184356
6000,muon_no_ns,1,113,0.3,128,4,512,226048,4,nested_depth_one_shared_v2,4.718595027923584,0.011227154172956944,4.744209289550781,0.007830853573977947,279.56625062506646,2.99247944019612e-07,0.9451126644044421,2.053378105163574,1.3346853218258525e-12,9.484909630539907e-06,7.214947800093796e-06,5.791538356584166e-14,2.2833441748145757e-15,0,0,0,,9.004364617930534e-10,5.736047096176058e-14,9.004451565736219e-10,2.0307313812670844e-12,2.99247944019612e-07,0.00036106749862065477,0.0008744715233718489,0.0009452497790087514,2.950465098062267e-06,0.9451126644044421,0.0004060916196562554,0.0003885385358708775,0.0005134121426345354,3.376601590191357e-06,2.053378192031784
6100,muon_no_ns,1,113,0.3,128,4,512,226048,4,nested_depth_one_shared_v2,4.718595027923584,0.011227154172956944,4.7442097663879395,0.007830853573977947,284.1695034580771,2.2158896314910195e-07,0.9325901207316564,2.026860237121582,8.754051248216532e-13,9.045532320989736e-06,6.871414825582178e-06,3.797841704982963e-14,1.49425156340514e-15,0,0,0,,6.667620846847031e-10,3.75683595333267e-14,6.667671924205987e-10,1.503731519836521e-12,2.2158896314910195e-07,0.0003287976013627689,0.0008756405552175103,0.0009327033850274733,2.686771450915481e-06,0.9325901207316564,0.00039618961233175266,0.00038774598529532867,0.000506780043905639,3.294267624013221e-06,2.0268603503803235
6200,muon_no_ns,1,113,0.3,128,4,512,226048,4,nested_depth_one_shared_v2,4.718594551086426,0.011227154172956944,4.7442097663879395,0.007830853573977947,288.68410279206,1.6408347482003483e-07,0.9221834701144962,2.0013182163238525,5.742821351588197e-13,8.57423700802979e-06,6.514425422210479e-06,2.491060577558436e-14,9.779088549675095e-16,0,0,0,,4.937287002871896e-10,2.4698330791899922e-14,4.937316092789701e-10,1.1134937422556757e-12,1.6408347482003483e-07,0.00029973060167629733,0.0008748406147187113,0.0009222783679996686,2.4492502993082474e-06,0.9221834701144962,0.0003866089406314871,0.00038633886100214465,0.0005003921504421093,3.2146055238063727e-06,2.0013182587095044
6300,muon_no_ns,1,113,0.3,128,4,512,226048,4,nested_depth_one_shared_v2,4.718594551086426,0.011227154172956944,4.744210243225098,0.007830853573977947,293.24694933299907,1.2150141597311713e-07,0.9135760618728485,1.9767152070999146,3.7687505611611577e-13,8.196371002245737e-06,6.190085059643025e-06,1.6343503023822148e-14,6.519884704350655e-16,0,0,0,,3.6559944195759834e-10,1.626506446917271e-14,3.6560105489223507e-10,8.245270946476421e-13,1.2150141597311713e-07,0.00027314395974736437,0.0008752602898432632,0.0009136544786776547,2.2319974050830336e-06,0.9135760618728485,0.0003768430779745143,0.0003840357560013547,0.000494239241726804,3.1334035836997597e-06,1.976715323228333
6400,muon_no_ns,1,113,0.3,128,4,512,226048,4,nested_depth_one_shared_v2,4.718595027923584,0.011227154172956944,4.744211196899414,0.007830853573977947,297.6761084171012,8.996998707565452e-08,0.9064955707500755,1.9530147314071655,2.4738987051842167e-13,7.797253153377242e-06,5.853615220985375e-06,1.0725895736548821e-14,4.4105857890434593e-16,0,0,0,,2.707212984294199e-10,1.0693456863762238e-14,2.707221309241662e-10,6.105508379827757e-13,8.996998707565452e-08,0.0002500414297748319,0.0008765667305621383,0.0009065595835346177,2.0432149513277364e-06,0.9064955707500755,0.00036764199013181604,0.00038283394718315186,0.0004883118371677814,3.0568976763199328e-06,1.9530147673970986
6500,muon_no_ns,1,113,0.3,128,4,512,226048,4,nested_depth_one_shared_v2,4.718594551086426,0.011227154172956944,4.744211196899414,0.007830853573977947,302.1353772080038,6.66214086605063e-08,0.9007090173165109,1.9302384853363037,1.6245875260648976e-13,7.454173652441939e-06,5.5931045608303975e-06,7.041319606294394e-15,2.9835888534085475e-16,0,0,0,,2.0046524964900293e-10,7.106545836133963e-15,2.0046562238610128e-10,4.521041634688179e-13,6.66214086605063e-08,0.00022890344548162503,0.0008773288148006365,0.0009007612315855614,1.8704857936529298e-06,0.9007090173165109,0.00035876995748953925,0.00038212410857882867,0.0004826154777354897,2.9831278222325734e-06,1.9302384674909563
6600,muon_no_ns,1,113,0.3,128,4,512,226048,4,nested_depth_one_shared_v2,4.718595027923584,0.011227154172956944,4.7442121505737305,0.007830853573977947,306.8590361670358,4.933212451623613e-08,0.896015651395882,1.9083223342895508,1.0671289543305482e-13,7.087536786922348e-06,5.310837423166959e-06,4.624057099433032e-15,2.0172911525517795e-16,0,0,0,,1.4844157379486037e-10,4.681147663816883e-15,1.484416969161761e-10,3.3477649448982163e-13,4.933212451623613e-08,0.00021000039779409845,0.0008785366519477015,0.0008960576367564773,1.7160194330358255e-06,0.896015651395882,0.0003498388288159606,0.000380508620266053,0.00047713437354325014,2.908866591954204e-06,1.9083224428135435
6700,muon_no_ns,1,113,0.3,128,4,512,226048,4,nested_depth_one_shared_v2,4.718595027923584,0.011227154172956944,4.744212627410889,0.007830853573977947,311.3502584580565,3.6529665471957764e-08,0.8922405314008556,1.8872557878494263,7.012523892828002e-14,6.746492658145182e-06,5.042125849286094e-06,3.0376436765744657e-15,1.363370599964027e-16,0,0,0,,1.0991876435080967e-10,3.1330716029025687e-15,1.0991875240867562e-10,2.4789698510519925e-13,3.6529665471957764e-08,0.00019313300001048102,0.0008790284627157324,0.000892274596302644,1.5781873970707663e-06,0.8922405314008556,0.0003414700107488186,0.00037992320390042893,0.00047186560544997913,2.8392809048192327e-06,1.887255858743346
6800,muon_no_ns,1,113,0.3,128,4,512,226048,4,nested_depth_one_shared_v2,4.718595027923584,0.011227154172956944,4.744212627410889,0.007830853573977947,315.977452708059,2.704963762019579e-08,0.8892196811315219,1.8670133352279663,4.6101487358156594e-14,6.419086704754625e-06,4.799791895493399e-06,1.996261160456994e-15,9.210723618715947e-17,0,0,0,,8.139316816290115e-11,2.0755406385063196e-15,8.139309496904017e-11,1.8356393573846663e-13,2.704963762019579e-08,0.00017802473467814562,0.0008798685923369974,0.000889246807269713,1.4547301218366067e-06,0.8892196811315219,0.0003331668786903895,0.00037876380156610175,0.00046680301412990743,2.7702413887223666e-06,1.8670133884605755
6900,muon_no_ns,1,113,0.3,128,4,512,226048,4,nested_depth_one_shared_v2,4.718595027923584,0.011227154172956944,4.744213581085205,0.007830853573977947,320.4889081250876,2.0029823518966335e-08,0.8868728369376625,1.8475617170333862,3.032410782807573e-14,6.1191923536848205e-06,4.557927240966819e-06,1.31257941025795e-15,6.220594082767821e-17,0,0,0,,6.027038143209941e-11,1.3981062034784148e-15,6.027028216732142e-11,1.3592625368743757e-13,2.0029823518966335e-08,0.00016471879195280905,0.0008816094779993993,0.0008868934483344529,1.34600053593398e-06,0.8868728369376625,0.0003249388087755591,0.00037786561881522764,0.0004619380889352992,2.7018260050654976e-06,1.8475616624424473
7000,muon_no_ns,1,113,0.3,128,4,512,226048,4,nested_depth_one_shared_v2,4.718595027923584,0.011227154172956944,4.744213581085205,0.007830853573977947,325.09755820804276,1.4831760242707216e-08,0.8850835435303949,1.8288718461990356,1.9961106473540763e-14,5.87028763849124e-06,4.355380042397883e-06,8.633983028337352e-16,4.199806404679555e-17,0,0,0,,4.462927167339446e-11,9.495551535213487e-16,4.462916929467681e-11,1.0065125786863763e-13,1.4831760242707216e-08,0.00015296886728397835,0.0008832218595837318,0.0008850987024621336,1.2499859603416514e-06,0.8850835435303949,0.00031733118795674973,0.00037728101685731175,0.00045726375986519536,2.6385695789020897e-06,1.828871876011873
7100,muon_no_ns,1,113,0.3,128,4,512,226048,4,nested_depth_one_shared_v2,4.718595027923584,0.011227154172956944,4.744214057922363,0.007830853573977947,329.65427904203534,1.0982676357092682e-08,0.8837870055116773,1.8108999729156494,1.3142209951530951e-14,5.562373437434336e-06,4.12353801948484e-06,5.682643941542566e-16,2.834566310356709e-17,0,0,0,,3.304726453540696e-11,6.372306219308163e-16,3.3047171153147805e-11,7.453065263866399e-14,1.0982676357092682e-08,0.0001423977924947113,0.0008843222467449273,0.0008837979597245142,1.1636043631779953e-06,0.8837870055116773,0.0003096279264226776,0.0003760766103045711,0.0004527690598555998,2.574517912020549e-06,1.8109000148629317
7200,muon_no_ns,1,113,0.3,128,4,512,226048,4,nested_depth_one_shared_v2,4.718594551086426,0.011227154172956944,4.744214057922363,0.007830853573977947,334.20642358309124,8.13249143592533e-09,0.8828952716745284,1.7936524152755737,8.661408045832874e-15,5.3243625125580835e-06,3.967733846366173e-06,3.7417728350037107e-16,1.912495673834661e-17,0,0,0,,2.4470971512884678e-11,4.4230132687990515e-16,2.4470887052848536e-11,5.5188757774592317e-14,8.13249143592533e-09,0.00013352889721784283,0.0008860434278170225,0.000882902274614222,1.0911321354844645e-06,0.8828952716745284,0.0003021999811189816,0.0003755136519886938,0.00044845533385142757,2.5127554655422273e-06,1.7936524394549302
7300,muon_no_ns,1,113,0.3,128,4,512,226048,4,nested_depth_one_shared_v2,4.718594551086426,0.011227154172956944,4.744214057922363,0.007830853573977947,338.8056194999954,6.0219752722624376e-09,0.8823496187371925,1.7770957946777344,5.711201259842878e-15,5.072711696741362e-06,3.783421334446757e-06,2.464851231660232e-16,1.2901429307690553e-17,0,0,0,,1.8120354913500543e-11,3.003634360650116e-16,1.8120287086595582e-11,4.0866374168441787e-14,6.0219752722624376e-09,0.000125174399911287,0.0008874710721833961,0.0008823534206122815,1.0228633137017939e-06,0.8823496187371925,0.0002949868254712631,0.00037476937881029173,0.0004443144837874723,2.4527789684872015e-06,1.7770958360751687
7400,muon_no_ns,1,113,0.3,128,4,512,226048,4,nested_depth_one_shared_v2,4.718594551086426,0.011227154172956944,4.7442145347595215,0.007830853573977947,343.3784922080813,4.4591723871121554e-09,0.8821090157136227,1.7612121105194092,3.769386063646215e-15,4.8388612532259015e-06,3.601224534577341e-06,1.624265520194079e-16,8.700730706002299e-18,0,0,0,,1.341782941185069e-11,2.1240428451676045e-16,1.341777085489994e-11,3.02608883705956e-14,4.4591723871121554e-09,0.00011761234965504266,0.0008884378279676689,0.0008821105304380471,9.610699774528207e-07,0.8821090157136227,0.00028771719547818556,0.00037336939439217216,0.0004403420116074914,2.3923328942355184e-06,1.7612121259571227
7500,muon_no_ns,1,113,0.3,128,4,512,226048,4,nested_depth_one_shared_v2,4.718595027923584,0.011227154172956944,4.74421501159668,0.007830853573977947,348.01529070804827,3.301942434776219e-09,0.8821407902209644,1.7459642887115479,2.4898704605879146e-15,4.609826356371924e-06,3.4318611596972914e-06,1.0703683686074448e-16,5.8661961593811115e-18,0,0,0,,9.935681443420326e-12,1.4333134043233784e-16,9.935634638920645e-12,2.24076888903949e-14,3.301942434776219e-09,0.00011165278799632518,0.0008907572260963968,0.0008821392542096781,9.123713858017634e-07,0.8821407902209644,0.00028091908739590564,0.00037274135260982025,0.00043652846704629524,2.335807466352152e-06,1.74596423323747
7600,muon_no_ns,1,113,0.3,128,4,512,226048,4,nested_depth_one_shared_v2,4.718595027923584,0.011227154172956944,4.74421501159668,0.007830853573977947,352.57007395802066,2.4450328547839245e-09,0.8823850998090378,1.731350064277649,1.6469798628734004e-15,4.411147844232008e-06,3.2915784231590806e-06,7.041686766628397e-17,3.954440729476624e-18,0,0,0,,7.357206626089539e-12,1.0292820679565837e-16,7.35717025063656e-12,1.659252041428318e-14,2.4450328547839245e-09,0.00010540174765309275,0.0008912866670769842,0.0008823824746843097,8.612909744389461e-07,0.8823850998090378,0.00027422707632751407,0.00037186106879117417,0.000432873421577333,2.280164222016708e-06,1.7313500909068984
7700,muon_no_ns,1,113,0.3,128,4,512,226048,4,nested_depth_one_shared_v2,4.718595027923584,0.011227154172956944,4.744215965270996,0.007830853573977947,357.2621567500755,1.8105054915470268e-09,0.8828341219794512,1.71732497215271,1.0905328632143195e-15,4.220501234789889e-06,3.1282727377401898e-06,4.6053121352665455e-17,2.664997883019003e-18,0,0,0,,5.447889735677632e-12,7.156122807970545e-17,5.447860105653984e-12,1.2286486739878438e-14,1.8105054915470268e-09,0.00010120503167801841,0.0008940151992734211,0.0008828286823973556,8.269974862179355e-07,0.8828341219794512,0.0002678666689682591,0.0003723148302341138,0.0004293654831934208,2.227278221508487e-06,1.7173250013148331
7800,muon_no_ns,1,113,0.3,128,4,512,226048,4,nested_depth_one_shared_v2,4.718595027923584,0.011227154172956944,4.744215965270996,0.007830853573977947,361.78713166702073,1.3406485620046864e-09,0.8834543848465085,1.7038723230361938,7.224192929424755e-16,4.004843461207707e-06,2.9980992621858604e-06,2.967319956428497e-17,1.795853984400854e-18,0,0,0,,4.034070890183667e-12,4.9027542144353534e-17,4.034047864153829e-12,9.097937165537397e-15,1.3406485620046864e-09,9.751290055561025e-05,0.0008959793993708688,0.0008834472005335332,7.968272159616817e-07,0.8834543848465085,0.000261297789214238,0.0003704455669808009,0.00042600114723498946,2.172658798822595e-06,1.7038725166182367
7900,muon_no_ns,1,113,0.3,128,4,512,226048,4,nested_depth_one_shared_v2,4.718595027923584,0.011227154172956944,4.744215965270996,0.007830853573977947,366.23263212502934,9.92727397821482e-10,0.8842465897198576,1.690966010093689,4.799610163182778e-16,3.855680551205729e-06,2.87757211481221e-06,1.8442685586208216e-17,1.2096790607600514e-18,0,0,0,,2.9871616714144496e-12,3.401207987085952e-17,2.98714377968569e-12,6.736869512125254e-15,9.92727397821482e-10,9.340336084216192e-05,0.0008979726794548149,0.0008842376835743732,7.632460890534164e-07,0.8842465897198576,0.0002556106118127845,0.000371286685782609,0.00042277291767014226,2.125370622145363e-06,1.6909659783963704
8000,muon_no_ns,1,113,0.3,128,4,512,226048,4,nested_depth_one_shared_v2,4.718595027923584,0.011227154172956944,4.744216442108154,0.007830853573977947,370.71385591709986,7.350976509619384e-10,0.8851470293606845,1.6785954236984253,3.1846591177602973e-16,3.641324441637482e-06,2.722338194871554e-06,1.0678007141801656e-17,8.146589075365648e-19,0,0,0,,2.211942667135399e-12,2.0573822693233577e-17,2.211928780533195e-12,4.988537868369693e-15,7.350976509619384e-10,9.05469890647031e-05,0.0008992899288759349,0.0008851374439515074,7.399052309903743e-07,0.8851470293606845,0.000249324469305928,0.0003700700091455001,0.0004196790762618619,2.0731021246994216e-06,1.6785954673692258
8100,muon_no_ns,1,113,0.3,128,4,512,226048,4,nested_depth_one_shared_v2,4.718595027923584,0.011227154172956944,4.7442169189453125,0.007830853573977947,375.3300878329901,5.443271979737235e-10,0.886182143730228,1.6667389869689941,2.1133580076170986e-16,3.42088062623162e-06,2.558275127739762e-06,5.5178662483106494e-18,5.485942989549286e-19,0,0,0,,1.637905823521179e-12,1.2980055469110457e-17,1.6378953480840022e-12,3.693927219207846e-15,5.443271979737235e-10,8.731460488251659e-05,0.000900580998656264,0.0008861719514615177,7.134917854448653e-07,0.886182143730228,0.0002434932542161017,0.00036856458717577593,0.0004167138861352803,2.024616292458604e-06,1.6667389456652881
8200,muon_no_ns,1,113,0.3,128,4,512,226048,4,nested_depth_one_shared_v2,4.718595027923584,0.011227154172956944,4.7442169189453125,0.007830853573977947,379.81646412506234,4.0306492108822754e-10,0.8873288244734271,1.6553469896316528,1.4093091025541057e-16,3.293872730195029e-06,2.4801552171993535e-06,2.400477216539829e-18,3.693643451939361e-19,0,0,0,,1.2128413885492383e-12,4.763642234953994e-18,1.212833288713302e-12,2.735290242825087e-15,4.0306492108822754e-10,8.538522175901753e-05,0.0009027187502877162,0.000887317464566933,6.977258203873039e-07,0.8873288244734271,0.00023774259820551446,0.0003670373686852533,0.00041386488426183916,1.9768002989977467e-06,1.6553470381406155
8300,muon_no_ns,1,113,0.3,128,4,512,226048,4,nested_depth_one_shared_v2,4.718595027923584,0.011227154172956944,4.744217395782471,0.007830853573977947,384.4011746670585,2.9846263637639093e-10,0.888588953865514,1.6444063186645508,9.383334079216331e-17,3.136089433884568e-06,2.3850232082622824e-06,1.0159580747165889e-18,2.4868980906193053e-19,0,0,0,,8.980882337209462e-13,1.8370596890190302e-18,8.980821811274616e-13,2.0254354824016555e-15,2.9846263637639093e-10,8.420024780590945e-05,0.0009055756886215924,0.0008885758089500103,6.8804279905718e-07,0.888588953865514,0.0002321944590828333,0.00036742059033195707,0.00041112833345444035,1.9306682084116227e-06,1.6444062754064737
8400,muon_no_ns,1,113,0.3,128,4,512,226048,4,nested_depth_one_shared_v2,4.718595027923584,0.011227154172956944,4.744217395782471,0.007830853573977947,389.0364599170862,2.2100642852008516e-10,0.88991715929699,1.6339704990386963,6.237934656031571e-17,2.9887878210933666e-06,2.2426618215831695e-06,4.3357222040182383e-19,1.6778956767559254e-19,0,0,0,,6.650189071117739e-13,6.892968140982314e-19,6.650143568178667e-13,1.4998001759264586e-15,2.2100642852008516e-10,8.142316819361619e-05,0.0009064449563868202,0.0008899042531031001,6.653498773682633e-07,0.88991715929699,0.00022733588145556309,0.00036820320523605726,0.0004085180428541416,1.890269736371753e-06,1.633970589138444
8500,muon_no_ns,1,113,0.3,128,4,512,226048,4,nested_depth_one_shared_v2,4.718595027923584,0.011227154172956944,4.744217395782471,0.007830853573977947,393.5411031669937,1.636514464506246e-10,0.8913210775488123,1.6239832639694214,4.1120985596961996e-17,2.846041253923041e-06,2.1594860299956053e-06,1.596953598125168e-19,1.1321717979241323e-19,0,0,0,,4.924349984308786e-13,2.8264761343084407e-19,4.924316443168319e-13,1.1105760894627371e-15,1.636514464506246e-10,7.966165094618833e-05,0.0009083650243039362,0.0008913074580739781,6.509556292622298e-07,0.8913210775488123,0.00022152837437141104,0.0003664137932218716,0.00040602033019656924,1.8419810332658028e-06,1.6239832117875999
8600,muon_no_ns,1,113,0.3,128,4,512,226048,4,nested_depth_one_shared_v2,4.718595027923584,0.011227154172956944,4.744217395782471,0.007830853573977947,398.0793590419926,1.2118106775685148e-10,0.8927860643841273,1.6143865585327148,2.6672888641009835e-17,2.7344351034095802e-06,2.0791492261196254e-06,0.0,7.641036964488551e-20,0,0,0,,3.6463966030920685e-13,0.0,3.646371229550321e-13,8.223625235809933e-16,1.2118106775685148e-10,7.790865467722237e-05,0.0009092732457999283,0.0008927728944280176,6.366310103796773e-07,0.8927860643841273,0.0002174695783372244,0.0003663842583020035,0.00040362019203176087,1.8082326462518137e-06,1.6143865978195056
8700,muon_no_ns,1,113,0.3,128,4,512,226048,4,nested_depth_one_shared_v2,4.718595027923584,0.011227154172956944,4.744217872619629,0.007830853573977947,402.7304862079909,8.973248497675817e-11,0.8942799777476355,1.605247139930725,1.6674197875034958e-17,2.638078923355569e-06,1.9850708667945582e-06,0.0,5.159548441204887e-20,0,0,0,,2.700093652114835e-13,0.0,2.7000749069818326e-13,6.089452331584765e-16,8.973248497675817e-11,7.647233677509145e-05,0.000912696169347178,0.0008942646449801115,6.248941305548565e-07,0.8942799777476355,0.00021233148090863766,0.00036678362174729295,0.0004013341094611503,1.7655100016362715e-06,1.6052470924340416
8800,muon_no_ns,1,113,0.3,128,4,512,226048,4,nested_depth_one_shared_v2,4.718595027923584,0.011227154172956944,4.744217872619629,0.007830853573977947,407.31939650001004,6.644535376443057e-11,0.8958284891722065,1.5965338945388794,9.928357134208245e-18,2.5278422402460665e-06,1.9304616216686554e-06,0.0,3.4837697005822435e-20,0,0,0,,1.9993726438387263e-13,0.0,1.9993587727439665e-13,4.509134117697901e-16,6.644535376443057e-11,7.76984211034631e-05,0.0009154458493976698,0.0008958120375618887,6.349130855479291e-07,0.8958284891722065,0.00020804618533914264,0.00036740098039227196,0.00039915467882389665,1.7298782990006813e-06,1.5965339430806635
8900,muon_no_ns,1,113,0.3,128,4,512,226048,4,nested_depth_one_shared_v2,4.718594551086426,0.011227154172956944,4.744217872619629,0.007830853573977947,411.709534374997,4.9201635504851446e-11,0.89742022433411,1.588188648223877,5.903002231919944e-18,2.4257236267862146e-06,1.8586358692118665e-06,0.0,2.3536351580339498e-20,0,0,0,,1.480500921248592e-13,0.0,1.4804905793458512e-13,3.338935958665483e-16,4.9201635504851446e-11,7.529301070940346e-05,0.0009186523253511367,0.0008974019101348885,6.152572609685877e-07,0.89742022433411,0.00020281920961722806,0.00036743091703924665,0.00039706724706538337,1.686416642368988e-06,1.5881886407860761
9000,muon_no_ns,1,113,0.3,128,4,512,226048,4,nested_depth_one_shared_v2,4.718595027923584,0.011227154172956944,4.744217872619629,0.007830853573977947,416.36354670801666,3.6432960640816e-11,0.8990540089237765,1.5801894664764404,3.473515304711934e-18,2.213488351888662e-06,1.7281519149037194e-06,0.0,1.5892580719302973e-20,0,0,0,,1.0962853367164574e-13,0.0,1.0962776639617594e-13,2.472424352585493e-16,3.6432960640816e-11,7.296456096558144e-05,0.0009151093328391021,0.0008990407868112677,5.962303207760099e-07,0.8990540089237765,0.00019869822298039104,0.0003644033583739806,0.00039506726539504896,1.6521511481859763e-06,1.5801894781722443
9100,muon_no_ns,1,113,0.3,128,4,512,226048,4,nested_depth_one_shared_v2,4.718595027923584,0.011227154172956944,4.744218349456787,0.007830853573977947,420.87016129202675,2.69779774816318e-11,0.90069492187788,1.5726068019866943,2.2382942029325413e-18,2.1775725051785844e-06,1.6987944491120288e-06,0.0,1.0740934599446096e-20,0,0,0,,8.117803348301593e-14,0.0,8.117746467973005e-14,1.830787479832176e-16,2.69779774816318e-11,7.275409969343047e-05,0.0009201214092847498,0.0009006782749569084,5.945105353055718e-07,0.90069492187788,0.0001944834619379628,0.0003681522561246338,0.0003931698034698382,1.6171059314189168e-06,1.572606854106002
9200,muon_no_ns,1,113,0.3,128,4,512,226048,4,nested_depth_one_shared_v2,4.718595027923584,0.011227154172956944,4.744218826293945,0.007830853573977947,425.48260383307934,1.9976725313912023e-11,0.9023466234037549,1.565298080444336,1.3427478183839204e-18,2.1315773270048705e-06,1.6590267932770075e-06,0.0,7.262669204229024e-21,0,0,0,,6.011092701516837e-14,0.0,6.011050929745646e-14,1.3556664020877112e-16,1.9976725313912023e-11,7.29161521906156e-05,0.0009244792081034151,0.0009023272335001472,5.958347481987983e-07,0.9023466234037549,0.00018994301098144745,0.00036598694412555313,0.0003913422013988912,1.5793526432990263e-06,1.5652980927611393
9300,muon_no_ns,1,113,0.3,128,4,512,226048,4,nested_depth_one_shared_v2,4.718594551086426,0.011227154172956944,4.744218349456787,0.007830853573977947,429.9736681249924,1.4792419571270123e-11,0.9040741450498935,1.5581855773925781,6.767711037321496e-19,1.9475162656956428e-06,1.5249634088831954e-06,0.0,5.0184445957384814e-21,0,0,0,,4.451110386404623e-14,0.0,4.451079314084489e-14,1.0038475702279096e-16,1.4792419571270123e-11,6.928795123133e-05,0.0009244856642119868,0.0009040561528108084,5.661868836304757e-07,0.9040741450498935,0.00018590176545622616,0.0003648944361795179,0.0003895634826614301,1.5457501865963576e-06,1.558185571747145
9400,muon_no_ns,1,113,0.3,128,4,512,226048,4,nested_depth_one_shared_v2,4.718595027923584,0.011227154172956944,4.744218826293945,0.007830853573977947,434.47349733300507,1.095353078663029e-11,0.9057180388989803,1.5514501333236694,1.918269968366831e-19,1.8952081115629971e-06,1.464841261622496e-06,0.0,3.56329132269314e-21,0,0,0,,3.2959702401539833e-14,0.0,3.295947177350651e-14,7.433317599194914e-17,1.095353078663029e-11,7.026723733977046e-05,0.0009266480300656383,0.0009056995890692088,5.741891255797197e-07,0.9057180388989803,0.0001822541428982569,0.00036549288231660333,0.00038787870854714644,1.5154206561813185e-06,1.5514501863302161
9500,muon_no_ns,1,113,0.3,128,4,512,226048,4,nested_depth_one_shared_v2,4.718595027923584,0.011227154172956944,4.744218826293945,0.007830853573977947,439.1461155420402,8.110900231791885e-12,0.907476384614899,1.5450280904769897,0.0,1.7487780898327087e-06,1.3742027249463717e-06,0.0,2.5185585739676145e-21,0,0,0,,2.4406089124639797e-14,0.0,2.440591897034356e-14,5.5042430179596816e-17,8.110900231791885e-12,6.736575682768757e-05,0.0009250751628655088,0.0009074611869207586,5.504796612377008e-07,0.907476384614899,0.00017794732859478552,0.00036377126359962117,0.0003862727555867589,1.4796100279342494e-06,1.5450282006020206
9600,muon_no_ns,1,113,0.3,128,4,512,226048,4,nested_depth_one_shared_v2,4.718594551086426,0.011227154172956944,4.744218826293945,0.007830853573977947,443.7360833750572,6.0059812447006195e-12,0.909183850468366,1.5388470888137817,0.0,1.7991383964883494e-06,1.4373215435625752e-06,0.0,1.7979394634370523e-21,0,0,0,,1.8072287146847736e-14,0.0,1.8072161179542383e-14,4.0757968160565447e-17,6.0059812447006195e-12,6.924462184191798e-05,0.0009324166261460838,0.0009091629778909309,5.658328172809181e-07,0.909183850468366,0.00017526697907692932,0.0003662577528695559,0.00038472627719642234,1.457323253211041e-06,1.538847080394205
9700,muon_no_ns,1,113,0.3,128,4,512,226048,4,nested_depth_one_shared_v2,4.718595027923584,0.011227154172956944,4.744218826293945,0.007830853573977947,448.3365862920182,4.447325266938419e-12,0.910922288849443,1.5329033136367798,0.0,1.5909605711778177e-06,1.2789511174560175e-06,0.0,1.2691728396691781e-21,0,0,0,,1.3382215989633329e-14,0.0,1.3382122668052378e-14,3.0180570328002017e-17,4.447325266938419e-12,6.637203185030722e-05,0.0009305309917961767,0.0009109049294389488,5.423594319896126e-07,0.910922288849443,0.00017194215321946954,0.0003643295284468224,0.00038324008606742453,1.4296777374357805e-06,1.5329032847732926
9800,muon_no_ns,1,113,0.3,128,4,512,226048,4,nested_depth_one_shared_v2,4.718595027923584,0.011227154172956944,4.744218826293945,0.007830853573977947,452.98453833302483,3.293167407859395e-12,0.9126025383963092,1.5272754430770874,0.0,1.5401379388315577e-06,1.220621356878837e-06,0.0,8.998929387913499e-22,0,0,0,,9.909299283504548e-15,0.0,9.909230119924107e-15,2.234818987817155e-17,3.293167407859395e-12,6.582068420164742e-05,0.0009335904109025492,0.0009125837300638312,5.378540915740842e-07,0.9126025383963092,0.00016863392301184963,0.0003651619689151295,0.0003818322857857784,1.4021702124363135e-06,1.5272755327137038
9900,muon_no_ns,1,113,0.3,128,4,512,226048,4,nested_depth_one_shared_v2,4.718594551086426,0.011227154172956944,4.744218826293945,0.007830853573977947,457.58818725007586,2.4385335205610804e-12,0.9142289295454549,1.5218867063522339,0.0,1.5040008752942188e-06,1.2257030448381556e-06,0.0,6.377844745661295e-22,0,0,0,,7.337664690079988e-15,0.0,7.337613297719576e-15,1.654844798453474e-17,2.4385335205610804e-12,6.534570694060734e-05,0.0009332288249567833,0.0009142120855302781,5.339728122110132e-07,0.9142289295454549,0.0001645729360683861,0.0003607109214856877,0.00038048538972411226,1.3684036082826685e-06,1.5218867307363602
10000,muon_no_ns,1,113,0.3,128,4,512,226048,4,nested_depth_one_shared_v2,4.718595027923584,0.011227154172956944,4.744218826293945,0.007830853573977947,462.3206009580754,1.8056918613669702e-12,0.9158592660030648,1.5166679620742798,0.0,1.459160940623663e-06,1.2017354720228468e-06,0.0,4.537346173278697e-22,0,0,0,,5.433413426359985e-15,0.0,5.4333755398101756e-15,1.2253838688779156e-17,1.8056918613669702e-12,6.308239353714714e-05,0.0009361762579809607,0.0009158409439615543,5.154781339904689e-07,0.9158592660030648,0.00016241666362798796,0.00036422244261700504,0.0003791793970964436,1.3504744696382976e-06,1.5166680591003956
10100,muon_no_ns,1,113,0.3,128,4,512,226048,4,nested_depth_one_shared_v2,4.718595027923584,0.011227154172956944,4.7442193031311035,0.007830853573977947,466.8921515420079,1.3370836303438544e-12,0.9175184241011947,1.5116114616394043,0.0,1.3834442397308342e-06,1.1431324082877836e-06,0.0,3.2089851882432077e-22,0,0,0,,4.023348368796687e-15,0.0,4.023320156938785e-15,9.073754936595348e-18,1.3370836303438544e-12,6.367404098688667e-05,0.0009373572662054211,0.0009175006144863783,5.203127844574389e-07,0.9175184241011947,0.00016007604437644665,0.00036390123036202386,0.00037791480717027997,1.3310125100601198e-06,1.5116115798221987
10200,muon_no_ns,1,113,0.3,128,4,512,226048,4,nested_depth_one_shared_v2,4.718594074249268,0.011227154172956944,4.744218826293945,0.007830853573977947,471.580831416999,9.900872887271866e-13,0.9191545173318201,1.5068033933639526,0.0,1.3216250719143447e-06,1.081225718735368e-06,0.0,2.279908485413613e-22,0,0,0,,2.9792188905017e-15,0.0,2.9791981363307266e-15,6.718956360960839e-18,9.900872887271866e-13,6.134930398757656e-05,0.000938641122585545,0.0009191368952961434,5.013161829775457e-07,0.9191545173318201,0.00015616692770822275,0.0003631503562771976,0.00037671229491464167,1.298508688461089e-06,1.5068034219849293
10300,muon_no_ns,1,113,0.3,128,4,512,226048,4,nested_depth_one_shared_v2,4.718595027923584,0.011227154172956944,4.7442193031311035,0.007830853573977947,476.15564508305397,7.331425014400123e-13,0.9208425624235321,1.5021132230758667,0.0,1.1938180859985605e-06,9.981091579902568e-07,0.0,1.606958762637942e-22,0,0,0,,2.2060583206477685e-15,0.0,2.2060430171924895e-15,4.975267051851574e-18,7.331425014400123e-13,6.134587636735129e-05,0.000938870175207437,0.0009208263679544397,5.012881741595748e-07,0.9208425624235321,0.0001554612488236898,0.00035726312077186026,0.0003755408417577395,1.2926410558177575e-06,1.5021132047789585
10400,muon_no_ns,1,113,0.3,128,4,512,226048,4,nested_depth_one_shared_v2,4.718595027923584,0.011227154172956944,4.744218826293945,0.007830853573977947,480.84926995809656,5.428793459815312e-13,0.9224418416854463,1.4975920915603638,0.0,9.937933916982433e-07,9.348112257612229e-07,0.0,1.1261913335922138e-22,0,0,0,,1.6335452678348984e-15,0.0,1.6335338981619892e-15,3.684092969210617e-18,5.428793459815312e-13,5.723713886888204e-05,0.0009298382049774228,0.0009224362445918229,4.6771360255552813e-07,0.9224418416854463,0.00014936200906068072,0.0003589919223175612,0.00037440926032496024,1.2419266315699298e-06,1.4975921059942454
10500,muon_no_ns,1,113,0.3,128,4,512,226048,4,nested_depth_one_shared_v2,4.718595027923584,0.011227154172956944,4.7442193031311035,0.007830853573977947,485.37459795805626,4.019927701456873e-13,0.9240010363843398,1.4932975769042969,0.0,1.1594174689769957e-06,9.957701649909723e-07,0.0,8.114072440898249e-23,0,0,0,,1.2096068286994343e-15,0.0,1.2095984080343374e-15,2.7279954225126095e-18,4.019927701456873e-13,5.9593115749561374e-05,0.0009445172808265579,0.0009239822752566395,4.869654809019342e-07,0.9240010363843398,0.00014961449732860124,0.00036153860470702665,0.0003733348142696578,1.2440260402887966e-06,1.493297543494183
10600,muon_no_ns,1,113,0.3,128,4,512,226048,4,nested_depth_one_shared_v2,4.718595027923584,0.011227154172956944,4.7442193031311035,0.007830853573977947,490.0509832079988,2.976686908796696e-13,0.9255313616518558,1.4891877174377441,0.0,1.1349420924500402e-06,9.458136105422454e-07,0.0,5.740678384635173e-23,0,0,0,,8.956836484661883e-16,0.0,8.956773718958387e-16,2.0200124826199218e-18,2.976686908796696e-13,6.223342197364808e-05,0.0009492034421796554,0.0009255094783261974,5.085407580789832e-07,0.9255313616518558,0.00014559941606689312,0.00036143816238176754,0.00037230673833528417,1.2106411362011253e-06,1.4891877705096732
10700,muon_no_ns,1,113,0.3,128,4,512,226048,4,nested_depth_one_shared_v2,4.718595027923584,0.011227154172956944,4.7442193031311035,0.007830853573977947,494.60715254209936,2.2041851970890485e-13,0.927057762364835,1.485095500946045,0.0,1.04839972870558e-06,9.100126590055879e-07,0.0,4.07188952466135e-23,0,0,0,,6.632206992425604e-16,0.0,6.632160954098131e-16,1.495744723593063e-18,2.2041851970890485e-13,5.892296552207616e-05,0.000947907116215567,0.0009270385956522246,4.814893445445853e-07,0.927057762364835,0.00014380262600198156,0.00035868367667612973,0.00037128393000014805,1.1957010490465173e-06,1.4850955218280935
10800,muon_no_ns,1,113,0.3,128,4,512,226048,4,nested_depth_one_shared_v2,4.718595027923584,0.011227154172956944,4.7442193031311035,0.007830853573977947,499.1179147500079,1.6321609896453636e-13,0.9285347628035444,1.4810465574264526,0.0,1.0560108549332183e-06,9.442470059184416e-07,0.0,2.8931786087899075e-23,0,0,0,,4.910722920705386e-16,0.0,4.910688660328947e-16,1.1075028125722345e-18,1.6321609896453636e-13,5.4380687889047533e-05,0.0009456214208031458,0.0009285191284193785,4.4437209728982724e-07,0.9285347628035444,0.00014266688921776808,0.00036101607818133275,0.0003702708082203163,1.1862575381588505e-06,1.4810465387248215
10900,muon_no_ns,1,113,0.3,128,4,512,226048,4,nested_depth_one_shared_v2,4.718595027923584,0.011227154172956944,4.7442193031311035,0.007830853573977947,503.6543707920937,1.2085870043070236e-13,0.929951750441979,1.4772841930389404,0.0,1.1240636144415798e-06,9.399093414685922e-07,0.0,2.071491939125201e-23,0,0,0,,3.635741792354472e-16,0.0,3.635716391733964e-16,8.199595712968074e-19,1.2085870043070236e-13,5.6937696677718425e-05,0.0009541522556986775,0.0009299289824441716,4.6526670900434825e-07,0.929951750441979,0.0001408946641164771,0.00036223397731866247,0.00036932954128980524,1.1715217056384418e-06,1.4772842500143892
11000,muon_no_ns,1,113,0.3,128,4,512,226048,4,nested_depth_one_shared_v2,4.718595027923584,0.011227154172956944,4.744218826293945,0.007830853573977947,508.21453016705345,8.949377449889917e-14,0.9312360832915426,1.4736210107803345,0.0,6.402341095420098e-07,6.94255334110494e-07,0.0,1.415191062645347e-23,0,0,0,,2.691172815985801e-16,0.0,2.691154224778716e-16,6.069333397442209e-19,8.949377449889917e-14,5.285144642077716e-05,0.0009331880444971227,0.0009312356545895214,4.318758920210678e-07,0.9312360832915426,0.00013832767760573768,0.0003505838803398905,0.0003684161116709516,1.150177530298159e-06,1.473621001806133
11100,muon_no_ns,1,113,0.3,128,4,512,226048,4,nested_depth_one_shared_v2,4.718595027923584,0.011227154172956944,4.74422025680542,0.007830853573977947,512.8384620830184,6.626859434357209e-14,0.9326432309334058,1.4700257778167725,0.0,1.0309234826412603e-06,8.932527180149918e-07,0.0,1.0427270730294444e-23,0,0,0,,1.990899156188483e-16,0.0,1.990885225589947e-16,4.490024077167263e-19,6.626859434357209e-14,5.858950692928748e-05,0.0009623801606267083,0.0009326148432703648,4.787644857759881e-07,0.9326432309334058,0.00013768644559921802,0.00036290930048372017,0.0003675140615970729,1.1448457654744263e-06,1.4700258273496256
11200,muon_no_ns,1,113,0.3,128,4,512,226048,4,nested_depth_one_shared_v2,4.718595027923584,0.011227154172956944,4.744221210479736,0.007830853573977947,517.4579188750358,4.907074698187162e-14,0.933900678929802,1.466567039489746,0.0,1.7337845165851784e-06,1.3694278777620639e-06,0.0,7.84169628303753e-24,0,0,0,,1.4707809024014448e-16,0.0,1.4707702313740993e-16,3.317014648126699e-19,4.907074698187162e-14,9.83457289671571e-05,0.0010147833875663805,0.0009338214632894521,8.036326780160917e-07,0.933900678929802,0.000152031435204513,0.0003948397570128844,0.0003666423514002886,1.2641225797891818e-06,1.4665671014947272
11300,muon_no_ns,1,113,0.3,128,4,512,226048,4,nested_depth_one_shared_v2,4.718595027923584,0.011227154172956944,4.744220733642578,0.007830853573977947,522.0311404580716,3.6336039351501595e-14,0.9341632909370657,1.4634885787963867,0.0,6.64245344569445e-07,7.495079330510634e-07,0.0,5.4413365155651936e-24,0,0,0,,1.082811884478661e-16,0.0,1.0828037891381858e-16,2.442038019474535e-19,3.6336039351501595e-14,6.311659782890113e-05,0.0009413691986474839,0.0009341582520313651,5.157576345531327e-07,0.9341632909370657,0.00014606860961058956,0.0003895001501100239,0.00036587333267050514,1.214542422484979e-06,1.4634886310058908
11400,muon_no_ns,1,113,0.3,128,4,512,226048,4,nested_depth_one_shared_v2,4.718595027923584,0.011227154172956944,4.744219779968262,0.007830853573977947,526.4867905830033,2.690620936102341e-14,0.9324288063127295,1.4615377187728882,0.0,9.071226333351755e-07,8.579983727940999e-07,0.0,3.931230734322831e-24,0,0,0,,7.903167453504032e-17,0.0,7.903104791934582e-17,1.7823811940356415e-19,2.690620936102341e-14,6.0608824114444126e-05,0.0009320279482871203,0.0009324311810778058,4.952653475247813e-07,0.9324288063127295,0.00014027262048755057,0.0003766607046828881,0.0003653883348689375,1.1663494898010903e-06,1.4615377733097696
11500,muon_no_ns,1,113,0.3,128,4,512,226048,4,nested_depth_one_shared_v2,4.718595027923584,0.011227154172956944,4.74422025680542,0.007830853573977947,531.0347266671015,1.9923582324327657e-14,0.9289342248809228,1.4606136083602905,0.0,1.202285205771227e-06,1.0160674719372764e-06,0.0,3.0396240488556298e-24,0,0,0,,5.633967219015888e-17,0.0,5.633917594495716e-17,1.270614254103262e-19,1.9923582324327657e-14,9.985348058483588e-05,0.0009200867819676638,0.0009289484223144262,8.159532788497378e-07,0.9289342248809228,0.0001489507968303104,0.00040477141681366865,0.0003651505661793651,1.2385074527349913e-06,1.4606136840329735
11600,muon_no_ns,1,113,0.3,128,4,512,226048,4,nested_depth_one_shared_v2,4.718595027923584,0.011227154172956944,4.744218349456787,0.007830853573977947,535.6193455830216,1.4753068064928854e-14,0.9245995008926893,1.4603632688522339,0.0,3.910657781662252e-07,7.352025477302959e-07,0.0,1.9307849888284186e-24,0,0,0,,3.850296926124636e-17,0.0,3.850254578234754e-17,8.683476432648623e-20,1.4753068064928854e-14,0.00016602208840264877,0.0008048792300478543,0.0009247265524388175,1.3566504302123916e-06,0.9245995008926893,0.00014671141798780214,0.00035758697752828495,0.00036510004738738426,1.2198872946360508e-06,1.4603632650076115
11700,muon_no_ns,1,113,0.3,128,4,512,226048,4,nested_depth_one_shared_v2,4.718595027923584,0.011227154172956944,4.744218826293945,0.007830853573977947,540.2560922499979,1.0924391581031296e-14,0.9192995691896174,1.4609450101852417,0.0,6.206583290756401e-08,6.394942033693951e-07,0.0,1.4858216843512651e-24,0,0,0,,2.42562898812665e-17,0.0,2.425515155533455e-17,5.470459176754222e-20,1.0924391581031296e-14,0.00016943909827503718,0.0008223154434338899,0.0009194072080997265,1.384572545624968e-06,0.9192995691896174,0.00014529537209418103,0.00037506008531211157,0.0003652409999354223,1.2081130481735596e-06,1.4609450069785404
11800,muon_no_ns,1,113,0.3,128,4,512,226048,4,nested_depth_one_shared_v2,4.718594074249268,0.011227154172956944,4.744218349456787,0.007830853573977947,544.7554878750816,8.089322943139997e-15,0.9132442561505981,1.4624223709106445,0.0,6.35545345736443e-07,8.037014254114183e-07,0.0,1.0417425943412512e-24,0,0,0,,7.09355034144718e-18,0.0,7.092672325673898e-18,1.599790312165895e-20,8.089322943139997e-15,0.00019979027043719568,0.000787768286758508,0.00091338316350454,1.6325873198481416e-06,0.9132442561505981,0.00015228025570303036,0.0003823357117983979,0.0003656092550952155,1.2661914914591077e-06,1.4624223150504005
11900,muon_no_ns,1,113,0.3,128,4,512,226048,4,nested_depth_one_shared_v2,4.718594551086426,0.011227154172956944,4.744218826293945,0.007830853573977947,549.3592894580215,5.990003585021215e-15,0.9068357942126307,1.4644896984100342,0.0,5.27981078807398e-07,7.714166372352338e-07,0.0,7.645231164845529e-25,0,0,0,,1.55688843577147e-18,0.0,1.5568787582585734e-18,3.511210771448725e-21,5.990003585021215e-15,0.0002075515638775093,0.0007856537766333343,0.0009069727605864923,1.6960087728976269e-06,0.9068357942126307,0.00015514326498173778,0.0003834902628306392,0.00036612621615085463,1.2899970595016078e-06,1.4644897033079374
12000,muon_no_ns,1,113,0.3,128,4,512,226048,4,nested_depth_one_shared_v2,4.718595027923584,0.011227154172956944,4.7442193031311035,0.007830853573977947,553.9525136250304,4.4354936620957975e-15,0.9000474685495601,1.4673689603805542,0.0,1.0959257858191738e-06,8.861660489856149e-07,0.0,6.453751923855883e-25,0,0,0,,0.0,0.0,0.0,0.0,4.4354936620957975e-15,0.00019499201999157687,0.0008609971957652438,0.0009001068688834309,1.5933783893139821e-06,0.9000474685495601,0.00018069696372850305,0.00044425564573658574,0.0003668319910889522,1.5024729039837863e-06,1.4673689984885259
12100,muon_no_ns,1,113,0.3,128,4,512,226048,4,nested_depth_one_shared_v2,4.718595027923584,0.011227154172956944,4.744217872619629,0.007830853573977947,558.6995080420747,3.2844056645205178e-15,0.8927843118663368,1.4708199501037598,0.0,5.535693602575346e-07,6.986626317484479e-07,0.0,4.152439559490834e-25,0,0,0,,0.0,0.0,0.0,0.0,3.2844056645205178e-15,0.0002503552673125162,0.0007480914735316974,0.0008929525230593235,2.0457794765340675e-06,0.8927843118663368,0.0001646799859077492,0.00039520628576039283,0.00036770711645067814,1.369293714456564e-06,1.470820003085296
12200,muon_no_ns,1,113,0.3,128,4,512,226048,4,nested_depth_one_shared_v2,4.718595027923584,0.011227154172956944,4.744228363037109,0.007830853573977947,563.2964910001028,2.4320442267466603e-15,0.8857062520704395,1.474870204925537,0.0,4.622576792189901e-06,3.0867215627949918e-06,0.0,4.667184119137254e-25,0,0,0,,0.0,0.0,0.0,0.0,2.4320442267466603e-15,0.000380961537861578,0.0011581280337816982,0.0008854735390947952,3.113029351737985e-06,0.8857062520704395,0.0003635291340583782,0.0006558854377866922,0.0003686625675255999,3.02269978676596e-06,1.4748701458684668
12300,muon_no_ns,1,113,0.3,128,4,512,226048,4,nested_depth_one_shared_v2,4.718595027923584,0.011227154172956944,4.744214057922363,0.007830853573977947,567.8295194579987,1.800884299160016e-15,0.8778882892085668,1.479280948638916,0.0,3.096646168377724e-06,2.2234969492274104e-06,0.0,1.6378749196554546e-25,0,0,0,,0.0,0.0,0.0,0.0,1.800884299160016e-15,0.0003424485155626267,0.0005934104088380969,0.0008781936947046313,2.798319973164609e-06,0.8778882892085668,0.0001955320174266653,0.00032698655055805095,0.0003698432810381143,1.6258245406173871e-06,1.479280906169998
12400,muon_no_ns,1,113,0.3,128,4,512,226048,4,nested_depth_one_shared_v2,4.718594551086426,0.011227154172956944,4.744232654571533,0.007830853573977947,572.4823072080035,1.3335194943079662e-15,0.8709820218130501,1.4843369722366333,0.0,1.0779642382494767e-05,7.0443475124193355e-06,0.0,3.4000407913852687e-25,0,0,0,,0.0,0.0,0.0,0.0,1.3335194943079662e-15,0.0006551410576927566,0.0014500754006703351,0.0008704559308061304,5.353488841876895e-06,0.8709820218130501,0.0005730637418461708,0.0008650215081295545,0.0003709891536774423,4.7649541343323384e-06,1.4843369328486393
12500,muon_no_ns,1,113,0.3,128,4,512,226048,4,nested_depth_one_shared_v2,4.718595027923584,0.011227154172956944,4.744199275970459,0.007830853573977947,577.0520704170922,9.874403413123952e-16,0.8629479433694397,1.4888519048690796,0.0,1.6596293446203214e-05,1.0905959243245889e-05,0.0,6.495663733971726e-26,0,0,0,,0.0,0.0,0.0,0.0,9.874403413123952e-16,0.0010717636461773645,0.00022088585898859324,0.0008640164964930669,8.757922669579702e-06,0.8629479433694397,0.0006683177699475672,0.00044012061630012704,0.00037234444813744034,5.556979596545918e-06,1.4888519234283308
12600,muon_no_ns,1,113,0.3,128,4,512,226048,4,nested_depth_one_shared_v2,4.718595027923584,0.011227154172956944,4.74422550201416,0.007830853573977947,581.738555375021,7.311683089420301e-16,0.856358748860163,1.494732141494751,0.0,5.32008073642126e-06,3.3806602459662827e-06,0.0,1.376756166830027e-25,0,0,0,,0.0,0.0,0.0,0.0,7.311683089420301e-16,0.00037796939386042287,0.0011020481997643975,0.0008561609349719335,3.0885790301845082e-06,0.856358748860163,0.00038216348981483207,0.0006638336240553387,0.0003736312011213304,3.177642150099373e-06,1.494732189878176
12700,muon_no_ns,1,113,0.3,128,4,512,226048,4,nested_depth_one_shared_v2,4.718595027923584,0.011227154172956944,4.744217395782471,0.007830853573977947,586.3526525000343,5.413920856388335e-16,0.8491282536806383,1.500327706336975,0.0,9.3459585498774e-07,8.083384273049887e-07,0.0,6.217163170656852e-26,0,0,0,,0.0,0.0,0.0,0.0,5.413920856388335e-16,0.0002740507553341577,0.0007154930634952635,0.0008492957387117105,2.239407290326462e-06,0.8491282536806383,0.00021501894588271675,0.000429836646618447,0.00037508268574276216,1.7878559404979015e-06,1.5003277102753967
12800,muon_no_ns,1,113,0.3,128,4,512,226048,4,nested_depth_one_shared_v2,4.718595027923584,0.011227154172956944,4.7442193031311035,0.007830853573977947,590.9555840831017,4.0084422266511446e-16,0.8422414574828226,1.5064390897750854,0.0,2.8318628662061496e-07,4.801805175702611e-07,0.0,5.20130938885124e-26,0,0,0,,0.0,0.0,0.0,0.0,4.0084422266511446e-16,0.00026321967220997353,0.0007929485273719224,0.0008423305624006,2.1509010335899863e-06,0.8422414574828226,0.00025202645419674085,0.00048486915679440555,0.0003765999002488752,2.0955687948728043e-06,1.506439057827674
12900,muon_no_ns,1,113,0.3,128,4,512,226048,4,nested_depth_one_shared_v2,4.718595027923584,0.011227154172956944,4.744218349456787,0.007830853573977947,595.5867793750949,2.9673483484464544e-16,0.8356059120868423,1.5124328136444092,0.0,4.840623514133992e-07,5.919234240536753e-07,0.0,3.5876540397300264e-26,0,0,0,,0.0,0.0,0.0,0.0,2.9673483484464544e-16,0.000270981404874165,0.0007414709332644697,0.0008357387936795158,2.2143260757598626e-06,0.8356059120868423,0.00024421575952887495,0.0004665949054883309,0.0003781032468745406,2.0306238347715847e-06,1.5124328661435074
13000,muon_no_ns,1,113,0.3,128,4,512,226048,4,nested_depth_one_shared_v2,4.718595027923584,0.011227154172956944,4.7442169189453125,0.007830853573977947,600.220313042053,2.1957369862859333e-16,0.8292108829887761,1.518619179725647,0.0,2.1316478246427454e-06,1.4423573020394542e-06,0.0,2.2503989117635355e-26,0,0,0,,0.0,0.0,0.0,0.0,2.1957369862859333e-16,0.0002970114819771873,0.0006517558455317814,0.0008294227198578707,2.4270309973762655e-06,0.8292108829887761,0.00023429685936605758,0.0004215294081899456,0.0003796618432521176,1.9481494067322455e-06,1.5186192146157786
13100,muon_no_ns,1,113,0.3,128,4,512,226048,4,nested_depth_one_shared_v2,4.718594551086426,0.011227154172956944,4.744216442108154,0.007830853573977947,604.8222084169975,1.6230729793251662e-16,0.8230359779654027,1.5248931646347046,0.0,3.6890516338534147e-06,2.321302417840343e-06,0.0,1.428123122007405e-26,0,0,0,,0.0,0.0,0.0,0.0,1.6230729793251662e-16,0.0003167326271571604,0.0006041208533941957,0.0008232869028474866,2.5881824462594052e-06,0.8230359779654027,0.0002375647410276231,0.0004005744863687744,0.0003812368434590015,1.975321438561761e-06,1.52489311906832
13200,muon_no_ns,1,113,0.3,128,4,512,226048,4,nested_depth_one_shared_v2,4.718595027923584,0.011227154172956944,4.744202136993408,0.007830853573977947,609.4414863750571,1.196685074384785e-16,0.816772524791345,1.5311188697814941,0.0,1.6584752743914258e-05,9.972461157303769e-06,0.0,6.2781653068269664e-27,0,0,0,,0.0,0.0,0.0,0.0,1.196685074384785e-16,0.0009075277708566995,0.00010220308127658763,0.0008176786153760065,7.415868289624474e-06,0.816772524791345,0.000633680164619672,0.00042566435786186695,0.00038289955143255334,5.268972192380345e-06,1.5311188933628874
13300,muon_no_ns,1,113,0.3,128,4,512,226048,4,nested_depth_one_shared_v2,4.718595027923584,0.011227154172956944,4.744213581085205,0.007830853573977947,614.0237659580307,8.766585022890753e-17,0.8113179411453306,1.537682294845581,0.0,4.2005604714705475e-06,2.5916290269378806e-06,0.0,6.348724831827504e-27,0,0,0,,0.0,0.0,0.0,0.0,8.766585022890753e-17,0.000362809717449697,0.0005038929148942457,0.0008116484567287902,2.9647016490337976e-06,0.8113179411453306,0.00025192389473089433,0.0003483471475953406,0.000384449829426825,2.0947160255993097e-06,1.537682316212901
13400,muon_no_ns,1,113,0.3,128,4,512,226048,4,nested_depth_one_shared_v2,4.718595027923584,0.011227154172956944,4.74422025680542,0.007830853573977947,618.5435597500764,6.314598515116995e-17,0.8057596230910191,1.5445255041122437,0.0,1.5676488042583385e-06,9.321670972894935e-07,0.0,8.660101150820668e-27,0,0,0,,0.0,0.0,0.0,0.0,6.314598515116995e-17,0.0002458160299637913,0.0008261461102549673,0.0008057764786973089,2.008687072979616e-06,0.8057596230910191,0.0003267498357205886,0.0005708447331363454,0.0003861087307207673,2.7168844701174042e-06,1.5445255200323658
13500,muon_no_ns,1,113,0.3,128,4,512,226048,4,nested_depth_one_shared_v2,4.718595027923584,0.011227154172956944,4.744218826293945,0.007830853573977947,623.0747858750401,4.3513666095119416e-17,0.8003455302472732,1.5510895252227783,0.0,3.757962338836588e-07,4.1668479866530106e-07,0.0,5.6636831061886304e-27,0,0,0,,0.0,0.0,0.0,0.0,4.3513666095119416e-17,0.00023472228514458845,0.0007436453586902605,0.0008004347138496464,1.9180344747233115e-06,0.8003455302472732,0.00028510107246800204,0.0005146796984568927,0.0003877616711387053,2.3705801549797825e-06,1.5510895468258237
13600,muon_no_ns,1,113,0.3,128,4,512,226048,4,nested_depth_one_shared_v2,4.718595027923584,0.011227154172956944,4.744219779968262,0.007830853573977947,627.7125818330096,2.882779613539813e-17,0.7951678708517178,1.557785987854004,0.0,8.291793113308454e-07,6.433181738429994e-07,0.0,3.900902539250326e-27,0,0,0,,0.0,0.0,0.0,0.0,2.882779613539813e-17,0.00023185811492962416,0.0007380991390478543,0.0007952567947989445,1.8946298916842823e-06,0.7951678708517178,0.0002981853163512638,0.0005285787216545987,0.0003894340339495808,2.479374024550572e-06,1.5577860103945305
13700,muon_no_ns,1,113,0.3,128,4,512,226048,4,nested_depth_one_shared_v2,4.718594551086426,0.011227154172956944,4.744255542755127,0.007830853573977947,632.2423835830996,1.360523146219664e-17,0.7910592714677661,1.5649096965789795,0.0,2.9940758226261695e-05,1.670094206929207e-05,0.0,1.0308248056353111e-26,0,0,0,,0.0,0.0,0.0,0.0,1.360523146219664e-17,0.0015906557531207117,0.0023320008243853307,0.0007896123871215541,1.2998052443222973e-05,0.7910592714677661,0.001587142721538384,0.0018697177164857513,0.0003909638718917348,1.3196895424592872e-05,1.5649096409851408
13800,muon_no_ns,1,113,0.3,128,4,512,226048,4,nested_depth_one_shared_v2,4.718595027923584,0.011227154172956944,4.7442193031311035,0.007830853573977947,636.7135656250175,2.7458205137738227e-18,0.7852999427602055,1.5713454484939575,0.0,9.388346417246501e-07,5.819624107061827e-07,0.0,2.235639123930136e-27,0,0,0,,0.0,0.0,0.0,0.0,2.7458205137738227e-18,0.00021884827286268075,0.0007708641402055286,0.00078534482821642,1.7883198939789862e-06,0.7852999427602055,0.0003133926521020414,0.0005504050783409083,0.0003928203494736185,2.605821140406139e-06,1.5713455066773128
13900,muon_no_ns,1,113,0.3,128,4,512,226048,4,nested_depth_one_shared_v2,4.718595027923584,0.011227154172956944,4.744221210479736,0.007830853573977947,641.3379234580789,2.9600039074883e-19,0.7807873691260273,1.5780260562896729,0.0,4.570611762183702e-06,2.4482415028614923e-06,0.0,2.0829321386396722e-27,0,0,0,,0.0,0.0,0.0,0.0,2.9600039074883e-19,0.00025953069732398323,0.0008859021650175519,0.0007807182106237025,2.1207565545373927e-06,0.7807873691260273,0.00039632551392443935,0.0006578268018062724,0.0003944684926364987,3.2953976289474865e-06,1.5780260413841012
14000,muon_no_ns,1,113,0.3,128,4,512,226048,4,nested_depth_one_shared_v2,4.718595027923584,0.011227154172956944,4.744217395782471,0.007830853573977947,646.002186958096,0.0,0.7764312525773227,1.5846978425979614,0.0,1.1378667968432206e-06,7.695796853113279e-07,0.0,9.443531703970486e-28,0,0,0,,0.0,0.0,0.0,0.0,0.0,0.0002241794873824723,0.0006639213023757196,0.0007765680898705912,1.83188394344624e-06,0.7764312525773227,0.0002684045136671103,0.0004752635471414392,0.0003961754618287384,2.2317503336563668e-06,1.5846978214193335
14100,muon_no_ns,1,113,0.3,128,4,512,226048,4,nested_depth_one_shared_v2,4.718595027923584,0.011227154172956944,4.744218826293945,0.007830853573977947,650.6763397080358,0.0,0.7723784083130525,1.5913352966308594,0.0,3.5500498531143756e-08,3.6311638496044907e-07,0.0,7.818238942419611e-28,0,0,0,,0.0,0.0,0.0,0.0,0.0,0.00021323755559632886,0.0007221088323803148,0.0007724565485822141,1.7424718862444026e-06,0.7723784083130525,0.00029444943071775764,0.0005239588804538002,0.00039782456524034923,2.4483105975792203e-06,1.5913353373740375
14200,muon_no_ns,1,113,0.3,128,4,512,226048,4,nested_depth_one_shared_v2,4.718595027923584,0.011227154172956944,4.744225025177002,0.007830853573977947,655.1886313750874,0.0,0.7688463135219048,1.5979012250900269,0.0,6.041422893772029e-06,3.161514541716315e-06,0.0,8.648578119370405e-28,0,0,0,,0.0,0.0,0.0,0.0,0.0,0.0003522524573777903,0.0010111972518252828,0.0007686462094665264,2.8784329389108388e-06,0.7688463135219048,0.0004913468536653275,0.0007676117478546417,0.00039941637730124416,4.085488316223391e-06,1.5979012672182946
14300,muon_no_ns,1,113,0.3,128,4,512,226048,4,nested_depth_one_shared_v2,4.718595027923584,0.011227154172956944,4.744207859039307,0.007830853573977947,659.8115345000988,0.0,0.7651041555869922,1.6040703058242798,0.0,8.938570335255577e-06,4.776449259225046e-06,0.0,8.329003026649641e-29,0,0,0,,0.0,0.0,0.0,0.0,0.0,0.0005258729830647348,0.00025158756941901764,0.0007656262444217592,4.297174042176812e-06,0.7651041555869922,0.00039614228059371676,0.0003115847158034083,0.00040108641762459093,3.2938740664656564e-06,1.6040704211142212
14400,muon_no_ns,1,113,0.3,128,4,512,226048,4,nested_depth_one_shared_v2,4.718595027923584,0.011227154172956944,4.7442193031311035,0.007830853573977947,664.5161193331005,0.0,0.7621534623181845,1.6109411716461182,0.0,1.185972518391397e-06,6.526223614855553e-07,0.0,3.1927317912785715e-28,0,0,0,,0.0,0.0,0.0,0.0,0.0,0.00022514457508293438,0.0007807251092589183,0.0007621679465747459,1.8397701630247408e-06,0.7621534623181845,0.0003231101986701029,0.0005720520312864316,0.000402716469998024,2.6866213382094077e-06,1.610941152633241
14500,muon_no_ns,1,113,0.3,128,4,512,226048,4,nested_depth_one_shared_v2,4.718595027923584,0.011227154172956944,4.744223117828369,0.007830853573977947,669.1938373330049,0.0,0.7594677848801937,1.6173375844955444,0.0,4.237621450898466e-06,2.1418427422759123e-06,0.0,2.904100614974277e-28,0,0,0,,0.0,0.0,0.0,0.0,0.0,0.0003063896047180874,0.0009270082278073196,0.0007593433745840566,2.5036643801594673e-06,0.7594677848801937,0.0004243196010988034,0.0006933352476851256,0.00040429197417094306,3.5281650013668575e-06,1.6173375746526453
14600,muon_no_ns,1,113,0.3,128,4,512,226048,4,nested_depth_one_shared_v2,4.718595027923584,0.011227154172956944,4.7442545890808105,0.007830853573977947,673.8729268329917,0.0,0.757890048434301,1.6238235235214233,0.0,3.0379964981386876e-05,1.5608471585437655e-05,0.0,5.522664782323647e-28,0,0,0,,0.0,0.0,0.0,0.0,0.0,0.0015747851983180239,0.002272768370999132,0.0007564929843783576,1.2868366115289562e-05,0.757890048434301,0.0016616046082197724,0.0019472361590348384,0.0004056888815723977,1.3816036802565288e-05,1.6238235469897655
14700,muon_no_ns,1,113,0.3,128,4,512,226048,4,nested_depth_one_shared_v2,4.718595027923584,0.011227154172956944,4.744219779968262,0.007830853573977947,678.4794129170477,0.0,0.7549233962348361,1.6296954154968262,0.0,1.2824356913188922e-06,7.063338784973894e-07,0.0,1.217237558290044e-28,0,0,0,,0.0,0.0,0.0,0.0,0.0,0.0002472337079472023,0.0007960761725095338,0.0007549215877737447,2.0202716366036605e-06,0.7549233962348361,0.0003327946757731061,0.0005786167425373273,0.0004074060445148445,2.7671465675008974e-06,1.629695417580614
14800,muon_no_ns,1,113,0.3,128,4,512,226048,4,nested_depth_one_shared_v2,4.718595027923584,0.011227154172956944,4.744225025177002,0.007830853573977947,683.0509397500427,0.0,0.7532032075218564,1.6358649730682373,0.0,7.374138629135262e-06,3.686961235871422e-06,0.0,1.3203812179441886e-28,0,0,0,,0.0,0.0,0.0,0.0,0.0,0.00042411199031912875,0.0010483596762670593,0.0007529692632808725,3.465633516964602e-06,0.7532032075218564,0.0005326305741903263,0.0008090514836548396,0.0004089039891124269,4.4287573462312585e-06,1.6358650548537463
14900,muon_no_ns,1,113,0.3,128,4,512,226048,4,nested_depth_one_shared_v2,4.718595027923584,0.011227154172956944,4.7442193031311035,0.007830853573977947,687.7550985000562,0.0,0.7517287476912896,1.641818642616272,0.0,8.300659732341998e-07,5.09323911046522e-07,0.0,6.189999628424446e-29,0,0,0,,0.0,0.0,0.0,0.0,0.0,0.0002559642200511688,0.0007835035430200047,0.0007517399048124704,2.0916130654206208e-06,0.7517287476912896,0.00033205620819880976,0.00056570720313364,0.0004104421022871671,2.7610063009576367e-06,1.6418186749924473
15000,muon_no_ns,1,113,0.3,128,4,512,226048,4,nested_depth_one_shared_v2,4.718595027923584,0.011227154172956944,4.744215965270996,0.007830853573977947,692.3966038330691,0.0,0.7505972193104105,1.647421956062317,0.0,3.031188115219203e-06,1.64415007475327e-06,0.0,3.3825167798583785e-29,0,0,0,,0.0,0.0,0.0,0.0,0.0,0.0002738310036963702,0.0005997505250875672,0.000750783020515392,2.2376115885809126e-06,0.7505972193104105,0.0002866680789528004,0.00045151517325074745,0.00041187004483613155,2.3836096200864233e-06,1.6474220076813415
15100,muon_no_ns,1,113,0.3,128,4,512,226048,4,nested_depth_one_shared_v2,4.718594551086426,0.011227154172956944,4.7442097663879395,0.007830853573977947,696.9747170000337,0.0,0.7499501688615395,1.6528080701828003,0.0,7.462755659170888e-06,3.83232372769271e-06,0.0,1.1599976113123464e-29,0,0,0,,0.0,0.0,0.0,0.0,0.0,0.00042929291114575087,0.0003505697435361626,0.0007503663175352168,3.5079694406718545e-06,0.7499501688615395,0.00036594386097289257,0.00034201919047301756,0.00041325880548892367,3.042777942395788e-06,1.6528080136964367
15200,muon_no_ns,1,113,0.3,128,4,512,226048,4,nested_depth_one_shared_v2,4.718595027923584,0.011227154172956944,4.7442193031311035,0.007830853573977947,701.6235582079971,0.0,0.7496179561312676,1.658328890800476,0.0,5.853055917386344e-07,3.9991232370084617e-07,0.0,2.3617654833896368e-29,0,0,0,,0.0,0.0,0.0,0.0,0.0,0.0002688601214932169,0.0007842031778267218,0.0007496307812203171,2.1969919966680126e-06,0.7496179561312676,0.0003433612878022961,0.0005684830422046995,0.00041457217029931316,2.8550066395971877e-06,1.6583289288537402
15300,muon_no_ns,1,113,0.3,128,4,512,226048,4,nested_depth_one_shared_v2,4.718595027923584,0.011227154172956944,4.7442169189453125,0.007830853573977947,706.230776707991,0.0,0.7491120406642996,1.663393259048462,0.0,7.700179190890035e-07,6.128203153821232e-07,0.0,1.5657653966060246e-29,0,0,0,,0.0,0.0,0.0,0.0,0.0,0.00025792832747374825,0.000677265827757436,0.0007492249127493924,2.1076627802836415e-06,0.7491120406642996,0.00031418344970855826,0.0005062208128757988,0.00041585295670102827,2.612396524694898e-06,1.6633932711110266
15400,muon_no_ns,1,113,0.3,128,4,512,226048,4,nested_depth_one_shared_v2,4.718594551086426,0.011227154172956944,4.744183540344238,0.007830853573977947,710.9182305420982,0.0,0.7484578330955313,1.667712926864624,0.0,2.8347925549804023e-05,1.4093333447817713e-05,0.0,1.6110950166494394e-29,0,0,0,,0.0,0.0,0.0,0.0,0.0,0.0015256968031938432,0.0008092331538972221,0.0007499481134278399,1.2467240018127463e-05,0.7484578330955313,0.0013305155533568044,0.001081888187771025,0.0004171600449161105,1.1063072261973271e-05,1.6677130116721333
15500,muon_no_ns,1,113,0.3,128,4,512,226048,4,nested_depth_one_shared_v2,4.718595027923584,0.011227154172956944,4.74422025680542,0.007830853573977947,715.4748719170457,0.0,0.7485300600160829,1.6733520030975342,0.0,1.3230744169011616e-06,6.759008783774334e-07,0.0,9.904471649520008e-30,0,0,0,,0.0,0.0,0.0,0.0,0.0,0.00028059023115065704,0.0008153219639501371,0.0007485128413458704,2.2928446537831895e-06,0.7485300600160829,0.0003797239724579553,0.0006065495170317381,0.00041832346998098394,3.1573578650074962e-06,1.6733520258027899
15600,muon_no_ns,1,113,0.3,128,4,512,226048,4,nested_depth_one_shared_v2,4.718595027923584,0.011227154172956944,4.744210243225098,0.007830853573977947,720.1521149580367,0.0,0.7481901464883111,1.6775541305541992,0.0,1.5998359365973606e-05,7.971601007739082e-06,0.0,9.964029904575607e-31,0,0,0,,0.0,0.0,0.0,0.0,0.0,0.0005946250776591599,0.00016062578960957365,0.0007487834300567811,4.858982170281541e-06,0.7481901464883111,0.000516104830899012,0.00038660745194184866,0.0004194758087933834,4.291347834742743e-06,1.677554173056727
15700,muon_no_ns,1,113,0.3,128,4,512,226048,4,nested_depth_one_shared_v2,4.718595027923584,0.011227154172956944,4.744218349456787,0.007830853573977947,724.7551906250883,0.0,0.7481576025861254,1.6819795370101929,0.0,5.884103766004876e-07,4.969031124346657e-07,0.0,4.373827904946369e-30,0,0,0,,0.0,0.0,0.0,0.0,0.0,0.00025202587623587435,0.0007244739569780785,0.0007482234281190608,2.0594308667580823e-06,0.7481576025861254,0.0003365463830409424,0.0005319157238626413,0.0004204970101728756,2.7983415494048125e-06,1.681979509648401
15800,muon_no_ns,1,113,0.3,128,4,512,226048,4,nested_depth_one_shared_v2,4.718595027923584,0.011227154172956944,4.74422025680542,0.007830853573977947,729.3786186670186,0.0,0.747517052012609,1.6862385272979736,0.0,2.1524315534768287e-06,1.031864258038695e-06,0.0,4.0213804681743516e-30,0,0,0,,0.0,0.0,0.0,0.0,0.0,0.0002834043914629228,0.0008340529718751542,0.0007474791861414524,2.315840580620724e-06,0.747517052012609,0.0004034172697419107,0.0006308323577656457,0.00042154258961266664,3.3543647014292883e-06,1.686238559149635
15900,muon_no_ns,1,113,0.3,128,4,512,226048,4,nested_depth_one_shared_v2,4.718595027923584,0.011227154172956944,4.744229793548584,0.007830853573977947,734.0125521250302,0.0,0.7473011134046573,1.690226674079895,0.0,5.5154054363172625e-06,2.625053639349062e-06,0.0,3.90430762552172e-30,0,0,0,,0.0,0.0,0.0,0.0,0.0,0.0004947648687397106,0.0011322382600827121,0.0007469802855572564,4.0429739108076236e-06,0.7473011134046573,0.0006514368737441663,0.0009127232455096737,0.0004224885531214686,5.416617032520324e-06,1.690226718434747
16000,muon_no_ns,1,113,0.3,128,4,512,226048,4,nested_depth_one_shared_v2,4.718595027923584,0.011227154172956944,4.744214057922363,0.007830853573977947,738.565391875105,0.0,0.746466239098062,1.6937874555587769,0.0,3.9769757304153376e-06,2.021223281190032e-06,0.0,1.2469373239624396e-30,0,0,0,,0.0,0.0,0.0,0.0,0.0,0.0002909793147624539,0.0005445761399857726,0.0007466977006824444,2.3777391090154e-06,0.746466239098062,0.00031469956465248784,0.0004208396570703384,0.0004234768023181049,2.616687956618239e-06,1.6937874821530847
16100,muon_no_ns,1,113,0.3,128,4,512,226048,4,nested_depth_one_shared_v2,4.718595027923584,0.011227154172956944,4.744218826293945,0.007830853573977947,743.2537133330479,0.0,0.745478211380631,1.6976664066314697,0.0,6.411350766253404e-07,4.058373122006742e-07,0.0,1.4823511325733695e-30,0,0,0,,0.0,0.0,0.0,0.0,0.0,0.0002533145230821893,0.0007624554402644133,0.0007455041122363335,2.069961051718803e-06,0.745478211380631,0.00036672532598693426,0.0005765517328670636,0.00042441137304664883,3.0492757273324133e-06,1.6976664150054843
16200,muon_no_ns,1,113,0.3,128,4,512,226048,4,nested_depth_one_shared_v2,4.718595027923584,0.011227154172956944,4.744225025177002,0.007830853573977947,747.7942863330245,0.0,0.7446562615044443,1.7011562585830688,0.0,1.0603620321651447e-05,5.042314569436712e-06,0.0,1.8897993857830736e-30,0,0,0,,0.0,0.0,0.0,0.0,0.0,0.0004859571330869421,0.0011196912729657495,0.0007443448658681851,3.971001449326801e-06,0.7446562615044443,0.0006511878775941342,0.0009113395423273669,0.00042522272742966295,5.414546660329778e-06,1.701156248246432
16300,muon_no_ns,1,113,0.3,128,4,512,226048,4,nested_depth_one_shared_v2,4.718595027923584,0.011227154172956944,4.744208812713623,0.007830853573977947,752.3886049170978,0.0,0.7436487970499284,1.7041548490524292,0.0,7.822726090153987e-06,3.825977273663739e-06,0.0,2.662874859485537e-31,0,0,0,,0.0,0.0,0.0,0.0,0.0,0.0004382363805358182,0.0003348491917427057,0.0007440745538087091,3.581051051151298e-06,0.7436487970499284,0.00039147199926296643,0.00034503869098612263,0.00042610202875097814,3.2550412548420106e-06,1.7041549368208266
16400,muon_no_ns,1,113,0.3,128,4,512,226048,4,nested_depth_one_shared_v2,4.718595027923584,0.011227154172956944,4.7442193031311035,0.007830853573977947,756.9888944580453,0.0,0.7419353659156235,1.708062767982483,0.0,1.558691349540098e-06,7.331967140089546e-07,0.0,6.634831009402729e-31,0,0,0,,0.0,0.0,0.0,0.0,0.0,0.00026574537526621205,0.0007881006283858102,0.0007419353658592348,2.171539830335661e-06,0.7419353659156235,0.00039231905781950425,0.0006107263513321165,0.0004270049461946339,3.2620844419715848e-06,1.7080628095598145
16500,muon_no_ns,1,113,0.3,128,4,512,226048,4,nested_depth_one_shared_v2,4.718594551086426,0.011227154172956944,4.744313716888428,0.007830853573977947,761.7065194169991,0.0,0.7435289407034569,1.7123469114303589,0.0,8.273643991078085e-05,3.909696533810347e-05,0.0,3.22524616814774e-30,0,0,0,,0.0,0.0,0.0,0.0,0.0,0.004160409861782131,0.004845653831119446,0.0007397255613984784,3.399681261181241e-05,0.7435289407034569,0.004204216735302868,0.0044775715010891715,0.000427445350316904,3.495754215747975e-05,1.7123469291272515
16600,muon_no_ns,1,113,0.3,128,4,512,226048,4,nested_depth_one_shared_v2,4.718595027923584,0.011227154172956944,4.744218826293945,0.007830853573977947,766.177049708087,0.0,0.7391518802912821,1.7146756649017334,0.0,2.8069649863659033e-07,3.1783289955455984e-07,0.0,3.3548639335321207e-31,0,0,0,,0.0,0.0,0.0,0.0,0.0,0.0002567151637845339,0.0007484479842315389,0.0007391871313498243,2.0977494063661958e-06,0.7391518802912821,0.0003738170672495624,0.0005815730232511138,0.00042866462114214243,3.1082426787924935e-06,1.714675651774934
16700,muon_no_ns,1,113,0.3,128,4,512,226048,4,nested_depth_one_shared_v2,4.718595027923584,0.011227154172956944,4.74413537979126,0.007830853573977947,770.7375536250183,0.0,0.7366782855898356,1.7161093950271606,0.0,0.00011202289171016826,5.298425821820274e-05,0.0,1.7521610343639362e-30,0,0,0,,0.0,0.0,0.0,0.0,0.0,0.004350632964708493,0.003651768767740129,0.0007408221567392517,3.5551221768475375e-05,0.7366782855898356,0.004413197736841853,0.004147141996136224,0.00042974277602202777,3.6695193337559816e-05,1.7161095885027204
16800,muon_no_ns,1,113,0.3,128,4,512,226048,4,nested_depth_one_shared_v2,4.718595027923584,0.011227154172956944,4.744218826293945,0.007830853573977947,775.3504347500857,0.0,0.7364365879789064,1.7206565141677856,0.0,4.1479022276811524e-07,3.4451903729859623e-07,0.0,1.798426423142244e-31,0,0,0,,0.0,0.0,0.0,0.0,0.0,0.00025412984648762085,0.0007454153920637772,0.0007364714018220843,2.0766234715171753e-06,0.7364365879789064,0.0003717728951912154,0.0005778430504124188,0.00043016106807429146,3.091245640959795e-06,1.7206565686096715
16900,muon_no_ns,1,113,0.3,128,4,512,226048,4,nested_depth_one_shared_v2,4.718595027923584,0.011227154172956944,4.744218826293945,0.007830853573977947,779.9314731670311,0.0,0.7351234153039019,1.723170280456543,0.0,1.5286405891518637e-05,7.243866548378719e-06,0.0,1.5115555491581082e-32,0,0,0,,0.0,0.0,0.0,0.0,0.0,0.00039359308763662834,0.000371044539022125,0.000735502903582621,3.2162481318500048e-06,0.7351234153039019,0.0003778895368885101,0.00036979217359957083,0.0004308481992422836,3.1421047601388578e-06,1.7231703356623764
17000,muon_no_ns,1,113,0.3,128,4,512,226048,4,nested_depth_one_shared_v2,4.718595027923584,0.011227154172956944,4.744219779968262,0.007830853573977947,784.6411622080486,0.0,0.7335408525824442,1.7261085510253906,0.0,1.0180629406979842e-06,5.111359655529668e-07,0.0,9.975491914891604e-32,0,0,0,,0.0,0.0,0.0,0.0,0.0,0.0002593306514290842,0.0007721462766750424,0.0007335470960684375,2.119121878380815e-06,0.7335408525824442,0.00038605552496735534,0.0005991476918871564,0.000431520273323309,3.2100039410080726e-06,1.7261085431302505
17100,muon_no_ns,1,113,0.3,128,4,512,226048,4,nested_depth_one_shared_v2,4.718595027923584,0.011227154172956944,4.7442240715026855,0.007830853573977947,789.1206561250146,0.0,0.7316697798672124,1.7289644479751587,0.0,5.09005787254062e-06,2.3051547941577155e-06,0.0,9.835538145229878e-32,0,0,0,,0.0,0.0,0.0,0.0,0.0,0.0003497504361870473,0.0009447011957109939,0.000731509095165361,2.857987658662407e-06,0.7316697798672124,0.0005285109670368677,0.0007782092353684785,0.0004322007719105139,4.394503322281918e-06,1.7289643992812385
17200,muon_no_ns,1,113,0.3,128,4,512,226048,4,nested_depth_one_shared_v2,4.718594551086426,0.011227154172956944,4.744207382202148,0.007830853573977947,793.576535500004,0.0,0.7300109652779997,1.731208086013794,0.0,9.61628331323809e-06,4.491779691306874e-06,0.0,1.0496844230632428e-32,0,0,0,,0.0,0.0,0.0,0.0,0.0,0.0004982534903621611,0.0002516338967494827,0.0007305028348925886,4.07148120203906e-06,0.7300109652779997,0.00044588266349502887,0.0003450089223294467,0.00043287918305004284,3.707459198174272e-06,1.7312081782939326
17300,muon_no_ns,1,113,0.3,128,4,512,226048,4,nested_depth_one_shared_v2,4.718594074249268,0.011227154172956944,4.74422025680542,0.007830853573977947,798.1752114170231,0.0,0.7275917597381669,1.7344038486480713,0.0,2.57587138069873e-06,1.1489241842355113e-06,0.0,4.494227290817336e-32,0,0,0,,0.0,0.0,0.0,0.0,0.0,0.000268157838984383,0.000808530184660416,0.0007275557116381713,2.1912532911926934e-06,0.7275917597381669,0.0004194139605834526,0.0006506216744877048,0.0004335838353537369,3.487375207233549e-06,1.734403799006922
17400,muon_no_ns,1,113,0.3,128,4,512,226048,4,nested_depth_one_shared_v2,4.718594551086426,0.011227154172956944,4.744328022003174,0.007830853573977947,802.8790332080098,0.0,0.7285446897543442,1.738413691520691,0.0,0.00013791506620219649,6.267455319175497e-05,0.0,3.0518250163731874e-31,0,0,0,,0.0,0.0,0.0,0.0,0.0,0.0052143234926996,0.005896962603187899,0.0007236635441375187,4.2608873781186765e-05,0.7285446897543442,0.005790470455056532,0.006068839273823713,0.00043370471032177,4.814704564218844e-05,1.7384137392451737
17500,muon_no_ns,1,113,0.3,128,4,512,226048,4,nested_depth_one_shared_v2,4.718595027923584,0.011227154172956944,4.74422025680542,0.007830853573977947,807.496081624995,0.0,0.7235468969166122,1.7397220134735107,0.0,1.8577856836630272e-06,8.286706361104734e-07,0.0,2.2806878211832666e-32,0,0,0,,0.0,0.0,0.0,0.0,0.0,0.00025455115944694046,0.0007787873820201967,0.0007235343186509002,2.080066232736567e-06,0.7235468969166122,0.0003983026947725489,0.000624057340294471,0.0004349185393956323,3.311837643152837e-06,1.7397219741609693
17600,muon_no_ns,1,113,0.3,128,4,512,226048,4,nested_depth_one_shared_v2,4.718595027923584,0.011227154172956944,4.744205474853516,0.007830853573977947,812.1301480000839,0.0,0.721469461382941,1.741719365119934,0.0,3.2210474303683987e-05,1.4627729797211941e-05,0.0,1.842063124433469e-32,0,0,0,,0.0,0.0,0.0,0.0,0.0,0.0009505317289263813,0.00024482413209604714,0.0007224145501876268,7.767275375135745e-06,0.721469461382941,0.000925018860016154,0.0006873787914959217,0.00043559423480751797,7.691417410512989e-06,1.7417194096854967
17700,muon_no_ns,1,113,0.3,128,4,512,226048,4,nested_depth_one_shared_v2,4.718595027923584,0.011227154172956944,4.7442193031311035,0.007830853573977947,816.5303520420566,0.0,0.71957234318095,1.7446156740188599,0.0,7.277454902791826e-07,3.873219043271092e-07,0.0,1.1028551916920027e-32,0,0,0,,0.0,0.0,0.0,0.0,0.0,0.00023949876483273143,0.0007369023839925341,0.000719594689235748,1.9570655053901713e-06,0.71957234318095,0.00036901460384872723,0.0005822927566228888,0.0004361503159159604,3.0683107896049695e-06,1.744615786973133
17800,muon_no_ns,1,113,0.3,128,4,512,226048,4,nested_depth_one_shared_v2,4.718595027923584,0.011227154172956944,4.74421501159668,0.007830853573977947,821.2765364170773,0.0,0.716944146683605,1.7469806671142578,0.0,4.1752564523532903e-07,4.2018254475806316e-07,0.0,7.331187985358098e-33,0,0,0,,0.0,0.0,0.0,0.0,0.0,0.00023277246177421797,0.0006027342868292771,0.0007170871692218249,1.9021014820733461e-06,0.716944146683605,0.00032042422581264336,0.0004933616402129436,0.00043675950849069665,2.664287806112917e-06,1.7469807191908235
17900,muon_no_ns,1,113,0.3,128,4,512,226048,4,nested_depth_one_shared_v2,4.718595027923584,0.011227154172956944,4.744221210479736,0.007830853573977947,825.8632123330608,0.0,0.7150863277565394,1.749617338180542,0.0,1.861897340961629e-06,8.137950544551131e-07,0.0,6.331898768356133e-33,0,0,0,,0.0,0.0,0.0,0.0,0.0,0.0002496953678369046,0.0007797786986961223,0.000715062274200127,2.040387104253373e-06,0.7150863277565394,0.00039026051839272547,0.0006201134786250872,0.00043739264306201265,3.244967941247397e-06,1.7496173304014757
18000,muon_no_ns,1,113,0.3,128,4,512,226048,4,nested_depth_one_shared_v2,4.718595027923584,0.011227154172956944,4.744218826293945,0.007830853573977947,830.5373074579984,0.0,0.712288380031659,1.7520804405212402,0.0,7.409623409217411e-07,4.892644369647314e-07,0.0,4.033701150665002e-33,0,0,0,,0.0,0.0,0.0,0.0,0.0,0.0002133243449997852,0.0006780265054657775,0.0007123538197674506,1.7431810863434362e-06,0.712288380031659,0.00034167200008207124,0.0005526287833700075,0.0004380210828525983,2.840960421142273e-06,1.7520805661258625
18100,muon_no_ns,1,113,0.3,128,4,512,226048,4,nested_depth_one_shared_v2,4.718595027923584,0.011227154172956944,4.7441020011901855,0.007830853573977947,835.0932728330372,0.0,0.7081438867755577,1.7524656057357788,0.0,0.00010420201713244641,4.5803342800354585e-05,0.0,2.2124419987207832e-32,0,0,0,,0.0,0.0,0.0,0.0,0.0,0.004582787734935031,0.003898655364969652,0.0007125706739420343,3.744827578058878e-05,0.7081438867755577,0.004731694885143714,0.0044442189087418585,0.0004389216431807057,3.934345773252025e-05,1.7524655548498118
18200,muon_no_ns,1,113,0.3,128,4,512,226048,4,nested_depth_one_shared_v2,4.718595027923584,0.011227154172956944,4.74422025680542,0.007830853573977947,839.6785492080962,0.0,0.7068877100792617,1.7571887969970703,0.0,1.9746521384876417e-06,8.482609814564057e-07,0.0,2.6044028758207977e-33,0,0,0,,0.0,0.0,0.0,0.0,0.0,0.00021186275418559866,0.0007424977370753842,0.0007068829627336578,1.731237688775447e-06,0.7068877100792617,0.0003766555547033292,0.0006170352744759703,0.0004392841130727029,3.131844350893583e-06,1.7571887456681574
18300,muon_no_ns,1,113,0.3,128,4,512,226048,4,nested_depth_one_shared_v2,4.718595027923584,0.011227154172956944,4.744237899780273,0.007830853573977947,844.1811444170307,0.0,0.7052409441088292,1.7597945928573608,0.0,1.6519364538505738e-05,7.090517556207487e-06,0.0,3.6557411459672505e-33,0,0,0,,0.0,0.0,0.0,0.0,0.0,0.0007631123428849232,0.001406330334431443,0.000704602920800709,6.235776806784826e-06,0.7052409441088292,0.0009437152491163345,0.0012336415936748072,0.0004398241883458732,7.846875573426924e-06,1.7597945504134616
18400,muon_no_ns,1,113,0.3,128,4,512,226048,4,nested_depth_one_shared_v2,4.718594551086426,0.011227154172956944,4.7442193031311035,0.007830853573977947,848.6854152500164,0.0,0.7016346607606754,1.7621291875839233,0.0,7.31871700324478e-07,3.882537953359133e-07,0.0,1.263253544812314e-33,0,0,0,,0.0,0.0,0.0,0.0,0.0,0.00019698313406680726,0.000704474596479883,0.0007016594985648552,1.609648789191208e-06,0.7016346607606754,0.000346319995107872,0.0005814827526064764,0.0004405254737541898,2.879607924896734e-06,1.7621291670029167
18500,muon_no_ns,1,113,0.3,128,4,512,226048,4,nested_depth_one_shared_v2,4.718595027923584,0.011227154172956944,4.744161605834961,0.007830853573977947,853.2992138750851,0.0,0.6981312163408325,1.763343334197998,0.0,4.849753790829531e-05,2.097644392051734e-05,0.0,2.6321048695658634e-33,0,0,0,,0.0,0.0,0.0,0.0,0.0,0.0020764235826153435,0.0013926191864539706,0.0007001752116439096,1.6967506997179288e-05,0.6981312163408325,0.0023129119932628318,0.0020318808492618954,0.0004412367238417998,1.9231577152551655e-05,1.7633433495413144
18600,muon_no_ns,1,113,0.3,128,4,512,226048,4,nested_depth_one_shared_v2,4.718595027923584,0.011227154172956944,4.74422025680542,0.007830853573977947,857.8877314580604,0.0,0.6960405117445126,1.767063856124878,0.0,1.3318458109924444e-06,5.724776883653249e-07,0.0,6.841153043175088e-34,0,0,0,,0.0,0.0,0.0,0.0,0.0,0.0001913015786532273,0.0007070227288770732,0.0006960557633287456,1.5632219271376777e-06,0.6960405117445126,0.00034516577868923596,0.0005855400125195227,0.0004417579097036541,2.870010758134489e-06,1.7670639386140006
18700,muon_no_ns,1,113,0.3,128,4,512,226048,4,nested_depth_one_shared_v2,4.718595027923584,0.011227154172956944,4.744203090667725,0.007830853573977947,862.5153333330527,0.0,0.692691449028887,1.7689646482467651,0.0,2.216526018482471e-05,9.49412424233742e-06,0.0,3.0563323778297285e-34,0,0,0,,0.0,0.0,0.0,0.0,0.0,0.0007517631941199837,5.8992496479705174e-05,0.0006934431731616188,6.143037173747816e-06,0.692691449028887,0.0007746946451027473,0.0005470359341398345,0.0004423814814221689,6.44149015628762e-06,1.7689645967277916
18800,muon_no_ns,1,113,0.3,128,4,512,226048,4,nested_depth_one_shared_v2,4.718594551086426,0.011227154172956944,4.7442193031311035,0.007830853573977947,867.1463804170489,0.0,0.6896851449087057,1.7722171545028687,0.0,8.566488406604778e-07,4.0894332187235705e-07,0.0,3.503030792224256e-34,0,0,0,,0.0,0.0,0.0,0.0,0.0,0.00017450097307860412,0.000681333652481138,0.0006897155790573225,1.4259356840845058e-06,0.6896851449087057,0.0003253332135656487,0.0005656871817310955,0.000443049243229862,2.7051054321133224e-06,1.772217116386741
18900,muon_no_ns,1,113,0.3,128,4,512,226048,4,nested_depth_one_shared_v2,4.718595027923584,0.011227154172956944,4.744222164154053,0.007830853573977947,871.7471730830148,0.0,0.6865170778329966,1.7745180130004883,0.0,6.084812664225646e-06,2.625313300086418e-06,0.0,1.6163105868935254e-34,0,0,0,,0.0,0.0,0.0,0.0,0.0,0.0001665078102058766,0.0005837306322738103,0.0006866324795208857,1.3606195086624496e-06,0.6865170778329966,0.00028609123059574533,0.0005024681029078917,0.0004436369346189575,2.3788131973447275e-06,1.7745181920722484
19000,muon_no_ns,1,113,0.3,128,4,512,226048,4,nested_depth_one_shared_v2,4.718595027923584,0.011227154172956944,4.744219779968262,0.007830853573977947,876.2707816670882,0.0,0.6830986300733509,1.7775380611419678,0.0,9.836338361747479e-07,4.415813066316332e-07,0.0,1.8557763496946656e-34,0,0,0,,0.0,0.0,0.0,0.0,0.0,0.00015946177004276,0.0006757729956228051,0.0006831245562230844,1.3030427517949978e-06,0.6830986300733509,0.00031804818396757845,0.0005672344782780825,0.00044437804699469676,2.6445313120508172e-06,1.7775381799345065
19100,muon_no_ns,1,113,0.3,128,4,512,226048,4,nested_depth_one_shared_v2,4.718595027923584,0.011227154172956944,4.744227409362793,0.007830853573977947,880.8848467080388,0.0,0.6797489050827945,1.780116081237793,0.0,4.676361048071674e-06,1.873649807748734e-06,0.0,1.840578149052369e-34,0,0,0,,0.0,0.0,0.0,0.0,0.0,0.00022913063935171358,0.0008584473581068258,0.0006795851431593668,1.8723423096416318e-06,0.6797489050827945,0.0004838776429320357,0.0007884429954954903,0.0004449758158885903,4.0233827528018755e-06,1.7801161386341502
19200,muon_no_ns,1,113,0.3,128,4,512,226048,4,nested_depth_one_shared_v2,4.718595027923584,0.011227154172956944,4.7442193031311035,0.007830853573977947,885.4214447500417,0.0,0.6761038456747771,1.783146619796753,0.0,5.567050169845852e-07,3.296914599104639e-07,0.0,9.321791310081298e-35,0,0,0,,0.0,0.0,0.0,0.0,0.0,0.00014706006035167309,0.0006465857579065266,0.0006761487641395042,1.201702111223259e-06,0.6761038456747771,0.00029535368734362043,0.0005470818871469094,0.0004457829430198828,2.4558293795807154e-06,1.78314676853802
19300,muon_no_ns,1,113,0.3,128,4,512,226048,4,nested_depth_one_shared_v2,4.718595027923584,0.011227154172956944,4.744215965270996,0.007830853573977947,890.0539566670777,0.0,0.6724415098514481,1.7857475280761719,0.0,4.601548769426597e-06,1.9495080323395086e-06,0.0,4.401178558215489e-35,0,0,0,,0.0,0.0,0.0,0.0,0.0,0.00021656408313514632,0.00048684908202718027,0.0006726365333407392,1.7696546247587197e-06,0.6724415098514481,0.00026897464913837213,0.0004225711552354622,0.000446462964802668,2.236490939582972e-06,1.7857475386656945
19400,muon_no_ns,1,113,0.3,128,4,512,226048,4,nested_depth_one_shared_v2,4.718595027923584,0.011227154172956944,4.744344711303711,0.007830853573977947,894.5735737500945,0.0,0.6715524919633071,1.7907296419143677,0.0,0.000129665720956634,5.1926301239291206e-05,0.0,5.267666151700625e-34,0,0,0,,0.0,0.0,0.0,0.0,0.0,0.004482292520178786,0.005140235737638821,0.0006671406851051078,3.662707856734393e-05,0.6715524919633071,0.005509358779617156,0.0058305454556065025,0.00044671804011387595,4.580963683007499e-05,1.7907296621149493
19500,muon_no_ns,1,113,0.3,128,4,512,226048,4,nested_depth_one_shared_v2,4.718595027923584,0.011227154172956944,4.7442193031311035,0.007830853573977947,899.0555798331043,0.0,0.6650172270608575,1.791897177696228,0.0,1.059534398895125e-06,4.5367281131802883e-07,0.0,3.7063552120870845e-35,0,0,0,,0.0,0.0,0.0,0.0,0.0,0.00011083276944951568,0.0006422330303870895,0.0006650489039077085,9.056705996291838e-07,0.6650172270608575,0.00028650382297274986,0.0005643000105246084,0.00044796433771847967,2.3822438519282263e-06,1.79189718966521
19600,muon_no_ns,1,113,0.3,128,4,512,226048,4,nested_depth_one_shared_v2,4.718595027923584,0.011227154172956944,4.744252681732178,0.007830853573977947,903.4919470830355,0.0,0.6620476730538857,1.7951805591583252,0.0,6.316644190117911e-05,2.4997381842695177e-05,0.0,1.3814556547657376e-34,0,0,0,,0.0,0.0,0.0,0.0,0.0,0.0015326015083059513,0.002188942983088922,0.0006605289597408922,1.2523661854829775e-05,0.6620476730538857,0.0021583855803207455,0.0024865332806044776,0.00044842617952916105,1.7946709141464697e-05,1.7951806746275636
19700,muon_no_ns,1,113,0.3,128,4,512,226048,4,nested_depth_one_shared_v2,4.718595027923584,0.011227154172956944,4.7442193031311035,0.007830853573977947,908.1144112499896,0.0,0.6571399694025374,1.7983603477478027,0.0,1.5051972124183998e-06,5.983152959743165e-07,0.0,1.98188835424711e-35,0,0,0,,0.0,0.0,0.0,0.0,0.0,9.058357427190012e-05,0.0006401699124537308,0.0006571630146664502,7.402041872169871e-07,0.6571399694025374,0.00027779844397805923,0.0005690167957373161,0.0004495777601091324,2.3098597023080683e-06,1.7983603930742846
19800,muon_no_ns,1,113,0.3,128,4,512,226048,4,nested_depth_one_shared_v2,4.718595027923584,0.011227154172956944,4.74419641494751,0.007830853573977947,912.8915634580189,0.0,0.6531488852262968,1.800845980644226,0.0,3.148367268780158e-05,1.2226229046063963e-05,0.0,3.3621178903447683e-35,0,0,0,,0.0,0.0,0.0,0.0,0.0,2.695105904397031e-05,0.0006603249075916012,0.0006531422471746611,2.2023073073268573e-07,0.6531488852262968,0.00028364567272735517,0.0005843140580045933,0.0004501953300799759,2.3584786861467344e-06,1.8008459249206592
19900,muon_no_ns,1,113,0.3,128,4,512,226048,4,nested_depth_one_shared_v2,4.718595027923584,0.011227154172956944,4.74422025680542,0.007830853573977947,917.4821148749907,0.0,0.6489150345646535,1.8053014278411865,0.0,1.1357943941022087e-06,4.5884257815487217e-07,0.0,1.0303497840742099e-35,0,0,0,,0.0,0.0,0.0,0.0,0.0,7.052183565348169e-05,0.000615621759899583,0.0006489513614026036,5.762695771337924e-07,0.6489150345646535,0.0002594090010294914,0.000559694863435969,0.00045131368085229057,2.1569537586803026e-06,1.805301446232063
20000,muon_no_ns,1,113,0.3,128,4,512,226048,4,nested_depth_one_shared_v2,4.718595027923584,0.011227154172956944,4.74422025680542,0.007830853573977947,922.1533005420351,0.0,0.6450820303474509,1.8090331554412842,0.0,1.7721981808954238e-06,6.705475925627979e-07,0.0,7.430915806836752e-36,0,0,0,,0.0,0.0,0.0,0.0,0.0,6.92993765189333e-05,0.0006402704862606479,0.0006450905708031992,5.662802454324591e-07,0.6450820303474509,0.00026355974251176097,0.0005710547039384759,0.0004522439095636651,2.1914666607228718e-06,1.8090332024660332
20100,muon_no_ns,1,113,0.3,128,4,512,226048,4,nested_depth_one_shared_v2,4.718594551086426,0.011227154172956944,4.74422025680542,0.007830853573977947,926.7189656670671,0.0,0.6410417364312813,1.8123855590820312,0.0,4.1184767425386665e-06,1.5187968074314995e-06,0.0,6.2968069788651e-36,0,0,0,,0.0,0.0,0.0,0.0,0.0,5.565822578159218e-05,0.0006717428340234794,0.0006410127145266641,4.548115053722621e-07,0.6410417364312813,0.00029192468727112813,0.0006250699056013503,0.00045306876490330134,2.427317668092198e-06,1.8123856212437082
20200,muon_no_ns,1,113,0.3,128,4,512,226048,4,nested_depth_one_shared_v2,4.718595027923584,0.011227154172956944,4.744228363037109,0.007830853573977947,931.3050918750232,0.0,0.6372808070243224,1.8163541555404663,0.0,8.684269515129481e-06,3.2130528779816814e-06,0.0,5.723693933259695e-36,0,0,0,,0.0,0.0,0.0,0.0,0.0,0.00023111231202380773,0.0008614382149310303,0.0006370588713088023,1.8885355590399678e-06,0.6372808070243224,0.00046704273636905555,0.0008216791165965398,0.000454019483557033,3.883402586948173e-06,1.8163542709296592
20300,muon_no_ns,1,113,0.3,128,4,512,226048,4,nested_depth_one_shared_v2,4.718595027923584,0.011227154172956944,4.744218826293945,0.007830853573977947,935.7538156250957,0.0,0.6331077169637026,1.819783091545105,0.0,1.3962413558626078e-06,5.336679578249459e-07,0.0,2.7439429245634306e-36,0,0,0,,0.0,0.0,0.0,0.0,0.0,5.1678944621243065e-05,0.0005952693642045448,0.0006331466069866763,4.2229478696410137e-07,0.6331077169637026,0.00022942982207529698,0.0005451697705945821,0.0004549354958971202,1.9076805936367826e-06,1.819783146064374
20400,muon_no_ns,1,113,0.3,128,4,512,226048,4,nested_depth_one_shared_v2,4.718595027923584,0.011227154172956944,4.744126796722412,0.007830853573977947,940.5107720830711,0.0,0.6278487134014538,1.8216801881790161,0.0,7.109422705957937e-05,2.6436415282660164e-05,0.0,9.361500978620014e-36,0,0,0,,0.0,0.0,0.0,0.0,0.0,0.0026962035141053454,0.0020658856378937994,0.0006305442147732129,2.203204219718044e-05,0.6278487134014538,0.0035833829887932933,0.0032573580783546046,0.00045608793381706316,2.9795386342781695e-05,1.821680234571759
20500,muon_no_ns,1,113,0.3,128,4,512,226048,4,nested_depth_one_shared_v2,4.718595027923584,0.011227154172956944,4.744218826293945,0.007830853573977947,945.1023749170126,0.0,0.6250674092180388,1.8275834321975708,0.0,2.8074716722837503e-07,2.5573976358828077e-07,0.0,1.371083599574719e-36,0,0,0,,0.0,0.0,0.0,0.0,0.0,6.762914949700015e-05,0.0005609815897213285,0.0006251319458590455,5.526319759180888e-07,0.6250674092180388,0.00020762908202180173,0.0005222551764426862,0.00045689017370210456,1.7264101365062187e-06,1.8275834283950325
20600,muon_no_ns,1,113,0.3,128,4,512,226048,4,nested_depth_one_shared_v2,4.718594551086426,0.011227154172956944,4.744221210479736,0.007830853573977947,949.661409500055,0.0,0.6213133321828845,1.8318744897842407,0.0,2.996026212821766e-06,1.064663024408219e-06,0.0,1.1429150807785281e-36,0,0,0,,0.0,0.0,0.0,0.0,0.0,3.769352108760407e-05,0.0006499547049837506,0.0006212851828322328,3.080128198104395e-07,0.6213133321828845,0.00025228462788264087,0.0006050646901347897,0.00045794333530855164,2.0977154771389722e-06,1.8318744909571472
20700,muon_no_ns,1,113,0.3,128,4,512,226048,4,nested_depth_one_shared_v2,4.718595027923584,0.011227154172956944,4.744221210479736,0.007830853573977947,954.3262547079939,0.0,0.6174833940481635,1.835663914680481,0.0,3.432539932049296e-06,1.199021312459081e-06,0.0,8.673715531835454e-37,0,0,0,,0.0,0.0,0.0,0.0,0.0,2.134507926693355e-05,0.0006331391328211363,0.0006174679187708883,1.7442143541871625e-07,0.6174833940481635,0.00024683064251726267,0.0006050450316109668,0.00045889022594523875,2.0523662633994596e-06,1.8356638603006585
20800,muon_no_ns,1,113,0.3,128,4,512,226048,4,nested_depth_one_shared_v2,4.718594551086426,0.011227154172956944,4.744241237640381,0.007830853573977947,959.0307835000567,0.0,0.6141664227787536,1.8403257131576538,0.0,2.1311411565490655e-05,7.526266927015968e-06,0.0,1.318416301260518e-36,0,0,0,,0.0,0.0,0.0,0.0,0.0,0.0006333095577763807,0.0012465806322604378,0.0006135336642870191,5.1750926173823435e-06,0.6141664227787536,0.000953564428912692,0.0013301142398096796,0.0004599052058707837,7.92877028524248e-06,1.8403257479703363
20900,muon_no_ns,1,113,0.3,128,4,512,226048,4,nested_depth_one_shared_v2,4.718595027923584,0.011227154172956944,4.744219779968262,0.007830853573977947,963.6258043330163,0.0,0.6099797573600291,1.8439488410949707,0.0,4.0109424844986333e-07,2.78754413329807e-07,0.0,3.809472698948085e-37,0,0,0,,0.0,0.0,0.0,0.0,0.0,4.919564939872726e-05,0.0005617414567640408,0.0006100281448977018,4.020025260704799e-07,0.6099797573600291,0.00019292949053532538,0.0005344121471479468,0.0004609774981903005,1.6041848514082066e-06,1.8439488707795877
21000,muon_no_ns,1,113,0.3,128,4,512,226048,4,nested_depth_one_shared_v2,4.718594551086426,0.011227154172956944,4.744216442108154,0.007830853573977947,968.2215849580243,0.0,0.6063088157478169,1.848468542098999,0.0,2.2710833453276304e-06,8.748252184886951e-07,0.0,2.075627051379874e-37,0,0,0,,0.0,0.0,0.0,0.0,0.0,0.00013707521729721607,0.0004698519405600571,0.0006064455418880061,1.120110909981532e-06,0.6063088157478169,0.0001946870463978689,0.0004378513065409568,0.00046213331930278066,1.618798711022788e-06,1.8484684971381333
21100,muon_no_ns,1,113,0.3,128,4,512,226048,4,nested_depth_one_shared_v2,4.718595027923584,0.011227154172956944,4.744222164154053,0.007830853573977947,972.8293558330042,0.0,0.6028512550896518,1.8525886535644531,0.0,3.7416590515703085e-06,1.2738414625346195e-06,0.0,2.4639775267967508e-37,0,0,0,,0.0,0.0,0.0,0.0,0.0,3.432599323912781e-05,0.0006357341663257139,0.0006028184519590154,2.8049504703488255e-07,0.6028512550896518,0.00024324051591974758,0.0006231211533323987,0.00046311626087826947,2.022514804784236e-06,1.8525887393675493
21200,muon_no_ns,1,113,0.3,128,4,512,226048,4,nested_depth_one_shared_v2,4.718595027923584,0.011227154172956944,4.744214057922363,0.007830853573977947,977.4266675000545,0.0,0.5992960779261594,1.8570828437805176,0.0,4.53492431943267e-06,1.6280331465168274e-06,0.0,8.391049192935921e-38,0,0,0,,0.0,0.0,0.0,0.0,0.0,0.00020681198741557552,0.0003929058432637704,0.0005995027704626786,1.6899653196745592e-06,0.5992960779261594,0.00024282995192549745,0.00038133050568552973,0.0004643055224277225,2.0191010159524604e-06,1.8570828454308927
21300,muon_no_ns,1,113,0.3,128,4,512,226048,4,nested_depth_one_shared_v2,4.718595027923584,0.011227154172956944,4.744221210479736,0.007830853573977947,982.1485002920963,0.0,0.5960171481568193,1.86125910282135,0.0,3.0617835546591504e-06,1.0175583611271577e-06,0.0,1.2664090257334016e-37,0,0,0,,0.0,0.0,0.0,0.0,0.0,2.4807304170310428e-05,0.00061758478799481,0.0005959957101207879,2.0271302571160983e-07,0.5960171481568193,0.0002239924152130202,0.0006101491991236579,0.000465286425387289,1.8624692281000538e-06,1.8612591469503443
21400,muon_no_ns,1,113,0.3,128,4,512,226048,4,nested_depth_one_shared_v2,4.718595027923584,0.011227154172956944,4.744221210479736,0.007830853573977947,986.5607424170012,0.0,0.5926424789940803,1.8661171197891235,0.0,2.2744129654174963e-06,7.497676506318385e-07,0.0,8.386772430022802e-38,0,0,0,,0.0,0.0,0.0,0.0,0.0,9.787380022962183e-06,0.0005979843584339118,0.0005926372184159299,7.997763096800059e-08,0.5926424789940803,0.00019717110183249337,0.0005780465210996999,0.0004665085228157357,1.639453324722466e-06,1.866117290420853
21500,muon_no_ns,1,113,0.3,128,4,512,226048,4,nested_depth_one_shared_v2,4.718595027923584,0.011227154172956944,4.744218826293945,0.007830853573977947,991.2762169170892,0.0,0.5894815330662349,1.87017023563385,0.0,1.906299048836498e-06,7.377580573120213e-07,0.0,4.6690244686020876e-38,0,0,0,,0.0,0.0,0.0,0.0,0.0,9.667875908967122e-05,0.0004933717791638731,0.0005895778365793956,7.900110242759124e-07,0.5894815330662349,0.00016448248128894487,0.0004789515792886956,0.00046754694901950886,1.3676514879794716e-06,1.8701703494809987
21600,muon_no_ns,1,113,0.3,128,4,512,226048,4,nested_depth_one_shared_v2,4.718595027923584,0.011227154172956944,4.744196891784668,0.007830853573977947,995.8665834580315,0.0,0.5859969299694923,1.874602198600769,0.0,2.1598046282871757e-05,7.239696060423739e-06,0.0,2.765422161949254e-38,0,0,0,,0.0,0.0,0.0,0.0,0.0,0.0007223176033703721,0.00013648134197015655,0.0005867190951584306,5.9024223631363794e-06,0.5859969299694923,0.0009032276965318801,0.0006168503319628022,0.0004688252203087506,7.510226581371027e-06,1.8746022120357002
21700,muon_no_ns,1,113,0.3,128,4,512,226048,4,nested_depth_one_shared_v2,4.718595027923584,0.011227154172956944,4.744218826293945,0.007830853573977947,1000.5129538750043,0.0,0.5833448397546076,1.8792084455490112,0.0,5.541968292138029e-07,3.331777236326161e-07,0.0,2.75037754137657e-38,0,0,0,,0.0,0.0,0.0,0.0,0.0,7.553181658778791e-05,0.0005086927320888872,0.0005834196896292287,6.172086645484643e-07,0.5833448397546076,0.00015712424263057806,0.0004976613064892031,0.0004698015263532658,1.3064686436354288e-06,1.8792084195163992
21800,muon_no_ns,1,113,0.3,128,4,512,226048,4,nested_depth_one_shared_v2,4.718595027923584,0.011227154172956944,4.744132041931152,0.007830853573977947,1005.1833915830357,0.0,0.5789978552039022,1.8823884725570679,0.0,8.513572849392448e-05,2.7988022338831797e-05,0.0,1.1575766760341675e-37,0,0,0,,0.0,0.0,0.0,0.0,0.0,0.0026425969852239377,0.002061332454828148,0.0005816391167188206,2.1593996144580643e-05,0.5789978552039022,0.0035891214561647104,0.003232932582984708,0.0004713002243733204,2.98431009892154e-05,1.8823884985173984
21900,muon_no_ns,1,113,0.3,128,4,512,226048,4,nested_depth_one_shared_v2,4.718595027923584,0.011227154172956944,4.7442193031311035,0.007830853573977947,1009.6241776250536,0.0,0.5775636060786897,1.8881300687789917,0.0,2.457555653690735e-07,2.4814170274112257e-07,0.0,1.5397002294910934e-38,0,0,0,,0.0,0.0,0.0,0.0,0.0,4.9495535385611766e-05,0.0005299299299621375,0.0005776114738528802,4.0445304610089193e-07,0.5775636060786897,0.0001536808993068818,0.0005263686416346489,0.0004720244573481076,1.277837669787189e-06,1.888130118177814
22000,muon_no_ns,1,113,0.3,128,4,512,226048,4,nested_depth_one_shared_v2,4.718595027923584,0.011227154172956944,4.744222164154053,0.007830853573977947,1014.2520007500425,0.0,0.5747790554811314,1.8930407762527466,0.0,3.7537374696545197e-06,1.1803791721831658e-06,0.0,1.4206013506708914e-38,0,0,0,,0.0,0.0,0.0,0.0,0.0,5.5242718592143144e-05,0.0006285018318376262,0.0005747254419830621,4.5141618603405897e-07,0.5747790554811314,0.00022168160574644887,0.0006313251719320623,0.00047322708232608936,1.843255133196892e-06,1.8930408396358422
22100,muon_no_ns,1,113,0.3,128,4,512,226048,4,nested_depth_one_shared_v2,4.718595027923584,0.011227154172956944,4.7442193031311035,0.007830853573977947,1018.6700998330489,0.0,0.5721049034259582,1.8970040082931519,0.0,5.707706108224337e-07,3.2868743460312544e-07,0.0,1.8668898283158342e-38,0,0,0,,0.0,0.0,0.0,0.0,0.0,6.083031992297622e-05,0.0005128828504474447,0.0005721643801309955,4.970753017713905e-07,0.5721049034259582,0.00014834363948666203,0.0005127016232803205,0.0004742468273463674,1.2334590145185247e-06,1.8970040140788191
22200,muon_no_ns,1,113,0.3,128,4,512,226048,4,nested_depth_one_shared_v2,4.718595027923584,0.011227154172956944,4.74422025680542,0.007830853573977947,1023.3155982500175,0.0,0.5694486006013914,1.9019150733947754,0.0,1.8359166680111418e-06,5.865078946953872e-07,0.0,2.0455475352458482e-38,0,0,0,,0.0,0.0,0.0,0.0,0.0,1.2442357503042002e-05,0.0005662279879629596,0.0005694519831117925,1.0167279439600763e-07,0.5694486006013914,0.00017570909432952452,0.0005692107638388595,0.00047546116660738207,1.4609993868535536e-06,1.901915076990297
22300,muon_no_ns,1,113,0.3,128,4,512,226048,4,nested_depth_one_shared_v2,4.718594551086426,0.011227154172956944,4.74422025680542,0.007830853573977947,1027.8672980000265,0.0,0.5670262593575048,1.9057519435882568,0.0,3.8558094619837097e-07,2.5936265046766493e-07,0.0,4.07720063569853e-38,0,0,0,,0.0,0.0,0.0,0.0,0.0,2.72694115048805e-05,0.0005446502846131179,0.0005670488687360224,2.2283214965957892e-07,0.5670262593575048,0.0001578972041078121,0.0005538403038189796,0.00047642363558527095,1.3128957227152542e-06,1.9057519606062627
22400,muon_no_ns,1,113,0.3,128,4,512,226048,4,nested_depth_one_shared_v2,4.718595027923584,0.011227154172956944,4.7442193031311035,0.007830853573977947,1032.5304484170629,0.0,0.5644315563687725,1.910669207572937,0.0,1.0438877246811521e-06,3.60911144525744e-07,0.0,3.162846661493958e-38,0,0,0,,0.0,0.0,0.0,0.0,0.0,2.7793054503582586e-05,0.000539470757344223,0.0005644567035440882,2.2711110137197986e-07,0.5644315563687725,0.00014927251743704898,0.0005420283716141946,0.0004776559743371834,1.241182519788161e-06,1.9106693007874063
22500,muon_no_ns,1,113,0.3,128,4,512,226048,4,nested_depth_one_shared_v2,4.718595027923584,0.011227154172956944,4.744207382202148,0.007830853573977947,1037.1991686250549,0.0,0.5620814461625724,1.9140217304229736,0.0,1.6384456823053836e-05,5.189786861592438e-06,0.0,5.165464157116598e-38,0,0,0,,0.0,0.0,0.0,0.0,0.0,0.00045069598793823787,0.00011201591101668195,0.0005625321539824156,3.6828648031972005e-06,0.5620814461625724,0.0006036379172855202,0.00040955610555020334,0.00047861665739286905,5.019174621558062e-06,1.9140217679419211
22600,muon_no_ns,1,113,0.3,128,4,512,226048,4,nested_depth_one_shared_v2,4.718595027923584,0.011227154172956944,4.74422025680542,0.007830853573977947,1041.8360795000335,0.0,0.5598071331172784,1.9192789793014526,0.0,1.2565771630698553e-06,4.0971781345433556e-07,0.0,6.004376706157007e-38,0,0,0,,0.0,0.0,0.0,0.0,0.0,2.2185955034918958e-05,0.000541832422812641,0.0005598253166037744,1.8129265649157669e-07,0.5598071331172784,0.00014756071527852868,0.0005514235695349007,0.000479806195004092,1.2269490965635074e-06,1.9192790044630448
22700,muon_no_ns,1,113,0.3,128,4,512,226048,4,nested_depth_one_shared_v2,4.718595027923584,0.011227154172956944,4.744210720062256,0.007830853573977947,1046.3409877080703,0.0,0.5576611449758159,1.9227763414382935,0.0,3.127187860066847e-05,9.71923418546794e-06,0.0,5.979018809146585e-38,0,0,0,,0.0,0.0,0.0,0.0,0.0,0.000574142878592171,1.7994203367731696e-05,0.0005582352487749136,4.691611765275341e-06,0.5576611449758159,0.0008032250099732819,0.0005349373118187907,0.00048084751165028606,6.678716611421395e-06,1.9227762977667637
22800,muon_no_ns,1,113,0.3,128,4,512,226048,4,nested_depth_one_shared_v2,4.718595027923584,0.011227154172956944,4.74422025680542,0.007830853573977947,1050.837871542084,0.0,0.5555297608811318,1.927634596824646,0.0,1.4367898795673206e-06,4.485370652673737e-07,0.0,8.368284819123271e-38,0,0,0,,0.0,0.0,0.0,0.0,0.0,1.8296101796765877e-05,0.0005427808278942583,0.0005555427118826688,1.4950669885318784e-07,0.5555297608811318,0.00014860760638137259,0.0005571560613840553,0.0004818941274946743,1.2356538665994222e-06,1.9276346260089203
22900,muon_no_ns,1,113,0.3,128,4,512,226048,4,nested_depth_one_shared_v2,4.718595027923584,0.011227154172956944,4.7442307472229,0.007830853573977947,1055.4464652080787,0.0,0.553819003315919,1.9314444065093994,0.0,3.381282627897618e-05,1.0255742381559685e-05,0.0,1.0225399329481822e-37,0,0,0,,0.0,0.0,0.0,0.0,0.0,0.000578228772476809,0.0011307279056014601,0.0005532423372069845,4.7249996701603395e-06,0.553819003315919,0.0009371656627117901,0.0013489271896676884,0.00048267764790729356,7.792416572555641e-06,1.9314443644767114
23000,muon_no_ns,1,113,0.3,128,4,512,226048,4,nested_depth_one_shared_v2,4.718594074249268,0.011227154172956944,4.7442193031311035,0.007830853573977947,1060.0633510830812,0.0,0.5515296396727707,1.9358006715774536,0.0,1.5126905618057125e-06,4.654016265703831e-07,0.0,1.2537283956700335e-37,0,0,0,,0.0,0.0,0.0,0.0,0.0,1.597799113925743e-05,0.0005414879082062972,0.0005515398627599558,1.305642445626382e-07,0.5515296396727707,0.000147049986016421,0.000558376694010499,0.00048393577477107445,1.2227024459183898e-06,1.9358007301128188
23100,muon_no_ns,1,113,0.3,128,4,512,226048,4,nested_depth_one_shared_v2,4.718595027923584,0.011227154172956944,4.744233131408691,0.007830853573977947,1064.6425115420716,0.0,0.5499637976566021,1.9395952224731445,0.0,2.1194740501628468e-05,6.334138561214786e-06,0.0,1.4837745198837671e-37,0,0,0,,0.0,0.0,0.0,0.0,0.0,0.0004433857117063157,0.0009922580548214926,0.0005495215822745015,3.6231288398056547e-06,0.5499637976566021,0.0007481053785812059,0.001168682933302824,0.0004847515269605384,6.220403693841889e-06,1.9395951663706963
23200,muon_no_ns,1,113,0.3,128,4,512,226048,4,nested_depth_one_shared_v2,4.718595027923584,0.011227154172956944,4.744221210479736,0.007830853573977947,1069.2428310830146,0.0,0.5477950395063557,1.943879246711731,0.0,2.3328530890514468e-06,6.869080948490591e-07,0.0,1.4376896249239468e-37,0,0,0,,0.0,0.0,0.0,0.0,0.0,1.9094483734243373e-05,0.0005626760927703303,0.0005477802925578277,1.5603068135078041e-07,0.5477950395063557,0.00015998650018661962,0.0005838259590570736,0.0004859494859767462,1.330267961196939e-06,1.943879239118741
23300,muon_no_ns,1,113,0.3,128,4,512,226048,4,nested_depth_one_shared_v2,4.718595027923584,0.011227154172956944,4.744215965270996,0.007830853573977947,1073.8560759170214,0.0,0.5460568438762393,1.9472323656082153,0.0,3.206268639942349e-06,1.0383047310824622e-06,0.0,1.480020945765288e-37,0,0,0,,0.0,0.0,0.0,0.0,0.0,0.00012880917125149865,0.0004177261905998877,0.0005461854183581618,1.05256486817485e-06,0.5460568438762393,0.00017985237112819847,0.00043125166164355565,0.00048682951740826314,1.495450220975291e-06,1.9472323829009697
23400,muon_no_ns,1,113,0.3,128,4,512,226048,4,nested_depth_one_shared_v2,4.718595027923584,0.011227154172956944,4.744290351867676,0.007830853573977947,1078.3874331670813,0.0,0.5454046646975523,1.9528625011444092,0.0,7.413856513255553e-05,2.185174889746122e-05,0.0,2.04456508489251e-37,0,0,0,,0.0,0.0,0.0,0.0,0.0,0.0020070705304256874,0.0025501402349459336,0.0005433991462299301,1.6400788140701284e-05,0.5454046646975523,0.0030135260340672944,0.003414015660597856,0.00048761651714710017,2.5057096246723635e-05,1.9528625922356755
23500,muon_no_ns,1,113,0.3,128,4,512,226048,4,nested_depth_one_shared_v2,4.718595027923584,0.011227154172956944,4.744221210479736,0.007830853573977947,1082.834578750073,0.0,0.5427139013472155,1.9550539255142212,0.0,2.1991814117122675e-06,6.340611093946791e-07,0.0,1.5313261819721655e-37,0,0,0,,0.0,0.0,0.0,0.0,0.0,1.6865363883775832e-05,0.0005545912115197725,0.0005427021858490182,1.378154159410512e-07,0.5427139013472155,0.00015014305314088513,0.0005812836629009059,0.0004887439853680779,1.2484209164937607e-06,1.9550539790747956
23600,muon_no_ns,1,113,0.3,128,4,512,226048,4,nested_depth_one_shared_v2,4.718595027923584,0.011227154172956944,4.7442755699157715,0.007830853573977947,1087.3794537500944,0.0,0.5419026481280375,1.9601408243179321,0.0,5.402936065337524e-05,1.5758796507725492e-05,0.0,1.7505187451122562e-37,0,0,0,,0.0,0.0,0.0,0.0,0.0,0.0015193935123603956,0.0020594975546843882,0.0005403843220929701,1.2415732641589642e-05,0.5419026481280375,0.0022977505676320545,0.002704060742761371,0.0004895774149545824,1.910551177366552e-05,1.96014084154248
23700,muon_no_ns,1,113,0.3,128,4,512,226048,4,nested_depth_one_shared_v2,4.718595027923584,0.011227154172956944,4.74422025680542,0.007830853573977947,1091.4820359580917,0.0,0.5396296931078832,1.9619033336639404,0.0,2.811411879410102e-06,8.021964958970784e-07,0.0,2.327583429966282e-37,0,0,0,,0.0,0.0,0.0,0.0,0.0,1.9220439534767783e-05,0.0005534063596720984,0.0005396160809421193,1.5705992988399224e-07,0.5396296931078832,0.0001529245299933093,0.0005898223634885598,0.0004904544861573957,1.2715485524960155e-06,1.9619034291687019
23800,muon_no_ns,1,113,0.3,128,4,512,226048,4,nested_depth_one_shared_v2,4.718595027923584,0.011227154172956944,4.7442193031311035,0.007830853573977947,1095.1625014580786,0.0,0.5378685873998199,1.9663275480270386,0.0,1.022956864731128e-06,3.322028305774438e-07,0.0,1.3402135100834782e-37,0,0,0,,0.0,0.0,0.0,0.0,0.0,2.2214375532551773e-05,0.0005182308075800526,0.0005378883646665359,1.8152489474801217e-07,0.5378685873998199,0.00013580456914319604,0.0005454105489845028,0.0004915723954214413,1.1291981955016051e-06,1.9663275695749072
23900,muon_no_ns,1,113,0.3,128,4,512,226048,4,nested_depth_one_shared_v2,4.718595027923584,0.011227154172956944,4.74413537979126,0.007830853573977947,1098.6992722080322,0.0,0.535035488676245,1.9686647653579712,0.0,8.698931005350158e-05,2.516739368729759e-05,0.0,1.974102192912401e-37,0,0,0,,0.0,0.0,0.0,0.0,0.0,0.002406398533713111,0.0018691750811613962,0.0005374411704837401,1.9663899168083684e-05,0.535035488676245,0.0035425463226439247,0.0031661743140140946,0.0004928679207532626,2.9455834514613485e-05,1.9686648638043458
24000,muon_no_ns,1,113,0.3,128,4,512,226048,4,nested_depth_one_shared_v2,4.718595027923584,0.011227154172956944,4.744219779968262,0.007830853573977947,1101.872729166993,0.0,0.5350660540455251,1.973167061805725,0.0,1.24324087439428e-06,3.8231954135881097e-07,0.0,2.468082098154574e-37,0,0,0,,0.0,0.0,0.0,0.0,0.0,1.243106514934136e-05,0.0005271710694190815,0.0005350740798784513,1.0158051886415833e-07,0.5350660540455251,0.0001309641143671594,0.0005555448094493578,0.0004932795992184841,1.088950412728226e-06,1.9731670662495326
24100,muon_no_ns,1,113,0.3,128,4,512,226048,4,nested_depth_one_shared_v2,4.718595027923584,0.011227154172956944,4.744157791137695,0.007830853573977947,1104.8218535830965,0.0,0.5326710655902479,1.9757804870605469,0.0,5.9938501104845574e-05,1.719629108265508e-05,0.0,2.397941841132891e-37,0,0,0,,0.0,0.0,0.0,0.0,0.0,0.0017176060325401036,0.001183409224537119,0.0005343883072792427,1.4035427366324794e-05,0.5326710655902479,0.00251856413381313,0.002148571301487787,0.0004944433457936734,2.0941549265239396e-05,1.975780468054783
24200,muon_no_ns,1,113,0.3,128,4,512,226048,4,nested_depth_one_shared_v2,4.718594551086426,0.011227154172956944,4.744218349456787,0.007830853573977947,1107.7403432080755,0.0,0.5324708430496865,1.9794355630874634,0.0,2.836204365930389e-07,2.64027761431862e-07,0.0,1.4433934701931346e-37,0,0,0,,0.0,0.0,0.0,0.0,0.0,5.278794979252461e-05,0.0004805386199144543,0.0005325229474842649,4.3135702896576795e-07,0.5324708430496865,0.00012438892447055598,0.0005072112503473072,0.0004948596867928398,1.0342785219872293e-06,1.9794355176389558
24300,muon_no_ns,1,113,0.3,128,4,512,226048,4,nested_depth_one_shared_v2,4.718595027923584,0.011227154172956944,4.7442193031311035,0.007830853573977947,1110.686026792042,0.0,0.5310791245702815,1.983277440071106,0.0,8.612377106177345e-07,2.899008961776417e-07,0.0,4.4430017525391234e-38,0,0,0,,0.0,0.0,0.0,0.0,0.0,2.1692668329571804e-05,0.0005111035973583281,0.000531099219467396,1.7726176140125454e-07,0.5310791245702815,0.00013036105409936088,0.0005400881290268214,0.0004958121151428009,1.0839360411907062e-06,1.9832773852537953
24400,muon_no_ns,1,113,0.3,128,4,512,226048,4,nested_depth_one_shared_v2,4.718594551086426,0.011227154172956944,4.744231224060059,0.007830853573977947,1113.6624502920313,0.0,0.5303135500185479,1.9856406450271606,0.0,2.541796745990002e-06,8.157160209520953e-07,0.0,1.2756841081648904e-38,0,0,0,,0.0,0.0,0.0,0.0,0.0,0.00012276308785005112,0.0006522285800550933,0.0005301917282099598,1.003159263615891e-06,0.5303135500185479,0.00026370223863620313,0.0007137753345609033,0.0004963614290236656,2.1926514983730424e-06,1.9856405953145162
24500,muon_no_ns,1,113,0.3,128,4,512,226048,4,nested_depth_one_shared_v2,4.718595027923584,0.011227154172956944,4.7442193031311035,0.007830853573977947,1116.5903679170879,0.0,0.5287539241636136,1.9892669916152954,0.0,1.253489231969169e-06,3.754520605525613e-07,0.0,0.0,0,0,0,,0.0,0.0,0.0,0.0,0.0,1.3605982667199335e-05,0.0005179442521417281,0.0005287648273961225,1.1118136397701059e-07,0.5287539241636136,0.00012500416355329353,0.0005510236614537774,0.0004973065521055643,1.0393941588646363e-06,1.9892669812357737
24600,muon_no_ns,1,113,0.3,128,4,512,226048,4,nested_depth_one_shared_v2,4.718595027923584,0.011227154172956944,4.744229316711426,0.007830853573977947,1119.4889294171007,0.0,0.5276465782700184,1.9929356575012207,0.0,1.0489220072477708e-05,2.8944757559656864e-06,0.0,0.0,0,0,0,,0.0,0.0,0.0,0.0,0.0,0.00024062529453207696,0.0007677987811898003,0.0005274063229940234,1.966270949171589e-06,0.5276465782700184,0.0004238560009327201,0.0008723315194669102,0.000498150332275229,3.5243102233260427e-06,1.9929356983873048
24700,muon_no_ns,1,113,0.3,128,4,512,226048,4,nested_depth_one_shared_v2,4.718595027923584,0.011227154172956944,4.744218826293945,0.007830853573977947,1122.4883610830875,0.0,0.526549808337925,1.9950145483016968,0.0,7.30695285583099e-08,2.1535304028930113e-07,0.0,0.0,0,0,0,,0.0,0.0,0.0,0.0,0.0,4.695888468540165e-05,0.0004802488969348363,0.000526596238830304,3.837247906208596e-07,0.526549808337925,0.0001196181839539793,0.0005081268244748828,0.0004987548570918216,9.946104046586844e-07,1.995014533465612
24800,muon_no_ns,1,113,0.3,128,4,512,226048,4,nested_depth_one_shared_v2,4.718595027923584,0.011227154172956944,4.74422025680542,0.007830853573977947,1125.433189292089,0.0,0.525393688093708,1.998497486114502,0.0,2.449077215695199e-06,6.699000891785545e-07,0.0,0.0,0,0,0,,0.0,0.0,0.0,0.0,0.0,2.4408479565075013e-05,0.0005486616714040968,0.0005253704597750238,1.9945402820424395e-07,0.525393688093708,0.00014442512919844055,0.0005865866767570894,0.0004996059760646626,1.2008770861310596e-06,1.9984975177977577
24900,muon_no_ns,1,113,0.3,128,4,512,226048,4,nested_depth_one_shared_v2,4.718595027923584,0.011227154172956944,4.744222164154053,0.007830853573977947,1128.371866542031,0.0,0.5245419990863132,2.0007729530334473,0.0,4.939838662233967e-06,1.34638366944273e-06,0.0,0.0,0,0,0,,0.0,0.0,0.0,0.0,0.0,7.893007380359363e-05,0.0006028898062968968,0.0005244636504429966,6.449775425221836e-07,0.5245419990863132,0.00020898117777887225,0.0006637663804661425,0.0005001565784709546,1.7376526454929344e-06,2.000773042053522
25000,muon_no_ns,1,113,0.3,128,4,512,226048,4,nested_depth_one_shared_v2,4.718595027923584,0.011227154172956944,4.744216442108154,0.007830853573977947,1131.3707016670378,0.0,0.5233406859866435,2.003927707672119,0.0,2.455012690429923e-06,7.520332019339548e-07,0.0,0.0,0,0,0,,0.0,0.0,0.0,0.0,0.0,0.00010325428671323068,0.0004202927520016188,0.0005234438638213895,8.437429852770312e-07,0.5233406859866435,0.00016223589413809413,0.0004424636618399871,0.0005010023095090615,1.3489713936882196e-06,2.0039276657298633
25100,muon_no_ns,1,113,0.3,128,4,512,226048,4,nested_depth_one_shared_v2,4.718595027923584,0.011227154172956944,4.744222164154053,0.007830853573977947,1134.3219530000351,0.0,0.5226087272033956,2.0061426162719727,0.0,4.446123555355494e-06,1.1958602499362314e-06,0.0,0.0,0,0,0,,0.0,0.0,0.0,0.0,0.0,6.409113633485148e-05,0.0005861187762106439,0.0005225452284711659,5.237210814418962e-07,0.5226087272033956,0.0001886997108737427,0.0006430237037161759,0.0005015042293711682,1.5690147566804486e-06,2.0061427197636132
25200,muon_no_ns,1,113,0.3,128,4,512,226048,4,nested_depth_one_shared_v2,4.718595027923584,0.011227154172956944,4.744214057922363,0.007830853573977947,1137.239994250005,0.0,0.5214200498076823,2.0092103481292725,0.0,5.094090978426515e-06,1.4643699159933021e-06,0.0,0.0,0,0,0,,0.0,0.0,0.0,0.0,0.0,0.00017110627005153072,0.0003505213599380295,0.0005215911704518224,1.3981958491840254e-06,0.5214200498076823,0.0002539324503118553,0.0003866814567688848,0.0005023442686006971,2.1114169168277504e-06,2.009210478364178
25300,muon_no_ns,1,113,0.3,128,4,512,226048,4,nested_depth_one_shared_v2,4.718595027923584,0.011227154172956944,4.74422025680542,0.007830853573977947,1140.161958917044,0.0,0.5207586918433762,2.0113699436187744,0.0,3.1416673144670825e-06,8.375967581741861e-07,0.0,0.0,0,0,0,,0.0,0.0,0.0,0.0,0.0,2.7352344247021763e-05,0.0005471796251111789,0.0005207323486524359,2.2350983502896043e-07,0.5207586918433762,0.00014404877842826637,0.000593815347168135,0.0005028228615027247,1.1977477760258289e-06,2.011369930506313
25400,muon_no_ns,1,113,0.3,128,4,512,226048,4,nested_depth_one_shared_v2,4.718595027923584,0.011227154172956944,4.74420690536499,0.007830853573977947,1143.07419449999,0.0,0.5195536787885057,2.0141348838806152,0.0,1.2519979368431512e-05,3.4702723041846184e-06,0.0,0.0,0,0,0,,0.0,0.0,0.0,0.0,0.0,0.00036665272909530174,0.0001532922134331234,0.0005199203389743009,2.996104840334924e-06,0.5195536787885057,0.0005342842264159766,0.0003599850142347158,0.0005036353353884242,4.442507259956345e-06,2.01413476546496
25500,muon_no_ns,1,113,0.3,128,4,512,226048,4,nested_depth_one_shared_v2,4.718595027923584,0.011227154172956944,4.744218826293945,0.007830853573977947,1145.9969408330508,0.0,0.5190297481256291,2.0161852836608887,0.0,9.308979269154081e-07,3.8437011085079575e-07,0.0,0.0,0,0,0,,0.0,0.0,0.0,0.0,0.0,5.856289718743584e-05,0.00046076131481817344,0.0005190881285611825,4.785470441206143e-07,0.5190297481256291,0.00012518952134130386,0.0004907191870843141,0.0005040535286430749,1.0409353859460515e-06,2.0161852390699146
25600,muon_no_ns,1,113,0.3,128,4,512,226048,4,nested_depth_one_shared_v2,4.718595027923584,0.011227154172956944,4.744198322296143,0.007830853573977947,1148.9479360830737,0.0,0.5177826675173692,2.0187883377075195,0.0,2.2120732546427335e-05,6.050248885003384e-06,0.0,0.0,0,0,0,,0.0,0.0,0.0,0.0,0.0,0.0006138009917123963,9.557539042257702e-05,0.0005183964502989939,5.015678259942487e-06,0.5177826675173692,0.0009108233179459921,0.0006059944641101293,0.0005048746618178833,7.573383233968517e-06,2.018788302504041
25700,muon_no_ns,1,113,0.3,128,4,512,226048,4,nested_depth_one_shared_v2,4.718595027923584,0.011227154172956944,4.7442193031311035,0.007830853573977947,1151.9032448750222,0.0,0.517446911571994,2.0209949016571045,0.0,1.3133549285189461e-06,3.765787823795108e-07,0.0,0.0,0,0,0,,0.0,0.0,0.0,0.0,0.0,1.4344782595008764e-05,0.0005042523356952824,0.0005174602012740287,1.1721847174710871e-07,0.517446911571994,0.00011740991328662131,0.0005433236146410185,0.0005052422723599344,9.762489071885185e-07,2.0209948550559442
25800,muon_no_ns,1,113,0.3,128,4,512,226048,4,nested_depth_one_shared_v2,4.718595027923584,0.011227154172956944,4.744355201721191,0.007830853573977947,1154.8494249579962,0.0,0.518614598493333,2.0262436866760254,0.0,0.00015521769547082197,4.176429865765385e-05,0.0,0.0,0,0,0,,0.0,0.0,0.0,0.0,0.0,0.0038389922994051025,0.004353684112150844,0.0005147763281141474,3.137034719102412e-05,0.518614598493333,0.005936082026368837,0.00634392900572945,0.000505384573992072,4.935778784775175e-05,2.0262436426946655
25900,muon_no_ns,1,113,0.3,128,4,512,226048,4,nested_depth_one_shared_v2,4.718595027923584,0.011227154172956944,4.7442193031311035,0.007830853573977947,1157.7774962080875,0.0,0.5159786052260553,2.0254275798797607,0.0,2.0738141542149438e-06,5.526229074348521e-07,0.0,0.0,0,0,0,,0.0,0.0,0.0,0.0,0.0,1.005247205368162e-05,0.000524468771557541,0.0005159701542796138,8.214383198969346e-08,0.5159786052260553,0.0001248006046250333,0.0005689477623001051,0.0005063441762295497,1.0377015915532425e-06,2.0254277048422944
26000,muon_no_ns,1,113,0.3,128,4,512,226048,4,nested_depth_one_shared_v2,4.718595027923584,0.011227154172956944,4.744236946105957,0.007830853573977947,1160.7198777500307,0.0,0.5153776934014627,2.0284767150878906,0.0,1.960852479635852e-05,5.221389073994942e-06,0.0,0.0,0,0,0,,0.0,0.0,0.0,0.0,0.0,0.0004683792302481081,0.0009832100073302985,0.0005149094816693286,3.827363517302357e-06,0.5153776934014627,0.0007616700848110939,0.0012061356270470374,0.0005069668777865528,6.333192548399117e-06,2.0284766411079294
26100,muon_no_ns,1,113,0.3,128,4,512,226048,4,nested_depth_one_shared_v2,4.718595027923584,0.011227154172956944,4.744218826293945,0.007830853573977947,1163.6660604170756,0.0,0.5145441344102087,2.029745101928711,0.0,2.6971229484228354e-07,2.3998842380024143e-07,0.0,0.0,0,0,0,,0.0,0.0,0.0,0.0,0.0,3.5553920017070384e-05,0.00047931837705606644,0.0005145794605291253,2.905290576149984e-07,0.5145441344102087,0.00011759893699193559,0.0005149169608745009,0.0005074378063021633,9.77820615918899e-07,2.0297451607235004
26200,muon_no_ns,1,113,0.3,128,4,512,226048,4,nested_depth_one_shared_v2,4.718595027923584,0.011227154172956944,4.744165420532227,0.007830853573977947,1166.5748598750215,0.0,0.5130099393846554,2.0309906005859375,0.0,0.00011799014871017751,3.1682073313277215e-05,0.0,0.0,0,0,0,,0.0,0.0,0.0,0.0,0.0,0.0021958863172660097,0.0016807395816978475,0.0005152056414112744,1.7943697406042917e-05,0.5130099393846554,0.003502544953069231,0.003116454163860123,0.0005084392332738532,2.912322807415043e-05,2.0309905840206084
26300,muon_no_ns,1,113,0.3,128,4,512,226048,4,nested_depth_one_shared_v2,4.718595027923584,0.011227154172956944,4.74422025680542,0.007830853573977947,1169.498249208089,0.0,0.5132337667255059,2.033905029296875,0.0,2.0918404787101364e-06,5.525087090063607e-07,0.0,0.0,0,0,0,,0.0,0.0,0.0,0.0,0.0,1.514396373340073e-05,0.0005276042357889165,0.0005132194313207943,1.2374898491947396e-07,0.5132337667255059,0.000126729315064371,0.0005741332997105766,0.0005084627665930359,1.0537385803046946e-06,2.0339050547102557
26400,muon_no_ns,1,113,0.3,128,4,512,226048,4,nested_depth_one_shared_v2,4.718595027923584,0.011227154172956944,4.744267463684082,0.007830853573977947,1172.4799070000881,0.0,0.5134141514786753,2.0363829135894775,0.0,2.474396098288633e-05,6.548104011017131e-06,0.0,0.0,0,0,0,,0.0,0.0,0.0,0.0,0.0,0.0009993016608718227,0.001511623354679866,0.0005124151650882718,8.16579914863959e-06,0.5134141514786753,0.0015786383868291011,0.0020007829191728615,0.0005087880967515374,1.312618293333981e-05,2.0363830266298724
26500,muon_no_ns,1,113,0.3,128,4,512,226048,4,nested_depth_one_shared_v2,4.718595027923584,0.011227154172956944,4.74422025680542,0.007830853573977947,1175.4302909580292,0.0,0.5120147547831025,2.037680149078369,0.0,1.7808244994912852e-06,4.7343957021439564e-07,0.0,0.0,0,0,0,,0.0,0.0,0.0,0.0,0.0,7.722582497145082e-06,0.0005183188928320273,0.0005120084782352293,6.310512635941165e-08,0.5120147547831025,0.00012548376047262193,0.0005659013513777666,0.0005094090104234726,1.0433819479301331e-06,2.0376802048826517
26600,muon_no_ns,1,113,0.3,128,4,512,226048,4,nested_depth_one_shared_v2,4.718595027923584,0.011227154172956944,4.744204521179199,0.007830853573977947,1178.3527297500987,0.0,0.5110375478474593,2.039865732192993,0.0,1.5005536637632756e-05,4.0201839510700665e-06,0.0,0.0,0,0,0,,0.0,0.0,0.0,0.0,0.0,0.0004277567188288154,8.375321294189396e-05,0.0005114653139355114,3.495416436504089e-06,0.5110375478474593,0.0006378674655027093,0.00040367849306914067,0.0005100899612570009,5.303789081318465e-06,2.039865620618943
26700,muon_no_ns,1,113,0.3,128,4,512,226048,4,nested_depth_one_shared_v2,4.718595027923584,0.011227154172956944,4.7442193031311035,0.007830853573977947,1181.3086273330264,0.0,0.5109117565610767,2.0411224365234375,0.0,4.0900344836795755e-07,2.1562551921761042e-07,0.0,0.0,0,0,0,,0.0,0.0,0.0,0.0,0.0,1.4979600278642054e-05,0.0004965338665187142,0.0005109261893241653,1.2240588802342267e-07,0.5109117565610767,0.00011052682560965625,0.0005391614901177243,0.000510276251620472,9.190168844860063e-07,2.0411225067334633
26800,muon_no_ns,1,113,0.3,128,4,512,226048,4,nested_depth_one_shared_v2,4.718595027923584,0.011227154172956944,4.7442193031311035,0.007830853573977947,1184.2680945000611,0.0,0.5101718380285944,2.04364275932312,0.0,1.1835367389949171e-06,3.3959264555960544e-07,0.0,0.0,0,0,0,,0.0,0.0,0.0,0.0,0.0,6.69897110428691e-06,0.0005044904599012739,0.0005101775718819157,5.4740680098963396e-08,0.5101718380285944,0.00010749858386887865,0.000545977348842724,0.0005109045079217952,8.938374289580917e-07,2.043642826361667
26900,muon_no_ns,1,113,0.3,128,4,512,226048,4,nested_depth_one_shared_v2,4.718595027923584,0.011227154172956944,4.744226932525635,0.007830853573977947,1187.1853010000195,0.0,0.5099134998034089,2.044818878173828,0.0,4.326623277520841e-06,1.1125802075184765e-06,0.0,0.0,0,0,0,,0.0,0.0,0.0,0.0,0.0,0.00013552459878667415,0.000645195322346957,0.0005097781180539652,1.1074400220914816e-06,0.5099134998034089,0.00026792341530335506,0.000733063197866296,0.0005111548102301247,2.2277500602661663e-06,2.0448189229471696
27000,muon_no_ns,1,113,0.3,128,4,512,226048,4,nested_depth_one_shared_v2,4.718595027923584,0.011227154172956944,4.7442193031311035,0.007830853573977947,1190.0782673750073,0.0,0.5091273085881114,2.0470361709594727,0.0,1.233864653125801e-06,3.4448117958163493e-07,0.0,0.0,0,0,0,,0.0,0.0,0.0,0.0,0.0,5.1835312877394345e-06,0.0005052923637300743,0.0005091311667339008,4.235725510497133e-08,0.5091273085881114,0.00011086112223194259,0.0005479897650869943,0.0005117526925819914,9.217965195529972e-07,2.0470362010115877
27100,muon_no_ns,1,113,0.3,128,4,512,226048,4,nested_depth_one_shared_v2,4.718595027923584,0.011227154172956944,4.744210243225098,0.007830853573977947,1193.0377000001026,0.0,0.5086384731616689,2.0479109287261963,0.0,1.0185856142634761e-05,2.7346482056600507e-06,0.0,0.0,0,0,0,,0.0,0.0,0.0,0.0,0.0,0.0002731024658938258,0.00023581593752501382,0.000508911591728026,2.2316583378252012e-06,0.5086384731616689,0.00042048572236566805,0.00034549052765324353,0.0005120557568925185,3.4962867738923196e-06,2.047910937756907
27200,muon_no_ns,1,113,0.3,128,4,512,226048,4,nested_depth_one_shared_v2,4.718594551086426,0.011227154172956944,4.744218349456787,0.007830853573977947,1195.9777278330876,0.0,0.508106821305093,2.0503389835357666,0.0,1.0468135767792164e-07,2.265923200184261e-07,0.0,0.0,0,0,0,,0.0,0.0,0.0,0.0,0.0,3.597452951390048e-05,0.0004722767550007896,0.000508142723545993,2.9396607048669567e-07,0.508106821305093,0.00011969124701839416,0.0005111794973386247,0.0005125886339226002,9.952179150025232e-07,2.050339191567111
27300,muon_no_ns,1,113,0.3,128,4,512,226048,4,nested_depth_one_shared_v2,4.718595027923584,0.011227154172956944,4.744222164154053,0.007830853573977947,1198.924770292011,0.0,0.5078122799212639,2.0514140129089355,0.0,2.195674940845901e-06,5.65564164389798e-07,0.0,0.0,0,0,0,,0.0,0.0,0.0,0.0,0.0,3.5953380949074965e-05,0.000543539197113811,0.0005077765551390293,2.937932548701415e-07,0.5078122799212639,0.0001396751773946633,0.0005987433456177979,0.0005128350107020428,1.1613818243781997e-06,2.05141394165187
27400,muon_no_ns,1,113,0.3,128,4,512,226048,4,nested_depth_one_shared_v2,4.718595027923584,0.011227154172956944,4.744201183319092,0.007830853573977947,1201.8758807500126,0.0,0.5069080808594821,2.0531396865844727,0.0,1.8904808252457185e-05,4.980987341696164e-06,0.0,0.0,0,0,0,,0.0,0.0,0.0,0.0,0.0,0.0005117194797938021,5.339232438786851e-06,0.0005074198126959991,4.181518610503438e-06,0.5069080808594821,0.0007812517374967461,0.0004985641192178451,0.000513437219407912,6.49601156853284e-06,2.0531396874028736
27500,muon_no_ns,1,113,0.3,128,4,512,226048,4,nested_depth_one_shared_v2,4.718595027923584,0.011227154172956944,4.744218349456787,0.007830853573977947,1204.8559894580394,0.0,0.5068739213473394,2.0543465614318848,0.0,1.269300797927413e-07,2.0915814502586727e-07,0.0,0.0,0,0,0,,0.0,0.0,0.0,0.0,0.0,3.5346861791442214e-05,0.00047169513135303186,0.0005069091864374109,2.888370801583831e-07,0.5068739213473394,0.0001142418453652164,0.0005126383678319012,0.0005135901446091434,9.49906814263023e-07,2.0543467888260163
27600,muon_no_ns,1,113,0.3,128,4,512,226048,4,nested_depth_one_shared_v2,4.718594551086426,0.011227154172956944,4.744111061096191,0.007830853573977947,1207.7756414579926,0.0,0.5047454204332682,2.054170608520508,0.0,0.00015304504909653365,3.995706356363371e-05,0.0,0.0,0,0,0,,0.0,0.0,0.0,0.0,0.0,0.003360169176245179,0.0028520900029642155,0.0005081054571296431,2.7457641343985835e-05,0.5047454204332682,0.005350392380213549,0.004952687363904848,0.0005146017189013718,4.4487850880718114e-05,2.054170724840263
27700,muon_no_ns,1,113,0.3,128,4,512,226048,4,nested_depth_one_shared_v2,4.718595027923584,0.011227154172956944,4.744220733642578,0.007830853573977947,1210.6943412499968,0.0,0.50600114698902,2.0574586391448975,0.0,2.148712198167341e-06,5.515744874173834e-07,0.0,0.0,0,0,0,,0.0,0.0,0.0,0.0,0.0,1.7829478716344653e-05,0.0005235774187096526,0.0005059835732172113,1.4569368572408432e-07,0.50600114698902,0.00012162249262130382,0.0005742658552554418,0.0005143524308960123,1.0112759833255158e-06,2.05745866958804
27800,muon_no_ns,1,113,0.3,128,4,512,226048,4,nested_depth_one_shared_v2,4.718595027923584,0.011227154172956944,4.744236946105957,0.007830853573977947,1213.6696377920453,0.0,0.5059977014596849,2.05849027633667,0.0,2.869722038562133e-05,7.4121639954682905e-06,0.0,0.0,0,0,0,,0.0,0.0,0.0,0.0,0.0,0.0005595283540696332,0.001064928844174198,0.0005054382922820696,4.572189095848578e-06,0.5059977014596849,0.0009203370361736677,0.0013629940805239334,0.0005144412492835852,7.652488624331889e-06,2.058490207681258
27900,muon_no_ns,1,113,0.3,128,4,512,226048,4,nested_depth_one_shared_v2,4.718595027923584,0.011227154172956944,4.7442193031311035,0.007830853573977947,1216.6083927920554,0.0,0.5051805072344348,2.0601987838745117,0.0,7.454097192502541e-07,2.530474887407763e-07,0.0,0.0,0,0,0,,0.0,0.0,0.0,0.0,0.0,1.5429038476446463e-05,0.0004900112311294658,0.0005051957203404665,1.2607847478745897e-07,0.5051805072344348,0.00010857887113526926,0.0005344207095629017,0.0005150476776316967,9.028198839633086e-07,2.0601988005773593
28000,muon_no_ns,1,113,0.3,128,4,512,226048,4,nested_depth_one_shared_v2,4.718594551086426,0.011227154172956944,4.744197845458984,0.007830853573977947,1219.529919792083,0.0,0.504722732164504,2.060127019882202,0.0,3.791808085462368e-05,9.882275662675966e-06,0.0,0.0,0,0,0,,0.0,0.0,0.0,0.0,0.0,0.0007672496021980901,0.00026178878399487666,0.0005054899666728786,6.269584444558274e-06,0.504722732164504,0.0012276467358475495,0.0008864192116251997,0.0005152711465839124,1.0207730767664984e-05,2.060126933474039
28100,muon_no_ns,1,113,0.3,128,4,512,226048,4,nested_depth_one_shared_v2,4.718595027923584,0.011227154172956944,4.7442193031311035,0.007830853573977947,1222.5001690830104,0.0,0.5045042703313596,2.0625240802764893,0.0,1.3836190317472822e-06,3.7347695069911424e-07,0.0,0.0,0,0,0,,0.0,0.0,0.0,0.0,0.0,3.107489482635586e-06,0.0005032155802760685,0.0005045055721976797,2.5392867804876923e-08,0.5045042703313596,0.00010822156849702762,0.0005511080396031102,0.0005156247031549548,8.998489567191377e-07,2.062524044012313
28200,muon_no_ns,1,113,0.3,128,4,512,226048,4,nested_depth_one_shared_v2,4.718595027923584,0.011227154172956944,4.744227409362793,0.007830853573977947,1225.4472975420067,0.0,0.5041043239726266,2.064560651779175,0.0,9.21080543247415e-06,2.3441282337444136e-06,0.0,0.0,0,0,0,,0.0,0.0,0.0,0.0,0.0,0.00019906016340698205,0.0007029404989650223,0.0005039053236797255,1.6266212461396952e-06,0.5041043239726266,0.00035327211866624807,0.0008185232405024106,0.0005160726967612146,2.9374139724145086e-06,2.0645607565663235
28300,muon_no_ns,1,113,0.3,128,4,512,226048,4,nested_depth_one_shared_v2,4.718595027923584,0.011227154172956944,4.74422025680542,0.007830853573977947,1228.3583614580566,0.0,0.5038593773148199,2.064779758453369,0.0,1.2208841049852812e-06,3.3577444469301554e-07,0.0,0.0,0,0,0,,0.0,0.0,0.0,0.0,0.0,6.551897668089262e-06,0.0005097315202725152,0.0005038535149748836,5.353886868693944e-08,0.5038593773148199,0.00010813089199217078,0.0005603819111651853,0.0005161863000075674,8.990949927965338e-07,2.064779813356093
28400,muon_no_ns,1,113,0.3,128,4,512,226048,4,nested_depth_one_shared_v2,4.718595027923584,0.011227154172956944,4.74422025680542,0.007830853573977947,1231.2901183330687,0.0,0.5033460948707347,2.0666463375091553,0.0,1.3434621613660457e-06,3.6567362826644967e-07,0.0,0.0,0,0,0,,0.0,0.0,0.0,0.0,0.0,2.2687461400238783e-06,0.0005040579972369051,0.0005033453973582024,1.8539071857964845e-08,0.5033460948707347,0.00010728813707805238,0.0005493966752172583,0.0005166559489934777,8.920875899213833e-07,2.066646338434635
28500,muon_no_ns,1,113,0.3,128,4,512,226048,4,nested_depth_one_shared_v2,4.718595027923584,0.011227154172956944,4.744206428527832,0.007830853573977947,1234.25313616707,0.0,0.503051580083307,2.066601276397705,0.0,1.8529097033026323e-05,4.827326847589575e-06,0.0,0.0,0,0,0,,0.0,0.0,0.0,0.0,0.0,0.0004201694983689889,8.332691766844508e-05,0.000503471793892827,3.433417421794817e-06,0.503051580083307,0.0006663993984442166,0.00042812772866494575,0.0005167780037664173,5.541028574768432e-06,2.0666012302416803
28600,muon_no_ns,1,113,0.3,128,4,512,226048,4,nested_depth_one_shared_v2,4.718595027923584,0.011227154172956944,4.74422025680542,0.007830853573977947,1237.1827149169985,0.0,0.5027612200300194,2.0686967372894287,0.0,1.5224404446704507e-06,4.000787328095612e-07,0.0,0.0,0,0,0,,0.0,0.0,0.0,0.0,0.0,3.3529175202067228e-06,0.0005051213266530469,0.0005027588860582105,2.739838439583527e-08,0.5027612200300194,0.00011208599962600322,0.000553859419264334,0.0005171677095018579,9.319812235862286e-07,2.0686966258190913
28700,muon_no_ns,1,113,0.3,128,4,512,226048,4,nested_depth_one_shared_v2,4.718595027923584,0.011227154172956944,4.744197368621826,0.007830853573977947,1240.1016877080547,0.0,0.502218940500785,2.068967819213867,0.0,5.066007984581082e-06,1.371577582176542e-06,0.0,0.0,0,0,0,,0.0,0.0,0.0,0.0,0.0,0.00040009638117673185,0.0001025355300933939,0.0005026190359645568,3.2693898316314305e-06,0.502218940500785,0.0006596830976091135,0.000417840038501048,0.0005173696350924661,5.485183364027051e-06,2.068967908002853
28800,muon_no_ns,1,113,0.3,128,4,512,226048,4,nested_depth_one_shared_v2,4.718594551086426,0.011227154172956944,4.7442193031311035,0.007830853573977947,1243.0685443331022,0.0,0.5021305883759938,2.0709340572357178,0.0,1.3458572559898196e-06,3.641246735242021e-07,0.0,0.0,0,0,0,,0.0,0.0,0.0,0.0,0.0,2.514670290574202e-06,0.0005009817445716723,0.000502131758552765,2.0548642438926113e-08,0.5021305883759938,0.00011418596770348144,0.0005503647477385621,0.0005177282364724495,9.49442198416899e-07,2.0709340440091832
28900,muon_no_ns,1,113,0.3,128,4,512,226048,4,nested_depth_one_shared_v2,4.718595027923584,0.011227154172956944,4.744236469268799,0.007830853573977947,1246.010324333096,0.0,0.5022736205275881,2.071483612060547,0.0,3.19900998438773e-05,8.14937175164232e-06,0.0,0.0,0,0,0,,0.0,0.0,0.0,0.0,0.0,0.0005887408530655957,0.0010904047063488625,0.0005016849550879773,4.8108991958825885e-06,0.5022736205275881,0.0009691028699687573,0.0014122100599994222,0.0005176808033209043,8.05797050075891e-06,2.071483583142645
29000,muon_no_ns,1,113,0.3,128,4,512,226048,4,nested_depth_one_shared_v2,4.718594551086426,0.011227154172956944,4.7442193031311035,0.007830853573977947,1248.9423345830292,0.0,0.501571361665488,2.0728917121887207,0.0,1.2178608444957577e-06,3.36608366069413e-07,0.0,0.0,0,0,0,,0.0,0.0,0.0,0.0,0.0,4.510040896992342e-06,0.0004975916981419645,0.0005015753913425216,3.685382458472028e-08,0.501571361665488,0.00011126349324338923,0.0005465585894514265,0.00051821867326318,9.251421847461072e-07,2.0728918741810674
29100,muon_no_ns,1,113,0.3,128,4,512,226048,4,nested_depth_one_shared_v2,4.718595027923584,0.011227154172956944,4.744225025177002,0.007830853573977947,1251.8882512080017,0.0,0.5014928347493124,2.0735530853271484,0.0,2.5424085685270744e-05,6.449745342251845e-06,0.0,0.0,0,0,0,,0.0,0.0,0.0,0.0,0.0,0.000352331419582333,0.0008534496177168344,0.0005011405690690852,2.8790781790098767e-06,0.5014928347493124,0.0005794938538410484,0.0010347040013032852,0.0005182758734540152,4.818419720264376e-06,2.0735531186120038
29200,muon_no_ns,1,113,0.3,128,4,512,226048,4,nested_depth_one_shared_v2,4.718595027923584,0.011227154172956944,4.7442193031311035,0.007830853573977947,1254.8041078330716,0.0,0.5009949887105015,2.0749971866607666,0.0,6.333055511686381e-07,2.3705315754796175e-07,0.0,0.0,0,0,0,,0.0,0.0,0.0,0.0,0.0,1.658211409609903e-05,0.00048455074577927225,0.0005010114712714265,1.355008387061393e-07,0.5009949887105015,0.00010465951893639117,0.0005291350565385522,0.0005187493287079343,8.702309551928652e-07,2.0749972331936326
29300,muon_no_ns,1,113,0.3,128,4,512,226048,4,nested_depth_one_shared_v2,4.718595027923584,0.011227154172956944,4.744225978851318,0.007830853573977947,1257.7529154580552,0.0,0.5009661221671166,2.0754895210266113,0.0,1.0688884142338801e-05,2.689248731257976e-06,0.0,0.0,0,0,0,,0.0,0.0,0.0,0.0,0.0,0.00018835693021548034,0.0006891139908641032,0.000500777836538719,1.5391597158480266e-06,0.5009661221671166,0.00033851287689796083,0.0008080422462997739,0.0005188075934398908,2.8146927026010558e-06,2.0754896390541893
29400,muon_no_ns,1,113,0.3,128,4,512,226048,4,nested_depth_one_shared_v2,4.718595027923584,0.011227154172956944,4.744212627410889,0.007830853573977947,1260.6736601670273,0.0,0.5003704993126339,2.076800584793091,0.0,6.7006472868931984e-06,1.7562177845320548e-06,0.0,0.0,0,0,0,,0.0,0.0,0.0,0.0,0.0,0.00019506744444517044,0.0003055059776576053,0.0005005655841398602,1.5939947206612187e-06,0.5003704993126339,0.0003133180163400376,0.0003659776639110738,0.0005192564808810792,2.605200553276367e-06,2.0768006199005566
29500,muon_no_ns,1,113,0.3,128,4,512,226048,4,nested_depth_one_shared_v2,4.718595027923584,0.011227154172956944,4.744221210479736,0.007830853573977947,1263.6331968751037,0.0,0.5003937422620293,2.0772652626037598,0.0,3.1139113105357523e-06,7.766061571601313e-07,0.0,0.0,0,0,0,,0.0,0.0,0.0,0.0,0.0,4.337104366891609e-05,0.000543661568276598,0.000500350472534492,3.544067275523845e-07,0.5003937422620293,0.0001433300364407405,0.0006083475121272528,0.0005192971203227557,1.1917715252968149e-06,2.0772652819598516
29600,muon_no_ns,1,113,0.3,128,4,512,226048,4,nested_depth_one_shared_v2,4.718595027923584,0.011227154172956944,4.74409818649292,0.007830853573977947,1266.5938176671043,0.0,0.4982083002916052,2.0762939453125,0.0,0.00015978876094335063,4.0717030060477555e-05,0.0,0.0,0,0,0,,0.0,0.0,0.0,0.0,0.0,0.003590216624216249,0.003088426383458344,0.0005017984880247026,2.9337475360422863e-05,0.4982083002916052,0.005753354567107453,0.005349807254539195,0.0005202144245663481,4.783843162455293e-05,2.0762939417240966
29700,muon_no_ns,1,113,0.3,128,4,512,226048,4,nested_depth_one_shared_v2,4.718595027923584,0.011227154172956944,4.74422025680542,0.007830853573977947,1269.5135360830463,0.0,0.49986340474881513,2.079143762588501,0.0,1.950079740192322e-06,4.991329092263186e-07,0.0,0.0,0,0,0,,0.0,0.0,0.0,0.0,0.0,1.0842272619524553e-05,0.0005105075297164802,0.0004998527816624317,8.859769176065457e-08,0.49986340474881513,0.0001164396034190149,0.0005644328612129418,0.000519777601405987,9.681809006516894e-07,2.0791437620482522
29800,muon_no_ns,1,113,0.3,128,4,512,226048,4,nested_depth_one_shared_v2,4.718595027923584,0.011227154172956944,4.744206428527832,0.007830853573977947,1272.4504461250035,0.0,0.49959943789814326,2.07901930809021,0.0,4.590283138807387e-05,1.17264416985563e-05,0.0,0.0,0,0,0,,0.0,0.0,0.0,0.0,0.0,0.0007170264855556552,0.0002167209720532296,0.0005003164744232407,5.859185964120418e-06,0.49959943789814326,0.0011767630037810548,0.000832084427582627,0.0005199862750622875,9.784638829062476e-06,2.0790192250458754
29900,muon_no_ns,1,113,0.3,128,4,512,226048,4,nested_depth_one_shared_v2,4.718594551086426,0.011227154172956944,4.7442193031311035,0.007830853573977947,1275.411402958096,0.0,0.49945716895655146,2.0806093215942383,0.0,1.3736219121393214e-06,3.6300127703725593e-07,0.0,0.0,0,0,0,,0.0,0.0,0.0,0.0,0.0,2.301545880995273e-06,0.0005006895461564601,0.0004994559676745264,1.880709512599999e-08,0.49945716895655146,0.00010429713923605618,0.0005520744497417238,0.0005201467278863996,8.672178128053419e-07,2.080609320927835
30000,muon_no_ns,1,113,0.3,128,4,512,226048,4,nested_depth_one_shared_v2,4.718595027923584,0.011227154172956944,4.744157791137695,0.007830853573977947,1278.2933877500473,0.0,0.49817636339926924,2.0808615684509277,0.0,6.62954852581003e-05,1.6827587387524545e-05,0.0,0.0,0,0,0,,0.0,0.0,0.0,0.0,0.0,0.0016701587854051866,0.0011703183897166403,0.0004998465412208537,1.3647711919197869e-05,0.49817636339926924,0.0026276323498306852,0.002236088896185404,0.0005207375064619068,2.184843799137452e-05,2.0808617490336325
30100,muon_no_ns,1,113,0.3,128,4,512,226048,4,nested_depth_one_shared_v2,4.718595027923584,0.011227154172956944,4.74422025680542,0.007830853573977947,1281.2484668750549,0.0,0.49904809431759983,2.082174777984619,0.0,1.7052801879793908e-06,4.3765984969468263e-07,0.0,0.0,0,0,0,,0.0,0.0,0.0,0.0,0.0,1.2554116933513274e-05,0.0005114494625805381,0.000499035715683424,1.025860372113939e-07,0.49904809431759983,0.00011061141088000934,0.0005652810992525609,0.0005205349763005275,9.19720200547103e-07,2.082174843708604
30200,muon_no_ns,1,113,0.3,128,4,512,226048,4,nested_depth_one_shared_v2,4.718595027923584,0.011227154172956944,4.744344711303711,0.007830853573977947,1284.2127592500765,0.0,0.5005694663098523,2.0857222080230713,0.0,0.00016164960192765218,4.071836519869976e-05,0.0,0.0,0,0,0,,0.0,0.0,0.0,0.0,0.0,0.0036319536015855937,0.00412888424460575,0.0004969376037032827,2.967852930600727e-05,0.5005694663098523,0.005756031200349302,0.006175266173399536,0.0005202931470752572,4.786068749890079e-05,2.0857221513663307
30300,muon_no_ns,1,113,0.3,128,4,512,226048,4,nested_depth_one_shared_v2,4.718595027923584,0.011227154172956944,4.74422025680542,0.007830853573977947,1287.1428142919904,0.0,0.4986244443018665,2.0837597846984863,0.0,1.7579340132285076e-06,4.468906240617798e-07,0.0,0.0,0,0,0,,0.0,0.0,0.0,0.0,0.0,1.1225611419036708e-05,0.0005096977018054824,0.0004986133994459744,9.173014691935602e-08,0.4986244443018665,0.0001261124984750228,0.0005656500762043975,0.0005209322105175103,1.0486098266549331e-06,2.0837600143915096
30400,muon_no_ns,1,113,0.3,128,4,512,226048,4,nested_depth_one_shared_v2,4.718595027923584,0.011227154172956944,4.744187355041504,0.007830853573977947,1290.0685847080313,0.0,0.4980758658554531,2.0832791328430176,0.0,5.314507943471816e-05,1.3496049177774694e-05,0.0,0.0,0,0,0,,0.0,0.0,0.0,0.0,0.0,0.0010800160317723652,0.0005808666368163064,0.0004991559010601526,8.825357084936435e-06,0.4980758658554531,0.0017525664375868959,0.001379681040604992,0.0005211650176924365,1.4572373163181964e-05,2.0832790622000155
30500,muon_no_ns,1,113,0.3,128,4,512,226048,4,nested_depth_one_shared_v2,4.718595027923584,0.011227154172956944,4.7442193031311035,0.007830853573977947,1293.0211307080463,0.0,0.49823387225789023,2.085129499435425,0.0,6.501899008635173e-07,2.3166317930645164e-07,0.0,0.0,0,0,0,,0.0,0.0,0.0,0.0,0.0,1.4327910832768597e-05,0.0004840267835478318,0.0004982481425831489,1.1708060404696237e-07,0.49823387225789023,0.00010133159066224735,0.0005302689963127692,0.0005212826363124332,8.42559643206598e-07,2.0851297136021025
30600,muon_no_ns,1,113,0.3,128,4,512,226048,4,nested_depth_one_shared_v2,4.718594551086426,0.011227154172956944,4.7441935539245605,0.007830853573977947,1295.9248279170133,0.0,0.4978118192209497,2.0847628116607666,0.0,3.393614774842124e-05,8.619243089924566e-06,0.0,0.0,0,0,0,,0.0,0.0,0.0,0.0,0.0,0.0007680362648948702,0.00026946469513469646,0.0004985799099427193,6.276012663214519e-06,0.4978118192209497,0.0012422926754054266,0.0008959356227871257,0.0005214334241467547,1.0329509943612606e-05,2.0847628711541444
30700,muon_no_ns,1,113,0.3,128,4,512,226048,4,nested_depth_one_shared_v2,4.718595027923584,0.011227154172956944,4.7442193031311035,0.007830853573977947,1298.8502477920847,0.0,0.4978593809966279,2.086540937423706,0.0,9.318127843682107e-07,2.7416319881012896e-07,0.0,0.0,0,0,0,,0.0,0.0,0.0,0.0,0.0,8.832450595313902e-06,0.0004892157964285493,0.0004978680608316178,7.217441977299646e-08,0.4978593809966279,0.00010895792647391178,0.0005399182840051157,0.0005216334260423009,9.059716822208405e-07,2.0865409064050393
30800,muon_no_ns,1,113,0.3,128,4,512,226048,4,nested_depth_one_shared_v2,4.718594074249268,0.011227154172956944,4.744223117828369,0.007830853573977947,1301.7696607080288,0.0,0.4978701708111928,2.0867063999176025,0.0,1.0623726837718111e-05,2.646492475832929e-06,0.0,0.0,0,0,0,,0.0,0.0,0.0,0.0,0.0,0.00015238418499845258,0.000650087768893526,0.000497717828443344,1.2452082257532732e-06,0.4978701708111928,0.00028406733269531616,0.0007556950952632513,0.0005216242995604877,2.361984736627516e-06,2.0867063555533254
30900,muon_no_ns,1,113,0.3,128,4,512,226048,4,nested_depth_one_shared_v2,4.718595027923584,0.011227154172956944,4.74422025680542,0.007830853573977947,1304.7128235420678,0.0,0.4975083225598842,2.087930917739868,0.0,1.8454759667869987e-06,4.6528623443009565e-07,0.0,0.0,0,0,0,,0.0,0.0,0.0,0.0,0.0,1.2678239484972776e-05,0.0005100665308737064,0.000497495786876167,1.0360030533954923e-07,0.4975083225598842,0.00010159897132343001,0.0005621456090699711,0.0005219747780023755,8.447828803334809e-07,2.087930819889054
31000,muon_no_ns,1,113,0.3,128,4,512,226048,4,nested_depth_one_shared_v2,4.718595027923584,0.011227154172956944,4.74422025680542,0.007830853573977947,1307.6412260830402,0.0,0.4975513910702525,2.087712287902832,0.0,4.723021724306353e-06,1.1584961612243205e-06,0.0,0.0,0,0,0,,0.0,0.0,0.0,0.0,0.0,4.812054827677131e-05,0.0005455893374465795,0.000497503327919348,3.9321733119878294e-07,0.4975513910702525,0.00014206946820277843,0.0006134514210058723,0.0005219080720610909,1.181290056310948e-06,2.087712479245189
31100,muon_no_ns,1,113,0.3,128,4,512,226048,4,nested_depth_one_shared_v2,4.718595027923584,0.011227154172956944,4.7442193031311035,0.007830853573977947,1310.5708461250179,0.0,0.49720855918847606,2.089038610458374,0.0,1.173643716022267e-06,3.2394584081885114e-07,0.0,0.0,0,0,0,,0.0,0.0,0.0,0.0,0.0,3.876281808228164e-06,0.0004937725904627618,0.0004972120291819007,3.167505862233996e-08,0.49720855918847606,0.00011447866911155915,0.0005456862750133062,0.000522256809073608,9.518759744224297e-07,2.089038501222183
31200,muon_no_ns,1,113,0.3,128,4,512,226048,4,nested_depth_one_shared_v2,4.718595027923584,0.011227154172956944,4.744207382202148,0.007830853573977947,1313.5359623330878,0.0,0.497174040458138,2.08811354637146,0.0,2.4530386769244413e-05,6.229664450074779e-06,0.0,0.0,0,0,0,,0.0,0.0,0.0,0.0,0.0,0.0004670491032405409,3.0627499053515706e-05,0.0004976411175013307,3.816494376970399e-06,0.497174040458138,0.0007588476110627,0.0004847164347372445,0.0005221752801333032,6.309724028277556e-06,2.0881137425365552
31300,muon_no_ns,1,113,0.3,128,4,512,226048,4,nested_depth_one_shared_v2,4.718595027923584,0.011227154172956944,4.7442193031311035,0.007830853573977947,1316.5018635001034,0.0,0.49701753347370364,2.089700698852539,0.0,1.084602467352553e-06,3.0466227940451063e-07,0.0,0.0,0,0,0,,0.0,0.0,0.0,0.0,0.0,5.927140862547296e-06,0.0004913282129239973,0.0004970232725092601,4.8433664932599085e-08,0.49701753347370364,0.00010628775480539212,0.000543189106846493,0.0005224226033787359,8.837695350560227e-07,2.0897006832600873
31400,muon_no_ns,1,113,0.3,128,4,512,226048,4,nested_depth_one_shared_v2,4.718595027923584,0.011227154172956944,4.744216442108154,0.007830853573977947,1319.4285429579904,0.0,0.4966629097490289,2.090864658355713,0.0,2.7926708530774353e-06,7.609656336171611e-07,0.0,0.0,0,0,0,,0.0,0.0,0.0,0.0,0.0,9.677229393774867e-05,0.000399997920441598,0.0004967596850901339,7.907753448136493e-07,0.4966629097490289,0.0001784507022588002,0.0004402973444624444,0.0005227427525142173,1.4837955176909974e-06,2.0908646701346165
31500,muon_no_ns,1,113,0.3,128,4,512,226048,4,nested_depth_one_shared_v2,4.718595027923584,0.011227154172956944,4.744217395782471,0.007830853573977947,1322.3636097920826,0.0,0.49667643322105415,2.0908167362213135,0.0,2.1058169948245957e-06,6.102455358814041e-07,0.0,0.0,0,0,0,,0.0,0.0,0.0,0.0,0.0,7.121021878390438e-05,0.00042555702786934617,0.0004967476556583167,5.818947037601601e-07,0.49667643322105415,0.00014772730737228147,0.0004666639605259848,0.0005227226894679248,1.228334289218197e-06,2.090816777532334
31600,muon_no_ns,1,113,0.3,128,4,512,226048,4,nested_depth_one_shared_v2,4.718594551086426,0.011227154172956944,4.744316101074219,0.007830853573977947,1325.346202417044,0.0,0.49786433446341655,2.0937323570251465,0.0,0.00011182270446701558,2.790689359244425e-05,0.0,0.0,0,0,0,,0.0,0.0,0.0,0.0,0.0,0.0026420158813781017,0.003137235418703358,0.0004952223636808533,2.158924765123234e-05,0.49786433446341655,0.004188872846795312,0.004614773158909387,0.0005226012616998397,3.482995962234103e-05,2.093732463706296
31700,muon_no_ns,1,113,0.3,128,4,512,226048,4,nested_depth_one_shared_v2,4.718594074249268,0.011227154172956944,4.744219779968262,0.007830853573977947,1328.2815749170259,0.0,0.49643248910450927,2.0919737815856934,0.0,1.4640600418095914e-06,3.803663162216253e-07,0.0,0.0,0,0,0,,0.0,0.0,0.0,0.0,0.0,6.816737698554966e-06,0.0005030776650035576,0.0004964258710928988,5.570301048713997e-08,0.49643248910450927,0.00011495097651377714,0.0005577921509419168,0.0005229876607816073,9.55803152054754e-07,2.091973761195225
31800,muon_no_ns,1,113,0.3,128,4,512,226048,4,nested_depth_one_shared_v2,4.718595027923584,0.011227154172956944,4.744208812713623,0.007830853573977947,1331.2109820420155,0.0,0.4962377564483697,2.0918595790863037,0.0,1.3540302759403413e-05,3.353423608132289e-06,0.0,0.0,0,0,0,,0.0,0.0,0.0,0.0,0.0,1.8911799717909142e-05,0.0004774366499506239,0.0004962566033255284,1.5453787788265583e-07,0.4962377564483697,0.00011970643598098015,0.000497289806496572,0.0005229746721904511,9.953442093477862e-07,2.0918597898451736
31900,muon_no_ns,1,113,0.3,128,4,512,226048,4,nested_depth_one_shared_v2,4.718595027923584,0.011227154172956944,4.7442193031311035,0.007830853573977947,1334.1810202080524,0.0,0.4961621995696408,2.092982053756714,0.0,8.76443040702639e-07,2.6734718971965776e-07,0.0,0.0,0,0,0,,0.0,0.0,0.0,0.0,0.0,9.089142837544446e-06,0.00048722236679454547,0.000496171174480098,7.427198187575516e-08,0.4961621995696408,0.00010487408030226154,0.0005370104742535165,0.0005232446761532682,8.72015006412156e-07,2.092982023224814
32000,muon_no_ns,1,113,0.3,128,4,512,226048,4,nested_depth_one_shared_v2,4.718595027923584,0.011227154172956944,4.7442097663879395,0.007830853573977947,1337.1319219170837,0.0,0.49607850599522124,2.0925393104553223,0.0,2.1560674521230642e-05,5.453866833704524e-06,0.0,0.0,0,0,0,,0.0,0.0,0.0,0.0,0.0,0.00039161367487577036,0.0001048660937326534,0.0004964701540624896,3.20007334932906e-06,0.49607850599522124,0.0006373402450891312,0.0004051161392996822,0.0005232581197352858,5.299405308788571e-06,2.0925395370266666
32100,muon_no_ns,1,113,0.3,128,4,512,226048,4,nested_depth_one_shared_v2,4.718595027923584,0.011227154172956944,4.74422025680542,0.007830853573977947,1340.090277625015,0.0,0.49594519486013305,2.093838691711426,0.0,1.5534944445923742e-06,3.957929664011317e-07,0.0,0.0,0,0,0,,0.0,0.0,0.0,0.0,0.0,5.604542329092224e-06,0.0005013377817177601,0.0004959398442163217,4.57975491999968e-08,0.49594519486013305,0.000101628436339859,0.0005544285776607513,0.0005234542209729643,8.450278783007212e-07,2.0938388179330802
32200,muon_no_ns,1,113,0.3,128,4,512,226048,4,nested_depth_one_shared_v2,4.718594551086426,0.011227154172956944,4.744176864624023,0.007830853573977947,1343.0543490001,0.0,0.4954364732775222,2.092454433441162,0.0,6.313761256968352e-05,1.588131272001192e-05,0.0,0.0,0,0,0,,0.0,0.0,0.0,0.0,0.0,0.0013309361147272063,0.0008341719248866026,0.0004967674232508105,1.0875751955672098e-05,0.4954364732775222,0.002197241410479634,0.0018150721087168066,0.0005235450510645356,1.8269790563370834e-05,2.09245442403475
32300,muon_no_ns,1,113,0.3,128,4,512,226048,4,nested_depth_one_shared_v2,4.718595027923584,0.011227154172956944,4.74422025680542,0.007830853573977947,1346.0100356250769,0.0,0.49582335094079005,2.0942554473876953,0.0,1.7456742364487113e-06,4.3971260765829356e-07,0.0,0.0,0,0,0,,0.0,0.0,0.0,0.0,0.0,7.975194663565106e-06,0.0005036283517423602,0.0004958155832053074,6.516934809971076e-08,0.49582335094079005,0.0001061213413825133,0.0005591520589870873,0.0005235573740768518,8.823858280275511e-07,2.0942555286980675
32400,muon_no_ns,1,113,0.3,128,4,512,226048,4,nested_depth_one_shared_v2,4.718595027923584,0.011227154172956944,4.74422025680542,0.007830853573977947,1348.9180986250285,0.0,0.49555530764041256,2.095371723175049,0.0,1.8095162352016484e-06,4.534635706932022e-07,0.0,0.0,0,0,0,,0.0,0.0,0.0,0.0,0.0,1.174352137544575e-05,0.0005071792952391426,0.0004955436966280934,9.596225104437798e-08,0.49555530764041256,0.00010620655431474858,0.0005617847776727189,0.0005238358131234575,8.830943630195661e-07,2.095371813862656
32500,muon_no_ns,1,113,0.3,128,4,512,226048,4,nested_depth_one_shared_v2,4.718595027923584,0.011227154172956944,4.744223594665527,0.007830853573977947,1351.8326075830264,0.0,0.495634354374413,2.0952367782592773,0.0,3.5660001830526572e-06,8.656666068418417e-07,0.0,0.0,0,0,0,,0.0,0.0,0.0,0.0,0.0,7.494330552908527e-05,0.0005704850072928547,0.000495559468891497,6.123996431185125e-07,0.495634354374413,0.00017389925553785749,0.0006475610565974859,0.0005237818518530943,1.4459508011498994e-06,2.095236862376292
32600,muon_no_ns,1,113,0.3,128,4,512,226048,4,nested_depth_one_shared_v2,4.718595027923584,0.011227154172956944,4.744229793548584,0.007830853573977947,1354.7895823750878,0.0,0.49546169958087743,2.0964202880859375,0.0,1.219784245019906e-05,3.006607585120946e-06,0.0,0.0,0,0,0,,0.0,0.0,0.0,0.0,0.0,0.0002628402775247322,0.0007580344096441651,0.0004951988898728844,2.1478008077832574e-06,0.49546169958087743,0.0004452841333177511,0.000912884471396339,0.0005240191422503132,3.7024824937791297e-06,2.096420407087852
32700,muon_no_ns,1,113,0.3,128,4,512,226048,4,nested_depth_one_shared_v2,4.718595027923584,0.011227154172956944,4.7442193031311035,0.007830853573977947,1357.7254396670032,0.0,0.4953550410729509,2.0960516929626465,0.0,2.048668618116924e-06,5.056014060755842e-07,0.0,0.0,0,0,0,,0.0,0.0,0.0,0.0,0.0,7.447715996485221e-06,0.0005026379365176237,0.0004953477632640697,6.085905320156293e-08,0.4953550410729509,0.00011241469978602782,0.0005596043648723606,0.0005240067758581503,9.347143247617089e-07,2.0960516733104413
32800,muon_no_ns,1,113,0.3,128,4,512,226048,4,nested_depth_one_shared_v2,4.718595027923584,0.011227154172956944,4.744208335876465,0.007830853573977947,1360.690306417062,0.0,0.4950607087014174,2.096360921859741,0.0,4.590995961923291e-05,1.1405640179873444e-05,0.0,0.0,0,0,0,,0.0,0.0,0.0,0.0,0.0,0.0003336556054298605,0.0008283764925433588,0.0004947270829257959,2.726468658503964e-06,0.4950607087014174,0.0004980514755753111,0.0009480943156034,0.0005240004840729309,4.141236418146907e-06,2.0963610410083975
32900,muon_no_ns,1,113,0.3,128,4,512,226048,4,nested_depth_one_shared_v2,4.718594074249268,0.011227154172956944,4.7442193031311035,0.007830853573977947,1363.6341343329987,0.0,0.49517898625338824,2.096766710281372,0.0,1.3137251991017888e-06,3.4689168160184636e-07,0.0,0.0,0,0,0,,0.0,0.0,0.0,0.0,0.0,3.327460595719398e-06,0.000498248798580463,0.0004951759458764607,2.7190362994045323e-08,0.49517898625338824,0.00012391283129537648,0.0005565022125215552,0.0005241870630712442,1.0303198661209715e-06,2.096766789425634
33000,muon_no_ns,1,113,0.3,128,4,512,226048,4,nested_depth_one_shared_v2,4.718594551086426,0.011227154172956944,4.744182586669922,0.007830853573977947,1366.5666237080004,0.0,0.4945111675915527,2.0965373516082764,0.0,1.1634369490701618e-05,2.8566380478878273e-06,0.0,0.0,0,0,0,,0.0,0.0,0.0,0.0,0.0,0.0004182598884757325,7.667988711038278e-05,0.0004949294496751721,3.417813033799522e-06,0.4945111675915527,0.0007458763206914193,0.0004508391313043855,0.0005242840817622713,6.201869353188288e-06,2.096537314681765
33100,muon_no_ns,1,113,0.3,128,4,512,226048,4,nested_depth_one_shared_v2,4.718594074249268,0.011227154172956944,4.7442193031311035,0.007830853573977947,1369.483779125032,0.0,0.49501277266505683,2.0973806381225586,0.0,1.832530324938952e-06,4.5506641299652983e-07,0.0,0.0,0,0,0,,0.0,0.0,0.0,0.0,0.0,8.094435841708396e-06,0.000502953881887358,0.0004950048583353375,6.614372805832684e-08,0.49501277266505683,0.00011357967303995883,0.0005588435373195719,0.0005243393735707304,9.444009332789779e-07,2.0973807212551034
33200,muon_no_ns,1,113,0.3,128,4,512,226048,4,nested_depth_one_shared_v2,4.718595027923584,0.011227154172956944,4.744171619415283,0.007830853573977947,1372.4169723330997,0.0,0.4940640084800396,2.0974411964416504,0.0,5.042636589717303e-05,1.2588830031745601e-05,0.0,0.0,0,0,0,,0.0,0.0,0.0,0.0,0.0,0.0012767224752284123,0.0007813833663783947,0.0004953407775304498,1.0432744895243838e-05,0.4940640084800396,0.0020246620285709186,0.0016398764027582141,0.0005247616756996904,1.6834814348199302e-05,2.0974410815142304
33300,muon_no_ns,1,113,0.3,128,4,512,226048,4,nested_depth_one_shared_v2,4.718595027923584,0.011227154172956944,4.744218826293945,0.007830853573977947,1375.3357977920678,0.0,0.4948748234254465,2.097808599472046,0.0,2.5549160636904884e-07,2.3872840415606333e-07,0.0,0.0,0,0,0,,0.0,0.0,0.0,0.0,0.0,3.195850533549845e-05,0.00046297875504256825,0.0004949067803295621,2.6114910629962453e-07,0.4948748234254465,0.00012021634044836832,0.0005118171681120277,0.0005244587731445593,9.995840019268254e-07,2.097808775515626
33400,muon_no_ns,1,113,0.3,128,4,512,226048,4,nested_depth_one_shared_v2,4.718595027923584,0.011227154172956944,4.7442193031311035,0.007830853573977947,1378.2708805000875,0.0,0.49464285436397115,2.0988001823425293,0.0,1.1085991922939968e-06,3.0177440635270614e-07,0.0,0.0,0,0,0,,0.0,0.0,0.0,0.0,0.0,4.375683707747577e-06,0.0004905044652606973,0.0004946470208907406,3.575592405627391e-08,0.49464285436397115,0.00012706193500181944,0.000545667342027303,0.0005246985741358311,1.0565042739446384e-06,2.098800261976554
33500,muon_no_ns,1,113,0.3,128,4,512,226048,4,nested_depth_one_shared_v2,4.718595027923584,0.011227154172956944,4.74421501159668,0.007830853573977947,1381.2171666671056,0.0,0.4947177923835535,2.0981099605560303,0.0,2.6122803897114597e-06,7.323970407924207e-07,0.0,0.0,0,0,0,,0.0,0.0,0.0,0.0,0.0,0.00010880352819378891,0.00038603327244483685,0.000494826632493799,8.890886432818467e-07,0.4947177923835535,0.00019897991854276434,0.0004263323540085184,0.0005245592092463488,1.6544934119457277e-06,2.098109929698539
33600,muon_no_ns,1,113,0.3,128,4,512,226048,4,nested_depth_one_shared_v2,4.718595027923584,0.011227154172956944,4.7442193031311035,0.007830853573977947,1384.1686813751003,0.0,0.4945351454353884,2.0992283821105957,0.0,1.3301174014190332e-06,3.469991440852027e-07,0.0,0.0,0,0,0,,0.0,0.0,0.0,0.0,0.0,1.3782630163972342e-06,0.0004949804985604342,0.0004945347484722237,1.1262483999155047e-08,0.4945351454353884,0.00010644837215080107,0.0005491102348296502,0.0005248036489324024,8.851050484172175e-07,2.099228594650053
33700,muon_no_ns,1,113,0.3,128,4,512,226048,4,nested_depth_one_shared_v2,4.718594551086426,0.011227154172956944,4.7442169189453125,0.007830853573977947,1387.1274352080654,0.0,0.49459245251821443,2.098738193511963,0.0,1.042425086476072e-05,2.6494219582673395e-06,0.0,0.0,0,0,0,,0.0,0.0,0.0,0.0,0.0,0.00016747381588169848,0.00032729202986323203,0.0004947599428165701,1.368513229481772e-06,0.49459245251821443,0.0002849296414554931,0.0003760104770171611,0.000524735867264722,2.3691547273141348e-06,2.0987384639965954
33800,muon_no_ns,1,113,0.3,128,4,512,226048,4,nested_depth_one_shared_v2,4.718595027923584,0.011227154172956944,4.744219779968262,0.007830853573977947,1390.0504468330182,0.0,0.4943968218051581,2.0997941493988037,0.0,1.2913893004660705e-06,3.419978327201534e-07,0.0,0.0,0,0,0,,0.0,0.0,0.0,0.0,0.0,1.3654548378441758e-06,0.0004948811235224044,0.0004943963518319319,1.115782189598898e-08,0.4943968218051581,0.00011674098454980503,0.0005495629444474087,0.0005249454936166898,9.706868474780263e-07,2.0997942324145584
33900,muon_no_ns,1,113,0.3,128,4,512,226048,4,nested_depth_one_shared_v2,4.718595027923584,0.011227154172956944,4.744236946105957,0.007830853573977947,1392.9918527080445,0.0,0.4947619320484509,2.0995917320251465,0.0,2.341665809983498e-05,5.7821234804578125e-06,0.0,0.0,0,0,0,,0.0,0.0,0.0,0.0,0.0,0.0004890723352164305,0.0009833427684878113,0.0004942728959528072,3.996457341068863e-06,0.4947619320484509,0.0008080030620217807,0.0012617254472641437,0.0005247398482918428,6.718445523233549e-06,2.0995917740904706
34000,muon_no_ns,1,113,0.3,128,4,512,226048,4,nested_depth_one_shared_v2,4.718595027923584,0.011227154172956944,4.7442193031311035,0.007830853573977947,1395.9331740000052,0.0,0.49427301344744123,2.1002516746520996,0.0,1.0415451372814477e-06,2.988756477861898e-07,0.0,0.0,0,0,0,,0.0,0.0,0.0,0.0,0.0,5.976493976977824e-06,0.0004884479573863415,0.0004942788761308094,4.883695418506357e-08,0.49427301344744123,0.00011726580306417132,0.0005406370888852732,0.0005250622924422038,9.750506485130518e-07,2.100251764010449
34100,muon_no_ns,1,113,0.3,128,4,512,226048,4,nested_depth_one_shared_v2,4.718595027923584,0.011227154172956944,4.744206428527832,0.007830853573977947,1398.8644940420054,0.0,0.4941512849283655,2.099726915359497,0.0,2.584786808092981e-05,6.471628694271203e-06,0.0,0.0,0,0,0,,0.0,0.0,0.0,0.0,0.0,0.00048129423096597915,1.3408275397307218e-05,0.0004946326129450073,3.93289851838968e-06,0.4941512849283655,0.000786407989017488,0.0005001306653153471,0.0005250850807478753,6.5388851621792715e-06,2.0997270134195514
34200,muon_no_ns,1,113,0.3,128,4,512,226048,4,nested_depth_one_shared_v2,4.718595027923584,0.011227154172956944,4.744220733642578,0.007830853573977947,1401.8133037920343,0.0,0.494135928225907,2.100872039794922,0.0,2.1952858517782988e-06,5.412990162767528e-07,0.0,0.0,0,0,0,,0.0,0.0,0.0,0.0,0.0,1.9783131243687617e-05,0.0005138613461614879,0.0004941162211360228,1.616579683518113e-07,0.494135928225907,0.00011969910515417888,0.0005729570259653474,0.0005252089376505941,9.952832544296435e-07,2.100871940519323
34300,muon_no_ns,1,113,0.3,128,4,512,226048,4,nested_depth_one_shared_v2,4.718595027923584,0.011227154172956944,4.744228363037109,0.007830853573977947,1404.7523076670477,0.0,0.4944038971389908,2.1003236770629883,0.0,6.688182210131313e-06,1.6281412626995007e-06,0.0,0.0,0,0,0,,0.0,0.0,0.0,0.0,0.0,0.00017813352933418006,0.0006723545860084336,0.0004942257851454868,1.4556191379809884e-06,0.4944038971389908,0.0003174982383468517,0.0007919703939671097,0.0005250212060381437,2.639958582234239e-06,2.100323620338101
34400,muon_no_ns,1,113,0.3,128,4,512,226048,4,nested_depth_one_shared_v2,4.718595027923584,0.011227154172956944,4.7442193031311035,0.007830853573977947,1407.6887453329982,0.0,0.4940470128102175,2.1011762619018555,0.0,1.3196351912009767e-06,3.4520462577347644e-07,0.0,0.0,0,0,0,,0.0,0.0,0.0,0.0,0.0,1.4366706525764813e-06,0.0004946548351942492,0.0004940464440947479,1.173976232707301e-08,0.4940470128102175,0.00010688837979114805,0.0005482924976152035,0.0005252909155578837,8.887636575245652e-07,2.1011762866831822
34500,muon_no_ns,1,113,0.3,128,4,512,226048,4,nested_depth_one_shared_v2,4.718595027923584,0.011227154172956944,4.744205474853516,0.007830853573977947,1410.6199193750508,0.0,0.4939390080277018,2.100498914718628,0.0,4.320957471081317e-05,1.0784666301333345e-05,0.0,0.0,0,0,0,,0.0,0.0,0.0,0.0,0.0,0.0006856521442755616,0.00019103209611428656,0.0004946246833681095,5.60281035768882e-06,0.4939390080277018,0.0011289718142784573,0.0007810579551434273,0.0005253485088843568,9.387260999379105e-06,2.1004988804382667
34600,muon_no_ns,1,113,0.3,128,4,512,226048,4,nested_depth_one_shared_v2,4.718595027923584,0.011227154172956944,4.7442193031311035,0.007830853573977947,1413.5474787499988,0.0,0.49395983860532505,2.101503610610962,0.0,1.270749459196118e-06,3.3881639183164225e-07,0.0,0.0,0,0,0,,0.0,0.0,0.0,0.0,0.0,2.933026236430203e-06,0.0004913629920137238,0.0004939624886200289,2.3967240406149373e-08,0.49395983860532505,0.00011249273763996703,0.0005454906893080621,0.0005253738273905962,9.353631998651384e-07,2.101503506084152
34700,muon_no_ns,1,113,0.3,128,4,512,226048,4,nested_depth_one_shared_v2,4.718595027923584,0.011227154172956944,4.744132995605469,0.007830853573977947,1416.4983151250053,0.0,0.4926262973399528,2.1000845432281494,0.0,9.593143383023203e-05,2.3888936993898824e-05,0.0,0.0,0,0,0,,0.0,0.0,0.0,0.0,0.0,0.0023200044327354313,0.0018250592307505475,0.0004949463182104288,1.8957929285480325e-05,0.4926262973399528,0.0038244167721804964,0.0034240013236756235,0.0005257765954193085,3.17995524394965e-05,2.1000846573250636
34800,muon_no_ns,1,113,0.3,128,4,512,226048,4,nested_depth_one_shared_v2,4.718595027923584,0.011227154172956944,4.74422025680542,0.007830853573977947,1419.4329880001023,0.0,0.49385640862833113,2.101935625076294,0.0,1.916576193560697e-06,4.7178366457956145e-07,0.0,0.0,0,0,0,,0.0,0.0,0.0,0.0,0.0,1.1615408853206316e-05,0.0005053898884348899,0.0004938448953236736,9.491537884752787e-08,0.49385640862833113,0.0001152056292340289,0.0005642157917691935,0.0005254770634118485,9.579205579270457e-07,2.101935711589852
34900,muon_no_ns,1,113,0.3,128,4,512,226048,4,nested_depth_one_shared_v2,4.718595027923584,0.011227154172956944,4.744365692138672,0.007830853573977947,1422.3279796669958,0.0,0.49584578527180834,2.1052839756011963,0.0,0.0002084515317844015,5.146687908563763e-05,0.0,0.0,0,0,0,,0.0,0.0,0.0,0.0,0.0,0.004417750695347354,0.004909178026430791,0.0004914280895396667,3.609967468231451e-05,0.49584578527180834,0.00704991094123015,0.007469862028844318,0.0005249335009800693,5.8619137511419666e-05,2.1052839378536032
35000,muon_no_ns,1,113,0.3,128,4,512,226048,4,nested_depth_one_shared_v2,4.718595027923584,0.011227154172956944,4.744218826293945,0.007830853573977947,1425.3051309580915,0.0,0.49377408210356577,2.1021690368652344,0.0,1.2363268918839687e-07,1.9534810746790754e-07,0.0,0.0,0,0,0,,0.0,0.0,0.0,0.0,0.0,2.580049784862224e-05,0.0004680367960925606,0.0004937998733017722,2.1082891344636772e-07,0.49377408210356577,0.00010952179527847621,0.0005175587967084205,0.0005255471831001408,9.106601815889467e-07,2.102169360494686
35100,muon_no_ns,1,113,0.3,128,4,512,226048,4,nested_depth_one_shared_v2,4.718594551086426,0.011227154172956944,4.744216442108154,0.007830853573977947,1428.25362558302,0.0,0.4935322510752564,2.102998733520508,0.0,2.491488770052584e-06,6.900411904098291e-07,0.0,0.0,0,0,0,,0.0,0.0,0.0,0.0,0.0,8.741795647067337e-05,0.00040621436078962383,0.0004936196865723772,7.143363235294361e-07,0.4935322510752564,0.00017039007588329355,0.00044572268873891156,0.0005257750818315672,1.4167724063534302e-06,2.1029987178259844
35200,muon_no_ns,1,113,0.3,128,4,512,226048,4,nested_depth_one_shared_v2,4.718595027923584,0.011227154172956944,4.744217872619629,0.007830853573977947,1431.1757414580788,0.0,0.49364952894062963,2.102595329284668,0.0,1.8825455408983572e-06,5.513625183084514e-07,0.0,0.0,0,0,0,,0.0,0.0,0.0,0.0,0.0,6.32927939952572e-05,0.00043043562627664183,0.0004937128248411965,5.171974225186293e-07,0.49364952894062963,0.00013640496585967142,0.00047137276557649327,0.0005256661731628696,1.1341904199393133e-06,2.1025953059418847
35300,muon_no_ns,1,113,0.3,128,4,512,226048,4,nested_depth_one_shared_v2,4.718595027923584,0.011227154172956944,4.744274616241455,0.007830853573977947,1434.135323583032,0.0,0.4942960532386428,2.1044559478759766,0.0,6.218504594474013e-05,1.5328556401073e-05,0.0,0.0,0,0,0,,0.0,0.0,0.0,0.0,0.0,0.0014711897728533385,0.0019640139957552293,0.0004928249000579964,1.2021835512784149e-05,0.4942960532386428,0.002351376907457476,0.0027871147805136783,0.0005256471408885023,1.9551408156565356e-05,2.1044559342875084
35400,muon_no_ns,1,113,0.3,128,4,512,226048,4,nested_depth_one_shared_v2,4.718595027923584,0.011227154172956944,4.74422025680542,0.007830853573977947,1437.0840200420935,0.0,0.4935767231872741,2.103067636489868,0.0,1.422288067882104e-06,3.676958328924229e-07,0.0,0.0,0,0,0,,0.0,0.0,0.0,0.0,0.0,6.755480397426671e-06,0.0005002083297302232,0.0004935701236896612,5.520244610604509e-08,0.4935767231872741,0.00011327934089281388,0.0005560353713778064,0.0005257621891307827,9.419037086219076e-07,2.1030676461231392
35500,muon_no_ns,1,113,0.3,128,4,512,226048,4,nested_depth_one_shared_v2,4.718595027923584,0.011227154172956944,4.744053363800049,0.007830853573977947,1440.0064768750453,0.0,0.49098484759199806,2.1005330085754395,0.0,0.00020913424693418353,5.192443495616317e-05,0.0,0.0,0,0,0,,0.0,0.0,0.0,0.0,0.0,0.004718725297430521,0.0042230223548052215,0.0004957035897897801,3.8559090337952154e-05,0.49098484759199806,0.007641843652546707,0.007230228604887683,0.0005266507752059057,6.354098479309868e-05,2.1005330453737288
35600,muon_no_ns,1,113,0.3,128,4,512,226048,4,nested_depth_one_shared_v2,4.718595027923584,0.011227154172956944,4.744218826293945,0.007830853573977947,1442.9569260420976,0.0,0.49356761322184267,2.1030237674713135,0.0,2.0332456265467722e-08,1.944326157854448e-07,0.0,0.0,0,0,0,,0.0,0.0,0.0,0.0,0.0,2.4597311283284873e-05,0.0004690302639313956,0.0004935922210296829,2.0099706765286146e-07,0.49356761322184267,0.00010993104414342515,0.0005197894669433519,0.0005257603781810313,9.140630352832442e-07,2.1030238859858095
35700,muon_no_ns,1,113,0.3,128,4,512,226048,4,nested_depth_one_shared_v2,4.718595027923584,0.011227154172956944,4.7442193031311035,0.007830853573977947,1445.8885360000422,0.0,0.49334433254043963,2.103975534439087,0.0,8.213223145207853e-07,2.5885208287945716e-07,0.0,0.0,0,0,0,,0.0,0.0,0.0,0.0,0.0,1.0040906354750414e-05,0.00048339596952415455,0.0004933543239087003,8.204932281575346e-08,0.49334433254043963,0.00010977393269971002,0.0005345622354497307,0.0005259946686857411,9.127566730610078e-07,2.103975633567149
35800,muon_no_ns,1,113,0.3,128,4,512,226048,4,nested_depth_one_shared_v2,4.718595027923584,0.011227154172956944,4.744223117828369,0.007830853573977947,1448.823751125019,0.0,0.49351639955745785,2.103518486022949,0.0,9.834445474128954e-06,2.3917227736092173e-06,0.0,0.0,0,0,0,,0.0,0.0,0.0,0.0,0.0,0.00013797411223636876,0.0006313482888316345,0.0004933784615403407,1.1274562350382778e-06,0.49351639955745785,0.00025087718896476006,0.0007313954591950832,0.0005258331896621461,2.086012796615212e-06,2.103518571913558
35900,muon_no_ns,1,113,0.3,128,4,512,226048,4,nested_depth_one_shared_v2,4.718594551086426,0.011227154172956944,4.7442193031311035,0.007830853573977947,1451.7495294170221,0.0,0.49326100671294243,2.104355573654175,0.0,1.0976276117335055e-06,3.040298679479747e-07,0.0,0.0,0,0,0,,0.0,0.0,0.0,0.0,0.0,3.579407434878399e-06,0.0004899527324600748,0.0004932643590620142,2.9249148008884698e-08,0.49326100671294243,0.00012152346720958652,0.0005458092322870949,0.0005260874102412043,1.0104525992749977e-06,2.1043555549468684
36000,muon_no_ns,1,113,0.3,128,4,512,226048,4,nested_depth_one_shared_v2,4.718595027923584,0.011227154172956944,4.744211196899414,0.007830853573977947,1454.7089032920776,0.0,0.4933496937892996,2.103273630142212,0.0,6.613422614257993e-06,1.6996361864585197e-06,0.0,0.0,0,0,0,,0.0,0.0,0.0,0.0,0.0,0.0002138240223858598,0.0002797455279926626,0.0004935635446813537,1.747264202917307e-06,0.4933496937892996,0.0003496091220547784,0.00035255145226372803,0.0005258836706948434,2.9069566086461464e-06,2.103273737325585
36100,muon_no_ns,1,113,0.3,128,4,512,226048,4,nested_depth_one_shared_v2,4.718595027923584,0.011227154172956944,4.7442193031311035,0.007830853573977947,1457.6632473330246,0.0,0.49325355246608843,2.10439395904541,0.0,9.685485073756127e-07,2.8011012886963726e-07,0.0,0.0,0,0,0,,0.0,0.0,0.0,0.0,0.0,6.287769443695509e-06,0.00048712020567107046,0.0004932597350651034,5.138054341406386e-08,0.49325355246608843,0.0001064134728746932,0.0005402964280938404,0.0005260975937967712,8.848148652528812e-07,2.1043938492105547
36200,muon_no_ns,1,113,0.3,128,4,512,226048,4,nested_depth_one_shared_v2,4.718595027923584,0.011227154172956944,4.744266033172607,0.007830853573977947,1460.5867566250963,0.0,0.493986648573644,2.1050658226013184,0.0,7.622112210368494e-05,1.880059062386863e-05,0.0,0.0,0,0,0,,0.0,0.0,0.0,0.0,0.0,0.0014990907109715403,0.001991577565743037,0.0004924876110815424,1.2249828185720457e-05,0.493986648573644,0.0024089611245922153,0.002839378179412604,0.0005257950824608097,2.003021379976398e-05,2.1050659247289225
36300,muon_no_ns,1,113,0.3,128,4,512,226048,4,nested_depth_one_shared_v2,4.718595027923584,0.011227154172956944,4.74422025680542,0.007830853573977947,1463.522475625039,0.0,0.4931869274919711,2.104717969894409,0.0,1.5116737493565348e-06,3.8302653138089227e-07,0.0,0.0,0,0,0,,0.0,0.0,0.0,0.0,0.0,5.4564487997357824e-06,0.0004984711604265719,0.000493181667963028,4.4587402090981864e-08,0.4931869274919711,0.00011558628167329336,0.000554755565236587,0.0005261753820941379,9.610856358787123e-07,2.10471807626152
36400,muon_no_ns,1,113,0.3,128,4,512,226048,4,nested_depth_one_shared_v2,4.718595027923584,0.011227154172956944,4.7441911697387695,0.007830853573977947,1466.4428277920233,0.0,0.49286842171625145,2.103689432144165,0.0,3.3873067667959126e-05,8.440614692517556e-06,0.0,0.0,0,0,0,,0.0,0.0,0.0,0.0,0.0,0.000804786231131508,0.00031111499514667413,0.0004936732169568223,6.576315219247359e-06,0.49286842171625145,0.0013222101991343662,0.0009668355793329538,0.0005261813777980037,1.0994014268857516e-05,2.103689485836687
36500,muon_no_ns,1,113,0.3,128,4,512,226048,4,nested_depth_one_shared_v2,4.718595027923584,0.011227154172956944,4.7442193031311035,0.007830853573977947,1469.3712937081,0.0,0.49312236345212423,2.1049866676330566,0.0,1.6009911556889018e-06,4.019658490506117e-07,0.0,0.0,0,0,0,,0.0,0.0,0.0,0.0,0.0,5.796502923488221e-06,0.0004987866681370527,0.0004931167154758985,4.7366156277987285e-08,0.49312236345212423,0.00010888058951543885,0.0005550984888035164,0.0005262421142078183,9.053286349765234e-07,2.1049867548944934
36600,muon_no_ns,1,113,0.3,128,4,512,226048,4,nested_depth_one_shared_v2,4.718595027923584,0.011227154172956944,4.74424409866333,0.007830853573977947,1472.2986880830722,0.0,0.49365050242879577,2.1046767234802246,0.0,5.097292182328511e-05,1.2562881238409318e-05,0.0,0.0,0,0,0,,0.0,0.0,0.0,0.0,0.0,0.0008988111179528312,0.001391561975825823,0.0004927517101123444,7.344640111339155e-06,0.49365050242879577,0.0014579805106372593,0.0018973161778418365,0.0005258845354240647,1.2122927616317142e-05,2.1046768426094316
36700,muon_no_ns,1,113,0.3,128,4,512,226048,4,nested_depth_one_shared_v2,4.718595027923584,0.011227154172956944,4.7442193031311035,0.007830853573977947,1475.243970667012,0.0,0.493101066871596,2.1050119400024414,0.0,1.0226262332401488e-06,2.8887828307233576e-07,0.0,0.0,0,0,0,,0.0,0.0,0.0,0.0,0.0,6.573042490677147e-06,0.0004866556197283327,0.0004931075511266679,5.371165372377771e-08,0.493101066871596,0.00010824191182976081,0.0005409541816513109,0.0005262520787385969,9.000181090146587e-07,2.1050118992847455
36800,muon_no_ns,1,113,0.3,128,4,512,226048,4,nested_depth_one_shared_v2,4.718594551086426,0.011227154172956944,4.744301795959473,0.007830853573977947,1478.1945159580791,0.0,0.49413291261708114,2.1072521209716797,0.0,9.449311602957244e-05,2.3255175619851798e-05,0.0,0.0,0,0,0,,0.0,0.0,0.0,0.0,0.0,0.002216258217833962,0.002708174464624201,0.0004919166819448929,1.811016650624317e-05,0.49413291261708114,0.0035285728041493892,0.003959550102749915,0.000526111801823446,2.9339646436639466e-05,2.107252168937361
36900,muon_no_ns,1,113,0.3,128,4,512,226048,4,nested_depth_one_shared_v2,4.718595027923584,0.011227154172956944,4.744218826293945,0.007830853573977947,1481.1341614580015,0.0,0.4929939203138931,2.1053638458251953,0.0,3.3027486899152394e-07,2.373043059833435e-07,0.0,0.0,0,0,0,,0.0,0.0,0.0,0.0,0.0,3.445606928583183e-05,0.0004585987644002859,0.0004930283646317718,2.8155796418295114e-07,0.4929939203138931,0.00012693082354077104,0.0005092379467401304,0.000526349013786052,1.0554140983624801e-06,2.1053637759733848
37000,muon_no_ns,1,113,0.3,128,4,512,226048,4,nested_depth_one_shared_v2,4.718595027923584,0.011227154172956944,4.744237899780273,0.007830853573977947,1484.0824809171027,0.0,0.4933375667122432,2.105421304702759,0.0,4.0097715247711304e-05,9.867048902378883e-06,0.0,0.0,0,0,0,,0.0,0.0,0.0,0.0,0.0,0.0006878266197299916,0.0011804755138397017,0.0004926497653370578,5.620579096108639e-06,0.4933375667122432,0.0011132074689977273,0.001559803441335584,0.0005261374617358773,9.256182418175445e-06,2.105421302841138
37100,muon_no_ns,1,113,0.3,128,4,512,226048,4,nested_depth_one_shared_v2,4.718595027923584,0.011227154172956944,4.7442193031311035,0.007830853573977947,1487.0128755420446,0.0,0.49289180681102374,2.1058332920074463,0.0,1.080654308681327e-06,2.9759743824797624e-07,0.0,0.0,0,0,0,,0.0,0.0,0.0,0.0,0.0,4.694352477746207e-06,0.0004883549644383168,0.000492896363674959,3.835992770466434e-08,0.49289180681102374,0.00012810111500114878,0.0005463295541229483,0.0005264572143345997,1.0651449271085737e-06,2.1058333440412556
37200,muon_no_ns,1,113,0.3,128,4,512,226048,4,nested_depth_one_shared_v2,4.718595027923584,0.011227154172956944,4.7442307472229,0.007830853573977947,1489.9320023750188,0.0,0.49320309928266753,2.1053922176361084,0.0,1.4874126781495103e-05,3.6302533317211783e-06,0.0,0.0,0,0,0,,0.0,0.0,0.0,0.0,0.0,0.0003081359236475359,0.0008010294622933648,0.0004928949941851707,2.5179344351245546e-06,0.49320309928266753,0.0005193148255360212,0.0009858263152700696,0.0005262470829947182,4.318038543122802e-06,2.105392199878117
37300,muon_no_ns,1,113,0.3,128,4,512,226048,4,nested_depth_one_shared_v2,4.718595027923584,0.011227154172956944,4.7442193031311035,0.007830853573977947,1492.8487590420991,0.0,0.4928321627998169,2.1060690879821777,0.0,1.2868719267533392e-06,3.3662286114122253e-07,0.0,0.0,0,0,0,,0.0,0.0,0.0,0.0,0.0,1.6573920785369652e-06,0.0004940362039305496,0.0004928309843119282,1.3543388702137965e-08,0.4928321627998169,0.00011581020276170135,0.0005501037667381826,0.0005265144911513433,9.629475120332506e-07,2.106069277472532
37400,muon_no_ns,1,113,0.3,128,4,512,226048,4,nested_depth_one_shared_v2,4.718595027923584,0.011227154172956944,4.744214057922363,0.007830853573977947,1495.8030475419946,0.0,0.49289916071784534,2.105332612991333,0.0,1.8100216106889093e-06,4.5226258293951105e-07,0.0,0.0,0,0,0,,0.0,0.0,0.0,0.0,0.0,6.921532432303449e-05,0.00042376523212652774,0.0004929683934746824,5.655934124403944e-07,0.49289916071784534,0.00014715412061454055,0.0004649881160619084,0.0005263527936212268,1.223568312221915e-06,2.1053327470496344
37500,muon_no_ns,1,113,0.3,128,4,512,226048,4,nested_depth_one_shared_v2,4.718595027923584,0.011227154172956944,4.7442193031311035,0.007830853573977947,1498.7564290000591,0.0,0.4927808122238023,2.1062207221984863,0.0,8.640914391566841e-07,2.587792096164776e-07,0.0,0.0,0,0,0,,0.0,0.0,0.0,0.0,0.0,8.017223726958115e-06,0.0004848615804522256,0.0004927887534272705,6.551278882788222e-08,0.4927808122238023,0.00010897510048334428,0.0005377147459404735,0.0005265551911530062,9.061144819851125e-07,2.1062207409555502
37600,muon_no_ns,1,113,0.3,128,4,512,226048,4,nested_depth_one_shared_v2,4.718595027923584,0.011227154172956944,4.744216442108154,0.007830853573977947,1501.6761676670285,0.0,0.492848671255152,2.1056761741638184,0.0,1.8853289470171285e-06,4.697285760357772e-07,0.0,0.0,0,0,0,,0.0,0.0,0.0,0.0,0.0,4.22087056435617e-05,0.000450699945050094,0.0004928909001087973,3.449086758333574e-07,0.492848671255152,0.00012673125639529154,0.0004965713002137349,0.0005264301662823829,1.0537547222311863e-06,2.1056761913695063
37700,muon_no_ns,1,113,0.3,128,4,512,226048,4,nested_depth_one_shared_v2,4.718594074249268,0.011227154172956944,4.744222164154053,0.007830853573977947,1504.6071771670831,0.0,0.4927524019363752,2.106558084487915,0.0,3.894610355733452e-06,9.389066235598875e-07,0.0,0.0,0,0,0,,0.0,0.0,0.0,0.0,0.0,6.135894517847515e-05,0.0005540378025589496,0.0004926910995707877,5.013949660232607e-07,0.4927524019363752,0.00015967084218608852,0.0006283206489423179,0.0005266176924574598,1.3276433039645336e-06,2.1065580420113736
37800,muon_no_ns,1,113,0.3,128,4,512,226048,4,nested_depth_one_shared_v2,4.718595027923584,0.011227154172956944,4.7442169189453125,0.007830853573977947,1507.5580700830324,0.0,0.4927729349213168,2.106074571609497,0.0,1.933236514009024e-06,5.620958063445869e-07,0.0,0.0,0,0,0,,0.0,0.0,0.0,0.0,0.0,7.488338787907972e-05,0.00041797596396512794,0.0004928478381681572,6.119100257041104e-07,0.4927729349213168,0.00015871973786701788,0.00046059012468407083,0.0005265401044503708,1.3197349891883503e-06,2.1060745981232736
37900,muon_no_ns,1,113,0.3,128,4,512,226048,4,nested_depth_one_shared_v2,4.718595027923584,0.011227154172956944,4.744235038757324,0.007830853573977947,1510.479628458037,0.0,0.49296500088192546,2.106698751449585,0.0,8.50005185015775e-05,2.0924224372720346e-05,0.0,0.0,0,0,0,,0.0,0.0,0.0,0.0,0.0,0.0011449392402476462,0.0016367586354659608,0.0004918200829472018,9.355877448559047e-06,0.49296500088192546,0.001797021612637784,0.002227978032391416,0.0005263285212071372,1.4942012445312745e-05,2.1066988322462223
38000,muon_no_ns,1,113,0.3,128,4,512,226048,4,nested_depth_one_shared_v2,4.718595027923584,0.011227154172956944,4.74422025680542,0.007830853573977947,1513.3756109999958,0.0,0.4927897023870652,2.106257438659668,0.0,1.969012077434477e-06,4.849894139624666e-07,0.0,0.0,0,0,0,,0.0,0.0,0.0,0.0,0.0,1.2636023247461767e-05,0.0005053461058825399,0.0004927771605677481,1.0325533511701861e-07,0.4927897023870652,0.00011443477883611346,0.0005647906169500975,0.00052655756612227,9.515110322106467e-07,2.106257416573436
38100,muon_no_ns,1,113,0.3,128,4,512,226048,4,nested_depth_one_shared_v2,4.718595504760742,0.011227154172956944,4.744128227233887,0.007830853573977947,1516.33724708308,0.0,0.4913288528551026,2.1049702167510986,0.0,0.0001578909231358094,3.909007500624284e-05,0.0,0.0,0,0,0,,0.0,0.0,0.0,0.0,0.0,0.003059363350216322,0.002564975553578153,0.0004943882459997041,2.4999604842826315e-05,0.4913288528551026,0.005019361607849771,0.004612391778263821,0.0005272372846846795,4.173537095189822e-05,2.1049702183299774
38200,muon_no_ns,1,113,0.3,128,4,512,226048,4,nested_depth_one_shared_v2,4.718594074249268,0.011227154172956944,4.7442193031311035,0.007830853573977947,1519.2687885829946,0.0,0.4927227803129142,2.1065287590026855,0.0,1.3041952668681956e-06,3.4583729302539723e-07,0.0,0.0,0,0,0,,0.0,0.0,0.0,0.0,0.0,2.647156266239306e-06,0.000495016111945545,0.0004927205044739219,2.1631252335069933e-08,0.4927227803129142,0.00011919825473018828,0.0005535284621089689,0.0005266287022814721,9.911187451016101e-07,2.1065288415723096
38300,muon_no_ns,1,113,0.3,128,4,512,226048,4,nested_depth_one_shared_v2,4.718595027923584,0.011227154172956944,4.744162559509277,0.007830853573977947,1522.2341193750035,0.0,0.4919295391858178,2.1052229404449463,0.0,5.137428926645416e-05,1.274511669180356e-05,0.0,0.0,0,0,0,,0.0,0.0,0.0,0.0,0.0,0.0014033430982384814,0.0009100108919027905,0.0004933329072527488,1.1467426029140662e-05,0.4919295391858178,0.002320631094599262,0.0019305594908673208,0.0005267650107426554,1.9295760525430668e-05,2.105223009705447
38400,muon_no_ns,1,113,0.3,128,4,512,226048,4,nested_depth_one_shared_v2,4.718595027923584,0.011227154172956944,4.74422025680542,0.007830853573977947,1525.2272530000191,0.0,0.4926962871839778,2.1066441535949707,0.0,1.6862740363033503e-06,4.2049410353683925e-07,0.0,0.0,0,0,0,,0.0,0.0,0.0,0.0,0.0,8.681888546247593e-06,0.0005012838082792311,0.0004926877248889691,7.094410114127271e-08,0.4926962871839778,0.00011654209125038337,0.0005600028907073124,0.0005266556861708585,9.690330742933591e-07,2.106644169630976
38500,muon_no_ns,1,113,0.3,128,4,512,226048,4,nested_depth_one_shared_v2,4.718594551086426,0.011227154172956944,4.744176387786865,0.007830853573977947,1528.6282152080676,0.0,0.492077451846284,2.1057217121124268,0.0,3.893866919803111e-05,9.676303307060152e-06,0.0,0.0,0,0,0,,0.0,0.0,0.0,0.0,0.0,0.001067105043344782,0.0005739615952831212,0.0004931446109372653,8.719854870301791e-06,0.492077451846284,0.0017621283470929652,0.0013840863649681222,0.0005267784454151538,1.4651879258064664e-05,2.105721594751032
38600,muon_no_ns,1,113,0.3,128,4,512,226048,4,nested_depth_one_shared_v2,4.718595027923584,0.011227154172956944,4.744218826293945,0.007830853573977947,1531.6349585420685,0.0,0.4925985587689453,2.106999397277832,0.0,5.98957393195127e-07,2.252056390261714e-07,0.0,0.0,0,0,0,,0.0,0.0,0.0,0.0,0.0,1.5239487153829811e-05,0.0004774194901767082,0.0004926137789426354,1.2452955508737943e-07,0.4925985587689453,0.00011932427850676149,0.0005317895275000044,0.0005267519534233789,9.921666172166248e-07,2.106999394703232
38700,muon_no_ns,1,113,0.3,128,4,512,226048,4,nested_depth_one_shared_v2,4.718595027923584,0.011227154172956944,4.7442193031311035,0.007830853573977947,1534.6045955000445,0.0,0.49270279718585996,2.1065762042999268,0.0,3.6506886143991592e-06,9.603087391951703e-07,0.0,0.0,0,0,0,,0.0,0.0,0.0,0.0,0.0,5.674064582032459e-05,0.0004360338506172288,0.0004927595544721633,4.636565068136089e-07,0.49270279718585996,0.00013608421804884636,0.0004804060417155124,0.0005266595717370527,1.1315234415638447e-06,2.1065763769639165
38800,muon_no_ns,1,113,0.3,128,4,512,226048,4,nested_depth_one_shared_v2,4.718595027923584,0.011227154172956944,4.744225025177002,0.007830853573977947,1537.5427640420385,0.0,0.4926089949467689,2.107431650161743,0.0,7.427122197951973e-06,1.7947696733244811e-06,0.0,0.0,0,0,0,,0.0,0.0,0.0,0.0,0.0,0.00014475154573861482,0.0006372117895590916,0.0004924642810567382,1.1828380710639671e-06,0.4926089949467689,0.000259369883977661,0.0007397857661672391,0.0005268098725778519,2.156628505232507e-06,2.1074316044000385
38900,muon_no_ns,1,113,0.3,128,4,512,226048,4,nested_depth_one_shared_v2,4.718595027923584,0.011227154172956944,4.744221210479736,0.007830853573977947,1540.6487494580215,0.0,0.4926485445416314,2.1069467067718506,0.0,2.8150509418418556e-06,6.840855917289446e-07,0.0,0.0,0,0,0,,0.0,0.0,0.0,0.0,0.0,3.830001809578022e-05,0.0005308915545236636,0.0004926103027629013,3.129688135277886e-07,0.4926485445416314,0.00012964324015623824,0.0005971425706503506,0.0005267218987768023,1.0779675070361203e-06,2.1069466635783787
39000,muon_no_ns,1,113,0.3,128,4,512,226048,4,nested_depth_one_shared_v2,4.718595504760742,0.011227154172956944,4.744068622589111,0.007830853573977947,1543.5926410420798,0.0,0.49028273264164574,2.1046111583709717,0.0,0.00020281330008180325,5.0176327931694686e-05,0.0,0.0,0,0,0,,0.0,0.0,0.0,0.0,0.0,0.004417961709926951,0.003923261400174749,0.0004947007130083908,3.6101398989139855e-05,0.49028273264164574,0.0071966091368377795,0.006785740645733209,0.000527578781896121,5.983891486359998e-05,2.1046112522510674
39100,muon_no_ns,1,113,0.3,128,4,512,226048,4,nested_depth_one_shared_v2,4.718595027923584,0.011227154172956944,4.74422025680542,0.007830853573977947,1546.5746061250102,0.0,0.49264896800003666,2.1069142818450928,0.0,2.403012279952919e-06,5.865250614078832e-07,0.0,0.0,0,0,0,,0.0,0.0,0.0,0.0,0.0,2.4570584743536147e-05,0.0005171647418442015,0.0004926244669598614,2.0077867158281407e-07,0.49264896800003666,0.0001123759944658261,0.000578871717891998,0.0005267179597103778,9.34392494811481e-07,2.106914300045642
39200,muon_no_ns,1,113,0.3,128,4,512,226048,4,nested_depth_one_shared_v2,4.718595027923584,0.011227154172956944,4.74422025680542,0.007830853573977947,1549.5007550000446,0.0,0.49247370073613883,2.107661724090576,0.0,2.0970295978816026e-06,5.166936603018257e-07,0.0,0.0,0,0,0,,0.0,0.0,0.0,0.0,0.0,2.033749217145767e-05,0.0005127425743879274,0.0004924534308480185,1.6618793179455634e-07,0.49247370073613883,0.00012920092866227796,0.0005735200919665749,0.0005269072174442355,1.074289741670929e-06,2.1076617029314515
39300,muon_no_ns,1,113,0.3,128,4,512,226048,4,nested_depth_one_shared_v2,4.718594551086426,0.011227154172956944,4.744216442108154,0.007830853573977947,1552.5643318750663,0.0,0.4926035953867162,2.106764316558838,0.0,3.6527597282607777e-06,9.687196325103287e-07,0.0,0.0,0,0,0,,0.0,0.0,0.0,0.0,0.0,0.00010583382918089785,0.0003868852230434861,0.0004927094580118432,8.64821731076352e-07,0.4926035953867162,0.00019267119138634877,0.00042873713381081827,0.0005267221146152072,1.6020371259320744e-06,2.1067642444433687
39400,muon_no_ns,1,113,0.3,128,4,512,226048,4,nested_depth_one_shared_v2,4.718595027923584,0.011227154172956944,4.7442193031311035,0.007830853573977947,1555.835572250071,0.0,0.4924629137192128,2.1076505184173584,0.0,1.4620597318547842e-06,3.671990498332889e-07,0.0,0.0,0,0,0,,0.0,0.0,0.0,0.0,0.0,3.5363312748598033e-06,0.0004957683753465798,0.0004924596495474187,2.8897150924741324e-08,0.4924629137192128,0.0001053571783665427,0.0005495393093012421,0.0005269095368863975,8.760319070648976e-07,2.107650617147539
39500,muon_no_ns,1,113,0.3,128,4,512,226048,4,nested_depth_one_shared_v2,4.718595027923584,0.011227154172956944,4.744227409362793,0.007830853573977947,1558.7879578330321,0.0,0.49271179460784276,2.1071841716766357,0.0,1.348960254962944e-05,3.2905836633290164e-06,0.0,0.0,0,0,0,,0.0,0.0,0.0,0.0,0.0,0.00024264427161581044,0.0007351113309721848,0.0004924691722295706,1.9827690317796878e-06,0.49271179460784276,0.0004147746374189212,0.0008863969592713816,0.0005267162329870417,3.448799808932967e-06,2.1071840563942135
39600,muon_no_ns,1,113,0.3,128,4,512,226048,4,nested_depth_one_shared_v2,4.718595027923584,0.011227154172956944,4.74422025680542,0.007830853573977947,1561.7740556250792,0.0,0.4924271998964098,2.1078057289123535,0.0,1.8459854245344728e-06,4.6456727886834415e-07,0.0,0.0,0,0,0,,0.0,0.0,0.0,0.0,0.0,1.2918606632879738e-05,0.0005052718749629804,0.0004924143710029899,1.0556446684212013e-07,0.4924271998964098,0.00010884795517542759,0.0005625486247593578,0.0005269450824088476,9.050572844756926e-07,2.1078058128166024
39700,muon_no_ns,1,113,0.3,128,4,512,226048,4,nested_depth_one_shared_v2,4.718595027923584,0.011227154172956944,4.744215965270996,0.007830853573977947,1564.7302395420847,0.0,0.4925028910648866,2.10709547996521,0.0,2.8061501179057655e-06,7.654488172192941e-07,0.0,0.0,0,0,0,,0.0,0.0,0.0,0.0,0.0,0.00010804020720561439,0.0003845795793625783,0.0004926109518439673,8.828511615289032e-07,0.4925028910648866,0.0001964962287582769,0.0004296783211094538,0.000526805097927994,1.633841838581714e-06,2.107095574686696
39800,muon_no_ns,1,113,0.3,128,4,512,226048,4,nested_depth_one_shared_v2,4.718595027923584,0.011227154172956944,4.7442193031311035,0.007830853573977947,1567.713836333016,0.0,0.492380550913476,2.107975959777832,0.0,9.90261211036663e-07,2.825416629548272e-07,0.0,0.0,0,0,0,,0.0,0.0,0.0,0.0,0.0,5.085222528259382e-06,0.00048743700382422866,0.0004923855394734386,4.155392452332729e-08,0.492380550913476,0.00010760361990404724,0.0005405380364758885,0.0005269932996645486,8.94710790599186e-07,2.107975926719609
39900,muon_no_ns,1,113,0.3,128,4,512,226048,4,nested_depth_one_shared_v2,4.718595027923584,0.011227154172956944,4.7442216873168945,0.007830853573977947,1570.7379983330611,0.0,0.49264047607711936,2.1070501804351807,0.0,7.422521072289894e-06,1.8008689721682458e-06,0.0,0.0,0,0,0,,0.0,0.0,0.0,0.0,0.0,9.351112312905706e-05,0.0005860503508766548,0.0004925469916127925,7.641266691875634e-07,0.49264047607711936,0.0001977333131613607,0.000674932847045239,0.0005267295609860133,1.644128042385155e-06,2.1070500877593443
40000,muon_no_ns,1,113,0.3,128,4,512,226048,4,nested_depth_one_shared_v2,4.718595027923584,0.011227154172956944,4.7442193031311035,0.007830853573977947,1573.739336708095,0.0,0.49240879351939526,2.1078734397888184,0.0,1.1635992408048513e-06,3.145031826079503e-07,0.0,0.0,0,0,0,,0.0,0.0,0.0,0.0,0.0,2.823844379049648e-06,0.0004898976642419721,0.0004924113263115758,2.307506024378759e-08,0.49240879351939526,0.00012421708074558067,0.0005481317023102397,0.0005269666027358779,1.0328496626684695e-06,2.107873452834411
40100,muon_no_ns,1,113,0.3,128,4,512,226048,4,nested_depth_one_shared_v2,4.718595027923584,0.011227154172956944,4.744225978851318,0.007830853573977947,1576.7368577501038,0.0,0.4925944598618203,2.1075985431671143,0.0,6.841172576851285e-06,1.7432175809517503e-06,0.0,0.0,0,0,0,,0.0,0.0,0.0,0.0,0.0,6.5114664451127905e-06,0.00049898137931798,0.0004925881036756274,5.320848472072878e-08,0.4925944598618203,0.00010478083752398434,0.0005400874975359699,0.0005268989374918417,8.7123970424347e-07,2.107598581056086
40200,muon_no_ns,1,113,0.3,128,4,512,226048,4,nested_depth_one_shared_v2,4.718595027923584,0.011227154172956944,4.7442193031311035,0.007830853573977947,1579.7750744170044,0.0,0.49234595851227314,2.1081178188323975,0.0,5.549034438848832e-07,2.2086511819452426e-07,0.0,0.0,0,0,0,,0.0,0.0,0.0,0.0,0.0,1.5919607371631215e-05,0.0004764889175634653,0.0004923618726920437,1.3008716127673574e-07,0.49234595851227314,0.00011441497381372105,0.0005295881778245551,0.0005270319403991967,9.513463558990286e-07,2.10811775321631
40300,muon_no_ns,1,113,0.3,128,4,512,226048,4,nested_depth_one_shared_v2,4.718595027923584,0.011227154172956944,4.7442240715026855,0.007830853573977947,1582.7314901250647,0.0,0.4925439618550946,2.1076924800872803,0.0,9.890774181039803e-06,2.4047374154179124e-06,0.0,0.0,0,0,0,,0.0,0.0,0.0,0.0,0.0,0.00015950121642377386,0.000651882426998765,0.0004923844860372379,1.3033650881195653e-06,0.4925439618550946,0.00029184644824169323,0.0007664396046497298,0.0005268698352587253,2.4266671202394047e-06,2.1076924713323186
40400,muon_no_ns,1,113,0.3,128,4,512,226048,4,nested_depth_one_shared_v2,4.718595027923584,0.011227154172956944,4.74422025680542,0.007830853573977947,1585.684362500091,0.0,0.4923138153627148,2.1083524227142334,0.0,1.9391926832889922e-06,4.77579590096866e-07,0.0,0.0,0,0,0,,0.0,0.0,0.0,0.0,0.0,1.663764778635196e-05,0.0005088874787701696,0.0004922972450394188,1.3595463256873788e-07,0.4923138153627148,0.00011417100895664512,0.0005675521599904485,0.0005270807698225396,9.493178182871206e-07,2.1083525263499485
40500,muon_no_ns,1,113,0.3,128,4,512,226048,4,nested_depth_one_shared_v2,4.718595027923584,0.011227154172956944,4.744223117828369,0.007830853573977947,1588.6094745830633,0.0,0.4925616144352157,2.107468605041504,0.0,4.510291766138915e-06,1.0883171626119292e-06,0.0,0.0,0,0,0,,0.0,0.0,0.0,0.0,0.0,7.918203931174782e-05,0.0005716560386798684,0.0004924824748196892,6.470364800908223e-07,0.4925616144352157,0.00017541924421609264,0.0006541934499522709,0.0005268388162803794,1.458589319010342e-06,2.1074687114669133
40600,muon_no_ns,1,113,0.3,128,4,512,226048,4,nested_depth_one_shared_v2,4.718595027923584,0.011227154172956944,4.744219779968262,0.007830853573977947,1591.6346899170894,0.0,0.4923201261183734,2.108253002166748,0.0,1.3503332587370097e-06,3.4697842465902795e-07,0.0,0.0,0,0,0,,0.0,0.0,0.0,0.0,0.0,1.8447203487347058e-06,0.0004936381976012145,0.0004923188366415158,1.5074142716858898e-08,0.4923201261183734,0.00011031538060910469,0.0005475265409258434,0.0005270609527941617,9.172587454588952e-07,2.108253011065558
40700,muon_no_ns,1,113,0.3,128,4,512,226048,4,nested_depth_one_shared_v2,4.718595027923584,0.011227154172956944,4.7441935539245605,0.007830853573977947,1594.5646549580852,0.0,0.49211850515308714,2.106996536254883,0.0,2.5826681472670303e-05,6.428203960240353e-06,0.0,0.0,0,0,0,,0.0,0.0,0.0,0.0,0.0,0.0006722895686743654,0.00017950205226566012,0.0004927908297315223,5.49361799592222e-06,0.49211850515308714,0.0011040780069609965,0.0007639323791796697,0.0005269656858476385,9.180272070513234e-06,2.1069964526580653
40800,muon_no_ns,1,113,0.3,128,4,512,226048,4,nested_depth_one_shared_v2,4.718595027923584,0.011227154172956944,4.7442193031311035,0.007830853573977947,1597.5323480000952,0.0,0.4923296223668247,2.108194351196289,0.0,1.621842977762036e-06,4.063898586537107e-07,0.0,0.0,0,0,0,,0.0,0.0,0.0,0.0,0.0,5.903223531115125e-06,0.0004980867552610242,0.0004923238880160151,4.8238224324128404e-08,0.4923296223668247,0.00011381655189155707,0.0005564954198973049,0.0005270441549199786,9.463705516317683e-07,2.108194430554033
40900,muon_no_ns,1,113,0.3,128,4,512,226048,4,nested_depth_one_shared_v2,4.718595027923584,0.011227154172956944,4.744233131408691,0.007830853573977947,1600.4995997500373,0.0,0.49254505854195657,2.1083269119262695,0.0,6.124653770276342e-05,1.5052391063363757e-05,0.0,0.0,0,0,0,,0.0,0.0,0.0,0.0,0.0,0.000851145411693135,0.001342838924813219,0.0004916939281887401,6.955139524244005e-06,0.49254505854195657,0.001346262338240533,0.0017851845169488485,0.0005268214988041557,1.1194004830647814e-05,2.108326969463811
41000,muon_no_ns,1,113,0.3,128,4,512,226048,4,nested_depth_one_shared_v2,4.718595027923584,0.011227154172956944,4.7442193031311035,0.007830853573977947,1603.503143500071,0.0,0.49229405778564367,2.108320474624634,0.0,1.1086818351061766e-06,3.050143959626439e-07,0.0,0.0,0,0,0,,0.0,0.0,0.0,0.0,0.0,5.997910583461524e-06,0.0004864512132575258,0.0004922999440414688,4.9011960105536854e-08,0.49229405778564367,0.00012616287926644088,0.0005434882903346356,0.0005270797452869561,1.0490287367042502e-06,2.108320410566971
41100,muon_no_ns,1,113,0.3,128,4,512,226048,4,nested_depth_one_shared_v2,4.718594551086426,0.011227154172956944,4.744251728057861,0.007830853573977947,1606.6486470000818,0.0,0.4928528738688462,2.1085643768310547,0.0,4.5648031257612086e-05,1.1196611012564972e-05,0.0,0.0,0,0,0,,0.0,0.0,0.0,0.0,0.0,0.0009558045616040911,0.0014477012105257327,0.0004918970805420829,7.810362357051694e-06,0.4928528738688462,0.0015380650668629905,0.0019802323242483306,0.0005268378452220112,1.278882079611354e-05,2.1085645460923983
41200,muon_no_ns,1,113,0.3,128,4,512,226048,4,nested_depth_one_shared_v2,4.718595027923584,0.011227154172956944,4.744218826293945,0.007830853573977947,1609.7017771670362,0.0,0.4922308297233803,2.1085352897644043,0.0,1.3936392224235845e-07,1.9850213561767305e-07,0.0,0.0,0,0,0,,0.0,0.0,0.0,0.0,0.0,2.474968881378402e-05,0.00046754523172722913,0.0004922555746112367,2.0224222150133617e-07,0.4922308297233803,0.0001256478070249128,0.0005195236577188669,0.0005271394616020991,1.0447459747224114e-06,2.108535260367696
41300,muon_no_ns,1,113,0.3,128,4,512,226048,4,nested_depth_one_shared_v2,4.718595027923584,0.011227154172956944,4.744222164154053,0.007830853573977947,1612.7873034580844,0.0,0.4923916574944933,2.108137845993042,0.0,6.8281476715997795e-06,1.6497294836881338e-06,0.0,0.0,0,0,0,,0.0,0.0,0.0,0.0,0.0,9.539082825035264e-05,0.0005876794302051843,0.0004922963068801604,7.794866901703942e-07,0.4923916574944933,0.00019134815901843282,0.0006716157427080961,0.0005270020904783993,1.5910362754314876e-06,2.1081378841147798
41400,muon_no_ns,1,113,0.3,128,4,512,226048,4,nested_depth_one_shared_v2,4.718595027923584,0.011227154172956944,4.744182586669922,0.007830853573977947,1615.838775500073,0.0,0.4916550617410966,2.108078718185425,0.0,3.923328425781647e-05,9.702837814984377e-06,0.0,0.0,0,0,0,,0.0,0.0,0.0,0.0,0.0,0.0009813322328144712,0.0004886971557830415,0.0004926364239944571,8.018961866087445e-06,0.4916550617410966,0.001562741671160061,0.001188600574500931,0.0005273295651627771,1.2994003708729519e-05,2.108078621818703
41500,muon_no_ns,1,113,0.3,128,4,512,226048,4,nested_depth_one_shared_v2,4.718595027923584,0.011227154172956944,4.74422025680542,0.007830853573977947,1618.796519417083,0.0,0.4923468967459458,2.108144760131836,0.0,1.1252701656967597e-06,3.0714952004018414e-07,0.0,0.0,0,0,0,,0.0,0.0,0.0,0.0,0.0,2.3831960553479744e-06,0.0004943288279164703,0.0004923449300413081,1.9474299985475436e-08,0.4923468967459458,0.00010612509920393394,0.0005506827422316812,0.0005270328302082838,8.824170738478794e-07,2.108144669767574
41600,muon_no_ns,1,113,0.3,128,4,512,226048,4,nested_depth_one_shared_v2,4.718595027923584,0.011227154172956944,4.7441887855529785,0.007830853573977947,1621.76453558309,0.0,0.4917132423923981,2.1082894802093506,0.0,3.3225634810419944e-05,8.227464604715351e-06,0.0,0.0,0,0,0,,0.0,0.0,0.0,0.0,0.0,0.0008321692527702816,0.00033962542485507677,0.0004925454336145073,6.800075734755757e-06,0.4917132423923981,0.0013289122240346713,0.0009669007788636441,0.0005273352513112065,1.1049740776966764e-05,2.1082894251577353
41700,muon_no_ns,1,113,0.3,128,4,512,226048,4,nested_depth_one_shared_v2,4.718595027923584,0.011227154172956944,4.744218826293945,0.007830853573977947,1624.722915249993,0.0,0.4922825100946242,2.108242988586426,0.0,7.91883485079013e-07,3.1614726481166144e-07,0.0,0.0,0,0,0,,0.0,0.0,0.0,0.0,0.0,4.634279218673673e-05,0.00044600320034876616,0.0004923288527450203,3.7869038729895164e-07,0.4922825100946242,0.00012007682261022731,0.000491196579615866,0.00052707287006244,9.984239283588807e-07,2.1082430592787613
41800,muon_no_ns,1,113,0.3,128,4,512,226048,4,nested_depth_one_shared_v2,4.718595027923584,0.011227154172956944,4.744154930114746,0.007830853573977947,1627.7547759170411,0.0,0.4911929405965363,2.107759952545166,0.0,6.95078447885231e-05,1.715546204650309e-05,0.0,0.0,0,0,0,,0.0,0.0,0.0,0.0,0.0,0.0017169592099179982,0.0012240497620746786,0.0004929099142109334,1.4030141851626158e-05,0.4911929405965363,0.0027411367161205083,0.002343614418794651,0.0005274847669279964,2.27922127583404e-05,2.1077598887580216
41900,muon_no_ns,1,113,0.3,128,4,512,226048,4,nested_depth_one_shared_v2,4.718595027923584,0.011227154172956944,4.7442193031311035,0.007830853573977947,1630.9703179580392,0.0,0.49230404639556097,2.1082980632781982,0.0,2.1042177979818465e-06,5.150309903001471e-07,0.0,0.0,0,0,0,,0.0,0.0,0.0,0.0,0.0,1.156562375887871e-05,0.0005038018983928977,0.0004922925686585913,9.450855966890203e-08,0.49230404639556097,0.00011392759752055709,0.0005633156994806705,0.0005270682056433744,9.472938823022772e-07,2.1082980196964463
42000,muon_no_ns,1,113,0.3,128,4,512,226048,4,nested_depth_one_shared_v2,4.718595027923584,0.011227154172956944,4.744231224060059,0.007830853573977947,1633.9251160420245,0.0,0.4923048485024151,2.1091763973236084,0.0,1.3677141749231993e-05,3.333537733851699e-06,0.0,0.0,0,0,0,,0.0,0.0,0.0,0.0,0.0,0.0002968218310749179,0.0007888280191596272,0.0004920080485546973,2.425481263960493e-06,0.4923048485024151,0.000497913185925865,0.000965465754786173,0.0005271978233823313,4.140086556816052e-06,2.1091765133755866
42100,muon_no_ns,1,113,0.3,128,4,512,226048,4,nested_depth_one_shared_v2,4.718595027923584,0.011227154172956944,4.744218826293945,0.007830853573977947,1636.9021707080537,0.0,0.49226135880474653,2.1083455085754395,0.0,9.134746993380899e-07,3.341033618653455e-07,0.0,0.0,0,0,0,,0.0,0.0,0.0,0.0,0.0,4.356621232554042e-05,0.00044875763484634963,0.0004923049234449215,3.5600154932893764e-07,0.49226135880474653,0.000123488043697776,0.0004953674576253882,0.0005270976743721545,1.026787809786577e-06,2.1083454021163717
42200,muon_no_ns,1,113,0.3,128,4,512,226048,4,nested_depth_one_shared_v2,4.718594551086426,0.011227154172956944,4.744172096252441,0.007830853573977947,1639.832659042091,0.0,0.49142138331995333,2.1081576347351074,0.0,5.069095930433636e-05,1.2520487871370278e-05,0.0,0.0,0,0,0,,0.0,0.0,0.0,0.0,0.0,0.0012629770954436241,0.0007702934035751292,0.0004926843646059004,1.0320424446935538e-05,0.49142138331995333,0.002018304511259414,0.0016318774873296648,0.0005274395852932996,1.678195237808067e-05,2.1081577886343768
42300,muon_no_ns,1,113,0.3,128,4,512,226048,4,nested_depth_one_shared_v2,4.718595027923584,0.011227154172956944,4.74422025680542,0.007830853573977947,1642.764746083063,0.0,0.4923022605680597,2.108304500579834,0.0,2.2954420946446587e-06,5.593227001554624e-07,0.0,0.0,0,0,0,,0.0,0.0,0.0,0.0,0.0,1.504277873177718e-05,0.0005072911503211684,0.0004922872860268159,1.2292215110895892e-07,0.4923022605680597,0.00011586369499198813,0.000568716224336264,0.0005270685291882257,9.63392293311924e-07,2.1083045786629437
42400,muon_no_ns,1,113,0.3,128,4,512,226048,4,nested_depth_one_shared_v2,4.718595027923584,0.011227154172956944,4.744220733642578,0.007830853573977947,1645.7442735000513,0.0,0.4921392311163411,2.109030246734619,0.0,2.1672072081807578e-06,5.292702098813606e-07,0.0,0.0,0,0,0,,0.0,0.0,0.0,0.0,0.0,2.2389887877823352e-05,0.0005144697148871096,0.0004921169124062891,1.8295909486566636e-07,0.4921392311163411,0.00012227171221247194,0.0005750240709078187,0.0005272486589106258,1.0166741639276598e-06,2.1090302362205433
42500,muon_no_ns,1,113,0.3,128,4,512,226048,4,nested_depth_one_shared_v2,4.718595027923584,0.011227154172956944,4.744223117828369,0.007830853573977947,1648.7653321670368,0.0,0.492384417061043,2.1081383228302,0.0,4.093928442724846e-06,9.795478490559617e-07,0.0,0.0,0,0,0,,0.0,0.0,0.0,0.0,0.0,7.377758129053613e-05,0.0005660799817542793,0.0004923106677376458,6.028739209392975e-07,0.492384417061043,0.00016288309825208396,0.0006445984812101802,0.000527008238567817,1.3543528158469096e-06,2.1081383364923125
42600,muon_no_ns,1,113,0.3,128,4,512,226048,4,nested_depth_one_shared_v2,4.718595027923584,0.011227154172956944,4.7442193031311035,0.007830853573977947,1651.8104652500479,0.0,0.4921537720764823,2.108863115310669,0.0,9.700845492841177e-07,2.8133283080933325e-07,0.0,0.0,0,0,0,,0.0,0.0,0.0,0.0,0.0,6.731258883211064e-06,0.0004855438631320951,0.0004921604281049126,5.5004519866246775e-08,0.4921537720764823,0.00012262500813433705,0.0005416827617230047,0.000527215667588427,1.0196117758207288e-06,2.1088630337543255
42700,muon_no_ns,1,113,0.3,128,4,512,226048,4,nested_depth_one_shared_v2,4.718595027923584,0.011227154172956944,4.744229316711426,0.007830853573977947,1654.8582471670816,0.0,0.4924791092847237,2.108311414718628,0.0,2.603379243228271e-05,6.374549229803961e-06,0.0,0.0,0,0,0,,0.0,0.0,0.0,0.0,0.0,0.00041526115843459215,0.00090732386953025,0.000492063891398043,3.393308894383222e-06,0.4924791092847237,0.0006874248929231641,0.0011451490811776022,0.0005269447318198034,5.715852960832515e-06,2.1083113637792272
42800,muon_no_ns,1,113,0.3,128,4,512,226048,4,nested_depth_one_shared_v2,4.718595027923584,0.011227154172956944,4.7442193031311035,0.007830853573977947,1657.8172120000236,0.0,0.4921601302998969,2.108861207962036,0.0,1.072934242565383e-06,3.034842279703298e-07,0.0,0.0,0,0,0,,0.0,0.0,0.0,0.0,0.0,5.00890147605126e-06,0.00048733095103278156,0.000492165004681718,4.093026661546327e-08,0.4921601302998969,0.00013411683491240285,0.0005481644199278374,0.0005272142659505908,1.115164894119172e-06,2.1088612248654406
42900,muon_no_ns,1,113,0.3,128,4,512,226048,4,nested_depth_one_shared_v2,4.718595027923584,0.011227154172956944,4.744203567504883,0.007830853573977947,1660.7750644170446,0.0,0.49209029887898104,2.107853651046753,0.0,6.825946628438291e-06,1.648640250095923e-06,0.0,0.0,0,0,0,,0.0,0.0,0.0,0.0,0.0,0.00017786322124134377,0.0003144107158487261,0.0004922681612710195,1.4534103138783373e-06,0.49209029887898104,0.00032564303678183796,0.00035187565569553,0.0005270250645510494,2.7076815738355975e-06,2.1078535456298235
43000,muon_no_ns,1,113,0.3,128,4,512,226048,4,nested_depth_one_shared_v2,4.718595027923584,0.011227154172956944,4.7442193031311035,0.007830853573977947,1663.7199221249903,0.0,0.4921901490881943,2.10876202583313,0.0,1.5406117123593298e-06,3.931095022835507e-07,0.0,0.0,0,0,0,,0.0,0.0,0.0,0.0,0.0,4.091390699921794e-06,0.000496079471740384,0.0004921862844830256,3.34328221420405e-08,0.4921901490881943,0.00011047829843426032,0.0005525761422372583,0.0005271869332679423,9.186133870246499e-07,2.108762072769999
43100,muon_no_ns,1,113,0.3,128,4,512,226048,4,nested_depth_one_shared_v2,4.718595027923584,0.011227154172956944,4.744121551513672,0.007830853573977947,1666.706808582996,0.0,0.49067027253639167,2.1072487831115723,0.0,0.00017002736334882797,4.1986921132775024e-05,0.0,0.0,0,0,0,,0.0,0.0,0.0,0.0,0.0,0.0032784281251693696,0.0027844796330350648,0.0004939487224153229,2.6789693884855807e-05,0.49067027253639167,0.005377076789824804,0.004967965685732141,0.0005278797864807932,4.470972844618709e-05,2.1072487746767026
43200,muon_no_ns,1,113,0.3,128,4,512,226048,4,nested_depth_one_shared_v2,4.718595027923584,0.011227154172956944,4.7442193031311035,0.007830853573977947,1669.6519312080927,0.0,0.4921878633043674,2.108752489089966,0.0,1.0356656108628935e-06,2.91494274051729e-07,0.0,0.0,0,0,0,,0.0,0.0,0.0,0.0,0.0,8.743013873744004e-06,0.0004835410781166662,0.0004921965631348547,7.144358709909154e-08,0.4921878633043674,0.00011820282975939493,0.0005397958803605094,0.0005271882810665744,9.828419095881312e-07,2.108752575631369
43300,muon_no_ns,1,113,0.3,128,4,512,226048,4,nested_depth_one_shared_v2,4.718595027923584,0.011227154172956944,4.744168758392334,0.007830853573977947,1672.606041458086,0.0,0.49137867969987675,2.1081483364105225,0.0,0.00011510724150450149,2.8437692890292965e-05,0.0,0.0,0,0,0,,0.0,0.0,0.0,0.0,0.0,0.001982840160235197,0.0014894788905431067,0.0004933615538005346,1.620278953425435e-05,0.49137867969987675,0.003287980134446468,0.0028874149558314435,0.0005276888039271044,2.733914814565053e-05,2.1081485149611288
43400,muon_no_ns,1,113,0.3,128,4,512,226048,4,nested_depth_one_shared_v2,4.718595027923584,0.011227154172956944,4.7442193031311035,0.007830853573977947,1675.5537557920907,0.0,0.49214492341219196,2.108943462371826,0.0,4.1236041814841923e-07,2.0029946767863294e-07,0.0,0.0,0,0,0,,0.0,0.0,0.0,0.0,0.0,1.6593704220662645e-05,0.0004756077773314039,0.00049216149645788,1.3559554747427208e-07,0.49214492341219196,0.00011246990174155443,0.0005266091111114779,0.0005272390636082424,9.351733221942849e-07,2.1089434146877863
43500,muon_no_ns,1,113,0.3,128,4,512,226048,4,nested_depth_one_shared_v2,4.718594551086426,0.011227154172956944,4.744253158569336,0.007830853573977947,1678.5088385420386,0.0,0.49275385348624284,2.109058141708374,0.0,5.446079991272056e-05,1.3369000953389332e-05,0.0,0.0,0,0,0,,0.0,0.0,0.0,0.0,0.0,0.001068710290181796,0.001560395194665046,0.0004916851853071956,8.732972153869206e-06,0.49275385348624284,0.0017291280451559236,0.0021666096295550816,0.000526926042389261,1.437748582908494e-05,2.109058045486989
43600,muon_no_ns,1,113,0.3,128,4,512,226048,4,nested_depth_one_shared_v2,4.718595027923584,0.011227154172956944,4.7442193031311035,0.007830853573977947,1681.6157958330587,0.0,0.4921319793994001,2.108983039855957,0.0,8.456843967196078e-07,2.5616330390221265e-07,0.0,0.0,0,0,0,,0.0,0.0,0.0,0.0,0.0,8.68090163122296e-06,0.00048354321617161475,0.0004921406054054948,7.093603655959185e-08,0.4921319793994001,0.00010486967209594152,0.0005374330263804301,0.0005272458019006447,8.71978352721832e-07,2.1089829822358337
43700,muon_no_ns,1,113,0.3,128,4,512,226048,4,nested_depth_one_shared_v2,4.718595027923584,0.011227154172956944,4.744202613830566,0.007830853573977947,1684.8464656670112,0.0,0.49200560220963657,2.108123540878296,0.0,1.8645248463975016e-05,4.6460472731268965e-06,0.0,0.0,0,0,0,,0.0,0.0,0.0,0.0,0.0,0.0004718245325334829,2.0687237729649307e-05,0.0004924774539276747,3.85551682432696e-06,0.49200560220963657,0.0007705351348857768,0.0004883133213679049,0.0005271810568256432,6.4069043433005694e-06,2.1081235210776548
43800,muon_no_ns,1,113,0.3,128,4,512,226048,4,nested_depth_one_shared_v2,4.718595027923584,0.011227154172956944,4.74422025680542,0.007830853573977947,1687.7770905420184,0.0,0.49210877772911343,2.1091456413269043,0.0,1.7286030842078968e-06,4.301288640817802e-07,0.0,0.0,0,0,0,,0.0,0.0,0.0,0.0,0.0,1.0365597328006874e-05,0.0005023896988009553,0.000492098517420437,8.470253693197481e-08,0.49210877772911343,0.00011871642807465964,0.0005605685747399441,0.0005272811899985965,9.87112416055392e-07,2.109145653583698
43900,muon_no_ns,1,113,0.3,128,4,512,226048,4,nested_depth_one_shared_v2,4.718594551086426,0.011227154172956944,4.744229316711426,0.007830853573977947,1690.7164827500237,0.0,0.49244388835543035,2.1084506511688232,0.0,1.2328304970538013e-05,3.0015419270057464e-06,0.0,0.0,0,0,0,,0.0,0.0,0.0,0.0,0.0,0.00025342912275851543,0.0007456175991882383,0.0004921904854748088,2.070897503619185e-06,0.49244388835543035,0.0004379228010340385,0.0009067968808830541,0.0005270290013221422,3.6412739263229705e-06,2.108450566928799
44000,muon_no_ns,1,113,0.3,128,4,512,226048,4,nested_depth_one_shared_v2,4.718595027923584,0.011227154172956944,4.7442193031311035,0.007830853573977947,1693.7382588330656,0.0,0.4921390948637719,2.1090080738067627,0.0,1.2286021642182736e-06,3.2301159080816433e-07,0.0,0.0,0,0,0,,0.0,0.0,0.0,0.0,0.0,1.8149457966054764e-06,0.0004908860218649825,0.0004921404032762611,1.4830839796481611e-08,0.4921390948637719,0.00014458218221463737,0.0005531368841082964,0.000527250383890289,1.202182962535708e-06,2.1090080789815557
44100,muon_no_ns,1,113,0.3,128,4,512,226048,4,nested_depth_one_shared_v2,4.718594551086426,0.011227154172956944,4.744198322296143,0.007830853573977947,1696.743993875105,0.0,0.4919849009048094,2.107922077178955,0.0,2.8802105173572728e-05,7.154459126468282e-06,0.0,0.0,0,0,0,,0.0,0.0,0.0,0.0,0.0,0.0006362512820067228,0.00014363444697640176,0.0004926211639401599,5.19913093349472e-06,0.4919849009048094,0.0010433207373291404,0.0007116891630268275,0.0005271843993971857,8.675082888258583e-06,2.1079220889639374
44200,muon_no_ns,1,113,0.3,128,4,512,226048,4,nested_depth_one_shared_v2,4.718595027923584,0.011227154172956944,4.744219779968262,0.007830853573977947,1699.726237792056,0.0,0.49212929971912894,2.1090500354766846,0.0,1.4250826425332416e-06,3.631229503753275e-07,0.0,0.0,0,0,0,,0.0,0.0,0.0,0.0,0.0,2.958826330209466e-06,0.0004948260150380136,0.0004921266149789786,2.41780660177407e-08,0.49212929971912894,0.00010932459490712611,0.0005513815093098616,0.0005272591973701746,9.090204848918055e-07,2.109050132318415
44300,muon_no_ns,1,113,0.3,128,4,512,226048,4,nested_depth_one_shared_v2,4.718595027923584,0.011227154172956944,4.744187831878662,0.007830853573977947,1702.6719803330489,0.0,0.49187355019478124,2.1075572967529297,0.0,1.3417584536300482e-05,3.3667447496554814e-06,0.0,0.0,0,0,0,,0.0,0.0,0.0,0.0,0.0,0.000616531821704989,0.00012404680329976286,0.0004924901070546191,5.0379932526036e-06,0.49187355019478124,0.001038108278862842,0.0007041199391430666,0.0005270932528198281,8.631741940811778e-06,2.107557516885649
44400,muon_no_ns,1,113,0.3,128,4,512,226048,4,nested_depth_one_shared_v2,4.718595027923584,0.011227154172956944,4.74422025680542,0.007830853573977947,1705.6078158330638,0.0,0.4922008134161503,2.1087427139282227,0.0,1.4817768657594707e-06,3.7871663494115637e-07,0.0,0.0,0,0,0,,0.0,0.0,0.0,0.0,0.0,3.391518793569755e-06,0.0004953405910516109,0.0004921976891538915,2.7713814918475706e-08,0.4922008134161503,0.00010752891438097102,0.000551306736245589,0.0005271822429018423,8.940896234147247e-07,2.108742626202167
44500,muon_no_ns,1,113,0.3,128,4,512,226048,4,nested_depth_one_shared_v2,4.718595027923584,0.011227154172956944,4.744222164154053,0.007830853573977947,1708.5779262920842,0.0,0.49205541352109344,2.1095027923583984,0.0,3.22970293844966e-06,7.794739644850779e-07,0.0,0.0,0,0,0,,0.0,0.0,0.0,0.0,0.0,4.7588135014539526e-05,0.0005395800532940696,0.0004920078896960896,3.8886671322856586e-07,0.49205541352109344,0.00014907550634002617,0.0006120809069017142,0.000527358130028124,1.2395443968836411e-06,2.109502717849344
44600,muon_no_ns,1,113,0.3,128,4,512,226048,4,nested_depth_one_shared_v2,4.718595027923584,0.011227154172956944,4.744222164154053,0.007830853573977947,1711.5738809170434,0.0,0.49225343535054217,2.1086714267730713,0.0,3.074858944540082e-06,7.430980986100622e-07,0.0,0.0,0,0,0,,0.0,0.0,0.0,0.0,0.0,4.917752774033942e-05,0.0005413659382062268,0.0004922043008547268,4.01854444836925e-07,0.49225343535054217,0.00013442700167421795,0.0006112113825168769,0.0005271494630864662,1.117743892380835e-06,2.108671395962952
44700,muon_no_ns,1,113,0.3,128,4,512,226048,4,nested_depth_one_shared_v2,4.718595027923584,0.011227154172956944,4.7442193031311035,0.007830853573977947,1714.8659992920002,0.0,0.4920394614277361,2.1094272136688232,0.0,1.457304659506172e-06,3.7153034782022587e-07,0.0,0.0,0,0,0,,0.0,0.0,0.0,0.0,0.0,4.616325415394546e-06,0.0004964462526270672,0.0004920350826543044,3.772232912530626e-08,0.4920394614277361,0.00011930193132521914,0.0005533627937397628,0.000527353522027157,9.919808031661007e-07,2.1094272183206724
44800,muon_no_ns,1,113,0.3,128,4,512,226048,4,nested_depth_one_shared_v2,4.718594551086426,0.011227154172956944,4.74421501159668,0.007830853573977947,1717.937252542004,0.0,0.49217050008328345,2.108490228652954,0.0,8.889430567568091e-06,2.242988330181106e-06,0.0,0.0,0,0,0,,0.0,0.0,0.0,0.0,0.0,0.00017724705184454705,0.00031510759183331973,0.0004923477730992184,1.4483752821829124e-06,0.49217050008328345,0.0003000418959798735,0.00037111061908515013,0.0005271771751030616,2.494811254532286e-06,2.1084902568010366
44900,muon_no_ns,1,113,0.3,128,4,512,226048,4,nested_depth_one_shared_v2,4.718595027923584,0.011227154172956944,4.7442193031311035,0.007830853573977947,1721.001309000072,0.0,0.4920559207694937,2.109356641769409,0.0,1.2971716733252237e-06,3.380230566563114e-07,0.0,0.0,0,0,0,,0.0,0.0,0.0,0.0,0.0,1.3836018545500021e-06,0.0004923821915588085,0.0004920556171796367,1.1306110345182093e-08,0.4920559207694937,0.0001192988454177884,0.000550293012898159,0.0005273367334725242,9.919551442274933e-07,2.1093566893736515
45000,muon_no_ns,1,113,0.3,128,4,512,226048,4,nested_depth_one_shared_v2,4.718595027923584,0.011227154172956944,4.744227886199951,0.007830853573977947,1724.0435256250203,0.0,0.4923582235065406,2.1087207794189453,0.0,2.5920737923287924e-07,2.3521906200585363e-07,0.0,0.0,0,0,0,,0.0,0.0,0.0,0.0,0.0,0.00010509837899857553,0.000597345581475053,0.0004922531640559574,8.588119957703633e-07,0.4923582235065406,0.00020983007370038625,0.0006823677602077572,0.0005271461202933967,1.7447111100850316e-06,2.108720692067425
45100,muon_no_ns,1,113,0.3,128,4,512,226048,4,nested_depth_one_shared_v2,4.718595027923584,0.011227154172956944,4.7442193031311035,0.007830853573977947,1727.0055551250698,0.0,0.4920639609653487,2.1093289852142334,0.0,1.3216750805968099e-06,3.4528915193732246e-07,0.0,0.0,0,0,0,,0.0,0.0,0.0,0.0,0.0,2.1480772976224773e-06,0.0004938463772827394,0.0004920622163493536,1.7553025732824788e-08,0.4920639609653487,0.00011677240942860338,0.0005519656840196533,0.0005273291878806174,9.709481414584633e-07,2.109328997075044
45200,muon_no_ns,1,113,0.3,128,4,512,226048,4,nested_depth_one_shared_v2,4.718595027923584,0.011227154172956944,4.744198322296143,0.007830853573977947,1729.9232688749908,0.0,0.4918758374392446,2.108410120010376,0.0,1.6109081020155318e-05,4.025821453979006e-06,0.0,0.0,0,0,0,,0.0,0.0,0.0,0.0,0.0,0.0004957037617980432,3.5422056181073953e-06,0.0004923715704375963,4.050646080720468e-06,0.4918758374392446,0.0008208048441643167,0.0005261445382494647,0.0005272625394463466,6.824890758366351e-06,2.108410084751004
45300,muon_no_ns,1,113,0.3,128,4,512,226048,4,nested_depth_one_shared_v2,4.718595027923584,0.011227154172956944,4.74422025680542,0.007830853573977947,1733.018961958005,0.0,0.49204736561457146,2.1094202995300293,0.0,1.4758354641189866e-06,3.7634762861671334e-07,0.0,0.0,0,0,0,,0.0,0.0,0.0,0.0,0.0,4.274939429049901e-06,0.000496130115861244,0.0004920433283367132,3.493269161562924e-08,0.49204736561457146,0.00010901909500601675,0.0005537739719555462,0.0005273511236949323,9.064802909996922e-07,2.1094202107423454
45400,muon_no_ns,1,113,0.3,128,4,512,226048,4,nested_depth_one_shared_v2,4.718595027923584,0.011227154172956944,4.744208812713623,0.007830853573977947,1735.9888583749998,0.0,0.492174042411776,2.108015298843384,0.0,4.056832408676129e-06,9.752749292601948e-07,0.0,0.0,0,0,0,,0.0,0.0,0.0,0.0,0.0,0.00012481924919535893,0.0003674854465235305,0.0004922988759889508,1.01996119762682e-06,0.492174042411776,0.00023320724594958606,0.0004045812077694846,0.0005270438313601642,1.9390894059426064e-06,2.1080155124274502
45500,muon_no_ns,1,113,0.3,128,4,512,226048,4,nested_depth_one_shared_v2,4.718594551086426,0.011227154172956944,4.7442193031311035,0.007830853573977947,1738.9974431250012,0.0,0.49213633952594416,2.1090359687805176,0.0,1.3453698496630998e-06,3.506847576772998e-07,0.0,0.0,0,0,0,,0.0,0.0,0.0,0.0,0.0,1.3535395149587327e-06,0.0004913538527990789,0.0004921371547593312,1.1060455767938287e-08,0.49213633952594416,0.00010068005261373432,0.0005467836043810774,0.0005272564482271211,8.371421849183883e-07,2.109035888540162
45600,muon_no_ns,1,113,0.3,128,4,512,226048,4,nested_depth_one_shared_v2,4.718595027923584,0.011227154172956944,4.74422025680542,0.007830853573977947,1742.0129374579992,0.0,0.49198282618322314,2.1097638607025146,0.0,1.9853653874940387e-06,4.863836693402845e-07,0.0,0.0,0,0,0,,0.0,0.0,0.0,0.0,0.0,1.8163593699403877e-05,0.0005100865345261613,0.0004919647360221162,1.4842390818947327e-07,0.49198282618322314,0.00012019852995206149,0.0005692874039691807,0.0005274335230621448,9.994359098529167e-07,2.109763780722671
45700,muon_no_ns,1,113,0.3,128,4,512,226048,4,nested_depth_one_shared_v2,4.718595027923584,0.011227154172956944,4.744217872619629,0.007830853573977947,1745.0600071670488,0.0,0.4921393522297043,2.108876943588257,0.0,4.711668131675816e-07,2.1479660006207268e-07,0.0,0.0,0,0,0,,0.0,0.0,0.0,0.0,0.0,3.899795447934036e-05,0.0004532023320675513,0.0004921783732396435,3.1867200461596093e-07,0.4921393522297043,0.00011898690581005579,0.0004999217767055744,0.0005272293064082103,9.893614049712999e-07,2.1088769395358176
45800,muon_no_ns,1,113,0.3,128,4,512,226048,4,nested_depth_one_shared_v2,4.718595027923584,0.011227154172956944,4.7442193031311035,0.007830853573977947,1748.0427804170176,0.0,0.491993896311798,2.1096701622009277,0.0,1.3688107541057025e-06,3.5777725315710995e-07,0.0,0.0,0,0,0,,0.0,0.0,0.0,0.0,0.0,2.936869293596418e-06,0.0004946361611021985,0.0004919912814677482,2.3998643969422423e-08,0.491993896311798,0.00012950176635629217,0.0005539878989911718,0.0005274147162305614,1.0767911698876889e-06,2.1096702086540033
45900,muon_no_ns,1,113,0.3,128,4,512,226048,4,nested_depth_one_shared_v2,4.718595027923584,0.011227154172956944,4.744226932525635,0.007830853573977947,1750.9875311671058,0.0,0.49226697401216984,2.1090586185455322,0.0,8.788842719495713e-06,2.1314199329935946e-06,0.0,0.0,0,0,0,,0.0,0.0,0.0,0.0,0.0,0.00018465164937220735,0.0006767308832866917,0.0004920823598758299,1.5088819925736829e-06,0.49226697401216984,0.0003279160027984246,0.0008015891467515708,0.0005272037535480399,2.7265810051327863e-06,2.1090587237571996
46000,muon_no_ns,1,113,0.3,128,4,512,226048,4,nested_depth_one_shared_v2,4.718595027923584,0.011227154172956944,4.7442193031311035,0.007830853573977947,1753.9226705420297,0.0,0.49198622599613456,2.1096603870391846,0.0,5.898598794021258e-07,2.1487025492206158e-07,0.0,0.0,0,0,0,,0.0,0.0,0.0,0.0,0.0,1.4779553225457864e-05,0.00047727680799795354,0.0004920009865179598,1.2077120240191158e-07,0.49198622599613456,0.00012413270819440194,0.0005318115465531456,0.0005274176801024033,1.0321481153409977e-06,2.1096604895780318
46100,muon_no_ns,1,113,0.3,128,4,512,226048,4,nested_depth_one_shared_v2,4.718595027923584,0.011227154172956944,4.744216442108154,0.007830853573977947,1756.869138833019,0.0,0.49209079852109033,2.108947992324829,0.0,9.655411845820227e-08,2.1123349824847537e-07,0.0,0.0,0,0,0,,0.0,0.0,0.0,0.0,0.0,6.76136868215187e-05,0.0004245560062718562,0.0004921584068902519,5.525056225783256e-07,0.49209079852109033,0.00015433229260406053,0.00046770222392221515,0.0005272567447040223,1.2832539244859574e-06,2.1089481628327484
46200,muon_no_ns,1,113,0.3,128,4,512,226048,4,nested_depth_one_shared_v2,4.718595027923584,0.011227154172956944,4.7442193031311035,0.007830853573977947,1759.799014792079,0.0,0.491988391566275,2.109713315963745,0.0,1.443773226549699e-06,3.671563604257244e-07,0.0,0.0,0,0,0,,0.0,0.0,0.0,0.0,0.0,4.122445698636682e-06,0.0004958911293573194,0.0004919845224804031,3.368658823890237e-08,0.491988391566275,0.00011243607366593588,0.000551852107158237,0.0005274251166529745,9.348920459295262e-07,2.1097133788921805
46300,muon_no_ns,1,113,0.3,128,4,512,226048,4,nested_depth_one_shared_v2,4.718594551086426,0.011227154172956944,4.74421501159668,0.007830853573977947,1762.7399623329984,0.0,0.49209392505792104,2.10884165763855,0.0,6.338009845932082e-06,1.61372076945554e-06,0.0,0.0,0,0,0,,0.0,0.0,0.0,0.0,0.0,0.00015264771346311604,0.00033960476437906484,0.0004922465963155113,1.2473616500861358e-06,0.49209392505792104,0.0002601438968332847,0.0003883618377237088,0.0005272566368942594,2.163064326393603e-06,2.1088416661552847
46400,muon_no_ns,1,113,0.3,128,4,512,226048,4,nested_depth_one_shared_v2,4.718595027923584,0.011227154172956944,4.74422025680542,0.007830853573977947,1765.672462125076,0.0,0.4919962738582191,2.109649419784546,0.0,1.6070407393552167e-06,4.092748611128627e-07,0.0,0.0,0,0,0,,0.0,0.0,0.0,0.0,0.0,8.521696012656155e-06,0.000500419540948217,0.0004919878586588387,6.963508695102494e-08,0.4919962738582191,0.00012086931752285568,0.0005599011728770971,0.0005274074950912589,1.0050134255380262e-06,2.1096495273107037
46500,muon_no_ns,1,113,0.3,128,4,512,226048,4,nested_depth_one_shared_v2,4.718595027923584,0.011227154172956944,4.744224548339844,0.007830853573977947,1768.6089614169905,0.0,0.49219750590977107,2.109163284301758,0.0,8.041807578291805e-06,1.947662894963287e-06,0.0,0.0,0,0,0,,0.0,0.0,0.0,0.0,0.0,0.00014857146704852164,0.0006406169575950574,0.000492048974599952,1.2140525795569218e-06,0.49219750590977107,0.0002717888667692381,0.0007504590539146307,0.0005272407347127884,2.2598908111084426e-06,2.1091631747663637
46600,muon_no_ns,1,113,0.3,128,4,512,226048,4,nested_depth_one_shared_v2,4.718595027923584,0.011227154172956944,4.744221210479736,0.007830853573977947,1771.5483310000272,0.0,0.49198061515642794,2.1097798347473145,0.0,2.929784778407229e-06,7.072640073602088e-07,0.0,0.0,0,0,0,,0.0,0.0,0.0,0.0,0.0,4.029071391509173e-05,0.0005322144625170352,0.0004919403557003138,3.292357956244184e-07,0.49198061515642794,0.00013698722989017678,0.0005990311992531725,0.0005274303167872737,1.1390318733359135e-06,2.1097798276895348
46700,muon_no_ns,1,113,0.3,128,4,512,226048,4,nested_depth_one_shared_v2,4.718595027923584,0.011227154172956944,4.744221210479736,0.007830853573977947,1774.4835037080338,0.0,0.4921734823017027,2.108945369720459,0.0,1.6536760791939922e-06,4.147284755617875e-07,0.0,0.0,0,0,0,,0.0,0.0,0.0,0.0,0.0,2.2589724806501544e-05,0.0005147119747800726,0.000492150942761327,1.8459206345359353e-07,0.4921734823017027,0.00011300868530260439,0.000578172280571208,0.0005272260719374098,9.396532408652248e-07,2.108945449608365
46800,muon_no_ns,1,113,0.3,128,4,512,226048,4,nested_depth_one_shared_v2,4.718595027923584,0.011227154172956944,4.74422025680542,0.007830853573977947,1777.4243850000203,0.0,0.4919950396556193,2.1096885204315186,0.0,2.1886116578419477e-06,5.32244314399577e-07,0.0,0.0,0,0,0,,0.0,0.0,0.0,0.0,0.0,2.0794118961556214e-05,0.0005127339964064119,0.0004919742971692037,1.6991926018100138e-07,0.4919950396556193,0.00012286226356370163,0.0005747165033428804,0.0005274133690105818,1.0215845253710694e-06,2.109688516559223
46900,muon_no_ns,1,113,0.3,128,4,512,226048,4,nested_depth_one_shared_v2,4.718595027923584,0.011227154172956944,4.744218826293945,0.007830853573977947,1780.3703701670747,0.0,0.49207879939993165,2.1091983318328857,0.0,1.8929842599052039e-06,5.496443122865458e-07,0.0,0.0,0,0,0,,0.0,0.0,0.0,0.0,0.0,4.445172486407957e-05,0.0004476886736089424,0.0004921232653028853,3.6323752002371684e-07,0.49207879939993165,0.00012666894375332768,0.0004939395447323705,0.0005273115361635422,1.0532366003203666e-06,2.1091985558076427
47000,muon_no_ns,1,113,0.3,128,4,512,226048,4,nested_depth_one_shared_v2,4.718594551086426,0.011227154172956944,4.744131088256836,0.007830853573977947,1783.3038983329898,0.0,0.4906556572417033,2.108156204223633,0.0,9.845466769022778e-05,2.4280898287543096e-05,0.0,0.0,0,0,0,,0.0,0.0,0.0,0.0,0.0,0.0023697055256859845,0.0018766805226931719,0.000493025381379654,1.9364062046380582e-05,0.4906556572417033,0.003799858917390342,0.0033953417452530226,0.0005277940373199303,3.159535691434304e-05,2.108156205327198
47100,muon_no_ns,1,113,0.3,128,4,512,226048,4,nested_depth_one_shared_v2,4.718595027923584,0.011227154172956944,4.744218826293945,0.007830853573977947,1786.2518307500286,0.0,0.4920658763598622,2.1092138290405273,0.0,2.0690959475360892e-07,2.098156102192661e-07,0.0,0.0,0,0,0,,0.0,0.0,0.0,0.0,0.0,3.110913802204641e-05,0.00046101681718584516,0.000492097001319503,2.542084965151697e-07,0.4920658763598622,0.00011758879340480504,0.0005092993365014829,0.0005273111858181391,9.777362732465132e-07,2.10921381581797
47200,muon_no_ns,1,113,0.3,128,4,512,226048,4,nested_depth_one_shared_v2,4.718595027923584,0.011227154172956944,4.744147300720215,0.007830853573977947,1789.1979067079956,0.0,0.4910309084362628,2.107795000076294,0.0,0.00011276278704235546,2.7849620892084204e-05,0.0,0.0,0,0,0,,0.0,0.0,0.0,0.0,0.0,0.0022855769490632036,0.0017922607291898697,0.0004933165308771216,1.86766049087999e-05,0.4910309084362628,0.0037682538465405343,0.003365438697670713,0.0005276950786659994,3.1332564659285174e-05,2.107794954016227
47300,muon_no_ns,1,113,0.3,128,4,512,226048,4,nested_depth_one_shared_v2,4.718595027923584,0.011227154172956944,4.74422025680542,0.007830853573977947,1792.137562207994,0.0,0.4920848179231429,2.1092467308044434,0.0,1.9883600556432613e-06,4.864352263211913e-07,0.0,0.0,0,0,0,,0.0,0.0,0.0,0.0,0.0,1.62535124404957e-05,0.0005082799494685672,0.000492068642151668,1.328156684271004e-07,0.4920848179231429,0.00010932665031860984,0.0005677268542162059,0.0005273040710611311,9.090375753840701e-07,2.109246822277468
47400,muon_no_ns,1,113,0.3,128,4,512,226048,4,nested_depth_one_shared_v2,4.718595027923584,0.011227154172956944,4.744161605834961,0.007830853573977947,1795.0758787080413,0.0,0.4912884994155412,2.107865571975708,0.0,6.1849229404755e-05,1.5300991435651667e-05,0.0,0.0,0,0,0,,0.0,0.0,0.0,0.0,0.0,0.0015259692046149993,0.0010331551325320494,0.0004928144903308646,1.2469465947874267e-05,0.4912884994155412,0.0025205132273833294,0.002128079950468871,0.0005274645609507902,2.0957755737202886e-05,2.1078656483277456
47500,muon_no_ns,1,113,0.3,128,4,512,226048,4,nested_depth_one_shared_v2,4.718595027923584,0.011227154172956944,4.7442193031311035,0.007830853573977947,1798.0141857080162,0.0,0.4920678825951328,2.109227180480957,0.0,6.791644188749283e-07,2.2808674771113147e-07,0.0,0.0,0,0,0,,0.0,0.0,0.0,0.0,0.0,1.1876744289804237e-05,0.00048027113375859263,0.0004920797318782878,9.70508828392043e-08,0.4920678825951328,0.00010571787780454253,0.0005318545398675488,0.0005273082752473296,8.790310782789264e-07,2.109227154106942
47600,muon_no_ns,1,113,0.3,128,4,512,226048,4,nested_depth_one_shared_v2,4.718595027923584,0.011227154172956944,4.744186878204346,0.007830853573977947,1800.9505182080902,0.0,0.49167246589500274,2.1082444190979004,0.0,2.7473880067928454e-05,6.8262061176938005e-06,0.0,0.0,0,0,0,,0.0,0.0,0.0,0.0,0.0,0.0007896460772623725,0.00029718573437118414,0.0004924621312338417,6.452597366655181e-06,0.49167246589500274,0.0013080642344261602,0.0009511442299628655,0.0005273181387833772,1.0876392321945756e-05,2.1082444163433633
47700,muon_no_ns,1,113,0.3,128,4,512,226048,4,nested_depth_one_shared_v2,4.718595027923584,0.011227154172956944,4.7442193031311035,0.007830853573977947,1803.8935775000136,0.0,0.4920347597391325,2.1094045639038086,0.0,1.2508387715912515e-06,3.351658506289823e-07,0.0,0.0,0,0,0,,0.0,0.0,0.0,0.0,0.0,1.2358843565681098e-06,0.0004917217454140103,0.0004920350970952,1.0099035978661625e-08,0.4920347597391325,0.00012093806660403677,0.0005483703509091706,0.000527349291253972,1.0055850656448492e-06,2.1094047261721984
47800,muon_no_ns,1,113,0.3,128,4,512,226048,4,nested_depth_one_shared_v2,4.718595027923584,0.011227154172956944,4.744213581085205,0.007830853573977947,1806.8311972500524,0.0,0.4921366801592036,2.108476400375366,0.0,2.0711032492579362e-05,5.157698069524486e-06,0.0,0.0,0,0,0,,0.0,0.0,0.0,0.0,0.0,0.0003240132173868486,0.00016845279176399115,0.0004924607172512497,2.6476758303165416e-06,0.4921366801592036,0.0005415604419993183,0.0003624201205190655,0.0005272234304382029,4.503008092576539e-06,2.10847646154554
47900,muon_no_ns,1,113,0.3,128,4,512,226048,4,nested_depth_one_shared_v2,4.718595027923584,0.011227154172956944,4.7442193031311035,0.007830853573977947,1809.7760933330283,0.0,0.49205019716019116,2.109347343444824,0.0,1.454171916445653e-06,3.7225544247121434e-07,0.0,0.0,0,0,0,,0.0,0.0,0.0,0.0,0.0,2.9664727809448003e-06,0.0004947650410743261,0.0004920475161084933,2.4240549032979794e-08,0.49205019716019116,0.00010383979357979256,0.0005499050747483761,0.0005273336613517072,8.634150402400917e-07,2.1093474209713294
48000,muon_no_ns,1,113,0.3,128,4,512,226048,4,nested_depth_one_shared_v2,4.718595027923584,0.011227154172956944,4.7442402839660645,0.007830853573977947,1812.6552284579957,0.0,0.49244929723144326,2.109313726425171,0.0,2.6260054801860172e-06,6.36196148207091e-07,0.0,0.0,0,0,0,,0.0,0.0,0.0,0.0,0.0,0.0003267735812405596,0.0008188947633922294,0.0004921225578252767,2.6702321590900813e-06,0.49244929723144326,0.0005306396355348151,0.000989360921293866,0.0005272290368697347,4.412202937558991e-06,2.109313624866652
48100,muon_no_ns,1,113,0.3,128,4,512,226048,4,nested_depth_one_shared_v2,4.718595027923584,0.011227154172956944,4.7442193031311035,0.007830853573977947,1815.4506230830448,0.0,0.49202515180097084,2.10939884185791,0.0,1.0623917982548636e-06,2.9509646992664784e-07,0.0,0.0,0,0,0,,0.0,0.0,0.0,0.0,0.0,3.383251756076018e-06,0.0004888829792764918,0.0004920283387097497,2.7646260775045948e-08,0.49202515180097084,0.00010911574074761582,0.0005433424462135936,0.000527348509769861,9.072838883875056e-07,2.109398848787346
48200,muon_no_ns,1,113,0.3,128,4,512,226048,4,nested_depth_one_shared_v2,4.718595027923584,0.011227154172956944,4.744201183319092,0.007830853573977947,1818.3922675420763,0.0,0.4919363319519778,2.1083104610443115,0.0,5.277763475108929e-05,1.3070010027149692e-05,0.0,0.0,0,0,0,,0.0,0.0,0.0,0.0,0.0,0.0008478685108008576,0.0003550856453956667,0.0004927842403191049,6.928362310151326e-06,0.4919363319519778,0.0014146288681952948,0.0010493944398836936,0.0005273568904528754,1.1762464071339652e-05,2.1083106852685813
48300,muon_no_ns,1,113,0.3,128,4,512,226048,4,nested_depth_one_shared_v2,4.718594074249268,0.011227154172956944,4.7442193031311035,0.007830853573977947,1821.3300506670494,0.0,0.49208451510612367,2.109187364578247,0.0,1.5085490950118288e-06,3.8246807321229426e-07,0.0,0.0,0,0,0,,0.0,0.0,0.0,0.0,0.0,4.621485375124595e-06,0.0004965410214950843,0.0004920800784282176,3.776449376529484e-08,0.49208451510612367,0.00011466302853025488,0.0005573810813985411,0.0005272922937713212,9.534089001864769e-07,2.109187591139465
48400,muon_no_ns,1,113,0.3,128,4,512,226048,4,nested_depth_one_shared_v2,4.718595027923584,0.011227154172956944,4.744199275970459,0.007830853573977947,1824.269262833055,0.0,0.49161320438778294,2.1094861030578613,0.0,2.171132751439394e-05,5.379775757319294e-06,0.0,0.0,0,0,0,,0.0,0.0,0.0,0.0,0.0,0.0005538750190315131,6.172150725368671e-05,0.0004921670980544,4.52599283675202e-06,0.49161320438778294,0.0008773855540910303,0.0005616939327304699,0.000527545164714478,7.295352363248558e-06,2.1094862166861086
48500,muon_no_ns,1,113,0.3,128,4,512,226048,4,nested_depth_one_shared_v2,4.718595027923584,0.011227154172956944,4.744218826293945,0.007830853573977947,1827.2096032500267,0.0,0.49206829898256016,2.109158992767334,0.0,3.4314820577093567e-07,2.3561749173950375e-07,0.0,0.0,0,0,0,,0.0,0.0,0.0,0.0,0.0,2.8287121010529175e-05,0.0004638368045568224,0.000492096582586041,2.3114836861546267e-07,0.49206829898256016,0.0001141678777176421,0.0005125636265330688,0.0005272965250018265,9.492917824220963e-07,2.109159105343367
48600,muon_no_ns,1,113,0.3,128,4,512,226048,4,nested_depth_one_shared_v2,4.718595027923584,0.011227154172956944,4.744206428527832,0.007830853573977947,1830.1486908330116,0.0,0.4917333414914723,2.1095640659332275,0.0,1.376642919436235e-05,3.4295594559807796e-06,0.0,0.0,0,0,0,,0.0,0.0,0.0,0.0,0.0,0.0003600536568711225,0.00013204782184184498,0.0004920934204149427,2.9421804844972667e-06,0.4917333414914723,0.0005762103554113207,0.00037122882919518764,0.0005275029516457213,4.791117836939145e-06,2.1095639744633288
48700,muon_no_ns,1,113,0.3,128,4,512,226048,4,nested_depth_one_shared_v2,4.718595027923584,0.011227154172956944,4.744218826293945,0.007830853573977947,1833.0898979170015,0.0,0.49206773875212145,2.1091015338897705,0.0,3.9150587410471805e-07,2.456322363286745e-07,0.0,0.0,0,0,0,,0.0,0.0,0.0,0.0,0.0,4.069055724408813e-05,0.0004514366080513566,0.0004921084513757472,3.325031176387334e-07,0.49206773875212145,0.00012643597954165042,0.0005002157020377278,0.00052728579863168,1.0512995317143388e-06,2.109101454340722
48800,muon_no_ns,1,113,0.3,128,4,512,226048,4,nested_depth_one_shared_v2,4.718595027923584,0.011227154172956944,4.744235038757324,0.007830853573977947,1836.0286954580806,0.0,0.4921636045801289,2.1100828647613525,0.0,1.836804946361588e-05,4.477453330764547e-06,0.0,0.0,0,0,0,,0.0,0.0,0.0,0.0,0.0,0.00041311762150375553,0.0009048669522800168,0.0004917505147173094,3.3757929702831534e-06,0.4921636045801289,0.0006726727230777993,0.0011364247020335604,0.0005273878250685657,5.593190493183474e-06,2.110083002021755
48900,muon_no_ns,1,113,0.3,128,4,512,226048,4,nested_depth_one_shared_v2,4.718595027923584,0.011227154172956944,4.744221210479736,0.007830853573977947,1838.9695459170034,0.0,0.4921186792608697,2.1091578006744385,0.0,3.582450616715603e-06,8.644402669233386e-07,0.0,0.0,0,0,0,,0.0,0.0,0.0,0.0,0.0,4.839631285684819e-05,0.000540455557816483,0.0004920703027386214,3.954707430176447e-07,0.4921186792608697,0.00013730292502286463,0.0006114191584805639,0.0005272712179645754,1.1416568393176094e-06,2.1091577488672897
49000,muon_no_ns,1,113,0.3,128,4,512,226048,4,nested_depth_one_shared_v2,4.718595027923584,0.011227154172956944,4.744206428527832,0.007830853573977947,1841.9073813330615,0.0,0.49173120510156826,2.109598159790039,0.0,1.3636549296446686e-05,3.400594096092391e-06,0.0,0.0,0,0,0,,0.0,0.0,0.0,0.0,0.0,0.0003576292494906153,0.00013446782761831057,0.0004920888720510171,2.9223694259362015e-06,0.49173120510156826,0.000572708275758782,0.00036900489913124004,0.0005275109796623749,4.7619984777813555e-06,2.109598331637947
49100,muon_no_ns,1,113,0.3,128,4,512,226048,4,nested_depth_one_shared_v2,4.718595027923584,0.011227154172956944,4.744218826293945,0.007830853573977947,1844.8516656249994,0.0,0.4920675040608022,2.1091034412384033,0.0,4.458932767008404e-07,2.5664238023637154e-07,0.0,0.0,0,0,0,,0.0,0.0,0.0,0.0,0.0,4.0580000855190635e-05,0.000451546032162557,0.0004921081048457981,3.3159970548434124e-07,0.4920675040608022,0.00012768893278999798,0.0004995101101666949,0.0005272865263069058,1.0617176830034172e-06,2.1091034891088194
49200,muon_no_ns,1,113,0.3,128,4,512,226048,4,nested_depth_one_shared_v2,4.718595027923584,0.011227154172956944,4.744192600250244,0.007830853573977947,1847.8066420000978,0.0,0.49152887266928835,2.1092958450317383,0.0,2.9406766079503117e-05,7.272832590388134e-06,0.0,0.0,0,0,0,,0.0,0.0,0.0,0.0,0.0,0.0007352549504932047,0.0002429940867812632,0.0004922641341522709,6.008139967997673e-06,0.49152887266928835,0.0011710764331244394,0.0008193734467981124,0.0005275557780625109,9.737355697393528e-06,2.109295878869121
49300,muon_no_ns,1,113,0.3,128,4,512,226048,4,nested_depth_one_shared_v2,4.718595027923584,0.011227154172956944,4.74422025680542,0.007830853573977947,1850.7562117920024,0.0,0.4920682838412054,2.109302043914795,0.0,2.6723802972108655e-06,6.427418952625885e-07,0.0,0.0,0,0,0,,0.0,0.0,0.0,0.0,0.0,2.4690536135192644e-05,0.0005167023211022482,0.0004920436604716385,2.0175885505515236e-07,0.4920682838412054,0.00012000894192661195,0.0005799882692940966,0.0005273151204531393,9.978595088704094e-07,2.109301982604862
49400,muon_no_ns,1,113,0.3,128,4,512,226048,4,nested_depth_one_shared_v2,4.718595027923584,0.011227154172956944,4.744150161743164,0.007830853573977947,1853.6942807080923,0.0,0.4910499430266327,2.107935905456543,0.0,0.00010297858549234561,2.5432098482269794e-05,0.0,0.0,0,0,0,,0.0,0.0,0.0,0.0,0.0,0.0021366820326444587,0.0016434956872765397,0.0004931866528714315,1.7459909260892934e-05,0.4910499430266327,0.0035156468653164507,0.003114262285517916,0.0005276801053459112,2.9232168853982226e-05,2.107935887847491
49500,muon_no_ns,1,113,0.3,128,4,512,226048,4,nested_depth_one_shared_v2,4.718594551086426,0.011227154172956944,4.7442193031311035,0.007830853573977947,1856.6284497500164,0.0,0.4920341767568996,2.1094107627868652,0.0,1.477769303462341e-06,3.7872399616389885e-07,0.0,0.0,0,0,0,,0.0,0.0,0.0,0.0,0.0,2.202939952698745e-06,0.0004938493699632172,0.0004920323966403546,1.8001336227698826e-08,0.4920341767568996,0.00012082565366037971,0.0005518691799406256,0.0005273499110508918,1.0046503659220828e-06,2.109410716566831
49600,muon_no_ns,1,113,0.3,128,4,512,226048,4,nested_depth_one_shared_v2,4.718594551086426,0.011227154172956944,4.744192600250244,0.007830853573977947,1859.5684757500421,0.0,0.4918293482427155,2.108069896697998,0.0,6.252084898420608e-06,1.6069280945885112e-06,0.0,0.0,0,0,0,,0.0,0.0,0.0,0.0,0.0,0.00047668405399461683,1.567286520780046e-05,0.0004923060636490603,3.895226431309404e-06,0.4918293482427155,0.0008110316032976193,0.0005150499952988993,0.0005271764472768956,6.743627469358447e-06,2.10806980018943
49700,muon_no_ns,1,113,0.3,128,4,512,226048,4,nested_depth_one_shared_v2,4.718595027923584,0.011227154172956944,4.744219779968262,0.007830853573977947,1862.5151188750751,0.0,0.49210446277909503,2.1091229915618896,0.0,1.3281282059462628e-06,3.4880662269642926e-07,0.0,0.0,0,0,0,,0.0,0.0,0.0,0.0,0.0,1.4472800753979208e-06,0.0004929741300364411,0.000492103628812023,1.182645728539749e-08,0.49210446277909503,0.00011258231903829334,0.000549170272648249,0.0005272781714568504,9.361080581123886e-07,2.109122932349418
49800,muon_no_ns,1,113,0.3,128,4,512,226048,4,nested_depth_one_shared_v2,4.718594551086426,0.011227154172956944,4.744194030761719,0.007830853573977947,1865.4523060000502,0.0,0.49156310575560674,2.1093688011169434,0.0,2.7389149056323082e-05,6.778945135010872e-06,0.0,0.0,0,0,0,,0.0,0.0,0.0,0.0,0.0,0.0006830971896855017,0.00019085467755140196,0.000492246235448112,5.581932531869816e-06,0.49156310575560674,0.0010885216881874132,0.0007449074020651808,0.000527557421226748,9.050923203986838e-06,2.109368896475545
49900,muon_no_ns,1,113,0.3,128,4,512,226048,4,nested_depth_one_shared_v2,4.718595027923584,0.011227154172956944,4.7442193031311035,0.007830853573977947,1868.3980216670316,0.0,0.49204418578455844,2.109367609024048,0.0,6.319755094099004e-07,2.3431020679254289e-07,0.0,0.0,0,0,0,,0.0,0.0,0.0,0.0,0.0,9.033655573284343e-06,0.0004831124533130475,0.0004920531478833124,7.38185673834184e-08,0.49204418578455844,0.00010377701009475272,0.0005345480659378415,0.000527342662076137,8.628930033273312e-07,2.1093675401343783
50000,muon_no_ns,1,113,0.3,128,4,512,226048,4,nested_depth_one_shared_v2,4.718595027923584,0.011227154172956944,4.744230270385742,0.007830853573977947,1871.3415335420286,0.0,0.492292082741048,2.1091933250427246,0.0,8.367170367634549e-06,2.110768718921463e-06,0.0,0.0,0,0,0,,0.0,0.0,0.0,0.0,0.0,5.503656490449108e-05,0.0005472631158159931,0.0004922370837624372,4.497316000146087e-07,0.492292082741048,0.00013685550290231825,0.0005941506994302865,0.0005272849901024736,1.1379365797244603e-06,2.1091932430373963
50100,muon_no_ns,1,113,0.3,128,4,512,226048,4,nested_depth_one_shared_v2,4.718595027923584,0.011227154172956944,4.7442193031311035,0.007830853573977947,1874.2860540830297,0.0,0.49201765611609655,2.109506845474243,0.0,1.0865782345696313e-06,2.9660691325261723e-07,0.0,0.0,0,0,0,,0.0,0.0,0.0,0.0,0.0,3.4000101285690634e-06,0.0004888813223971858,0.0004920208292837046,2.7783201910235203e-08,0.49201765611609655,0.00011794293841729415,0.0005449374133748806,0.000527375564614783,9.806809452231013e-07,2.1095067866094825
50200,muon_no_ns,1,113,0.3,128,4,512,226048,4,nested_depth_one_shared_v2,4.718595027923584,0.011227154172956944,4.744218349456787,0.007830853573977947,1877.2305617081001,0.0,0.49217979485671937,2.108715295791626,0.0,8.71871609059659e-06,2.116696805387619e-06,0.0,0.0,0,0,0,,0.0,0.0,0.0,0.0,0.0,6.133958345299572e-05,0.0005534478680226515,0.0004921185006381267,5.012367515744844e-07,0.49217979485671937,0.00014905214354502886,0.0006238991479251318,0.0005271577121464081,1.2393501381328547e-06,2.108715265029806
50300,muon_no_ns,1,113,0.3,128,4,512,226048,4,nested_depth_one_shared_v2,4.718595027923584,0.011227154172956944,4.74422025680542,0.007830853573977947,1880.1645810829941,0.0,0.4920233346757297,2.1095101833343506,0.0,1.706983583580232e-06,4.296975362194644e-07,0.0,0.0,0,0,0,,0.0,0.0,0.0,0.0,0.0,9.681104748234772e-06,0.0005016084117145015,0.0004920137818719342,7.910920196215523e-08,0.4920233346757297,0.00011217010595110065,0.0005597742534647309,0.0005273721693618018,9.326805572767627e-07,2.109510064216109
50400,muon_no_ns,1,113,0.3,128,4,512,226048,4,nested_depth_one_shared_v2,4.718595027923584,0.011227154172956944,4.744174003601074,0.007830853573977947,1883.109050125,0.0,0.4915853556044264,2.107670783996582,0.0,5.141754998162111e-05,1.2737138604279608e-05,0.0,0.0,0,0,0,,0.0,0.0,0.0,0.0,0.0,0.0012292314895313383,0.0007364174293025045,0.0004928146056753062,1.0044672038209965e-05,0.4915853556044264,0.0020449770701202177,0.001662958086992635,0.0005273193515004825,1.700373140602539e-05,2.1076708656272025
50500,muon_no_ns,1,113,0.3,128,4,512,226048,4,nested_depth_one_shared_v2,4.718595027923584,0.011227154172956944,4.7442193031311035,0.007830853573977947,1886.0476922920207,0.0,0.4920999433961412,2.109126091003418,0.0,9.407818822591785e-07,2.72439820037107e-07,0.0,0.0,0,0,0,,0.0,0.0,0.0,0.0,0.0,7.875328892069801e-06,0.0004843334506542401,0.0004921077438768416,6.435329438561693e-08,0.4920999433961412,0.00010897311179500275,0.0005399598159682902,0.0005272811630474074,9.060979462875226e-07,2.1091260975111554
50600,muon_no_ns,1,113,0.3,128,4,512,226048,4,nested_depth_one_shared_v2,4.718595027923584,0.011227154172956944,4.744218826293945,0.007830853573977947,1888.983633875032,0.0,0.49191688485291246,2.1098411083221436,0.0,2.6991226398305714e-07,2.207588778446734e-07,0.0,0.0,0,0,0,,0.0,0.0,0.0,0.0,0.0,3.428077553332318e-05,0.00045770040741744035,0.0004919511594517063,2.8012555029729005e-07,0.49191688485291246,0.00013562136794459707,0.0005093071213106899,0.0005274691410401304,1.1276749001944087e-06,2.10984107625798
50700,muon_no_ns,1,113,0.3,128,4,512,226048,4,nested_depth_one_shared_v2,4.718595027923584,0.011227154172956944,4.7442240715026855,0.007830853573977947,1891.9227054170333,0.0,0.4921144400973502,2.109372854232788,0.0,5.800588689869004e-06,1.400040105181688e-06,0.0,0.0,0,0,0,,0.0,0.0,0.0,0.0,0.0,0.00010084897612248228,0.000592856094383802,0.0004920136374567031,8.240879762410094e-07,0.4921144400973502,0.00020506950099337287,0.0006826086305531466,0.0005273086255946664,1.7051275368354048e-06,2.109372739437446
50800,muon_no_ns,1,113,0.3,128,4,512,226048,4,nested_depth_one_shared_v2,4.718595027923584,0.011227154172956944,4.744197845458984,0.007830853573977947,1894.8625486250967,0.0,0.49158825043578736,2.109541177749634,0.0,2.307850192658643e-05,5.71915779801202e-06,0.0,0.0,0,0,0,,0.0,0.0,0.0,0.0,0.0,0.0005857420589516644,9.357623371286033e-05,0.0004921740277763066,4.786394532895115e-06,0.49158825043578736,0.0009332897334525545,0.0006093390269201715,0.00052756962358137,7.76018870015758e-06,2.1095411447154944
50900,muon_no_ns,1,113,0.3,128,4,512,226048,4,nested_depth_one_shared_v2,4.718595027923584,0.011227154172956944,4.744218826293945,0.007830853573977947,1897.807181750075,0.0,0.49204400407936555,2.109278440475464,0.0,2.870957624052396e-07,2.276025554692751e-07,0.0,0.0,0,0,0,,0.0,0.0,0.0,0.0,0.0,3.6394371093088195e-05,0.00045570706897835414,0.0004920804105383379,2.973968083150543e-07,0.49204400407936555,0.00011148450910484057,0.0005025190929526546,0.0005273286489056355,9.269799042978325e-07,2.1092784718220337
51000,muon_no_ns,1,113,0.3,128,4,512,226048,4,nested_depth_one_shared_v2,4.718595027923584,0.011227154172956944,4.744217872619629,0.007830853573977947,1900.7529662080342,0.0,0.4918772688550377,2.1099143028259277,0.0,1.212750475730495e-06,3.858491197661351e-07,0.0,0.0,0,0,0,,0.0,0.0,0.0,0.0,0.0,5.9270050951071257e-05,0.0004326837179595052,0.0004919365714425142,4.843255550819726e-07,0.4918772688550377,0.00013951994068844115,0.00047612675259373375,0.0005274954623119772,1.1600910503663414e-06,2.1099144139943458
51100,muon_no_ns,1,113,0.3,128,4,512,226048,4,nested_depth_one_shared_v2,4.718595027923584,0.011227154172956944,4.744218826293945,0.007830853573977947,1903.7020077920752,0.0,0.49217183981308293,2.1086947917938232,0.0,1.9030348741797075e-06,5.522315973394143e-07,0.0,0.0,0,0,0,,0.0,0.0,0.0,0.0,0.0,5.689872549345695e-05,0.0004353468659984097,0.0004922287402792763,4.6494825575271833e-07,0.49217183981308293,0.0001297575388569562,0.0004809235770268971,0.0005271888201850624,1.0789178865956093e-06,2.10869491351434
51200,muon_no_ns,1,113,0.3,128,4,512,226048,4,nested_depth_one_shared_v2,4.718595027923584,0.011227154172956944,4.7442193031311035,0.007830853573977947,1906.6434116670862,0.0,0.4919880659741704,2.109579563140869,0.0,1.0391704081089328e-06,2.8873373025817273e-07,0.0,0.0,0,0,0,,0.0,0.0,0.0,0.0,0.0,5.535042731506135e-06,0.00048662113936794564,0.0004919934766744309,4.522963284698668e-08,0.4919880659741704,0.00012395553666554157,0.0005453504881297346,0.0005273939686612866,1.0306749559919006e-06,2.1095795708816834
51300,muon_no_ns,1,113,0.3,128,4,512,226048,4,nested_depth_one_shared_v2,4.718595027923584,0.011227154172956944,4.744274616241455,0.007830853573977947,1909.5867165829986,0.0,0.49286345583093955,2.110295534133911,0.0,6.946872570526249e-05,1.704305032035336e-05,0.0,0.0,0,0,0,,0.0,0.0,0.0,0.0,0.0,0.0015442072283999599,0.0020355262342565297,0.0004913192899914775,1.2618498061926964e-05,0.49286345583093955,0.002481158910385049,0.0029125144923440767,0.0005270879145547922,2.0630529458882316e-05,2.1102955257773073
51400,muon_no_ns,1,113,0.3,128,4,512,226048,4,nested_depth_one_shared_v2,4.718595027923584,0.011227154172956944,4.7442193031311035,0.007830853573977947,1912.5278567500645,0.0,0.49198106947781345,2.1096184253692627,0.0,1.1418139228957752e-06,3.0565769293389167e-07,0.0,0.0,0,0,0,,0.0,0.0,0.0,0.0,0.0,1.3258226527511718e-06,0.0004913847548072948,0.0004919816917658076,1.0833967272342267e-08,0.49198106947781345,0.00011616725837598283,0.000547111212966953,0.0005274028336316604,9.65916385303746e-07,2.109618448408093
51500,muon_no_ns,1,113,0.3,128,4,512,226048,4,nested_depth_one_shared_v2,4.718594551086426,0.011227154172956944,4.744227409362793,0.007830853573977947,1915.4640537500381,0.0,0.49227489724846146,2.1089868545532227,0.0,4.988937429834242e-05,1.2358346793917008e-05,0.0,0.0,0,0,0,,0.0,0.0,0.0,0.0,0.0,0.00042861972343668505,6.409783981784082e-05,0.0004927035597341933,3.502468483516666e-06,0.49227489724846146,0.000772906775034611,0.00047761839705039985,0.0005274001930177697,6.426624237802932e-06,2.1089870519986715
51600,muon_no_ns,1,113,0.3,128,4,512,226048,4,nested_depth_one_shared_v2,4.718595027923584,0.011227154172956944,4.7442193031311035,0.007830853573977947,1918.4065782920225,0.0,0.49209995096633163,2.1090776920318604,0.0,7.144807998542305e-07,2.371095746411811e-07,0.0,0.0,0,0,0,,0.0,0.0,0.0,0.0,0.0,1.2676785753254065e-05,0.00047949400956845813,0.0004921125952774826,1.0358842616262417e-07,0.49209995096633163,0.00011095362599022002,0.0005339691608265815,0.0005272707328337853,9.225656768617902e-07,2.1090778282785307
51700,muon_no_ns,1,113,0.3,128,4,512,226048,4,nested_depth_one_shared_v2,4.718595027923584,0.011227154172956944,4.7442193031311035,0.007830853573977947,1921.350067958003,0.0,0.4919335603329661,2.1098341941833496,0.0,1.2873639286526092e-06,3.359402569458325e-07,0.0,0.0,0,0,0,,0.0,0.0,0.0,0.0,0.0,1.4561644669238385e-06,0.0004923146656103623,0.0004919332204723746,1.1899056140777383e-08,0.4919335603329661,0.00012795777654961755,0.0005525166802709286,0.0005274560472672864,1.0639530856128403e-06,2.1098342960611713
51800,muon_no_ns,1,113,0.3,128,4,512,226048,4,nested_depth_one_shared_v2,4.718594074249268,0.011227154172956944,4.744221210479736,0.007830853573977947,1924.2968045420712,0.0,0.4921304200392093,2.1091363430023193,0.0,6.903124979329647e-06,1.7520825394967687e-06,0.0,0.0,0,0,0,,0.0,0.0,0.0,0.0,0.0,6.052483355398806e-05,0.0004316815609134448,0.0004921909763099972,4.945790181870841e-07,0.4921304200392093,0.0001405321236184463,0.0004675441375200088,0.0005273029122090422,1.1685072262379661e-06,2.1091364972948505
51900,muon_no_ns,1,113,0.3,128,4,512,226048,4,nested_depth_one_shared_v2,4.718595027923584,0.011227154172956944,4.7442193031311035,0.007830853573977947,1927.2338110420387,0.0,0.4919466080096868,2.1097681522369385,0.0,9.724244085842882e-07,2.834327972323081e-07,0.0,0.0,0,0,0,,0.0,0.0,0.0,0.0,0.0,6.522905657606659e-06,0.00048554173388687985,0.0004919530370848331,5.330196031003386e-08,0.4919466080096868,0.0001387961314386462,0.0005452804131148315,0.0005274420909951584,1.1540726659783022e-06,2.1097681880003756
52000,muon_no_ns,1,113,0.3,128,4,512,226048,4,nested_depth_one_shared_v2,4.718595027923584,0.011227154172956944,4.744210243225098,0.007830853573977947,1930.174819167005,0.0,0.4919986286779033,2.10880970954895,0.0,1.7584797590981833e-05,4.388138677313691e-06,0.0,0.0,0,0,0,,0.0,0.0,0.0,0.0,0.0,0.0003397262508663684,0.00015261879285338931,0.0004923383779570102,2.7760749718707214e-06,0.4919986286779033,0.0005635237346738636,0.0003763891688979809,0.0005273100539314,4.68563015464589e-06,2.10880978393832
52100,muon_no_ns,1,113,0.3,128,4,512,226048,4,nested_depth_one_shared_v2,4.718595027923584,0.011227154172956944,4.7442193031311035,0.007830853573977947,1933.1250303750858,0.0,0.4919652664191114,2.109697103500366,0.0,1.138939713015403e-06,3.1317327398028283e-07,0.0,0.0,0,0,0,,0.0,0.0,0.0,0.0,0.0,3.7613673382194468e-06,0.0004884362469522953,0.0004919688233630205,3.073603438360819e-08,0.4919652664191114,0.00014421552892372567,0.0005509809259034298,0.0005274232305812322,1.1991342857711164e-06,2.1096972184090865
52200,muon_no_ns,1,113,0.3,128,4,512,226048,4,nested_depth_one_shared_v2,4.718595027923584,0.011227154172956944,4.7442121505737305,0.007830853573977947,1936.0512061670888,0.0,0.4920160812506165,2.108867645263672,0.0,9.866830003631994e-07,2.853108185263409e-07,0.0,0.0,0,0,0,,0.0,0.0,0.0,0.0,0.0,0.00011454978048532389,0.00037758824097740637,0.0004921306432230505,9.360441762378789e-07,0.4920160812506165,0.00021621264273594972,0.00041663409643085493,0.000527252782680752,1.7977813821907016e-06,2.1088676690250114
52300,muon_no_ns,1,113,0.3,128,4,512,226048,4,nested_depth_one_shared_v2,4.718595027923584,0.011227154172956944,4.744218826293945,0.007830853573977947,1938.9432341670617,0.0,0.4919517194543987,2.109738349914551,0.0,6.593130621814036e-07,2.2582290171158093e-07,0.0,0.0,0,0,0,,0.0,0.0,0.0,0.0,0.0,1.3199319926107579e-05,0.0004788238741714973,0.0004919648948946584,1.0785831709835996e-07,0.4919517194543987,0.00012288091311770977,0.0005335151256552404,0.0005274367023742838,1.0217395941059858e-06,2.109738466949347
52400,muon_no_ns,1,113,0.3,128,4,512,226048,4,nested_depth_one_shared_v2,4.718595027923584,0.011227154172956944,4.744235992431641,0.007830853573977947,1941.888078417047,0.0,0.49241271240289447,2.109140634536743,0.0,1.307693373688648e-05,3.1860886338108685e-06,0.0,0.0,0,0,0,,0.0,0.0,0.0,0.0,0.0,0.00036901851262116956,0.0008610609691542479,0.0004920437182342113,3.0154368537377065e-06,0.49241271240289447,0.0006159452512795277,0.001075789120105798,0.00052716666196087,5.1215085814914355e-06,2.1091406798020955
52500,muon_no_ns,1,113,0.3,128,4,512,226048,4,nested_depth_one_shared_v2,4.718595027923584,0.011227154172956944,4.7442193031311035,0.007830853573977947,1944.8216732080327,0.0,0.4919869831895751,2.1095943450927734,0.0,9.672662450895198e-07,2.7548583148018224e-07,0.0,0.0,0,0,0,,0.0,0.0,0.0,0.0,0.0,8.470787533485926e-06,0.00048362845881856376,0.0004919953830301826,6.921908802683209e-08,0.4919869831895751,0.00012086528693845266,0.0005411813429996484,0.0005273985493636718,1.004979911727236e-06,2.1095943760706874
52600,muon_no_ns,1,113,0.3,128,4,512,226048,4,nested_depth_one_shared_v2,4.718595027923584,0.011227154172956944,4.744267463684082,0.007830853573977947,1947.7650812499924,0.0,0.49276040052782105,2.1102066040039062,0.0,3.188072357622357e-05,7.793583790771663e-06,0.0,0.0,0,0,0,,0.0,0.0,0.0,0.0,0.0,0.0010363517025013757,0.0015280753956240583,0.0004917240718742676,8.468553772435286e-06,0.49276040052782105,0.0016422302880739444,0.002080346146217222,0.0005272308427748892,1.3654941726856376e-05,2.1102066096172236
52700,muon_no_ns,1,113,0.3,128,4,512,226048,4,nested_depth_one_shared_v2,4.718595027923584,0.011227154172956944,4.744218826293945,0.007830853573977947,1950.6999896670459,0.0,0.49199807593989,2.109532356262207,0.0,4.86507785803157e-07,2.1061003963041003e-07,0.0,0.0,0,0,0,,0.0,0.0,0.0,0.0,0.0,1.9091537077295242e-05,0.000472971040123683,0.0004920171467348185,1.5600660272693684e-07,0.49199807593989,0.00012514765578432668,0.000529271525009028,0.0005273863699966494,1.040587279017908e-06,2.1095325552414534
52800,muon_no_ns,1,113,0.3,128,4,512,226048,4,nested_depth_one_shared_v2,4.718595027923584,0.011227154172956944,4.744235038757324,0.007830853573977947,1953.642233791994,0.0,0.49227445833326416,2.109668254852295,0.0,6.598425094981042e-05,1.6198031516978517e-05,0.0,0.0,0,0,0,,0.0,0.0,0.0,0.0,0.0,0.0009396984823026688,0.0014310328010474363,0.000491334792940602,7.678751439350693e-06,0.49227445833326416,0.001488341762805837,0.0019254620090469643,0.000527129082502588,1.2375377672881713e-05,2.109668400457213
52900,muon_no_ns,1,113,0.3,128,4,512,226048,4,nested_depth_one_shared_v2,4.718595027923584,0.011227154172956944,4.744218826293945,0.007830853573977947,1956.584816500079,0.0,0.4919901103861396,2.1095476150512695,0.0,3.983322300428804e-07,2.0214957885400509e-07,0.0,0.0,0,0,0,,0.0,0.0,0.0,0.0,0.0,1.8571028358853998e-05,0.00047347791377122793,0.000492008683988615,1.5175326280333575e-07,0.4919901103861396,0.00011001121117618684,0.0005240208778609471,0.0005273906274179821,9.14729614245236e-07,2.1095475867980737
53000,muon_no_ns,1,113,0.3,128,4,512,226048,4,nested_depth_one_shared_v2,4.718595027923584,0.011227154172956944,4.7442402839660645,0.007830853573977947,1959.525335708051,0.0,0.49237797094292773,2.1096277236938477,0.0,5.355734373103926e-05,1.3139496331859846e-05,0.0,0.0,0,0,0,,0.0,0.0,0.0,0.0,0.0,0.0008755238277782086,0.0013670258943406354,0.0004915024885460614,7.154347888552138e-06,0.49237797094292773,0.0014054501630337848,0.0018456970074324547,0.0005271333959194096,1.1686144273185514e-05,2.1096277156196876
53100,muon_no_ns,1,113,0.3,128,4,512,226048,4,nested_depth_one_shared_v2,4.718595027923584,0.011227154172956944,4.7442193031311035,0.007830853573977947,1962.4507272080518,0.0,0.49197049125271647,2.1096513271331787,0.0,5.349479008782517e-07,2.1437833197524014e-07,0.0,0.0,0,0,0,,0.0,0.0,0.0,0.0,0.0,1.5303621769943826e-05,0.0004767280990338478,0.000491985764523503,1.2505363146408158e-07,0.49197049125271647,0.00010929022806433785,0.000527832727127566,0.0005274155784495424,9.087347288446678e-07,2.1096512225104056
53200,muon_no_ns,1,113,0.3,128,4,512,226048,4,nested_depth_one_shared_v2,4.718594551086426,0.011227154172956944,4.744190692901611,0.007830853573977947,1965.3716116250725,0.0,0.49177476440853785,2.1082048416137695,0.0,2.8864405807859782e-05,7.162445854191901e-06,0.0,0.0,0,0,0,,0.0,0.0,0.0,0.0,0.0,0.000743458862655456,0.00025094283154553304,0.0004925182399803736,6.07517828242575e-06,0.49177476440853785,0.0012273848195586377,0.000877855006665355,0.0005272915661040547,1.0205552966117673e-05,2.108204834933645
53300,muon_no_ns,1,113,0.3,128,4,512,226048,4,nested_depth_one_shared_v2,4.718595027923584,0.011227154172956944,4.7442193031311035,0.007830853573977947,1968.3089082920924,0.0,0.4920226759661725,2.1094539165496826,0.0,8.817045880604936e-07,2.6804016783898987e-07,0.0,0.0,0,0,0,,0.0,0.0,0.0,0.0,0.0,7.494738551878344e-06,0.00048464181500762504,0.0004920300860789884,6.124329827773045e-08,0.4920226759661725,0.0001139453826837013,0.0005400637634694258,0.0005273634116639191,9.474417637340719e-07,2.109454005139383
53400,muon_no_ns,1,113,0.3,128,4,512,226048,4,nested_depth_one_shared_v2,4.718594551086426,0.011227154172956944,4.744266986846924,0.007830853573977947,1971.2470376250567,0.0,0.49256083543581153,2.111027956008911,0.0,5.238461744637355e-05,1.2822773896914441e-05,0.0,0.0,0,0,0,,0.0,0.0,0.0,0.0,0.0,0.001251658325489288,0.0017429671391057517,0.0004913091954575432,1.022793305452043e-05,0.49256083543581153,0.002001089161872733,0.002441609083630976,0.0005273589384451947,1.6638808877202783e-05,2.111027952976822
53500,muon_no_ns,1,113,0.3,128,4,512,226048,4,nested_depth_one_shared_v2,4.718595027923584,0.011227154172956944,4.74422025680542,0.007830853573977947,1974.1751156670507,0.0,0.4920856279577535,2.109281063079834,0.0,2.9389857444248324e-06,7.076052384036302e-07,0.0,0.0,0,0,0,,0.0,0.0,0.0,0.0,0.0,3.216327019048838e-05,0.0005241955620731284,0.0004920535233326752,2.6282234346515603e-07,0.4920856279577535,0.00011444191913613844,0.0005876355878664028,0.0005273074128528934,9.515704029222098e-07,2.1092809585518415
53600,muon_no_ns,1,113,0.3,128,4,512,226048,4,nested_depth_one_shared_v2,4.718595027923584,0.011227154172956944,4.74422025680542,0.007830853573977947,1977.115604792023,0.0,0.4919092966407887,2.1100246906280518,0.0,2.138891466532757e-06,5.21704805578338e-07,0.0,0.0,0,0,0,,0.0,0.0,0.0,0.0,0.0,2.089132768703663e-05,0.0005127445144607783,0.0004918884712782097,1.7071360182862339e-07,0.4919092966407887,0.00011815317044122075,0.0005731824873329584,0.0005274976175268292,9.824289984996023e-07,2.1100248112959874
53700,muon_no_ns,1,113,0.3,128,4,512,226048,4,nested_depth_one_shared_v2,4.718594551086426,0.011227154172956944,4.7442169189453125,0.007830853573977947,1980.058492375072,0.0,0.4920027249772508,2.109349012374878,0.0,3.513297489913525e-06,9.407780794390419e-07,0.0,0.0,0,0,0,,0.0,0.0,0.0,0.0,0.0,8.830789958297753e-05,0.000403793846924149,0.0004920910668223506,7.216084986826836e-07,0.4920027249772508,0.00017552026598414755,0.00044706732314000097,0.0005273631421939856,1.4594293025168889e-06,2.109349229443273
53800,muon_no_ns,1,113,0.3,128,4,512,226048,4,nested_depth_one_shared_v2,4.718595027923584,0.011227154172956944,4.744223117828369,0.007830853573977947,1982.9935127500212,0.0,0.4919179753647955,2.1101279258728027,0.0,4.3531880526448135e-06,1.0476344414200867e-06,0.0,0.0,0,0,0,,0.0,0.0,0.0,0.0,0.0,7.38454552689528e-05,0.0005656811023193078,0.000491844180300893,6.034285535361112e-07,0.4919179753647955,0.00016774312806570955,0.0006426640353469577,0.0005275067232123857,1.3947633626367115e-06,2.110127858631545
53900,muon_no_ns,1,113,0.3,128,4,512,226048,4,nested_depth_one_shared_v2,4.718595027923584,0.011227154172956944,4.744217872619629,0.007830853573977947,1985.935033417074,0.0,0.49200267197544373,2.1093544960021973,0.0,7.478932054454596e-07,2.9592257533295196e-07,0.0,0.0,0,0,0,,0.0,0.0,0.0,0.0,0.0,5.3105215188356745e-05,0.0004389672110858327,0.0004920557760228358,4.3394956493425473e-07,0.49200267197544373,0.00013373975383943406,0.00048644289469367165,0.0005273527136017832,1.1120295116365312e-06,2.1093544287914745
54000,muon_no_ns,1,113,0.3,128,4,512,226048,4,nested_depth_one_shared_v2,4.718595027923584,0.011227154172956944,4.744215965270996,0.007830853573977947,1988.8733298330335,0.0,0.49181591115261347,2.110027313232422,0.0,3.11131188108486e-06,8.356441867363174e-07,0.0,0.0,0,0,0,,0.0,0.0,0.0,0.0,0.0,0.00010338976307375404,0.0003885397337051502,0.0004919193108135024,8.448500311198823e-07,0.49181591115261347,0.0001933320090594042,0.00043116963487188604,0.0005275375951657623,1.6075317431506083e-06,2.1100272971462117
54100,muon_no_ns,1,113,0.3,128,4,512,226048,4,nested_depth_one_shared_v2,4.718595027923584,0.011227154172956944,4.744221210479736,0.007830853573977947,1991.818085958017,0.0,0.4920596229098931,2.109438180923462,0.0,4.359122043503172e-06,1.0456534482727875e-06,0.0,0.0,0,0,0,,0.0,0.0,0.0,0.0,0.0,5.969315435559427e-05,0.000551683629957195,0.0004919999755841615,4.877829469344251e-07,0.4920596229098931,0.00014973566455989614,0.0006256885323433812,0.0005273380269917244,1.2450335308305018e-06,2.109438294767968
54200,muon_no_ns,1,113,0.3,128,4,512,226048,4,nested_depth_one_shared_v2,4.718595027923584,0.011227154172956944,4.744220733642578,0.007830853573977947,1994.7557962920982,0.0,0.4918881823168058,2.1101057529449463,0.0,2.256659997188539e-06,5.474999511534406e-07,0.0,0.0,0,0,0,,0.0,0.0,0.0,0.0,0.0,2.417432010237843e-05,0.0005160054756973737,0.000491864058284345,1.9754059283632363e-07,0.4918881823168058,0.00011904782670552844,0.0005770388429639398,0.0005275168254902443,9.898679546821828e-07,2.1101057129181804
54300,muon_no_ns,1,113,0.3,128,4,512,226048,4,nested_depth_one_shared_v2,4.718595027923584,0.011227154172956944,4.7442193031311035,0.007830853573977947,1997.692194208037,0.0,0.4920934254189863,2.109161376953125,0.0,4.3611430488386655e-07,2.5888928689710156e-07,0.0,0.0,0,0,0,,0.0,0.0,0.0,0.0,0.0,1.743122604671937e-05,0.0004747250539980223,0.0004921108482012146,1.4243936179177705e-07,0.4920934254189863,0.00010919399704564275,0.0005264356461896475,0.0005272933987456205,9.079345798265063e-07,2.1091613661348902
54400,muon_no_ns,1,113,0.3,128,4,512,226048,4,nested_depth_one_shared_v2,4.718595027923584,0.011227154172956944,4.7442193031311035,0.007830853573977947,2000.634250458097,0.0,0.4919235793460619,2.1099114418029785,0.0,1.4611972736811753e-06,3.7106795502950263e-07,0.0,0.0,0,0,0,,0.0,0.0,0.0,0.0,0.0,5.3100148614266755e-06,0.0004970934464480609,0.0004919184585993932,4.339081633955498e-08,0.4919235793460619,0.00013026161130436567,0.0005571726145696803,0.0005274742868577712,1.083109186649856e-06,2.109911589013186
54500,muon_no_ns,1,113,0.3,128,4,512,226048,4,nested_depth_one_shared_v2,4.718595027923584,0.011227154172956944,4.744210720062256,0.007830853573977947,2003.4987364580156,0.0,0.49195415021169503,2.109055757522583,0.0,1.1955235005089397e-05,2.9942107175884303e-06,0.0,0.0,0,0,0,,0.0,0.0,0.0,0.0,0.0,0.0002750158632891884,0.0002172190470318316,0.0004922292022059175,2.247293675415284e-06,0.49195415021169503,0.00045042969379349685,0.00034324699797888086,0.0005273500457892563,3.7452671927087357e-06,2.109055784584712
54600,muon_no_ns,1,113,0.3,128,4,512,226048,4,nested_depth_one_shared_v2,4.718595027923584,0.011227154172956944,4.7442193031311035,0.007830853573977947,2006.3479615830583,0.0,0.49192417003225997,2.109917402267456,0.0,1.4904028050019372e-06,3.8069484276093135e-07,0.0,0.0,0,0,0,,0.0,0.0,0.0,0.0,0.0,5.318414579321532e-06,0.0004970909592950678,0.0004919190363718318,4.345945468162957e-08,0.49192417003225997,0.00011359596457330182,0.0005534639158854101,0.0005274757686284109,9.445363953637143e-07,2.1099174649697496
54700,muon_no_ns,1,113,0.3,128,4,512,226048,4,nested_depth_one_shared_v2,4.718595027923584,0.011227154172956944,4.744221210479736,0.007830853573977947,2009.2777217919938,0.0,0.49215570982946333,2.1090104579925537,0.0,9.212943131712192e-06,2.226798414994846e-06,0.0,0.0,0,0,0,,0.0,0.0,0.0,0.0,0.0,0.00010734566509212018,0.0005993881842845213,0.0004920483969800893,8.771757067376868e-07,0.49215570982946333,0.00020943774537026763,0.0006897683334144692,0.0005272161527698866,1.7414489485450397e-06,2.109010566030183
54800,muon_no_ns,1,113,0.3,128,4,512,226048,4,nested_depth_one_shared_v2,4.718595027923584,0.011227154172956944,4.7442193031311035,0.007830853573977947,2012.2229877921054,0.0,0.49194866016646316,2.1097724437713623,0.0,9.890076409055485e-07,2.8085338499295176e-07,0.0,0.0,0,0,0,,0.0,0.0,0.0,0.0,0.0,6.330885902398053e-06,0.000485768464354572,0.0004919548858242945,5.1732869799130023e-08,0.49194866016646316,0.00014659346452754104,0.0005461767411625885,0.000527443438141775,1.2189065262029978e-06,2.1097723692553285
54900,muon_no_ns,1,113,0.3,128,4,512,226048,4,nested_depth_one_shared_v2,4.718595027923584,0.011227154172956944,4.744196891784668,0.007830853573977947,2015.1367352500092,0.0,0.49173105358420127,2.1088223457336426,0.0,3.3079629576479884e-05,8.19167780718999e-06,0.0,0.0,0,0,0,,0.0,0.0,0.0,0.0,0.0,0.0007082609641442571,0.00021582418002781081,0.0004924393338766994,5.787558456550651e-06,0.49173105358420127,0.0011557515653550826,0.000809087420506333,0.0005274329841937813,9.609931317340368e-06,2.108822446436803
55000,muon_no_ns,1,113,0.3,128,4,512,226048,4,nested_depth_one_shared_v2,4.718595027923584,0.011227154172956944,4.7442193031311035,0.007830853573977947,2018.0704337500501,0.0,0.4919171802001195,2.109875440597534,0.0,1.0108962407269201e-06,2.8506588023446966e-07,0.0,0.0,0,0,0,,0.0,0.0,0.0,0.0,0.0,4.970607046934087e-06,0.0004871017751539131,0.0004919220118891437,4.061734347230563e-08,0.4919171802001195,0.00014049989368389632,0.0005458142312344363,0.0005274689255074062,1.1682392383185273e-06,2.1098754289202772
55100,muon_no_ns,1,113,0.3,128,4,512,226048,4,nested_depth_one_shared_v2,4.718595027923584,0.011227154172956944,4.744226932525635,0.007830853573977947,2021.011848458089,0.0,0.49217037897758514,2.1093859672546387,0.0,1.222952779635117e-05,2.974980134240468e-06,0.0,0.0,0,0,0,,0.0,0.0,0.0,0.0,0.0,0.00022128045959588275,0.0007132273961222953,0.0004919491373772476,1.8081945215644005e-06,0.49217037897758514,0.0003816260077306557,0.000854804522618169,0.0005272736705634038,3.173173053047665e-06,2.1093858506665364
55200,muon_no_ns,1,113,0.3,128,4,512,226048,4,nested_depth_one_shared_v2,4.718595027923584,0.011227154172956944,4.7442169189453125,0.007830853573977947,2023.9384446250042,0.0,0.49186530996760536,2.109891176223755,0.0,2.102779250229113e-06,6.038489459569973e-07,0.0,0.0,0,0,0,,0.0,0.0,0.0,0.0,0.0,7.74563233202411e-05,0.0004144979338608471,0.0004919427966755871,6.329347821491366e-07,0.49186530996760536,0.00016362128023237547,0.000456849177532925,0.0005274956778338587,1.3604907077113434e-06,2.10989124903718
55300,muon_no_ns,1,113,0.3,128,4,512,226048,4,nested_depth_one_shared_v2,4.718594551086426,0.011227154172956944,4.744218349456787,0.007830853573977947,2026.8762570000254,0.0,0.49201424137734895,2.109370708465576,0.0,7.87627522247226e-07,2.482692593730462e-07,0.0,0.0,0,0,0,,0.0,0.0,0.0,0.0,0.0,2.2932300076383375e-05,0.0004691392875366199,0.0004920371765797396,1.8739141920039124e-07,0.49201424137734895,0.00011224723377493212,0.0005202260616069845,0.0005273474049110382,9.333218655924028e-07,2.109370591900776
55400,muon_no_ns,1,113,0.3,128,4,512,226048,4,nested_depth_one_shared_v2,4.718595027923584,0.011227154172956944,4.744218349456787,0.007830853573977947,2029.8074097920908,0.0,0.4918531159957894,2.110024929046631,0.0,5.58090829472512e-07,2.5810001602621924e-07,0.0,0.0,0,0,0,,0.0,0.0,0.0,0.0,0.0,4.4008270690559285e-05,0.00044791087303361875,0.0004918971527668137,3.5961383174781283e-07,0.4918531159957894,0.00013828472843107077,0.0004964681217696285,0.0005275183340804687,1.149820413222952e-06,2.1100250372824925
55500,muon_no_ns,1,113,0.3,128,4,512,226048,4,nested_depth_one_shared_v2,4.718595027923584,0.011227154172956944,4.744222164154053,0.007830853573977947,2032.7418871250702,0.0,0.49222098342595144,2.108762502670288,0.0,3.7018264386513474e-06,8.891690299606125e-07,0.0,0.0,0,0,0,,0.0,0.0,0.0,0.0,0.0,6.075984610400997e-05,0.0005529112034476806,0.0004921602837327122,4.964994245628868e-07,0.49222098342595144,0.00014552076998049877,0.0006277633174710952,0.0005271681176392171,1.2099872037200605e-06,2.1087625250136286
55600,muon_no_ns,1,113,0.3,128,4,512,226048,4,nested_depth_one_shared_v2,4.718595027923584,0.011227154172956944,4.7442193031311035,0.007830853573977947,2035.656342292088,0.0,0.4919875510838908,2.1095476150512695,0.0,1.0489433332591237e-06,2.88073664478361e-07,0.0,0.0,0,0,0,,0.0,0.0,0.0,0.0,0.0,4.9907507800875e-06,0.00048715467258635424,0.0004919924223987596,4.0781948101193224e-08,0.4919875510838908,0.00012847400610204246,0.0005441418722221523,0.0005273865855631126,1.0682454704916448e-06,2.1095476998168907
55700,muon_no_ns,1,113,0.3,128,4,512,226048,4,nested_depth_one_shared_v2,4.718595027923584,0.011227154172956944,4.744139194488525,0.007830853573977947,2038.6033499171026,0.0,0.49065411596706965,2.1086621284484863,0.0,8.934306131235442e-05,2.2020903998054564e-05,0.0,0.0,0,0,0,,0.0,0.0,0.0,0.0,0.0,0.002168699272889511,0.0016758768055697925,0.0004928228383150987,1.7721538319836697e-05,0.49065411596706965,0.0034660468771959708,0.0030621876409162438,0.0005278556381262293,2.881975108751157e-05,2.1086622376147703
55800,muon_no_ns,1,113,0.3,128,4,512,226048,4,nested_depth_one_shared_v2,4.718595027923584,0.011227154172956944,4.74422025680542,0.007830853573977947,2041.6191570830997,0.0,0.4919960921353313,2.1095352172851562,0.0,9.424916461324559e-07,2.774276310901769e-07,0.0,0.0,0,0,0,,0.0,0.0,0.0,0.0,0.0,2.9930754430857317e-06,0.0004892638543704945,0.0004919988635545843,2.4457932836457557e-08,0.4919960921353313,0.00010734628977757455,0.0005448512449905455,0.0005273821664330069,8.925711224253209e-07,2.1095353807301955
55900,muon_no_ns,1,113,0.3,128,4,512,226048,4,nested_depth_one_shared_v2,4.718595027923584,0.011227154172956944,4.744340419769287,0.007830853573977947,2044.5680113750277,0.0,0.4936252514869202,2.112370491027832,0.0,0.00013978862017951238,3.424102396820672e-05,0.0,0.0,0,0,0,,0.0,0.0,0.0,0.0,0.0,0.003274836230947276,0.003765186397854014,0.000490350455342972,2.6760342700994886e-05,0.4936252514869202,0.005209071431784155,0.005636631519414424,0.0005270581486918771,4.331278467374255e-05,2.112370377575994
56000,muon_no_ns,1,113,0.3,128,4,512,226048,4,nested_depth_one_shared_v2,4.718595027923584,0.011227154172956944,4.744221210479736,0.007830853573977947,2047.504532083054,0.0,0.49203243537728547,2.1094534397125244,0.0,2.703367651715794e-06,6.530750624733628e-07,0.0,0.0,0,0,0,,0.0,0.0,0.0,0.0,0.0,2.8830366997723986e-05,0.0005208161499058404,0.0004920036582615702,2.355875062587116e-07,0.49203243537728547,0.00011994823149969739,0.0005863953300543536,0.0005273512045377693,9.973547091795554e-07,2.109453440020138
56100,muon_no_ns,1,113,0.3,128,4,512,226048,4,nested_depth_one_shared_v2,4.718594551086426,0.011227154172956944,4.744217872619629,0.007830853573977947,2050.3822157920804,0.0,0.4918245006313454,2.110112428665161,0.0,7.695446904797509e-07,2.991662881868251e-07,0.0,0.0,0,0,0,,0.0,0.0,0.0,0.0,0.0,4.7488917140385586e-05,0.000444397194128566,0.0004918720034745207,3.8805595381124515e-07,0.4918245006313454,0.00013807776505789463,0.0004919886240991853,0.0005275412856710531,1.1480995383731596e-06,2.1101126052314347
56200,muon_no_ns,1,113,0.3,128,4,512,226048,4,nested_depth_one_shared_v2,4.718594551086426,0.011227154172956944,4.7442169189453125,0.007830853573977947,2053.324075792101,0.0,0.49203913586942544,2.1091220378875732,0.0,2.5486511155646547e-06,6.996128263381252e-07,0.0,0.0,0,0,0,,0.0,0.0,0.0,0.0,0.0,7.90805129966984e-05,0.00041304798335254673,0.0004921182263075392,6.462068572357259e-07,0.49203913586942544,0.0001568558203318813,0.0004570438143996483,0.000527302777458634,1.3042367454214507e-06,2.1091220280166203
56300,muon_no_ns,1,113,0.3,128,4,512,226048,4,nested_depth_one_shared_v2,4.718594074249268,0.011227154172956944,4.7442193031311035,0.007830853573977947,2056.261149542057,0.0,0.4919033971415022,2.1099352836608887,0.0,1.7119752775530296e-06,4.2666070498853514e-07,0.0,0.0,0,0,0,,0.0,0.0,0.0,0.0,0.0,8.803283469485537e-06,0.0005006177331113063,0.0004918946971200202,7.193608044005696e-08,0.4919033971415022,0.00011388401349729566,0.0005591753894787898,0.0005274787590982974,9.469314865395278e-07,2.109935318737371
56400,muon_no_ns,1,113,0.3,128,4,512,226048,4,nested_depth_one_shared_v2,4.718595027923584,0.011227154172956944,4.744232654571533,0.007830853573977947,2059.203377958038,0.0,0.492290319571937,2.1092844009399414,0.0,1.9128237492276347e-05,4.6622340050817e-06,0.0,0.0,0,0,0,,0.0,0.0,0.0,0.0,0.0,0.000375667729697553,0.0008675813442332851,0.0004919146886175715,3.069770968517504e-06,0.492290319571937,0.0006222514353584212,0.001085809881063874,0.0005271992789746369,5.173943722130031e-06,2.109284349542309
56500,muon_no_ns,1,113,0.3,128,4,512,226048,4,nested_depth_one_shared_v2,4.718595027923584,0.011227154172956944,4.7442193031311035,0.007830853573977947,2062.1422163330717,0.0,0.4919402470265419,2.109809398651123,0.0,1.7733594754228015e-06,4.4017065192747395e-07,0.0,0.0,0,0,0,,0.0,0.0,0.0,0.0,0.0,1.1747961219284853e-05,0.000503608077457561,0.0004919285984071398,9.599853125330889e-08,0.4919402470265419,0.00011810589672698155,0.0005624434763280622,0.0005274466712796167,9.820359234127304e-07,2.1098094351531214
56600,muon_no_ns,1,113,0.3,128,4,512,226048,4,nested_depth_one_shared_v2,4.718594551086426,0.011227154172956944,4.744246482849121,0.007830853573977947,2065.0741913330276,0.0,0.492512164437675,2.10959529876709,0.0,1.712478175394748e-05,4.182194516033633e-06,0.0,0.0,0,0,0,,0.0,0.0,0.0,0.0,0.0,0.0005783664092204501,0.0010702996662316987,0.0004919338126713442,4.726124369586002e-06,0.492512164437675,0.0009375181816656702,0.0013868627379806885,0.0005272171231314665,7.795347724056015e-06,2.1095953932172624
56700,muon_no_ns,1,113,0.3,128,4,512,226048,4,nested_depth_one_shared_v2,4.718595027923584,0.011227154172956944,4.7442193031311035,0.007830853573977947,2067.894180417061,0.0,0.4919655087314622,2.109668493270874,0.0,7.173657332926515e-07,2.425923639748362e-07,0.0,0.0,0,0,0,,0.0,0.0,0.0,0.0,0.0,1.1988285742264315e-05,0.00048005697831853835,0.0004919774601059631,9.796234444604472e-08,0.4919655087314622,0.00011536673776021438,0.0005341407113060579,0.0005274186231490419,9.59260155395646e-07,2.1096685134695576
56800,muon_no_ns,1,113,0.3,128,4,512,226048,4,nested_depth_one_shared_v2,4.718595027923584,0.011227154172956944,4.74419641494751,0.007830853573977947,2070.8259365000995,0.0,0.4916497577841604,2.1092002391815186,0.0,5.992710004952703e-05,1.4795934475841932e-05,0.0,0.0,0,0,0,,0.0,0.0,0.0,0.0,0.0,0.000990906595072838,0.0004982669379901425,0.000492640707686542,8.097198821192603e-06,0.4916497577841604,0.0016352753364443618,0.0012556591918630267,0.0005276259985668128,1.3597112164276308e-05,2.109200251369798
56900,muon_no_ns,1,113,0.3,128,4,512,226048,4,nested_depth_one_shared_v2,4.718595027923584,0.011227154172956944,4.7442193031311035,0.007830853573977947,2073.7681437080028,0.0,0.4919089785694609,2.1099143028259277,0.0,5.849149088754502e-07,2.1916537207289366e-07,0.0,0.0,0,0,0,,0.0,0.0,0.0,0.0,0.0,1.4100925760435537e-05,0.0004778754731357801,0.0004919230374273477,1.1522579425029483e-07,0.4919089785694609,0.0001108327333879469,0.0005287835996466686,0.0005274812107321339,9.215604698264338e-07,2.1099144139943458
57000,muon_no_ns,1,113,0.3,128,4,512,226048,4,nested_depth_one_shared_v2,4.718595027923584,0.011227154172956944,4.744212627410889,0.007830853573977947,2076.6834713750286,0.0,0.4919466307273364,2.1091763973236084,0.0,4.809791556107378e-06,1.2439038528100355e-06,0.0,0.0,0,0,0,,0.0,0.0,0.0,0.0,0.0,0.00017554303568334233,0.00031658550201205186,0.0004921221968669215,1.434450904526726e-06,0.4919466307273364,0.0002977944807545405,0.0003713124819765556,0.000527348428926611,2.476124274904134e-06,2.1091765133755866
57100,muon_no_ns,1,113,0.3,128,4,512,226048,4,nested_depth_one_shared_v2,4.718595027923584,0.011227154172956944,4.7442193031311035,0.007830853573977947,2079.6238988750847,0.0,0.4918937411973132,2.1100034713745117,0.0,7.811974871797684e-07,2.404171937087085e-07,0.0,0.0,0,0,0,,0.0,0.0,0.0,0.0,0.0,9.442290430323663e-06,0.00048255259277032834,0.0004919031184929562,7.715772941863905e-08,0.4918937411973132,0.00011489654529293318,0.0005356384726134602,0.0005275020087498418,9.553505631857362e-07,2.1100035684564435
57200,muon_no_ns,1,113,0.3,128,4,512,226048,4,nested_depth_one_shared_v2,4.718595027923584,0.011227154172956944,4.74422550201416,0.007830853573977947,2082.5712645000312,0.0,0.4922131577116499,2.1091067790985107,0.0,1.1964816705977001e-05,2.9068125968478853e-06,0.0,0.0,0,0,0,,0.0,0.0,0.0,0.0,0.0,0.00019899654943960395,0.0006910085928998234,0.0004920142006758646,1.6261014242470703e-06,0.4922131577116499,0.000346953389408745,0.0008223451843792876,0.0005272108157492723,2.8848745201674178e-06,2.1091068803846196
57300,muon_no_ns,1,113,0.3,128,4,512,226048,4,nested_depth_one_shared_v2,4.718595027923584,0.011227154172956944,4.7442193031311035,0.007830853573977947,2085.5044916670304,0.0,0.4919410042907531,2.1097781658172607,0.0,1.2489730408634013e-06,3.309418730168545e-07,0.0,0.0,0,0,0,,0.0,0.0,0.0,0.0,0.0,1.766658782265241e-06,0.0004906625105786408,0.0004919423055927775,1.44362621869079e-08,0.4919410042907531,0.00011959286906827897,0.0005475198445875604,0.0005274428453976877,9.943999145151458e-07,2.109778132593167
57400,muon_no_ns,1,113,0.3,128,4,512,226048,4,nested_depth_one_shared_v2,4.718595027923584,0.011227154172956944,4.744263648986816,0.007830853573977947,2088.4330930419965,0.0,0.49274399495929255,2.109901189804077,0.0,2.9154618132856463e-05,7.134700808819616e-06,0.0,0.0,0,0,0,,0.0,0.0,0.0,0.0,0.0,0.0009490705022745539,0.0014408651223275996,0.0004917949586096249,7.755334953322524e-06,0.49274399495929255,0.001526656101899924,0.001963602911755098,0.0005271796011830245,1.2693956663558091e-05,2.1099014190496934
57500,muon_no_ns,1,113,0.3,128,4,512,226048,4,nested_depth_one_shared_v2,4.718595027923584,0.011227154172956944,4.7442193031311035,0.007830853573977947,2091.4498999170028,0.0,0.4920110386185819,2.1094470024108887,0.0,1.0437544983028877e-06,2.9764896680717357e-07,0.0,0.0,0,0,0,,0.0,0.0,0.0,0.0,0.0,7.715654047174669e-06,0.00048440596164529235,0.0004920186630818155,6.304851049146599e-08,0.4920110386185819,0.0001202642764020442,0.0005413670669549578,0.0005273616870539654,9.999825834527044e-07,2.1094472236984485
57600,muon_no_ns,1,113,0.3,128,4,512,226048,4,nested_depth_one_shared_v2,4.718594551086426,0.011227154172956944,4.744234085083008,0.007830853573977947,2094.3853005830897,0.0,0.4920627950693857,2.110410451889038,0.0,1.7217535546682415e-05,4.19188882005983e-06,0.0,0.0,0,0,0,,0.0,0.0,0.0,0.0,0.0,0.0003826345321843142,0.0008743134213764211,0.0004916801996274556,3.1267002342664497e-06,0.4920627950693857,0.0006271240773844929,0.0010924202444850325,0.0005274789746270036,5.214459137906387e-06,2.1104105350245894
57700,muon_no_ns,1,113,0.3,128,4,512,226048,4,nested_depth_one_shared_v2,4.718595027923584,0.011227154172956944,4.744218826293945,0.007830853573977947,2097.3372284170473,0.0,0.49199154904132164,2.109503746032715,0.0,2.55462882448832e-07,2.2004130073582928e-07,0.0,0.0,0,0,0,,0.0,0.0,0.0,0.0,0.0,2.716126349808662e-05,0.000464881114672896,0.0004920187208473229,2.2194841761310751e-07,0.49199154904132164,0.00011071072201109776,0.0005131515041700712,0.0005273824089472046,9.205459603188528e-07,2.109503848061281
57800,muon_no_ns,1,113,0.3,128,4,512,226048,4,nested_depth_one_shared_v2,4.718595504760742,0.011227154172956944,4.744349956512451,0.007830853573977947,2100.2432910000207,0.0,0.4937797102862209,2.112447738647461,0.0,0.00016629488227907208,4.074527168995701e-05,0.0,0.0,0,0,0,,0.0,0.0,0.0,0.0,0.0,0.0036961843388248115,0.004186267771920262,0.0004900835544846758,3.0203391137025253e-05,0.4937797102862209,0.005899745045947629,0.006324279418861805,0.0005269459993329372,4.9055650349871684e-05,2.1124476905982585
57900,muon_no_ns,1,113,0.3,128,4,512,226048,4,nested_depth_one_shared_v2,4.718595027923584,0.011227154172956944,4.74422025680542,0.007830853573977947,2103.165702917031,0.0,0.49200469361175353,2.1095666885375977,0.0,2.424946335239501e-06,5.85183215662255e-07,0.0,0.0,0,0,0,,0.0,0.0,0.0,0.0,0.0,2.145238233099439e-05,0.0005133976385111671,0.0004919833093189993,1.7529826301088695e-07,0.49200469361175353,0.00012501749928488457,0.0005751888121827238,0.000527382867029274,1.039505043823392e-06,2.109566686892195
58000,muon_no_ns,1,113,0.3,128,4,512,226048,4,nested_depth_one_shared_v2,4.718595027923584,0.011227154172956944,4.744184494018555,0.007830853573977947,2106.090781292063,0.0,0.4915317829911823,2.108656883239746,0.0,9.305789030267953e-05,2.298493927810341e-05,0.0,0.0,0,0,0,,0.0,0.0,0.0,0.0,0.0,0.0015283792841359136,0.0010353194685023344,0.0004930601992754487,1.2489159926249991e-05,0.4915317829911823,0.0025505074190942333,0.0021550985466291866,0.0005276708410646053,2.12071537314616e-05,2.108656923493268
58100,muon_no_ns,1,113,0.3,128,4,512,226048,4,nested_depth_one_shared_v2,4.718595027923584,0.011227154172956944,4.7442193031311035,0.007830853573977947,2109.0422199580353,0.0,0.49203107255415807,2.109407663345337,0.0,7.340033655238679e-07,2.3922265768305806e-07,0.0,0.0,0,0,0,,0.0,0.0,0.0,0.0,0.0,1.017654570670785e-05,0.000481945679892833,0.0004920411911153097,8.315770054402596e-08,0.49203107255415807,0.00010711224575256049,0.0005358939287090354,0.0005273524710739292,8.906250753049538e-07,2.1094075518321636
58200,muon_no_ns,1,113,0.3,128,4,512,226048,4,nested_depth_one_shared_v2,4.718595027923584,0.011227154172956944,4.744119167327881,0.007830853573977947,2111.975593542098,0.0,0.49040492005515174,2.108151912689209,0.0,0.00011479009058537128,2.8294707590248436e-05,0.0,0.0,0,0,0,,0.0,0.0,0.0,0.0,0.0,0.0027353086012637143,0.0022421685836846116,0.0004931402739882412,2.2351589637086322e-05,0.49040492005515174,0.004388706002147288,0.003981153384241364,0.0005279112826745053,3.649154759282316e-05,2.1081521339604206
58300,muon_no_ns,1,113,0.3,128,4,512,226048,4,nested_depth_one_shared_v2,4.718595027923584,0.011227154172956944,4.744218826293945,0.007830853573977947,2114.914997667074,0.0,0.49200061247223437,2.1095054149627686,0.0,7.963368828932762e-08,2.1534978600357135e-07,0.0,0.0,0,0,0,,0.0,0.0,0.0,0.0,0.0,2.6661256965578503e-05,0.0004653971275656592,0.0004920272700676532,2.1786261141730183e-07,0.49200061247223437,0.00011371989842869765,0.0005151802921221231,0.0005273824358932197,9.455668900426302e-07,2.1095053173358935
58400,muon_no_ns,1,113,0.3,128,4,512,226048,4,nested_depth_one_shared_v2,4.718595027923584,0.011227154172956944,4.744307518005371,0.007830853573977947,2117.8584957080893,0.0,0.49329878222798323,2.111161947250366,0.0,0.0001053389633550772,2.585202491900418e-05,0.0,0.0,0,0,0,,0.0,0.0,0.0,0.0,0.0,0.002422583747236511,0.0029134597403316746,0.000490876222396019,1.979615673152516e-05,0.49329878222798323,0.0038827966436180113,0.004307487295021334,0.0005270311045165646,3.228497384981258e-05,2.111162007984299
58500,muon_no_ns,1,113,0.3,128,4,512,226048,4,nested_depth_one_shared_v2,4.718595027923584,0.011227154172956944,4.7442193031311035,0.007830853573977947,2120.792007417069,0.0,0.4920044286037216,2.1095175743103027,0.0,4.781728348749981e-07,2.06366763677579e-07,0.0,0.0,0,0,0,,0.0,0.0,0.0,0.0,0.0,1.5406781950401112e-05,0.00047666650191860097,0.00049201983283202,1.2589660545955828e-07,0.4920044286037216,0.00010853805738502997,0.0005299428017156216,0.0005273815736200539,9.024805226780984e-07,2.109517636598152
58600,muon_no_ns,1,113,0.3,128,4,512,226048,4,nested_depth_one_shared_v2,4.718595027923584,0.011227154172956944,4.7443461418151855,0.007830853573977947,2123.7317985000554,0.0,0.49373093308682325,2.11244535446167,0.0,0.00014350956643042348,3.515763091854751e-05,0.0,0.0,0,0,0,,0.0,0.0,0.0,0.0,0.0,0.003400043546181596,0.003890374253951612,0.0004903309217486736,2.7783474982444183e-05,0.49373093308682325,0.005412192070833237,0.005839305396566694,0.0005270368478124265,4.500170766455524e-05,2.1124455461876197
58700,muon_no_ns,1,113,0.3,128,4,512,226048,4,nested_depth_one_shared_v2,4.718595027923584,0.011227154172956944,4.7442193031311035,0.007830853573977947,2126.679646750097,0.0,0.4920766190865669,2.109203577041626,0.0,5.781128570505327e-07,2.2671231647564127e-07,0.0,0.0,0,0,0,,0.0,0.0,0.0,0.0,0.0,1.0741594868366691e-05,0.00048140525932406853,0.000492087312602279,8.777500295017608e-08,0.4920766190865669,0.00011297490849070943,0.0005372042006671543,0.0005273014569028116,9.393723908519871e-07,2.109203642490019
58800,muon_no_ns,1,113,0.3,128,4,512,226048,4,nested_depth_one_shared_v2,4.718595027923584,0.011227154172956944,4.7442193031311035,0.007830853573977947,2129.6236128750024,0.0,0.49191342397627325,2.1099181175231934,0.0,9.616423936007755e-07,2.7596175300459436e-07,0.0,0.0,0,0,0,,0.0,0.0,0.0,0.0,0.0,6.804902501827931e-06,0.0004852373606279836,0.0004919201485818655,5.560629911044388e-08,0.49191342397627325,0.0001223187809620653,0.0005421236391514444,0.0005274794326252119,1.0170655347588527e-06,2.109918255962653
58900,muon_no_ns,1,113,0.3,128,4,512,226048,4,nested_depth_one_shared_v2,4.718595027923584,0.011227154172956944,4.7442193031311035,0.007830853573977947,2132.560570667032,0.0,0.4921256132424826,2.1090259552001953,0.0,3.821856381418071e-06,1.0040761253549135e-06,0.0,0.0,0,0,0,,0.0,0.0,0.0,0.0,0.0,5.523457561830148e-05,0.00043695952471927546,0.0004921808707809433,4.513496456774607e-07,0.4921256132424826,0.00013803990489486464,0.000483325887060007,0.000527271568336535,1.1477847358002816e-06,2.1090260534942726
59000,muon_no_ns,1,113,0.3,128,4,512,226048,4,nested_depth_one_shared_v2,4.718595027923584,0.011227154172956944,4.7442193031311035,0.007830853573977947,2135.501375458087,0.0,0.4919459491973936,2.1097848415374756,0.0,8.843695649229161e-07,2.668003560302168e-07,0.0,0.0,0,0,0,,0.0,0.0,0.0,0.0,0.0,8.645101615102752e-06,0.00048339359563316604,0.0004919545391861747,7.064349652628434e-08,0.4919459491973936,0.00011961376593071797,0.0005382904412664817,0.0005274468868214349,9.945736693417076e-07,2.1097847999643577
59100,muon_no_ns,1,113,0.3,128,4,512,226048,4,nested_depth_one_shared_v2,4.718595027923584,0.011227154172956944,4.7442498207092285,0.007830853573977947,2138.4483559580985,0.0,0.49262092065610363,2.1093223094940186,0.0,2.6878416920184444e-05,6.578359261766309e-06,0.0,0.0,0,0,0,,0.0,0.0,0.0,0.0,0.0,0.0007106336020699237,0.0012025434183374974,0.000491910311935767,5.806946480719985e-06,0.49262092065610363,0.0011547091025348132,0.0016010212165282263,0.000527104764954856,9.601263367926348e-06,2.109322328263103
59200,muon_no_ns,1,113,0.3,128,4,512,226048,4,nested_depth_one_shared_v2,4.718595027923584,0.011227154172956944,4.7442193031311035,0.007830853573977947,2141.3877476670314,0.0,0.49202496251740463,2.1094446182250977,0.0,9.336441010502138e-07,2.704480550619337e-07,0.0,0.0,0,0,0,,0.0,0.0,0.0,0.0,0.0,9.502608219110794e-06,0.00048260720347867274,0.0004920344183726493,7.765061656934795e-08,0.49202496251740463,0.00011659092081211976,0.0005386410771472557,0.0005273615523185753,9.694390860597358e-07,2.10944462414031
59300,muon_no_ns,1,113,0.3,128,4,512,226048,4,nested_depth_one_shared_v2,4.718595027923584,0.011227154172956944,4.744229316711426,0.007830853573977947,2144.330360250082,0.0,0.49200808570195564,2.110306739807129,0.0,1.1590297815254961e-05,2.8208637559146155e-06,0.0,0.0,0,0,0,,0.0,0.0,0.0,0.0,0.0,0.0002479939190003483,0.0007397518799761267,0.0004917601233763514,2.026483705505007e-06,0.49200808570195564,0.0004208347100497397,0.0008929575042705355,0.0005274956778338587,3.499188563320998e-06,2.110306823623414
59400,muon_no_ns,1,113,0.3,128,4,512,226048,4,nested_depth_one_shared_v2,4.718595027923584,0.011227154172956944,4.74422025680542,0.007830853573977947,2147.2694839580217,0.0,0.4920435573871479,2.1094772815704346,0.0,1.9861573153535147e-06,4.889558340437361e-07,0.0,0.0,0,0,0,,0.0,0.0,0.0,0.0,0.0,2.192468643317786e-05,0.0005139169021282937,0.0004920216813205008,1.7915769864130912e-07,0.4920435573871479,0.00011236166426870664,0.0005756378736695021,0.0005273597199138518,9.342733409948562e-07,2.10947740094326
59500,muon_no_ns,1,113,0.3,128,4,512,226048,4,nested_depth_one_shared_v2,4.718595027923584,0.011227154172956944,4.744209289550781,0.007830853573977947,2150.197794125066,0.0,0.4917274929126376,2.1099491119384766,0.0,1.006013620709002e-05,2.522279601180344e-06,0.0,0.0,0,0,0,,0.0,0.0,0.0,0.0,0.0,0.00027038210817603004,0.00022162234095115334,0.0004919978959423878,2.209428919416558e-06,0.4917274929126376,0.00044191192351117803,0.00034468998631638487,0.0005275713744479523,3.674442986327654e-06,2.109949217451887
59600,muon_no_ns,1,113,0.3,128,4,512,226048,4,nested_depth_one_shared_v2,4.718595027923584,0.011227154172956944,4.744218826293945,0.007830853573977947,2153.1336268330924,0.0,0.4920177696879315,2.109431028366089,0.0,8.487504303714139e-07,2.5745072207428166e-07,0.0,0.0,0,0,0,,0.0,0.0,0.0,0.0,0.0,1.8635196421102968e-05,0.0004734416632591494,0.0004920364256557809,1.5227761248531804e-07,0.4920177696879315,0.0001105473914874422,0.0005266585463820913,0.0005273608516939916,9.191878872161156e-07,2.109431061176323
59700,muon_no_ns,1,113,0.3,128,4,512,226048,4,nested_depth_one_shared_v2,4.718595027923584,0.011227154172956944,4.744203567504883,0.007830853573977947,2156.0738131670514,0.0,0.49163697501282044,2.1098084449768066,0.0,1.678137714669529e-05,4.175956746621523e-06,0.0,0.0,0,0,0,,0.0,0.0,0.0,0.0,0.0,0.0004327633807855182,5.931913365024887e-05,0.0004920697684634305,3.5363284028745868e-06,0.49163697501282044,0.0006942753117161896,0.0004317940495475205,0.00052758812860049,5.772813345805705e-06,2.1098085311145813
59800,muon_no_ns,1,113,0.3,128,4,512,226048,4,nested_depth_one_shared_v2,4.718595027923584,0.011227154172956944,4.744218826293945,0.007830853573977947,2159.0167047500145,0.0,0.49200469361175353,2.109470844268799,0.0,5.734065174077741e-07,2.2414049283270288e-07,0.0,0.0,0,0,0,,0.0,0.0,0.0,0.0,0.0,2.193312870002558e-05,0.00047011918842656495,0.0004920266346577386,1.7922668467239163e-07,0.49200469361175353,0.00010170978133687462,0.00051943406687587,0.0005273721424152622,8.457042518897885e-07,2.1094708456234126
59900,muon_no_ns,1,113,0.3,128,4,512,226048,4,nested_depth_one_shared_v2,4.718595027923584,0.011227154172956944,4.744217872619629,0.007830853573977947,2161.9565607080003,0.0,0.49184705676692825,2.110058307647705,0.0,1.0892053741198555e-06,3.628547631251422e-07,0.0,0.0,0,0,0,,0.0,0.0,0.0,0.0,0.0,5.5749736897742605e-05,0.00043616949027825395,0.0004919028151526949,4.555592889731622e-07,0.49184705676692825,0.0001477464191845507,0.0004807346030090281,0.0005275309414158059,1.2284932015733805e-06,2.1100582570354534
60000,muon_no_ns,1,113,0.3,128,4,512,226048,4,nested_depth_one_shared_v2,4.718595027923584,0.011227154172956944,4.744217395782471,0.007830853573977947,2164.8946828750195,0.0,0.49212017809923314,2.108863353729248,0.0,2.169650288911737e-06,6.214164045559301e-07,0.0,0.0,0,0,0,,0.0,0.0,0.0,0.0,0.0,7.306403419542095e-05,0.0004191425235791813,0.0004921932572435682,5.970431668337531e-07,0.49212017809923314,0.00015282707634464013,0.0004633367128707116,0.0005272363952206474,1.2707382374608398e-06,2.108863372920819
60100,muon_no_ns,1,113,0.3,128,4,512,226048,4,nested_depth_one_shared_v2,4.718595027923584,0.011227154172956944,4.74422025680542,0.007830853573977947,2167.84035820805,0.0,0.4919697188895047,2.109712839126587,0.0,1.3571962535086733e-06,3.4702480888881837e-07,0.0,0.0,0,0,0,,0.0,0.0,0.0,0.0,0.0,2.434297637018924e-06,0.0004940657732644531,0.0004919676390486555,1.9891876847840223e-08,0.4919697188895047,0.0001328543476287324,0.0005540282992961693,0.0005274256285855693,1.1046674685055964e-06,2.109712926852378
60200,muon_no_ns,1,113,0.3,128,4,512,226048,4,nested_depth_one_shared_v2,4.718594551086426,0.011227154172956944,4.744216442108154,0.007830853573977947,2170.7843984999927,0.0,0.4919935480078543,2.109332323074341,0.0,6.242032126029799e-05,1.5414581866934896e-05,0.0,0.0,0,0,0,,0.0,0.0,0.0,0.0,0.0,0.0007197863813184041,0.00022707536859969317,0.0004927133661226902,5.881738467886024e-06,0.4919935480078543,0.0012330232597277495,0.0008667780155516441,0.0005275812330651584,1.0252435898736026e-05,2.109332274957931
60300,muon_no_ns,1,113,0.3,128,4,512,226048,4,nested_depth_one_shared_v2,4.718595027923584,0.011227154172956944,4.7442193031311035,0.007830853573977947,2173.719414500054,0.0,0.49201829211803455,2.109450101852417,0.0,9.589910231746232e-07,2.7725076279239147e-07,0.0,0.0,0,0,0,,0.0,0.0,0.0,0.0,0.0,9.968017694870437e-06,0.0004821457332462456,0.000492028208739889,8.145371272112585e-08,0.49201829211803455,0.00011790891412647158,0.0005379552155889503,0.0005273631421939856,9.803980374531899e-07,2.109450049301487
60400,muon_no_ns,1,113,0.3,128,4,512,226048,4,nested_depth_one_shared_v2,4.718594551086426,0.011227154172956944,4.744211673736572,0.007830853573977947,2176.6574576250277,0.0,0.49174353088299166,2.109987735748291,0.0,8.05954713552207e-06,2.0376842257974204e-06,0.0,0.0,0,0,0,,0.0,0.0,0.0,0.0,0.0,0.00021760621150096043,0.0002743610410140184,0.0004919611685978842,1.778170382567942e-06,0.49174353088299166,0.0003630247986300699,0.00035424411882086686,0.0005275644248202,3.018506300058066e-06,2.1099878621769217
60500,muon_no_ns,1,113,0.3,128,4,512,226048,4,nested_depth_one_shared_v2,4.718595027923584,0.011227154172956944,4.744218826293945,0.007830853573977947,2179.6011526670773,0.0,0.49196629624577787,2.109555721282959,0.0,1.0220284054396837e-06,3.525231306866772e-07,0.0,0.0,0,0,0,,0.0,0.0,0.0,0.0,0.0,5.1152411317009e-05,0.00044088116164361734,0.0004920174644460049,4.1799221710377127e-07,0.49196629624577787,0.0001271068316131863,0.00048552938261705437,0.0005274028066866874,1.0568775837151377e-06,2.1095556111190357
60600,muon_no_ns,1,113,0.3,128,4,512,226048,4,nested_depth_one_shared_v2,4.718594551086426,0.011227154172956944,4.744208812713623,0.007830853573977947,2182.528432000079,0.0,0.49167442827510077,2.1100378036499023,0.0,1.0284194724822104e-05,2.572661969679757e-06,0.0,0.0,0,0,0,,0.0,0.0,0.0,0.0,0.0,0.0002882036756878198,0.00020376526279865267,0.0004919626417883544,2.355057958688076e-06,0.49167442827510077,0.0004647851569693675,0.00033993652950747947,0.0005275991989784889,3.86463109346741e-06,2.110037692488147
60700,muon_no_ns,1,113,0.3,128,4,512,226048,4,nested_depth_one_shared_v2,4.718595027923584,0.011227154172956944,4.74422025680542,0.007830853573977947,2185.4649452500744,0.0,0.4922084198396243,2.108748435974121,0.0,3.7343216612717876e-06,8.983667498796422e-07,0.0,0.0,0,0,0,,0.0,0.0,0.0,0.0,0.0,4.108162379014923e-05,0.0005332319601965927,0.0004921673867947607,3.3569872012187257e-07,0.4922084198396243,0.00012997247576547246,0.0006026410313435354,0.0005271709211565602,1.080705060405552e-06,2.108748392354356
60800,muon_no_ns,1,113,0.3,128,4,512,226048,4,nested_depth_one_shared_v2,4.718595027923584,0.011227154172956944,4.7442193031311035,0.007830853573977947,2188.400172666996,0.0,0.49198268231534353,2.1096127033233643,0.0,1.2659230025990321e-06,3.335174199037283e-07,0.0,0.0,0,0,0,,0.0,0.0,0.0,0.0,0.0,1.4600476805853853e-06,0.0004911538465302873,0.0004919835259551837,1.1930787843078148e-08,0.49198268231534353,0.00011463892435566662,0.0005490114169196013,0.00052740081275487,9.532084769560889e-07,2.109612797649336
60900,muon_no_ns,1,113,0.3,128,4,512,226048,4,nested_depth_one_shared_v2,4.718595027923584,0.011227154172956944,4.744225025177002,0.007830853573977947,2191.3200218750862,0.0,0.4919035410325705,2.110382080078125,0.0,7.242434255111432e-06,1.7538541214889847e-06,0.0,0.0,0,0,0,,0.0,0.0,0.0,0.0,0.0,0.0001417316863733202,0.0006334879341958624,0.0004917618428007967,1.1581612732563657e-06,0.4919035410325705,0.00026619106035304774,0.0007398440452487678,0.0005275485588540774,2.2133457431198654e-06,2.110382065735706
61000,muon_no_ns,1,113,0.3,128,4,512,226048,4,nested_depth_one_shared_v2,4.718595027923584,0.011227154172956944,4.744218349456787,0.007830853573977947,2194.2475954170804,0.0,0.49196173773197965,2.1095964908599854,0.0,1.5647729104125845e-08,2.0648630538744328e-07,0.0,0.0,0,0,0,,0.0,0.0,0.0,0.0,0.0,3.630825327024618e-05,0.0004557132901813088,0.0004919980403622394,2.9669309604079215e-07,0.49196173773197965,0.0001191986347443697,0.0005036661187104003,0.0005274083034326623,9.911219048725267e-07,2.1095965233795484
61100,muon_no_ns,1,113,0.3,128,4,512,226048,4,nested_depth_one_shared_v2,4.718595027923584,0.011227154172956944,4.7441935539245605,0.007830853573977947,2197.18062854209,0.0,0.4914511743457761,2.1097984313964844,0.0,2.7477502062003724e-05,6.7959658736072015e-06,0.0,0.0,0,0,0,,0.0,0.0,0.0,0.0,0.0,0.0006961644510057736,0.00020401945078275422,0.0004921473622492491,5.688711731326999e-06,0.4914511743457761,0.0011128674413724106,0.0007686077346409769,0.0005276690097339303,9.253355130527093e-06,2.1097983606543136
61200,muon_no_ns,1,113,0.3,128,4,512,226048,4,nested_depth_one_shared_v2,4.718595027923584,0.011227154172956944,4.744221210479736,0.007830853573977947,2200.0150112920674,0.0,0.49203267008533197,2.1095404624938965,0.0,2.492997650050316e-06,6.038645778971841e-07,0.0,0.0,0,0,0,,0.0,0.0,0.0,0.0,0.0,2.9789399347739355e-05,0.0005217735043152099,0.0004920029217282937,2.4342424450694094e-07,0.49203267008533197,0.00012166308912503483,0.0005868718969240039,0.0005273728969178523,1.0116135382328796e-06,2.1095404666003943
61300,muon_no_ns,1,113,0.3,128,4,512,226048,4,nested_depth_one_shared_v2,4.718595027923584,0.011227154172956944,4.744223117828369,0.007830853573977947,2202.9235849170946,0.0,0.4919138404944443,2.1102378368377686,0.0,4.973952273506598e-06,1.1948354767810088e-06,0.0,0.0,0,0,0,,0.0,0.0,0.0,0.0,0.0,8.853522383994807e-05,0.0005803545928086966,0.0004918253272559823,7.234660801285262e-07,0.4919138404944443,0.00018848500411312787,0.0006638253179889915,0.0005275294598001402,1.5672294965218408e-06,2.1102379058212937
61400,muon_no_ns,1,113,0.3,128,4,512,226048,4,nested_depth_one_shared_v2,4.718595027923584,0.011227154172956944,4.744218826293945,0.007830853573977947,2205.867083708057,0.0,0.49202126768760934,2.109415292739868,0.0,1.4435514952396273e-06,4.421376331720239e-07,0.0,0.0,0,0,0,,0.0,0.0,0.0,0.0,0.0,4.852187281720011e-05,0.0004435668176741689,0.0004920697973431854,3.964967569406581e-07,0.49202126768760934,0.0001229480786570671,0.0004885774080755828,0.0005273668069732835,1.022298067258404e-06,2.109415350634028
61500,muon_no_ns,1,113,0.3,128,4,512,226048,4,nested_depth_one_shared_v2,4.718595027923584,0.011227154172956944,4.744218826293945,0.007830853573977947,2208.803332792013,0.0,0.49185864497699255,2.1100990772247314,0.0,5.199217382763518e-07,2.6193998792223283e-07,0.0,0.0,0,0,0,,0.0,0.0,0.0,0.0,0.0,4.0826997423350386e-05,0.0004510931339581182,0.0004918994783974742,3.3361803933183646e-07,0.49185864497699255,0.0001408124001115246,0.0005028767545330288,0.0005275355209288276,1.1708376906120463e-06,2.1100991595502725
61600,muon_no_ns,1,113,0.3,128,4,512,226048,4,nested_depth_one_shared_v2,4.718595027923584,0.011227154172956944,4.7442193031311035,0.007830853573977947,2211.7471144170268,0.0,0.4920348733070196,2.1093974113464355,0.0,1.1498648862502066e-06,3.825726935247076e-07,0.0,0.0,0,0,0,,0.0,0.0,0.0,0.0,0.0,3.718635829442464e-05,0.00045490365639311113,0.000492072078838465,3.0386853619026305e-07,0.4920348733070196,0.00012174651038316192,0.0005041868364023713,0.0005273585611840493,1.0123071756762875e-06,2.1093973794385743
61700,muon_no_ns,1,113,0.3,128,4,512,226048,4,nested_depth_one_shared_v2,4.718595027923584,0.011227154172956944,4.7442169189453125,0.007830853573977947,2214.6756837080466,0.0,0.4918182441122932,2.110097646713257,0.0,2.4955588412719657e-06,6.814170774305239e-07,0.0,0.0,0,0,0,,0.0,0.0,0.0,0.0,0.0,8.598853961240354e-05,0.00040592861891498047,0.0004919042740731906,7.026558356233842e-07,0.4918182441122932,0.00017370332626463563,0.000447668199088512,0.0005275500134786494,1.4443216734764794e-06,2.110097577699797
61800,muon_no_ns,1,113,0.3,128,4,512,226048,4,nested_depth_one_shared_v2,4.718595027923584,0.011227154172956944,4.744218349456787,0.007830853573977947,2217.550660458044,0.0,0.49197367913118123,2.109570026397705,0.0,1.3421118918910845e-07,1.9204712486953213e-07,0.0,0.0,0,0,0,,0.0,0.0,0.0,0.0,0.0,3.452868667428007e-05,0.00045749736032944224,0.000492008221854938,2.8215135758154685e-07,0.49197367913118123,0.00011552736406456043,0.0005054101896543432,0.0005274010822055562,9.605957432492948e-07,2.1095700774233737
61900,muon_no_ns,1,113,0.3,128,4,512,226048,4,nested_depth_one_shared_v2,4.718595027923584,0.011227154172956944,4.744348049163818,0.007830853573977947,2220.482105458039,0.0,0.49377015139103736,2.1124563217163086,0.0,0.0001736824808737892,4.256175088812597e-05,0.0,0.0,0,0,0,,0.0,0.0,0.0,0.0,0.0,0.0037568364711180204,0.0042468495435474575,0.0004900133482037027,3.069901037757667e-05,0.49377015139103736,0.005999357058910642,0.006423170332337511,0.0005269302495916138,4.98839119171943e-05,2.1124563810822456
62000,muon_no_ns,1,113,0.3,128,4,512,226048,4,nested_depth_one_shared_v2,4.718594074249268,0.011227154172956944,4.74422025680542,0.007830853573977947,2223.420910708024,0.0,0.4920021040985814,2.1096689701080322,0.0,2.5890722613339054e-06,6.237173124645778e-07,0.0,0.0,0,0,0,,0.0,0.0,0.0,0.0,0.0,2.765260781252358e-05,0.0005196053702441053,0.0004919745138093564,2.2596344044516992e-07,0.4920021040985814,0.00012711896159981837,0.0005837511059624755,0.0005274062017424365,1.0569784430536916e-06,2.1096688525065557
62100,muon_no_ns,1,113,0.3,128,4,512,226048,4,nested_depth_one_shared_v2,4.718594551086426,0.011227154172956944,4.744194030761719,0.007830853573977947,2226.3601371670375,0.0,0.49170180985829665,2.108820676803589,0.0,1.4987871051539666e-05,3.7438448998727836e-06,0.0,0.0,0,0,0,,0.0,0.0,0.0,0.0,0.0,0.0005425503680541874,5.031994721340383e-05,0.0004922443733681268,4.4334533875244375e-06,0.49170180985829665,0.0009055785446738387,0.0005920008214506755,0.0005273823820011881,7.52977359290787e-06,2.1088206375131033
62200,muon_no_ns,1,113,0.3,128,4,512,226048,4,nested_depth_one_shared_v2,4.718595027923584,0.011227154172956944,4.7442193031311035,0.007830853573977947,2229.3056640831055,0.0,0.49194884190687205,2.10981822013855,0.0,1.1971684008467938e-06,3.2105060654430417e-07,0.0,0.0,0,0,0,,0.0,0.0,0.0,0.0,0.0,2.4886605201545097e-06,0.0004898199751866857,0.0004919510005747283,2.0336103453486882e-08,0.49194884190687205,0.00012611873819449803,0.0005490545904729312,0.0005274528141869169,1.048661709150613e-06,2.1098181365042614
62300,muon_no_ns,1,113,0.3,128,4,512,226048,4,nested_depth_one_shared_v2,4.718595027923584,0.011227154172956944,4.744231700897217,0.007830853573977947,2232.2396084580105,0.0,0.4923175760985483,2.1092333793640137,0.0,1.6525603346812675e-05,4.03170224672067e-06,0.0,0.0,0,0,0,,0.0,0.0,0.0,0.0,0.0,0.00034518017798103627,0.0008371515284971763,0.0004919724340599519,2.820641767997972e-06,0.4923175760985483,0.0005801278647152678,0.0010433897107397488,0.0005271959364974351,4.823691442266174e-06,2.109233484112873
62400,muon_no_ns,1,113,0.3,128,4,512,226048,4,nested_depth_one_shared_v2,4.718595027923584,0.011227154172956944,4.7442193031311035,0.007830853573977947,2235.118104208028,0.0,0.4919569747214422,2.109762668609619,0.0,1.1123302745970643e-06,3.012187335116323e-07,0.0,0.0,0,0,0,,0.0,0.0,0.0,0.0,0.0,2.9460546301700177e-06,0.000489332614476645,0.0004919596520736743,2.4073701998954e-08,0.4919569747214422,0.0001181074571554591,0.0005451549122917026,0.0005274395044640092,9.820488981825204e-07,2.109762650649982
62500,muon_no_ns,1,113,0.3,128,4,512,226048,4,nested_depth_one_shared_v2,4.718595027923584,0.011227154172956944,4.744197845458984,0.007830853573977947,2238.044956417056,0.0,0.4918196605466996,2.1085665225982666,0.0,2.9411008031317012e-05,7.295903287740657e-06,0.0,0.0,0,0,0,,0.0,0.0,0.0,0.0,0.0,0.000651937392676727,0.00015946920283669902,0.0004924716250118173,5.327310075159347e-06,0.4918196605466996,0.0010694333866539112,0.0007337253815727209,0.0005273510428520831,8.89220633766334e-06,2.1085665813786125
62600,muon_no_ns,1,113,0.3,128,4,512,226048,4,nested_depth_one_shared_v2,4.718595027923584,0.011227154172956944,4.7442193031311035,0.007830853573977947,2240.987105917069,0.0,0.4919642441625679,2.109697103500366,0.0,1.1082224467782589e-06,3.061441873342119e-07,0.0,0.0,0,0,0,,0.0,0.0,0.0,0.0,0.0,4.095942706943596e-06,0.00048802431927062517,0.0004919682167633361,3.34700188930504e-08,0.4919642441625679,0.00013143890525739546,0.0005471876241503593,0.0005274233922447887,1.0928982402562517e-06,2.1096972184090865
62700,muon_no_ns,1,113,0.3,128,4,512,226048,4,nested_depth_one_shared_v2,4.718595027923584,0.011227154172956944,4.744271278381348,0.007830853573977947,2243.9224007080775,0.0,0.4928926910995591,2.1099231243133545,0.0,7.755339108508816e-05,1.9047161913476884e-05,0.0,0.0,0,0,0,,0.0,0.0,0.0,0.0,0.0,0.0015817624358541197,0.002073073112810101,0.0004913109743088061,1.2925380651102904e-05,0.4928926910995591,0.0025614114763914124,0.002990114992066153,0.0005269820277929663,2.129781961922446e-05,2.1099232279112536
62800,muon_no_ns,1,113,0.3,128,4,512,226048,4,nested_depth_one_shared_v2,4.718595027923584,0.011227154172956944,4.74422025680542,0.007830853573977947,2246.807918083039,0.0,0.4920364481123517,2.1094274520874023,0.0,1.345114672914773e-06,3.4548125427136256e-07,0.0,0.0,0,0,0,,0.0,0.0,0.0,0.0,0.0,3.258533591745039e-06,0.0004950473164090835,0.0004920334508303733,2.6627125592957594e-08,0.4920364481123517,0.00011376623488591995,0.0005532174207489305,0.0005273533872896807,9.459521719533308e-07,2.1094276704217005
62900,muon_no_ns,1,113,0.3,128,4,512,226048,4,nested_depth_one_shared_v2,4.718595027923584,0.011227154172956944,4.744222164154053,0.007830853573977947,2249.7290389580885,0.0,0.49191616541666616,2.110184907913208,0.0,4.489059800708619e-06,1.0786392294903635e-06,0.0,0.0,0,0,0,,0.0,0.0,0.0,0.0,0.0,7.63421507649617e-05,0.0005681735095314381,0.000491839860778178,6.238303148400353e-07,0.49191616541666616,0.0001716862569848954,0.0006473413479071563,0.0005275198696053738,1.4275499918957016e-06,2.1101849166691156
63000,muon_no_ns,1,113,0.3,128,4,512,226048,4,nested_depth_one_shared_v2,4.718595027923584,0.011227154172956944,4.744222640991211,0.007830853573977947,2252.664768167073,0.0,0.49205189305136987,2.1095731258392334,0.0,4.909087236177019e-06,1.1821648513432592e-06,0.0,0.0,0,0,0,,0.0,0.0,0.0,0.0,0.0,7.429688487466644e-05,0.0005662672389482996,0.0004919776478595606,6.07117413101091e-07,0.49205189305136987,0.00017004838497288472,0.0006475345023651183,0.0005273666452923808,1.4139312886952598e-06,2.1095730158793207
63100,muon_no_ns,1,113,0.3,128,4,512,226048,4,nested_depth_one_shared_v2,4.718595027923584,0.011227154172956944,4.744243621826172,0.007830853573977947,2255.5631980830804,0.0,0.4922079203169129,2.110600471496582,0.0,2.7006685188990058e-05,6.592248610104434e-06,0.0,0.0,0,0,0,,0.0,0.0,0.0,0.0,0.0,0.000624711422395873,0.001116294093798705,0.0004915832361680067,5.104832905706508e-06,0.4922079203169129,0.0010092529648746996,0.0014625979290593233,0.0005274504971337948,8.391813573956273e-06,2.1106005463949997
63200,muon_no_ns,1,113,0.3,128,4,512,226048,4,nested_depth_one_shared_v2,4.718595027923584,0.011227154172956944,4.744218826293945,0.007830853573977947,2258.267695000046,0.0,0.4920263556427473,2.1094157695770264,0.0,1.3276794059177066e-06,3.4844748597606667e-07,0.0,0.0,0,0,0,,0.0,0.0,0.0,0.0,0.0,7.0479634921983745e-06,0.00048510269040140164,0.0004920333064209152,5.759247336187349e-08,0.4920263556427473,0.00010233306026390714,0.0005384131343720137,0.0005273536567645989,8.508867390781039e-07,2.1094158027375993
63300,muon_no_ns,1,113,0.3,128,4,512,226048,4,nested_depth_one_shared_v2,4.718595027923584,0.011227154172956944,4.744218826293945,0.007830853573977947,2260.967248458066,0.0,0.49185110131047655,2.110123872756958,0.0,3.257776881849145e-08,2.051057066410067e-07,0.0,0.0,0,0,0,,0.0,0.0,0.0,0.0,0.0,2.9664052267979993e-05,0.00046225187822373365,0.0004918807574809125,2.4239997013888825e-07,0.49185110131047655,0.0001308094104747428,0.0005137293593727096,0.0005275384302458619,1.08766406899726e-06,2.1101237910689634
63400,muon_no_ns,1,113,0.3,128,4,512,226048,4,nested_depth_one_shared_v2,4.718594551086426,0.011227154172956944,4.744218826293945,0.007830853573977947,2263.859991250094,0.0,0.49209941348252345,2.109083414077759,0.0,1.5248264305751616e-06,4.7080706622182333e-07,0.0,0.0,0,0,0,,0.0,0.0,0.0,0.0,0.0,4.180078109853902e-05,0.0004503565007751661,0.0004921412262304791,3.4157531811678025e-07,0.49209941348252345,0.00012184675043509263,0.0004989357527052621,0.0005272813247545214,1.0131406593099479e-06,2.1090834804706033
63500,muon_no_ns,1,113,0.3,128,4,512,226048,4,nested_depth_one_shared_v2,4.718595027923584,0.011227154172956944,4.7442193031311035,0.007830853573977947,2266.7817922080867,0.0,0.491925343829651,2.1098616123199463,0.0,1.0342595817641495e-06,2.8839656351919984e-07,0.0,0.0,0,0,0,,0.0,0.0,0.0,0.0,0.0,6.489204687058714e-06,0.00048555649938836703,0.0004919317471937961,5.302657263943933e-08,0.491925343829651,0.00013339303771721405,0.0005460360654991614,0.0005274649381361209,1.1091466099636917e-06,2.1098617557236734
63600,muon_no_ns,1,113,0.3,128,4,512,226048,4,nested_depth_one_shared_v2,4.718595027923584,0.011227154172956944,4.744202136993408,0.007830853573977947,2269.689793083002,0.0,0.491897300665464,2.1085658073425293,0.0,4.5582115067547204e-05,1.1287032066320535e-05,0.0,0.0,0,0,0,,0.0,0.0,0.0,0.0,0.0,0.000762776100284139,0.000270117840151772,0.0004926601064318978,6.233029198479217e-06,0.491897300665464,0.0012679969306606355,0.0009128297673880026,0.0005273909507650335,1.0543237646840983e-05,2.108565789878652
63700,muon_no_ns,1,113,0.3,128,4,512,226048,4,nested_depth_one_shared_v2,4.718595027923584,0.011227154172956944,4.7442193031311035,0.007830853573977947,2272.6236300830496,0.0,0.4920113414808236,2.1095166206359863,0.0,1.4470468467784434e-06,3.719865446782933e-07,0.0,0.0,0,0,0,,0.0,0.0,0.0,0.0,0.0,2.444215598671251e-06,0.0004941531477838137,0.0004920092183301379,1.997292152732785e-08,0.4920113414808236,0.00011039509154427587,0.0005503321609319502,0.0005273761843808253,9.179215320258341e-07,2.1095166194140846
63800,muon_no_ns,1,113,0.3,128,4,512,226048,4,nested_depth_one_shared_v2,4.718595027923584,0.011227154172956944,4.744222164154053,0.007830853573977947,2275.5637744580163,0.0,0.49188110866413004,2.110248327255249,0.0,3.491099265880556e-06,8.385551950595982e-07,0.0,0.0,0,0,0,,0.0,0.0,0.0,0.0,0.0,5.3440467154228275e-05,0.0005452553413238694,0.0004918277110142149,4.3668907826109655e-07,0.49188110866413004,0.00014977409074054234,0.0006181577220704766,0.0005275427941913299,1.2453530397698509e-06,2.1102483001257446
63900,muon_no_ns,1,113,0.3,128,4,512,226048,4,nested_depth_one_shared_v2,4.718595027923584,0.011227154172956944,4.744222164154053,0.007830853573977947,2278.502681333106,0.0,0.49207608914783135,2.1093883514404297,0.0,2.778623106106194e-06,6.703708095301408e-07,0.0,0.0,0,0,0,,0.0,0.0,0.0,0.0,0.0,4.287618107003883e-05,0.0005348934504493811,0.0004920332486571201,3.503629550392076e-07,0.49207608914783135,0.00013210777555684337,0.0006038356143209064,0.0005273307509049501,1.0984598140672536e-06,2.1093883372697566
64000,muon_no_ns,1,113,0.3,128,4,512,226048,4,nested_depth_one_shared_v2,4.718595027923584,0.011227154172956944,4.7442193031311035,0.007830853573977947,2281.4422953750473,0.0,0.49187559508271916,2.110105037689209,0.0,1.0099024932663318e-06,2.896648823025316e-07,0.0,0.0,0,0,0,,0.0,0.0,0.0,0.0,0.0,5.509849494782804e-06,0.00048651699720498573,0.0004918809886076831,4.502376617124497e-08,0.49187559508271916,0.00012419688690639406,0.0005437276179124071,0.0005275257961508093,1.0326817533932984e-06,2.1101049219955472
64100,muon_no_ns,1,113,0.3,128,4,512,226048,4,nested_depth_one_shared_v2,4.718595027923584,0.011227154172956944,4.7442193031311035,0.007830853573977947,2284.348442375078,0.0,0.49209757392082165,2.1091489791870117,0.0,4.860815097436969e-06,1.2602810102180229e-06,0.0,0.0,0,0,0,,0.0,0.0,0.0,0.0,0.0,6.85216413087399e-05,0.0004236557522260753,0.0004921661018988548,5.599249777831253e-07,0.49209757392082165,0.0001517853666741331,0.0004644125263856518,0.000527307466752587,1.262076550393943e-06,2.1091489317515237
64200,muon_no_ns,1,113,0.3,128,4,512,226048,4,nested_depth_one_shared_v2,4.718595027923584,0.011227154172956944,4.7442193031311035,0.007830853573977947,2287.242670000065,0.0,0.491920519883121,2.109930992126465,0.0,1.3363912394792137e-06,3.4294129136469564e-07,0.0,0.0,0,0,0,,0.0,0.0,0.0,0.0,0.0,2.090590796457183e-06,0.0004936566503620918,0.0004919188052629378,1.708327446486003e-08,0.491920519883121,0.00012452672798042396,0.0005531445143981234,0.0005274798636819858,1.0354243411276192e-06,2.1099310248070573
64300,muon_no_ns,1,113,0.3,128,4,512,226048,4,nested_depth_one_shared_v2,4.718594551086426,0.011227154172956944,4.7442450523376465,0.007830853573977947,2290.139478917001,0.0,0.49242764624061675,2.109837532043457,0.0,3.609908058374489e-05,8.836586857796647e-06,0.0,0.0,0,0,0,,0.0,0.0,0.0,0.0,0.0,0.000752578413438555,0.0012442530686120011,0.0004916750982854227,6.149698742999825e-06,0.49242764624061675,0.0012199589576970715,0.001666133581307412,0.0005272199802968582,1.0143807843202973e-05,2.109837686162299
64400,muon_no_ns,1,113,0.3,128,4,512,226048,4,nested_depth_one_shared_v2,4.718595027923584,0.011227154172956944,4.74422025680542,0.007830853573977947,2293.0230150830466,0.0,0.491914718967976,2.1099870204925537,0.0,1.7565489659769588e-06,4.387700016650342e-07,0.0,0.0,0,0,0,,0.0,0.0,0.0,0.0,0.0,1.0428870681008917e-05,0.0005022617142962934,0.0004919043896310648,8.521957549230791e-08,0.491914718967976,0.0001123057487471826,0.0005611534165297801,0.0005274910710344673,9.338084103492688e-07,2.1099870712101123
64500,muon_no_ns,1,113,0.3,128,4,512,226048,4,nested_depth_one_shared_v2,4.718595027923584,0.011227154172956944,4.74421501159668,0.007830853573977947,2295.9238156250212,0.0,0.49201432466394185,2.1091136932373047,0.0,1.5210193905094316e-06,3.8646768985017843e-07,0.0,0.0,0,0,0,,0.0,0.0,0.0,0.0,0.0,7.397086357290332e-05,0.00041812589911107887,0.0004920883233566543,6.044533281979867e-07,0.49201432466394185,0.00015402807832370522,0.0004555640046532267,0.0005273007831485668,1.280724420371403e-06,2.1091136629198615
64600,muon_no_ns,1,113,0.3,128,4,512,226048,4,nested_depth_one_shared_v2,4.718595027923584,0.011227154172956944,4.7442193031311035,0.007830853573977947,2298.853678042069,0.0,0.49191427215835853,2.109912633895874,0.0,6.61640286115855e-07,2.2516866238220246e-07,0.0,0.0,0,0,0,,0.0,0.0,0.0,0.0,0.0,1.3426852461528961e-05,0.0004785638332687148,0.0004919276595448323,1.0971760049273636e-07,0.49191427215835853,0.00011862091433216922,0.0005314157592859116,0.0005274805372074898,9.863182311001563e-07,2.1099126060068394
64700,muon_no_ns,1,113,0.3,128,4,512,226048,4,nested_depth_one_shared_v2,4.718595027923584,0.011227154172956944,4.744218349456787,0.007830853573977947,2301.740339125041,0.0,0.4921050078275009,2.10904860496521,0.0,1.0555989347190913e-05,2.6550160328042693e-06,0.0,0.0,0,0,0,,0.0,0.0,0.0,0.0,0.0,0.00014813943965854708,0.00034412158746763435,0.0004922531929249527,1.210522265307103e-06,0.4921050078275009,0.000263236327158098,0.00038982972426926827,0.0005273085177955107,2.1887775020586397e-06,2.1090486627266967
64800,muon_no_ns,1,113,0.3,128,4,512,226048,4,nested_depth_one_shared_v2,4.718595027923584,0.011227154172956944,4.7442193031311035,0.007830853573977947,2304.650882833055,0.0,0.49194810737230676,2.109799385070801,0.0,1.0132146982525414e-06,2.8538997298710456e-07,0.0,0.0,0,0,0,,0.0,0.0,0.0,0.0,0.0,6.444190975841193e-06,0.0004856395451404482,0.0004919544236400805,5.2658742844764056e-08,0.49194810737230676,0.00013465573137037923,0.0005455599298202267,0.0005274496349718952,1.1196457515140915e-06,2.1097994907078754
64900,muon_no_ns,1,113,0.3,128,4,512,226048,4,nested_depth_one_shared_v2,4.718594551086426,0.011227154172956944,4.744250774383545,0.007830853573977947,2307.5972967080306,0.0,0.4925549059242397,2.1097352504730225,0.0,3.413952609273295e-05,8.360571882803924e-06,0.0,0.0,0,0,0,,0.0,0.0,0.0,0.0,0.0,0.0008139909006625453,0.0013057314495614916,0.0004917409347695822,6.6515312281494945e-06,0.4925549059242397,0.0013207207034665407,0.0017639942166291847,0.0005271754498838508,1.0981629296607117e-05,2.1097353027063255
65000,muon_no_ns,1,113,0.3,128,4,512,226048,4,nested_depth_one_shared_v2,4.718594074249268,0.011227154172956944,4.7442193031311035,0.007830853573977947,2310.541308792075,0.0,0.4919596401956606,2.109752655029297,0.0,1.5749212759175905e-06,3.994341284396796e-07,0.0,0.0,0,0,0,,0.0,0.0,0.0,0.0,0.0,5.948335922083439e-06,0.0004977808245123713,0.0004919538459092023,4.860686048094292e-08,0.4919596401956606,0.00011664182015287523,0.0005551156665407448,0.0005274342774769289,9.698623077826567e-07,2.1097525929763794
65100,muon_no_ns,1,113,0.3,128,4,512,226048,4,nested_depth_one_shared_v2,4.718595027923584,0.011227154172956944,4.744211673736572,0.007830853573977947,2313.492559125065,0.0,0.49192878190395745,2.109196662902832,0.0,2.580188701033736e-05,6.3974730437621474e-06,0.0,0.0,0,0,0,,0.0,0.0,0.0,0.0,0.0,0.00041098986668448335,8.136124892041631e-05,0.0004923397922909563,3.358406009796599e-06,0.49192878190395745,0.0006765115103521781,0.0004165473318733643,0.0005274324992117832,5.625109534571342e-06,2.1091966341688857
65200,muon_no_ns,1,113,0.3,128,4,512,226048,4,nested_depth_one_shared_v2,4.718595027923584,0.011227154172956944,4.744218826293945,0.007830853573977947,2316.395818042103,0.0,0.49190387425383025,2.1098837852478027,0.0,3.37184044609182e-07,2.0434147529613256e-07,0.0,0.0,0,0,0,,0.0,0.0,0.0,0.0,0.0,2.109523252625899e-05,0.0004708680094751083,0.0004919249585002013,1.7237981137046764e-07,0.49190387425383025,0.00012242209293790782,0.0005231572708677492,0.0005274756069809071,1.01792456105989e-06,2.109883790996848
65300,muon_no_ns,1,113,0.3,128,4,512,226048,4,nested_depth_one_shared_v2,4.718595027923584,0.011227154172956944,4.744223117828369,0.007830853573977947,2319.3359374580905,0.0,0.4920822061202242,2.1094470024108887,0.0,7.988323025657062e-06,1.932299483087263e-06,0.0,0.0,0,0,0,,0.0,0.0,0.0,0.0,0.0,0.00012219499511788187,0.0006141505022796733,0.0004919600564805874,9.985170906561774e-07,0.4920822061202242,0.00023638681360559763,0.0007128654116107789,0.0005273204833672646,1.965527117739017e-06,2.109446997650042
65400,muon_no_ns,1,113,0.3,128,4,512,226048,4,nested_depth_one_shared_v2,4.718595027923584,0.011227154172956944,4.7441511154174805,0.007830853573977947,2322.2739055830752,0.0,0.4908715624755687,2.1087286472320557,0.0,7.634259269617236e-05,1.8824606740963645e-05,0.0,0.0,0,0,0,,0.0,0.0,0.0,0.0,0.0,0.001851078930861834,0.0013583567693965432,0.0004927226675902414,1.5126101906514359e-05,0.4908715624755687,0.002962546553181852,0.0025629940920035973,0.0005277708543853596,2.4633208168534222e-05,2.1087286064722495
65500,muon_no_ns,1,113,0.3,128,4,512,226048,4,nested_depth_one_shared_v2,4.718595027923584,0.011227154172956944,4.74422025680542,0.007830853573977947,2325.2067902500276,0.0,0.4920125604994609,2.109508991241455,0.0,2.2211587245432338e-06,5.395963285081962e-07,0.0,0.0,0,0,0,,0.0,0.0,0.0,0.0,0.0,1.6097591484681517e-05,0.0005080547060830773,0.00049199653839371,1.3154155945871171e-07,0.4920125604994609,0.00012467491593678653,0.0005719058926117679,0.0005273693399676197,1.0366565056562168e-06,2.1095090470283906
65600,muon_no_ns,1,113,0.3,128,4,512,226048,4,nested_depth_one_shared_v2,4.718594551086426,0.011227154172956944,4.744241237640381,0.007830853573977947,2328.1447560420493,0.0,0.4924074998270684,2.1095855236053467,0.0,5.5022414900845725e-05,1.3499462511390448e-05,0.0,0.0,0,0,0,,0.0,0.0,0.0,0.0,0.0,0.0009110164995992238,0.0014025126878693382,0.0004914965324138396,7.4443764561881976e-06,0.4924074998270684,0.0014582735912866537,0.0018986937137116663,0.0005271116128035023,1.2125364545667316e-05,2.1095854477630374
65700,muon_no_ns,1,113,0.3,128,4,512,226048,4,nested_depth_one_shared_v2,4.718595027923584,0.011227154172956944,4.7442193031311035,0.007830853573977947,2331.085126375081,0.0,0.49196884051418244,2.1096479892730713,0.0,8.812626035850491e-07,2.61634852449788e-07,0.0,0.0,0,0,0,,0.0,0.0,0.0,0.0,0.0,7.485818838383944e-06,0.0004846219780070394,0.0004919762180418979,6.117041078868622e-08,0.49196884051418244,0.0001085438140473817,0.0005398190207252489,0.0005274116984530277,9.02528388613543e-07,2.1096480581365267
65800,muon_no_ns,1,113,0.3,128,4,512,226048,4,nested_depth_one_shared_v2,4.718595027923584,0.011227154172956944,4.744237422943115,0.007830853573977947,2333.8663052500924,0.0,0.49240265034195513,2.109238862991333,0.0,3.2622980408913396e-05,7.98841028881725e-06,0.0,0.0,0,0,0,,0.0,0.0,0.0,0.0,0.0,0.0005972747306366522,0.001089079419574971,0.0004918054043641669,4.8806338245066724e-06,0.49240265034195513,0.0009745819258850616,0.0014262946283698733,0.0005271184605631874,8.103528173028536e-06,2.1092389098171225
65900,muon_no_ns,1,113,0.3,128,4,512,226048,4,nested_depth_one_shared_v2,4.718595027923584,0.011227154172956944,4.744219779968262,0.007830853573977947,2336.575078624999,0.0,0.4919720056868669,2.109649658203125,0.0,1.5095914457161171e-06,3.828702688224439e-07,0.0,0.0,0,0,0,,0.0,0.0,0.0,0.0,0.0,4.050431411391232e-06,0.0004958470526141844,0.0004919681589918985,3.309812308518118e-08,0.4919720056868669,0.00010944712902890881,0.0005511372801160138,0.0005274092195514218,9.100393409588535e-07,2.1096496403240597
66000,muon_no_ns,1,113,0.3,128,4,512,226048,4,nested_depth_one_shared_v2,4.718595027923584,0.011227154172956944,4.744234561920166,0.007830853573977947,2339.2770022080513,0.0,0.4923012390112797,2.109423875808716,0.0,4.26156228719183e-05,1.0445324733154848e-05,0.0,0.0,0,0,0,,0.0,0.0,0.0,0.0,0.0,0.0006682463522658148,0.001159878771610978,0.0004916330282598029,5.460578830273377e-06,0.4923012390112797,0.0010781205896994298,0.0015252855756660185,0.0005271458237542781,8.964439356514216e-06,2.1094239405853203
66100,muon_no_ns,1,113,0.3,128,4,512,226048,4,nested_depth_one_shared_v2,4.718595027923584,0.011227154172956944,4.7442193031311035,0.007830853573977947,2342.1200144171016,0.0,0.4919599658065781,2.109691619873047,0.0,1.5072089521176705e-06,3.8379425859602634e-07,0.0,0.0,0,0,0,,0.0,0.0,0.0,0.0,0.0,4.890098059643766e-06,0.0004966938414824517,0.0004919552469054096,3.995946382933618e-08,0.4919599658065781,0.0001109827281780624,0.000552818476157583,0.000527419350641011,9.228076579542093e-07,2.1096916808724173
66200,muon_no_ns,1,113,0.3,128,4,512,226048,4,nested_depth_one_shared_v2,4.718595027923584,0.011227154172956944,4.7442402839660645,0.007830853573977947,2344.8487646670546,0.0,0.4923757768224402,2.109612226486206,0.0,1.7766022092433825e-05,4.333758624852635e-06,0.0,0.0,0,0,0,,0.0,0.0,0.0,0.0,0.0,0.00048521795067916313,0.0009771076081264577,0.0004918905802728922,3.9649612161194775e-06,0.4923757768224402,0.0007943513849236018,0.0012490395071106091,0.0005272486858634765,6.604933516663433e-06,2.1096121195572684
66300,muon_no_ns,1,113,0.3,128,4,512,226048,4,nested_depth_one_shared_v2,4.718595027923584,0.011227154172956944,4.744219779968262,0.007830853573977947,2347.561079417006,0.0,0.4919311521922942,2.1098458766937256,0.0,1.379470754072277e-06,3.5665846098709153e-07,0.0,0.0,0,0,0,,0.0,0.0,0.0,0.0,0.0,3.3993161704256876e-06,0.0004950937606248877,0.0004919280206459319,2.7777531227359096e-08,0.4919311521922942,0.0001199046914763812,0.000552454073690161,0.0005274584990066878,9.969926792709084e-07,2.109845822382781
66400,muon_no_ns,1,113,0.3,128,4,512,226048,4,nested_depth_one_shared_v2,4.718595027923584,0.011227154172956944,4.744210243225098,0.007830853573977947,2350.263710875064,0.0,0.49194137534979104,2.1090307235717773,0.0,1.022643220053961e-05,2.5697390810819343e-06,0.0,0.0,0,0,0,,0.0,0.0,0.0,0.0,0.0,0.00026318703409357997,0.00022902332607209274,0.0004922045751373406,2.150634331038099e-06,0.49194137534979104,0.0004281593106640663,0.0003389961024800474,0.0005273398594718268,3.5600917114893522e-06,2.10903068840667
66500,muon_no_ns,1,113,0.3,128,4,512,226048,4,nested_depth_one_shared_v2,4.718595027923584,0.011227154172956944,4.7442193031311035,0.007830853573977947,2352.9661440000637,0.0,0.4919080546468187,2.1099047660827637,0.0,6.816625613091048e-07,2.3188316333744297e-07,0.0,0.0,0,0,0,,0.0,0.0,0.0,0.0,0.0,1.2641780723898623e-05,0.0004793398788213076,0.0004919206685753044,1.0330238236814134e-07,0.4919080546468187,0.0001205008766682284,0.0005319355203208426,0.0005274785435695032,1.0019498854022336e-06,2.109904809042971
66600,muon_no_ns,1,113,0.3,128,4,512,226048,4,nested_depth_one_shared_v2,4.718595027923584,0.011227154172956944,4.744223117828369,0.007830853573977947,2355.6548962920206,0.0,0.49213101047714436,2.1092660427093506,0.0,3.5059477083690087e-06,8.460065714643861e-07,0.0,0.0,0,0,0,,0.0,0.0,0.0,0.0,0.0,7.203370516127233e-05,0.0005640841747912842,0.0004920589961966315,5.886238273296745e-07,0.49213101047714436,0.0001696361384538177,0.0006453113210861588,0.0005272905419780525,1.4105035098777339e-06,2.10926603812902
66700,muon_no_ns,1,113,0.3,128,4,512,226048,4,nested_depth_one_shared_v2,4.718595027923584,0.011227154172956944,4.74422025680542,0.007830853573977947,2358.352708875085,0.0,0.4919191340310223,2.109933853149414,0.0,1.5242012691401134e-06,3.8681864111822506e-07,0.0,0.0,0,0,0,,0.0,0.0,0.0,0.0,0.0,6.722323761528938e-06,0.000498516316447868,0.0004919125652817573,5.493150646910978e-08,0.4919191340310223,0.00010653312757897153,0.0005546203452620463,0.0005274792440377625,8.858097793195198e-07,2.109933962760321
66800,muon_no_ns,1,113,0.3,128,4,512,226048,4,nested_depth_one_shared_v2,4.718595027923584,0.011227154172956944,4.7442240715026855,0.007830853573977947,2361.027124375105,0.0,0.49216199233548946,2.109186887741089,0.0,4.5415506023760725e-06,1.0963377690131892e-06,0.0,0.0,0,0,0,,0.0,0.0,0.0,0.0,0.0,9.181101579459056e-05,0.0005838754420286777,0.0004920702160994407,7.502342325310779e-07,0.49216199233548946,0.00019478894578397367,0.0006720864969767139,0.0005272645608531048,1.6196459918148717e-06,2.1091869129106957
66900,muon_no_ns,1,113,0.3,128,4,512,226048,4,nested_depth_one_shared_v2,4.718595027923584,0.011227154172956944,4.744219779968262,0.007830853573977947,2363.7075044170488,0.0,0.49192261001332804,2.109912157058716,0.0,1.2605261271880344e-06,3.2922775972110685e-07,0.0,0.0,0,0,0,,0.0,0.0,0.0,0.0,0.0,1.2176471925276324e-06,0.0004918688831969556,0.0004919226907667856,9.950010890015814e-09,0.49192261001332804,0.00013881930725517347,0.0005547308448350108,0.0005274756608634139,1.1542653700262363e-06,2.1099122670090096
67000,muon_no_ns,1,113,0.3,128,4,512,226048,4,nested_depth_one_shared_v2,4.718595027923584,0.011227154172956944,4.744234561920166,0.007830853573977947,2366.4181913750945,0.0,0.49237965057338334,2.1091580390930176,0.0,1.4887207635471447e-05,3.6297019505582284e-06,0.0,0.0,0,0,0,,0.0,0.0,0.0,0.0,0.0,0.00036400027077595007,0.0008560146578584474,0.0004920156737075466,2.9744302622429914e-06,0.49237965057338334,0.0006090816403292471,0.0010711319186949985,0.0005271713524655974,5.064438505362335e-06,2.109158087986391
67100,muon_no_ns,1,113,0.3,128,4,512,226048,4,nested_depth_one_shared_v2,4.718595027923584,0.011227154172956944,4.7442193031311035,0.007830853573977947,2369.1292210830143,0.0,0.4919770714352224,2.109663486480713,0.0,1.024173981246796e-06,2.8292646447880543e-07,0.0,0.0,0,0,0,,0.0,0.0,0.0,0.0,0.0,5.525536442760376e-06,0.0004866028651735227,0.000491982471658189,4.5151952154973106e-08,0.4919770714352224,0.00011297941317316684,0.0005424220741763731,0.0005274150934515391,9.394098467294611e-07,2.1096634279080475
67200,muon_no_ns,1,113,0.3,128,4,512,226048,4,nested_depth_one_shared_v2,4.718595027923584,0.011227154172956944,4.744242191314697,0.007830853573977947,2371.8419871249935,0.0,0.49228574892389404,2.1101510524749756,0.0,4.075206153879569e-05,1.0089019269798882e-05,0.0,0.0,0,0,0,,0.0,0.0,0.0,0.0,0.0,0.00011457891304314746,0.0003778286669286749,0.000492400345064346,9.362822330981727e-07,0.49228574892389404,0.00028414711353658503,0.00034177077743044015,0.0005275952395269093,2.362648104455011e-06,2.1101512469642305
67300,muon_no_ns,1,113,0.3,128,4,512,226048,4,nested_depth_one_shared_v2,4.718595027923584,0.011227154172956944,4.7442193031311035,0.007830853573977947,2374.5377242499962,0.0,0.49202959615817704,2.109436511993408,0.0,1.555015735907831e-06,3.90668674299377e-07,0.0,0.0,0,0,0,,0.0,0.0,0.0,0.0,0.0,1.8693265812043933e-06,0.0004934831498903412,0.0004920281654165944,1.527521268403668e-08,0.49202959615817704,0.00010992111409510034,0.000549584716844497,0.0005273563515062063,9.139804681596168e-07,2.1094364863723825
67400,muon_no_ns,1,113,0.3,128,4,512,226048,4,nested_depth_one_shared_v2,4.718595027923584,0.011227154172956944,4.744215965270996,0.007830853573977947,2377.2643976249965,0.0,0.49181573693764785,2.1100282669067383,0.0,3.3782490993284324e-06,8.931483534979634e-07,0.0,0.0,0,0,0,,0.0,0.0,0.0,0.0,0.0,0.00010962314682019438,0.00038231246217869863,0.0004919253918238682,8.957861615025929e-07,0.49181573693764785,0.00020328443509152891,0.00042466538793896813,0.0005275401004020952,1.6902849346466062e-06,2.110028427077164
67500,muon_no_ns,1,113,0.3,128,4,512,226048,4,nested_depth_one_shared_v2,4.718595027923584,0.011227154172956944,4.744222164154053,0.007830853573977947,2380.0531342501054,0.0,0.4920592897941059,2.1094703674316406,0.0,4.38112168611069e-06,1.0507868637432694e-06,0.0,0.0,0,0,0,,0.0,0.0,0.0,0.0,0.0,6.495245067141812e-05,0.0005569378270719908,0.0004919943720848706,5.307593163930028e-07,0.4920592897941059,0.00015418954926214341,0.0006320188057804975,0.0005273444945401327,1.2820670312530597e-06,2.109470393531638
67600,muon_no_ns,1,113,0.3,128,4,512,226048,4,nested_depth_one_shared_v2,4.718594074249268,0.011227154172956944,4.744211673736572,0.007830853573977947,2382.7755038751056,0.0,0.49174843232176957,2.1099772453308105,0.0,7.623391935744189e-06,1.929756990648457e-06,0.0,0.0,0,0,0,,0.0,0.0,0.0,0.0,0.0,0.00021066498811737026,0.0002813006336915622,0.000491959117678315,1.7214501366045883e-06,0.49174843232176957,0.00034917902694397485,0.00035377204018445394,0.000527559495377576,2.9033804209959254e-06,2.109977127602076
67700,muon_no_ns,1,113,0.3,128,4,512,226048,4,nested_depth_one_shared_v2,4.718595027923584,0.011227154172956944,4.744221210479736,0.007830853573977947,2385.4915907500545,0.0,0.4920267720653177,2.1095099449157715,0.0,3.512114655384235e-06,8.453811233266606e-07,0.0,0.0,0,0,0,,0.0,0.0,0.0,0.0,0.0,3.985981029647306e-05,0.0005318295165246476,0.0004919869632365447,3.257146642785621e-07,0.4920267720653177,0.000137149180236235,0.0006019699916282289,0.0005273620104187614,1.1403784704326354e-06,2.109510064216109
67800,muon_no_ns,1,113,0.3,128,4,512,226048,4,nested_depth_one_shared_v2,4.718595027923584,0.011227154172956944,4.744207382202148,0.007830853573977947,2388.2083073330577,0.0,0.4916653967156685,2.109943151473999,0.0,1.2717009581081903e-05,3.1774104627402266e-06,0.0,0.0,0,0,0,,0.0,0.0,0.0,0.0,0.0,0.00033542789626926097,0.00015658102177964795,0.0004920008709827737,2.7409509430774647e-06,0.4916653967156685,0.0005455085342987261,0.0003659498412719973,0.0005275905797261029,4.535835991728182e-06,2.1099433415837505
67900,muon_no_ns,1,113,0.3,128,4,512,226048,4,nested_depth_one_shared_v2,4.718595027923584,0.011227154172956944,4.744218826293945,0.007830853573977947,2390.951858750079,0.0,0.49200690453034274,2.1094181537628174,0.0,6.220899537022111e-07,2.7954277470598754e-07,0.0,0.0,0,0,0,,0.0,0.0,0.0,0.0,0.0,3.427567352222537e-05,0.0004577855884749328,0.0004920411911153097,2.8008385918487614e-07,0.49200690453034274,0.00011641543602937819,0.000506140996629125,0.0005273629805119594,9.679799517959923e-07,2.1094181762797612
68000,muon_no_ns,1,113,0.3,128,4,512,226048,4,nested_depth_one_shared_v2,4.718595027923584,0.011227154172956944,4.744221210479736,0.007830853573977947,2393.6781603751006,0.0,0.4918714295612735,2.1101863384246826,0.0,2.627026904635971e-06,6.344243388411996e-07,0.0,0.0,0,0,0,,0.0,0.0,0.0,0.0,0.0,3.357895836831522e-05,0.0005253981709575428,0.0004918379104795715,2.743906473816651e-07,0.4918714295612735,0.00013565624320203778,0.0005906456884181183,0.0005275342817704037,1.1279648836464983e-06,2.1101864984541194
68100,muon_no_ns,1,113,0.3,128,4,512,226048,4,nested_depth_one_shared_v2,4.718595027923584,0.011227154172956944,4.7442193031311035,0.007830853573977947,2396.401653167093,0.0,0.492065777940563,2.1092610359191895,0.0,1.4040321227522559e-07,2.2532923082962952e-07,0.0,0.0,0,0,0,,0.0,0.0,0.0,0.0,0.0,1.3458253510410822e-05,0.00047867136088714196,0.0004920792120529355,1.0997419434048618e-07,0.492065777940563,0.00010855864412714443,0.0005314903093597416,0.0005273170069115626,9.026516988925187e-07,2.109261064631292
68200,muon_no_ns,1,113,0.3,128,4,512,226048,4,nested_depth_one_shared_v2,4.718595027923584,0.011227154172956944,4.74422025680542,0.007830853573977947,2399.162902292097,0.0,0.4918978762366181,2.1100175380706787,0.0,2.1605978899252158e-06,5.267083906801417e-07,0.0,0.0,0,0,0,,0.0,0.0,0.0,0.0,0.0,2.063302435438033e-05,0.0005124743995399031,0.0004918773194573765,1.6860287469137895e-07,0.4918978762366181,0.00012312123909777328,0.0005732336823802059,0.000527496081937149,1.0237378749056084e-06,2.1100175797150467
68300,muon_no_ns,1,113,0.3,128,4,512,226048,4,nested_depth_one_shared_v2,4.718595027923584,0.011227154172956944,4.744218826293945,0.007830853573977947,2401.911610750016,0.0,0.49199230622656986,2.109480619430542,0.0,2.4079178384443738e-06,6.599681228180998e-07,0.0,0.0,0,0,0,,0.0,0.0,0.0,0.0,0.0,5.4174785908189154e-05,0.0004378872175128062,0.0004920464763891705,4.426895680938588e-07,0.49199230622656986,0.00013316562745048572,0.00048355650716713436,0.0005273848879748302,1.1072557217229773e-06,2.1094806785955447
68400,muon_no_ns,1,113,0.3,128,4,512,226048,4,nested_depth_one_shared_v2,4.718595027923584,0.011227154172956944,4.744307518005371,0.007830853573977947,2404.642382167047,0.0,0.49314701315236276,2.111738681793213,0.0,0.0001006861663352809,2.4666938770678826e-05,0.0,0.0,0,0,0,,0.0,0.0,0.0,0.0,0.0,0.0023612051173046667,0.0028519907476281486,0.0004907858467272654,1.9294600911428905e-05,0.49314701315236276,0.0037685096763489,0.004199118010011172,0.000527186771531875,3.133469185249955e-05,2.1117386749603377
68500,muon_no_ns,1,113,0.3,128,4,512,226048,4,nested_depth_one_shared_v2,4.718595027923584,0.011227154172956944,4.74422025680542,0.007830853573977947,2407.36433833302,0.0,0.491989413772645,2.109632730484009,0.0,2.350811627387562e-06,5.723492222386994e-07,0.0,0.0,0,0,0,,0.0,0.0,0.0,0.0,0.0,2.3933467243686324e-05,0.0005158751531441527,0.0004919655303843144,1.9557246234533698e-07,0.491989413772645,0.00011537683806383049,0.0005775018211039858,0.0005273982799116917,9.593441381709627e-07,2.109632914281539
68600,muon_no_ns,1,113,0.3,128,4,512,226048,4,nested_depth_one_shared_v2,4.718595027923584,0.011227154172956944,4.744289398193359,0.007830853573977947,2410.102846916998,0.0,0.49303309901755704,2.110774278640747,0.0,0.00012154233778623575,2.9834678571205586e-05,0.0,0.0,0,0,0,,0.0,0.0,0.0,0.0,0.0,0.002332735431547364,0.002823435640916045,0.0004907003776974449,1.9061960713957202e-05,0.49303309901755704,0.0037356777862916943,0.0041606783025128925,0.0005269630969781154,3.106169874747071e-05,2.1107742754714884
68700,muon_no_ns,1,113,0.3,128,4,512,226048,4,nested_depth_one_shared_v2,4.718595027923584,0.011227154172956944,4.74422025680542,0.007830853573977947,2412.8215646670433,0.0,0.49201090990207275,2.1095240116119385,0.0,2.0995700442948724e-06,5.123325763634057e-07,0.0,0.0,0,0,0,,0.0,0.0,0.0,0.0,0.0,1.717480319474991e-05,0.0005091295199249075,0.0004919937944009024,1.4034400101305366e-07,0.49201090990207275,0.0001140172667922653,0.0005703126156131607,0.0005273729238643534,9.480394712058294e-07,2.109523965732438
68800,muon_no_ns,1,113,0.3,128,4,512,226048,4,nested_depth_one_shared_v2,4.718595027923584,0.011227154172956944,4.744349956512451,0.007830853573977947,2415.5463016669964,0.0,0.49379789204651614,2.1123743057250977,0.0,0.0001801425761228743,4.415934017742984e-05,0.0,0.0,0,0,0,,0.0,0.0,0.0,0.0,0.0,0.003849645800164315,0.004339593829145753,0.000489948265740212,3.1457402332465304e-05,0.49379789204651614,0.006153995854080869,0.0065769864192829815,0.0005268810555871974,5.116971437260831e-05,2.1123743279449987
68900,muon_no_ns,1,113,0.3,128,4,512,226048,4,nested_depth_one_shared_v2,4.718595027923584,0.011227154172956944,4.744218826293945,0.007830853573977947,2418.2679816670716,0.0,0.49197900231212116,2.1095616817474365,0.0,8.767400730933941e-07,2.6278451059624786e-07,0.0,0.0,0,0,0,,0.0,0.0,0.0,0.0,0.0,1.3143686304427317e-05,0.0004789053426037506,0.0004919921191135591,1.0740370664554025e-07,0.49197900231212116,0.00010864633133592703,0.0005318950717114495,0.0005273921363691925,9.033808071879949e-07,2.109561714103276
69000,muon_no_ns,1,113,0.3,128,4,512,226048,4,nested_depth_one_shared_v2,4.718594551086426,0.011227154172956944,4.744185447692871,0.007830853573977947,2421.1075480830623,0.0,0.491507954223626,2.1087775230407715,0.0,8.766573816094573e-05,2.16432599700056e-05,0.0,0.0,0,0,0,,0.0,0.0,0.0,0.0,0.0,0.0014547943791000818,0.0009618321134486949,0.000492962786569661,1.1887860460410922e-05,0.491507954223626,0.0024189268031536383,0.002024759504394899,0.000527675150052887,2.0113077184401962e-05,2.108777448999002
69100,muon_no_ns,1,113,0.3,128,4,512,226048,4,nested_depth_one_shared_v2,4.718595027923584,0.011227154172956944,4.7442193031311035,0.007830853573977947,2423.8907798330765,0.0,0.49198152379877935,2.1095340251922607,0.0,1.198572147615404e-06,3.202631546628254e-07,0.0,0.0,0,0,0,,0.0,0.0,0.0,0.0,0.0,3.835432415316052e-06,0.0004883804839781379,0.0004919851579447065,3.1341257578145596e-08,0.49198152379877935,0.00011355434947380031,0.0005433454801281279,0.0005273824897852457,9.441903709585032e-07,2.1095339114765217
69200,muon_no_ns,1,113,0.3,128,4,512,226048,4,nested_depth_one_shared_v2,4.718595027923584,0.011227154172956944,4.7441887855529785,0.007830853573977947,2426.6290678750956,0.0,0.49153879346145496,2.108914852142334,0.0,7.033378307926093e-05,1.7375086827087216e-05,0.0,0.0,0,0,0,,0.0,0.0,0.0,0.0,0.0,0.0012204267237335012,0.0007276680919577197,0.0004927592660787928,9.972723844915438e-06,0.49153879346145496,0.002018185317921242,0.001631415882923042,0.0005276290420520765,1.678096130021614e-05,2.108914925593518
69300,muon_no_ns,1,113,0.3,128,4,512,226048,4,nested_depth_one_shared_v2,4.718595027923584,0.011227154172956944,4.7442193031311035,0.007830853573977947,2429.342826292035,0.0,0.4919339011066373,2.109769105911255,0.0,1.239886447627044e-06,3.2896244306357403e-07,0.0,0.0,0,0,0,,0.0,0.0,0.0,0.0,0.0,1.1720242251985387e-06,0.0004919315449787449,0.0004919339282222796,9.577202555594252e-09,0.4919339011066373,0.00012831495030236854,0.0005500467502556705,0.0005274404474716266,1.0669229411900977e-06,2.109769205063154
69400,muon_no_ns,1,113,0.3,128,4,512,226048,4,nested_depth_one_shared_v2,4.718595027923584,0.011227154172956944,4.744229316711426,0.007830853573977947,2432.0995845830766,0.0,0.49220947943157645,2.1093358993530273,0.0,1.7371964233659016e-05,4.234918833390111e-06,0.0,0.0,0,0,0,,0.0,0.0,0.0,0.0,0.0,0.00030873940807364853,0.0008006385561693583,0.0004919007639898284,2.522865811510608e-06,0.49220947943157645,0.0005194992577134047,0.0009859770287754005,0.000527233403376072,4.319572073866339e-06,2.109335891926239
69500,muon_no_ns,1,113,0.3,128,4,512,226048,4,nested_depth_one_shared_v2,4.718595027923584,0.011227154172956944,4.74422025680542,0.007830853573977947,2434.8238254170865,0.0,0.4919207849363564,2.1098687648773193,0.0,1.5408275455547293e-06,3.886800357122411e-07,0.0,0.0,0,0,0,,0.0,0.0,0.0,0.0,0.0,6.7308540061158915e-06,0.0004985298852610942,0.0004919141975067013,5.500121141078381e-08,0.4919207849363564,0.00012280355681663864,0.0005573010189595885,0.0005274631060905593,1.0210963860303569e-06,2.109868874837095
69600,muon_no_ns,1,113,0.3,128,4,512,226048,4,nested_depth_one_shared_v2,4.718595027923584,0.011227154172956944,4.744214057922363,0.007830853573977947,2437.5466217920184,0.0,0.49204770630942546,2.108834743499756,0.0,2.8919580188533624e-06,7.812614626345749e-07,0.0,0.0,0,0,0,,0.0,0.0,0.0,0.0,0.0,0.00012986731212797866,0.0003623169809176103,0.0004921775936576829,1.061211472305141e-06,0.49204770630942546,0.00022844294847975316,0.00040637301557276044,0.0005272478233715727,1.8994748617508307e-06,2.10883465663119
69700,muon_no_ns,1,113,0.3,128,4,512,226048,4,nested_depth_one_shared_v2,4.718595027923584,0.011227154172956944,4.7442193031311035,0.007830853573977947,2440.281694958103,0.0,0.4919388688026861,2.109724998474121,0.0,1.1413638193665492e-06,3.04504283121787e-07,0.0,0.0,0,0,0,,0.0,0.0,0.0,0.0,0.0,3.464322191054507e-06,0.0004887484049419552,0.000491942088938441,2.8308728290960646e-08,0.4919388688026861,0.00013091519455910627,0.000548123380005628,0.00052743002040794,1.0885436505748876e-06,2.109724905874412
69800,muon_no_ns,1,113,0.3,128,4,512,226048,4,nested_depth_one_shared_v2,4.718595027923584,0.011227154172956944,4.744229793548584,0.007830853573977947,2442.998930917005,0.0,0.4922562808463848,2.109184503555298,0.0,2.5191978329227624e-05,6.1607702264154796e-06,0.0,0.0,0,0,0,,0.0,0.0,0.0,0.0,0.0,0.0004052516949107407,0.0008971015069383063,0.0004918510712335153,3.311516506837206e-06,0.4922562808463848,0.0006663291720746281,0.0011267279643875834,0.0005271662845621239,5.54044465119122e-06,2.109184426070008
69900,muon_no_ns,1,113,0.3,128,4,512,226048,4,nested_depth_one_shared_v2,4.718595027923584,0.011227154172956944,4.7442193031311035,0.007830853573977947,2445.7233537920984,0.0,0.49194683518613513,2.109731912612915,0.0,1.5653459931779622e-06,3.9557508557663823e-07,0.0,0.0,0,0,0,,0.0,0.0,0.0,0.0,0.0,6.232755800234655e-06,0.0004980285773938348,0.000491940789010418,5.093099911675499e-08,0.49194683518613513,0.0001109417620174731,0.000555330714477067,0.0005274287271143538,9.224670293957895e-07,2.109731912440679
70000,muon_no_ns,1,113,0.3,128,4,512,226048,4,nested_depth_one_shared_v2,4.718595027923584,0.011227154172956944,4.744202613830566,0.007830853573977947,2448.448901833035,0.0,0.49182915130943466,2.1087865829467773,0.0,1.621965733066401e-05,4.041338797833305e-06,0.0,0.0,0,0,0,,0.0,0.0,0.0,0.0,0.0,0.00044696328067306344,4.5331232920172146e-05,0.0004922761288067432,3.6523629647618577e-06,0.49182915130943466,0.0007310603352485818,0.000457804974167909,0.0005273395630416537,6.078676266739264e-06,2.108786606846827
70100,muon_no_ns,1,113,0.3,128,4,512,226048,4,nested_depth_one_shared_v2,4.718595027923584,0.011227154172956944,4.74422025680542,0.007830853573977947,2451.1919604170835,0.0,0.49192218592965636,2.10982608795166,0.0,1.3763181540700097e-06,3.5262931419310917e-07,0.0,0.0,0,0,0,,0.0,0.0,0.0,0.0,0.0,3.2807050899472835e-06,0.000494917691607157,0.0004919192241477282,2.6808300115359568e-08,0.49192218592965636,0.00013072617417978277,0.0005554231374871525,0.0005274534069198014,1.0869719694997092e-06,2.109826046792339
70200,muon_no_ns,1,113,0.3,128,4,512,226048,4,nested_depth_one_shared_v2,4.718595027923584,0.011227154172956944,4.744211196899414,0.007830853573977947,2453.9242055420764,0.0,0.4919330756766715,2.1090431213378906,0.0,1.1088019994071538e-05,2.7815353860205505e-06,0.0,0.0,0,0,0,,0.0,0.0,0.0,0.0,0.0,0.00026107933264081165,0.00023112046300976084,0.0004921941667267912,2.1334112367488465e-06,0.4919330756766715,0.0004296682501895123,0.0003443409182056858,0.0005273423925956005,3.5726383570109623e-06,2.1090432365330196
70300,muon_no_ns,1,113,0.3,128,4,512,226048,4,nested_depth_one_shared_v2,4.718595027923584,0.011227154172956944,4.744218826293945,0.007830853573977947,2456.671697208076,0.0,0.4918783215867457,2.109924554824829,0.0,1.5519980482195917e-07,1.9899728442851483e-07,0.0,0.0,0,0,0,,0.0,0.0,0.0,0.0,0.0,2.42241899197433e-05,0.00046770722972647595,0.0004919025407018211,1.979481043297255e-07,0.4918783215867457,0.00012000991514566328,0.0005188928010186006,0.0005274866527797105,9.97867601066449e-07,2.109924470896573
70400,muon_no_ns,1,113,0.3,128,4,512,226048,4,nested_depth_one_shared_v2,4.718594551086426,0.011227154172956944,4.744223117828369,0.007830853573977947,2459.4227110830834,0.0,0.4920986943131295,2.10933780670166,0.0,7.01311250123302e-06,1.6906280961848097e-06,0.0,0.0,0,0,0,,0.0,0.0,0.0,0.0,0.0,0.00011710379369069827,0.0006090812320259519,0.0004919816195534876,9.569143095266252e-07,0.4920986943131295,0.00022522813675310334,0.0007050693266659271,0.0005272945306681115,1.8727440998662094e-06,2.109337700408067
70500,muon_no_ns,1,113,0.3,128,4,512,226048,4,nested_depth_one_shared_v2,4.718595027923584,0.011227154172956944,4.744218349456787,0.007830853573977947,2462.157801500056,0.0,0.49185049538846753,2.109931707382202,0.0,9.148845253536211e-07,3.3016939937624556e-07,0.0,0.0,0,0,0,,0.0,0.0,0.0,0.0,0.0,5.069708135171938e-05,0.00044122039465550937,0.0004919012117796346,4.142714857285545e-07,0.49185049538846753,0.00013986810626526584,0.0004888693171214843,0.0005274968901428011,1.1629860040749435e-06,2.109931702796635
70600,muon_no_ns,1,113,0.3,128,4,512,226048,4,nested_depth_one_shared_v2,4.718595027923584,0.011227154172956944,4.744218826293945,0.007830853573977947,2464.9065369170858,0.0,0.49201596767839184,2.1092822551727295,0.0,1.546066796837232e-06,4.630713874576031e-07,0.0,0.0,0,0,0,,0.0,0.0,0.0,0.0,0.0,4.7701064368109485e-05,0.00044437948605639447,0.0004920636747972404,3.897895160771406e-07,0.49201596767839184,0.0001304696660713564,0.0004921765109029113,0.0005273331223812974,1.0848391363042285e-06,2.1092823149486826
70700,muon_no_ns,1,113,0.3,128,4,512,226048,4,nested_depth_one_shared_v2,4.718595027923584,0.011227154172956944,4.744223117828369,0.007830853573977947,2467.6437617921038,0.0,0.4919188689768974,2.110011577606201,0.0,4.472772238117469e-06,1.0744291785158566e-06,0.0,0.0,0,0,0,,0.0,0.0,0.0,0.0,0.0,7.677348239100147e-05,0.0005686065306780701,0.0004918421144469362,6.273549436509432e-07,0.4919188689768974,0.00017231780634736956,0.0006465061915708305,0.0005274768193359788,1.4328012467317892e-06,2.1100114780493495
70800,muon_no_ns,1,113,0.3,128,4,512,226048,4,nested_depth_one_shared_v2,4.718594551086426,0.011227154172956944,4.744218349456787,0.007830853573977947,2470.371539667016,0.0,0.49204142234416726,2.1091525554656982,0.0,1.5824380843118707e-06,4.73775514819863e-07,0.0,0.0,0,0,0,,0.0,0.0,0.0,0.0,0.0,5.167600994886486e-05,0.00044043578496091445,0.0004920931316311815,4.2227080627223845e-07,0.49204142234416726,0.00013543805009411217,0.0004885745867071269,0.0005273018611549452,1.1261506349412086e-06,2.109152662074231
70900,muon_no_ns,1,113,0.3,128,4,512,226048,4,nested_depth_one_shared_v2,4.718595027923584,0.011227154172956944,4.7442193031311035,0.007830853573977947,2473.123006250011,0.0,0.49188968185751714,2.1099088191986084,0.0,9.638444213017865e-07,2.7568756877371925e-07,0.0,0.0,0,0,0,,0.0,0.0,0.0,0.0,0.0,6.018506821921644e-06,0.00048600647817981165,0.000491895592710271,4.918026238408615e-08,0.49188968185751714,0.00012549112141288456,0.0005413221251869065,0.00052747749286537,1.0434431532379826e-06,2.109908990027179
71000,muon_no_ns,1,113,0.3,128,4,512,226048,4,nested_depth_one_shared_v2,4.718595027923584,0.011227154172956944,4.744223117828369,0.007830853573977947,2475.85535770806,0.0,0.49222482812202195,2.1087610721588135,0.0,1.1080899393893781e-06,3.0555662533515715e-07,0.0,0.0,0,0,0,,0.0,0.0,0.0,0.0,0.0,4.414909791970961e-05,0.0005363162344093224,0.0004921807264147393,3.6076460224377876e-07,0.49222482812202195,0.00012797161652124123,0.0006045330039021178,0.0005271734550921003,1.064068163265101e-06,2.1087611682824483
71100,muon_no_ns,1,113,0.3,128,4,512,226048,4,nested_depth_one_shared_v2,4.718595027923584,0.011227154172956944,4.74422025680542,0.007830853573977947,2478.59764183301,0.0,0.49197920675746676,2.109574556350708,0.0,1.321862346562992e-06,3.4332785503465857e-07,0.0,0.0,0,0,0,,0.0,0.0,0.0,0.0,0.0,1.4547294389684408e-06,0.0004927857254678884,0.0004919784277583525,1.1887329801759557e-08,0.49197920675746676,0.00012141638779384294,0.0005520005943595273,0.000527390896873872,1.009562247177157e-06,2.109574598123135
71200,muon_no_ns,1,113,0.3,128,4,512,226048,4,nested_depth_one_shared_v2,4.718595027923584,0.011227154172956944,4.744337558746338,0.007830853573977947,2481.3707577920286,0.0,0.4936205271684632,2.112109899520874,0.0,0.00018895907738750682,4.631246702047065e-05,0.0,0.0,0,0,0,,0.0,0.0,0.0,0.0,0.0,0.0037661349201429254,0.004255989266822889,0.0004898544262041877,3.077499270614099e-05,0.4936205271684632,0.00601568143352908,0.006437776336121422,0.0005268453978510321,5.001964707307404e-05,2.1121099755307657
71300,muon_no_ns,1,113,0.3,128,4,512,226048,4,nested_depth_one_shared_v2,4.718595027923584,0.011227154172956944,4.74422025680542,0.007830853573977947,2484.130685292068,0.0,0.49201496067018624,2.1095035076141357,0.0,2.351548294592065e-06,5.730508974011173e-07,0.0,0.0,0,0,0,,0.0,0.0,0.0,0.0,0.0,2.2014051341711643e-05,0.0005139781754133536,0.0004919930000843387,1.798879444945851e-07,0.49201496067018624,0.000113919922109777,0.000576681342200273,0.0005273661063556808,9.472300622109703e-07,2.109503622018942
71400,muon_no_ns,1,113,0.3,128,4,512,226048,4,nested_depth_one_shared_v2,4.718595027923584,0.011227154172956944,4.744304180145264,0.007830853573977947,2486.8785717081046,0.0,0.49309045978881816,2.1116840839385986,0.0,9.59727060473995e-05,2.3503287593484856e-05,0.0,0.0,0,0,0,,0.0,0.0,0.0,0.0,0.0,0.0022625010665967985,0.002753328854944567,0.0004908279748904092,1.8488040205290967e-05,0.49309045978881816,0.003598225202017175,0.004030551707811668,0.0005272046700222439,2.991879750998613e-05,2.1116840299009394
71500,muon_no_ns,1,113,0.3,128,4,512,226048,4,nested_depth_one_shared_v2,4.718594551086426,0.011227154172956944,4.74422025680542,0.007830853573977947,2489.598822958069,0.0,0.491999544858722,2.109560489654541,0.0,2.480041401897057e-06,6.022126513016701e-07,0.0,0.0,0,0,0,,0.0,0.0,0.0,0.0,0.0,2.1109378102886867e-05,0.0005130564658359704,0.0004919784855285841,1.7249540202953264e-07,0.491999544858722,0.00012001913258190451,0.0005757655167359455,0.000527380953860345,9.979442429087406e-07,2.1095605839223412
71600,muon_no_ns,1,113,0.3,128,4,512,226048,4,nested_depth_one_shared_v2,4.718595027923584,0.011227154172956944,4.744143962860107,0.007830853573977947,2492.341424875078,0.0,0.49088276391025093,2.1081442832946777,0.0,9.375969295288912e-05,2.3150489141698927e-05,0.0,0.0,0,0,0,,0.0,0.0,0.0,0.0,0.0,0.002129169699216419,0.0016361580563466927,0.0004930119493155908,1.7398522185985575e-05,0.49088276391025093,0.0034997991985648634,0.0030985223434186575,0.0005277289017245122,2.9100397465053965e-05,2.1081442173914007
71700,muon_no_ns,1,113,0.3,128,4,512,226048,4,nested_depth_one_shared_v2,4.718595027923584,0.011227154172956944,4.744219779968262,0.007830853573977947,2495.068934167037,0.0,0.491988126549462,2.1096575260162354,0.0,1.6857991753961161e-06,4.195765370695881e-07,0.0,0.0,0,0,0,,0.0,0.0,0.0,0.0,0.0,7.681832006745119e-06,0.0004995629098036067,0.0004919805508099112,6.277213349765222e-08,0.491988126549462,0.00011460261327419556,0.0005566230869392949,0.0005274100278901822,9.52906554804776e-07,2.1096574382309914
71800,muon_no_ns,1,113,0.3,128,4,512,226048,4,nested_depth_one_shared_v2,4.718595027923584,0.011227154172956944,4.744231700897217,0.007830853573977947,2497.7952714170096,0.0,0.4922999526034303,2.1092374324798584,0.0,3.4109762982628735e-06,8.239913427132706e-07,0.0,0.0,0,0,0,,0.0,0.0,0.0,0.0,0.0,0.0001912998886599973,0.0006834063646666698,0.0004921086968343136,1.563208117348483e-06,0.4922999526034303,0.00033239307073187175,0.0008035265000372487,0.0005272483893820438,2.763807271255364e-06,2.1092373273214915
71900,muon_no_ns,1,113,0.3,128,4,512,226048,4,nested_depth_one_shared_v2,4.718595027923584,0.011227154172956944,4.7442193031311035,0.007830853573977947,2500.513854333083,0.0,0.4919790250282749,2.1096911430358887,0.0,1.476943862423679e-06,3.78296363123809e-07,0.0,0.0,0,0,0,,0.0,0.0,0.0,0.0,0.0,4.742674599189031e-06,0.0004965259529947722,0.0004919745138093564,3.875479219212453e-08,0.4919790250282749,0.00011918908186345573,0.0005531859781734859,0.0005274196200822263,9.910424738492705e-07,2.1096912288279657
72000,muon_no_ns,1,113,0.3,128,4,512,226048,4,nested_depth_one_shared_v2,4.718595027923584,0.011227154172956944,4.744210720062256,0.007830853573977947,2503.255135042011,0.0,0.4920016952268347,2.1088292598724365,0.0,2.4349472580943263e-06,6.716674647577747e-07,0.0,0.0,0,0,0,,0.0,0.0,0.0,0.0,0.0,0.00017160303261381209,0.00032057643255654195,0.0004921733348085065,1.4022551472588572e-06,0.4920016952268347,0.0002909489725581508,0.00036750255783194434,0.0005272613265985718,2.419204720934606e-06,2.1088294560014833
72100,muon_no_ns,1,113,0.3,128,4,512,226048,4,nested_depth_one_shared_v2,4.718595027923584,0.011227154172956944,4.7442193031311035,0.007830853573977947,2505.9899163329974,0.0,0.4919628054275377,2.109745979309082,0.0,1.2596813753850574e-06,3.290025176738709e-07,0.0,0.0,0,0,0,,0.0,0.0,0.0,0.0,0.0,1.1971824769377465e-06,0.0004918983372508843,0.0004919628873196706,9.782783351341207e-09,0.4919628054275377,0.0001219007340210862,0.0005509035189208726,0.0005274340619299579,1.01358952615055e-06,2.109746038511598
72200,muon_no_ns,1,113,0.3,128,4,512,226048,4,nested_depth_one_shared_v2,4.718595027923584,0.011227154172956944,4.744210720062256,0.007830853573977947,2508.704087292077,0.0,0.4919795247833911,2.108916997909546,0.0,9.500806530089522e-06,2.397980097157415e-06,0.0,0.0,0,0,0,,0.0,0.0,0.0,0.0,0.0,0.0002518647355652062,0.00024037297709323999,0.0004922314107866803,2.0581141048603735e-06,0.4919795247833911,0.00041846668406785324,0.00034859727450541175,0.0005273078979499374,3.479498720169789e-06,2.1089170735941987
72300,muon_no_ns,1,113,0.3,128,4,512,226048,4,nested_depth_one_shared_v2,4.718595027923584,0.011227154172956944,4.74422025680542,0.007830853573977947,2511.4490699170856,0.0,0.4919553390823853,2.1098387241363525,0.0,1.906278747058336e-06,4.6915707230255066e-07,0.0,0.0,0,0,0,,0.0,0.0,0.0,0.0,0.0,1.5558543254689723e-05,0.000507445087580128,0.0004919398501713763,1.271367238120838e-07,0.4919553390823853,0.00012071242232835941,0.0005675846594902511,0.0005274527603020762,1.0037088614012978e-06,2.109838816194798
72400,muon_no_ns,1,113,0.3,128,4,512,226048,4,nested_depth_one_shared_v2,4.718595027923584,0.011227154172956944,4.7442193031311035,0.007830853573977947,2514.1756259580143,0.0,0.49207381040476517,2.1092283725738525,0.0,2.7642265955488136e-06,6.653090167674236e-07,0.0,0.0,0,0,0,,0.0,0.0,0.0,0.0,0.0,7.200060546484552e-06,0.0004991832028248914,0.0004920667216397683,5.8835335297394646e-08,0.49207381040476517,0.0001127437572347015,0.0005557906559118081,0.0005273028044087185,9.374503967481152e-07,2.1092282844665373
72500,muon_no_ns,1,113,0.3,128,4,512,226048,4,nested_depth_one_shared_v2,4.718594551086426,0.011227154172956944,4.7442193031311035,0.007830853573977947,2517.0010012080893,0.0,0.49193379508818713,2.1098735332489014,0.0,1.0893752319251554e-06,2.9760951747448416e-07,0.0,0.0,0,0,0,,0.0,0.0,0.0,0.0,0.0,3.640544590060526e-06,0.0004885220684673961,0.0004919372503000636,2.9748730616703954e-08,0.49193379508818713,0.00015632020661335774,0.0005537931923342733,0.0005274674706592136,1.2997831835990574e-06,2.109873620899364
72600,muon_no_ns,1,113,0.3,128,4,512,226048,4,nested_depth_one_shared_v2,4.718595027923584,0.011227154172956944,4.744224548339844,0.007830853573977947,2519.8364548750687,0.0,0.49234458899055744,2.108558416366577,0.0,9.527075292367324e-06,2.3125269308366114e-06,0.0,0.0,0,0,0,,0.0,0.0,0.0,0.0,0.0,0.0001648320354276794,0.0006570092461232542,0.0004921798024700309,1.3469259056265295e-06,0.49234458899055744,0.00029925313127414073,0.000777985031416302,0.0005270832502688627,2.4882527735621085e-06,2.108558553293803
72700,muon_no_ns,1,113,0.3,128,4,512,226048,4,nested_depth_one_shared_v2,4.718595027923584,0.011227154172956944,4.7442193031311035,0.007830853573977947,2522.6921464999905,0.0,0.4920395371389402,2.109407424926758,0.0,1.0437302215273177e-06,2.8828378617618e-07,0.0,0.0,0,0,0,,0.0,0.0,0.0,0.0,0.0,5.839528006369556e-06,0.00048634380593405867,0.0004920452489399199,4.771773598501593e-08,0.4920395371389402,0.00011352935666300629,0.0005423872285371923,0.0005273511236949323,9.439825588279749e-07,2.1094073257795056
72800,muon_no_ns,1,113,0.3,128,4,512,226048,4,nested_depth_one_shared_v2,4.718595027923584,0.011227154172956944,4.74422025680542,0.007830853573977947,2525.5457664170535,0.0,0.4918928172460506,2.110097885131836,0.0,1.5631484159354385e-06,3.898468889929063e-07,0.0,0.0,0,0,0,,0.0,0.0,0.0,0.0,0.0,8.605036964692781e-06,0.0005003972197157094,0.0004918843254883315,7.031610800986493e-08,0.4918928172460506,0.00012242342785985118,0.0005584703432634523,0.0005275200851172834,1.0179356607707398e-06,2.1100978036785087
72900,muon_no_ns,1,113,0.3,128,4,512,226048,4,nested_depth_one_shared_v2,4.718595027923584,0.011227154172956944,4.7442193031311035,0.007830853573977947,2528.401866750093,0.0,0.4921212605907677,2.1090621948242188,0.0,1.6498221681935208e-06,4.901782517663378e-07,0.0,0.0,0,0,0,,0.0,0.0,0.0,0.0,0.0,3.864056998439553e-05,0.00045353549038148653,0.0004921599083647927,3.157516352031738e-07,0.4921212605907677,0.00011596055301620846,0.0005015634490768628,0.0005272750450918248,9.64197655803477e-07,2.1090622281498126
73000,muon_no_ns,1,113,0.3,128,4,512,226048,4,nested_depth_one_shared_v2,4.718595027923584,0.011227154172956944,4.7442193031311035,0.007830853573977947,2531.2386058750562,0.0,0.4919459491973936,2.109846830368042,0.0,1.3768270196521844e-06,3.55183402689363e-07,0.0,0.0,0,0,0,,0.0,0.0,0.0,0.0,0.0,1.9631829227766705e-06,0.0004934321188943645,0.000491944472130895,1.604216030767686e-08,0.4919459491973936,0.00011492779442307567,0.0005514229510254221,0.0005274586876015543,9.556103958378373e-07,2.109846726405342
73100,muon_no_ns,1,113,0.3,128,4,512,226048,4,nested_depth_one_shared_v2,4.718595027923584,0.011227154172956944,4.744290351867676,0.007830853573977947,2534.084100708016,0.0,0.4931971321726813,2.110200881958008,0.0,8.141516810826809e-05,1.999596133828163e-05,0.0,0.0,0,0,0,,0.0,0.0,0.0,0.0,0.0,0.0019065656545016432,0.0023978560500497385,0.0004912906256012667,1.5579511981169355e-05,0.4931971321726813,0.003074917237029052,0.0035007915034756644,0.0005269515547800675,2.5567556506208674e-05,2.110200847449633
73200,muon_no_ns,1,113,0.3,128,4,512,226048,4,nested_depth_one_shared_v2,4.718595027923584,0.011227154172956944,4.7442193031311035,0.007830853573977947,2536.9331536670215,0.0,0.4920992015169166,2.109147310256958,0.0,1.7805576407293388e-06,4.3810007355205016e-07,0.0,0.0,0,0,0,,0.0,0.0,0.0,0.0,0.0,6.1388045380070614e-06,0.0004981348702705019,0.0004920932038271377,5.016327584844542e-08,0.4920992015169166,0.00010496226901424938,0.0005554646358399141,0.0005272822680450323,8.727482846447556e-07,2.109147349188382
73300,muon_no_ns,1,113,0.3,128,4,512,226048,4,nested_depth_one_shared_v2,4.718595027923584,0.011227154172956944,4.7442193031311035,0.007830853573977947,2539.763776083011,0.0,0.49191670310069696,2.10992693901062,0.0,1.2539978846936604e-06,3.2816038242344803e-07,0.0,0.0,0,0,0,,0.0,0.0,0.0,0.0,0.0,1.7026481998505319e-06,0.0004907722375444302,0.0004919178808262761,1.3913199352278027e-08,0.49191670310069696,0.0001240869144441154,0.0005487819810444728,0.0005274799714461242,1.0317673459713435e-06,2.1099269568650154
73400,muon_no_ns,1,113,0.3,128,4,512,226048,4,nested_depth_one_shared_v2,4.718594551086426,0.011227154172956944,4.744214057922363,0.007830853573977947,2542.6270978749963,0.0,0.49199186705926784,2.1091763973236084,0.0,3.169897172465835e-05,7.855011062929407e-06,0.0,0.0,0,0,0,,0.0,0.0,0.0,0.0,0.0,0.000431678318304602,6.076078803452778e-05,0.0004924235626822946,3.5274618087020557e-06,0.49199186705926784,0.0007248128712446068,0.0004483146784495721,0.0005274369179201758,6.02672937626085e-06,2.1091762872981668
73500,muon_no_ns,1,113,0.3,128,4,512,226048,4,nested_depth_one_shared_v2,4.718595027923584,0.011227154172956944,4.74422025680542,0.007830853573977947,2545.47092683299,0.0,0.49194872831912434,2.109816551208496,0.0,1.3532305167607232e-06,3.542737374573335e-07,0.0,0.0,0,0,0,,0.0,0.0,0.0,0.0,0.0,1.7609435813554906e-06,0.0004931206924046482,0.0004919475919290219,1.4389560390492964e-08,0.49194872831912434,0.0001227340688618077,0.0005495078114323763,0.0005274521136835581,1.0205186022805224e-06,2.109816554443087
73600,muon_no_ns,1,113,0.3,128,4,512,226048,4,nested_depth_one_shared_v2,4.718594074249268,0.011227154172956944,4.744259834289551,0.007830853573977947,2548.318829042022,0.0,0.492400206667553,2.1111841201782227,0.0,4.223818297788651e-05,1.0326487426937092e-05,0.0,0.0,0,0,0,,0.0,0.0,0.0,0.0,0.0,0.001037590452170958,0.0015289527137555016,0.0004913626304973864,8.478676222335378e-06,0.492400206667553,0.001654409317566506,0.00209961964984531,0.000527465800273007,1.3756208850729508e-05,2.1111840296862203
73700,muon_no_ns,1,113,0.3,128,4,512,226048,4,nested_depth_one_shared_v2,4.718595027923584,0.011227154172956944,4.7442193031311035,0.007830853573977947,2551.1700176669983,0.0,0.4921646264225885,2.108860492706299,0.0,2.17234510803074e-06,5.286167947815557e-07,0.0,0.0,0,0,0,,0.0,0.0,0.0,0.0,0.0,3.7200190085393324e-06,0.0004956984008457841,0.0004921611066536876,3.039815627480471e-08,0.4921646264225885,9.920626871531363e-05,0.0005533239628561341,0.0005272107887944856,8.248878540872864e-07,2.1088604334760657
73800,muon_no_ns,1,113,0.3,128,4,512,226048,4,nested_depth_one_shared_v2,4.718595027923584,0.011227154172956944,4.7442193031311035,0.007830853573977947,2554.015734292101,0.0,0.49196962045096904,2.1097097396850586,0.0,1.3210635192220514e-06,3.43285819326411e-07,0.0,0.0,0,0,0,,0.0,0.0,0.0,0.0,0.0,1.3963106639376315e-06,0.0004913395073598513,0.0004919702820877711,1.1409960452653333e-08,0.49196962045096904,0.00011652966439145889,0.0005497987230793747,0.0005274249549899466,9.689297464984123e-07,2.1097096495609153
73900,muon_no_ns,1,113,0.3,128,4,512,226048,4,nested_depth_one_shared_v2,4.718595027923584,0.011227154172956944,4.744217395782471,0.007830853573977947,2556.874369041994,0.0,0.4917767263804251,2.1103484630584717,0.0,1.4032511978833858e-06,4.3556738660299743e-07,0.0,0.0,0,0,0,,0.0,0.0,0.0,0.0,0.0,6.154371517226927e-05,0.0004303095646008661,0.0004918382860932377,5.029048150679444e-07,0.4917767263804251,0.00014769890261527062,0.00047429503874547196,0.0005276049899596009,1.228098107176881e-06,2.11034851215218
74000,muon_no_ns,1,113,0.3,128,4,512,226048,4,nested_depth_one_shared_v2,4.718595027923584,0.011227154172956944,4.744217395782471,0.007830853573977947,2559.7303084580926,0.0,0.49191788448889756,2.109689474105835,0.0,2.1701512778106747e-06,6.173610813675623e-07,0.0,0.0,0,0,0,,0.0,0.0,0.0,0.0,0.0,7.827443528887846e-05,0.00041373528493361856,0.0004919961773428991,6.39619988707447e-07,0.49191788448889756,0.00016286907835056947,0.00045724717943807365,0.0005274450816559878,1.3542362420998614e-06,2.1096894206491914
74100,muon_no_ns,1,113,0.3,128,4,512,226048,4,nested_depth_one_shared_v2,4.718595027923584,0.011227154172956944,4.744220733642578,0.007830853573977947,2562.5933402080555,0.0,0.49181524459067233,2.110441207885742,0.0,2.219111223848787e-06,5.405896672527888e-07,0.0,0.0,0,0,0,,0.0,0.0,0.0,0.0,0.0,2.4374825791808646e-05,0.0005161386287865147,0.0004917909276159709,1.9917902620650158e-07,0.49181524459067233,0.0001241969798742246,0.0005772347683838007,0.0005276009766817775,1.0326825264093107e-06,2.1104411503789073
74200,muon_no_ns,1,113,0.3,128,4,512,226048,4,nested_depth_one_shared_v2,4.718595027923584,0.011227154172956944,4.744220733642578,0.007830853573977947,2565.427726667025,0.0,0.49210529549169396,2.109193801879883,0.0,4.72866042368373e-07,2.193056332089327e-07,0.0,0.0,0,0,0,,0.0,0.0,0.0,0.0,0.0,3.6000777364920365e-06,0.0004955445282690642,0.0004921018817039219,2.9418055494909996e-08,0.49210529549169396,9.808287955742696e-05,0.000551101747790807,0.0005272946923711262,8.155470121853169e-07,2.1091938082263564
74300,muon_no_ns,1,113,0.3,128,4,512,226048,4,nested_depth_one_shared_v2,4.718595027923584,0.011227154172956944,4.7442193031311035,0.007830853573977947,2568.2922581670573,0.0,0.49189811858216576,2.1099846363067627,0.0,8.778754499549087e-07,2.6098427952092607e-07,0.0,0.0,0,0,0,,0.0,0.0,0.0,0.0,0.0,9.15514609977708e-06,0.0004828368718476524,0.0004919072207905008,7.48113279047375e-08,0.49189811858216576,0.00010854250890336326,0.0005360778792743017,0.0005274968093222916,9.025175365024558e-07,2.1099845853124966
74400,muon_no_ns,1,113,0.3,128,4,512,226048,4,nested_depth_one_shared_v2,4.718595027923584,0.011227154172956944,4.744236946105957,0.007830853573977947,2571.1437209170545,0.0,0.49212581005712863,2.110427141189575,0.0,0.0001023019978931682,2.5111281502177007e-05,0.0,0.0,0,0,0,,0.0,0.0,0.0,0.0,0.0,0.001362166718626677,0.0018529301433704757,0.0004907636954177485,1.1130953011288586e-05,0.49212581005712863,0.0021485696082787983,0.002574981759370629,0.0005271949660968588,1.786509054801978e-05,2.110427028960696
74500,muon_no_ns,1,113,0.3,128,4,512,226048,4,nested_depth_one_shared_v2,4.718595027923584,0.011227154172956944,4.74422025680542,0.007830853573977947,2573.991629750002,0.0,0.4919870513369276,2.109701156616211,0.0,2.3694492530052723e-06,5.759389409831783e-07,0.0,0.0,0,0,0,,0.0,0.0,0.0,0.0,0.0,2.249929901224174e-05,0.0005144337355379124,0.0004919646060354525,1.8385314856663381e-07,0.4919870513369276,0.00011032843898888961,0.0005746217180044802,0.0005274158478926849,9.173673242716872e-07,2.1097010607729274
74600,muon_no_ns,1,113,0.3,128,4,512,226048,4,nested_depth_one_shared_v2,4.718595027923584,0.011227154172956944,4.7442193031311035,0.007830853573977947,2576.8520004580496,0.0,0.49180378412873127,2.11041259765625,0.0,7.657191528114551e-07,2.42624906832134e-07,0.0,0.0,0,0,0,,0.0,0.0,0.0,0.0,0.0,1.0639644964007289e-05,0.0004812406967432575,0.0004918144051614281,8.694191873264802e-08,0.49180378412873127,0.00011377085656426796,0.0005334546845274014,0.0005276047744823725,9.459906006371644e-07,2.110412568530528
74700,muon_no_ns,1,113,0.3,128,4,512,226048,4,nested_depth_one_shared_v2,4.718594551086426,0.011227154172956944,4.744215965270996,0.007830853573977947,2579.7114408330526,0.0,0.49195552082032684,2.109506845474243,0.0,2.2380258884887735e-06,6.37580569673446e-07,0.0,0.0,0,0,0,,0.0,0.0,0.0,0.0,0.0,9.372336673317441e-05,0.00039833415307423056,0.0004920492489691493,7.658610189937006e-07,0.49195552082032684,0.0001825504518481656,0.00044285774549279744,0.0005274040461540177,1.5178844284509766e-06,2.1095067866094825
74800,muon_no_ns,1,113,0.3,128,4,512,226048,4,nested_depth_one_shared_v2,4.718594551086426,0.011227154172956944,4.7442193031311035,0.007830853573977947,2582.5792272920953,0.0,0.4918377178342608,2.110309600830078,0.0,1.1629502888997275e-06,3.128763523818634e-07,0.0,0.0,0,0,0,,0.0,0.0,0.0,0.0,0.0,1.8294778906391461e-06,0.0004905283230542335,0.0004918390662130126,1.4949588884704442e-08,0.4918377178342608,0.00013598709246698026,0.0005521801057398202,0.000527575495695587,1.1307158543635598e-06,2.1103095350974796
74900,muon_no_ns,1,113,0.3,128,4,512,226048,4,nested_depth_one_shared_v2,4.718595027923584,0.011227154172956944,4.744223117828369,0.007830853573977947,2585.416770125041,0.0,0.4920772777239142,2.109513998031616,0.0,1.1425286240776108e-06,3.0735753853150527e-07,0.0,0.0,0,0,0,,0.0,0.0,0.0,0.0,0.0,4.395478595198011e-05,0.0005359738083403552,0.0004920333641847036,3.5917678090535353e-07,0.4920772777239142,0.00013327564584291214,0.0006040650302651635,0.000527362172101085,1.10817051104843e-06,2.1095140199414626
75000,muon_no_ns,1,113,0.3,128,4,512,226048,4,nested_depth_one_shared_v2,4.718595027923584,0.011227154172956944,4.744219779968262,0.007830853573977947,2588.287691417034,0.0,0.49186106862039225,2.1101956367492676,0.0,1.2408785062454386e-06,3.263326107116882e-07,0.0,0.0,0,0,0,,0.0,0.0,0.0,0.0,0.0,1.2907808344184247e-06,0.0004913087037414236,0.0004918616313643029,1.0547622856524237e-08,0.49186106862039225,0.00013352257972831794,0.0005517758010731749,0.0005275469964750694,1.1102237357636781e-06,2.110195650186937
75100,muon_no_ns,1,113,0.3,128,4,512,226048,4,nested_depth_one_shared_v2,4.718595027923584,0.011227154172956944,4.744231224060059,0.007830853573977947,2591.1492409170605,0.0,0.4922028569444525,2.1096577644348145,0.0,2.1131610911223317e-05,5.161195531400153e-06,0.0,0.0,0,0,0,,0.0,0.0,0.0,0.0,0.0,0.00038049014239009476,0.0008723114328539553,0.0004918223944951539,3.109177340988446e-06,0.4922028569444525,0.0006323824837051392,0.0010939415033195887,0.0005272915122027358,5.2581821360790564e-06,2.1096578902826835
75200,muon_no_ns,1,113,0.3,128,4,512,226048,4,nested_depth_one_shared_v2,4.718595027923584,0.011227154172956944,4.7442193031311035,0.007830853573977947,2593.9967302920995,0.0,0.49188112381124655,2.110100507736206,0.0,1.078997322310476e-06,2.966970669149305e-07,0.0,0.0,0,0,0,,0.0,0.0,0.0,0.0,0.0,4.389660695431364e-06,0.0004877133441168881,0.0004918853222145242,3.587013708983301e-08,0.49188112381124655,0.0001450987515938634,0.0005502146309908636,0.0005275243145206925,1.2064781730323324e-06,2.1101004024319567
75300,muon_no_ns,1,113,0.3,128,4,512,226048,4,nested_depth_one_shared_v2,4.718595027923584,0.011227154172956944,4.744198322296143,0.007830853573977947,2596.8515812500846,0.0,0.4918094348591383,2.108673334121704,0.0,2.1942942244487164e-05,5.463205070554977e-06,0.0,0.0,0,0,0,,0.0,0.0,0.0,0.0,0.0,0.0005650865492961815,7.272009413118562e-05,0.0004923745432201549,4.617607919439167e-06,0.4918094348591383,0.0009325804207930831,0.0006172267003444772,0.0005273500996845924,7.754290853125076e-06,2.108673431146035
75400,muon_no_ns,1,113,0.3,128,4,512,226048,4,nested_depth_one_shared_v2,4.718595027923584,0.011227154172956944,4.7442193031311035,0.007830853573977947,2599.7012320000213,0.0,0.49194645655866304,2.1098291873931885,0.0,8.498543283518494e-07,2.7080474751528527e-07,0.0,0.0,0,0,0,,0.0,0.0,0.0,0.0,0.0,9.974457469638319e-06,0.0004820549441946573,0.0004919563734767854,8.15063353769024e-08,0.49194645655866304,0.00011998830264362543,0.0005364487435633635,0.0005274584181802958,9.976878957851365e-07,2.1098290978955285
75500,muon_no_ns,1,113,0.3,128,4,512,226048,4,nested_depth_one_shared_v2,4.718594551086426,0.011227154172956944,4.744161128997803,0.007830853573977947,2602.552550167078,0.0,0.49106164108158523,2.108851432800293,0.0,4.4807967701606164e-05,1.108861033571884e-05,0.0,0.0,0,0,0,,0.0,0.0,0.0,0.0,0.0,0.0013491957615292178,0.0008567854523118763,0.0004924108789856588,1.1024960762330382e-05,0.49106164108158523,0.0022363178760359302,0.0018458060284468282,0.0005276564056974701,1.8594706541317225e-05,2.1088515020611007
75600,muon_no_ns,1,113,0.3,128,4,512,226048,4,nested_depth_one_shared_v2,4.718594074249268,0.011227154172956944,4.74422025680542,0.007830853573977947,2605.38496975007,0.0,0.49192217835673036,2.1100211143493652,0.0,2.2765359778709177e-06,5.531242095457856e-07,0.0,0.0,0,0,0,,0.0,0.0,0.0,0.0,0.0,2.2952200106305623e-05,0.0005148204128204754,0.0004918992906140401,1.8755403240695314e-07,0.49192217835673036,0.00011612222037571752,0.0005757902965997937,0.00052749592029587,9.655418999020437e-07,2.110021195508615
75700,muon_no_ns,1,113,0.3,128,4,512,226048,4,nested_depth_one_shared_v2,4.718595027923584,0.011227154172956944,4.744234561920166,0.007830853573977947,2608.241468833061,0.0,0.4923359631861159,2.1094095706939697,0.0,4.149801496398028e-05,1.0168497283302713e-05,0.0,0.0,0,0,0,,0.0,0.0,0.0,0.0,0.0,0.0006561590849367405,0.0011478382632205155,0.0004916798238930208,5.361807657233374e-06,0.4923359631861159,0.0010643461475716997,0.0015114755628660907,0.0005271452037174004,8.849906573907517e-06,2.1094096993312057
75800,muon_no_ns,1,113,0.3,128,4,512,226048,4,nested_depth_one_shared_v2,4.718595027923584,0.011227154172956944,4.7442193031311035,0.007830853573977947,2611.106918583042,0.0,0.49196304016880354,2.1097793579101562,0.0,1.2846246428833492e-06,3.371899879311968e-07,0.0,0.0,0,0,0,,0.0,0.0,0.0,0.0,0.0,1.516542071258494e-06,0.0004909885643964483,0.0004919640427595132,1.239243207456968e-08,0.49196304016880354,0.00011911383174577083,0.0005484661751081106,0.0005274428992835412,9.90416778427996e-07,2.1097796016767645
75900,muon_no_ns,1,113,0.3,128,4,512,226048,4,nested_depth_one_shared_v2,4.718595027923584,0.011227154172956944,4.744340896606445,0.007830853573977947,2613.9562350420747,0.0,0.4936469254163339,2.1123831272125244,0.0,0.00018134026278734846,4.4447529944591224e-05,0.0,0.0,0,0,0,,0.0,0.0,0.0,0.0,0.0,0.0037331286631528855,0.004223042383779634,0.0004899138358249821,3.050528189129665e-05,0.4936469254163339,0.00596893197377577,0.006391478594976964,0.0005269218351533158,4.963093109741015e-05,2.1123830187308044
76000,muon_no_ns,1,113,0.3,128,4,512,226048,4,nested_depth_one_shared_v2,4.718595027923584,0.011227154172956944,4.7442193031311035,0.007830853573977947,2616.8164615000132,0.0,0.49196071546810377,2.109734535217285,0.0,7.781667346434992e-07,2.4923392061282357e-07,0.0,0.0,0,0,0,,0.0,0.0,0.0,0.0,0.0,1.31566766315942e-05,0.00047887981519257857,0.0004919738350032256,1.0750985717712982e-07,0.49196071546810377,0.0001199638506578449,0.0005325593324674139,0.0005274357863032601,9.974845805477035e-07,2.1097346246536324
76100,muon_no_ns,1,113,0.3,128,4,512,226048,4,nested_depth_one_shared_v2,4.718595027923584,0.011227154172956944,4.744176864624023,0.007830853573977947,2619.690168708097,0.0,0.4913738503866011,2.1087968349456787,0.0,9.35234092415162e-05,2.309012234036345e-05,0.0,0.0,0,0,0,,0.0,0.0,0.0,0.0,0.0,0.001641017327495978,0.0011480029373185125,0.0004930149038245956,1.3409582331804285e-05,0.4913738503866011,0.002721705131410546,0.0023247700638910074,0.0005277394844496345,2.2630641534863453e-05,2.1087967821866553
76200,muon_no_ns,1,113,0.3,128,4,512,226048,4,nested_depth_one_shared_v2,4.718595027923584,0.011227154172956944,4.74422025680542,0.007830853573977947,2622.549961542012,0.0,0.491972543309869,2.109731674194336,0.0,1.7047635279456053e-06,4.231859236369928e-07,0.0,0.0,0,0,0,,0.0,0.0,0.0,0.0,0.0,8.592159990577449e-06,0.0005004728267354486,0.000491964057202494,7.021088374337437e-08,0.491972543309869,0.0001190840316382913,0.0005600105797022976,0.0005274279188042519,9.901689942201157e-07,2.1097317994317306
76300,muon_no_ns,1,113,0.3,128,4,512,226048,4,nested_depth_one_shared_v2,4.718595027923584,0.011227154172956944,4.744107723236084,0.007830853573977947,2625.417075333069,0.0,0.49018421904392323,2.1081957817077637,0.0,0.00011825291311462919,2.9145279768272303e-05,0.0,0.0,0,0,0,,0.0,0.0,0.0,0.0,0.0,0.002941556679030364,0.002448431306990529,0.0004931258076100494,2.4036946965889447e-05,0.49018421904392323,0.004710861536925121,0.004302432739194231,0.00052798605841806,3.917023101884549e-05,2.1081959007412236
76400,muon_no_ns,1,113,0.3,128,4,512,226048,4,nested_depth_one_shared_v2,4.718595027923584,0.011227154172956944,4.7442193031311035,0.007830853573977947,2628.2852118330775,0.0,0.49211195714175926,2.1090750694274902,0.0,1.8933531764440654e-06,4.659025876208034e-07,0.0,0.0,0,0,0,,0.0,0.0,0.0,0.0,0.0,2.961710046711423e-06,0.0004948555084607883,0.0004921092310672406,2.420163032337395e-08,0.49211195714175926,0.0001142018772100332,0.0005553138248894815,0.0005272646686612475,9.495744839961171e-07,2.109075002176814
76500,muon_no_ns,1,113,0.3,128,4,512,226048,4,nested_depth_one_shared_v2,4.718594551086426,0.011227154172956944,4.7442193031311035,0.007830853573977947,2631.1431538329925,0.0,0.4919169454369694,2.109902858734131,0.0,1.1962866058764494e-06,3.238652368509065e-07,0.0,0.0,0,0,0,,0.0,0.0,0.0,0.0,0.0,2.345541404827035e-06,0.0004899253224009573,0.0004919189785946185,1.9166604796719367e-08,0.4919169454369694,0.00012750920063704606,0.0005495808899298177,0.0005274738827377834,1.0602232323817084e-06,2.109902775047658
76600,muon_no_ns,1,113,0.3,128,4,512,226048,4,nested_depth_one_shared_v2,4.718595027923584,0.011227154172956944,4.744174957275391,0.007830853573977947,2634.015686875093,0.0,0.4913327500241948,2.1087429523468018,0.0,7.298602220947289e-05,1.8030754290521145e-05,0.0,0.0,0,0,0,,0.0,0.0,0.0,0.0,0.0,0.0014514055630306115,0.0009586218855002671,0.0004927841826433337,1.1860168730817645e-05,0.4913327500241948,0.0023891880964003543,0.0019976169521825874,0.0005276585063911211,1.9865803515966322e-05,2.1087428523260794
76700,muon_no_ns,1,113,0.3,128,4,512,226048,4,nested_depth_one_shared_v2,4.718595027923584,0.011227154172956944,4.7442193031311035,0.007830853573977947,2636.872138500097,0.0,0.4918913783021035,2.10996150970459,0.0,7.421323156651987e-07,2.4480081606270687e-07,0.0,0.0,0,0,0,,0.0,0.0,0.0,0.0,0.0,1.186198592867945e-05,0.00048009907853334085,0.0004919032196063352,9.693028480817235e-08,0.4918913783021035,0.0001199996422910344,0.0005344278359403098,0.0005274920408903142,9.977821835508031e-07,2.1099614211257314
76800,muon_no_ns,1,113,0.3,128,4,512,226048,4,nested_depth_one_shared_v2,4.718595027923584,0.011227154172956944,4.744197368621826,0.007830853573977947,2639.743530708016,0.0,0.49173964454518565,2.1087985038757324,0.0,4.446644934939184e-06,1.1544572089405847e-06,0.0,0.0,0,0,0,,0.0,0.0,0.0,0.0,0.0,0.00038834997265463215,0.0001037866401312806,0.0004921280154833447,3.1734039882519127e-06,0.49173964454518565,0.0006571597601635601,0.00040646420703906205,0.0005273287567006759,5.464202125265076e-06,2.108798478071853
76900,muon_no_ns,1,113,0.3,128,4,512,226048,4,nested_depth_one_shared_v2,4.718595027923584,0.011227154172956944,4.74422025680542,0.007830853573977947,2642.7284175830428,0.0,0.49194125418768697,2.1097793579101562,0.0,1.6572065158122565e-06,4.1366661207575817e-07,0.0,0.0,0,0,0,,0.0,0.0,0.0,0.0,0.0,6.5868299850150645e-06,0.00049841824513586,0.0004919348092972691,5.382431831139404e-08,0.49194125418768697,0.00011830134259353979,0.0005582457877695933,0.000527440258870238,9.836610316195324e-07,2.10977937566397
77000,muon_no_ns,1,113,0.3,128,4,512,226048,4,nested_depth_one_shared_v2,4.718595027923584,0.011227154172956944,4.744153022766113,0.007830853573977947,2645.6012059170753,0.0,0.4909675632283031,2.108513593673706,0.0,0.00010101903485942623,2.4930841391324066e-05,0.0,0.0,0,0,0,,0.0,0.0,0.0,0.0,0.0,0.0020713426347626148,0.0015783039822528813,0.0004930389427812374,1.692598800319113e-05,0.4909675632283031,0.003401943834726364,0.0030007046771060694,0.0005278025455515083,2.828674221793136e-05,2.1085135502243024
77100,muon_no_ns,1,113,0.3,128,4,512,226048,4,nested_depth_one_shared_v2,4.718595027923584,0.011227154172956944,4.7442193031311035,0.007830853573977947,2648.486563000013,0.0,0.4919104250350305,2.109940767288208,0.0,1.710032460697417e-06,4.2518317400208616e-07,0.0,0.0,0,0,0,,0.0,0.0,0.0,0.0,0.0,9.19155555641181e-06,0.0005009938708955009,0.0004919013851175148,7.510884798464104e-08,0.4919104250350305,0.00011180201327260499,0.0005577574502273958,0.0005274804025024579,9.296199121824405e-07,2.109940855634613
77200,muon_no_ns,1,113,0.3,128,4,512,226048,4,nested_depth_one_shared_v2,4.718595027923584,0.011227154172956944,4.744229316711426,0.007830853573977947,2651.3394804580603,0.0,0.4922299366776232,2.109320878982544,0.0,4.792894488617924e-06,1.2451456541384687e-06,0.0,0.0,0,0,0,,0.0,0.0,0.0,0.0,0.0,7.525947522710717e-05,0.0005674072416504304,0.0004921547253707906,6.149832255861734e-07,0.4922299366776232,0.00016200601659755002,0.0006319739693781715,0.0005273077362509723,1.3470599903708904e-06,2.109320971891992
77300,muon_no_ns,1,113,0.3,128,4,512,226048,4,nested_depth_one_shared_v2,4.718595027923584,0.011227154172956944,4.7442193031311035,0.007830853573977947,2654.1881441670703,0.0,0.4919302055928905,2.1098222732543945,0.0,1.655492715031161e-06,4.1586395127524156e-07,0.0,0.0,0,0,0,,0.0,0.0,0.0,0.0,0.0,7.055906099895731e-06,0.0004988708372432433,0.0004919232829784313,5.7657376425395344e-08,0.4919302055928905,0.000112144986803631,0.000556255786386804,0.0005274511976393005,9.324716946724024e-07,2.109822317660226
77400,muon_no_ns,1,113,0.3,128,4,512,226048,4,nested_depth_one_shared_v2,4.718594551086426,0.011227154172956944,4.744246959686279,0.007830853573977947,2657.028540083091,0.0,0.4924267535517983,2.109884023666382,0.0,6.466960832486084e-05,1.587563383509405e-05,0.0,0.0,0,0,0,,0.0,0.0,0.0,0.0,0.0,0.0010909642626415162,0.0015822997069972582,0.0004913358052430275,8.914820615130537e-06,0.4924267535517983,0.0017552846665454041,0.0021902209840245776,0.000527129945188776,1.4594974900769094e-05,2.1098841299992532
77500,muon_no_ns,1,113,0.3,128,4,512,226048,4,nested_depth_one_shared_v2,4.718595027923584,0.011227154172956944,4.7442193031311035,0.007830853573977947,2659.8897999170003,0.0,0.49193192461605806,2.1097493171691895,0.0,1.0375055713959902e-06,2.9256233347041416e-07,0.0,0.0,0,0,0,,0.0,0.0,0.0,0.0,0.0,6.790073301216999e-06,0.00048524610986066044,0.0004919386513435337,5.548512221415201e-08,0.49193192461605806,0.00012582588511944197,0.000543544635255181,0.0005274370256930888,1.0462266720529163e-06,2.109749315746534
77600,muon_no_ns,1,113,0.3,128,4,512,226048,4,nested_depth_one_shared_v2,4.718595027923584,0.011227154172956944,4.744199275970459,0.007830853573977947,2662.7501468750415,0.0,0.49174844747297286,2.1088967323303223,0.0,4.146662862785875e-05,1.0256646419293247e-05,0.0,0.0,0,0,0,,0.0,0.0,0.0,0.0,0.0,0.0007568248268903444,0.000264321204226813,0.0004925052990341173,6.184398334431646e-06,0.49174844747297286,0.0012450780220305737,0.0008903886677290054,0.0005274696259884381,1.035266975629642e-05,2.108896837079946
77700,muon_no_ns,1,113,0.3,128,4,512,226048,4,nested_depth_one_shared_v2,4.718595027923584,0.011227154172956944,4.74422025680542,0.007830853573977947,2665.607730083051,0.0,0.49191285599638074,2.10986328125,0.0,1.364153455146369e-06,3.529036973759503e-07,0.0,0.0,0,0,0,,0.0,0.0,0.0,0.0,0.0,2.774263479103427e-06,0.0004943807005577165,0.0004919104419367778,2.266990964069901e-08,0.49191285599638074,0.0001319352884923966,0.0005543355530212732,0.00052746305220677,1.09702560546036e-06,2.1098632247490445
77800,muon_no_ns,1,113,0.3,128,4,512,226048,4,nested_depth_one_shared_v2,4.718595027923584,0.011227154172956944,4.744230270385742,0.007830853573977947,2668.440740458085,0.0,0.49219391833767734,2.1095006465911865,0.0,1.331637447483854e-05,3.238462568333489e-06,0.0,0.0,0,0,0,,0.0,0.0,0.0,0.0,0.0,0.000284673068887917,0.0007765808811580095,0.0004919092719264438,2.326207585342679e-06,0.49219391833767734,0.0004759327835718301,0.0009457154767482051,0.000527282780116317,3.957322229877948e-06,2.1095007964876618
77900,muon_no_ns,1,113,0.3,128,4,512,226048,4,nested_depth_one_shared_v2,4.718595027923584,0.011227154172956944,4.7442193031311035,0.007830853573977947,2671.3238139580935,0.0,0.4918770416464598,2.1100118160247803,0.0,1.2355754094842141e-06,3.254181990541838e-07,0.0,0.0,0,0,0,,0.0,0.0,0.0,0.0,0.0,1.307611387733871e-06,0.0004915466079382116,0.0004918774061305341,1.0685153817710174e-08,0.4918770416464598,0.0001337086831875092,0.0005514192657253976,0.000527501119732183,1.111771163008735e-06,2.110011930025191
78000,muon_no_ns,1,113,0.3,128,4,512,226048,4,nested_depth_one_shared_v2,4.718595027923584,0.011227154172956944,4.7442240715026855,0.007830853573977947,2674.181390292011,0.0,0.4922042344291136,2.1089375019073486,0.0,3.1442191541362954e-06,7.573635230073705e-07,0.0,0.0,0,0,0,,0.0,0.0,0.0,0.0,0.0,7.718853566001491e-05,0.0005693091583996676,0.0004921270770014781,6.307465537757508e-07,0.4922042344291136,0.00016589044547598206,0.0006481077878775224,0.0005272072307505455,1.3793585360512995e-06,2.108937536017308
78100,muon_no_ns,1,113,0.3,128,4,512,226048,4,nested_depth_one_shared_v2,4.718595027923584,0.011227154172956944,4.7442193031311035,0.007830853573977947,2677.057596583036,0.0,0.491952310106809,2.1096889972686768,0.0,1.141214632172886e-06,3.0803721529082395e-07,0.0,0.0,0,0,0,,0.0,0.0,0.0,0.0,0.0,4.7960088863705834e-06,0.0004873377599813782,0.0004919569512046953,3.919061362014103e-08,0.491952310106809,0.00012142701257633773,0.0005453672432980399,0.000527421236726628,1.00965059092948e-06,2.1096889686042557
78200,muon_no_ns,1,113,0.3,128,4,512,226048,4,nested_depth_one_shared_v2,4.718595027923584,0.011227154172956944,4.7442193031311035,0.007830853573977947,2679.9225145000964,0.0,0.4919940553200382,2.1095027923583984,0.0,4.3941562368138465e-05,1.0771173037937842e-05,0.0,0.0,0,0,0,,0.0,0.0,0.0,0.0,0.0,0.0004642966004921653,0.0009558254062431121,0.0004915297817433583,3.7940022852633723e-06,0.4919940553200382,0.0007272553010541858,0.0011770487408768475,0.0005272385245411299,6.047037878036721e-06,2.109502717849344
78300,muon_no_ns,1,113,0.3,128,4,512,226048,4,nested_depth_one_shared_v2,4.718595027923584,0.011227154172956944,4.7442193031311035,0.007830853573977947,2682.800492750015,0.0,0.4919391489913651,2.109724521636963,0.0,5.947464662818452e-07,2.235347551504674e-07,0.0,0.0,0,0,0,,0.0,0.0,0.0,0.0,0.0,1.6096276723356774e-05,0.0004759091197631192,0.0004919552180189301,1.3153081587914344e-07,0.4919391489913651,0.00011941098495284559,0.0005310965035804417,0.0005274336308357515,9.928875705915683e-07,2.109724679855758
78400,muon_no_ns,1,113,0.3,128,4,512,226048,4,nested_depth_one_shared_v2,4.718595027923584,0.011227154172956944,4.74422025680542,0.007830853573977947,2685.6679485000204,0.0,0.4920711909727883,2.1092891693115234,0.0,3.236965685857462e-05,8.022553629416507e-06,0.0,0.0,0,0,0,,0.0,0.0,0.0,0.0,0.0,0.00034270379777714933,0.00014971888893540425,0.0004924139092500528,2.8004060132180127e-06,0.4920711909727883,0.00059654720252349,0.0003676723323150454,0.0005274405283007725,4.960216205323491e-06,2.1092890969198046
78500,muon_no_ns,1,113,0.3,128,4,512,226048,4,nested_depth_one_shared_v2,4.718595027923584,0.011227154172956944,4.7442193031311035,0.007830853573977947,2688.536497000023,0.0,0.4919533172432577,2.109710693359375,0.0,1.0987738785760253e-06,2.99472816323032e-07,0.0,0.0,0,0,0,,0.0,0.0,0.0,0.0,0.0,5.489817879373294e-06,0.0004866111737017703,0.0004919586988274925,4.486007771313299e-08,0.4919533172432577,0.00012919361409728392,0.0005468137258529567,0.0005274267332805283,1.0742289219677021e-06,2.1097107796619947
78600,muon_no_ns,1,113,0.3,128,4,512,226048,4,nested_depth_one_shared_v2,4.718594551086426,0.011227154172956944,4.7443060874938965,0.007830853573977947,2691.4752749170875,0.0,0.49324739715200705,2.1112585067749023,0.0,0.00013354690960810692,3.277696669101715e-05,0.0,0.0,0,0,0,,0.0,0.0,0.0,0.0,0.0,0.0027176081263523455,0.003208137862526633,0.0004905298005479172,2.2206950106680987e-05,0.49324739715200705,0.0043598360125837845,0.004782738024393526,0.0005269629621408126,3.625149720037367e-05,2.1112585629729397
78700,muon_no_ns,1,113,0.3,128,4,512,226048,4,nested_depth_one_shared_v2,4.718595027923584,0.011227154172956944,4.744218826293945,0.007830853573977947,2694.3445897920756,0.0,0.4919786237094049,2.1095755100250244,0.0,7.610194684034693e-07,2.4569158085796516e-07,0.0,0.0,0,0,0,,0.0,0.0,0.0,0.0,0.0,1.3673068436264394e-05,0.00047837971982107186,0.0004919922924194109,1.1172955571666944e-07,0.4919786237094049,0.0001085469725127909,0.0005308739944875485,0.0005273958548376754,9.025546508627672e-07,2.109575615279246
78800,muon_no_ns,1,113,0.3,128,4,512,226048,4,nested_depth_one_shared_v2,4.718595027923584,0.011227154172956944,4.744233131408691,0.007830853573977947,2697.220761833014,0.0,0.49202406909798935,2.1104989051818848,0.0,1.5873564539084675e-05,3.86124065698823e-06,0.0,0.0,0,0,0,,0.0,0.0,0.0,0.0,0.0,0.00034964174042258005,0.0008413146097717911,0.0004916744479688953,2.8570994506110238e-06,0.49202406909798935,0.0005750607692773907,0.0010414724476736216,0.0005275120572392026,4.781559170421535e-06,2.1104989907217786
78900,muon_no_ns,1,113,0.3,128,4,512,226048,4,nested_depth_one_shared_v2,4.718595027923584,0.011227154172956944,4.744218826293945,0.007830853573977947,2700.0556218751008,0.0,0.49195370343789036,2.1096203327178955,0.0,1.0298889300770662e-06,3.497605405300419e-07,0.0,0.0,0,0,0,,0.0,0.0,0.0,0.0,0.0,4.6270032299698095e-05,0.00044574545242456254,0.0004919999900260876,3.7809582947232213e-07,0.49195370343789036,0.0001257304847091218,0.0004932885010958215,0.0005274171142736107,1.0454334294406587e-06,2.1096203696626223
79000,muon_no_ns,1,113,0.3,128,4,512,226048,4,nested_depth_one_shared_v2,4.718595027923584,0.011227154172956944,4.744143009185791,0.007830853573977947,2702.9267113331007,0.0,0.4907037380234719,2.1088151931762695,0.0,8.29810326018889e-05,2.0455781850614585e-05,0.0,0.0,0,0,0,,0.0,0.0,0.0,0.0,0.0,0.0020399450862551116,0.0015472017135389436,0.0004927437214263898,1.666942275877008e-05,0.4907037380234719,0.00325851339390658,0.002856061925743482,0.0005278523267272664,2.7094135842641262e-05,2.1088152107326943
79100,muon_no_ns,1,113,0.3,128,4,512,226048,4,nested_depth_one_shared_v2,4.718595027923584,0.011227154172956944,4.744218826293945,0.007830853573977947,2705.8006502500502,0.0,0.49200277040736656,2.1094589233398438,0.0,5.290290319937747e-07,2.1874518552067457e-07,0.0,0.0,0,0,0,,0.0,0.0,0.0,0.0,0.0,2.1078824616270098e-05,0.00047097498586122537,0.000492023861950327,1.7224573404160444e-07,0.49200277040736656,0.0001125443579540339,0.0005217517017001242,0.0005273691513408012,9.357924163919701e-07,2.109458865158642
79200,muon_no_ns,1,113,0.3,128,4,512,226048,4,nested_depth_one_shared_v2,4.718595027923584,0.011227154172956944,4.744229793548584,0.007830853573977947,2708.676292708027,0.0,0.49201931426228396,2.110292434692383,0.0,1.2652852301356985e-05,3.069862714255578e-06,0.0,0.0,0,0,0,,0.0,0.0,0.0,0.0,0.0,0.00026949938748747914,0.0007612470765987804,0.0004917498500512449,2.2022157623396785e-06,0.49201931426228396,0.00044716756757518715,0.0009202309200226458,0.0005274857906769064,3.718143016678033e-06,2.1102925883274124
79300,muon_no_ns,1,113,0.3,128,4,512,226048,4,nested_depth_one_shared_v2,4.718595027923584,0.011227154172956944,4.744221210479736,0.007830853573977947,2711.545007333043,0.0,0.4920218506851379,2.109588623046875,0.0,3.698492720890487e-06,8.926023724598053e-07,0.0,0.0,0,0,0,,0.0,0.0,0.0,0.0,0.0,4.989686589516523e-05,0.0005418556597891841,0.0004919720007777193,4.0773252061950295e-07,0.4920218506851379,0.00014439273483286174,0.0006126392368276871,0.0005273790945768487,1.2006077309879535e-06,2.109588612230831
79400,muon_no_ns,1,113,0.3,128,4,512,226048,4,nested_depth_one_shared_v2,4.718594551086426,0.011227154172956944,4.744309425354004,0.007830853573977947,2714.404323750059,0.0,0.49332495604820176,2.111206293106079,0.0,0.00011869055709933656,2.912947275035549e-05,0.0,0.0,0,0,0,,0.0,0.0,0.0,0.0,0.0,0.0026027578299592986,0.003093479878640361,0.0004907222277950942,2.1268450263011016e-05,0.49332495604820176,0.004167869041143676,0.004592318039137044,0.0005269851558963314,3.465531557619347e-05,2.1112063899485225
79500,muon_no_ns,1,113,0.3,128,4,512,226048,4,nested_depth_one_shared_v2,4.718595027923584,0.011227154172956944,4.74422025680542,0.007830853573977947,2717.264865833102,0.0,0.492020041119125,2.109495162963867,0.0,1.8579281885721966e-06,4.5676534909944166e-07,0.0,0.0,0,0,0,,0.0,0.0,0.0,0.0,0.0,1.31685510652732e-05,0.0005051140681457023,0.0004920069798685303,1.0760688917879983e-07,0.492020041119125,0.00011772792518049789,0.000565248542730073,0.0005273672920156939,9.788931367529512e-07,2.1094952584353748
79600,muon_no_ns,1,113,0.3,128,4,512,226048,4,nested_depth_one_shared_v2,4.718595027923584,0.011227154172956944,4.744113445281982,0.007830853573977947,2720.1304315420566,0.0,0.49032046409445706,2.1080451011657715,0.0,0.00011955959918441397,2.947397115349304e-05,0.0,0.0,0,0,0,,0.0,0.0,0.0,0.0,0.0,0.0028694183830867254,0.002376228691854808,0.000493189908882665,2.344746847439274e-05,0.49032046409445706,0.0046069496124309505,0.004199079889674065,0.0005279272723306147,3.8306216218973826e-05,2.1080452577701867
79700,muon_no_ns,1,113,0.3,128,4,512,226048,4,nested_depth_one_shared_v2,4.718595027923584,0.011227154172956944,4.7442193031311035,0.007830853573977947,2723.123979667085,0.0,0.4920412254957664,2.1093571186065674,0.0,1.7115721054986737e-06,4.2286839629923634e-07,0.0,0.0,0,0,0,,0.0,0.0,0.0,0.0,0.0,3.863836814828826e-06,0.0004957733342461238,0.0004920375231596419,3.157336428870252e-08,0.4920412254957664,0.00011199679049181814,0.0005539586293742455,0.0005273354668985662,9.312394606692694e-07,2.109357141489796
79800,muon_no_ns,1,113,0.3,128,4,512,226048,4,nested_depth_one_shared_v2,4.718595027923584,0.011227154172956944,4.744250297546387,0.007830853573977947,2726.004641500069,0.0,0.4923357210560913,2.1105806827545166,0.0,3.4452294862138715e-05,8.425671694567427e-06,0.0,0.0,0,0,0,,0.0,0.0,0.0,0.0,0.0,0.000803715165640181,0.0012952466461985702,0.0004915320223781502,6.567563001554071e-06,0.4923357210560913,0.0012942033369298838,0.001742493207519155,0.0005273884717659066,1.0761140673642784e-05,2.110580890839615
79900,muon_no_ns,1,113,0.3,128,4,512,226048,4,nested_depth_one_shared_v2,4.718595027923584,0.011227154172956944,4.74422025680542,0.007830853573977947,2728.8780172080733,0.0,0.4920583888661882,2.1093671321868896,0.0,2.8740356839973587e-06,6.943677135495818e-07,0.0,0.0,0,0,0,,0.0,0.0,0.0,0.0,0.0,2.8970516107287938e-05,0.0005209722964387527,0.0004920294795548319,2.367327354966591e-07,0.4920583888661882,0.00012484975054626108,0.0005869044646263671,0.0005273297807524614,1.0381102338096615e-06,2.1093670880204627
80000,muon_no_ns,1,113,0.3,128,4,512,226048,4,nested_depth_one_shared_v2,4.718595027923584,0.011227154172956944,4.744144439697266,0.007830853573977947,2731.739675042103,0.0,0.49080747564054655,2.1085591316223145,0.0,8.335609685340883e-05,2.0556311937980354e-05,0.0,0.0,0,0,0,,0.0,0.0,0.0,0.0,0.0,0.002015819428283728,0.0015229964971384463,0.0004928233285204854,1.6472279808811183e-05,0.49080747564054655,0.0032302026080278275,0.002828957637066662,0.0005277814093436308,2.6858735159665633e-05,2.108559231724688
80100,muon_no_ns,1,113,0.3,128,4,512,226048,4,nested_depth_one_shared_v2,4.718595027923584,0.011227154172956944,4.7442193031311035,0.007830853573977947,2734.608900750056,0.0,0.49202896017085074,2.1094446182250977,0.0,1.3498508886487081e-06,3.4999698073079344e-07,0.0,0.0,0,0,0,,0.0,0.0,0.0,0.0,0.0,2.176432909517528e-06,0.000490218414543711,0.0004920307936895595,1.7784733775088776e-08,0.49202896017085074,0.00011092308289547004,0.0005456023606896445,0.0005273594504420319,9.223117148066524e-07,2.10944462414031
80200,muon_no_ns,1,113,0.3,128,4,512,226048,4,nested_depth_one_shared_v2,4.718595027923584,0.011227154172956944,4.744174957275391,0.007830853573977947,2737.4855032500345,0.0,0.49144122904381893,2.108358383178711,0.0,6.860597837500614e-05,1.6969268472166732e-05,0.0,0.0,0,0,0,,0.0,0.0,0.0,0.0,0.0,0.0013983962462811685,0.0009055571397553688,0.00049283966361526,1.1427002800516955e-05,0.49144122904381893,0.0023115558543679994,0.001923579536012957,0.0005275447875865077,1.9220301025374524e-05,2.1083584066515915
80300,muon_no_ns,1,113,0.3,128,4,512,226048,4,nested_depth_one_shared_v2,4.718595027923584,0.011227154172956944,4.744219779968262,0.007830853573977947,2740.3451657081023,0.0,0.4920049056180763,2.109585762023926,0.0,1.563893442664261e-06,3.9565222209603235e-07,0.0,0.0,0,0,0,,0.0,0.0,0.0,0.0,0.0,6.7043481918531e-06,0.0004985834727627551,0.0004919983580857637,5.478461900028759e-08,0.4920049056180763,0.00012191738886071368,0.0005600500634393117,0.0005273915435674461,1.0137280090821065e-06,2.1095856737966083
80400,muon_no_ns,1,113,0.3,128,4,512,226048,4,nested_depth_one_shared_v2,4.718594551086426,0.011227154172956944,4.744214057922363,0.007830853573977947,2743.1843192920787,0.0,0.4920725763966404,2.108837366104126,0.0,3.5953420709575886e-06,8.635464610051713e-07,0.0,0.0,0,0,0,,0.0,0.0,0.0,0.0,0.0,5.462805527501779e-05,0.00043751285551457843,0.000492127206945228,4.46393461277149e-07,0.4920725763966404,0.00014302075207172567,0.00047833402946788475,0.0005272259102133489,1.1891998640221477e-06,2.1088374830549994
80500,muon_no_ns,1,113,0.3,128,4,512,226048,4,nested_depth_one_shared_v2,4.718595027923584,0.011227154172956944,4.744219779968262,0.007830853573977947,2746.0638610420283,0.0,0.4919866575965385,2.1096863746643066,0.0,1.5894971808934789e-06,3.9970058196558966e-07,0.0,0.0,0,0,0,,0.0,0.0,0.0,0.0,0.0,7.567924949120811e-06,0.0004994443303978338,0.0004919792220984437,6.184134133489214e-08,0.4919866575965385,0.00010179376619874686,0.0005539340786431792,0.0005274173028832757,8.464025756286281e-07,2.109686482355378
80600,muon_no_ns,1,113,0.3,128,4,512,226048,4,nested_depth_one_shared_v2,4.718594551086426,0.011227154172956944,4.744207382202148,0.007830853573977947,2748.9327294999966,0.0,0.49200845671040266,2.1085987091064453,0.0,8.067292736035501e-06,2.0432337350939633e-06,0.0,0.0,0,0,0,,0.0,0.0,0.0,0.0,0.0,0.00027474899207077016,0.00021754001851992621,0.000492283230197285,2.2451129357512923e-06,0.49200845671040266,0.00045586860562381494,0.00034769232159271126,0.0005272362604532389,3.790491071868587e-06,2.108598919551543
80700,muon_no_ns,1,113,0.3,128,4,512,226048,4,nested_depth_one_shared_v2,4.718595027923584,0.011227154172956944,4.7442193031311035,0.007830853573977947,2751.8021127500106,0.0,0.49199304069514727,2.109625816345215,0.0,1.0159124308287934e-06,2.8835367515966936e-07,0.0,0.0,0,0,0,,0.0,0.0,0.0,0.0,0.0,6.478175395807403e-06,0.00048567450482968875,0.0004919993834648294,5.293644672387597e-08,0.49199304069514727,0.00013545915807342546,0.0005455639933244512,0.0005274062017424365,1.1263261451784681e-06,2.1096259073864756
80800,muon_no_ns,1,113,0.3,128,4,512,226048,4,nested_depth_one_shared_v2,4.718595027923584,0.011227154172956944,4.744242191314697,0.007830853573977947,2754.67769625003,0.0,0.4924290306616002,2.109614610671997,0.0,2.7070153697641697e-05,6.618596216867445e-06,0.0,0.0,0,0,0,,0.0,0.0,0.0,0.0,0.0,0.0006079045899077207,0.00109972509894273,0.00049182115203948,4.96749577939437e-06,0.4924290306616002,0.0009893401799356122,0.0014404909609081254,0.0005272096836470448,8.226241230091174e-06,2.1096148319242323
80900,muon_no_ns,1,113,0.3,128,4,512,226048,4,nested_depth_one_shared_v2,4.718595027923584,0.011227154172956944,4.74422025680542,0.007830853573977947,2757.546443708008,0.0,0.4919660690783162,2.109815835952759,0.0,1.7403962358735553e-06,4.3201265498282737e-07,0.0,0.0,0,0,0,,0.0,0.0,0.0,0.0,0.0,1.0994315653761792e-05,0.0005028898807231088,0.0004919551746892078,8.984011227104166e-08,0.4919660690783162,0.0001054576685927874,0.0005601806241518052,0.0005274481531278376,8.768674708670361e-07,2.109815763412055
81000,muon_no_ns,1,113,0.3,128,4,512,226048,4,nested_depth_one_shared_v2,4.718595027923584,0.011227154172956944,4.744218826293945,0.007830853573977947,2760.386135000037,0.0,0.49210746053785664,2.1091415882110596,0.0,3.4770624285204926e-06,8.360300967069634e-07,0.0,0.0,0,0,0,,0.0,0.0,0.0,0.0,0.0,1.6516505900796047e-05,0.0005085686530533276,0.0004920910090653356,1.3496472096879714e-07,0.49210746053785664,0.00010990003905946035,0.0005687854857517348,0.0005272774976728516,9.138052318449261e-07,2.1091416971674684
81100,muon_no_ns,1,113,0.3,128,4,512,226048,4,nested_depth_one_shared_v2,4.718595027923584,0.011227154172956944,4.744218826293945,0.007830853573977947,2763.2557201250456,0.0,0.49193226539086243,2.1098554134368896,0.0,1.216666108211057e-07,1.9988200961051916e-07,0.0,0.0,0,0,0,,0.0,0.0,0.0,0.0,0.0,2.601952363591244e-05,0.0004659694271999229,0.0004919582944194634,2.1261868390049073e-07,0.49193226539086243,0.0001162341885473313,0.0005150365030184606,0.0005274701109362999,9.664729014002818e-07,2.109855314600355
81200,muon_no_ns,1,113,0.3,128,4,512,226048,4,nested_depth_one_shared_v2,4.718595027923584,0.011227154172956944,4.744218826293945,0.007830853573977947,2766.092776083038,0.0,0.49209037458236354,2.109128952026367,0.0,2.4982148884413023e-06,6.91892012127937e-07,0.0,0.0,0,0,0,,0.0,0.0,0.0,0.0,0.0,6.546029231900349e-05,0.00042670686694649886,0.0004921558514855494,5.349091472757799e-07,0.49209037458236354,0.00014584922864656076,0.0004717004186474282,0.0005273005136466279,1.2127182969031107e-06,2.1091290365856588
81300,muon_no_ns,1,113,0.3,128,4,512,226048,4,nested_depth_one_shared_v2,4.718595027923584,0.011227154172956944,4.7442193031311035,0.007830853573977947,2768.955107707996,0.0,0.4919402091633007,2.109898567199707,0.0,1.1739983734598142e-06,3.130325580968929e-07,0.0,0.0,0,0,0,,0.0,0.0,0.0,0.0,0.0,1.9040716367995927e-06,0.000490419454289095,0.0004919417567349397,1.555913210147384e-08,0.4919402091633007,0.00015595859134720773,0.0005551113145562539,0.0005274733439106512,1.2967763973872337e-06,2.109898481051114
81400,muon_no_ns,1,113,0.3,128,4,512,226048,4,nested_depth_one_shared_v2,4.718595027923584,0.011227154172956944,4.744214057922363,0.007830853573977947,2771.8113305420848,0.0,0.4921300794016169,2.1085479259490967,0.0,2.772368695919177e-06,7.583816454825865e-07,0.0,0.0,0,0,0,,0.0,0.0,0.0,0.0,0.0,0.00013768304279581286,0.00035459158358267466,0.0004922677859853596,1.1250777594658337e-06,0.4921300794016169,0.0002413254938518867,0.00039936506901762353,0.0005271789542294594,2.0065916331485743e-06,2.1085481506595722
81500,muon_no_ns,1,113,0.3,128,4,512,226048,4,nested_depth_one_shared_v2,4.718595027923584,0.011227154172956944,4.744219779968262,0.007830853573977947,2774.666251250077,0.0,0.49202359967357867,2.1095046997070312,0.0,1.1727137914404874e-06,3.1535017797068576e-07,0.0,0.0,0,0,0,,0.0,0.0,0.0,0.0,0.0,3.154273933319654e-06,0.0004891602385271458,0.0004920265046874278,2.577516720707369e-08,0.49202359967357867,0.00012571840444022242,0.0005495135525577996,0.0005273742981340843,1.045332983498903e-06,2.1095046392092764
81600,muon_no_ns,1,113,0.3,128,4,512,226048,4,nested_depth_one_shared_v2,4.718595027923584,0.011227154172956944,4.744255065917969,0.007830853573977947,2777.534041250008,0.0,0.49248604575589977,2.11039400100708,0.0,0.00010837807423094429,2.6600810087984428e-05,0.0,0.0,0,0,0,,0.0,0.0,0.0,0.0,0.0,0.0016884290029686938,0.002179226362546865,0.0004907976603502165,1.3797007104893236e-05,0.49248604575589977,0.0026777243952140002,0.0031045135665943697,0.0005270789903647256,2.2264947153125782e-05,2.110394040959573
81700,muon_no_ns,1,113,0.3,128,4,512,226048,4,nested_depth_one_shared_v2,4.718594551086426,0.011227154172956944,4.7442193031311035,0.007830853573977947,2780.394380208105,0.0,0.49202911159647916,2.109485387802124,0.0,1.4778026551461503e-06,3.739963574389549e-07,0.0,0.0,0,0,0,,0.0,0.0,0.0,0.0,0.0,6.482149900900168e-06,0.0004983749051527134,0.0004920227932985072,5.296892441462098e-08,0.49202911159647916,0.00011212600908887896,0.0005561865998922162,0.0005273669417073311,9.323138973214889e-07,2.1094853125090505
81800,muon_no_ns,1,113,0.3,128,4,512,226048,4,nested_depth_one_shared_v2,4.718595504760742,0.011227154172956944,4.744369029998779,0.007830853573977947,2783.2758087500697,0.0,0.4940777840442892,2.112776041030884,0.0,0.0001875549884686881,4.594845086103305e-05,0.0,0.0,0,0,0,,0.0,0.0,0.0,0.0,0.0,0.004204679437928044,0.004694552466707439,0.0004898731520355768,3.435856170255999e-05,0.4940777840442892,0.006707384219817734,0.007130967935781515,0.0005268682169224013,5.577107018813138e-05,2.1127759854767207
81900,muon_no_ns,1,113,0.3,128,4,512,226048,4,nested_depth_one_shared_v2,4.718595027923584,0.011227154172956944,4.7442193031311035,0.007830853573977947,2786.144764375058,0.0,0.4920560494742285,2.1093497276306152,0.0,1.2725268301051788e-06,3.364312988196616e-07,0.0,0.0,0,0,0,,0.0,0.0,0.0,0.0,0.0,6.145516460206519e-06,0.0004860636756658709,0.000492062086388441,5.02181223584915e-08,0.4920560494742285,0.00010178584770533369,0.0005413347785620413,0.0005273363561954931,8.463367343352928e-07,2.109349681561017
82000,muon_no_ns,1,113,0.3,128,4,512,226048,4,nested_depth_one_shared_v2,4.718595027923584,0.011227154172956944,4.74422025680542,0.007830853573977947,2789.0105276670074,0.0,0.491902344463459,2.1100826263427734,0.0,2.045544715696863e-06,4.999250791115628e-07,0.0,0.0,0,0,0,,0.0,0.0,0.0,0.0,0.0,1.8558264138968453e-05,0.000510398328506258,0.0004918838487924821,1.516489599086688e-07,0.491902344463459,0.00012473879431971983,0.0005713432256135751,0.0005275129462384283,1.0371876465095395e-06,2.1100826630513003
82100,muon_no_ns,1,113,0.3,128,4,512,226048,4,nested_depth_one_shared_v2,4.718594074249268,0.011227154172956944,4.744222164154053,0.007830853573977947,2791.8786950830836,0.0,0.49216056931705343,2.1091394424438477,0.0,3.821241325865636e-06,9.153253017757379e-07,0.0,0.0,0,0,0,,0.0,0.0,0.0,0.0,0.0,6.890078442361356e-05,0.0005609826663355293,0.0004920917165883014,5.630231478811784e-07,0.49216056931705343,0.00015901843967963962,0.0006385532138609735,0.0005272601676525359,1.3222186578155073e-06,2.1091396624362315
82200,muon_no_ns,1,113,0.3,128,4,512,226048,4,nested_depth_one_shared_v2,4.718595027923584,0.011227154172956944,4.7442193031311035,0.007830853573977947,2794.74903562502,0.0,0.4919446164249991,2.109830141067505,0.0,1.2666167112941201e-06,3.308855980321823e-07,0.0,0.0,0,0,0,,0.0,0.0,0.0,0.0,0.0,1.3482977920685204e-06,0.0004923462721975958,0.0004919442554775128,1.1017622999826046e-08,0.4919446164249991,0.00014435606329279508,0.0005545125145795253,0.0005274555623064944,1.2003028116680014e-06,2.1098302279326275
82300,muon_no_ns,1,113,0.3,128,4,512,226048,4,nested_depth_one_shared_v2,4.718595027923584,0.011227154172956944,4.744235992431641,0.007830853573977947,2797.599933875026,0.0,0.49230169303677696,2.1095902919769287,0.0,2.0448099588922976e-05,4.995585641154321e-06,0.0,0.0,0,0,0,,0.0,0.0,0.0,0.0,0.0,0.0004415364760547752,0.0009333955829614259,0.0004918601867633543,3.6080178002664937e-06,0.49230169303677696,0.0007285850597065225,0.0011869680873113578,0.0005272552892703622,6.058094656760329e-06,2.109590194462948
82400,muon_no_ns,1,113,0.3,128,4,512,226048,4,nested_depth_one_shared_v2,4.718595027923584,0.011227154172956944,4.74422025680542,0.007830853573977947,2800.453778667026,0.0,0.4919225267112071,2.1099460124969482,0.0,1.5738957710012327e-06,3.9744179503031773e-07,0.0,0.0,0,0,0,,0.0,0.0,0.0,0.0,0.0,7.969956054894035e-06,0.0004997670007496685,0.0004919147030620014,6.512654077945777e-08,0.4919225267112071,0.00011908008234076385,0.0005595644941384257,0.0005274816417874548,9.90136156299642e-07,2.109946166522397
82500,muon_no_ns,1,113,0.3,128,4,512,226048,4,nested_depth_one_shared_v2,4.718595027923584,0.011227154172956944,4.7442169189453125,0.007830853573977947,2803.2962778750807,0.0,0.4920581314579087,2.1090822219848633,0.0,5.536338672095899e-06,1.4234581158234505e-06,0.0,0.0,0,0,0,,0.0,0.0,0.0,0.0,0.0,0.00011995199116767592,0.00037223256712495546,0.0004921780989424278,9.801883712472578e-07,0.4920581314579087,0.00022031131338129105,0.0004193079283813868,0.0005273063618077673,1.8318613216645695e-06,2.109082236989647
82600,muon_no_ns,1,113,0.3,128,4,512,226048,4,nested_depth_one_shared_v2,4.718595027923584,0.011227154172956944,4.7442193031311035,0.007830853573977947,2806.1530408750987,0.0,0.4919318488882917,2.1098599433898926,0.0,9.605597964593958e-07,2.690624683054921e-07,0.0,0.0,0,0,0,,0.0,0.0,0.0,0.0,0.0,7.089366425371047e-06,0.00048496218081586247,0.0004919388391119429,5.793079766342387e-08,0.4919318488882917,0.00014317088405955115,0.0005451608817287182,0.0005274653961465171,1.1904481929319126e-06,2.1098600606931277
82700,muon_no_ns,1,113,0.3,128,4,512,226048,4,nested_depth_one_shared_v2,4.718595027923584,0.011227154172956944,4.744211196899414,0.007830853573977947,2809.002062917105,0.0,0.4920014453605999,2.108872890472412,0.0,1.4484202194788972e-05,3.62231048711692e-06,0.0,0.0,0,0,0,,0.0,0.0,0.0,0.0,0.0,0.000296965061607294,0.0001953386258526406,0.0004922984285608559,2.4266516730623005e-06,0.4920014453605999,0.0004930482092842667,0.0003566062959516008,0.0005273116709117121,4.0996348777635035e-06,2.108873095670429
82800,muon_no_ns,1,113,0.3,128,4,512,226048,4,nested_depth_one_shared_v2,4.718595027923584,0.011227154172956944,4.74422025680542,0.007830853573977947,2811.851335125044,0.0,0.491943359375,2.109830856323242,0.0,1.510476415795694e-06,3.861996731302497e-07,0.0,0.0,0,0,0,,0.0,0.0,0.0,0.0,0.0,5.181512891603509e-06,0.0004969357592024371,0.0004919383913563871,4.234076176958152e-08,0.491943359375,0.00011212947062275013,0.0005548068981786939,0.000527453703285994,9.323426795474895e-07,2.109830905954596
82900,muon_no_ns,1,113,0.3,128,4,512,226048,4,nested_depth_one_shared_v2,4.718594551086426,0.011227154172956944,4.744239807128906,0.007830853573977947,2814.701661583036,0.0,0.492462815379262,2.109236717224121,0.0,6.0556672460393145e-06,1.4606574723075028e-06,0.0,0.0,0,0,0,,0.0,0.0,0.0,0.0,0.0,0.0003515771976445526,0.0008436871200730186,0.0004921112813611982,2.8729150501984626e-06,0.492462815379262,0.0005776685864100101,0.001037718995008305,0.0005271989015992398,4.803242847332634e-06,2.1092367621441928
83000,muon_no_ns,1,113,0.3,128,4,512,226048,4,nested_depth_one_shared_v2,4.718595027923584,0.011227154172956944,4.7442193031311035,0.007830853573977947,2817.5449477920774,0.0,0.49200266440375656,2.1095218658447266,0.0,1.0049240947777948e-06,2.8274558871999034e-07,0.0,0.0,0,0,0,,0.0,0.0,0.0,0.0,0.0,8.098882208559858e-06,0.0004839983185346483,0.000492010705818348,6.618006157008998e-08,0.49200266440375656,0.0001243325387567334,0.000541632283914943,0.0005273805496688382,1.0338096817508348e-06,2.1095219313699167
83100,muon_no_ns,1,113,0.3,128,4,512,226048,4,nested_depth_one_shared_v2,4.718595027923584,0.011227154172956944,4.744231700897217,0.007830853573977947,2820.3999025831,0.0,0.49202789261884783,2.110419273376465,0.0,1.4465488338059636e-05,3.520390691846842e-06,0.0,0.0,0,0,0,,0.0,0.0,0.0,0.0,0.0,0.00031810790070735753,0.0008098162112624485,0.0004917097805873873,2.599420501818673e-06,0.49202789261884783,0.0005261443221741228,0.0009940329065742546,0.0005275022242690485,4.374824962965547e-06,2.1104193468695063
83200,muon_no_ns,1,113,0.3,128,4,512,226048,4,nested_depth_one_shared_v2,4.718595027923584,0.011227154172956944,4.744221210479736,0.007830853573977947,2823.246912667062,0.0,0.4920329880767002,2.1095216274261475,0.0,2.879986040983103e-06,6.876729230498313e-07,0.0,0.0,0,0,0,,0.0,0.0,0.0,0.0,0.0,3.730377806261824e-05,0.0005292807881220852,0.0004919957151974747,3.048280324872193e-07,0.4920329880767002,0.00012586986780764548,0.0005945644551393833,0.0005273663219304269,1.0465923826653505e-06,2.1095217053295157
83300,muon_no_ns,1,113,0.3,128,4,512,226048,4,nested_depth_one_shared_v2,4.718595027923584,0.011227154172956944,4.7442193031311035,0.007830853573977947,2826.099909917102,0.0,0.4918566757579366,2.110131025314331,0.0,6.485694453656066e-07,2.2644483976819174e-07,0.0,0.0,0,0,0,,0.0,0.0,0.0,0.0,0.0,1.3611232750279893e-05,0.00047832103157723207,0.0004918702410979583,1.1122426506046531e-07,0.4918566757579366,0.00013011930131974944,0.0005338549761689847,0.0005275351707321769,1.0819258967293156e-06,2.1101309092983356
83400,muon_no_ns,1,113,0.3,128,4,512,226048,4,nested_depth_one_shared_v2,4.718595027923584,0.011227154172956944,4.744223117828369,0.007830853573977947,2828.9137001250638,0.0,0.49221072823344875,2.108933925628662,0.0,6.236008456061354e-06,1.5047194210637826e-06,0.0,0.0,0,0,0,,0.0,0.0,0.0,0.0,0.0,0.00010414050461897874,0.0005962413350024454,0.0004921066320907919,8.509847198839296e-07,0.49221072823344875,0.00020582484132060196,0.0006879127583688622,0.0005271972303620916,1.7114080982324027e-06,2.108933918365792
83500,muon_no_ns,1,113,0.3,128,4,512,226048,4,nested_depth_one_shared_v2,4.718595027923584,0.011227154172956944,4.7442193031311035,0.007830853573977947,2831.7690165000968,0.0,0.49196746237042993,2.1096956729888916,0.0,1.3000969679799735e-06,3.4335718623879075e-07,0.0,0.0,0,0,0,,0.0,0.0,0.0,0.0,0.0,1.1279281498183856e-06,0.0004919402112635275,0.0004919675090627589,9.216871227331016e-09,0.49196746237042993,0.000122754481637205,0.0005498926961100683,0.000527421775606994,1.0206883319832068e-06,2.1096957492681216
83600,muon_no_ns,1,113,0.3,128,4,512,226048,4,nested_depth_one_shared_v2,4.718595027923584,0.011227154172956944,4.744170665740967,0.007830853573977947,2834.628234750009,0.0,0.49122747010456386,2.1088545322418213,0.0,1.7049784839824938e-05,4.253450697433436e-06,0.0,0.0,0,0,0,,0.0,0.0,0.0,0.0,0.0,0.0009075811346991898,0.0004154471276902133,0.0004921350756972428,7.416304352563862e-06,0.49122747010456386,0.001535675814604474,0.001160960169628284,0.0005275189806178156,1.2768954459097514e-05,2.1088544415183033
83700,muon_no_ns,1,113,0.3,128,4,512,226048,4,nested_depth_one_shared_v2,4.718595027923584,0.011227154172956944,4.7442193031311035,0.007830853573977947,2837.4925751250703,0.0,0.4919609123487191,2.1096925735473633,0.0,4.67248535209188e-07,2.0900900210563123e-07,0.0,0.0,0,0,0,,0.0,0.0,0.0,0.0,0.0,1.5925511456029134e-05,0.00047610241191514045,0.0004919768101891108,1.301354065356378e-07,0.4919609123487191,0.0001088738472467182,0.0005279687785715977,0.0005274258441359869,9.052725738460255e-07,2.1096925849610297
83800,muon_no_ns,1,113,0.3,128,4,512,226048,4,nested_depth_one_shared_v2,4.718595027923584,0.011227154172956944,4.744189739227295,0.007830853573977947,2840.348375750007,0.0,0.49159438863437194,2.1088707447052,0.0,8.388033172922095e-06,2.038056436504121e-06,0.0,0.0,0,0,0,,0.0,0.0,0.0,0.0,0.0,0.0003516187270468348,0.00014033405400469393,0.0004919460031454111,2.873254407943054e-06,0.49159438863437194,0.0006245852840917227,0.0003707856775259459,0.0005273435513609301,5.193349385686454e-06,2.108870834569869
83900,muon_no_ns,1,113,0.3,128,4,512,226048,4,nested_depth_one_shared_v2,4.718594551086426,0.011227154172956944,4.7442193031311035,0.007830853573977947,2843.205938875093,0.0,0.49200069576113437,2.109567642211914,0.0,1.2956605619852417e-06,3.3635365070949774e-07,0.0,0.0,0,0,0,,0.0,0.0,0.0,0.0,0.0,2.5561090987948097e-06,0.0004898356271282471,0.0004920029072864537,2.0887259893632693e-08,0.49200069576113437,0.00010349633018305147,0.0005435348831648897,0.0005273903579619545,8.605591845772978e-07,2.1095675910343754
84000,muon_no_ns,1,113,0.3,128,4,512,226048,4,nested_depth_one_shared_v2,4.718594551086426,0.011227154172956944,4.744124889373779,0.007830853573977947,2845.9384391671047,0.0,0.49053698011377134,2.1081244945526123,0.0,0.00015802068212765607,3.899508010363206e-05,0.0,0.0,0,0,0,,0.0,0.0,0.0,0.0,0.0,0.003094596964716667,0.0026009655722433363,0.0004936315907117994,2.528751652210783e-05,0.49053698011377134,0.005076534424470736,0.004668600966262337,0.0005280376792640148,4.2210755850708694e-05,2.108124538933901
84100,muon_no_ns,1,113,0.3,128,4,512,226048,4,nested_depth_one_shared_v2,4.718595027923584,0.011227154172956944,4.744218826293945,0.007830853573977947,2848.7884186670417,0.0,0.4919858171111921,2.1096153259277344,0.0,3.4816595835322336e-07,1.957237572014492e-07,0.0,0.0,0,0,0,,0.0,0.0,0.0,0.0,0.0,1.6811577214352344e-05,0.0004752371587774789,0.0004920026184495652,1.3737589786899749e-07,0.4919858171111921,0.00011268787367189195,0.0005271533450131068,0.0005274069561963017,9.36985731835286e-07,2.109615397000244
84200,muon_no_ns,1,113,0.3,128,4,512,226048,4,nested_depth_one_shared_v2,4.718595027923584,0.011227154172956944,4.744183540344238,0.007830853573977947,2851.6543379171053,0.0,0.4915547163311293,2.10855770111084,0.0,4.357780399008829e-05,1.0782153367472347e-05,0.0,0.0,0,0,0,,0.0,0.0,0.0,0.0,0.0,0.0010084797581678662,0.0005159175325877786,0.0004925632204685678,8.24079802237385e-06,0.4915547163311293,0.001653254323313892,0.0012785485237698144,0.0005274656386224482,1.3746605216373941e-05,2.1085576487189512
84300,muon_no_ns,1,113,0.3,128,4,512,226048,4,nested_depth_one_shared_v2,4.718595027923584,0.011227154172956944,4.7442193031311035,0.007830853573977947,2854.5212204580894,0.0,0.4919487358916417,2.109745740890503,0.0,3.6745207699284214e-07,2.0586291782365151e-07,0.0,0.0,0,0,0,,0.0,0.0,0.0,0.0,0.0,1.8999275621291533e-05,0.0004730175339149936,0.0004919677112630277,1.5525268771970065e-07,0.4919487358916417,0.00011443636215847408,0.0005244214332125463,0.0005274403127563559,9.515241973402428e-07,2.1097456994870036
84400,muon_no_ns,1,113,0.3,128,4,512,226048,4,nested_depth_one_shared_v2,4.718594551086426,0.011227154172956944,4.744217872619629,0.007830853573977947,2857.3878022501012,0.0,0.4921030471644431,2.109013080596924,0.0,8.595553473097426e-06,2.175991767217056e-06,0.0,0.0,0,0,0,,0.0,0.0,0.0,0.0,0.0,0.0001323424566405424,0.00035989960712765886,0.0004922354237381299,1.0814371296264948e-06,0.4921030471644431,0.0002350264882293973,0.00040075065784144165,0.0005272942342124559,1.9542161804871135e-06,2.1090130530758775
84500,muon_no_ns,1,113,0.3,128,4,512,226048,4,nested_depth_one_shared_v2,4.718594074249268,0.011227154172956944,4.7442193031311035,0.007830853573977947,2860.261850042036,0.0,0.49196938571284293,2.109769344329834,0.0,1.3810178822429539e-06,3.568991644442576e-07,0.0,0.0,0,0,0,,0.0,0.0,0.0,0.0,0.0,3.333207527935546e-06,0.0004950447041513292,0.0004919663391881439,2.723732408300916e-08,0.49196938571284293,0.00012839400130704168,0.0005548408101518394,0.0005274392350329517,1.0675802405165686e-06,2.109769431077038
84600,muon_no_ns,1,113,0.3,128,4,512,226048,4,nested_depth_one_shared_v2,4.718595027923584,0.011227154172956944,4.74421501159668,0.007830853573977947,2863.1208995000925,0.0,0.49201397637445965,2.1091978549957275,0.0,1.3691838131691576e-06,4.3440627450763714e-07,0.0,0.0,0,0,0,,0.0,0.0,0.0,0.0,0.0,9.408409566510468e-05,0.0003980326059218763,0.0004921080759682913,7.68808717492146e-07,0.49201397637445965,0.00018151435658877362,0.000439691179008734,0.0005273274092610862,1.5092694245180857e-06,2.1091978775823987
84700,muon_no_ns,1,113,0.3,128,4,512,226048,4,nested_depth_one_shared_v2,4.718595027923584,0.011227154172956944,4.74421501159668,0.007830853573977947,2865.9819464579923,0.0,0.4918412549853384,2.1098687648773193,0.0,4.722885751361312e-06,1.223223193846934e-06,0.0,0.0,0,0,0,,0.0,0.0,0.0,0.0,0.0,0.0001415499162074746,0.0003504400636990549,0.0004919828182766283,1.1566759373226547e-06,0.4918412549853384,0.00024558388170019073,0.0003969128746591166,0.0005275101445388194,2.04199960141053e-06,2.109868874837095
84800,muon_no_ns,1,113,0.3,128,4,512,226048,4,nested_depth_one_shared_v2,4.718594551086426,0.011227154172956944,4.74422025680542,0.007830853573977947,2868.8380222501,0.0,0.4920943489935891,2.109292507171631,0.0,3.5722380268512676e-06,8.571740295337804e-07,0.0,0.0,0,0,0,,0.0,0.0,0.0,0.0,0.0,4.0272433710239086e-05,0.0005323110059106396,0.0004920541153868574,3.290864188275336e-07,0.4920943489935891,0.00012786306375272115,0.0005991753943966003,0.0005273078440502879,1.0631655604211544e-06,2.109292487897189
84900,muon_no_ns,1,113,0.3,128,4,512,226048,4,nested_depth_one_shared_v2,4.718595027923584,0.011227154172956944,4.744236946105957,0.007830853573977947,2871.6959585000295,0.0,0.49217273296425657,2.110274314880371,0.0,2.07665302957411e-05,5.064563993073534e-06,0.0,0.0,0,0,0,,0.0,0.0,0.0,0.0,0.0,0.0004647158762630105,0.0009564230169295321,0.0004917080465303886,3.7974283995856738e-06,0.49217273296425657,0.0007560903108627834,0.001216377383431162,0.0005274193236968819,6.286797418150624e-06,2.1102742856628804
85000,muon_no_ns,1,113,0.3,128,4,512,226048,4,nested_depth_one_shared_v2,4.718594551086426,0.011227154172956944,4.74422025680542,0.007830853573977947,2874.5618482501013,0.0,0.49204049109911446,2.109462261199951,0.0,2.6312159502434656e-06,6.328318704618141e-07,0.0,0.0,0,0,0,,0.0,0.0,0.0,0.0,0.0,2.4210882047857554e-05,0.0005162004504784451,0.0004920163235730632,1.9783935897967773e-07,0.49204049109911446,0.00011286276812582987,0.0005768742851336484,0.000527355650874713,9.384399575880418e-07,2.1094622558631224
85100,muon_no_ns,1,113,0.3,128,4,512,226048,4,nested_depth_one_shared_v2,4.718594551086426,0.011227154172956944,4.744162082672119,0.007830853573977947,2877.4300618330017,0.0,0.49124491215757454,2.108114242553711,0.0,5.89536529352452e-05,1.4583670235879254e-05,0.0,0.0,0,0,0,,0.0,0.0,0.0,0.0,0.0,0.0014816591606943157,0.0009889331074041502,0.0004927265900169443,1.210738617447728e-05,0.49124491215757454,0.0024466004846794573,0.0020546656965746636,0.0005275124074511976,2.03431804234829e-05,2.1081141341579963
85200,muon_no_ns,1,113,0.3,128,4,512,226048,4,nested_depth_one_shared_v2,4.718595027923584,0.011227154172956944,4.7442193031311035,0.007830853573977947,2880.2940154580865,0.0,0.49200896400721417,2.109490156173706,0.0,6.218091740453962e-07,2.2645139097221545e-07,0.0,0.0,0,0,0,,0.0,0.0,0.0,0.0,0.0,1.3104893012404933e-05,0.00047897122834279505,0.0004920220423525966,1.0708670704134373e-07,0.49200896400721417,0.00010921798142761671,0.0005326423401647446,0.0005273740825625986,9.081340069961228e-07,2.109490285478074
85300,muon_no_ns,1,113,0.3,128,4,512,226048,4,nested_depth_one_shared_v2,4.718595027923584,0.011227154172956944,4.744254112243652,0.007830853573977947,2883.156299708062,0.0,0.492621472695264,2.1096935272216797,0.0,3.181535788828451e-05,7.789880328346044e-06,0.0,0.0,0,0,0,,0.0,0.0,0.0,0.0,0.0,0.0008345477540017174,0.0013263343628449175,0.0004917869399338251,6.819511670961199e-06,0.492621472695264,0.0013469995634689995,0.0017893102626831215,0.0005271603000601815,1.1200134767239158e-05,2.1096934890492545
85400,muon_no_ns,1,113,0.3,128,4,512,226048,4,nested_depth_one_shared_v2,4.718595027923584,0.011227154172956944,4.7442193031311035,0.007830853573977947,2886.0105495830067,0.0,0.49199497150937327,2.1095666885375977,0.0,8.22857864027676e-07,2.555232754275494e-07,0.0,0.0,0,0,0,,0.0,0.0,0.0,0.0,0.0,9.822135328108345e-06,0.0004822621054081205,0.0004920047413967386,8.026163413970116e-08,0.49199497150937327,0.0001190803956042738,0.0005364169538888521,0.0005273928100067318,9.901387610469815e-07,2.109566799909989
85500,muon_no_ns,1,113,0.3,128,4,512,226048,4,nested_depth_one_shared_v2,4.718595027923584,0.011227154172956944,4.744201183319092,0.007830853573977947,2888.860361417057,0.0,0.4919008222415851,2.1084671020507812,0.0,2.920143910439904e-05,7.250646831380436e-06,0.0,0.0,0,0,0,,0.0,0.0,0.0,0.0,0.0,0.0006043377924253267,0.00011183806224771315,0.0004925051980443479,4.938349673683216e-06,0.4919008222415851,0.0009882172567982272,0.0006612397343336282,0.000527310565975702,8.216904263092035e-06,2.1084671892739117
85600,muon_no_ns,1,113,0.3,128,4,512,226048,4,nested_depth_one_shared_v2,4.718595027923584,0.011227154172956944,4.7442193031311035,0.007830853573977947,2891.729488333105,0.0,0.4920115459127313,2.109520435333252,0.0,9.519198617361375e-07,2.707861028738989e-07,0.0,0.0,0,0,0,,0.0,0.0,0.0,0.0,0.0,7.725692322190633e-06,0.0004844042747842015,0.0004920191829711386,6.313053831228203e-08,0.4920115459127313,0.00012742643634882077,0.0005402265129621985,0.0005273807652376803,1.0595350575617772e-06,2.109520575127146
85700,muon_no_ns,1,113,0.3,128,4,512,226048,4,nested_depth_one_shared_v2,4.718594074249268,0.011227154172956944,4.7442169189453125,0.007830853573977947,2894.579773375066,0.0,0.49211335002082857,2.108888864517212,0.0,1.6058967334554873e-05,4.009831172879785e-06,0.0,0.0,0,0,0,,0.0,0.0,0.0,0.0,0.0,0.00022452379009225434,0.00026782050977650394,0.0004923379017007875,1.834697414977909e-06,0.49211335002082857,0.000382938964252354,0.0003478527886153315,0.000527294261162977,3.184090124133178e-06,2.108888923306471
85800,muon_no_ns,1,113,0.3,128,4,512,226048,4,nested_depth_one_shared_v2,4.718595027923584,0.011227154172956944,4.7442193031311035,0.007830853573977947,2897.4497758330544,0.0,0.49199303312331183,2.1096277236938477,0.0,1.2082883323413136e-06,3.2407521644017834e-07,0.0,0.0,0,0,0,,0.0,0.0,0.0,0.0,0.0,1.6191754761628439e-06,0.0004909079794921153,0.000491994155453462,1.3231101520649406e-08,0.49199303312331183,0.00014224246048065106,0.0005545871372860802,0.0005274048006109664,1.1827284657049908e-06,2.1096279416487302
85900,muon_no_ns,1,113,0.3,128,4,512,226048,4,nested_depth_one_shared_v2,4.718595027923584,0.011227154172956944,4.7442240715026855,0.007830853573977947,2900.3123728330247,0.0,0.49225830144115823,2.108822822570801,0.0,1.771170117909653e-05,4.324781002651434e-06,0.0,0.0,0,0,0,,0.0,0.0,0.0,0.0,0.0,0.00023587491582460196,0.0007278955533224139,0.0004920224611494958,1.9274532028152256e-06,0.49225830144115823,0.00040243830848635395,0.000874019423230339,0.0005271288668308204,3.3462247596716945e-06,2.1088228986674857
86000,muon_no_ns,1,113,0.3,128,4,512,226048,4,nested_depth_one_shared_v2,4.718595027923584,0.011227154172956944,4.7442193031311035,0.007830853573977947,2903.161121583078,0.0,0.4920096227351291,2.109527826309204,0.0,1.0588385881964519e-06,2.975453412545903e-07,0.0,0.0,0,0,0,,0.0,0.0,0.0,0.0,0.0,4.963469834412281e-06,0.00048718844429728733,0.0004920144750644534,4.055902169999578e-08,0.4920096227351291,0.0001249826827161789,0.0005443014703208762,0.0005273814119436782,1.0392155483608754e-06,2.1095280344515945
86100,muon_no_ns,1,113,0.3,128,4,512,226048,4,nested_depth_one_shared_v2,4.718595027923584,0.011227154172956944,4.74428653717041,0.007830853573977947,2906.013711375068,0.0,0.4930728110314679,2.110384225845337,0.0,7.989259519879813e-05,1.9610872186603956e-05,0.0,0.0,0,0,0,,0.0,0.0,0.0,0.0,0.0,0.0018297009443274056,0.0023209438232678096,0.000491243142005722,1.4951411569174017e-05,0.4930728110314679,0.002943784850376409,0.0033715296542866317,0.0005270210738215713,2.4477206930239328e-05,2.110384212243096
86200,muon_no_ns,1,113,0.3,128,4,512,226048,4,nested_depth_one_shared_v2,4.718595027923584,0.011227154172956944,4.7442193031311035,0.007830853573977947,2908.868942250032,0.0,0.49203826518916416,2.1094305515289307,0.0,1.6054735738765716e-06,4.0261818412545836e-07,0.0,0.0,0,0,0,,0.0,0.0,0.0,0.0,0.0,7.003420427746839e-06,0.000498920770772681,0.0004920314146530997,5.7228489459896573e-08,0.49203826518916416,0.00010735328517897679,0.0005564434765631602,0.0005273529561295254,8.926292883227576e-07,2.1094306090760218
86300,muon_no_ns,1,113,0.3,128,4,512,226048,4,nested_depth_one_shared_v2,4.718595027923584,0.011227154172956944,4.744335651397705,0.007830853573977947,2911.7162069580518,0.0,0.493627394773036,2.112034320831299,0.0,0.00017118529038904538,4.1968156438088045e-05,0.0,0.0,0,0,0,,0.0,0.0,0.0,0.0,0.0,0.003551474063136412,0.0040415497851904545,0.0004900759427656174,2.9020890304409002e-05,0.493627394773036,0.005676609203471084,0.006099851819928086,0.0005268912507746205,4.720030341813062e-05,2.1120342305472746
86400,muon_no_ns,1,113,0.3,128,4,512,226048,4,nested_depth_one_shared_v2,4.718595027923584,0.011227154172956944,4.74422025680542,0.007830853573977947,2914.5750517080305,0.0,0.49200681367087046,2.1095972061157227,0.0,2.0304986817209454e-06,4.971292923983128e-07,0.0,0.0,0,0,0,,0.0,0.0,0.0,0.0,0.0,1.7927724140807545e-05,0.000509872778025919,0.0004919889562710405,1.4649649876327901e-07,0.49200681367087046,0.00010978814358184982,0.0005700579251960764,0.0005273910854929131,9.128748347883339e-07,2.1095973144927886
86500,muon_no_ns,1,113,0.3,128,4,512,226048,4,nested_depth_one_shared_v2,4.718594074249268,0.011227154172956944,4.744225025177002,0.007830853573977947,2917.4425114580663,0.0,0.49219968568763944,2.1091971397399902,0.0,2.9002613974449557e-05,7.101642040652223e-06,0.0,0.0,0,0,0,,0.0,0.0,0.0,0.0,0.0,0.0003881118170242591,0.0008799223577406037,0.0004918116168100641,3.1714578981773225e-06,0.49219968568763944,0.0006298354194653958,0.0010889319615224784,0.000527178091623471,5.2370036119580295e-06,2.1091970863193388
86600,muon_no_ns,1,113,0.3,128,4,512,226048,4,nested_depth_one_shared_v2,4.718595027923584,0.011227154172956944,4.7442193031311035,0.007830853573977947,2920.2875569170574,0.0,0.4919726190313714,2.1096603870391846,0.0,9.838859663915928e-07,2.8109968752687564e-07,0.0,0.0,0,0,0,,0.0,0.0,0.0,0.0,0.0,6.228631627224349e-06,0.00048586395588871855,0.0004919787743796409,5.089729841377906e-08,0.4919726190313714,0.00011930367711686905,0.0005423178449891582,0.0005274147162305614,9.919953192077425e-07,2.1096604895780318
86700,muon_no_ns,1,113,0.3,128,4,512,226048,4,nested_depth_one_shared_v2,4.718594551086426,0.011227154172956944,4.744223117828369,0.007830853573977947,2923.124542500009,0.0,0.4921944632870215,2.108987808227539,0.0,5.376338070822886e-06,1.3843139186064946e-06,0.0,0.0,0,0,0,,0.0,0.0,0.0,0.0,0.0,2.4979078453806358e-05,0.0004672642631194843,0.000492219443913471,2.041166802364162e-07,0.4921944632870215,0.00010863949277431242,0.0005088593711414953,0.0005272542650738968,9.033239453939937e-07,2.108987730291714
86800,muon_no_ns,1,113,0.3,128,4,512,226048,4,nested_depth_one_shared_v2,4.718595027923584,0.011227154172956944,4.7442193031311035,0.007830853573977947,2925.981137625058,0.0,0.4919921245022166,2.1096060276031494,0.0,8.423032282853952e-07,2.6019736765192647e-07,0.0,0.0,0,0,0,,0.0,0.0,0.0,0.0,0.0,9.930021065180445e-06,0.0004821783674381573,0.0004920019830078137,8.114322304766425e-08,0.4919921245022166,0.000123469464267841,0.0005395037367894281,0.000527402106116908,1.0266333241246555e-06,2.109606016718849
86900,muon_no_ns,1,113,0.3,128,4,512,226048,4,nested_depth_one_shared_v2,4.718595027923584,0.011227154172956944,4.744235038757324,0.007830853573977947,2928.8428234580206,0.0,0.49239543276709247,2.109135866165161,0.0,2.1171890816003026e-05,5.174082161829574e-06,0.0,0.0,0,0,0,,0.0,0.0,0.0,0.0,0.0,0.00043812164557642785,0.0009300780736091808,0.0004919573267274729,3.580113493784595e-06,0.49239543276709247,0.0007272159847198359,0.001184550601180093,0.0005271425618129648,6.046710967579423e-06,2.109135819049651
87000,muon_no_ns,1,113,0.3,128,4,512,226048,4,nested_depth_one_shared_v2,4.718594551086426,0.011227154172956944,4.7442193031311035,0.007830853573977947,2931.701763958088,0.0,0.49200392887390154,2.109555721282959,0.0,1.4260321069918148e-06,3.640307397745346e-07,0.0,0.0,0,0,0,,0.0,0.0,0.0,0.0,0.0,2.8706933309674104e-06,0.0004946399103418574,0.0004920013186814686,2.345788671817868e-08,0.49200392887390154,0.00010722953455241016,0.0005479146847742795,0.0005273864777798921,8.91600317168894e-07,2.109555837155804
87100,muon_no_ns,1,113,0.3,128,4,512,226048,4,nested_depth_one_shared_v2,4.718595027923584,0.011227154172956944,4.744232177734375,0.007830853573977947,2934.563149375026,0.0,0.4923287900336467,2.1091971397399902,0.0,1.5715158860100308e-05,3.830397872661706e-06,0.0,0.0,0,0,0,,0.0,0.0,0.0,0.0,0.0,0.00034469936038955936,0.0008366824728437026,0.0004919841325359925,2.816712764341851e-06,0.4923287900336467,0.0005746076212756363,0.0010387026573218888,0.0005271876880356007,4.777791300834344e-06,2.109197199356937
87200,muon_no_ns,1,113,0.3,128,4,512,226048,4,nested_depth_one_shared_v2,4.718595027923584,0.011227154172956944,4.7442193031311035,0.007830853573977947,2937.4461485830834,0.0,0.4919758447565502,2.1096396446228027,0.0,1.0265038401560501e-06,2.883270440179331e-07,0.0,0.0,0,0,0,,0.0,0.0,0.0,0.0,0.0,4.691431880029227e-06,0.00048744518880799683,0.0004919804063849255,3.833606202397486e-08,0.4919758447565502,0.0001310120261250913,0.0005449891495866825,0.0005274095698317034,1.0893487930694867e-06,2.109639695125571
87300,muon_no_ns,1,113,0.3,128,4,512,226048,4,nested_depth_one_shared_v2,4.718595027923584,0.011227154172956944,4.744204521179199,0.007830853573977947,2940.4101265830686,0.0,0.49206060711431043,2.108046531677246,0.0,1.2200620016336475e-05,3.07088203044259e-06,0.0,0.0,0,0,0,,0.0,0.0,0.0,0.0,0.0,0.0003713506371556296,0.00012108906386321031,0.0004924319750107853,3.034493822502675e-06,0.49206060711431043,0.0006150326925703001,0.0003966704111694238,0.000527129945188776,5.113920768693601e-06,2.1080467280614132
87400,muon_no_ns,1,113,0.3,128,4,512,226048,4,nested_depth_one_shared_v2,4.718595027923584,0.011227154172956944,4.7442193031311035,0.007830853573977947,2943.3040808750084,0.0,0.49207802720671984,2.1092262268066406,0.0,1.353337042060477e-06,3.5000110187866085e-07,0.0,0.0,0,0,0,,0.0,0.0,0.0,0.0,0.0,1.1998239969987735e-06,0.0004922783949120087,0.0004920778402889526,9.804368547393649e-09,0.49207802720671984,0.00011203397389125574,0.0005502017427484272,0.0005273036937607306,9.315486360365818e-07,2.1092261367827887
87500,muon_no_ns,1,113,0.3,128,4,512,226048,4,nested_depth_one_shared_v2,4.718594551086426,0.011227154172956944,4.744217872619629,0.007830853573977947,2946.162005958031,0.0,0.49189847452697233,2.109844207763672,0.0,1.1073397585657043e-06,3.695357975175284e-07,0.0,0.0,0,0,0,,0.0,0.0,0.0,0.0,0.0,5.36418788469208e-05,0.0004383283835500996,0.000491952112712497,4.3833491504203393e-07,0.49189847452697233,0.00014556925989769648,0.0004824513942313396,0.0005274769001595511,1.2103903913841069e-06,2.1098442403423667
87600,muon_no_ns,1,113,0.3,128,4,512,226048,4,nested_depth_one_shared_v2,4.718595027923584,0.011227154172956944,4.7442193031311035,0.007830853573977947,2949.039547750028,0.0,0.4920871117560118,2.10918927192688,0.0,3.257035674282857e-07,2.3281909022898617e-07,0.0,0.0,0,0,0,,0.0,0.0,0.0,0.0,0.0,1.9161809135619226e-05,0.000472976673701988,0.0004921062711207552,1.5658083124721621e-07,0.4920871117560118,0.00011343661223683117,0.0005252622112182963,0.0005273008909493039,9.432114003953794e-07,2.1091891736724127
87700,muon_no_ns,1,113,0.3,128,4,512,226048,4,nested_depth_one_shared_v2,4.718595027923584,0.011227154172956944,4.74422025680542,0.007830853573977947,2951.8905540420674,0.0,0.49192661607140203,2.1099133491516113,0.0,1.8165214766300158e-06,4.481645419218694e-07,0.0,0.0,0,0,0,,0.0,0.0,0.0,0.0,0.0,1.3009825287708543e-05,0.0005048669212531443,0.0004919136919508816,1.0630986059368384e-07,0.49192661607140203,0.00011054004783121182,0.0005643956984013156,0.0005274717004844989,9.191268256228566e-07,2.109913397001564
87800,muon_no_ns,1,113,0.3,128,4,512,226048,4,nested_depth_one_shared_v2,4.718595027923584,0.011227154172956944,4.744218349456787,0.007830853573977947,2954.756477542105,0.0,0.49210481100453507,2.1089351177215576,0.0,2.596914567267346e-06,7.132987320801476e-07,0.0,0.0,0,0,0,,0.0,0.0,0.0,0.0,0.0,6.66113707084065e-05,0.0004255712115381773,0.0004921714435789206,5.4431519081623e-07,0.49210481100453507,0.00014015100350509357,0.0004671924147559469,0.0005272525940122347,1.1653382596340995e-06,2.108935048882557
87900,muon_no_ns,1,113,0.3,128,4,512,226048,4,nested_depth_one_shared_v2,4.718595027923584,0.011227154172956944,4.7442193031311035,0.007830853573977947,2957.593004750088,0.0,0.4919535898512652,2.1097121238708496,0.0,9.226987694704238e-07,2.7015943260266795e-07,0.0,0.0,0,0,0,,0.0,0.0,0.0,0.0,0.0,7.195715958321351e-06,0.00048487961986536874,0.0004919606919764934,5.8799833470755726e-08,0.4919535898512652,0.00011738574137377185,0.0005393998130941959,0.0005274282421284414,9.760479207228668e-07,2.109712022772483
88000,muon_no_ns,1,113,0.3,128,4,512,226048,4,nested_depth_one_shared_v2,4.718595027923584,0.011227154172956944,4.744213581085205,0.007830853573977947,2960.455198000069,0.0,0.4919936312979502,2.109013557434082,0.0,1.1891388986380277e-05,2.9705183806072455e-06,0.0,0.0,0,0,0,,0.0,0.0,0.0,0.0,0.0,0.0002393141036268503,0.0002529246811987704,0.0004922329697788992,1.9555565453065313e-06,0.4919936312979502,0.00039624077590284286,0.00034615185898509177,0.0005273281638276807,3.294693042778694e-06,2.109013731360558
88100,muon_no_ns,1,113,0.3,128,4,512,226048,4,nested_depth_one_shared_v2,4.718594074249268,0.011227154172956944,4.744218826293945,0.007830853573977947,2963.327259917045,0.0,0.4919025413674369,2.109886646270752,0.0,1.879789354860909e-07,1.992078750845394e-07,0.0,0.0,0,0,0,,0.0,0.0,0.0,0.0,0.0,2.3832500938776562e-05,0.00046812458915852144,0.0004919263740227666,1.9474741561625007e-07,0.4919025413674369,0.00012153915797294979,0.0005187296317214317,0.0005274773851007252,1.0105830660316586e-06,2.1098868420165338
88200,muon_no_ns,1,113,0.3,128,4,512,226048,4,nested_depth_one_shared_v2,4.718595027923584,0.011227154172956944,4.744219779968262,0.007830853573977947,2966.1793444170617,0.0,0.49207514282724124,2.1092123985290527,0.0,3.2957699194294873e-06,7.951283009788312e-07,0.0,0.0,0,0,0,,0.0,0.0,0.0,0.0,0.0,2.1915947098571284e-05,0.0005139355530960599,0.0004920532922869474,1.7908628511936242e-07,0.49207514282724124,0.00012229594968821592,0.0005768052558867974,0.0005272937221522945,1.0168756955406702e-06,2.1092124593770785
88300,muon_no_ns,1,113,0.3,128,4,512,226048,4,nested_depth_one_shared_v2,4.718595027923584,0.011227154172956944,4.744223117828369,0.007830853573977947,2969.0435033750255,0.0,0.49196241924005013,2.1099300384521484,0.0,4.77103019741512e-06,1.1446527423686348e-06,0.0,0.0,0,0,0,,0.0,0.0,0.0,0.0,0.0,8.286501575144702e-05,0.0005747373846795431,0.0004918795873999696,6.771319428057722e-07,0.49196241924005013,0.0001791404484861241,0.0006551834736374042,0.0005274543499025634,1.4895306722602589e-06,2.1099301208206147
88400,muon_no_ns,1,113,0.3,128,4,512,226048,4,nested_depth_one_shared_v2,4.718595027923584,0.011227154172956944,4.7442193031311035,0.007830853573977947,2971.906973333098,0.0,0.49206631546111124,2.109217882156372,0.0,2.1213753277147977e-06,5.157355644769268e-07,0.0,0.0,0,0,0,,0.0,0.0,0.0,0.0,0.0,4.989659235410256e-06,0.0004969203451990265,0.0004920614943438496,4.07730285377169e-08,0.49206631546111124,0.00011235657751821827,0.00055441373680417,0.0005273005136466279,9.342310452936978e-07,2.109217772098922
88500,muon_no_ns,1,113,0.3,128,4,512,226048,4,nested_depth_one_shared_v2,4.718595027923584,0.011227154172956944,4.7442097663879395,0.007830853573977947,2974.7562095420435,0.0,0.4917633257293304,2.1097047328948975,0.0,1.0190715488304662e-05,2.559118911449332e-06,0.0,0.0,0,0,0,,0.0,0.0,0.0,0.0,0.0,0.0002739434012956237,0.00021810031017455741,0.0004920372921064009,2.2385300461960964e-06,0.4917633257293304,0.0004490464092566756,0.0003468811302547041,0.0005275114376327956,3.7337653528759628e-06,2.109704790119375
88600,muon_no_ns,1,113,0.3,128,4,512,226048,4,nested_depth_one_shared_v2,4.718595027923584,0.011227154172956944,4.744218826293945,0.007830853573977947,2977.6177315420937,0.0,0.49206175030312393,2.109157085418701,0.0,4.204518703364719e-07,2.1179269538151857e-07,0.0,0.0,0,0,0,,0.0,0.0,0.0,0.0,0.0,2.732791509098217e-05,0.0004647846524798705,0.0004920891030800395,2.2331021204282824e-07,0.49206175030312393,0.00010891630882474694,0.0005137582931589123,0.0005272954469845389,9.056256366154942e-07,2.109157070628924
88700,muon_no_ns,1,113,0.3,128,4,512,226048,4,nested_depth_one_shared_v2,4.718595027923584,0.011227154172956944,4.744227886199951,0.007830853573977947,2980.466407292057,0.0,0.49202287282199464,2.1100502014160156,0.0,9.927373885915607e-06,2.410809429420624e-06,0.0,0.0,0,0,0,,0.0,0.0,0.0,0.0,0.0,0.00020896832101159596,0.0007007796945223098,0.0004918139428451968,1.7075858117962322e-06,0.49202287282199464,0.00036308292531997004,0.000835814372788187,0.0005274441925423774,3.018989616295214e-06,2.1100502346260064
88800,muon_no_ns,1,113,0.3,128,4,512,226048,4,nested_depth_one_shared_v2,4.718595027923584,0.011227154172956944,4.744221210479736,0.007830853573977947,2983.3249877920607,0.0,0.4921048564252265,2.109143018722534,0.0,3.4341256797960106e-06,8.298778766402393e-07,0.0,0.0,0,0,0,,0.0,0.0,0.0,0.0,0.0,3.8465260883245005e-05,0.0005305153991179977,0.0004920664617202887,3.143190958959992e-07,0.4921048564252265,0.00013323198137530804,0.0005990463580984531,0.000527270813688948,1.107807446400921e-06,2.109143053653869
88900,muon_no_ns,1,113,0.3,128,4,512,226048,4,nested_depth_one_shared_v2,4.718595027923584,0.011227154172956944,4.7442193031311035,0.007830853573977947,2986.18663291703,0.0,0.49192526052799296,2.109823226928711,0.0,1.043812364383794e-06,2.885016101572546e-07,0.0,0.0,0,0,0,,0.0,0.0,0.0,0.0,0.0,4.9709040339144464e-06,0.0004871014323557338,0.000491930115027082,4.0619770303087905e-08,0.49192526052799296,0.0001444597112514456,0.0005492360738040006,0.0005274552389990519,1.2011646316245315e-06,2.1098234477009563
89000,muon_no_ns,1,113,0.3,128,4,512,226048,4,nested_depth_one_shared_v2,4.718595027923584,0.011227154172956944,4.744224548339844,0.007830853573977947,2989.036841375055,0.0,0.4922777653226169,2.1087722778320312,0.0,6.023071221966545e-06,1.452398691981216e-06,0.0,0.0,0,0,0,,0.0,0.0,0.0,0.0,0.0,0.00012797535388979253,0.0006201202275090966,0.0004921498166353364,1.045751324908645e-06,0.4922777653226169,0.0002405213964171886,0.0007214197943350564,0.0005271493552547625,1.9999056624334713e-06,2.1087723612885814
89100,muon_no_ns,1,113,0.3,128,4,512,226048,4,nested_depth_one_shared_v2,4.718595027923584,0.011227154172956944,4.7442193031311035,0.007830853573977947,2991.8918906670297,0.0,0.49199313155716307,2.1095285415649414,0.0,1.0074957183197065e-06,2.8712196353808395e-07,0.0,0.0,0,0,0,,0.0,0.0,0.0,0.0,0.0,6.80771371748725e-06,0.0004853131113065882,0.0004919998456068082,5.562927097503328e-08,0.49199313155716307,0.000128997829969884,0.0005441629213785426,0.0005273818430805696,1.0726010011638393e-06,2.109528486531016
89200,muon_no_ns,1,113,0.3,128,4,512,226048,4,nested_depth_one_shared_v2,4.718595027923584,0.011227154172956944,4.744228363037109,0.007830853573977947,2994.7472170420224,0.0,0.4921516904973973,2.1095380783081055,0.0,2.2943140156715674e-05,5.697051165043376e-06,0.0,0.0,0,0,0,,0.0,0.0,0.0,0.0,0.0,0.00013312714423315426,0.0003591655614607055,0.0004922848323261102,1.0878492087079082e-06,0.4921516904973973,0.00027172788094173084,0.0003664795643449092,0.0005274361635091684,2.259383721495723e-06,2.109538206215153
89300,muon_no_ns,1,113,0.3,128,4,512,226048,4,nested_depth_one_shared_v2,4.718594551086426,0.011227154172956944,4.7442193031311035,0.007830853573977947,2997.600111958105,0.0,0.4919638201147858,2.109693765640259,0.0,1.7639639632881712e-06,4.3887632728001336e-07,0.0,0.0,0,0,0,,0.0,0.0,0.0,0.0,0.0,9.658272756177407e-06,0.0005015251979134725,0.0004919542792074246,7.892263021049706e-08,0.4919638201147858,0.00012534638555770035,0.0005619303367523044,0.0005274183267631371,1.0422396925037118e-06,2.1096939410932216
89400,muon_no_ns,1,113,0.3,128,4,512,226048,4,nested_depth_one_shared_v2,4.718594551086426,0.011227154172956944,4.744221210479736,0.007830853573977947,3000.468391375034,0.0,0.4920873085860568,2.1092615127563477,0.0,9.077869174415212e-06,2.1999062482791487e-06,0.0,0.0,0,0,0,,0.0,0.0,0.0,0.0,0.0,0.00010660324669510074,0.0005985771812854054,0.0004919807530048199,8.711090306260644e-07,0.4920873085860568,0.00020998673211593984,0.0006890377783383515,0.0005272792225581694,1.7460137054341376e-06,2.109261516767934
89500,muon_no_ns,1,113,0.3,128,4,512,226048,4,nested_depth_one_shared_v2,4.718595027923584,0.011227154172956944,4.7442240715026855,0.007830853573977947,3003.3110585419927,0.0,0.4919773061696814,2.1100051403045654,0.0,6.471908533879268e-06,1.561448357279005e-06,0.0,0.0,0,0,0,,0.0,0.0,0.0,0.0,0.0,0.0001248900020610849,0.0006167369872507052,0.0004918524436299513,1.020539355067492e-06,0.4919773061696814,0.00023744976376517503,0.0007138210849476222,0.000527459873053457,1.974365416845414e-06,2.110005263371705
89600,muon_no_ns,1,113,0.3,128,4,512,226048,4,nested_depth_one_shared_v2,4.718595027923584,0.011227154172956944,4.744218826293945,0.007830853573977947,3006.163971250062,0.0,0.49206263608335854,2.1091744899749756,0.0,1.0178738639570542e-06,3.6358161992211535e-07,0.0,0.0,0,0,0,,0.0,0.0,0.0,0.0,0.0,4.075935093850913e-05,0.00045136235829677085,0.00049210339778982,3.330652657000552e-07,0.49206263608335854,0.00012118036934627847,0.0004982921210128649,0.00052730423276122,1.0075997829774887e-06,2.109174591716747
89700,muon_no_ns,1,113,0.3,128,4,512,226048,4,nested_depth_one_shared_v2,4.718595027923584,0.011227154172956944,4.744213581085205,0.007830853573977947,3009.014111458091,0.0,0.49182981785252844,2.109760046005249,0.0,5.786363701222775e-06,1.471276959819079e-06,0.0,0.0,0,0,0,,0.0,0.0,0.0,0.0,0.0,0.0001659165094060636,0.000326085915173621,0.0004919957296395257,1.3557876908473064e-06,0.49182981785252844,0.00028095344651646304,0.00037840063073159134,0.0005274908016297489,2.336093158189895e-06,2.1097601644879345
89800,muon_no_ns,1,113,0.3,128,4,512,226048,4,nested_depth_one_shared_v2,4.718595027923584,0.011227154172956944,4.7442216873168945,0.007830853573977947,3011.86474429199,0.0,0.49208636228704256,2.1092827320098877,0.0,3.1730648751296396e-06,7.649925350960984e-07,0.0,0.0,0,0,0,,0.0,0.0,0.0,0.0,0.0,4.373052257640331e-05,0.000535758245257839,0.0004920426785068633,3.5734421146905495e-07,0.49208636228704256,0.0001299089488685862,0.0006030178551950556,0.0005273044483612617,1.0801768421152368e-06,2.1092828801137755
89900,muon_no_ns,1,113,0.3,128,4,512,226048,4,nested_depth_one_shared_v2,4.718594551086426,0.011227154172956944,4.744267463684082,0.007830853573977947,3014.7184555419954,0.0,0.49260050989725546,2.1108033657073975,0.0,5.374423660411311e-05,1.315892586717382e-05,0.0,0.0,0,0,0,,0.0,0.0,0.0,0.0,0.0,0.0012658949355367271,0.0017572292944272813,0.0004913346338643169,1.034426759368598e-05,0.49260050989725546,0.0020266780817648814,0.0024661940377593973,0.0005272986271291984,1.6851577581152514e-05,2.1108036430832025
90000,muon_no_ns,1,113,0.3,128,4,512,226048,4,nested_depth_one_shared_v2,4.718595027923584,0.011227154172956944,4.744220733642578,0.007830853573977947,3017.591654958087,0.0,0.4920598348925493,2.1093642711639404,0.0,2.8922981570565198e-06,7.003464475019427e-07,0.0,0.0,0,0,0,,0.0,0.0,0.0,0.0,0.0,3.4744871748965737e-05,0.0005267521422712123,0.0004920251327764969,2.8391791513662654e-07,0.4920598348925493,0.00012097860278517992,0.0005930843182776976,0.0005273271397727552,1.0059221189773561e-06,2.109364488363566
90100,muon_no_ns,1,113,0.3,128,4,512,226048,4,nested_depth_one_shared_v2,4.718595027923584,0.011227154172956944,4.744319915771484,0.007830853573977947,3020.464044458,0.0,0.49336719672858204,2.1118173599243164,0.0,0.00011110714955535353,2.7226755264564417e-05,0.0,0.0,0,0,0,,0.0,0.0,0.0,0.0,0.0,0.0026573399410890273,0.003148049594496429,0.000490709876600327,2.1714468291446235e-05,0.49336719672858204,0.00423155148924238,0.004661254123569301,0.0005271137156683033,3.5184827255600645e-05,2.111817478775017
90200,muon_no_ns,1,113,0.3,128,4,512,226048,4,nested_depth_one_shared_v2,4.718595027923584,0.011227154172956944,4.744218826293945,0.007830853573977947,3023.421565250028,0.0,0.492084674085082,2.109128475189209,0.0,7.037594317896571e-07,2.3549746686057915e-07,0.0,0.0,0,0,0,,0.0,0.0,0.0,0.0,0.0,1.7570168885736992e-05,0.0004745717475053554,0.0004921022426771784,1.43574733983163e-07,0.492084674085082,0.00010256973556010806,0.0005266878491609037,0.0005272847744944759,8.528546648929421e-07,2.109128471379342
90300,muon_no_ns,1,113,0.3,128,4,512,226048,4,nested_depth_one_shared_v2,4.718595027923584,0.011227154172956944,4.744218826293945,0.007830853573977947,3026.296538625029,0.0,0.4919241018761964,2.109816312789917,0.0,1.1188856373012062e-07,2.0313380844072526e-07,0.0,0.0,0,0,0,,0.0,0.0,0.0,0.0,0.0,2.597607607837063e-05,0.0004660044673918479,0.0004919500617551743,2.1226365193939515e-07,0.4919241018761964,0.00012480883846762244,0.0005170210648608791,0.0005274603849523186,1.0377700549359723e-06,2.109816328434251
90400,muon_no_ns,1,113,0.3,128,4,512,226048,4,nested_depth_one_shared_v2,4.718595027923584,0.011227154172956944,4.744222164154053,0.007830853573977947,3029.159818125074,0.0,0.4921167110823484,2.10927677154541,0.0,6.103997274263144e-06,1.4664738046121784e-06,0.0,0.0,0,0,0,,0.0,0.0,0.0,0.0,0.0,9.280123772894026e-05,0.000584819330564108,0.0004920239630388925,7.583258366433163e-07,0.4921167110823484,0.00018749156187844514,0.0006693935661947972,0.0005272872000793676,1.558969147213888e-06,2.1092766632894233
90500,muon_no_ns,1,113,0.3,128,4,512,226048,4,nested_depth_one_shared_v2,4.718595027923584,0.011227154172956944,4.744217872619629,0.007830853573977947,3032.0230065830983,0.0,0.49188813687610683,2.1098530292510986,0.0,1.3695745802210727e-06,4.2758028939715587e-07,0.0,0.0,0,0,0,,0.0,0.0,0.0,0.0,0.0,6.145497762305602e-05,0.00043051099304291233,0.000491949614009833,5.021796956848888e-07,0.49188813687610683,0.00015169144377503966,0.0004750781098221005,0.0005274811837911647,1.2612955931047906e-06,2.1098530545524254
90600,muon_no_ns,1,113,0.3,128,4,512,226048,4,nested_depth_one_shared_v2,4.718595027923584,0.011227154172956944,4.744217395782471,0.007830853573977947,3034.8731980420416,0.0,0.4920820395700026,2.108987331390381,0.0,2.0073954350367368e-06,5.836997161168256e-07,0.0,0.0,0,0,0,,0.0,0.0,0.0,0.0,0.0,7.426421514501441e-05,0.00041790222166225767,0.0004921563134806025,6.068504522212841e-07,0.4920820395700026,0.00016129469521550675,0.0004634060847686053,0.0005272680107027398,1.3411454410586502e-06,2.1089872780963765
90700,muon_no_ns,1,113,0.3,128,4,512,226048,4,nested_depth_one_shared_v2,4.718595027923584,0.011227154172956944,4.7442193031311035,0.007830853573977947,3037.7037756670034,0.0,0.49195794398646525,2.109752893447876,0.0,1.2521977428748678e-06,3.2881447964427934e-07,0.0,0.0,0,0,0,,0.0,0.0,0.0,0.0,0.0,1.3326324627381132e-06,0.0004917435790271952,0.0004919581933174042,1.088961367299495e-08,0.49195794398646525,0.00013530849084513358,0.0005528727392536186,0.0005274360557360793,1.1250733658104262e-06,2.1097528189920434
90800,muon_no_ns,1,113,0.3,128,4,512,226048,4,nested_depth_one_shared_v2,4.718594551086426,0.011227154172956944,4.744212627410889,0.007830853573977947,3040.5388432079926,0.0,0.49203351806185724,2.1088528633117676,0.0,9.860303961386663e-06,2.477808948242455e-06,0.0,0.0,0,0,0,,0.0,0.0,0.0,0.0,0.0,0.00022310559560869382,0.0002691566119818079,0.0004922566427577059,1.8231086307699846e-06,0.49203351806185724,0.0003683359293032543,0.00035160793593663184,0.0005272820254847763,3.062667694700903e-06,2.1088529717902142
90900,muon_no_ns,1,113,0.3,128,4,512,226048,4,nested_depth_one_shared_v2,4.718595027923584,0.011227154172956944,4.7442193031311035,0.007830853573977947,3043.377624917077,0.0,0.4919532188014401,2.1097123622894287,0.0,9.67580693705001e-07,2.782739159101766e-07,0.0,0.0,0,0,0,,0.0,0.0,0.0,0.0,0.0,6.723362091197472e-06,0.00048535801291159543,0.0004919598542771724,5.493999118584279e-08,0.4919532188014401,0.0001252065048307727,0.0005423920494207042,0.0005274280265790037,1.04107660156039e-06,2.109712248792493
91000,muon_no_ns,1,113,0.3,128,4,512,226048,4,nested_depth_one_shared_v2,4.718594551086426,0.011227154172956944,4.744204521179199,0.007830853573977947,3046.230610583094,0.0,0.49196458491498507,2.1084983348846436,0.0,1.55271469763057e-05,3.882286819134606e-06,0.0,0.0,0,0,0,,0.0,0.0,0.0,0.0,0.0,0.0003941856464870923,9.818350799246474e-05,0.0004923587988131845,3.221090229833126e-06,0.49196458491498507,0.0006485983652523084,0.0004139813216228466,0.0005272496292123808,5.3930151854901096e-06,2.1084983982209455
91100,muon_no_ns,1,113,0.3,128,4,512,226048,4,nested_depth_one_shared_v2,4.718595027923584,0.011227154172956944,4.7442193031311035,0.007830853573977947,3049.084575999994,0.0,0.4919952668097045,2.109539747238159,0.0,1.3066882162194389e-06,3.3913966035470366e-07,0.0,0.0,0,0,0,,0.0,0.0,0.0,0.0,0.0,1.2582398915845172e-06,0.0004918963005143155,0.0004919954119143038,1.0281714358926799e-08,0.4919952668097045,0.00012264488868057397,0.0005501943041063679,0.0005273826784072936,1.0197770801037728e-06,2.109539788485076
91200,muon_no_ns,1,113,0.3,128,4,512,226048,4,nested_depth_one_shared_v2,4.718594551086426,0.011227154172956944,4.744189739227295,0.007830853573977947,3051.9287083330564,0.0,0.49168821775219873,2.1084723472595215,0.0,7.028616722617778e-05,1.7389193089911714e-05,0.0,0.0,0,0,0,,0.0,0.0,0.0,0.0,0.0,0.001195103491542481,0.0007022207537354781,0.0004928833461603157,9.765794910477532e-06,0.49168821775219873,0.001992212978448758,0.0016078885339631378,0.0005275118686634166,1.6565004509878993e-05,2.1084723907971634
91300,muon_no_ns,1,113,0.3,128,4,512,226048,4,nested_depth_one_shared_v2,4.718595027923584,0.011227154172956944,4.7442193031311035,0.007830853573977947,3054.7942482500803,0.0,0.49202858917786413,2.1093783378601074,0.0,6.682085940677621e-07,2.332140667249405e-07,0.0,0.0,0,0,0,,0.0,0.0,0.0,0.0,0.0,1.2962486312658824e-05,0.0004791440296435566,0.0004920415088109706,1.0592302989251078e-07,0.49202858917786413,0.00011529472437466009,0.0005344830887315697,0.0005273459497275931,9.586613730017036e-07,2.1093783908392885
91400,muon_no_ns,1,113,0.3,128,4,512,226048,4,nested_depth_one_shared_v2,4.718595027923584,0.011227154172956944,4.744166374206543,0.007830853573977947,3057.6453147920547,0.0,0.4911082560490179,2.1090052127838135,0.0,5.5731067961717314e-05,1.3751324331678916e-05,0.0,0.0,0,0,0,,0.0,0.0,0.0,0.0,0.0,0.0014022206815104137,0.0009097107627225796,0.0004925104927657713,1.1458254194527199e-05,0.4911082560490179,0.002238035189326965,0.001846525836684369,0.0005276959942868961,1.8608985788927093e-05,2.1090053658342542
91500,muon_no_ns,1,113,0.3,128,4,512,226048,4,nested_depth_one_shared_v2,4.718595027923584,0.011227154172956944,4.74422025680542,0.007830853573977947,3060.480171000003,0.0,0.4921310029074317,2.1090779304504395,0.0,3.0514399385937904e-06,7.313309993151051e-07,0.0,0.0,0,0,0,,0.0,0.0,0.0,0.0,0.0,3.2840468987136104e-05,0.0005249181781608014,0.0004920981997615805,2.6835607724510525e-07,0.4921310029074317,0.00011880076713087232,0.0005907108629928519,0.000527256043940169,9.87813684876364e-07,2.109077941322521
91600,muon_no_ns,1,113,0.3,128,4,512,226048,4,nested_depth_one_shared_v2,4.718595027923584,0.011227154172956944,4.7442193031311035,0.007830853573977947,3063.3303320420673,0.0,0.49192638131275507,2.1098220348358154,0.0,6.986903003202365e-07,2.3591063325056894e-07,0.0,0.0,0,0,0,,0.0,0.0,0.0,0.0,0.0,1.214775640226982e-05,0.00047985324074109885,0.000491938506906247,9.926545984222034e-08,0.49192638131275507,0.00012446934861021488,0.0005337729291299088,0.0005274576099156944,1.0349472387612712e-06,2.109821978647889
91700,muon_no_ns,1,113,0.3,128,4,512,226048,4,nested_depth_one_shared_v2,4.718595027923584,0.011227154172956944,4.744203567504883,0.007830853573977947,3066.2711225000676,0.0,0.491932651602022,2.1084976196289062,0.0,1.9574283697180557e-05,4.8801857701619156e-06,0.0,0.0,0,0,0,,0.0,0.0,0.0,0.0,0.0,0.0004609658374827753,3.144985385113267e-05,0.0004923936349832767,3.7667849365774224e-06,0.491932651602022,0.0007609787721518088,0.0004871790955069179,0.0005272713796747395,6.327444369141842e-06,2.108497719770487
91800,muon_no_ns,1,113,0.3,128,4,512,226048,4,nested_depth_one_shared_v2,4.718595027923584,0.011227154172956944,4.7442193031311035,0.007830853573977947,3069.111367708072,0.0,0.49198125120625014,2.1095688343048096,0.0,9.65764301490419e-07,2.738174487149081e-07,0.0,0.0,0,0,0,,0.0,0.0,0.0,0.0,0.0,7.766518682449511e-06,0.0004843204450567188,0.0004919889418287906,6.34641511450208e-08,0.49198125120625014,0.0001232925282887493,0.0005429193107382195,0.0005273918669139359,1.0251621233427513e-06,2.109568721211556
91900,muon_no_ns,1,113,0.3,128,4,512,226048,4,nested_depth_one_shared_v2,4.718594551086426,0.011227154172956944,4.744295597076416,0.007830853573977947,3071.958905458101,0.0,0.4931067254000631,2.110992670059204,0.0,0.00010195793411265738,2.5014254788402468e-05,0.0,0.0,0,0,0,,0.0,0.0,0.0,0.0,0.0,0.002214999859164781,0.0027058914322452285,0.0004908917682868089,1.809988382129245e-05,0.4931067254000631,0.0035392982945176375,0.003966782611415581,0.000527052783108421,2.942882756247423e-05,2.1109927155383916
92000,muon_no_ns,1,113,0.3,128,4,512,226048,4,nested_depth_one_shared_v2,4.718595027923584,0.011227154172956944,4.74422025680542,0.007830853573977947,3074.799584042048,0.0,0.491965728326927,2.1096813678741455,0.0,1.2071960645499484e-06,3.2142028771886544e-07,0.0,0.0,0,0,0,,0.0,0.0,0.0,0.0,0.0,1.2228318602752382e-06,0.00049230007393959,0.0004919654292837423,9.992377431708982e-09,0.491965728326927,0.00012048788138524026,0.0005500073752065985,0.0005274180303770659,1.0018418312315027e-06,2.1096813968371833
92100,muon_no_ns,1,113,0.3,128,4,512,226048,4,nested_depth_one_shared_v2,4.718595027923584,0.011227154172956944,4.744238376617432,0.007830853573977947,3077.660668958095,0.0,0.4923777212676411,2.109402894973755,0.0,3.816587750677785e-05,9.349252650281414e-06,0.0,0.0,0,0,0,,0.0,0.0,0.0,0.0,0.0,0.0006723862363526221,0.0011640911094310121,0.000491705358729955,5.494407916399408e-06,0.4923777212676411,0.001094956007192224,0.0015418519003413125,0.0005271371701301753,9.104423770686129e-06,2.10940280472126
92200,muon_no_ns,1,113,0.3,128,4,512,226048,4,nested_depth_one_shared_v2,4.718595027923584,0.011227154172956944,4.7442193031311035,0.007830853573977947,3080.519010625081,0.0,0.4919582393090224,2.1097123622894287,0.0,1.3953793415011694e-06,3.6069400266569573e-07,0.0,0.0,0,0,0,,0.0,0.0,0.0,0.0,0.0,2.5993965512555176e-06,0.000494257025129607,0.0004919559835100626,2.1240983555156523e-08,0.4919582393090224,0.00012126129179591161,0.0005529405413598077,0.0005274250358214668,1.0082726431373332e-06,2.109712248792493
92300,muon_no_ns,1,113,0.3,128,4,512,226048,4,nested_depth_one_shared_v2,4.718594551086426,0.011227154172956944,4.744253635406494,0.007830853573977947,3083.356282624998,0.0,0.49263857047858156,2.109574794769287,0.0,2.861042627771225e-05,7.00323880664655e-06,0.0,0.0,0,0,0,,0.0,0.0,0.0,0.0,0.0,0.0007996342509058712,0.001291472752306677,0.0004918389795330987,6.534215783824016e-06,0.49263857047858156,0.001294154802705134,0.0017363336166558753,0.0005271418069806941,1.0760737117566923e-05,2.109574711140505
92400,muon_no_ns,1,113,0.3,128,4,512,226048,4,nested_depth_one_shared_v2,4.718595027923584,0.011227154172956944,4.74422025680542,0.007830853573977947,3086.195576667087,0.0,0.49200767683517976,2.1095175743103027,0.0,1.7139521180455464e-06,4.221510039315035e-07,0.0,0.0,0,0,0,,0.0,0.0,0.0,0.0,0.0,8.88200635353477e-06,0.000500798991565259,0.0004919989068804591,7.257936493033475e-08,0.49200767683517976,0.00011116177961878407,0.0005601283629255703,0.0005273739208839265,9.24296448537917e-07,2.1095177496185733
92500,muon_no_ns,1,113,0.3,128,4,512,226048,4,nested_depth_one_shared_v2,4.718595027923584,0.011227154172956944,4.744098663330078,0.007830853573977947,3089.03522925009,0.0,0.49011453934441523,2.1078062057495117,0.0,0.0001425978578630096,3.515286880428903e-05,0.0,0.0,0,0,0,,0.0,0.0,0.0,0.0,0.0,0.0033155666823026842,0.0028221367016171635,0.0004934301316890078,2.7093171813588902e-05,0.49011453934441523,0.005340106466618812,0.004930354546110908,0.000528013242078609,4.4402324781386246e-05,2.107806265265404
92600,muon_no_ns,1,113,0.3,128,4,512,226048,4,nested_depth_one_shared_v2,4.718595027923584,0.011227154172956944,4.744218826293945,0.007830853573977947,3091.889473624993,0.0,0.49198847485724384,2.1095473766326904,0.0,1.9260441227452505e-07,2.055136718581707e-07,0.0,0.0,0,0,0,,0.0,0.0,0.0,0.0,0.0,2.1110808277879638e-05,0.00047093389562035624,0.0004920095793713788,1.7250708871253904e-07,0.49198847485724384,0.00011872531203813541,0.0005226603205554705,0.0005273914088396837,9.871862851128843e-07,2.1095474737792506
92700,muon_no_ns,1,113,0.3,128,4,512,226048,4,nested_depth_one_shared_v2,4.718595027923584,0.011227154172956944,4.744144439697266,0.007830853573977947,3094.7872836251045,0.0,0.49092245257340705,2.108018398284912,0.0,0.00012193538081571935,3.0108400096651167e-05,0.0,0.0,0,0,0,,0.0,0.0,0.0,0.0,0.0,0.0024228547408687504,0.0019295097619623008,0.0004933453368038137,1.9798371157516904e-05,0.49092245257340705,0.004002481463657563,0.0035982823257822254,0.0005277978875809571,3.3280138325280944e-05,2.108018453050371
92800,muon_no_ns,1,113,0.3,128,4,512,226048,4,nested_depth_one_shared_v2,4.718595027923584,0.011227154172956944,4.744218826293945,0.007830853573977947,3097.7199464580044,0.0,0.49200546592006106,2.109478235244751,0.0,2.709168951758011e-07,2.071741391773685e-07,0.0,0.0,0,0,0,,0.0,0.0,0.0,0.0,0.0,2.2123381592705803e-05,0.00046993804885349215,0.0004920275877723026,1.80781337256196e-07,0.49200546592006106,0.00011442022521475968,0.0005232512214555369,0.0005273737322587465,9.513900206491478e-07,2.1094783051237096
92900,muon_no_ns,1,113,0.3,128,4,512,226048,4,nested_depth_one_shared_v2,4.718594074249268,0.011227154172956944,4.744091987609863,0.007830853573977947,3100.56214141706,0.0,0.4900091041234938,2.1076605319976807,0.0,0.00015375773316589263,3.7916412111371756e-05,0.0,0.0,0,0,0,,0.0,0.0,0.0,0.0,0.0,0.0035443150401816468,0.0030507618053631845,0.000493553452859229,2.8962390308023414e-05,0.4900091041234938,0.005719437640508972,0.0053091582817574,0.0005280515659711585,4.755641657488563e-05,2.107660571731683
93000,muon_no_ns,1,113,0.3,128,4,512,226048,4,nested_depth_one_shared_v2,4.718594551086426,0.011227154172956944,4.7442193031311035,0.007830853573977947,3103.4159324580105,0.0,0.4920134766543371,2.1095190048217773,0.0,1.5037394967711947e-06,3.8013769199096714e-07,0.0,0.0,0,0,0,,0.0,0.0,0.0,0.0,0.0,7.116508261130361e-06,0.00049899869469309,0.0004920065032915183,5.81525873271602e-08,0.4920134766543371,0.0001100934658068259,0.000555526493843607,0.0005273754568293101,9.154135513253747e-07,2.1095191058631606
93100,muon_no_ns,1,113,0.3,128,4,512,226048,4,nested_depth_one_shared_v2,4.718595027923584,0.011227154172956944,4.744280815124512,0.007830853573977947,3106.267228667042,0.0,0.4929047459858928,2.110651969909668,0.0,0.00010355711169750466,2.542713627917692e-05,0.0,0.0,0,0,0,,0.0,0.0,0.0,0.0,0.0,0.0020098457131488678,0.002500740369379164,0.0004908949381985239,1.642346556195013e-05,0.4929047459858928,0.0032269920772567086,0.003653574723908925,0.0005270325336054217,2.683203999339676e-05,2.11065205663724
93200,muon_no_ns,1,113,0.3,128,4,512,226048,4,nested_depth_one_shared_v2,4.718595027923584,0.011227154172956944,4.744219779968262,0.007830853573977947,3109.1191403750563,0.0,0.49197507240174304,2.109675168991089,0.0,1.4458879442555629e-06,3.7163437127674115e-07,0.0,0.0,0,0,0,,0.0,0.0,0.0,0.0,0.0,4.468764441122613e-06,0.0004962454351200754,0.0004919708020282208,3.651653379316307e-08,0.49197507240174304,0.00011998905766650503,0.0005556685518691404,0.0005274149856741444,9.976941737069957e-07,2.1096751811871863
93300,muon_no_ns,1,113,0.3,128,4,512,226048,4,nested_depth_one_shared_v2,4.718595027923584,0.011227154172956944,4.744194030761719,0.007830853573977947,3111.962001542095,0.0,0.4917380006074739,2.1085753440856934,0.0,3.893732638709907e-05,9.648665582062677e-06,0.0,0.0,0,0,0,,0.0,0.0,0.0,0.0,0.0,0.00080588891941828,0.0003133464929500004,0.0004925439044632501,6.585325842791687e-06,0.4917380006074739,0.0013198588966758834,0.0009605670629748146,0.0005274039383743655,1.0974463479734967e-05,2.1085754009295066
93400,muon_no_ns,1,113,0.3,128,4,512,226048,4,nested_depth_one_shared_v2,4.718595027923584,0.011227154172956944,4.7442193031311035,0.007830853573977947,3114.798362917034,0.0,0.4919621920707982,2.1096839904785156,0.0,1.0968835189954197e-06,2.991038172694971e-07,0.0,0.0,0,0,0,,0.0,0.0,0.0,0.0,0.0,5.968331580819585e-06,0.00048611858622928073,0.0004919680723347295,4.877025511889605e-08,0.4919621920707982,0.00012914000026808547,0.0005453859261368641,0.0005274204284050466,1.0737831296091182e-06,2.1096841091150793
93500,muon_no_ns,1,113,0.3,128,4,512,226048,4,nested_depth_one_shared_v2,4.718594551086426,0.011227154172956944,4.744253635406494,0.007830853573977947,3117.6339050420793,0.0,0.4926607641950314,2.109473943710327,0.0,5.249122448391064e-05,1.288073053729022e-05,0.0,0.0,0,0,0,,0.0,0.0,0.0,0.0,0.0,0.00105485888224116,0.0015464645067787073,0.0004916059286901584,8.619785295888379e-06,0.4926607641950314,0.001711705263187776,0.0021492240399699006,0.0005270337469797113,1.4232617551948362e-05,2.109474236308636
93600,muon_no_ns,1,113,0.3,128,4,512,226048,4,nested_depth_one_shared_v2,4.718595027923584,0.011227154172956944,4.74422025680542,0.007830853573977947,3120.476065917057,0.0,0.49202515180097084,2.1094675064086914,0.0,1.9069863987390963e-06,4.681521943439293e-07,0.0,0.0,0,0,0,,0.0,0.0,0.0,0.0,0.0,1.2733153137345056e-05,0.000504679056538509,0.000492012511016446,1.0404903255911478e-07,0.49202515180097084,0.00011390251116053269,0.000564903328236894,0.0005273602858042254,9.470852923214689e-07,2.109467680978954
93700,muon_no_ns,1,113,0.3,128,4,512,226048,4,nested_depth_one_shared_v2,4.718595027923584,0.011227154172956944,4.74432373046875,0.007830853573977947,3123.328104583081,0.0,0.4934483303719994,2.111807107925415,0.0,0.00016518404117307599,4.050235293107107e-05,0.0,0.0,0,0,0,,0.0,0.0,0.0,0.0,0.0,0.0033135791871929656,0.003803713721854595,0.0004901347746549341,2.7076930986108734e-05,0.4934483303719994,0.005298821161687742,0.00572189585171108,0.0005269108853945887,4.4059042577237864e-05,2.1118070921940557
93800,muon_no_ns,1,113,0.3,128,4,512,226048,4,nested_depth_one_shared_v2,4.718595027923584,0.011227154172956944,4.744220733642578,0.007830853573977947,3126.201998417033,0.0,0.4919892244753293,2.109644651412964,0.0,1.999385756209368e-06,4.868769565291586e-07,0.0,0.0,0,0,0,,0.0,0.0,0.0,0.0,0.0,1.65756656825387e-05,0.000508506448477582,0.0004919727084718352,1.3544814545842162e-07,0.4919892244753293,0.0001130857713373033,0.0005684644434988823,0.0005274035342004735,9.402942017093963e-07,2.1096446677306755
93900,muon_no_ns,1,113,0.3,128,4,512,226048,4,nested_depth_one_shared_v2,4.718595027923584,0.011227154172956944,4.744247913360596,0.007830853573977947,3129.062035583076,0.0,0.4925299921198204,2.10958194732666,0.0,5.687485172519396e-05,1.394734044879442e-05,0.0,0.0,0,0,0,,0.0,0.0,0.0,0.0,0.0,0.001019422252609548,0.0015109324072256395,0.0004915106130566471,8.330214677318587e-06,0.4925299921198204,0.001642719304715336,0.0020812862079830643,0.0005270740294203114,1.3659007839745753e-05,2.109582057256562
94000,muon_no_ns,1,113,0.3,128,4,512,226048,4,nested_depth_one_shared_v2,4.718595027923584,0.011227154172956944,4.7442193031311035,0.007830853573977947,3131.9137567080325,0.0,0.4919863244313477,2.1095778942108154,0.0,7.661515833449435e-07,2.517250266009796e-07,0.0,0.0,0,0,0,,0.0,0.0,0.0,0.0,0.0,1.1632521837895864e-05,0.000480436583048953,0.0004919979103843748,9.505521769827758e-08,0.4919863244313477,0.00011466292395937195,0.0005347595327977943,0.000527395800947015,9.534080306925191e-07,2.1095781016587867
94100,muon_no_ns,1,113,0.3,128,4,512,226048,4,nested_depth_one_shared_v2,4.718595027923584,0.011227154172956944,4.744268417358398,0.007830853573977947,3134.790050083073,0.0,0.49278280042899963,2.1101386547088623,0.0,8.118373344534558e-05,1.9930119378841482e-05,0.0,0.0,0,0,0,,0.0,0.0,0.0,0.0,0.0,0.0015801793480533389,0.0020713817678100583,0.0004912026551081601,1.291244444022484e-05,0.49278280042899963,0.002548412641052682,0.0029776714767379914,0.0005270378454677688,2.1189735911137736e-05,2.1101387054267633
94200,muon_no_ns,1,113,0.3,128,4,512,226048,4,nested_depth_one_shared_v2,4.718595027923584,0.011227154172956944,4.7442193031311035,0.007830853573977947,3137.6271096250275,0.0,0.49199054955500965,2.109589099884033,0.0,9.666007719663178e-07,2.7570965244194667e-07,0.0,0.0,0,0,0,,0.0,0.0,0.0,0.0,0.0,8.081392246921158e-06,0.0004840073397321464,0.0004919985602733543,6.603714225007761e-08,0.49199054955500965,0.0001257375133372929,0.0005402241980852641,0.0005273977948977805,1.045491871614569e-06,2.1095891773138664
94300,muon_no_ns,1,113,0.3,128,4,512,226048,4,nested_depth_one_shared_v2,4.718595027923584,0.011227154172956944,4.744191646575928,0.007830853573977947,3140.479280000087,0.0,0.491668207730556,2.1086819171905518,0.0,2.2140721681544987e-05,5.504978162207408e-06,0.0,0.0,0,0,0,,0.0,0.0,0.0,0.0,0.0,0.0006661520484713301,0.0001738212475725664,0.0004923343947089605,5.443465215024229e-06,0.491668207730556,0.0010981709863959403,0.0007555069841286787,0.0005273869628042111,9.131155925121843e-06,2.1086819110544046
94400,muon_no_ns,1,113,0.3,128,4,512,226048,4,nested_depth_one_shared_v2,4.718594551086426,0.011227154172956944,4.7442193031311035,0.007830853573977947,3143.328030750039,0.0,0.49196364595219794,2.1097357273101807,0.0,1.2169414145997676e-06,3.2321719345418387e-07,0.0,0.0,0,0,0,,0.0,0.0,0.0,0.0,0.0,1.9154423340339003e-06,0.0004904921085824016,0.0004919651404248502,1.5652047817949626e-08,0.49196364595219794,0.00012750407385046436,0.0005477270816644887,0.0005274326339290496,1.060180603785386e-06,2.1097357547413336
94500,muon_no_ns,1,113,0.3,128,4,512,226048,4,nested_depth_one_shared_v2,4.718595027923584,0.011227154172956944,4.744226932525635,0.007830853573977947,3146.1860185000114,0.0,0.49221806204232327,2.1092493534088135,0.0,1.2889399689768527e-05,3.1370309443445876e-06,0.0,0.0,0,0,0,,0.0,0.0,0.0,0.0,0.0,0.00022854824143753288,0.0007205360728763849,0.000491989548402922,1.8675832418065628e-06,0.49221806204232327,0.0003931749540015297,0.0008663440287352825,0.0005272369881968356,3.269201112864011e-06,2.109249422079389
94600,muon_no_ns,1,113,0.3,128,4,512,226048,4,nested_depth_one_shared_v2,4.718595027923584,0.011227154172956944,4.7442193031311035,0.007830853573977947,3149.0251370000187,0.0,0.4919500535078821,2.109835386276245,0.0,1.3074623366428204e-06,3.4248361657773785e-07,0.0,0.0,0,0,0,,0.0,0.0,0.0,0.0,0.0,1.7419297699908707e-06,0.0004932110868382044,0.000491948805178506,1.4234188923864808e-08,0.4919500535078821,0.00013375300880833995,0.0005538266531911251,0.0005274563166897561,1.1121397250635492e-06,2.1098354260954855
94700,muon_no_ns,1,113,0.3,128,4,512,226048,4,nested_depth_one_shared_v2,4.718595027923584,0.011227154172956944,4.744225025177002,0.007830853573977947,3151.8784970830893,0.0,0.49226139664328583,2.108937978744507,0.0,5.682808863419867e-06,1.3737274002778577e-06,0.0,0.0,0,0,0,,0.0,0.0,0.0,0.0,0.0,0.00012546928505659775,0.000617600918053807,0.0004921359708500521,1.0252729693271273e-06,0.49226139664328583,0.00023753883056591945,0.0007172195575298227,0.0005271918392384068,1.9751059962774186e-06,2.1089379882233112
94800,muon_no_ns,1,113,0.3,128,4,512,226048,4,nested_depth_one_shared_v2,4.718595027923584,0.011227154172956944,4.74422025680542,0.007830853573977947,3154.7240140420618,0.0,0.4919998022976532,2.1096224784851074,0.0,1.314019830407534e-06,3.4140214211220155e-07,0.0,0.0,0,0,0,,0.0,0.0,0.0,0.0,0.0,1.2557516521670377e-06,0.0004922419050186844,0.0004919995712100606,1.0261381696516192e-08,0.4919998022976532,0.00012224764430106877,0.0005515879653734093,0.0005274030222464324,1.0164740422211707e-06,2.109622516945026
94900,muon_no_ns,1,113,0.3,128,4,512,226048,4,nested_depth_one_shared_v2,4.718595027923584,0.011227154172956944,4.744218826293945,0.007830853573977947,3157.582962625078,0.0,0.4921418501861734,2.108912706375122,0.0,2.799202468675652e-05,6.9470825110329315e-06,0.0,0.0,0,0,0,,0.0,0.0,0.0,0.0,0.0,0.0003279624999683885,0.00016451400790982318,0.0004924698359247959,2.6799474151690484e-06,0.4921418501861734,0.0005647741109093842,0.0003642978351011323,0.0005273382425779494,4.696026878392049e-06,2.1089126645378062
95000,muon_no_ns,1,113,0.3,128,4,512,226048,4,nested_depth_one_shared_v2,4.718595027923584,0.011227154172956944,4.7442193031311035,0.007830853573977947,3160.4208993749926,0.0,0.4920204348327989,2.109470844268799,0.0,9.632332154719117e-07,2.7526562007551547e-07,0.0,0.0,0,0,0,,0.0,0.0,0.0,0.0,0.0,8.62220129598876e-06,0.00048350763212269576,0.0004920289741174636,7.045636643969821e-08,0.4920204348327989,0.00012293373093167438,0.0005414942067500765,0.0005273677231641287,1.0221787676963552e-06,2.1094708456234126
95100,muon_no_ns,1,113,0.3,128,4,512,226048,4,nested_depth_one_shared_v2,4.718595027923584,0.011227154172956944,4.744289398193359,0.007830853573977947,3163.2708041670267,0.0,0.49306375975417066,2.110698699951172,0.0,0.0001148698979479656,2.819892506522592e-05,0.0,0.0,0,0,0,,0.0,0.0,0.0,0.0,0.0,0.0022616457793259662,0.002752447735876397,0.0004908021338170338,1.8481051220541448e-05,0.49306375975417066,0.0036237712859906435,0.004049450058069987,0.0005269654701089973,3.0131210038570175e-05,2.1106985955119675
95200,muon_no_ns,1,113,0.3,128,4,512,226048,4,nested_depth_one_shared_v2,4.718595027923584,0.011227154172956944,4.744218826293945,0.007830853573977947,3166.0928379170364,0.0,0.4920054432051281,2.109498977661133,0.0,4.584216871238138e-07,2.0788445453945315e-07,0.0,0.0,0,0,0,,0.0,0.0,0.0,0.0,0.0,1.9273152901800894e-05,0.00047279528384711587,0.0004920246995406715,1.574906774595195e-07,0.4920054432051281,0.00012250705636685305,0.000527934351771149,0.0005273781784057585,1.018631021462908e-06,2.1094989881456567
95300,muon_no_ns,1,113,0.3,128,4,512,226048,4,nested_depth_one_shared_v2,4.718595027923584,0.011227154172956944,4.744226455688477,0.007830853573977947,3168.9397922500502,0.0,0.49217954508090095,2.109382152557373,0.0,3.9886489668884695e-05,9.8707514553098e-06,0.0,0.0,0,0,0,,0.0,0.0,0.0,0.0,0.0,0.0003362993521083234,0.000156223165628427,0.0004925158884178726,2.7480720493733198e-06,0.49217954508090095,0.000605578732286395,0.0003644055422327765,0.0005274669318255314,5.0353122582415485e-06,2.10938212075621
95400,muon_no_ns,1,113,0.3,128,4,512,226048,4,nested_depth_one_shared_v2,4.718595027923584,0.011227154172956944,4.7442193031311035,0.007830853573977947,3171.777824833058,0.0,0.4920297097272559,2.1094179153442383,0.0,4.079858474397883e-07,2.1034927044638607e-07,0.0,0.0,0,0,0,,0.0,0.0,0.0,0.0,0.0,1.82088283831873e-05,0.000473894239252122,0.0004920478771216333,1.4879354366271507e-07,0.4920297097272559,0.00010926225614681487,0.0005256765270795415,0.0005273577797136752,9.085021458101577e-07,2.1094180632540045
95500,muon_no_ns,1,113,0.3,128,4,512,226048,4,nested_depth_one_shared_v2,4.718595027923584,0.011227154172956944,4.74409818649292,0.007830853573977947,3174.616390708019,0.0,0.49015248135159756,2.1075265407562256,0.0,0.00018300892196251137,4.517143315752037e-05,0.0,0.0,0,0,0,,0.0,0.0,0.0,0.0,0.0,0.003769903342100805,0.0032759810100317175,0.0004939224260279242,3.0805786387388876e-05,0.49015248135159756,0.006158923540894886,0.005748536144594461,0.0005281035033246734,5.1210687478988247e-05,2.107526520260149
95600,muon_no_ns,1,113,0.3,128,4,512,226048,4,nested_depth_one_shared_v2,4.718595027923584,0.011227154172956944,4.74422025680542,0.007830853573977947,3177.4409856670536,0.0,0.4920448823205094,2.109435796737671,0.0,2.18524614124504e-06,5.345197564565751e-07,0.0,0.0,0,0,0,,0.0,0.0,0.0,0.0,0.0,1.6282148259300003e-05,0.0005082521437650221,0.0004920286852958772,1.3304966618170114e-07,0.4920448823205094,0.0001285875344285835,0.0005738903832820546,0.0005273507464281964,1.0691894444851361e-06,2.109435921248444
95700,muon_no_ns,1,113,0.3,128,4,512,226048,4,nested_depth_one_shared_v2,4.718595027923584,0.011227154172956944,4.744272708892822,0.007830853573977947,3180.2593867920805,0.0,0.49275105622486576,2.1106812953948975,0.0,0.000128500925503005,3.1537907489109784e-05,0.0,0.0,0,0,0,,0.0,0.0,0.0,0.0,0.0,0.002168205771559643,0.0026587884081663202,0.0004905828714878414,1.7717505670940894e-05,0.49275105622486576,0.0034573333902519934,0.0038813872179208763,0.0005269978029525394,2.874729952129592e-05,2.110681312991373
95800,muon_no_ns,1,113,0.3,128,4,512,226048,4,nested_depth_one_shared_v2,4.718595027923584,0.011227154172956944,4.7442193031311035,0.007830853573977947,3183.0924823750975,0.0,0.4920370386630518,2.109462261199951,0.0,1.155647494033526e-06,3.101174570474541e-07,0.0,0.0,0,0,0,,0.0,0.0,0.0,0.0,0.0,1.7011151766528092e-06,0.0004931909173773595,0.0004920359057846765,1.3900672244585756e-08,0.4920370386630518,0.00011369250465706846,0.0005507692367605647,0.0005273627110418056,9.453391142197192e-07,2.1094623688865113
95900,muon_no_ns,1,113,0.3,128,4,512,226048,4,nested_depth_one_shared_v2,4.718595027923584,0.011227154172956944,4.744290351867676,0.007830853573977947,3185.866948500043,0.0,0.49306712189242974,2.1108410358428955,0.0,9.740726294000077e-05,2.3901695385575294e-05,0.0,0.0,0,0,0,,0.0,0.0,0.0,0.0,0.0,0.0020894665303999986,0.0025804440544543454,0.0004909776960475845,1.7074087518443274e-05,0.49306712189242974,0.003343490211976655,0.0037716233742205564,0.0005270534571796944,2.780070757457628e-05,2.1108410297207807
96000,muon_no_ns,1,113,0.3,128,4,512,226048,4,nested_depth_one_shared_v2,4.718594551086426,0.011227154172956944,4.7442193031311035,0.007830853573977947,3188.64397879201,0.0,0.49199478978600447,2.109678268432617,0.0,1.6955730057342962e-06,4.2319959447922884e-07,0.0,0.0,0,0,0,,0.0,0.0,0.0,0.0,0.0,8.40588023605972e-06,0.000500298806990418,0.0004919865010824649,6.868869768043659e-08,0.49199478978600447,0.00011076790376415485,0.0005585696757419029,0.000527414500675596,9.210214195230244e-07,2.1096783455203822
96100,muon_no_ns,1,113,0.3,128,4,512,226048,4,nested_depth_one_shared_v2,4.718595027923584,0.011227154172956944,4.744209289550781,0.007830853573977947,3191.4918751670048,0.0,0.4919688329419745,2.1089162826538086,0.0,8.489265420356002e-06,2.1543869479501154e-06,0.0,0.0,0,0,0,,0.0,0.0,0.0,0.0,0.0,0.00025898366308721335,0.0002332496882320871,0.0004922278308599344,2.1162864611914107e-06,0.4919688329419745,0.0004295196229282738,0.0003460625759478745,0.0005273103773278591,3.571402539716657e-06,2.1089163952784307
96200,muon_no_ns,1,113,0.3,128,4,512,226048,4,nested_depth_one_shared_v2,4.718595027923584,0.011227154172956944,4.7442193031311035,0.007830853573977947,3194.3364463330945,0.0,0.49195355956149406,2.109832525253296,0.0,1.0879401958979085e-06,2.964022485230089e-07,0.0,0.0,0,0,0,,0.0,0.0,0.0,0.0,0.0,3.7243560647753377e-06,0.0004884149492445337,0.00049195713896612,3.043359655425814e-08,0.49195355956149406,0.00013649584684293452,0.0005478752343109283,0.0005274573943782582,1.1349460840745745e-06,2.1098326010085646
96300,muon_no_ns,1,113,0.3,128,4,512,226048,4,nested_depth_one_shared_v2,4.718595027923584,0.011227154172956944,4.744217872619629,0.007830853573977947,3197.1564713750267,0.0,0.49219246513647646,2.108628988265991,0.0,4.0187498585429434e-06,9.72928660303296e-07,0.0,0.0,0,0,0,,0.0,0.0,0.0,0.0,0.0,4.544732785216345e-06,0.00048780844764588315,0.000492196895166377,3.713730954468434e-08,0.49219246513647646,0.00010214823275446997,0.0005410321978616871,0.0005271562564393275,8.493499211974371e-07,2.108629108936699
96400,muon_no_ns,1,113,0.3,128,4,512,226048,4,nested_depth_one_shared_v2,4.718595027923584,0.011227154172956944,4.74422025680542,0.007830853573977947,3199.9913709580433,0.0,0.4920298762951909,2.109501600265503,0.0,1.6483156848973038e-06,4.1026197550309007e-07,0.0,0.0,0,0,0,,0.0,0.0,0.0,0.0,0.0,7.453927716914082e-06,0.0004993708584937564,0.0004920225622383491,6.090981231002406e-08,0.4920298762951909,0.00011223339361354156,0.0005576207919872524,0.0005273706064602256,9.332067863622541e-07,2.1095015876368017
96500,muon_no_ns,1,113,0.3,128,4,512,226048,4,nested_depth_one_shared_v2,4.718595027923584,0.011227154172956944,4.744145393371582,0.007830853573977947,3202.7720265830867,0.0,0.49092976009792266,2.10809063911438,0.0,4.53600749536955e-05,1.1230863492528442e-05,0.0,0.0,0,0,0,,0.0,0.0,0.0,0.0,0.0,0.0015820769949836742,0.0010895654982767823,0.0004925118777516289,1.2927951072801264e-05,0.49092976009792266,0.0026453074161515155,0.0022489925362262934,0.0005275480739783286,2.1995403981699986e-05,2.1080906101275185
96600,muon_no_ns,1,113,0.3,128,4,512,226048,4,nested_depth_one_shared_v2,4.718595027923584,0.011227154172956944,4.744219779968262,0.007830853573977947,3205.5296537920367,0.0,0.49207222814838886,2.109287738800049,0.0,1.4497115602231166e-06,3.7164491573093983e-07,0.0,0.0,0,0,0,,0.0,0.0,0.0,0.0,0.0,5.660157214565215e-06,0.0004975891135214882,0.0004920667216397683,4.6252006549793295e-08,0.49207222814838886,0.00011145804811355539,0.0005568138180098387,0.0005273173842024375,9.267598844281115e-07,2.109287853560065
96700,muon_no_ns,1,113,0.3,128,4,512,226048,4,nested_depth_one_shared_v2,4.718595027923584,0.011227154172956944,4.744221210479736,0.007830853573977947,3208.381957042031,0.0,0.4919398078127653,2.1099774837493896,0.0,3.225424953897534e-06,7.713337595305347e-07,0.0,0.0,0,0,0,,0.0,0.0,0.0,0.0,0.0,4.7502626693418677e-05,0.0005393806989648978,0.0004918923570216685,3.881679815010502e-07,0.4919398078127653,0.000148121775695201,0.0006087210135456536,0.0005274777083945936,1.2316142445336445e-06,2.109977579585276
96800,muon_no_ns,1,113,0.3,128,4,512,226048,4,nested_depth_one_shared_v2,4.718595027923584,0.011227154172956944,4.744221210479736,0.007830853573977947,3211.21666562499,0.0,0.49212612798831373,2.1091272830963135,0.0,1.816550842160152e-06,4.5026303041595384e-07,0.0,0.0,0,0,0,,0.0,0.0,0.0,0.0,0.0,2.5551906011301993e-05,0.0005176283418054457,0.0004921006399538973,2.0879754384794493e-07,0.49212612798831373,0.0001267026099854557,0.0005829109487900249,0.000527271002350946,1.053516530876519e-06,2.109127227924911
96900,muon_no_ns,1,113,0.3,128,4,512,226048,4,nested_depth_one_shared_v2,4.718595027923584,0.011227154172956944,4.7442193031311035,0.007830853573977947,3214.052053541993,0.0,0.49193463566241474,2.1098124980926514,0.0,6.799773421431993e-07,2.3972734197741374e-07,0.0,0.0,0,0,0,,0.0,0.0,0.0,0.0,0.0,1.2687238402906509e-05,0.00047931805833943404,0.0004919473175031285,1.0367384004811545e-07,0.49193463566241474,0.00012053755516767912,0.000534189848622996,0.0005274549156914113,1.0022548625886035e-06,2.1098125992849606
97000,muon_no_ns,1,113,0.3,128,4,512,226048,4,nested_depth_one_shared_v2,4.718594551086426,0.011227154172956944,4.74421501159668,0.007830853573977947,3216.8983787921024,0.0,0.4920776411096595,2.108863115310669,0.0,9.009218142176707e-06,2.267437366754166e-06,0.0,0.0,0,0,0,,0.0,0.0,0.0,0.0,0.0,0.00017681434816103764,0.0003154457837994516,0.0004922544775935313,1.4448394415966658e-06,0.4920776411096595,0.00030149893535236905,0.0003746035415867921,0.0005272700051367632,2.506926356701359e-06,2.1088631468098296
97100,muon_no_ns,1,113,0.3,128,4,512,226048,4,nested_depth_one_shared_v2,4.718595027923584,0.011227154172956944,4.7442193031311035,0.007830853573977947,3219.754180249991,0.0,0.49195670211531034,2.1097190380096436,0.0,1.1093523143107316e-06,3.030912978374545e-07,0.0,0.0,0,0,0,,0.0,0.0,0.0,0.0,0.0,4.049352427427476e-06,0.00048807443803882436,0.0004919606053180091,3.308930616164585e-08,0.49195670211531034,0.00014537582025020662,0.0005509541790355361,0.0005274288079452958,1.2087819646407203e-06,2.109719029381536
97200,muon_no_ns,1,113,0.3,128,4,512,226048,4,nested_depth_one_shared_v2,4.718594074249268,0.011227154172956944,4.744208335876465,0.007830853573977947,3222.561388583039,0.0,0.49191159129213075,2.109020471572876,0.0,1.7405429099356664e-05,4.335562152846251e-06,0.0,0.0,0,0,0,,0.0,0.0,0.0,0.0,0.0,0.00036171037306859745,0.00013056973948220724,0.0004922733430706899,2.9557183502335005e-06,0.49191159129213075,0.0005906048814797579,0.0003797643509911448,0.000527369555541044,4.910806540818034e-06,2.1090205141953633
97300,muon_no_ns,1,113,0.3,128,4,512,226048,4,nested_depth_one_shared_v2,4.718595027923584,0.011227154172956944,4.744223117828369,0.007830853573977947,3225.4113332499983,0.0,0.49195692928709733,2.1099607944488525,0.0,4.6089895163180455e-06,1.1112117590528214e-06,0.0,0.0,0,0,0,,0.0,0.0,0.0,0.0,0.0,7.870216261131381e-05,0.0005705701437586457,0.0004918782728612692,6.431151649311564e-07,0.49195692928709733,0.0001750565890127315,0.0006494270236149406,0.0005274634832769305,1.455573885849232e-06,2.1099608561423895
97400,muon_no_ns,1,113,0.3,128,4,512,226048,4,nested_depth_one_shared_v2,4.718595027923584,0.011227154172956944,4.744222164154053,0.007830853573977947,3228.2607978330925,0.0,0.4920795034573922,2.109365463256836,0.0,3.895676148830927e-06,9.34381546358054e-07,0.0,0.0,0,0,0,,0.0,0.0,0.0,0.0,0.0,6.06167030232073e-05,0.000552625813278366,0.0004920189230265457,4.953297300721038e-07,0.4920795034573922,0.00015524697680739975,0.0006291134922960925,0.0005273192167542752,1.290859410504439e-06,2.1093657316781336
97500,muon_no_ns,1,113,0.3,128,4,512,226048,4,nested_depth_one_shared_v2,4.718595027923584,0.011227154172956944,4.744138240814209,0.007830853573977947,3231.1092212080257,0.0,0.4906890022542481,2.1084461212158203,0.0,9.014538975317999e-05,2.2229589376365766e-05,0.0,0.0,0,0,0,,0.0,0.0,0.0,0.0,0.0,0.00219018034081071,0.0016973013790122955,0.0004928791943225355,1.7897070987309464e-05,0.4906890022542481,0.0035154942295303653,0.003113109383208929,0.0005278089266351858,2.923089970629961e-05,2.1084461568968753
97600,muon_no_ns,1,113,0.3,128,4,512,226048,4,nested_depth_one_shared_v2,4.718595027923584,0.011227154172956944,4.74422025680542,0.007830853573977947,3233.949528792058,0.0,0.49204693406741773,2.1093435287475586,0.0,1.6862094217691352e-06,4.202468915082136e-07,0.0,0.0,0,0,0,,0.0,0.0,0.0,0.0,0.0,1.24378547905749e-05,0.0005044192443295148,0.0004920345772226919,1.0163600045572903e-07,0.49204693406741773,0.00010759291371477011,0.0005631669657431132,0.000527329403470456,8.946217699595368e-07,2.1093435779633007
97700,muon_no_ns,1,113,0.3,128,4,512,226048,4,nested_depth_one_shared_v2,4.718595027923584,0.011227154172956944,4.744350910186768,0.007830853573977947,3236.804481542087,0.0,0.4938311606713526,2.112313747406006,0.0,0.00016407603489165213,4.021406130050309e-05,0.0,0.0,0,0,0,,0.0,0.0,0.0,0.0,0.0,0.003690390054642338,0.0041805305449611726,0.0004901407908251973,3.015604311120196e-05,0.4938311606713526,0.0058924790988444725,0.006317047680554232,0.0005269137981605036,4.8995234898394173e-05,2.1123137171848145
97800,muon_no_ns,1,113,0.3,128,4,512,226048,4,nested_depth_one_shared_v2,4.718595027923584,0.011227154172956944,4.7442193031311035,0.007830853573977947,3239.6376335830428,0.0,0.4920110689048145,2.109408140182495,0.0,8.144219426852622e-07,2.590689121007017e-07,0.0,0.0,0,0,0,,0.0,0.0,0.0,0.0,0.0,1.3458016854123844e-05,0.0004786168503876919,0.0004920245262462344,1.0997226050230458e-07,0.4920110689048145,0.00012141944548573645,0.0005341115247392592,0.0005273538723444341,1.0095876715070622e-06,2.109408229989992
97900,muon_no_ns,1,113,0.3,128,4,512,226048,4,nested_depth_one_shared_v2,4.718595027923584,0.011227154172956944,4.74409294128418,0.007830853573977947,3242.612273625098,0.0,0.4900810716304192,2.107374906539917,0.0,0.00020160737132090954,4.976940545020625e-05,0.0,0.0,0,0,0,,0.0,0.0,0.0,0.0,0.0,0.004030234318342727,0.003536123286657532,0.0004941113318869947,3.293308242561038e-05,0.4900810716304192,0.006615579549022359,0.006204942529311672,0.0005281548167191862,5.5007725705285236e-05,2.1073749243568076
98000,muon_no_ns,1,113,0.3,128,4,512,226048,4,nested_depth_one_shared_v2,4.718595027923584,0.011227154172956944,4.74422025680542,0.007830853573977947,3245.4615090830484,0.0,0.49207269752640925,2.1091959476470947,0.0,2.0294655991150263e-06,4.966877895640209e-07,0.0,0.0,0,0,0,,0.0,0.0,0.0,0.0,0.0,1.1389528464991654e-05,0.0005033952399156015,0.0004920613932629945,9.306959598335403e-08,0.49207269752640925,0.00011690283763122857,0.0005644705250890748,0.0005272926441292766,9.720326358313411e-07,2.109195955943024
98100,muon_no_ns,1,113,0.3,128,4,512,226048,4,nested_depth_one_shared_v2,4.718595027923584,0.011227154172956944,4.744217872619629,0.007830853573977947,3248.308388125035,0.0,0.49188195690193853,2.109860420227051,0.0,8.017548007488294e-07,3.0512865123455413e-07,0.0,0.0,0,0,0,,0.0,0.0,0.0,0.0,0.0,4.7453476028878785e-05,0.00044449618644228984,0.0004919294217156886,3.87766346569007e-07,0.49188195690193853,0.00013511021478758423,0.0004896408343558744,0.0005274786243928114,1.123424724915584e-06,2.109860738705509
98200,muon_no_ns,1,113,0.3,128,4,512,226048,4,nested_depth_one_shared_v2,4.718595027923584,0.011227154172956944,4.744218349456787,0.007830853573977947,3251.156590125058,0.0,0.49205314225318714,2.1091299057006836,0.0,2.406479602128345e-06,6.760369046787673e-07,0.0,0.0,0,0,0,,0.0,0.0,0.0,0.0,0.0,6.96120803301062e-05,0.0004225218178855367,0.0004921227744001629,5.688355063862179e-07,0.49205314225318714,0.00014757342700891588,0.0004653509259687771,0.000527302238456657,1.2270547930294324e-06,2.1091299409154516
98300,muon_no_ns,1,113,0.3,128,4,512,226048,4,nested_depth_one_shared_v2,4.718594551086426,0.011227154172956944,4.744217395782471,0.007830853573977947,3254.0004598750966,0.0,0.49189871687222514,2.109774351119995,0.0,1.3785065429403383e-06,4.286492867322522e-07,0.0,0.0,0,0,0,,0.0,0.0,0.0,0.0,0.0,6.189798153458788e-05,0.0004300773794293627,0.0004919606342041722,5.05799704642419e-07,0.49189871687222514,0.00014769490963744767,0.00047422483245120484,0.0005274614626325087,1.2280649060601526e-06,2.1097744033763632
98400,muon_no_ns,1,113,0.3,128,4,512,226048,4,nested_depth_one_shared_v2,4.718595027923584,0.011227154172956944,4.74422025680542,0.007830853573977947,3256.8578109170776,0.0,0.49212316062259875,2.1090445518493652,0.0,3.555262500710011e-06,8.546319349989062e-07,0.0,0.0,0,0,0,,0.0,0.0,0.0,0.0,0.0,3.316165039979754e-05,0.000525232044269882,0.0004920900560736103,2.7098061296716287e-07,0.49212316062259875,0.00012228009455002162,0.0005906003819572549,0.0005272479042302486,1.0167438620276199e-06,2.10904448003697
98500,muon_no_ns,1,113,0.3,128,4,512,226048,4,nested_depth_one_shared_v2,4.718595027923584,0.011227154172956944,4.744218826293945,0.007830853573977947,3259.690782583086,0.0,0.49193521118988637,2.109729290008545,0.0,9.526685563824476e-08,2.0123029287333338e-07,0.0,0.0,0,0,0,,0.0,0.0,0.0,0.0,0.0,2.5626402745982043e-05,0.0004663690309862917,0.0004919608364072666,2.0940629433485602e-07,0.49193521118988637,0.00012643123073605354,0.0005157617431184991,0.0005274390194880067,1.0512600459831543e-06,2.1097293132333275
98600,muon_no_ns,1,113,0.3,128,4,512,226048,4,nested_depth_one_shared_v2,4.718595027923584,0.011227154172956944,4.744223117828369,0.007830853573977947,3262.538607542054,0.0,0.4921356128408694,2.10917592048645,0.0,6.159609235826332e-06,1.4789427495998098e-06,0.0,0.0,0,0,0,,0.0,0.0,0.0,0.0,0.0,9.676903109527148e-05,0.0005887995530447864,0.0004920388805952415,7.907486824779748e-07,0.4921356128408694,0.00019522051714815318,0.0006757288752648023,0.0005272606797452845,1.6232344543293239e-06,2.1091758351432546
98700,muon_no_ns,1,113,0.3,128,4,512,226048,4,nested_depth_one_shared_v2,4.718595027923584,0.011227154172956944,4.74421501159668,0.007830853573977947,3265.392706583021,0.0,0.4918580996555818,2.1097474098205566,0.0,3.8525558080856765e-06,1.0016625537900836e-06,0.0,0.0,0,0,0,,0.0,0.0,0.0,0.0,0.0,0.0001211331002079944,0.00037085505127727617,0.0004919792509835137,9.89839810420759e-07,0.4918580996555818,0.00021188328675690016,0.0004136329418956885,0.000527472939789941,1.7617833226992565e-06,2.1097475076175436
98800,muon_no_ns,1,113,0.3,128,4,512,226048,4,nested_depth_one_shared_v2,4.718595027923584,0.011227154172956944,4.74422025680542,0.007830853573977947,3268.233122125035,0.0,0.4920920249132077,2.1091666221618652,0.0,3.116186152298088e-06,7.493716225326352e-07,0.0,0.0,0,0,0,,0.0,0.0,0.0,0.0,0.0,2.803544974844205e-05,0.0005200750603394593,0.0004920640357985251,2.2909183548021785e-07,0.4920920249132077,0.00012126155913989338,0.0005843617973459653,0.0005272801389011994,1.0082748660694754e-06,2.109166565946197
98900,muon_no_ns,1,113,0.3,128,4,512,226048,4,nested_depth_one_shared_v2,4.718595027923584,0.011227154172956944,4.7442097663879395,0.007830853573977947,3271.084544667043,0.0,0.4917746583557804,2.1096765995025635,0.0,1.0027253028788491e-05,2.5190784072037786e-06,0.0,0.0,0,0,0,,0.0,0.0,0.0,0.0,0.0,0.0002656291409993902,0.00022641701266746977,0.0004920402957900708,2.1705900213698393e-06,0.4917746583557804,0.00043295778420222863,0.0003414799778028089,0.0005275018740502929,3.599990425462236e-06,2.1096765373305657
99000,muon_no_ns,1,113,0.3,128,4,512,226048,4,nested_depth_one_shared_v2,4.718595027923584,0.011227154172956944,4.744218349456787,0.007830853573977947,3273.931371667073,0.0,0.4920047768999627,2.109356164932251,0.0,8.116355297688901e-07,3.0901969694241416e-07,0.0,0.0,0,0,0,,0.0,0.0,0.0,0.0,0.0,4.7592659619665035e-05,0.0004444784823139831,0.0004920523969837275,3.889036860648259e-07,0.4920047768999627,0.00012609729226750415,0.0004902074421515144,0.0005273517973848612,1.0484833889201883e-06,2.1093561242283343
99100,muon_no_ns,1,113,0.3,128,4,512,226048,4,nested_depth_one_shared_v2,4.718595027923584,0.011227154172956944,4.74418830871582,0.007830853573977947,3276.791848291992,0.0,0.49163184514094743,2.108565330505371,0.0,5.601497524534688e-05,1.3846312867826782e-05,0.0,0.0,0,0,0,,0.0,0.0,0.0,0.0,0.0,0.0010701163154404622,0.0005774151963372846,0.0004927019878096514,8.744461497187385e-06,0.49163184514094743,0.0017537357612455804,0.0013740569700571264,0.0005274886463870485,1.4582095944776682e-05,2.108565337592826
99200,muon_no_ns,1,113,0.3,128,4,512,226048,4,nested_depth_one_shared_v2,4.718595027923584,0.011227154172956944,4.74422025680542,0.007830853573977947,3279.6357977080625,0.0,0.49197253573771815,2.1096551418304443,0.0,1.6732263021546704e-06,4.1466955735813826e-07,0.0,0.0,0,0,0,,0.0,0.0,0.0,0.0,0.0,8.792883113990294e-06,0.000500675865572145,0.0004919638694437098,7.185109387656571e-08,0.49197253573771815,0.00011299582662219792,0.0005587489078495467,0.0005274087884369097,9.395463225280648e-07,2.1096551779710793
99300,muon_no_ns,1,113,0.3,128,4,512,226048,4,nested_depth_one_shared_v2,4.718595027923584,0.011227154172956944,4.74422025680542,0.007830853573977947,3282.484055792098,0.0,0.4921280507106273,2.10898494720459,0.0,2.768764052626995e-06,7.705210123276629e-07,0.0,0.0,0,0,0,,0.0,0.0,0.0,0.0,0.0,3.746872833285638e-05,0.00045471685410812746,0.0004921655099793875,3.061759245492653e-07,0.4921280507106273,0.00013016513584087393,0.0005025039067748573,0.0005272563134648382,1.0823070051034446e-06,2.1089850171182345
99400,muon_no_ns,1,113,0.3,128,4,512,226048,4,nested_depth_one_shared_v2,4.718595027923584,0.011227154172956944,4.74422025680542,0.007830853573977947,3285.3818447079975,0.0,0.4919488343343563,2.10973858833313,0.0,1.4458428313658859e-06,3.695915893331403e-07,0.0,0.0,0,0,0,,0.0,0.0,0.0,0.0,0.0,4.564067881248299e-06,0.0004963501486540524,0.0004919444576873392,3.72953063907807e-08,0.4919488343343563,0.00011180350677368554,0.0005518690769389972,0.000527431367585387,9.296323304592023e-07,2.1097385799579387
99500,muon_no_ns,1,113,0.3,128,4,512,226048,4,nested_depth_one_shared_v2,4.718595027923584,0.011227154172956944,4.744212627410889,0.007830853573977947,3288.2713617919944,0.0,0.4920605768311269,2.1086761951446533,0.0,4.990830364590029e-06,1.29208365251543e-06,0.0,0.0,0,0,0,,0.0,0.0,0.0,0.0,0.0,0.00016975220229038712,0.00032248348195622285,0.0004922303570206244,1.387131076849413e-06,0.4920605768311269,0.0002935359981448702,0.0003800991702380994,0.000527221166285492,2.440715518713138e-06,2.1086762577859473
99600,muon_no_ns,1,113,0.3,128,4,512,226048,4,nested_depth_one_shared_v2,4.718595027923584,0.011227154172956944,4.7442193031311035,0.007830853573977947,3291.1283036670648,0.0,0.4919800775422465,2.109583616256714,0.0,1.2331441338432745e-06,3.2799118798720883e-07,0.0,0.0,0,0,0,,0.0,0.0,0.0,0.0,0.0,1.4382455257176473e-06,0.0004912596453535382,0.0004919808396597554,1.1752631411813776e-08,0.4919800775422465,0.00014259499101654027,0.0005536125355003306,0.0005273940494975559,1.1856597135083365e-06,2.109583639493595
99700,muon_no_ns,1,113,0.3,128,4,512,226048,4,nested_depth_one_shared_v2,4.718595027923584,0.011227154172956944,4.744291305541992,0.007830853573977947,3293.9756243330194,0.0,0.49316623045189867,2.1103124618530273,0.0,1.757757160459381e-05,4.314124453230761e-06,0.0,0.0,0,0,0,,0.0,0.0,0.0,0.0,0.0,0.0012331840490046966,0.0017251169023820563,0.0004919330760334934,1.0076970400202418e-05,0.49316623045189867,0.0019569704869471234,0.0023828684028214943,0.0005272056943150572,1.6271967551993837e-05,2.1103124725237854
99800,muon_no_ns,1,113,0.3,128,4,512,226048,4,nested_depth_one_shared_v2,4.718595027923584,0.011227154172956944,4.7442193031311035,0.007830853573977947,3296.815365167102,0.0,0.4921616441505076,2.108785390853882,0.0,5.563755639800501e-07,2.229960358590688e-07,0.0,0.0,0,0,0,,0.0,0.0,0.0,0.0,0.0,1.388391530116372e-05,0.00047834169434413337,0.0004921755147664177,1.1345249206042188e-07,0.4921616441505076,9.626621605337134e-05,0.0005308054351881811,0.0005271976616496048,8.004416798422629e-07,2.108785363190814
99900,muon_no_ns,1,113,0.3,128,4,512,226048,4,nested_depth_one_shared_v2,4.718595027923584,0.011227154172956944,4.7442193031311035,0.007830853573977947,3299.656830458087,0.0,0.4919801684066565,2.1096041202545166,0.0,1.215090512584939e-06,3.268363002462138e-07,0.0,0.0,0,0,0,,0.0,0.0,0.0,0.0,0.0,2.0557814610466883e-06,0.0004902941709783485,0.0004919818795177901,1.6798829784550237e-08,0.4919801684066565,0.0001268570291098627,0.0005512480138519149,0.0005273987918703362,1.0548005067967067e-06,2.1096042084670374
100000,muon_no_ns,1,113,0.3,128,4,512,226048,4,nested_depth_one_shared_v2,4.718595027923584,0.011227154172956944,4.744218349456787,0.007830853573977947,3302.5063171250513,0.0,0.4918108513189157,2.1101863384246826,0.0,8.303936550880772e-07,3.1250323218046105e-07,0.0,0.0,0,0,0,,0.0,0.0,0.0,0.0,0.0,5.0200396527284525e-05,0.00044167826847610103,0.0004918610535244326,4.102128228889732e-07,0.4918108513189157,0.00014046500066489703,0.00048811656730791264,0.0005275607883505893,1.1679491071812748e-06,2.1101863854695155
