step,regime,num_layers,modulus,train_fraction,d_model,num_heads,d_mlp,parameter_count,hidden_matrix_count,initialization_scheme,train_loss,train_accuracy,test_loss,test_accuracy,elapsed_seconds,hidden_parameter_norm,auxiliary_parameter_norm,unembedding_parameter_norm,hidden_gradient_norm,auxiliary_gradient_norm,unembedding_gradient_norm,muon_applied_update_norm,muon_max_abs_applied_update,train_collapse_detected,generalization_collapse_detected,auxiliary_frozen,scheduled_freeze_step,hidden_applied_update_norm,hidden_gradient_component_norm,hidden_decay_component_norm,hidden_applied_update_rms,hidden_parameter_norm,auxiliary_applied_update_norm,auxiliary_gradient_component_norm,auxiliary_decay_component_norm,auxiliary_applied_update_rms,auxiliary_parameter_norm,readout_applied_update_norm,readout_gradient_component_norm,readout_decay_component_norm,readout_applied_update_rms,readout_parameter_norm
0,stable_muon,1,113,0.3,128,4,512,226048,4,nested_depth_one_shared_v2,5.1471052169799805,0.008093995042145252,5.135010719299316,0.009173285216093063,0.6920591669622809,nan,nan,6.088004112243652,nan,nan,nan,nan,nan,0,0,0,,0.0,0.0,0.0,0.0,nan,0.0,0.0,0.0,0.0,nan,0.0,0.0,0.0,0.0,nan
100,stable_muon,1,113,0.3,128,4,512,226048,4,nested_depth_one_shared_v2,0.00013351705274544656,1.0,47.01106643676758,0.0017899094382300973,19.09815187496133,67.86978941303597,114.00887739733547,6.514575004577637,0.001960782484447652,0.00032524636616269593,0.0028312455397099257,0.9076976479831271,0.014306172728538513,0,0,0,,0.7270469626437115,0.9076963034309763,0.2017130040106443,0.001639690467171276,67.86978941303597,0.11206294727665397,0.004299721693271141,0.1141208778383728,0.0009157230046704776,114.00887739733547,0.0012493983890894684,0.0008856518032922839,0.0016289068336570827,1.0388593074028569e-05,6.514574529928209
200,stable_muon,1,113,0.3,128,4,512,226048,4,nested_depth_one_shared_v2,0.012210952118039131,0.9968668222427368,46.98799133300781,0.0013424319913610816,76.32902658393141,74.04306884838958,103.27655111426272,6.358664512634277,0.6319188369834788,0.22671409612852084,0.32612892985343933,0.8927123713919283,0.013909968547523022,0,0,0,,0.8615438836953393,0.892711963687052,0.22207798091821065,0.001943017942071015,74.04306884838958,0.10597000266175954,0.023319122239853215,0.10337992091535968,0.0008659344734419732,103.27655111426272,0.0034519524860641684,0.0031230304685157316,0.0015900347363843397,2.870255796850875e-05,6.358664628208531
300,stable_muon,1,113,0.3,128,4,512,226048,4,nested_depth_one_shared_v2,0.0016557469498366117,1.0,40.6960334777832,0.0019017787417396903,127.58179712493438,75.84430934859353,93.47632108560234,6.2103471755981445,0.27021914243913003,0.13964470474654966,0.12688659131526947,0.888278750784915,0.014110451564192772,0,0,0,,0.8401557370759881,0.888278399469441,0.22731115484332312,0.0018947818006329305,75.84430934859353,0.0943367547743866,0.013436161073336938,0.0935696953347468,0.0007708733228263054,93.47632108560234,0.00205374789224408,0.0014374653785825162,0.0015529541169346057,1.707665970717031e-05,6.210347420718776
400,stable_muon,1,113,0.3,128,4,512,226048,4,nested_depth_one_shared_v2,0.0009109139209613204,1.0,39.570106506347656,0.002684863982722163,174.9200776249636,78.44022430126144,84.59062094060403,6.0642266273498535,0.012983160551851192,0.0027135908597827763,0.019474605098366737,0.8984918868511309,0.015412622131407261,0,0,0,,0.85130881945682,0.8984914987325738,0.2351328947392756,0.0019199350628003812,78.44022430126144,0.08511962650369338,0.010277815408715356,0.08467511735209633,0.0006955555072629201,84.59062094060403,0.0018586681995079717,0.0011665747600139015,0.0015164187043545082,1.545459619040934e-05,6.06422635950691
500,stable_muon,1,113,0.3,128,4,512,226048,4,nested_depth_one_shared_v2,0.0009216765174642205,1.0,41.49477767944336,0.002461125375702977,218.28696620895062,82.33310658262067,76.55058931493082,5.91991662979126,0.030337275781541655,0.008873478701587407,0.046346232295036316,0.8975654289222533,0.016144374385476112,0,0,0,,0.8755695606695022,0.8975651242167075,0.24711933344515172,0.001974649693542107,82.33310658262067,0.07714620808927034,0.009961391683207347,0.07662708915139528,0.0006304006737930753,76.55058931493082,0.0018669004217764806,0.0012270069195266786,0.001480331193057476,1.5523046100373465e-05,5.919916041377538
600,stable_muon,1,113,0.3,128,4,512,226048,4,nested_depth_one_shared_v2,0.0006973131676204503,1.0,38.1084098815918,0.003467949340119958,269.1444685419556,83.61259845462308,69.27307528648873,5.7788591384887695,0.03323554584723579,0.021981604765257713,0.023312317207455635,0.8993457216929202,0.016628878191113472,0,0,0,,0.8466567032678446,0.8993454465948456,0.2506504360273932,0.0019094432638394189,83.61259845462308,0.06928314885375597,0.0033500332305215538,0.06934227745703336,0.0005661476409750886,69.27307528648873,0.0014993977176116751,0.0005771187678693271,0.0014450610029360714,1.2467306569641703e-05,5.77885886386897
700,stable_muon,1,113,0.3,128,4,512,226048,4,nested_depth_one_shared_v2,0.0006037288112565875,1.0,42.75455093383789,0.003356080036610365,310.6435201249551,88.90663140301618,62.68734339252969,5.638724327087402,0.7226498167501707,0.5569108821116763,0.30268537998199463,0.8183534390989128,0.01121822465211153,0,0,0,,0.8211939293872182,0.8183533976524491,0.26713571224485905,0.001852017719486707,88.90663140301618,0.07129704290369063,0.03451452266595959,0.06274972097052256,0.000582604187543879,62.68734339252969,0.003267902869904084,0.0029759914522347274,0.001410018848853592,2.7172208174227602e-05,5.638724844888054
800,stable_muon,1,113,0.3,128,4,512,226048,4,nested_depth_one_shared_v2,8.725914426577219e-07,1.0,67.84457397460938,0.005369727965444326,357.1348906250205,107.06783858911658,56.72758656904109,5.502351760864258,1.1514681641308588e-05,4.34166541889206e-06,2.646933171490673e-05,0.8969882455348428,0.015363174490630627,0,0,0,,0.6785200134541581,0.8969868976121494,0.32006607702179,0.0015302488766340105,107.06783858911658,0.056781977418787266,1.364047017934139e-05,0.056784368544870296,0.0004639942482031749,56.72758656904109,0.0013751827156712497,3.0565014109451284e-06,0.0013759318145186237,1.1434474191980984e-05,5.502352078550569
900,stable_muon,1,113,0.3,128,4,512,226048,4,nested_depth_one_shared_v2,0.0012481368612498045,1.0,52.68049240112305,0.005817205645143986,412.59856499999296,104.09389955401572,51.37498150472208,5.378076553344727,0.03303731888510291,0.02085811684425712,0.06028224900364876,0.8909534102851803,0.014933316968381405,0,0,0,,0.8746659000693038,0.8909531257689053,0.31260176332821715,0.0019726116908437455,104.09389955401572,0.0566085131500586,0.024536166814536596,0.0514259919983942,0.0004625767839545233,51.37498150472208,0.003611602801637307,0.0033884639696440495,0.0013448323067182198,3.0030030596225432e-05,5.378077140776052
1000,stable_muon,1,113,0.3,128,4,512,226048,4,nested_depth_one_shared_v2,0.0003110448888037354,1.0,42.485877990722656,0.0070477682165801525,460.85629716701806,101.5964443753179,46.501121047624416,5.249903678894043,0.017056643580956415,0.017335138687713313,0.020878415554761887,0.8679091685174338,0.01283513568341732,0,0,0,,0.8424720985084859,0.8679086954990751,0.3050225355526124,0.0019000058314789972,101.5964443753179,0.04793977810441652,0.012202322723920307,0.04654748064140957,0.00039174016671751275,46.501121047624416,0.0017738603848046963,0.0012261054475583833,0.0013127965054993188,1.4749429700566159e-05,5.249903909706904
1100,stable_muon,1,113,0.3,128,4,512,226048,4,nested_depth_one_shared_v2,1.8643953580976813e-07,1.0,69.67434692382812,0.009061416611075401,502.44489395897835,120.04200790784122,42.07708352879691,5.121277332305908,2.3746400343193097e-06,1.4010512846445975e-06,6.334857971523888e-06,0.8970078894662382,0.014541810378432274,0,0,0,,0.6576071801687049,0.8970061171555063,0.3591061323181154,0.0014830846972321583,120.04200790784122,0.042118380861481876,3.697257013767437e-06,0.04211920190950397,0.00034417058636799515,42.07708352879691,0.00128039180091544,8.438047393144258e-07,0.0012806394582424141,1.0646299459956001e-05,5.121277441422847
1200,stable_muon,1,113,0.3,128,4,512,226048,4,nested_depth_one_shared_v2,0.004309734329581261,0.9989556074142456,61.37077713012695,0.00962076336145401,546.9860917089973,122.31116988364592,38.12381017858287,5.010679721832275,0.10345366503531485,0.14825549929412526,0.1653388887643814,0.9008793365866795,0.01603538729250431,0,0,0,,0.9171774560034988,0.9008790984519727,0.3675961157229312,0.0020684869184307664,122.31116988364592,0.04287286908218796,0.020940537055157995,0.038161222729114395,0.0003503358911118352,38.12381017858287,0.004428492331404236,0.0043140899419956075,0.001252926092454109,3.6822365999641314e-05,5.010680624186914
1300,stable_muon,1,113,0.3,128,4,512,226048,4,nested_depth_one_shared_v2,1.2165637599537149e-05,1.0,50.504634857177734,0.01599731482565403,591.0139658750268,118.89157127039742,34.51188277931932,4.893631935119629,0.00011951273019158546,8.825087252706899e-05,0.00034230962046422064,0.905461975538104,0.01402796246111393,0,0,0,,0.7525873948936003,0.9054606126548109,0.3561345758110665,0.0016972911524630442,118.89157127039742,0.034534643730249344,0.00012214689678118575,0.03454641720890232,0.0002822000356979425,34.51188277931932,0.001219007218721845,2.9697760227415542e-05,0.001223712431598639,1.0135894251339349e-05,4.89363107057869
1400,stable_muon,1,113,0.3,128,4,512,226048,4,nested_depth_one_shared_v2,1.0987173837406772e-08,1.0,81.08688354492188,0.019577134400606155,636.1613970840117,146.92311683181867,31.226287754079195,4.772879600524902,2.5393427764440885e-07,2.5172643930329194e-07,9.578342314853217e-07,0.8840573943462566,0.01601085625588894,0,0,0,,0.5612397373544077,0.8840546579913043,0.4398357239143992,0.0012657496618807896,146.92311683181867,0.03125714892010836,9.130291646916367e-07,0.03125754490298847,0.00025541796840209644,31.226287754079195,0.0011934346824616666,1.644641383622903e-07,0.0011935180439110822,9.92326177526305e-06,4.772878740970289
1500,stable_muon,1,113,0.3,128,4,512,226048,4,nested_depth_one_shared_v2,0.00016565350233577192,1.0,50.203853607177734,0.029086027294397354,680.5710323749809,133.06757362745586,28.328833065044023,4.668177604675293,0.0015903666415406584,0.0014465280201460243,0.005235669203102589,0.9024279895156728,0.015677861869335175,0,0,0,,0.8647748687747345,0.9024273884835227,0.39954395139150917,0.0019503047002949856,133.06757362745586,0.028286172966603157,0.0016904274755741577,0.028357068891401816,0.00023114062166918302,28.328833065044023,0.001209035938417102,0.00045777377911201494,0.0011673244119284395,1.0052984288898513e-05,4.66817764821694
1600,stable_muon,1,113,0.3,128,4,512,226048,4,nested_depth_one_shared_v2,3.438391047438927e-07,1.0,54.40919876098633,0.03378453850746155,725.4636394169647,143.18270718015728,25.63384103052197,4.553789138793945,3.7795328580107454e-06,4.2321567535421215e-06,1.4057154658075888e-05,0.9043251286141758,0.014971350319683552,0,0,0,,0.6562519372241159,0.9043230704617402,0.42883330783095763,0.0014800282523927998,143.18270718015728,0.025658687356480324,5.1020359621639045e-06,0.02565949971738358,0.00020967010821132954,25.63384103052197,0.0011384549427902366,1.3497670960230681e-06,0.0011387319909703115,9.466112040038275e-06,4.553789509704901
1700,stable_muon,1,113,0.3,128,4,512,226048,4,nested_depth_one_shared_v2,3.4237652712931776e-09,1.0,54.28984832763672,0.050341200083494186,772.5644495419692,168.0087693561718,23.193332861052095,4.441352367401123,1.519268675068756e-07,2.6266667960136854e-07,6.035314186192409e-07,0.8825052276712155,0.014596316032111645,0,0,0,,0.6054067720188913,0.8825028398400995,0.5035504224450784,0.0013653584484153488,168.0087693561718,0.023216244313286675,6.648574279304456e-07,0.023216549105357854,0.00018971167113106775,23.193332861052095,0.001110535723985686,1.3947209545029645e-07,0.001110615810875458,9.233967188853844e-06,4.441352707783718
1800,stable_muon,1,113,0.3,128,4,512,226048,4,nested_depth_one_shared_v2,7.650558586647094e-08,1.0,38.706424713134766,0.05190737172961235,820.7124049590202,138.63231619177125,20.985595138913986,4.331746578216553,6.293343960335736e-07,9.585958850727364e-07,2.628974471008405e-06,0.691460440624521,0.012198005802929401,0,0,0,,0.6329157779293557,0.6914592321312378,0.4162377056591751,0.001427398807663574,138.63231619177125,0.02100615936136757,5.1773270985271495e-06,0.021006601297641363,0.000171651949502008,20.985595138913986,0.0010830829387074748,1.018556625389953e-06,0.001083207472792469,9.005700674750314e-06,4.331746808703009
1900,stable_muon,1,113,0.3,128,4,512,226048,4,nested_depth_one_shared_v2,3.8097084598121e-08,1.0,18.022363662719727,0.09866875410079956,864.4200771669857,128.53619577016732,18.98762720095376,4.224790096282959,1.0813839089557138e-06,1.6321503068458303e-06,5.121817139297491e-06,0.6411068724374402,0.01128383632749319,0,0,0,,0.6202061030411219,0.6411059455602373,0.3860810962429884,0.001398735002124377,128.53619577016732,0.01900640534225072,3.938093757806401e-06,0.019006633605888997,0.0001553109482746644,18.98762720095376,0.0010563770577569577,9.618615174442873e-07,0.0010564616827718578,8.783644577751052e-06,4.224790354464259
2000,stable_muon,1,113,0.3,128,4,512,226048,4,nested_depth_one_shared_v2,1.967108786971039e-08,1.0,21.38693618774414,0.09251593798398972,903.7624512090115,131.60283384075592,17.179879059883643,4.120477199554443,9.149437213310273e-07,4.2904250251313654e-07,1.4509919310512487e-05,0.8392751606707757,0.01397436112165451,0,0,0,,0.6622562996558727,0.8392734762748435,0.3943843722031607,0.0014935697378079828,131.60283384075592,0.017196840178374764,5.108177464927332e-07,0.01719707590005604,0.00014052407634882909,17.179879059883643,0.001030253260304223,1.2943002055982946e-06,0.0010303767513624494,8.566428433041125e-06,4.1204767529952075
2100,stable_muon,1,113,0.3,128,4,512,226048,4,nested_depth_one_shared_v2,0.2900688350200653,0.9485639929771423,17.53794288635254,0.17563486099243164,945.1919685839675,134.2828725467099,16.788996359498185,4.061275959014893,1.671156014302309,1.111807818930468,22.042299270629883,0.8930553968033685,0.01467194315046072,0,0,0,,0.9253258029293897,0.893054949045801,0.4036634456011447,0.0020868636773804287,134.2828725467099,0.18632066172831752,0.1886727978396202,0.016770059111258357,0.0015225203364394413,16.788996359498185,0.016134537348790084,0.016182989131603952,0.0010152452023807087,0.0001341566824625489,4.061276392271376
2200,stable_muon,1,113,0.3,128,4,512,226048,4,nested_depth_one_shared_v2,7.425440708175302e-05,1.0,15.74271297454834,0.20975500345230103,987.5016242499696,133.2574976386953,15.648668920098222,3.98130464553833,0.00045673647555629114,0.0007189191530149775,0.002121217083185911,0.9200371686818661,0.0174669548869133,0,0,0,,0.7313564518974979,0.9200352984273459,0.3991948819077819,0.0016494095483460547,133.2574976386953,0.015613909953785842,0.0003740451783593955,0.015664278440770375,0.00012758915310550421,15.648668920098222,0.0009948283684769919,2.7916925697916008e-05,0.000995574953741731,8.271874839008735e-06,3.9813053778256022
2300,stable_muon,1,113,0.3,128,4,512,226048,4,nested_depth_one_shared_v2,8.64656257704155e-08,1.0,23.852964401245117,0.23593242466449738,1026.8347572089406,160.87075808312792,14.159591048759726,3.8830201625823975,9.505188176612239e-07,1.9534976364878778e-06,5.0987523536605295e-06,0.9223009293719352,0.016254929825663567,0,0,0,,0.5623503502803279,0.9222982461828392,0.4816685441867015,0.0012682543988797954,160.87075808312792,0.01417349914769753,1.1634746891840594e-06,0.014173764547862112,0.00011581882809294938,14.159591048759726,0.0009709267087990544,1.497647020625126e-07,0.000970997860929985,8.073135495052185e-06,3.883020517020086
2400,stable_muon,1,113,0.3,128,4,512,226048,4,nested_depth_one_shared_v2,9.02629027077495e-10,1.0,25.609582901000977,0.2829175591468811,1069.1996312920237,187.74323401681292,12.811503744967254,3.7871434688568115,5.335423557008418e-08,1.9552824007991375e-07,5.123313258081907e-07,0.8890022133732162,0.013838464394211769,0,0,0,,0.5936883719082906,0.888999367738258,0.5629045636192783,0.0013389302395937588,187.74323401681292,0.012824155977591664,3.651785003979421e-07,0.012824327900940794,0.00010479266278060489,12.811503744967254,0.0009469537203369345,1.1513404880836811e-07,0.0009470225910419073,7.873803061077427e-06,3.7871434104517876
2500,stable_muon,1,113,0.3,128,4,512,226048,4,nested_depth_one_shared_v2,2.614511629417393e-08,1.0,3.185953378677368,0.5121378302574158,1110.1380653339438,157.2681203317012,11.59176291376121,3.693633794784546,1.3192413274391673e-07,3.5858282637586225e-07,2.4957814730441896e-06,0.8596061034800916,0.012639432214200497,0,0,0,,0.8455835472390776,0.8596051330130092,0.4724306974507887,0.0019070230024250004,157.2681203317012,0.011603210587279537,3.325949689511529e-07,0.01160336612434476,9.481570064882172e-05,11.59176291376121,0.0009235724479838271,1.1289129728117892e-07,0.0009236392964715018,7.67939067336298e-06,3.6936336134425045
2600,stable_muon,1,113,0.3,128,4,512,226048,4,nested_depth_one_shared_v2,1.344606026520978e-08,1.0,3.820183515548706,0.6161763072013855,1150.8139573750086,150.07478164509234,10.488149592525561,3.6024324893951416,9.501871768067589e-08,2.0223291906740064e-07,5.404234798334073e-06,0.7626836807247191,0.012599433772265911,0,0,0,,0.6066425614730747,0.7626818241979993,0.45018400732841624,0.001368145492845171,150.07478164509234,0.010498508207927875,3.0367812114139864e-07,0.010498648100730024,8.578861893563821e-05,10.488149592525561,0.0009007690356884957,1.1393971531994152e-07,0.0009008333709349934,7.4897831205565926e-06,3.6024327147091944
2700,stable_muon,1,113,0.3,128,4,512,226048,4,nested_depth_one_shared_v2,1.0551421958382434e-08,1.0,7.694414138793945,0.6051012277603149,1188.7094240420265,154.95223697256426,9.489607634070952,3.513484239578247,2.3248744145065006e-07,3.757338590379892e-07,9.67794858297566e-06,0.7489095611718787,0.012841340154409409,0,0,0,,0.5223368955437957,0.7489073199215281,0.46462118513429085,0.001178013075194859,154.95223697256426,0.009498983280238363,2.757057098185837e-07,0.009499106617347987,7.762099536094072e-05,9.489607634070952,0.0008785291651716044,1.2420745339119115e-07,0.0008785905521336524,7.304861347936535e-06,3.513483679376075
2800,stable_muon,1,113,0.3,128,4,512,226048,4,nested_depth_one_shared_v2,9.586542226713846e-09,1.0,12.24126148223877,0.571876049041748,1225.5349969590316,162.65789072174485,8.5861337047528,3.4267306327819824,3.808242258614692e-07,6.250257550650985e-07,1.3775449588138144e-05,0.7472291734040936,0.014206500723958015,0,0,0,,0.48917956418126174,0.7472266289716257,0.4877218632964146,0.001103234191648888,162.65789072174485,0.008594614262526156,2.5768548476461273e-07,0.008594728319012219,7.023093884042264e-05,8.5861337047528,0.0008568338542680065,1.425470213894957e-07,0.0008568969326469587,7.124467521147413e-06,3.4267308967431043
2900,stable_muon,1,113,0.3,128,4,512,226048,4,nested_depth_one_shared_v2,7.68790897609506e-09,1.0,15.736041069030762,0.5750083923339844,1266.5725752089638,170.52289695035074,7.768676848377242,3.3421199321746826,2.3525782666889094e-07,8.200378679039232e-07,1.4930486941011623e-05,0.7377747057698013,0.012231675907969475,0,0,0,,0.4582471422725666,0.7377720334346866,0.511353234610829,0.0010334730896345433,170.52289695035074,0.007776346859353077,2.501313822815792e-07,0.0077764531952332966,6.354446214792838e-05,7.768676848377242,0.0008356772112540219,1.5834058452296738e-07,0.0008357389592458275,6.948552651235542e-06,3.3421201597847774
3000,stable_muon,1,113,0.3,128,4,512,226048,4,nested_depth_one_shared_v2,9.742167961235282e-09,1.0,17.48153305053711,0.5783644914627075,1309.9884855420096,176.87267533782403,7.029047913159697,3.259598731994629,5.048773580240047e-07,1.035596649323701e-06,1.920110844366718e-05,0.7423324935058602,0.011818152852356434,0,0,0,,0.45326982160654433,0.7423295391345951,0.5304346560900027,0.0010222478653127813,176.87267533782403,0.007035977833509556,2.620999225014103e-07,0.007036083890989119,5.749453248440947e-05,7.029047913159697,0.0008150442718008047,1.7220507752862436e-07,0.0008151034057662062,6.776992311657424e-06,3.259598578809073
3100,stable_muon,1,113,0.3,128,4,512,226048,4,nested_depth_one_shared_v2,7.501158805212071e-09,1.0,18.36345100402832,0.5951448678970337,1354.6915452920366,182.8231978663901,6.359837605406139,3.17911434173584,3.986518892508061e-07,1.2117648978938157e-06,1.955180778168142e-05,0.744023051485846,0.013449082151055336,0,0,0,,0.42799938099305745,0.744020150435197,0.5482772315875155,0.0009652560852708396,182.8231978663901,0.006366094076599672,2.9415864818927465e-07,0.006366203699476882,5.2020573592867255e-05,6.359837605406139,0.0007949214447278799,1.9558489872448214e-07,0.0007949773647340642,6.6096734934284275e-06,3.1791145375136267
3200,stable_muon,1,113,0.3,128,4,512,226048,4,nested_depth_one_shared_v2,1.4535439518681414e-08,1.0,18.6436824798584,0.6024163961410522,1400.164689166937,188.53058354367423,5.754342536604379,3.1006181240081787,4.934411688599666e-07,1.4888717716647805e-06,2.2671261831419542e-05,0.7442354216481353,0.01361122727394104,0,0,0,,0.414492189853733,0.74423216961517,0.5654249419705253,0.0009347936616759774,188.53058354367423,0.005759966382711284,3.56641550498461e-07,0.005760102502977649,4.7067597729300126e-05,5.754342536604379,0.0007752911117665517,2.2583933065728022e-07,0.000775348262350387,6.446449702823456e-06,3.100617758320573
3300,stable_muon,1,113,0.3,128,4,512,226048,4,nested_depth_one_shared_v2,1.2543431182621134e-08,1.0,18.016223907470703,0.6217697858810425,1440.93420370901,193.9460775460474,5.2064984166213835,3.0240590572357178,6.050461139741466e-07,1.909035980101881e-06,2.6360990887042135e-05,0.7441524393072803,0.012659426778554916,0,0,0,,0.3956795153027853,0.7441491652451225,0.5816853154530327,0.0008923659166909521,193.9460775460474,0.005211533925490974,4.449339126116745e-07,0.005211709950530839,4.2586078817034105e-05,5.2064984166213835,0.0007561491518541993,2.5914295185311585e-07,0.0007562038442041933,6.2872866737165265e-06,3.0240592277073546
3400,stable_muon,1,113,0.3,128,4,512,226048,4,nested_depth_one_shared_v2,1.5251318430387073e-08,1.0,16.48919105529785,0.6516388654708862,1483.5878178339917,199.17159086297278,4.71081812097195,2.9493908882141113,8.25794421372363e-07,2.1029174618935735e-06,3.2264015317196026e-05,0.7526932085211874,0.013173196464776993,0,0,0,,0.3902631506261369,0.7526898525253611,0.5973695454015814,0.0008801505276124673,199.17159086297278,0.004715300187403386,5.531614302700871e-07,0.0047155334211326505,3.8531102032079455e-05,4.71081812097195,0.0007374765607503105,2.9395630417843247e-07,0.0007375321446861246,6.132026388198314e-06,2.949391102240248
3500,stable_muon,1,113,0.3,128,4,512,226048,4,nested_depth_one_shared_v2,1.4037437878755554e-08,1.0,14.176931381225586,0.6829622983932495,1536.3096001249505,204.05604170098147,4.262335434691053,2.8765673637390137,2.1022869103898844e-07,2.3824824082127935e-06,2.819661131070461e-05,0.7463948567141288,0.012149248272180557,0,0,0,,0.357265323160191,0.7463911650754704,0.6120327057958876,0.0008057313691353708,204.05604170098147,0.004266325553729607,6.363486119142666e-07,0.0042666017602062305,3.4862303284946805e-05,4.262335434691053,0.0007192689485375528,3.248043065201396e-07,0.0007193214847987502,5.9806323446491605e-06,2.876566670317894
3600,stable_muon,1,113,0.3,128,4,512,226048,4,nested_depth_one_shared_v2,2.1071718592224897e-08,1.0,11.991376876831055,0.7094753384590149,1576.4046442499384,208.4271250165333,3.8565555544786765,2.8055403232574463,3.1045553800748793e-07,2.571155191852809e-06,2.799926915031392e-05,0.7513122830336703,0.013052494265139103,0,0,0,,0.3502674449557519,0.7513085782901437,0.6251582442862921,0.0007899492329436164,208.4271250165333,0.003860107314881648,7.040184736575926e-07,0.0038604156617416253,3.154288865888425e-05,3.8565555544786765,0.0007015092777094294,3.482597074456401e-07,0.0007015604745279083,5.832962878309823e-06,2.805540388918516
3700,stable_muon,1,113,0.3,128,4,512,226048,4,nested_depth_one_shared_v2,2.166309620577067e-08,1.0,9.80419921875,0.7428123950958252,1594.6596387919271,212.14686547708837,3.489411453146313,2.7362678050994873,2.086911767142215e-07,2.415837404967491e-06,2.532390135456808e-05,0.7544055620653151,0.012835698202252388,0,0,0,,0.34544705971368667,0.7544017958889367,0.6363339975644765,0.0007790779410799287,212.14686547708837,0.0034925761612399266,7.369996593054396e-07,0.0034929040292451257,2.853960576742206e-05,3.489411453146313,0.0006841861158141249,3.4433648163145826e-07,0.0006842380181193422,5.688922929757473e-06,2.7362678864462495
3800,stable_muon,1,113,0.3,128,4,512,226048,4,nested_depth_one_shared_v2,2.3530605020027906e-08,1.0,8.173367500305176,0.7659693360328674,1613.6226780839497,215.5350904289352,3.1572239755161364,2.668705463409424,1.635283737889963e-07,2.24343807217239e-06,2.3933931515784934e-05,0.7590963846781069,0.01306176371872425,0,0,0,,0.33502413908057393,0.7590923761618319,0.6464977218932936,0.0007555713940749687,215.5350904289352,0.0031600409693821403,7.533947398855288e-07,0.003160384016414266,2.582229257473108e-05,3.1572239755161364,0.0006672932737436261,3.414866112366261e-07,0.0006673432835652381,5.5484610373244775e-06,2.668705841072727
3900,stable_muon,1,113,0.3,128,4,512,226048,4,nested_depth_one_shared_v2,2.4246482155376725e-08,1.0,6.989462375640869,0.7848752737045288,1632.8888987499522,219.00852002584284,2.8566656764188783,2.6028120517730713,9.702002894920885e-08,2.1869781203907937e-06,2.207563738920726e-05,0.7641154131662369,0.012839525938034058,0,0,0,,0.3251061048370548,0.7641112691031138,0.656918369682375,0.0007332035044643137,219.00852002584284,0.0028591528015756624,7.903020621433027e-07,0.0028595248291353598,2.3363583217272087e-05,2.8566656764188783,0.0006508178636904829,3.393730713298549e-07,0.0006508657031486894,5.411470040485913e-06,2.602811994817808
4000,stable_muon,1,113,0.3,128,4,512,226048,4,nested_depth_one_shared_v2,2.735899684580545e-08,1.0,5.6575140953063965,0.8081440925598145,1651.6043224589666,222.1146632307847,2.5847253583974905,2.5385451316833496,8.879037068169686e-08,2.1740780161656677e-06,1.8822323909262195e-05,0.766788121796311,0.01337157841771841,0,0,0,,0.3258369726927533,0.7667840252765059,0.6662579771544639,0.0007348518120941167,222.1146632307847,0.002586916614049287,8.31956318026058e-07,0.0025873122749079307,2.1139003678004308e-05,2.5847253583974905,0.0006347479254466987,3.0980263765893246e-07,0.0006347949764219016,5.277850491591578e-06,2.538545157836032
4100,stable_muon,1,113,0.3,128,4,512,226048,4,nested_depth_one_shared_v2,2.93198816336826e-08,1.0,4.5452656745910645,0.8298467397689819,1669.8431746249553,225.34256397016412,2.3386782056047144,2.475865125656128,7.506731700949138e-08,1.8162405440089148e-06,1.6066043826867826e-05,0.7828439396379882,0.014193644747138023,0,0,0,,0.32269190261887404,0.7828399237625925,0.6759119388350588,0.0007277588157903103,225.34256397016412,0.002340590134181779,8.694723220851111e-07,0.002341018795616555,1.9126145460762253e-05,2.3386782056047144,0.000619075016165593,2.8203512158775504e-07,0.0006191210520630195,5.147532189415575e-06,2.4758651332984565
4200,stable_muon,1,113,0.3,128,4,512,226048,4,nested_depth_one_shared_v2,2.991125924722837e-08,1.0,3.8077595233917236,0.8383488059043884,1687.9054294589441,229.28027321284097,2.1160611158439324,2.4147322177886963,6.714651234529215e-08,1.7518062515973806e-06,1.4338643268274609e-05,0.7922878749062644,0.01342600304633379,0,0,0,,0.3126133298913096,0.7922837388983153,0.6877157940389108,0.0007050288678320816,229.28027321284097,0.002117691976091155,9.722336097711153e-07,0.0021181788076526766,1.7304731906839205e-05,2.1160611158439324,0.0006037874681761909,2.7084129690679943e-07,0.000603834152479682,5.020418118716858e-06,2.4147328225095026
4300,stable_muon,1,113,0.3,128,4,512,226048,4,nested_depth_one_shared_v2,3.439327755927479e-08,1.0,3.2127161026000977,0.8439422845840454,1706.3519626249326,233.74624949372372,1.9146459395672788,2.3551101684570312,7.33761034040089e-08,1.7247463580800518e-06,1.3220869732322171e-05,0.8109562717217795,0.01336590014398098,0,0,0,,0.30968642224782494,0.8109516611674724,0.7010879269495264,0.0006984278876920072,233.74624949372372,0.001915983958447297,1.1473498346220908e-06,0.0019165619232691855,1.5656473704893454e-05,1.9146459395672788,0.0005888799121671166,2.6853068945575163e-07,0.0005889247296380667,4.896463634335437e-06,2.3551100386996295
4400,stable_muon,1,113,0.3,128,4,512,226048,4,nested_depth_one_shared_v2,3.862629682771512e-08,1.0,2.7746481895446777,0.8500950932502747,1725.340727666975,238.78876754096223,1.7324175535231032,2.296959638595581,1.163033845562087e-07,2.2222212226410267e-06,1.2517613868112676e-05,0.8224875760971768,0.01421623770147562,0,0,0,,0.30367335419948915,0.8224831348494979,0.7162164229241371,0.0006848667687218424,238.78876754096223,0.001733439542970561,1.4180373521472901e-06,0.0017341509926318054,1.4164810985961937e-05,1.7324175535231032,0.0005743374146315601,2.796679314141243e-07,0.0005743834696276402,4.775544566009232e-06,2.2969595411621846
4500,stable_muon,1,113,0.3,128,4,512,226048,4,nested_depth_one_shared_v2,4.780821427630144e-08,1.0,2.299161672592163,0.8528918027877808,1743.8314065840095,243.73082781092432,1.5675558368302296,2.2402453422546387,1.0011156003363291e-07,2.368738092247861e-06,1.1153464583912864e-05,0.8355885109649771,0.014753117226064205,0,0,0,,0.30266846683766674,0.8355839470386875,0.7310438575932092,0.0006826004718903837,243.73082781092432,0.001568168302181675,1.9291448521850855e-06,0.0015691240042366751,1.2814296111253249e-05,1.5675558368302296,0.0005601539599528684,2.66244701672283e-07,0.000560201284635621,4.657610894629811e-06,2.2402449846438164
4600,stable_muon,1,113,0.3,128,4,512,226048,4,nested_depth_one_shared_v2,7.983597782867946e-08,1.0,1.7240922451019287,0.8541224002838135,1762.5774922500132,247.86802071272606,1.4184325309129449,2.1849310398101807,1.2569878476618093e-07,3.0231033521129296e-06,7.718689630564768e-06,0.8340491471056297,0.014325167052447796,0,0,0,,0.3230590493538316,0.8340444810687868,0.7435259007446844,0.0007285868324553879,247.86802071272606,0.0014181548512821292,3.408911305722373e-06,0.001419850682681658,1.1588460352538221e-05,1.4184325309129449,0.0005463195451477852,2.1193901651306502e-07,0.0005463693331426612,4.542579446628613e-06,2.1849310130643445
4700,stable_muon,1,113,0.3,128,4,512,226048,4,nested_depth_one_shared_v2,1.5157941390953056e-07,1.0,1.0883413553237915,0.8655330538749695,1780.9120123749599,249.28949655306687,1.283638483431259,2.130983352661133,1.1200452482279713e-07,4.720756917590057e-06,5.4782963161414955e-06,0.8344443493931416,0.01346402708441019,0,0,0,,0.3232333047736527,0.8344397103704762,0.7478024695900651,0.0007289798262582842,249.28949655306687,0.0012812800401988977,7.157752270429078e-06,0.0012849197486752592,1.0469987063062703e-05,1.283638483431259,0.0005328212573991492,1.7814864177840735e-07,0.0005328790761624896,4.430342853528058e-06,2.130983483419208
4800,stable_muon,1,113,0.3,128,4,512,226048,4,nested_depth_one_shared_v2,2.1996135046720156e-07,1.0,0.6440213322639465,0.8867882490158081,1799.4895310000284,252.78133254697275,1.161892073988059,2.078369379043579,1.0746605493684924e-07,6.522575459241609e-06,4.332725438871421e-06,0.8496106845815419,0.014241027645766735,0,0,0,,0.28378966227282454,0.849605780977598,0.7582121541554261,0.0006400235855720635,252.78133254697275,0.0011570229380908992,1.1616989210991447e-05,0.0011630490544779898,9.454619453525563e-06,1.161892073988059,0.0005196525393932965,1.7050420653027223e-07,0.0005197221883963225,4.320846592076068e-06,2.0783691010692045
4900,stable_muon,1,113,0.3,128,4,512,226048,4,nested_depth_one_shared_v2,3.3481310879324155e-07,1.0,0.40968000888824463,0.9102807641029358,1818.3736622090219,257.260779828891,1.0520271862621908,2.027055025100708,1.2291760294697797e-07,9.987467916815923e-06,4.349403752712533e-06,0.8546192632240986,0.013698961585760117,0,0,0,,0.25065204748347353,0.8546141462740149,0.7716418150329152,0.0005652891683106027,257.260779828891,0.0010428934181846501,1.934739917954059e-05,0.0010530699509954636,8.522009438975979e-06,1.0520271862621908,0.0005068013124106267,2.0288276683907534e-07,0.0005068905231752576,4.213990229213115e-06,2.0270552914213793
5000,stable_muon,1,113,0.3,128,4,512,226048,4,nested_depth_one_shared_v2,8.096270676105632e-07,1.0,0.32403233647346497,0.9232576489448547,1836.8875676250318,261.5078454195807,0.9534195318632823,1.9770125150680542,2.8514965770414395e-07,2.5823628124941122e-05,8.649302799312863e-06,0.8561130666191306,0.014808574691414833,0,0,0,,0.24512739763279412,0.8561079919432109,0.7844131882805139,0.0005528295664415865,261.5078454195807,0.0009280044252087714,5.049084247639068e-05,0.0009543465632552031,7.583193385961508e-06,0.9534195318632823,0.0004941992640096662,4.0326712888758316e-07,0.0004943767363280451,4.109205755437539e-06,1.9770127461808233
5100,stable_muon,1,113,0.3,128,4,512,226048,4,nested_depth_one_shared_v2,4.054849341628142e-06,1.0,0.32050010561943054,0.9228101372718811,1855.4627336669946,263.6698143082795,0.8698675912810794,1.9282366037368774,1.3339454772701046e-06,0.0001248284075411204,4.0059458115138113e-05,0.8511263128808756,0.014645295217633247,0,0,0,,0.2428444514775208,0.8511210029497679,0.790933521187516,0.0005476808962177877,263.6698143082795,0.0007526868929894799,0.00026629178445447625,0.0008705875077651154,6.150585184261029e-06,0.8698675912810794,0.0004813709371433603,1.9042889723229723e-06,0.00048217940306533193,4.002539804209763e-06,1.9282362444075196
5200,stable_muon,1,113,0.3,128,4,512,226048,4,nested_depth_one_shared_v2,6.314521669992246e-06,1.0,0.25360041856765747,0.9458552598953247,1874.0022560419748,267.06462547804136,0.8084827240237557,1.880736231803894,1.999742387154455e-06,0.00018579690410876632,6.252086313907057e-05,0.8613598343595403,0.015062310732901096,0,0,0,,0.215658181481697,0.8613545966495351,0.8010931217773414,0.0004863683950445427,267.06462547804136,0.0006331490500373621,0.00044835456836124656,0.0008090106725724216,5.173781027489173e-06,0.8084827240237557,0.00046889826939976463,3.3537748515243688e-06,0.0004703013486090882,3.898831114597791e-06,1.8807365060345496
5300,stable_muon,1,113,0.3,128,4,512,226048,4,nested_depth_one_shared_v2,7.43218561183312e-06,1.0,0.1877225786447525,0.9647611379623413,1892.7113227919908,270.34988555906443,0.7630054759232283,1.834455132484436,2.3207376043030698e-06,0.00021102645464645453,7.48772217775695e-05,0.8654807250333291,0.01482551172375679,0,0,0,,0.2000685932155567,0.8654754245698351,0.8109544165616267,0.00045120959433356017,270.34988555906443,0.0005517727592701089,0.0005387203939118334,0.0007633963972996731,4.50881420927439e-06,0.7630054759232283,0.00045695093545579813,4.268265266595736e-06,0.00045872804917927555,3.799490510554072e-06,1.8344552622006407
5400,stable_muon,1,113,0.3,128,4,512,226048,4,nested_depth_one_shared_v2,7.979640031408053e-06,1.0,0.13392920792102814,0.9761718511581421,1911.0505388339516,273.2334306370889,0.7290400865161787,1.7893465757369995,2.472870390530644e-06,0.00022239244259088456,8.213531691581011e-05,0.8631202438132521,0.014236731454730034,0,0,0,,0.1939956370495625,0.8631148702712343,0.8196350625991483,0.0004375134112194447,273.2334306370889,0.00048161098821521007,0.0005847562021930866,0.0007293292440815826,3.9354869020353534e-06,0.7290400865161787,0.0004454094906015343,4.905679860151322e-06,0.00044744805288859506,3.703524824089031e-06,1.7893468243176633
5500,stable_muon,1,113,0.3,128,4,512,226048,4,nested_depth_one_shared_v2,8.64048251969507e-06,1.0,0.09563208371400833,0.9856806993484497,1929.5327681669733,275.214510055093,0.7059457050234044,1.7453845739364624,2.662290296737933e-06,0.00023208882099839877,9.099463932216167e-05,0.858215285421159,0.014430145733058453,0,0,0,,0.1718373502648728,0.8582098908707472,0.8255972487703155,0.00038754039231350126,275.214510055093,0.0004251250346516902,0.0006473735789143808,0.0007061298859770614,3.4739116144323352e-06,0.7059457050234044,0.00043407822790795804,5.741755061050961e-06,0.0004364547357024942,3.609306776293825e-06,1.7453848958874412
5600,stable_muon,1,113,0.3,128,4,512,226048,4,nested_depth_one_shared_v2,8.83638313098345e-06,1.0,0.06852492690086365,0.9935115575790405,1948.652851333958,276.66555351244426,0.6913244196930156,1.702537178993225,2.7149236319552383e-06,0.0002363632202051336,9.547975059831515e-05,0.8623584088969871,0.01481158658862114,0,0,0,,0.17638179098531614,0.8623527030217498,0.8299536255873109,0.0003977893535371898,276.66555351244426,0.0003800958018383436,0.0006831275789147988,0.000691437056805673,3.1059549849493755e-06,0.6913244196930156,0.00042311073469601527,6.371603058917814e-06,0.0004257400585582021,3.5181134267457448e-06,1.7025371630672714
5700,stable_muon,1,113,0.3,128,4,512,226048,4,nested_depth_one_shared_v2,8.98992129805265e-06,1.0,0.049538590013980865,0.9959726929664612,1967.7634086250328,277.71155034603515,0.6829152749694528,1.6607714891433716,2.7504072969870117e-06,0.00023703921021749874,9.967679943656549e-05,0.8527435538329519,0.015064419247210026,0,0,0,7300,0.1579731518513336,0.8527379277230719,0.833119900793406,0.00035627281932070734,277.71155034603515,0.00034641863375990954,0.0007155937650593328,0.0006829696418917195,2.8307618163684793e-06,0.6829152749694528,0.00041242345765584316,6.984405248517066e-06,0.0004152959974084376,3.429250040007533e-06,1.6607716149852532
5800,stable_muon,1,113,0.3,128,4,512,226048,4,nested_depth_one_shared_v2,9.033465175889432e-06,1.0,0.035895686596632004,0.9967557787895203,1985.8193277090322,278.1868617318463,0.6804012619479446,1.6200649738311768,2.7607649429520934e-06,0.0002335628093885239,0.00010297550034010783,0.855015012094469,0.015585660003125668,0,0,0,7300,0.1539890193904004,0.855009285499266,0.8345409203934818,0.00034728750702068043,278.1868617318463,0.00032253446932527474,0.000747574582149831,0.0006804071485865987,2.635592232204919e-06,0.6804012619479446,0.0004019941862343421,7.623235105824252e-06,0.0004051168093538318,3.3425319380772674e-06,1.6200653029340184
5900,stable_muon,1,113,0.3,128,4,512,226048,4,nested_depth_one_shared_v2,9.029917237057816e-06,1.0,0.02657705917954445,0.9978744983673096,2003.4317530420376,278.60320005955583,0.6814351062756187,1.5803860425949097,2.757212985418529e-06,0.00023618332709353138,0.00010579290392342955,0.8509028430018847,0.015150417573750019,0,0,0,7300,0.15294447505653577,0.8508969437554766,0.8358057730742822,0.00034493177283186305,278.60320005955583,0.00030877097922412115,0.0007746670546345712,0.0006814053510575558,2.5231237953444646e-06,0.6814351062756187,0.00039184343759042376,8.216243109614676e-06,0.0003951944249286348,3.258129718593644e-06,1.5803859274969398
6000,stable_muon,1,113,0.3,128,4,512,226048,4,nested_depth_one_shared_v2,8.896889085008297e-06,1.0,0.0200002733618021,0.9989931583404541,2020.8996430420084,278.8661870320018,0.6858098611146735,1.5417113304138184,2.7215459199610084e-06,0.00023325163492164582,0.0001071846199920401,0.8515033094075068,0.015387548133730888,0,0,0,7300,0.1453672992251692,0.8514977774974691,0.8365912182195377,0.0003278431614805481,278.8661870320018,0.00029687526173647184,0.0007948904347978992,0.0006857562418294949,2.425917872912236e-06,0.6858098611146735,0.000381957133988703,8.769342129611717e-06,0.00038552326654247904,3.175926326928133e-06,1.5417111922993325
6100,stable_muon,1,113,0.3,128,4,512,226048,4,nested_depth_one_shared_v2,8.790784704615362e-06,1.0,0.01535971462726593,0.9995525479316711,2040.4469842090039,279.0572497190706,0.6921983557087029,1.5040135383605957,2.6936097498419665e-06,0.00022448915618785467,0.00010894299339270219,0.850880386356542,0.0156860388815403,0,0,0,7300,0.1437668855480093,0.8508747705538788,0.83716721240018,0.00032423378934256754,279.0572497190706,0.0002905038355425893,0.0008160963232366209,0.000692124190024764,2.3738537278929678e-06,0.6921983557087029,0.00037230323796045987,9.356043042900224e-06,0.00037609645676897017,3.0956553754908673e-06,1.5040136211070325
6200,stable_muon,1,113,0.3,128,4,512,226048,4,nested_depth_one_shared_v2,8.67792550707236e-06,1.0,0.01188604161143303,0.9995525479316711,2059.967954291962,279.2678691815617,0.7005562595897932,1.4672715663909912,2.666266016279025e-06,0.00022086354697726347,0.00011067181185353547,0.8530917882799326,0.016034552827477455,0,0,0,7300,0.14606199010870985,0.8530861473927138,0.8377953990026191,0.0003294098801079535,279.2678691815617,0.00028645809928223284,0.0008374936199647167,0.0007004643486824559,2.3407939712609047e-06,0.7005562595897932,0.00036287954246502356,9.961205331119005e-06,0.00036690860276381487,3.0172985130116466e-06,1.467271644637434
6300,stable_muon,1,113,0.3,128,4,512,226048,4,nested_depth_one_shared_v2,8.604160029790364e-06,1.0,0.00935253594070673,0.9995525479316711,2078.822134334012,279.49137760573836,0.71057294008748,1.4314628839492798,2.651791140521739e-06,0.00022459624513074345,0.0001127481009461917,0.851040470273186,0.016177639365196228,0,0,0,7300,0.13676182769961062,0.8510347741969574,0.8384695148203795,0.0003084354610829508,279.49137760573836,0.0002859929073321723,0.0008612058142420457,0.0007104637193958326,2.3369926526216017e-06,0.71057294008748,0.00035366323165806013,1.0638172702497282e-05,0.00035795409470432577,2.9406660285668e-06,1.4314628479805824
6400,stable_muon,1,113,0.3,128,4,512,226048,4,nested_depth_one_shared_v2,8.662860636832193e-06,1.0,0.0074438429437577724,0.9997762441635132,2096.3580109589966,279.3398706930002,0.7229070795340261,1.3965708017349243,2.6713796656531354e-06,0.00021077218289207152,0.00011659271694952622,0.8472126323313309,0.016421150416135788,0,0,0,7300,0.13270617189459402,0.8472071127492519,0.8380233374922975,0.00029928884400964303,279.3398706930002,0.0002968868621060404,0.0008989126240592382,0.0007227704009256732,2.4260126653974844e-06,0.7229070795340261,0.0003445896383502847,1.1530973804467593e-05,0.00034922882056490496,2.865220222475755e-06,1.3965708522141058
6500,stable_muon,1,113,0.3,128,4,512,226048,4,nested_depth_one_shared_v2,8.580846952099819e-06,1.0,0.005920737516134977,1.0,2114.1773481250275,279.25293623740043,0.7369921776156372,1.3625743389129639,2.6573771230193584e-06,0.00021435081574060105,0.00011863411782542244,0.8470995651368957,0.01670891046524048,0,0,0,7300,0.13026589153053927,0.8470938322302064,0.837760946085519,0.00029378534195852906,279.25293623740043,0.00029879316789593294,0.0009212163530721167,0.0007368452750317614,2.441590053893537e-06,0.7369921776156372,0.000335796553480453,1.2278873735377662e-05,0.00034072752357234095,2.792106809351659e-06,1.3625744833496378
6600,stable_muon,1,113,0.3,128,4,512,226048,4,nested_depth_one_shared_v2,8.548227924620733e-06,1.0,0.0048070731572806835,1.0,2132.330642624991,279.18529316215677,0.7524337612326517,1.3294520378112793,2.655242059722536e-06,0.0002064823765290808,0.0001213714640471153,0.8460080609761416,0.016770880669355392,0,0,0,7300,0.12518756412668133,0.846002709510084,0.8375584018261462,0.00028233231971770705,279.18529316215677,0.00030357738786497204,0.0009489104611299208,0.0007522726335350979,2.4806843343093237e-06,0.7524337612326517,0.0003271728850707959,1.3159541761381755e-05,0.0003324447959010313,2.720402073139719e-06,1.3294522294264353
6700,stable_muon,1,113,0.3,128,4,512,226048,4,nested_depth_one_shared_v2,8.435711606580298e-06,1.0,0.00397929921746254,1.0,2150.375175333931,279.1277078406053,0.7688215199380246,1.2971835136413574,2.63242809814555e-06,0.00021096218124971942,0.0001230474008480087,0.8457281469746808,0.016930213198065758,0,0,0,7300,0.11922861272635457,0.845722400648141,0.837383369545977,0.0002688932486432283,279.1277078406053,0.0003037933756409942,0.0009686232029924279,0.0007686555327734072,2.482449279637263e-06,0.7688215199380246,0.00031879281919933665,1.3960474853143867e-05,0.00032437551606971356,2.6507228619030296e-06,1.2971835238963636
6800,stable_muon,1,113,0.3,128,4,512,226048,4,nested_depth_one_shared_v2,8.320580491272267e-06,1.0,0.0033799088560044765,1.0,2168.1083871249575,279.1727455556738,0.7856234470067534,1.2657458782196045,2.6024698252558435e-06,0.00019834994184674245,0.00012469672947190702,0.8458592085611929,0.016857752576470375,0,0,0,7300,0.11279046074619961,0.8458533942121338,0.8375158157612314,0.0002543734487259385,279.1727455556738,0.00030444849255655725,0.0009885274326853837,0.0007854530837319825,2.4878025712015916e-06,0.7856234470067534,0.00031061064273231904,1.4774728228040847e-05,0.0003165140808659762,2.5826890765884143e-06,1.2657460026771672
6900,stable_muon,1,113,0.3,128,4,512,226048,4,nested_depth_one_shared_v2,8.195554073608946e-06,1.0,0.0029395013116300106,1.0,2186.6791991250357,279.2146793418881,0.802849239646979,1.235121250152588,2.5722183322659185e-06,0.00019756257672880748,0.00012613007856998593,0.8444064315367206,0.016840124502778053,0,0,0,7300,0.10796146327287318,0.8444005128967009,0.8376444978673113,0.00024348273391679384,279.2146793418881,0.0003073992997759101,0.00100935454104393,0.0008026747732668684,2.511915109009814e-06,0.802849239646979,0.0003026211662464407,1.561657547916366e-05,0.0003088558588528744,2.516257567782966e-06,1.235121146206316
7000,stable_muon,1,113,0.3,128,4,512,226048,4,nested_depth_one_shared_v2,8.271465048892424e-06,1.0,0.0027050781063735485,1.0,2205.256627666997,279.05474380673576,0.8212384502763697,1.2052953243255615,2.606219694052478e-06,0.00019958378369917782,0.00013052414578851312,0.8406535624508691,0.01662510074675083,0,0,0,7300,0.10326290832384845,0.8406479689974901,0.837172832883422,0.00023288620280499043,279.05474380673576,0.0003258633765607949,0.001051717524940388,0.0008210399928646553,2.6627944164242413e-06,0.8212384502763697,0.00029468593664504407,1.6849231601447632e-05,0.00030139743510123,2.450277115112483e-06,1.2052954508066718
7100,stable_muon,1,113,0.3,128,4,512,226048,4,nested_depth_one_shared_v2,8.308005817525554e-06,1.0,0.0025160647928714752,1.0,2223.7101300000213,278.68208365049856,0.8421590999482724,1.1762639284133911,2.621827009523659e-06,0.00018482651803360754,0.00013439175381790847,0.8370319399654348,0.016363512724637985,0,0,0,7300,0.09950986367931994,0.8370262787210425,0.8360610663073716,0.00022442205696202475,278.68208365049856,0.000341129888303047,0.0010915756965056765,0.0008419415246241641,2.787544803088083e-06,0.8421590999482724,0.0002869254215429368,1.815203651996842e-05,0.0002941376612373644,2.3857493918941106e-06,1.1762641913268286
7200,stable_muon,1,113,0.3,128,4,512,226048,4,nested_depth_one_shared_v2,8.271715159935411e-06,1.0,0.002322615822777152,1.0,2242.234343291959,278.1004756512131,0.8649048967075086,1.148009181022644,2.626761323328682e-06,0.00018370883097894788,0.00013722955191042274,0.8329247584037714,0.015963857993483543,0,0,0,7300,0.09989441214692554,0.8329193135451836,0.8343235231989031,0.00022528931931080815,278.1004756512131,0.0003558363820163125,0.001127809937402801,0.0008646748988409708,2.907718999274734e-06,0.8649048967075086,0.000279363063096251,1.945908994541757e-05,0.0002870719960367284,2.3228693167566553e-06,1.1480091772267786
7300,stable_muon,1,113,0.3,128,4,512,226048,4,nested_depth_one_shared_v2,8.339535270351917e-06,1.0,0.002187790349125862,1.0,2260.334881625022,276.72556928238157,0.8885267989136891,1.120505452156067,2.685334016528959e-06,0.0001936897679343228,0.00014169338101055473,0.8177143391403687,0.014989370480179787,0,0,0,7300,0.11009875769738407,0.817708878505688,0.8302358421535795,0.00024830291950792216,276.72556928238157,0.0004008325166354244,0.0011843737892401418,0.000888271728593606,3.2754051666771367e-06,0.8885267989136891,0.0002719314354873621,2.0905679926205938e-05,0.0002801941629896774,2.2610762523660987e-06,1.120505378752808
7400,stable_muon,1,113,0.3,128,4,512,226048,4,nested_depth_one_shared_v2,9.86225586530054e-06,1.0,0.0022425486240535975,1.0,2277.9126778750215,275.1333892729516,nan,1.120505452156067,3.1377701712272447e-06,0.0,0.0,0.8232811097810004,0.014511721208691597,0,0,1,7300,0.11056386304999091,0.8232758586116566,0.825428766549449,0.00024935185974436395,275.1333892729516,0.0,0.0,0.0,0.0,nan,0.0,0.0,0.0,0.0,nan
7500,stable_muon,1,113,0.3,128,4,512,226048,4,nested_depth_one_shared_v2,1.0209326319454703e-05,1.0,0.0021660798229277134,1.0,2297.4156432090094,274.3325555971928,nan,1.120505452156067,3.2450789642842604e-06,0.0,0.0,0.8220675030418032,0.014523438178002834,0,0,1,7300,0.10276288084433491,0.8220622574890878,0.8230197266635844,0.0002317585035866336,274.3325555971928,0.0,0.0,0.0,0.0,nan,0.0,0.0,0.0,0.0,nan
7600,stable_muon,1,113,0.3,128,4,512,226048,4,nested_depth_one_shared_v2,1.0544105862209108e-05,1.0,0.0020730586256831884,1.0,2315.9555447499733,273.67634498408273,nan,1.120505452156067,3.34800557618151e-06,0.0,0.0,0.8213057385038071,0.01445932686328888,0,0,1,7300,0.09950141031067977,0.8213001263757607,0.8210463069422342,0.00022440299229538427,273.67634498408273,0.0,0.0,0.0,0.0,nan,0.0,0.0,0.0,0.0,nan
7700,stable_muon,1,113,0.3,128,4,512,226048,4,nested_depth_one_shared_v2,1.0761666999314912e-05,1.0,0.0020339847542345524,1.0,2333.6965607919265,273.2128775276678,nan,1.120505452156067,3.4102787188460456e-06,0.0,0.0,0.8220627396335748,0.014314535073935986,0,0,1,7300,0.09598312521161101,0.8220574666642108,0.8196482034907602,0.00021646829366634833,273.2128775276678,0.0,0.0,0.0,0.0,nan,0.0,0.0,0.0,0.0,nan
7800,stable_muon,1,113,0.3,128,4,512,226048,4,nested_depth_one_shared_v2,9.272066563426051e-06,1.0,0.0018632339779287577,1.0,2350.3903225839604,273.6193037427713,nan,1.120505452156067,2.9401317459709893e-06,0.0,0.0,0.8322283331162837,0.014369719661772251,0,0,1,7300,0.09687665901049841,0.8322229333657972,0.8208406265479462,0.000218483457648058,273.6193037427713,0.0,0.0,0.0,0.0,nan,0.0,0.0,0.0,0.0,nan
7900,stable_muon,1,113,0.3,128,4,512,226048,4,nested_depth_one_shared_v2,8.925055226427503e-06,1.0,0.0018448467599228024,1.0,2368.037962500006,273.5339026944337,nan,1.120505452156067,2.828462663134659e-06,0.0,0.0,0.8219291227365526,0.014106189832091331,0,0,1,7300,0.09222969817548897,0.8219237390434943,0.8206132756971426,0.00020800328542537694,273.5339026944337,0.0,0.0,0.0,0.0,nan,0.0,0.0,0.0,0.0,nan
8000,stable_muon,1,113,0.3,128,4,512,226048,4,nested_depth_one_shared_v2,9.156095075013582e-06,1.0,0.0019018712919205427,1.0,2385.252669999958,273.22975766067407,nan,1.120505452156067,2.8951747723987808e-06,0.0,0.0,0.8224990166372989,0.01384845469146967,0,0,1,7300,0.09039359534369973,0.8224934402102955,0.8196957733292821,0.00020386236954962166,273.22975766067407,0.0,0.0,0.0,0.0,nan,0.0,0.0,0.0,0.0,nan
8100,stable_muon,1,113,0.3,128,4,512,226048,4,nested_depth_one_shared_v2,9.333631169283763e-06,1.0,0.0020016618072986603,1.0,2402.2223134590313,273.0889632574583,nan,1.120505452156067,2.945901781320137e-06,0.0,0.0,0.8230130459750495,0.013813531957566738,0,0,1,7300,0.0872118796105398,0.8230075985677987,0.8192695338809226,0.00019668672722530624,273.0889632574583,0.0,0.0,0.0,0.0,nan,0.0,0.0,0.0,0.0,nan
8200,stable_muon,1,113,0.3,128,4,512,226048,4,nested_depth_one_shared_v2,9.47699027165072e-06,1.0,0.002104199258610606,1.0,2418.734907208942,273.0784524742297,nan,1.120505452156067,2.9873104279346894e-06,0.0,0.0,0.8235905013631172,0.01386965997517109,0,0,1,7300,0.08337471063110495,0.8235850654651482,0.8192349620257687,0.0001880328579159203,273.0784524742297,0.0,0.0,0.0,0.0,nan,0.0,0.0,0.0,0.0,nan
8300,stable_muon,1,113,0.3,128,4,512,226048,4,nested_depth_one_shared_v2,9.610888810129836e-06,1.0,0.002228332217782736,1.0,2435.667079917039,273.1696315802836,nan,1.120505452156067,3.0243522506705833e-06,0.0,0.0,0.8247668368013744,0.014007359743118286,0,0,1,7300,0.08042443718281196,0.8247615212353504,0.8195048777463544,0.00018137918147234622,273.1696315802836,0.0,0.0,0.0,0.0,nan,0.0,0.0,0.0,0.0,nan
8400,stable_muon,1,113,0.3,128,4,512,226048,4,nested_depth_one_shared_v2,9.727637916512322e-06,1.0,0.002393685979768634,1.0,2453.2139697499806,273.323075538668,nan,1.120505452156067,3.0565165420592164e-06,0.0,0.0,0.8255304088170943,0.014152870513498783,0,0,1,7300,0.07849585436010492,0.8255250285550364,0.819963724044084,0.00017702969783232905,273.323075538668,0.0,0.0,0.0,0.0,nan,0.0,0.0,0.0,0.0,nan
8500,stable_muon,1,113,0.3,128,4,512,226048,4,nested_depth_one_shared_v2,9.808812137634959e-06,1.0,0.0025412386748939753,1.0,2470.58730354195,273.54461945667396,nan,1.120505452156067,3.0772212316715904e-06,0.0,0.0,0.8264398285190463,0.013799399137496948,0,0,1,7300,0.07618787282127462,0.8264342646070653,0.820626953033363,0.0001718245659466714,273.54461945667396,0.0,0.0,0.0,0.0,nan,0.0,0.0,0.0,0.0,nan
8600,stable_muon,1,113,0.3,128,4,512,226048,4,nested_depth_one_shared_v2,9.908877473208122e-06,1.0,0.0026659206487238407,1.0,2487.3242249999894,273.74540955385066,nan,1.120505452156067,3.106006659722848e-06,0.0,0.0,0.8264434061329037,0.013547709211707115,0,0,1,7300,0.07276316760872852,0.8264378245956924,0.8212301977710325,0.00016410091564839557,273.74540955385066,0.0,0.0,0.0,0.0,nan,0.0,0.0,0.0,0.0,nan
8700,stable_muon,1,113,0.3,128,4,512,226048,4,nested_depth_one_shared_v2,9.988214515033178e-06,1.0,0.002793632447719574,1.0,2504.4983040839434,273.9543478055894,nan,1.120505452156067,3.1285054813505874e-06,0.0,0.0,0.8271666654176364,0.013719111680984497,0,0,1,7300,0.07173006297201641,0.8271611891398227,0.8218564403595564,0.00016177098111672846,273.9543478055894,0.0,0.0,0.0,0.0,nan,0.0,0.0,0.0,0.0,nan
8800,stable_muon,1,113,0.3,128,4,512,226048,4,nested_depth_one_shared_v2,1.0044238479167689e-05,1.0,0.002953009447082877,1.0,2522.1132484170375,274.157049960072,nan,1.120505452156067,3.142981847103058e-06,0.0,0.0,0.8277546855723725,0.013760260306298733,0,0,1,7300,0.06978012227669116,0.8277492922938854,0.8224640972464328,0.00015737332961145563,274.157049960072,0.0,0.0,0.0,0.0,nan,0.0,0.0,0.0,0.0,nan
8900,stable_muon,1,113,0.3,128,4,512,226048,4,nested_depth_one_shared_v2,1.0067924449685961e-05,1.0,0.0031187678687274456,1.0,2539.22807808395,274.37108027878253,nan,1.120505452156067,3.1490250589308637e-06,0.0,0.0,0.8281428983317567,0.013738425448536873,0,0,1,7300,0.06791688494004276,0.8281374741753832,0.8231064825720433,0.00015317121797911925,274.37108027878253,0.0,0.0,0.0,0.0,nan,0.0,0.0,0.0,0.0,nan
9000,stable_muon,1,113,0.3,128,4,512,226048,4,nested_depth_one_shared_v2,1.0099545761477202e-05,1.0,0.0032720176968723536,1.0,2555.8792809169972,274.56724058207914,nan,1.120505452156067,3.158537596627534e-06,0.0,0.0,0.8285094414236165,0.013878815807402134,0,0,1,7300,0.06635940986058617,0.8285040205135632,0.8236952484629284,0.00014965868416513332,274.56724058207914,0.0,0.0,0.0,0.0,nan,0.0,0.0,0.0,0.0,nan
9100,stable_muon,1,113,0.3,128,4,512,226048,4,nested_depth_one_shared_v2,1.0149596164410468e-05,1.0,0.003418251173570752,1.0,2573.5028453749837,274.7256869578697,nan,1.120505452156067,3.1727881572817677e-06,0.0,0.0,0.8283983797527229,0.013680588454008102,0,0,1,7300,0.06467622337641846,0.8283930349868573,0.8241719555045677,0.0001458626366271233,274.7256869578697,0.0,0.0,0.0,0.0,nan,0.0,0.0,0.0,0.0,nan
9200,stable_muon,1,113,0.3,128,4,512,226048,4,nested_depth_one_shared_v2,1.0192547961196396e-05,1.0,0.0035224580205976963,0.9998881220817566,2590.762648083968,274.8535330531792,nan,1.120505452156067,3.187839751650444e-06,0.0,0.0,0.8282662415607047,0.01365664228796959,0,0,1,7300,0.06394950151029442,0.8282607590295425,0.8245568797759376,0.0001442236793418393,274.8535330531792,0.0,0.0,0.0,0.0,nan,0.0,0.0,0.0,0.0,nan
9300,stable_muon,1,113,0.3,128,4,512,226048,4,nested_depth_one_shared_v2,1.0246674719383009e-05,1.0,0.003634052351117134,0.9998881220817566,2608.1014499999583,274.9357438506526,nan,1.120505452156067,3.203979266930439e-06,0.0,0.0,0.8281986780590465,0.013741890899837017,0,0,1,7300,0.06390325895279676,0.8281931780121142,0.8248044487410044,0.0001441193896816077,274.9357438506526,0.0,0.0,0.0,0.0,nan,0.0,0.0,0.0,0.0,nan
9400,stable_muon,1,113,0.3,128,4,512,226048,4,nested_depth_one_shared_v2,1.030973180604633e-05,1.0,0.0037014286499470472,0.9998881220817566,2625.3463314999826,274.97966438514237,nan,1.120505452156067,3.221853293785203e-06,0.0,0.0,0.8277979523327459,0.013721291907131672,0,0,1,7300,0.06251824090661465,0.8277924994551503,0.8249374989706889,0.00014099579381521814,274.97966438514237,0.0,0.0,0.0,0.0,nan,0.0,0.0,0.0,0.0,nan
9500,stable_muon,1,113,0.3,128,4,512,226048,4,nested_depth_one_shared_v2,1.0371170901635196e-05,1.0,0.003715968457981944,0.9998881220817566,2642.349568209029,275.00610061520337,nan,1.120505452156067,3.2418449936726683e-06,0.0,0.0,0.8276709043880509,0.013647010549902916,0,0,1,7300,0.06158628300294841,0.8276652984788752,0.8250172201577957,0.00013889397293023726,275.00610061520337,0.0,0.0,0.0,0.0,nan,0.0,0.0,0.0,0.0,nan
9600,stable_muon,1,113,0.3,128,4,512,226048,4,nested_depth_one_shared_v2,1.0439926882099826e-05,1.0,0.0037589427083730698,0.9998881220817566,2660.3473116250243,275.02569970871343,nan,1.120505452156067,3.261451039166092e-06,0.0,0.0,0.8276663447708708,0.013536620885133743,0,0,1,7300,0.0611010809977095,0.8276609919826883,0.8250760992079024,0.00013779970922579964,275.02569970871343,0.0,0.0,0.0,0.0,nan,0.0,0.0,0.0,0.0,nan
9700,stable_muon,1,113,0.3,128,4,512,226048,4,nested_depth_one_shared_v2,1.0512011613172945e-05,1.0,0.003789978800341487,0.9998881220817566,2678.364509042003,275.00898364114965,nan,1.120505452156067,3.2841240267667157e-06,0.0,0.0,0.8270721419942995,0.013579011894762516,0,0,1,7300,0.06018951298395669,0.8270666464779661,0.825027392490331,0.0001357438731393745,275.00898364114965,0.0,0.0,0.0,0.0,nan,0.0,0.0,0.0,0.0,nan
9800,stable_muon,1,113,0.3,128,4,512,226048,4,nested_depth_one_shared_v2,1.0592280887067318e-05,1.0,0.0037920314352959394,0.9998881220817566,2695.656463542022,274.97230210176986,nan,1.120505452156067,3.3066325735386517e-06,0.0,0.0,0.8269459821622779,0.013664735481142998,0,0,1,7300,0.0591030380910907,0.8269407137460127,0.824917161000134,0.00013329357403053094,274.97230210176986,0.0,0.0,0.0,0.0,nan,0.0,0.0,0.0,0.0,nan
9900,stable_muon,1,113,0.3,128,4,512,226048,4,nested_depth_one_shared_v2,1.0659075087460224e-05,1.0,0.0037854453548789024,0.9998881220817566,2712.895546249929,274.93944225617645,nan,1.120505452156067,3.3330006497447374e-06,0.0,0.0,0.8267341263320312,0.013850012794137001,0,0,1,7300,0.0583826532494125,0.8267287597831183,0.8248187702663071,0.00013166890847481595,274.93944225617645,0.0,0.0,0.0,0.0,nan,0.0,0.0,0.0,0.0,nan
10000,stable_muon,1,113,0.3,128,4,512,226048,4,nested_depth_one_shared_v2,1.0703114639909472e-05,1.0,0.0037524779327213764,0.9998881220817566,2729.9485329169547,274.91734476163356,nan,1.120505452156067,3.3442783487401617e-06,0.0,0.0,0.8265873670061059,0.013763029128313065,0,0,1,7300,0.057344532010284735,0.8265819740506404,0.8247525025360154,0.00012932766012769924,274.91734476163356,0.0,0.0,0.0,0.0,nan,0.0,0.0,0.0,0.0,nan
10100,stable_muon,1,113,0.3,128,4,512,226048,4,nested_depth_one_shared_v2,1.0754502909549046e-05,1.0,0.0037320114206522703,0.9998881220817566,2748.328521208954,274.89107313681586,nan,1.120505452156067,3.360688398581656e-06,0.0,0.0,0.8262853782106517,0.013627814128994942,0,0,1,7300,0.05499934081850328,0.8262799685162563,0.8246738819962366,0.00012403861026099547,274.89107313681586,0.0,0.0,0.0,0.0,nan,0.0,0.0,0.0,0.0,nan
10200,stable_muon,1,113,0.3,128,4,512,226048,4,nested_depth_one_shared_v2,1.0784538062580395e-05,1.0,0.0037345383316278458,0.9998881220817566,2765.2631192089757,274.8701242933229,nan,1.120505452156067,3.3815282249140625e-06,0.0,0.0,0.8260671383058485,0.013676414266228676,0,0,1,7300,0.05365743816106162,0.8260618370048353,0.8246112387791353,0.0001210122514309165,274.8701242933229,0.0,0.0,0.0,0.0,nan,0.0,0.0,0.0,0.0,nan
10300,stable_muon,1,113,0.3,128,4,512,226048,4,nested_depth_one_shared_v2,1.0808660590555519e-05,1.0,0.0037319099064916372,1.0,2783.089871541946,274.87504622139437,nan,1.120505452156067,3.390780803105128e-06,0.0,0.0,0.826327947263123,0.013544503599405289,0,0,1,7300,0.05284884708229271,0.8263225905664834,0.82462510621992,0.00011918865659891823,274.87504622139437,0.0,0.0,0.0,0.0,nan,0.0,0.0,0.0,0.0,nan
10400,stable_muon,1,113,0.3,128,4,512,226048,4,nested_depth_one_shared_v2,1.084053292288445e-05,1.0,0.0037400845903903246,1.0,2800.2467098339694,274.8960065100069,nan,1.120505452156067,3.3891624234916474e-06,0.0,0.0,0.8267694522797604,0.013540557585656643,0,0,1,7300,0.052117916819752315,0.8267640273114983,0.8246867054569978,0.00011754020822455674,274.8960065100069,0.0,0.0,0.0,0.0,nan,0.0,0.0,0.0,0.0,nan
10500,stable_muon,1,113,0.3,128,4,512,226048,4,nested_depth_one_shared_v2,1.0847597877727821e-05,1.0,0.0037341781426221132,1.0,2816.9471352089895,274.9446856404508,nan,1.120505452156067,3.4068798059378788e-06,0.0,0.0,0.8271308416435589,0.013531201519072056,0,0,1,7300,0.05581031360326005,0.8271257055815294,0.8248328161043286,0.00012586757649374854,274.9446856404508,0.0,0.0,0.0,0.0,nan,0.0,0.0,0.0,0.0,nan
10600,stable_muon,1,113,0.3,128,4,512,226048,4,nested_depth_one_shared_v2,1.0875452971959021e-05,1.0,0.0037568097468465567,1.0,2833.8747756249504,275.02686726462355,nan,1.120505452156067,3.403784811634862e-06,0.0,0.0,0.828505469406552,0.013624047860503197,0,0,1,7300,0.06644031997303165,0.8285000634309176,0.8250783164619082,0.00014984115867763554,275.02686726462355,0.0,0.0,0.0,0.0,nan,0.0,0.0,0.0,0.0,nan
10700,stable_muon,1,113,0.3,128,4,512,226048,4,nested_depth_one_shared_v2,1.0884790754062124e-05,1.0,0.0037870765663683414,1.0,2850.727500249981,275.04882567316247,nan,1.120505452156067,3.403025696843693e-06,0.0,0.0,0.8270017872955355,0.013679196126759052,0,0,1,7300,0.06944004272580678,0.8269963046891583,0.8251496701626906,0.00015660635687610806,275.04882567316247,0.0,0.0,0.0,0.0,nan,0.0,0.0,0.0,0.0,nan
10800,stable_muon,1,113,0.3,128,4,512,226048,4,nested_depth_one_shared_v2,1.0896400453930255e-05,1.0,0.0038414683658629656,1.0,2867.319645875017,274.9437947971679,nan,1.120505452156067,3.4076423338849384e-06,0.0,0.0,0.8265861538539692,0.013715039007365704,0,0,1,7300,0.06298700782287266,0.8265807510939444,0.8248333297775367,0.00014205299188275233,274.9437947971679,0.0,0.0,0.0,0.0,nan,0.0,0.0,0.0,0.0,nan
10900,stable_muon,1,113,0.3,128,4,512,226048,4,nested_depth_one_shared_v2,1.092624916054774e-05,1.0,0.003882773220539093,1.0,2884.346671749954,274.90010718745566,nan,1.120505452156067,3.415416145647306e-06,0.0,0.0,0.8266787986182572,0.013742786832153797,0,0,1,7300,0.057790896150372084,0.8266734239798296,0.8247004518892367,0.00013033433378565248,274.90010718745566,0.0,0.0,0.0,0.0,nan,0.0,0.0,0.0,0.0,nan
11000,stable_muon,1,113,0.3,128,4,512,226048,4,nested_depth_one_shared_v2,1.0944052519334946e-05,1.0,0.003899282542988658,1.0,2902.697238459019,274.9139156673726,nan,1.120505452156067,3.4202751133769995e-06,0.0,0.0,0.8266989897248492,0.013652361929416656,0,0,1,7300,0.05435561675537178,0.8266937869707514,0.8247412398701216,0.00012258683580344544,274.9139156673726,0.0,0.0,0.0,0.0,nan,0.0,0.0,0.0,0.0,nan
11100,stable_muon,1,113,0.3,128,4,512,226048,4,nested_depth_one_shared_v2,1.0973621101584285e-05,1.0,0.003917340189218521,1.0,2920.7767122499645,274.9288299786291,nan,1.120505452156067,3.4305434475426857e-06,0.0,0.0,0.8266213296267598,0.013704223558306694,0,0,1,7300,0.05329529304455916,0.8266161774929631,0.8247861439288496,0.00012019551478834463,274.9288299786291,0.0,0.0,0.0,0.0,nan,0.0,0.0,0.0,0.0,nan
11200,stable_muon,1,113,0.3,128,4,512,226048,4,nested_depth_one_shared_v2,1.100443387258565e-05,1.0,0.003933694213628769,1.0,2937.768418624997,274.9523019044573,nan,1.120505452156067,3.4398104854547045e-06,0.0,0.0,0.8264377585915315,0.01369454525411129,0,0,1,7300,0.05107567246161173,0.826432318316509,0.8248569046851814,0.0001151896611123152,274.9523019044573,0.0,0.0,0.0,0.0,nan,0.0,0.0,0.0,0.0,nan
11300,stable_muon,1,113,0.3,128,4,512,226048,4,nested_depth_one_shared_v2,1.1051494766434189e-05,1.0,0.003974210005253553,1.0,2955.7958005419932,274.9882329043266,nan,1.120505452156067,3.451905771249359e-06,0.0,0.0,0.8263968794656095,0.013715256005525589,0,0,1,7300,0.05116870941261061,0.8263916970738244,0.8249651617567219,0.00011539948497443936,274.9882329043266,0.0,0.0,0.0,0.0,nan,0.0,0.0,0.0,0.0,nan
11400,stable_muon,1,113,0.3,128,4,512,226048,4,nested_depth_one_shared_v2,1.1094228284491692e-05,1.0,0.003985083196312189,1.0,2973.2039398750057,275.02781139121106,nan,1.120505452156067,3.463363951342721e-06,0.0,0.0,0.8263735875828448,0.01370188221335411,0,0,1,7300,0.04961318916209962,0.8263684276377563,0.8250840395271342,0.00011189135983630485,275.02781139121106,0.0,0.0,0.0,0.0,nan,0.0,0.0,0.0,0.0,nan
11500,stable_muon,1,113,0.3,128,4,512,226048,4,nested_depth_one_shared_v2,1.112283189286245e-05,1.0,0.004025145899504423,1.0,2991.2214746669633,275.0767218576478,nan,1.120505452156067,3.4734074855934326e-06,0.0,0.0,0.8267153976600664,0.013736576773226261,0,0,1,7300,0.04945911764893798,0.8267099932215058,0.8252301551427081,0.00011154388628318638,275.0767218576478,0.0,0.0,0.0,0.0,nan,0.0,0.0,0.0,0.0,nan
11600,stable_muon,1,113,0.3,128,4,512,226048,4,nested_depth_one_shared_v2,1.1153551895404235e-05,1.0,0.004064582753926516,1.0,3009.801606666995,275.1286125282284,nan,1.120505452156067,3.4805678207152625e-06,0.0,0.0,0.8268914950885585,0.013840454630553722,0,0,1,7300,0.04895319216820898,0.8268862022342449,0.8253856739249436,0.0001104028854531521,275.1286125282284,0.0,0.0,0.0,0.0,nan,0.0,0.0,0.0,0.0,nan
11700,stable_muon,1,113,0.3,128,4,512,226048,4,nested_depth_one_shared_v2,1.1176086445630062e-05,1.0,0.004103512037545443,1.0,3026.9421453339746,275.17999688294566,nan,1.120505452156067,3.4896159952218275e-06,0.0,0.0,0.8267344384946507,0.01389289926737547,0,0,1,7300,0.04994521020241685,0.8267291711459328,0.8255409423262616,0.00011264015841835083,275.17999688294566,0.0,0.0,0.0,0.0,nan,0.0,0.0,0.0,0.0,nan
11800,stable_muon,1,113,0.3,128,4,512,226048,4,nested_depth_one_shared_v2,1.1210603588551749e-05,1.0,0.004102392587810755,1.0,3044.1941227089847,275.21397590356315,nan,1.120505452156067,3.4979932397658333e-06,0.0,0.0,0.8269531763225697,0.013893582858145237,0,0,1,7300,0.049048992566028946,0.8269479227668867,0.825642365615645,0.00011061894164639362,275.21397590356315,0.0,0.0,0.0,0.0,nan,0.0,0.0,0.0,0.0,nan
11900,stable_muon,1,113,0.3,128,4,512,226048,4,nested_depth_one_shared_v2,1.1224392437725328e-05,1.0,0.004088490270078182,1.0,3062.33969254198,275.2521498277905,nan,1.120505452156067,3.503444051203959e-06,0.0,0.0,0.8272156627401237,0.013942329213023186,0,0,1,7300,0.05009488127541473,0.8272105656682889,0.8257566286981636,0.0001129777077710275,275.2521498277905,0.0,0.0,0.0,0.0,nan,0.0,0.0,0.0,0.0,nan
12000,stable_muon,1,113,0.3,128,4,512,226048,4,nested_depth_one_shared_v2,1.1241915672144387e-05,1.0,0.004084007814526558,1.0,3080.0000825419556,275.2836404903659,nan,1.120505452156067,3.510652801371686e-06,0.0,0.0,0.8271000358878867,0.01405386347323656,0,0,1,7300,0.05053836049305232,0.8270950589727627,0.825851814087695,0.00011397787513697697,275.2836404903659,0.0,0.0,0.0,0.0,nan,0.0,0.0,0.0,0.0,nan
12100,stable_muon,1,113,0.3,128,4,512,226048,4,nested_depth_one_shared_v2,1.1261960935371462e-05,1.0,0.004077117890119553,1.0,3097.191775250016,275.3096380949563,nan,1.120505452156067,3.5132867604177225e-06,0.0,0.0,0.827233806922426,0.014174810610711575,0,0,1,7300,0.05012799512058309,0.8272284127283537,0.8259295646002089,0.00011305238858126912,275.3096380949563,0.0,0.0,0.0,0.0,nan,0.0,0.0,0.0,0.0,nan
12200,stable_muon,1,113,0.3,128,4,512,226048,4,nested_depth_one_shared_v2,1.1281413208052982e-05,1.0,0.004069633781909943,1.0,3115.1627408750355,275.3341402393094,nan,1.120505452156067,3.52442149706597e-06,0.0,0.0,0.8272812715536593,0.014132215641438961,0,0,1,7300,0.05078659614006666,0.8272759678360558,0.8260032695312814,0.0001145377146589543,275.3341402393094,0.0,0.0,0.0,0.0,nan,0.0,0.0,0.0,0.0,nan
12300,stable_muon,1,113,0.3,128,4,512,226048,4,nested_depth_one_shared_v2,1.1289724170637783e-05,1.0,0.004037282429635525,1.0,3134.015807833988,275.3723933935902,nan,1.120505452156067,3.526034295733165e-06,0.0,0.0,0.8272975975901743,0.01424048189073801,0,0,1,7300,0.05022075675980259,0.8272921343096448,0.8261182216765484,0.00011326159153976071,275.3723933935902,0.0,0.0,0.0,0.0,nan,0.0,0.0,0.0,0.0,nan
12400,stable_muon,1,113,0.3,128,4,512,226048,4,nested_depth_one_shared_v2,1.1308802640996873e-05,1.0,0.004028239753097296,1.0,3152.2768678750144,275.4055151431246,nan,1.120505452156067,3.5308482739413867e-06,0.0,0.0,0.827646828303695,0.014239110983908176,0,0,1,7300,0.04971055062459315,0.8276417787870713,0.8262167395287877,0.00011211093665888036,275.4055151431246,0.0,0.0,0.0,0.0,nan,0.0,0.0,0.0,0.0,nan
12500,stable_muon,1,113,0.3,128,4,512,226048,4,nested_depth_one_shared_v2,1.1331866517139133e-05,1.0,0.004006417002528906,1.0,3170.449244083953,275.43481178908274,nan,1.120505452156067,3.538850501101381e-06,0.0,0.0,0.8276180745230246,0.014285692013800144,0,0,1,7300,0.048977502053794406,0.8276128599628106,0.8263048497265798,0.00011045771091794394,275.43481178908274,0.0,0.0,0.0,0.0,nan,0.0,0.0,0.0,0.0,nan
12600,stable_muon,1,113,0.3,128,4,512,226048,4,nested_depth_one_shared_v2,1.137014896812616e-05,1.0,0.0040034023113548756,1.0,3188.4566274170065,275.43874059447035,nan,1.120505452156067,3.5509726005011687e-06,0.0,0.0,0.8273623115621359,0.01418900117278099,0,0,1,7300,0.04947866610333217,0.8273572476345821,0.8263175314047526,0.00011158797341368141,275.43874059447035,0.0,0.0,0.0,0.0,nan,0.0,0.0,0.0,0.0,nan
12700,stable_muon,1,113,0.3,128,4,512,226048,4,nested_depth_one_shared_v2,1.1419669135648292e-05,1.0,0.003983215428888798,1.0,3206.4933132090373,275.42537981832567,nan,1.120505452156067,3.5661352345085083e-06,0.0,0.0,0.8271684362014362,0.01422023307532072,0,0,1,7300,0.04910980961442313,0.8271633037319427,0.8262778467888516,0.00011075610078413463,275.42537981832567,0.0,0.0,0.0,0.0,nan,0.0,0.0,0.0,0.0,nan
12800,stable_muon,1,113,0.3,128,4,512,226048,4,nested_depth_one_shared_v2,1.1455585990916006e-05,1.0,0.0039271581918001175,1.0,3224.1362887920113,275.40908294091247,nan,1.120505452156067,3.576199368713871e-06,0.0,0.0,0.8271568954784401,0.014147081412374973,0,0,1,7300,0.049516457858363956,0.8271517251353199,0.8262289168317178,0.00011167320419469997,275.40908294091247,0.0,0.0,0.0,0.0,nan,0.0,0.0,0.0,0.0,nan
12900,stable_muon,1,113,0.3,128,4,512,226048,4,nested_depth_one_shared_v2,1.1496017577883322e-05,1.0,0.003875257447361946,1.0,3241.1455153339775,275.38848147487755,nan,1.120505452156067,3.5944010013647396e-06,0.0,0.0,0.8269013410375181,0.014052909798920155,0,0,1,7300,0.04921740914084824,0.8268963183331535,0.8261676422954166,0.00011099876725111203,275.38848147487755,0.0,0.0,0.0,0.0,nan,0.0,0.0,0.0,0.0,nan
13000,stable_muon,1,113,0.3,128,4,512,226048,4,nested_depth_one_shared_v2,1.154083656729199e-05,1.0,0.0038197438698261976,1.0,3258.225773583981,275.35137792348604,nan,1.120505452156067,3.6096762309308637e-06,0.0,0.0,0.8267826131641459,0.013985875062644482,0,0,1,7300,0.0484753179577429,0.8267773919370947,0.826056223525814,0.00010932514793732643,275.35137792348604,0.0,0.0,0.0,0.0,nan,0.0,0.0,0.0,0.0,nan
13100,stable_muon,1,113,0.3,128,4,512,226048,4,nested_depth_one_shared_v2,1.158652867161436e-05,1.0,0.0037790057249367237,1.0,3275.173272458953,275.317030992605,nan,1.120505452156067,3.627665378545852e-06,0.0,0.0,0.826330278507591,0.014014492742717266,0,0,1,7300,0.04924068399785572,0.826325110040326,0.8259543706580299,0.00011105125844235664,275.317030992605,0.0,0.0,0.0,0.0,nan,0.0,0.0,0.0,0.0,nan
13200,stable_muon,1,113,0.3,128,4,512,226048,4,nested_depth_one_shared_v2,1.1638661817414686e-05,1.0,0.0037404841277748346,1.0,3292.806783042033,275.2780214784298,nan,1.120505452156067,3.646414371229152e-06,0.0,0.0,0.8261819022696544,0.014044500887393951,0,0,1,7300,0.04799161202515192,0.8261766340571876,0.8258372168117994,0.0001082342582873654,275.2780214784298,0.0,0.0,0.0,0.0,nan,0.0,0.0,0.0,0.0,nan
13300,stable_muon,1,113,0.3,128,4,512,226048,4,nested_depth_one_shared_v2,1.16818628157489e-05,1.0,0.0037141942884773016,1.0,3311.2036554589868,275.2405650843072,nan,1.120505452156067,3.649190320054862e-06,0.0,0.0,0.8265718481727558,0.014080607332289219,0,0,1,7300,0.04559571413662032,0.8265666942618215,0.8257229279662751,0.00010283085090105848,275.2405650843072,0.0,0.0,0.0,0.0,nan,0.0,0.0,0.0,0.0,nan
13400,stable_muon,1,113,0.3,128,4,512,226048,4,nested_depth_one_shared_v2,1.1704490134434309e-05,1.0,0.0037008572835475206,1.0,3328.3069923339644,275.21815056794065,nan,1.120505452156067,3.6606416158019035e-06,0.0,0.0,0.8264554259672454,0.014022997580468655,0,0,1,7300,0.045504671558184585,0.826450140153181,0.825655818180598,0.00010262552489649758,275.21815056794065,0.0,0.0,0.0,0.0,nan,0.0,0.0,0.0,0.0,nan
13500,stable_muon,1,113,0.3,128,4,512,226048,4,nested_depth_one_shared_v2,1.1727989658538718e-05,1.0,0.0036948600318282843,1.0,3345.711952041951,275.19761324608703,nan,1.120505452156067,3.6780019540288735e-06,0.0,0.0,0.8261239678036214,0.014233252964913845,0,0,1,7300,0.04582639092898838,0.8261187153206194,0.8255950724030514,0.00010335109038609557,275.19761324608703,0.0,0.0,0.0,0.0,nan,0.0,0.0,0.0,0.0,nan
13600,stable_muon,1,113,0.3,128,4,512,226048,4,nested_depth_one_shared_v2,1.1763285328925122e-05,1.0,0.0036674360744655132,1.0,3365.163856250001,275.1728653290175,nan,1.120505452156067,3.684087230010597e-06,0.0,0.0,0.8259368820290026,0.014038775116205215,0,0,1,7300,0.04367567899470366,0.8259316486827772,0.8255208189074449,9.850064462746814e-05,275.1728653290175,0.0,0.0,0.0,0.0,nan,0.0,0.0,0.0,0.0,nan
13700,stable_muon,1,113,0.3,128,4,512,226048,4,nested_depth_one_shared_v2,1.1806174370576628e-05,1.0,0.0036477313842624426,1.0,3384.5410024169832,275.14680762774987,nan,1.120505452156067,3.7014477823182406e-06,0.0,0.0,0.8260991630062741,0.014131320640444756,0,0,1,7300,0.04442605491514982,0.8260939481203903,0.8254420422122112,0.00010019294829802674,275.14680762774987,0.0,0.0,0.0,0.0,nan,0.0,0.0,0.0,0.0,nan
13800,stable_muon,1,113,0.3,128,4,512,226048,4,nested_depth_one_shared_v2,1.1834560609713662e-05,1.0,0.0036209956742823124,1.0,3401.4694314169465,275.1261974358189,nan,1.120505452156067,3.7153179837385864e-06,0.0,0.0,0.825771305798338,0.014155085198581219,0,0,1,7300,0.04511751954950656,0.8257661883843319,0.8253811251187569,0.00010175239084795242,275.1261974358189,0.0,0.0,0.0,0.0,nan,0.0,0.0,0.0,0.0,nan
13900,stable_muon,1,113,0.3,128,4,512,226048,4,nested_depth_one_shared_v2,1.1863756299135275e-05,1.0,0.003605329431593418,1.0,3419.678315083962,275.10692910932,nan,1.120505452156067,3.716723970717169e-06,0.0,0.0,0.8260720572547148,0.014194047078490257,0,0,1,7300,0.04236528478078689,0.8260668280948035,0.8253218034917484,9.554534598625964e-05,275.10692910932,0.0,0.0,0.0,0.0,nan,0.0,0.0,0.0,0.0,nan
14000,stable_muon,1,113,0.3,128,4,512,226048,4,nested_depth_one_shared_v2,1.1893915143446065e-05,1.0,0.0036175453569740057,1.0,3437.258912625024,275.0865481582648,nan,1.120505452156067,3.725600146704862e-06,0.0,0.0,0.8259293467956196,0.014287631958723068,0,0,1,7300,0.042350369847306904,0.8259242141056456,0.8252609039416224,9.551170871727677e-05,275.0865481582648,0.0,0.0,0.0,0.0,nan,0.0,0.0,0.0,0.0,nan
14100,stable_muon,1,113,0.3,128,4,512,226048,4,nested_depth_one_shared_v2,1.191302635561442e-05,1.0,0.003643094329163432,1.0,3454.7424733339576,275.0670639494848,nan,1.120505452156067,3.726740248738838e-06,0.0,0.0,0.826034531124096,0.014313498511910439,0,0,1,7300,0.041994510830771443,0.8260295783357615,0.825201903612321,9.47091489555959e-05,275.0670639494848,0.0,0.0,0.0,0.0,nan,0.0,0.0,0.0,0.0,nan
14200,stable_muon,1,113,0.3,128,4,512,226048,4,nested_depth_one_shared_v2,1.195006461784942e-05,1.0,0.00364684802480042,1.0,3472.8984623749275,275.05553718209757,nan,1.120505452156067,3.740916516553227e-06,0.0,0.0,0.8260164857219681,0.014374898746609688,0,0,1,7300,0.0416604017186023,0.8260113706189507,0.8251672233213452,9.395564119837105e-05,275.05553718209757,0.0,0.0,0.0,0.0,nan,0.0,0.0,0.0,0.0,nan
14300,stable_muon,1,113,0.3,128,4,512,226048,4,nested_depth_one_shared_v2,1.1977640497207176e-05,1.0,0.003651377046480775,1.0,3490.9176705839345,275.05637084600664,nan,1.120505452156067,3.7487760898860595e-06,0.0,0.0,0.8262744817486314,0.01434250082820654,0,0,1,7300,0.04156711993515617,0.8262692843316473,0.8251689407414318,9.374526517187451e-05,275.05637084600664,0.0,0.0,0.0,0.0,nan,0.0,0.0,0.0,0.0,nan
14400,stable_muon,1,113,0.3,128,4,512,226048,4,nested_depth_one_shared_v2,1.199401231133379e-05,1.0,0.0036540725268423557,1.0,3507.7077804999426,275.0750992250238,nan,1.120505452156067,3.7511560143627068e-06,0.0,0.0,0.8264505830562219,0.014337850734591484,0,0,1,7300,0.04069890071144283,0.8264454489496398,0.8252246343074094,9.178719250575536e-05,275.0750992250238,0.0,0.0,0.0,0.0,nan,0.0,0.0,0.0,0.0,nan
14500,stable_muon,1,113,0.3,128,4,512,226048,4,nested_depth_one_shared_v2,1.2005125427094754e-05,1.0,0.0036666863597929478,1.0,3525.174707917031,275.09287300296484,nan,1.120505452156067,3.7586938179488023e-06,0.0,0.0,0.8265721949865203,0.014433530159294605,0,0,1,7300,0.040980528516358326,0.8265670100636363,0.8252777916091893,9.242234050958054e-05,275.09287300296484,0.0,0.0,0.0,0.0,nan,0.0,0.0,0.0,0.0,nan
14600,stable_muon,1,113,0.3,128,4,512,226048,4,nested_depth_one_shared_v2,1.2021963812003378e-05,1.0,0.0036881077103316784,1.0,3541.8727033339674,275.10525936708984,nan,1.120505452156067,3.760883603385228e-06,0.0,0.0,0.8264663149191624,0.01442702952772379,0,0,1,7300,0.040278193390783396,0.8264609716908428,0.8253152783593627,9.083838201812735e-05,275.10525936708984,0.0,0.0,0.0,0.0,nan,0.0,0.0,0.0,0.0,nan
14700,stable_muon,1,113,0.3,128,4,512,226048,4,nested_depth_one_shared_v2,1.2026041076751426e-05,1.0,0.0036982123274356127,1.0,3558.6981582089793,275.1321219956242,nan,1.120505452156067,3.762245768436849e-06,0.0,0.0,0.8268062132673845,0.014509064145386219,0,0,1,7300,0.04042639937688613,0.8268010320410384,0.8253951057275029,9.117262719770518e-05,275.1321219956242,0.0,0.0,0.0,0.0,nan,0.0,0.0,0.0,0.0,nan
14800,stable_muon,1,113,0.3,128,4,512,226048,4,nested_depth_one_shared_v2,1.2032515769533347e-05,1.0,0.0037220653612166643,1.0,3575.950729541946,275.16500746307725,nan,1.120505452156067,3.7648276341406977e-06,0.0,0.0,0.8270318398380484,0.014618637971580029,0,0,1,7300,0.039559015909240075,0.8270263079548422,0.8254932540291109,8.921643939092362e-05,275.16500746307725,0.0,0.0,0.0,0.0,nan,0.0,0.0,0.0,0.0,nan
14900,stable_muon,1,113,0.3,128,4,512,226048,4,nested_depth_one_shared_v2,1.2033262464683503e-05,1.0,0.0037335059605538845,1.0,3592.915717749973,275.196687090281,nan,1.120505452156067,3.7671700449207607e-06,0.0,0.0,0.8270433312774917,0.014668786898255348,0,0,1,7300,0.040181529768122844,0.8270383852656268,0.8255886328579167,9.062037901592456e-05,275.196687090281,0.0,0.0,0.0,0.0,nan,0.0,0.0,0.0,0.0,nan
15000,stable_muon,1,113,0.3,128,4,512,226048,4,nested_depth_one_shared_v2,1.204107411467703e-05,1.0,0.003735889447852969,1.0,3610.642938541947,275.2381933194187,nan,1.120505452156067,3.7673789072380437e-06,0.0,0.0,0.8274571874346603,0.014685145579278469,0,0,1,7300,0.04055030550623166,0.8274519499287996,0.8257123337607201,9.145206953025162e-05,275.2381933194187,0.0,0.0,0.0,0.0,nan,0.0,0.0,0.0,0.0,nan
15100,stable_muon,1,113,0.3,128,4,512,226048,4,nested_depth_one_shared_v2,1.2045027688145638e-05,1.0,0.00373788527213037,1.0,3627.896060124971,275.29079633390666,nan,1.120505452156067,3.7703489590780862e-06,0.0,0.0,0.8274382401382416,0.014703088440001011,0,0,1,7300,0.0406465534279351,0.8274329411566658,0.8258706895417972,9.166913501269077e-05,275.29079633390666,0.0,0.0,0.0,0.0,nan,0.0,0.0,0.0,0.0,nan
15200,stable_muon,1,113,0.3,128,4,512,226048,4,nested_depth_one_shared_v2,1.2054800208716188e-05,1.0,0.0037371201906353235,1.0,3644.6853942089947,275.3523386307025,nan,1.120505452156067,3.78987553735139e-06,0.0,0.0,0.8277104146905223,0.014744310639798641,0,0,1,7300,0.04196886220977177,0.8277054445460532,0.8260552491956383,9.465130427497674e-05,275.3523386307025,0.0,0.0,0.0,0.0,nan,0.0,0.0,0.0,0.0,nan
15300,stable_muon,1,113,0.3,128,4,512,226048,4,nested_depth_one_shared_v2,1.206740580528276e-05,1.0,0.0037278456147760153,1.0,3661.2406788750086,275.4184815839867,nan,1.120505452156067,3.7987632397262123e-06,0.0,0.0,0.8279365745374612,0.01474006101489067,0,0,1,7300,0.04296111487644775,0.8279313943391485,0.8262537472998845,9.68891064007951e-05,275.4184815839867,0.0,0.0,0.0,0.0,nan,0.0,0.0,0.0,0.0,nan
15400,stable_muon,1,113,0.3,128,4,512,226048,4,nested_depth_one_shared_v2,1.2081504792149644e-05,1.0,0.003714300226420164,1.0,3677.6461652499856,275.483476722253,nan,1.120505452156067,3.8046457879071343e-06,0.0,0.0,0.8281212261560518,0.014625851064920425,0,0,1,7300,0.043438716107438,0.8281159361064927,0.8264488383093184,9.79662282729729e-05,275.483476722253,0.0,0.0,0.0,0.0,nan,0.0,0.0,0.0,0.0,nan
15500,stable_muon,1,113,0.3,128,4,512,226048,4,nested_depth_one_shared_v2,1.210428945341846e-05,1.0,0.003668493125587702,1.0,3694.6623832089826,275.54930737248725,nan,1.120505452156067,3.801975821972586e-06,0.0,0.0,0.8284822354216524,0.014611908234655857,0,0,1,7300,0.04223332478488112,0.8284770977130322,0.8266456485277021,9.524773997392192e-05,275.54930737248725,0.0,0.0,0.0,0.0,nan,0.0,0.0,0.0,0.0,nan
15600,stable_muon,1,113,0.3,128,4,512,226048,4,nested_depth_one_shared_v2,1.2119385246478487e-05,1.0,0.003647303907200694,1.0,3711.7497633750318,275.60615384629926,nan,1.120505452156067,3.7985016218019848e-06,0.0,0.0,0.8287334138494761,0.014662548899650574,0,0,1,7300,0.041432786668155086,0.8287284425638275,0.8268158220760313,9.344230678178e-05,275.60615384629926,0.0,0.0,0.0,0.0,nan,0.0,0.0,0.0,0.0,nan
15700,stable_muon,1,113,0.3,128,4,512,226048,4,nested_depth_one_shared_v2,1.2132797564845532e-05,1.0,0.003621230833232403,1.0,3728.747692959034,275.66071637243425,nan,1.120505452156067,3.7964750542608175e-06,0.0,0.0,0.8287887231728026,0.014656977728009224,0,0,1,7300,0.0404384769199275,0.8287833669803153,0.8269796893904525,9.119986537241646e-05,275.66071637243425,0.0,0.0,0.0,0.0,nan,0.0,0.0,0.0,0.0,nan
15800,stable_muon,1,113,0.3,128,4,512,226048,4,nested_depth_one_shared_v2,1.2171766684332397e-05,1.0,0.003621108829975128,1.0,3745.864608041942,275.7036488421179,nan,1.120505452156067,3.8143556927894576e-06,0.0,0.0,0.828855032945226,0.014674101024866104,0,0,1,7300,0.04113671206368553,0.8288497931318242,0.8271087777146918,9.277457727947253e-05,275.7036488421179,0.0,0.0,0.0,0.0,nan,0.0,0.0,0.0,0.0,nan
15900,stable_muon,1,113,0.3,128,4,512,226048,4,nested_depth_one_shared_v2,1.2196106581541244e-05,1.0,0.003641408169642091,1.0,3762.8863245840184,275.75165069597864,nan,1.120505452156067,3.838228444799189e-06,0.0,0.0,0.8291807986349286,0.014663496986031532,0,0,1,7300,0.04220992786638482,0.8291755445628831,0.8272523968451813,9.519497350051548e-05,275.75165069597864,0.0,0.0,0.0,0.0,nan,0.0,0.0,0.0,0.0,nan
16000,stable_muon,1,113,0.3,128,4,512,226048,4,nested_depth_one_shared_v2,1.2209708074806258e-05,1.0,0.003655489766970277,1.0,3779.937392791966,275.79326207983473,nan,1.120505452156067,3.833686758115376e-06,0.0,0.0,0.829176418559499,0.014744902960956097,0,0,1,7300,0.04176119279714772,0.8291713449921397,0.8273775513347665,9.418295274653554e-05,275.79326207983473,0.0,0.0,0.0,0.0,nan,0.0,0.0,0.0,0.0,nan
16100,stable_muon,1,113,0.3,128,4,512,226048,4,nested_depth_one_shared_v2,1.2230343600094784e-05,1.0,0.0036612320691347122,1.0,3797.406962041976,275.820518635297,nan,1.120505452156067,3.846679357860138e-06,0.0,0.0,0.8294041760848054,0.014748753048479557,0,0,1,7300,0.04325936987599255,0.8293991087071872,0.8274591113022715,9.756175329249175e-05,275.820518635297,0.0,0.0,0.0,0.0,nan,0.0,0.0,0.0,0.0,nan
16200,stable_muon,1,113,0.3,128,4,512,226048,4,nested_depth_one_shared_v2,1.2254186003701761e-05,1.0,0.003672888269647956,1.0,3814.045728874975,275.8694895922614,nan,1.120505452156067,3.864290071583338e-06,0.0,0.0,0.8303448494959612,0.014872468076646328,0,0,1,7300,0.05067585704980854,0.8303398247565412,0.827604890934618,0.00011428796761375763,275.8694895922614,0.0,0.0,0.0,0.0,nan,0.0,0.0,0.0,0.0,nan
16300,stable_muon,1,113,0.3,128,4,512,226048,4,nested_depth_one_shared_v2,1.228353357873857e-05,1.0,0.0036951894871890545,1.0,3831.2419699589955,275.8941080650317,nan,1.120505452156067,3.851954068185405e-06,0.0,0.0,0.8290952049966616,0.014944680966436863,0,0,1,7300,0.05672729275529195,0.8290899462242785,0.8276839169409119,0.0001279356161822911,275.8941080650317,0.0,0.0,0.0,0.0,nan,0.0,0.0,0.0,0.0,nan
16400,stable_muon,1,113,0.3,128,4,512,226048,4,nested_depth_one_shared_v2,1.2316681932134088e-05,1.0,0.003730819094926119,1.0,3849.017541541951,275.75027103621267,nan,1.120505452156067,3.858594870264127e-06,0.0,0.0,0.8280300973490695,0.014970043674111366,0,0,1,7300,0.054863288144060496,0.8280249553263432,0.8272539403992137,0.00012373177413516146,275.75027103621267,0.0,0.0,0.0,0.0,nan,0.0,0.0,0.0,0.0,nan
16500,stable_muon,1,113,0.3,128,4,512,226048,4,nested_depth_one_shared_v2,1.2309368685237132e-05,1.0,0.0037684293929487467,1.0,3866.8840131249744,275.67845166862014,nan,1.120505452156067,3.859877074833126e-06,0.0,0.0,0.8278904317778897,0.01496825274080038,0,0,1,7300,0.04846731105613379,0.8278850949766845,0.8270370573437905,0.00010930709017639129,275.67845166862014,0.0,0.0,0.0,0.0,nan,0.0,0.0,0.0,0.0,nan
16600,stable_muon,1,113,0.3,128,4,512,226048,4,nested_depth_one_shared_v2,1.2320916539465543e-05,1.0,0.003802879247814417,1.0,3884.273485459038,275.6435186616519,nan,1.120505452156067,3.8624153192249735e-06,0.0,0.0,0.8280394218439212,0.014927878975868225,0,0,1,7300,0.04513634924249106,0.828034317682618,0.8269309280354019,0.00010179485697417647,275.6435186616519,0.0,0.0,0.0,0.0,nan,0.0,0.0,0.0,0.0,nan
16700,stable_muon,1,113,0.3,128,4,512,226048,4,nested_depth_one_shared_v2,1.2333614904491697e-05,1.0,0.0038269124925136566,1.0,3901.0791919169715,275.63579560247405,nan,1.120505452156067,3.869895680986059e-06,0.0,0.0,0.8278611954147675,0.014844519086182117,0,0,1,7300,0.043010384552010665,0.8278558811733384,0.8269078868090449,9.700022304317453e-05,275.63579560247405,0.0,0.0,0.0,0.0,nan,0.0,0.0,0.0,0.0,nan
16800,stable_muon,1,113,0.3,128,4,512,226048,4,nested_depth_one_shared_v2,1.2354530554148369e-05,1.0,0.0038387663662433624,1.0,3918.282108500018,275.6351114449113,nan,1.120505452156067,3.8761213435246e-06,0.0,0.0,0.8278936753341729,0.014714488759636879,0,0,1,7300,0.04201481971609198,0.8278884886559136,0.8269055763792225,9.475495106655977e-05,275.6351114449113,0.0,0.0,0.0,0.0,nan,0.0,0.0,0.0,0.0,nan
16900,stable_muon,1,113,0.3,128,4,512,226048,4,nested_depth_one_shared_v2,1.2361097105895169e-05,1.0,0.00383341358974576,1.0,3935.3938992499607,275.64959319684397,nan,1.120505452156067,3.879146047255987e-06,0.0,0.0,0.8282302644971256,0.014687914401292801,0,0,1,7300,0.04163291977388373,0.828224926497826,0.8269480806945941,9.389366186953855e-05,275.64959319684397,0.0,0.0,0.0,0.0,nan,0.0,0.0,0.0,0.0,nan
17000,stable_muon,1,113,0.3,128,4,512,226048,4,nested_depth_one_shared_v2,1.2374170182738453e-05,1.0,0.003837404539808631,1.0,3952.517088124994,275.6661131884641,nan,1.120505452156067,3.878553934813687e-06,0.0,0.0,0.8289214112640148,0.0145906126126647,0,0,1,7300,0.04319944232945488,0.8289162041811657,0.8269959468408862,9.742660022559567e-05,275.6661131884641,0.0,0.0,0.0,0.0,nan,0.0,0.0,0.0,0.0,nan
17100,stable_muon,1,113,0.3,128,4,512,226048,4,nested_depth_one_shared_v2,1.2372643141134176e-05,1.0,0.003862120909616351,1.0,3969.423064999981,275.68731534813065,nan,1.120505452156067,3.8780271680561645e-06,0.0,0.0,0.8288410313363503,0.014570480212569237,0,0,1,7300,0.042606285578988295,0.828836032091425,0.8270598943523062,9.60888689382772e-05,275.68731534813065,0.0,0.0,0.0,0.0,nan,0.0,0.0,0.0,0.0,nan
17200,stable_muon,1,113,0.3,128,4,512,226048,4,nested_depth_one_shared_v2,1.2397264072205871e-05,1.0,0.0038808798417448997,1.0,3987.0585963339545,275.7067004043477,nan,1.120505452156067,3.882538412421155e-06,0.0,0.0,0.8289056646285217,0.014465168118476868,0,0,1,7300,0.04273435697158002,0.8289004440596239,0.8271180502437819,9.637770508276283e-05,275.7067004043477,0.0,0.0,0.0,0.0,nan,0.0,0.0,0.0,0.0,nan
17300,stable_muon,1,113,0.3,128,4,512,226048,4,nested_depth_one_shared_v2,1.247526324732462e-05,1.0,0.003889814717695117,1.0,4004.102300458937,275.709680712102,nan,1.120505452156067,3.905891740710255e-06,0.0,0.0,0.828774065214994,0.014473387971520424,0,0,1,7300,0.04192712329481474,0.8287690339889279,0.8271272903875122,9.455717156487469e-05,275.709680712102,0.0,0.0,0.0,0.0,nan,0.0,0.0,0.0,0.0,nan
17400,stable_muon,1,113,0.3,128,4,512,226048,4,nested_depth_one_shared_v2,1.2788002095476259e-05,1.0,0.0039351158775389194,1.0,4020.6580986669287,275.66290091780786,nan,1.120505452156067,4.00718258858401e-06,0.0,0.0,0.8276318506733396,0.014415065757930279,0,0,1,7300,0.043223946979553104,0.8276267344329453,0.8269901709146885,9.748186493782461e-05,275.66290091780786,0.0,0.0,0.0,0.0,nan,0.0,0.0,0.0,0.0,nan
17500,stable_muon,1,113,0.3,128,4,512,226048,4,nested_depth_one_shared_v2,1.3270185263536405e-05,1.0,0.004019394516944885,1.0,4037.7588866249425,275.6147367832242,nan,1.120505452156067,4.155442427729278e-06,0.0,0.0,0.8290053678375322,0.014438842423260212,0,0,1,7300,0.042722420148038405,0.8289999130100597,0.8268410264732532,9.635078426914947e-05,275.6147367832242,0.0,0.0,0.0,0.0,nan,0.0,0.0,0.0,0.0,nan
17600,stable_muon,1,113,0.3,128,4,512,226048,4,nested_depth_one_shared_v2,1.3508973097486887e-05,1.0,0.004065786954015493,1.0,4055.3744527499657,275.69169958486185,nan,1.120505452156067,4.2288182975896695e-06,0.0,0.0,0.8295211436668236,0.014411082491278648,0,0,1,7300,0.04189014269472175,0.8295159893194713,0.8270709257118639,9.447377016089624e-05,275.69169958486185,0.0,0.0,0.0,0.0,nan,0.0,0.0,0.0,0.0,nan
17700,stable_muon,1,113,0.3,128,4,512,226048,4,nested_depth_one_shared_v2,1.3906899766880088e-05,1.0,0.004139608237892389,1.0,4071.4630750420038,275.71733284937,nan,1.120505452156067,4.354484474758016e-06,0.0,0.0,0.8279309529260943,0.014298123307526112,0,0,1,7300,0.04303495020620445,0.8279257453380001,0.8271530277581627,9.705562533638391e-05,275.71733284937,0.0,0.0,0.0,0.0,nan,0.0,0.0,0.0,0.0,nan
17800,stable_muon,1,113,0.3,128,4,512,226048,4,nested_depth_one_shared_v2,1.4951659068174195e-05,1.0,0.0043507907539606094,1.0,4087.4121415419504,275.5275816817311,nan,1.120505452156067,4.670833580059826e-06,0.0,0.0,0.8275599825575258,0.014278286136686802,0,0,1,7300,0.0445983476242222,0.827554975221588,0.826583427319397,0.00010058151564944216,275.5275816817311,0.0,0.0,0.0,0.0,nan,0.0,0.0,0.0,0.0,nan
17900,stable_muon,1,113,0.3,128,4,512,226048,4,nested_depth_one_shared_v2,1.541958590678405e-05,1.0,0.004476418253034353,1.0,4104.247587666963,275.4901590915096,nan,1.120505452156067,4.809190604355521e-06,0.0,0.0,0.8280810363019905,0.014324018731713295,0,0,1,7300,0.04207903291649037,0.8280755884414409,0.8264688563865117,9.489976945927672e-05,275.4901590915096,0.0,0.0,0.0,0.0,nan,0.0,0.0,0.0,0.0,nan
18000,stable_muon,1,113,0.3,128,4,512,226048,4,nested_depth_one_shared_v2,1.5639137927792035e-05,1.0,0.0045278603211045265,1.0,4122.400867459015,275.4855353077879,nan,1.120505452156067,4.873043697872918e-06,0.0,0.0,0.8280725918812561,0.014245144091546535,0,0,1,7300,0.04174995984967194,0.828067322642129,0.8264549181212812,9.41576193666569e-05,275.4855353077879,0.0,0.0,0.0,0.0,nan,0.0,0.0,0.0,0.0,nan
18100,stable_muon,1,113,0.3,128,4,512,226048,4,nested_depth_one_shared_v2,1.578735282237176e-05,1.0,0.004539986606687307,1.0,4139.628970208927,275.4796503047837,nan,1.120505452156067,4.918743677539249e-06,0.0,0.0,0.8278979624071052,0.01418230589479208,0,0,1,7300,0.041313634109983136,0.8278928992074656,0.8264376699943189,9.317358505703309e-05,275.4796503047837,0.0,0.0,0.0,0.0,nan,0.0,0.0,0.0,0.0,nan
18200,stable_muon,1,113,0.3,128,4,512,226048,4,nested_depth_one_shared_v2,1.5894731404841878e-05,1.0,0.004562870599329472,1.0,4157.355390249984,275.47087167531146,nan,1.120505452156067,4.952708330814505e-06,0.0,0.0,0.8280185043336117,0.014152762480080128,0,0,1,7300,0.04112002375203753,0.8280133876884718,0.8264108626200114,9.273694055594795e-05,275.47087167531146,0.0,0.0,0.0,0.0,nan,0.0,0.0,0.0,0.0,nan
18300,stable_muon,1,113,0.3,128,4,512,226048,4,nested_depth_one_shared_v2,1.5952622561599128e-05,1.0,0.004553236998617649,1.0,4174.9429553749505,275.47724579305316,nan,1.120505452156067,4.9695299057920495e-06,0.0,0.0,0.8283110639876672,0.014156587421894073,0,0,1,7300,0.04149039544852332,0.8283056246506385,0.8264292168972147,9.357223039448815e-05,275.47724579305316,0.0,0.0,0.0,0.0,nan,0.0,0.0,0.0,0.0,nan
18400,stable_muon,1,113,0.3,128,4,512,226048,4,nested_depth_one_shared_v2,1.5960527889546938e-05,1.0,0.00454682344570756,1.0,4192.395492958953,275.52161770213314,nan,1.120505452156067,4.971734430218203e-06,0.0,0.0,0.8286414542858306,0.014076333492994308,0,0,1,7300,0.04095785302109533,0.8286361689072458,0.8265616569543024,9.237120104358796e-05,275.52161770213314,0.0,0.0,0.0,0.0,nan,0.0,0.0,0.0,0.0,nan
18500,stable_muon,1,113,0.3,128,4,512,226048,4,nested_depth_one_shared_v2,1.594951027072966e-05,1.0,0.004530819598585367,1.0,4210.214881125023,275.58885005975924,nan,1.120505452156067,4.962516120535663e-06,0.0,0.0,0.829068590947871,0.014120843261480331,0,0,1,7300,0.04043706857716375,0.8290634175575972,0.8267625958927909,9.119668917290956e-05,275.58885005975924,0.0,0.0,0.0,0.0,nan,0.0,0.0,0.0,0.0,nan
18600,stable_muon,1,113,0.3,128,4,512,226048,4,nested_depth_one_shared_v2,1.5909796275082044e-05,1.0,0.004534546751528978,1.0,4227.247275542002,275.6776443287089,nan,1.120505452156067,4.957666489411114e-06,0.0,0.0,0.8294112618976025,0.014143573120236397,0,0,1,7300,0.04115943277456184,0.829406205845193,0.8270288540958541,9.282581871908432e-05,275.6776443287089,0.0,0.0,0.0,0.0,nan,0.0,0.0,0.0,0.0,nan
18700,stable_muon,1,113,0.3,128,4,512,226048,4,nested_depth_one_shared_v2,1.5868958143983036e-05,1.0,0.004529450088739395,1.0,4244.738374084001,275.76711142988944,nan,1.120505452156067,4.93986865212343e-06,0.0,0.0,0.8296545298709828,0.014141624793410301,0,0,1,7300,0.04084608524760057,0.8296492414209002,0.8272972843595201,9.211913403533043e-05,275.76711142988944,0.0,0.0,0.0,0.0,nan,0.0,0.0,0.0,0.0,nan
18800,stable_muon,1,113,0.3,128,4,512,226048,4,nested_depth_one_shared_v2,1.584181700309273e-05,1.0,0.004525295924395323,1.0,4262.4151567500085,275.85321350361374,nan,1.120505452156067,4.941989960655491e-06,0.0,0.0,0.8297507825030062,0.014104366302490234,0,0,1,7300,0.04118894714612529,0.8297456465573612,0.8275561291225945,9.289238172833087e-05,275.85321350361374,0.0,0.0,0.0,0.0,nan,0.0,0.0,0.0,0.0,nan
18900,stable_muon,1,113,0.3,128,4,512,226048,4,nested_depth_one_shared_v2,1.581523974891752e-05,1.0,0.004499688744544983,1.0,4279.430956959026,275.9384734161875,nan,1.120505452156067,4.936609864298671e-06,0.0,0.0,0.8299815707171722,0.014160841703414917,0,0,1,7300,0.04068911193702864,0.8299764228787121,0.8278119091893665,9.176511613254024e-05,275.9384734161875,0.0,0.0,0.0,0.0,nan,0.0,0.0,0.0,0.0,nan
19000,stable_muon,1,113,0.3,128,4,512,226048,4,nested_depth_one_shared_v2,1.5782308764755726e-05,1.0,0.004474380984902382,1.0,4296.49008745898,276.02403656212215,nan,1.120505452156067,4.918066838194384e-06,0.0,0.0,0.8301519277764913,0.014171803370118141,0,0,1,7300,0.039551532832740585,0.830146692321545,0.8280686930573528,8.919956299939492e-05,276.02403656212215,0.0,0.0,0.0,0.0,nan,0.0,0.0,0.0,0.0,nan
19100,stable_muon,1,113,0.3,128,4,512,226048,4,nested_depth_one_shared_v2,1.5757099390611984e-05,1.0,0.00443956209346652,1.0,4313.904828542029,276.1040302515064,nan,1.120505452156067,4.900854575594484e-06,0.0,0.0,0.8302832998680207,0.014153665862977505,0,0,1,7300,0.038967747253756777,0.8302781581129284,0.8283089176202574,8.788296627605381e-05,276.1040302515064,0.0,0.0,0.0,0.0,nan,0.0,0.0,0.0,0.0,nan
19200,stable_muon,1,113,0.3,128,4,512,226048,4,nested_depth_one_shared_v2,1.574801171955187e-05,1.0,0.004396901000291109,1.0,4330.223423833959,276.1828981600541,nan,1.120505452156067,4.922243008935852e-06,0.0,0.0,0.8304582226861664,0.014127638190984726,0,0,1,7300,0.03977708013456074,0.8304529413770008,0.8285458223955092,8.970823407525765e-05,276.1828981600541,0.0,0.0,0.0,0.0,nan,0.0,0.0,0.0,0.0,nan
19300,stable_muon,1,113,0.3,128,4,512,226048,4,nested_depth_one_shared_v2,1.5748821169836447e-05,1.0,0.004348905757069588,1.0,4346.970704333973,276.25916810682236,nan,1.120505452156067,4.9330652863923405e-06,0.0,0.0,0.8303472401535774,0.01414453238248825,0,0,1,7300,0.039771084827266726,0.8303418886904643,0.8287756553821392,8.969471301166361e-05,276.25916810682236,0.0,0.0,0.0,0.0,nan,0.0,0.0,0.0,0.0,nan
19400,stable_muon,1,113,0.3,128,4,512,226048,4,nested_depth_one_shared_v2,1.5775307474541478e-05,1.0,0.004303063731640577,1.0,4364.128589250031,276.31869513519086,nan,1.120505452156067,4.931940569792083e-06,0.0,0.0,0.8304833084270421,0.014134126715362072,0,0,1,7300,0.039095236704655825,0.8304782954432975,0.8289542665419117,8.817048998228586e-05,276.31869513519086,0.0,0.0,0.0,0.0,nan,0.0,0.0,0.0,0.0,nan
19500,stable_muon,1,113,0.3,128,4,512,226048,4,nested_depth_one_shared_v2,1.5819690815987997e-05,1.0,0.004258093424141407,1.0,4381.086963666952,276.3774067525486,nan,1.120505452156067,4.971323709773459e-06,0.0,0.0,0.8302460583346161,0.014132741838693619,0,0,1,7300,0.040028648364553256,0.830240986704105,0.8291317804588721,9.02755894866082e-05,276.3774067525486,0.0,0.0,0.0,0.0,nan,0.0,0.0,0.0,0.0,nan
19600,stable_muon,1,113,0.3,128,4,512,226048,4,nested_depth_one_shared_v2,1.5874004020588472e-05,1.0,0.004220686852931976,1.0,4398.053660250036,276.4272619763996,nan,1.120505452156067,4.977491083332986e-06,0.0,0.0,0.8303556254756052,0.014134894125163555,0,0,1,7300,0.03992045021721145,0.8303504315972173,0.82928145084438,9.003157296514879e-05,276.4272619763996,0.0,0.0,0.0,0.0,nan,0.0,0.0,0.0,0.0,nan
19700,stable_muon,1,113,0.3,128,4,512,226048,4,nested_depth_one_shared_v2,1.5923555110930465e-05,1.0,0.0041636014357209206,1.0,4414.747186916997,276.4698307399982,nan,1.120505452156067,5.0020748606999124e-06,0.0,0.0,0.8302012069135569,0.014192844741046429,0,0,1,7300,0.0400433090508259,0.8301959384923566,0.8294100245541127,9.030865335835043e-05,276.4698307399982,0.0,0.0,0.0,0.0,nan,0.0,0.0,0.0,0.0,nan
19800,stable_muon,1,113,0.3,128,4,512,226048,4,nested_depth_one_shared_v2,1.598346898390446e-05,1.0,0.004121042788028717,1.0,4431.56991904194,276.4990885629441,nan,1.120505452156067,4.987968516543077e-06,0.0,0.0,0.8305088335093286,0.014172001741826534,0,0,1,7300,0.03901572981274973,0.8305036632100423,0.8294969882546155,8.799118011726861e-05,276.4990885629441,0.0,0.0,0.0,0.0,nan,0.0,0.0,0.0,0.0,nan
19900,stable_muon,1,113,0.3,128,4,512,226048,4,nested_depth_one_shared_v2,1.602050724613946e-05,1.0,0.004111678805202246,1.0,4447.7463171669515,276.53375265992884,nan,1.120505452156067,4.983891106675421e-06,0.0,0.0,0.8309277160922165,0.014289463870227337,0,0,1,7300,0.03922775074948571,0.8309225240551807,0.8296000614177589,8.84693455270278e-05,276.53375265992884,0.0,0.0,0.0,0.0,nan,0.0,0.0,0.0,0.0,nan
20000,stable_muon,1,113,0.3,128,4,512,226048,4,nested_depth_one_shared_v2,1.6065139789134264e-05,1.0,0.004096032120287418,1.0,4464.911524416995,276.5583017757306,nan,1.120505452156067,5.03461897819873e-06,0.0,0.0,0.8303675676118665,0.014301626943051815,0,0,1,7300,0.039592141344417624,0.8303622434387702,0.8296756702605517,8.92911463398173e-05,276.5583017757306,0.0,0.0,0.0,0.0,nan,0.0,0.0,0.0,0.0,nan
20100,stable_muon,1,113,0.3,128,4,512,226048,4,nested_depth_one_shared_v2,1.6138810678967275e-05,1.0,0.004074413329362869,1.0,4481.990452292026,276.5615889304461,nan,1.120505452156067,5.053905189268997e-06,0.0,0.0,0.8301314318028052,0.014415168203413486,0,0,1,7300,0.03894603222330029,0.830126269918072,0.8296861801762376,8.783399292183697e-05,276.5615889304461,0.0,0.0,0.0,0.0,nan,0.0,0.0,0.0,0.0,nan
20200,stable_muon,1,113,0.3,128,4,512,226048,4,nested_depth_one_shared_v2,1.620731745788362e-05,1.0,0.004053566139191389,1.0,4498.471076624934,276.5554590985823,nan,1.120505452156067,5.039205574494028e-06,0.0,0.0,0.8305655537492145,0.014364875853061676,0,0,1,7300,0.03737118537336518,0.8305602259979349,0.8296662112327116,8.42822809970617e-05,276.5554590985823,0.0,0.0,0.0,0.0,nan,0.0,0.0,0.0,0.0,nan
20300,stable_muon,1,113,0.3,128,4,512,226048,4,nested_depth_one_shared_v2,1.6289050108753145e-05,1.0,0.004028382711112499,1.0,4514.893078666995,276.54193598657054,nan,1.120505452156067,5.1168653223186295e-06,0.0,0.0,0.8293837507171464,0.014420554041862488,0,0,1,7300,0.03943360937209832,0.8293784913711202,0.8296293635492327,8.893361322695123e-05,276.54193598657054,0.0,0.0,0.0,0.0,nan,0.0,0.0,0.0,0.0,nan
20400,stable_muon,1,113,0.3,128,4,512,226048,4,nested_depth_one_shared_v2,1.641691051190719e-05,1.0,0.004018342588096857,1.0,4531.693805709016,276.4946443130319,nan,1.120505452156067,5.152980777657415e-06,0.0,0.0,0.8289000936635623,0.014438739977777004,0,0,1,7300,0.03886156313987318,0.8288947107461669,0.8294884362959661,8.764349195287273e-05,276.4946443130319,0.0,0.0,0.0,0.0,nan,0.0,0.0,0.0,0.0,nan
20500,stable_muon,1,113,0.3,128,4,512,226048,4,nested_depth_one_shared_v2,1.6554322428419255e-05,1.0,0.004020679276436567,1.0,4548.597179292003,276.43370438601306,nan,1.120505452156067,5.145170361043082e-06,0.0,0.0,0.8292442560451678,0.014426701702177525,0,0,1,7300,0.037301586193899706,0.8292391328774006,0.8293038163595325,8.412531574315635e-05,276.43370438601306,0.0,0.0,0.0,0.0,nan,0.0,0.0,0.0,0.0,nan
20600,stable_muon,1,113,0.3,128,4,512,226048,4,nested_depth_one_shared_v2,1.675342718954198e-05,1.0,0.004044045228511095,1.0,4564.989155541989,276.3303187586522,nan,1.120505452156067,5.236323868366832e-06,0.0,0.0,0.8277738699210744,0.014476447366178036,0,0,1,7300,0.038613659476991115,0.8277684356208461,0.8289973300215178,8.708440114623972e-05,276.3303187586522,0.0,0.0,0.0,0.0,nan,0.0,0.0,0.0,0.0,nan
20700,stable_muon,1,113,0.3,128,4,512,226048,4,nested_depth_one_shared_v2,1.6913809304242022e-05,1.0,0.004067202098667622,1.0,4581.600592083996,276.2149318910627,nan,1.120505452156067,5.260596161745673e-06,0.0,0.0,0.8278703428710685,0.014492363668978214,0,0,1,7300,0.037047351783945456,0.8278650132195176,0.8286496254312609,8.355194736415497e-05,276.2149318910627,0.0,0.0,0.0,0.0,nan,0.0,0.0,0.0,0.0,nan
20800,stable_muon,1,113,0.3,128,4,512,226048,4,nested_depth_one_shared_v2,1.7013036995194852e-05,1.0,0.004080168902873993,1.0,4598.657051416929,276.1096985869784,nan,1.120505452156067,5.284443866449878e-06,0.0,0.0,0.8277167440839098,0.014486318454146385,0,0,1,7300,0.03629936356737786,0.8277116705771927,0.8283333389942481,8.186502862124103e-05,276.1096985869784,0.0,0.0,0.0,0.0,nan,0.0,0.0,0.0,0.0,nan
20900,stable_muon,1,113,0.3,128,4,512,226048,4,nested_depth_one_shared_v2,1.7069465684471652e-05,1.0,0.004080537240952253,1.0,4615.559851250029,276.0154028100147,nan,1.120505452156067,5.297244532722502e-06,0.0,0.0,0.8274781704070961,0.014493463560938835,0,0,1,7300,0.03571489212853986,0.8274728260859405,0.8280502438022711,8.054688509566771e-05,276.0154028100147,0.0,0.0,0.0,0.0,nan,0.0,0.0,0.0,0.0,nan
21000,stable_muon,1,113,0.3,128,4,512,226048,4,nested_depth_one_shared_v2,1.7085898434743285e-05,1.0,0.004075820092111826,1.0,4632.198253499926,275.943397800698,nan,1.120505452156067,5.301009425650282e-06,0.0,0.0,0.827177845908239,0.014402084983885288,0,0,1,7300,0.03738222767864074,0.8271726111731723,0.8278347033837508,8.430718442644965e-05,275.943397800698,0.0,0.0,0.0,0.0,nan,0.0,0.0,0.0,0.0,nan
21100,stable_muon,1,113,0.3,128,4,512,226048,4,nested_depth_one_shared_v2,1.7129723346442915e-05,1.0,0.0040784114971756935,1.0,4648.911081708968,275.8043470591796,nan,1.120505452156067,5.314737108505576e-06,0.0,0.0,0.8261121905811,0.014410958625376225,0,0,1,7300,0.04233091575895241,0.8261068943150731,0.8274202167857183,9.54678344081037e-05,275.8043470591796,0.0,0.0,0.0,0.0,nan,0.0,0.0,0.0,0.0,nan
21200,stable_muon,1,113,0.3,128,4,512,226048,4,nested_depth_one_shared_v2,1.7182883311761543e-05,1.0,0.004097281489521265,1.0,4665.544977249927,275.60305055400124,nan,1.120505452156067,5.332181607640405e-06,0.0,0.0,0.8260399361574238,0.014395222067832947,0,0,1,7300,0.041555012582466515,0.8260345528653855,0.8268146141419955,9.371795976822395e-05,275.60305055400124,0.0,0.0,0.0,0.0,nan,0.0,0.0,0.0,0.0,nan
21300,stable_muon,1,113,0.3,128,4,512,226048,4,nested_depth_one_shared_v2,1.7212201782967895e-05,1.0,0.004124608356505632,1.0,4682.144936249941,275.4431089504563,nan,1.120505452156067,5.33553663769682e-06,0.0,0.0,0.8260018622978275,0.01433017011731863,0,0,1,7300,0.03922707830330489,0.8259965477088792,0.8263331212338297,8.846782897631095e-05,275.4431089504563,0.0,0.0,0.0,0.0,nan,0.0,0.0,0.0,0.0,nan
21400,stable_muon,1,113,0.3,128,4,512,226048,4,nested_depth_one_shared_v2,1.723339664749801e-05,1.0,0.004146357532590628,1.0,4698.81468945893,275.3233909050676,nan,1.120505452156067,5.349271134157098e-06,0.0,0.0,0.8257675759652684,0.01435502152889967,0,0,1,7300,0.03707088738759248,0.8257621428085835,0.8259732943008556,8.360502661064385e-05,275.3233909050676,0.0,0.0,0.0,0.0,nan,0.0,0.0,0.0,0.0,nan
21500,stable_muon,1,113,0.3,128,4,512,226048,4,nested_depth_one_shared_v2,1.7236665371456183e-05,1.0,0.004161852411925793,1.0,4716.359221125022,275.23485821124547,nan,1.120505452156067,5.349836861282082e-06,0.0,0.0,0.8257025753798808,0.014426912181079388,0,0,1,7300,0.03665072445868646,0.8256971794175798,0.8257070371176154,8.265744387584933e-05,275.23485821124547,0.0,0.0,0.0,0.0,nan,0.0,0.0,0.0,0.0,nan
21600,stable_muon,1,113,0.3,128,4,512,226048,4,nested_depth_one_shared_v2,1.7253036276088096e-05,1.0,0.0041815307922661304,1.0,4733.3224382919725,275.15288543524696,nan,1.120505452156067,5.352641674245191e-06,0.0,0.0,0.825356645207606,0.014433997683227062,0,0,1,7300,0.035523459835660555,0.8253514314639615,0.8254612720413301,8.011515272916204e-05,275.15288543524696,0.0,0.0,0.0,0.0,nan,0.0,0.0,0.0,0.0,nan
21700,stable_muon,1,113,0.3,128,4,512,226048,4,nested_depth_one_shared_v2,1.726007212710101e-05,1.0,0.00418234895914793,1.0,4751.428381416947,275.08013869060755,nan,1.120505452156067,5.357264775791997e-06,0.0,0.0,0.8253919339910952,0.014448115602135658,0,0,1,7300,0.03595427648202393,0.8253864853747899,0.8252423262013053,8.108676252115135e-05,275.08013869060755,0.0,0.0,0.0,0.0,nan,0.0,0.0,0.0,0.0,nan
21800,stable_muon,1,113,0.3,128,4,512,226048,4,nested_depth_one_shared_v2,1.726750997477211e-05,1.0,0.004185772500932217,1.0,4769.353608916979,275.0173824098245,nan,1.120505452156067,5.3596028037052045e-06,0.0,0.0,0.8252718120967536,0.014523125253617764,0,0,1,7300,0.03635220695991636,0.8252665838154021,0.8250539044426687,8.198420497634648e-05,275.0173824098245,0.0,0.0,0.0,0.0,nan,0.0,0.0,0.0,0.0,nan
21900,stable_muon,1,113,0.3,128,4,512,226048,4,nested_depth_one_shared_v2,1.7278342056670226e-05,1.0,0.004176354967057705,1.0,4785.823056333931,274.9855386613249,nan,1.120505452156067,5.371090448792039e-06,0.0,0.0,0.8256780029438292,0.014552591368556023,0,0,1,7300,0.039216331196948,0.8256726291494589,0.8249572569121139,8.844359130151347e-05,274.9855386613249,0.0,0.0,0.0,0.0,nan,0.0,0.0,0.0,0.0,nan
22000,stable_muon,1,113,0.3,128,4,512,226048,4,nested_depth_one_shared_v2,1.7286714864894748e-05,1.0,0.004169532563537359,1.0,4802.499521791935,274.9996363168749,nan,1.120505452156067,5.366456893570308e-06,0.0,0.0,0.8267222838222184,0.014663339592516422,0,0,1,7300,0.04600062514700385,0.8267170130363813,0.8249975811270057,0.00010374403637310055,274.9996363168749,0.0,0.0,0.0,0.0,nan,0.0,0.0,0.0,0.0,nan
22100,stable_muon,1,113,0.3,128,4,512,226048,4,nested_depth_one_shared_v2,1.727958624542225e-05,1.0,0.00416744127869606,1.0,4820.096435041982,275.0761738953869,nan,1.120505452156067,5.361701876582612e-06,0.0,0.0,0.8276810377162553,0.014705587178468704,0,0,1,7300,0.050076118874682204,0.8276757108788393,0.8252257051467677,0.00011293539340730263,275.0761738953869,0.0,0.0,0.0,0.0,nan,0.0,0.0,0.0,0.0,nan
22200,stable_muon,1,113,0.3,128,4,512,226048,4,nested_depth_one_shared_v2,1.726321534079034e-05,1.0,0.004184633493423462,1.0,4837.269582416979,275.19078539053135,nan,1.120505452156067,5.362693972989437e-06,0.0,0.0,0.8278610483406841,0.0147283636033535,0,0,1,7300,0.04497920949734787,0.8278558544199118,0.8255691514214051,0.00010144046371574362,275.19078539053135,0.0,0.0,0.0,0.0,nan,0.0,0.0,0.0,0.0,nan
22300,stable_muon,1,113,0.3,128,4,512,226048,4,nested_depth_one_shared_v2,1.7263433619518764e-05,1.0,0.004209015052765608,1.0,4853.922673291992,275.2865715580735,nan,1.120505452156067,5.3559881648628495e-06,0.0,0.0,0.8277338482228268,0.014652111567556858,0,0,1,7300,0.04124671236766346,0.8277285777708986,0.8258571748847113,9.302265815881861e-05,275.2865715580735,0.0,0.0,0.0,0.0,nan,0.0,0.0,0.0,0.0,nan
22400,stable_muon,1,113,0.3,128,4,512,226048,4,nested_depth_one_shared_v2,1.7276101061725058e-05,1.0,0.004234308376908302,1.0,4872.481195083936,275.3613705699175,nan,1.120505452156067,5.359576248522869e-06,0.0,0.0,0.8277136006974019,0.01466278824955225,0,0,1,7300,0.038971812217870466,0.8277082503697087,0.8260819776600674,8.789213388591821e-05,275.3613705699175,0.0,0.0,0.0,0.0,nan,0.0,0.0,0.0,0.0,nan
22500,stable_muon,1,113,0.3,128,4,512,226048,4,nested_depth_one_shared_v2,1.7296177247771993e-05,1.0,0.004236198496073484,1.0,4891.296001208946,275.41228343059396,nan,1.120505452156067,5.366147698042764e-06,0.0,0.0,0.8278761643028949,0.014689596369862556,0,0,1,7300,0.03938301493303647,0.8278706860316246,0.826234744990551,8.881950887924867e-05,275.41228343059396,0.0,0.0,0.0,0.0,nan,0.0,0.0,0.0,0.0,nan
22600,stable_muon,1,113,0.3,128,4,512,226048,4,nested_depth_one_shared_v2,1.73151620401768e-05,1.0,0.004234988242387772,1.0,4909.784346709028,275.45119772022827,nan,1.120505452156067,5.37016725659471e-06,0.0,0.0,0.8280387198901442,0.014703908935189247,0,0,1,7300,0.03920932013708179,0.8280333468665495,0.8263513242369916,8.84277794370562e-05,275.45119772022827,0.0,0.0,0.0,0.0,nan,0.0,0.0,0.0,0.0,nan
22700,stable_muon,1,113,0.3,128,4,512,226048,4,nested_depth_one_shared_v2,1.732468808768317e-05,1.0,0.004215692635625601,1.0,4927.71829012502,275.47599532071195,nan,1.120505452156067,5.371356310110386e-06,0.0,0.0,0.8282855303130447,0.01475646160542965,0,0,1,7300,0.03964624441161384,0.8282799520727904,0.8264252600225205,8.941316360704276e-05,275.47599532071195,0.0,0.0,0.0,0.0,nan,0.0,0.0,0.0,0.0,nan
22800,stable_muon,1,113,0.3,128,4,512,226048,4,nested_depth_one_shared_v2,1.7315411241725087e-05,1.0,0.004211618099361658,1.0,4945.585111625027,275.4958966236098,nan,1.120505452156067,5.367245188436275e-06,0.0,0.0,0.8283166302101922,0.014723718166351318,0,0,1,7300,0.03994150456256652,0.8283114879504343,0.8264850913215462,9.007905629311111e-05,275.4958966236098,0.0,0.0,0.0,0.0,nan,0.0,0.0,0.0,0.0,nan
22900,stable_muon,1,113,0.3,128,4,512,226048,4,nested_depth_one_shared_v2,1.732051714498084e-05,1.0,0.004220870323479176,1.0,4961.658610334038,275.5187069363543,nan,1.120505452156067,5.368320993274455e-06,0.0,0.0,0.8283352093023244,0.014700141735374928,0,0,1,7300,0.03851371029636711,0.8283297133686146,0.8265534701334432,8.685898830897974e-05,275.5187069363543,0.0,0.0,0.0,0.0,nan,0.0,0.0,0.0,0.0,nan
23000,stable_muon,1,113,0.3,128,4,512,226048,4,nested_depth_one_shared_v2,1.7318836398771964e-05,1.0,0.00421208655461669,1.0,4977.568551667035,275.5422917609627,nan,1.120505452156067,5.374063487212212e-06,0.0,0.0,0.8285619745938753,0.014725570566952229,0,0,1,7300,0.039369873099629346,0.8285567340094062,0.8266238741133349,8.87898704376266e-05,275.5422917609627,0.0,0.0,0.0,0.0,nan,0.0,0.0,0.0,0.0,nan
23100,stable_muon,1,113,0.3,128,4,512,226048,4,nested_depth_one_shared_v2,1.7325963199255057e-05,1.0,0.004201517440378666,1.0,4994.08265662496,275.5582911856065,nan,1.120505452156067,5.379368680988589e-06,0.0,0.0,0.8285218612899925,0.014723820611834526,0,0,1,7300,0.038926110654005135,0.8285163290677013,0.8266720757950998,8.778906431482432e-05,275.5582911856065,0.0,0.0,0.0,0.0,nan,0.0,0.0,0.0,0.0,nan
23200,stable_muon,1,113,0.3,128,4,512,226048,4,nested_depth_one_shared_v2,1.7319396647508256e-05,1.0,0.004191990941762924,1.0,5011.501393459039,275.5817181220375,nan,1.120505452156067,5.372701285702421e-06,0.0,0.0,0.8284992339629291,0.01470610499382019,0,0,1,7300,0.038613609077541224,0.8284940129636721,0.82674259163969,8.708428748164611e-05,275.5817181220375,0.0,0.0,0.0,0.0,nan,0.0,0.0,0.0,0.0,nan
23300,stable_muon,1,113,0.3,128,4,512,226048,4,nested_depth_one_shared_v2,1.7313233911409043e-05,1.0,0.004185148980468512,1.0,5028.235497292015,275.60678182650236,nan,1.120505452156067,5.3689986473901845e-06,0.0,0.0,0.8287109952954379,0.014687332324683666,0,0,1,7300,0.03816688099383022,0.8287055995373839,0.8268173089600523,8.607679303092301e-05,275.60678182650236,0.0,0.0,0.0,0.0,nan,0.0,0.0,0.0,0.0,nan
23400,stable_muon,1,113,0.3,128,4,512,226048,4,nested_depth_one_shared_v2,1.7312517229584046e-05,1.0,0.004186142701655626,1.0,5045.334034209023,275.6283251593052,nan,1.120505452156067,5.367378143637751e-06,0.0,0.0,0.82874590822968,0.014698599465191364,0,0,1,7300,0.038658284968642403,0.828740502337613,0.8268820968891267,8.718504387912092e-05,275.6283251593052,0.0,0.0,0.0,0.0,nan,0.0,0.0,0.0,0.0,nan
23500,stable_muon,1,113,0.3,128,4,512,226048,4,nested_depth_one_shared_v2,1.7314727301709354e-05,1.0,0.004177371971309185,1.0,5062.471305166953,275.644022521903,nan,1.120505452156067,5.370271916232818e-06,0.0,0.0,0.8287521169645158,0.014720301143825054,0,0,1,7300,0.038961534327597004,0.8287468937439528,0.8269293542613577,8.78689544221835e-05,275.644022521903,0.0,0.0,0.0,0.0,nan,0.0,0.0,0.0,0.0,nan
23600,stable_muon,1,113,0.3,128,4,512,226048,4,nested_depth_one_shared_v2,1.7316097000730224e-05,1.0,0.004179699346423149,1.0,5079.809537958936,275.6603667315232,nan,1.120505452156067,5.374856085475038e-06,0.0,0.0,0.8289049667446254,0.01473709475249052,0,0,1,7300,0.03943496142765451,0.8288997704843688,0.8269781408715919,8.893666248335484e-05,275.6603667315232,0.0,0.0,0.0,0.0,nan,0.0,0.0,0.0,0.0,nan
23700,stable_muon,1,113,0.3,128,4,512,226048,4,nested_depth_one_shared_v2,1.7329075490124524e-05,1.0,0.004175109788775444,1.0,5097.461584541947,275.67255895420016,nan,1.120505452156067,5.378301866881629e-06,0.0,0.0,0.8288555570123609,0.014643616043031216,0,0,1,7300,0.03992433806691989,0.8288502735794195,0.8270150474410921,9.004034113341337e-05,275.67255895420016,0.0,0.0,0.0,0.0,nan,0.0,0.0,0.0,0.0,nan
23800,stable_muon,1,113,0.3,128,4,512,226048,4,nested_depth_one_shared_v2,1.7333928553853184e-05,1.0,0.0041732280515134335,1.0,5114.091378916986,275.6893523415275,nan,1.120505452156067,5.380422753224299e-06,0.0,0.0,0.829156654772821,0.01471160538494587,0,0,1,7300,0.03986031169315019,0.8291514243266114,0.8270646617980725,8.989594408602598e-05,275.6893523415275,0.0,0.0,0.0,0.0,nan,0.0,0.0,0.0,0.0,nan
23900,stable_muon,1,113,0.3,128,4,512,226048,4,nested_depth_one_shared_v2,1.732238342810888e-05,1.0,0.004198038950562477,1.0,5131.635653416975,275.72262648674683,nan,1.120505452156067,5.372933412793137e-06,0.0,0.0,0.8291914597007634,0.014757092110812664,0,0,1,7300,0.039846621586165205,0.8291860300212129,0.8271646786343825,8.986506913699076e-05,275.72262648674683,0.0,0.0,0.0,0.0,nan,0.0,0.0,0.0,0.0,nan
24000,stable_muon,1,113,0.3,128,4,512,226048,4,nested_depth_one_shared_v2,1.7299973478657193e-05,1.0,0.004231291823089123,1.0,5149.057653166936,275.7626169891217,nan,1.120505452156067,5.368128368688698e-06,0.0,0.0,0.8292543538145933,0.014760317280888557,0,0,1,7300,0.04022519686833943,0.8292490466661658,0.8272848764792914,9.071886031305259e-05,275.7626169891217,0.0,0.0,0.0,0.0,nan,0.0,0.0,0.0,0.0,nan
24100,stable_muon,1,113,0.3,128,4,512,226048,4,nested_depth_one_shared_v2,1.7316811863565817e-05,1.0,0.004273334052413702,1.0,5165.980986749986,275.78451097182204,nan,1.120505452156067,5.3713309457825674e-06,0.0,0.0,0.8293596662382745,0.014779336750507355,0,0,1,7300,0.040464422750026936,0.8293542157987257,0.8273504740888465,9.125838034113622e-05,275.78451097182204,0.0,0.0,0.0,0.0,nan,0.0,0.0,0.0,0.0,nan
24200,stable_muon,1,113,0.3,128,4,512,226048,4,nested_depth_one_shared_v2,1.7308937458437867e-05,1.0,0.004301107954233885,1.0,5185.654684292036,275.80648219441275,nan,1.120505452156067,5.37168424740448e-06,0.0,0.0,0.8294991654695489,0.014809025451540947,0,0,1,7300,0.04043014300257977,0.8294937707356039,0.8274161603584579,9.11810701012285e-05,275.80648219441275,0.0,0.0,0.0,0.0,nan,0.0,0.0,0.0,0.0,nan
24300,stable_muon,1,113,0.3,128,4,512,226048,4,nested_depth_one_shared_v2,1.7315567674813792e-05,1.0,0.0043240198865532875,1.0,5203.4920117920265,275.8271725849816,nan,1.120505452156067,5.369564689339967e-06,0.0,0.0,0.8293448405493506,0.014813822694122791,0,0,1,7300,0.0396220355039257,0.8293396881350094,0.8274787660016246,8.935856587512662e-05,275.8271725849816,0.0,0.0,0.0,0.0,nan,0.0,0.0,0.0,0.0,nan
24400,stable_muon,1,113,0.3,128,4,512,226048,4,nested_depth_one_shared_v2,1.7308222595602274e-05,1.0,0.004347337409853935,1.0,5220.758717708988,275.85321874145126,nan,1.120505452156067,5.37214363154154e-06,0.0,0.0,0.8296296661901894,0.014923951588571072,0,0,1,7300,0.04086392352570191,0.8296239743478618,0.8275564636005626,9.215936424886047e-05,275.85321874145126,0.0,0.0,0.0,0.0,nan,0.0,0.0,0.0,0.0,nan
24500,stable_muon,1,113,0.3,128,4,512,226048,4,nested_depth_one_shared_v2,1.7310927432845347e-05,1.0,0.004363527987152338,1.0,5237.872610750026,275.87805361425563,nan,1.120505452156067,5.370912255116251e-06,0.0,0.0,0.8295281869757948,0.014970486052334309,0,0,1,7300,0.040494567752701875,0.8295228353661498,0.827631443264532,9.13263655966405e-05,275.87805361425563,0.0,0.0,0.0,0.0,nan,0.0,0.0,0.0,0.0,nan
24600,stable_muon,1,113,0.3,128,4,512,226048,4,nested_depth_one_shared_v2,1.733321369101759e-05,1.0,0.004391367547214031,1.0,5254.292042416986,275.8924127485325,nan,1.120505452156067,5.381870942876453e-06,0.0,0.0,0.8294991669837918,0.015048835426568985,0,0,1,7300,0.04123549851239773,0.8294938629747546,0.8276748475453476,9.299736783711423e-05,275.8924127485325,0.0,0.0,0.0,0.0,nan,0.0,0.0,0.0,0.0,nan
24700,stable_muon,1,113,0.3,128,4,512,226048,4,nested_depth_one_shared_v2,1.735447222017683e-05,1.0,0.004433379042893648,1.0,5271.005679416936,275.90354536502014,nan,1.120505452156067,5.384764369466035e-06,0.0,0.0,0.8296150313160812,0.014963524416089058,0,0,1,7300,0.041286688630194975,0.8296095937992114,0.8277080046272045,9.311281560387239e-05,275.90354536502014,0.0,0.0,0.0,0.0,nan,0.0,0.0,0.0,0.0,nan
24800,stable_muon,1,113,0.3,128,4,512,226048,4,nested_depth_one_shared_v2,1.7377067706547678e-05,1.0,0.004460914526134729,1.0,5287.365680916933,275.92647707755657,nan,1.120505452156067,5.392974539668265e-06,0.0,0.0,0.8298874645861074,0.015051331371068954,0,0,1,7300,0.04129231797822919,0.8298820891376767,0.8277761859278798,9.312551132888378e-05,275.92647707755657,0.0,0.0,0.0,0.0,nan,0.0,0.0,0.0,0.0,nan
24900,stable_muon,1,113,0.3,128,4,512,226048,4,nested_depth_one_shared_v2,1.7404550817445852e-05,1.0,0.004491026047617197,1.0,5303.8779758339515,275.95639559031076,nan,1.120505452156067,5.400097057504764e-06,0.0,0.0,0.8297905805178369,0.015076526440680027,0,0,1,7300,0.040711902261792825,0.8297852691295655,0.827866417668035,9.181651457057744e-05,275.95639559031076,0.0,0.0,0.0,0.0,nan,0.0,0.0,0.0,0.0,nan
25000,stable_muon,1,113,0.3,128,4,512,226048,4,nested_depth_one_shared_v2,1.7408066923962906e-05,1.0,0.004515731241554022,1.0,5320.411960583995,275.98781705923324,nan,1.120505452156067,5.397965655942139e-06,0.0,0.0,0.830057052509684,0.015096115879714489,0,0,1,7300,0.040992738889409436,0.8300518449892479,0.8279602035582926,9.244987825242414e-05,275.98781705923324,0.0,0.0,0.0,0.0,nan,0.0,0.0,0.0,0.0,nan
25100,stable_muon,1,113,0.3,128,4,512,226048,4,nested_depth_one_shared_v2,1.7406482584192418e-05,1.0,0.004527780693024397,1.0,5336.999078667024,276.0110633105787,nan,1.120505452156067,5.395065216430149e-06,0.0,0.0,0.8297699453634843,0.015244869515299797,0,0,1,7300,0.04052625387330588,0.8297645643636289,0.8280309499313432,9.139782649609478e-05,276.0110633105787,0.0,0.0,0.0,0.0,nan,0.0,0.0,0.0,0.0,nan
25200,stable_muon,1,113,0.3,128,4,512,226048,4,nested_depth_one_shared_v2,1.7422013115719892e-05,1.0,0.004519544076174498,1.0,5353.621638000011,276.0205796479891,nan,1.120505452156067,5.405159931293201e-06,0.0,0.0,0.8299194720323602,0.015374614857137203,0,0,1,7300,0.04153825736997729,0.8299140421271215,0.828059284616204,9.368017216493885e-05,276.0205796479891,0.0,0.0,0.0,0.0,nan,0.0,0.0,0.0,0.0,nan
25300,stable_muon,1,113,0.3,128,4,512,226048,4,nested_depth_one_shared_v2,1.7436455891584046e-05,1.0,0.00449681282043457,1.0,5370.281968708965,276.0301890040725,nan,1.120505452156067,5.406391708466181e-06,0.0,0.0,0.8299183271843535,0.015361009165644646,0,0,1,7300,0.041363274944478765,0.8299126654332947,0.8280881773879659,9.328553876468484e-05,276.0301890040725,0.0,0.0,0.0,0.0,nan,0.0,0.0,0.0,0.0,nan
25400,stable_muon,1,113,0.3,128,4,512,226048,4,nested_depth_one_shared_v2,1.7434089386370033e-05,1.0,0.0044831144623458385,1.0,5386.790954208933,276.04991191146246,nan,1.120505452156067,5.400829527888141e-06,0.0,0.0,0.8299605692012816,0.015412264503538609,0,0,1,7300,0.04059625594903397,0.8299550756759764,0.82814728256171,9.155570039166292e-05,276.04991191146246,0.0,0.0,0.0,0.0,nan,0.0,0.0,0.0,0.0,nan
25500,stable_muon,1,113,0.3,128,4,512,226048,4,nested_depth_one_shared_v2,1.7458989532315172e-05,1.0,0.0044935401529073715,1.0,5403.281528749969,276.06155546352613,nan,1.120505452156067,5.4150162991803e-06,0.0,0.0,0.829979926664364,0.015417625196278095,0,0,1,7300,0.041863804313026255,0.8299743585866217,0.8281824495890342,9.441436988057628e-05,276.06155546352613,0.0,0.0,0.0,0.0,nan,0.0,0.0,0.0,0.0,nan
25600,stable_muon,1,113,0.3,128,4,512,226048,4,nested_depth_one_shared_v2,1.7491887774667703e-05,1.0,0.004482239484786987,1.0,5419.712630208931,276.0623221861973,nan,1.120505452156067,5.42227800355553e-06,0.0,0.0,0.8299034439056351,0.015408379957079887,0,0,1,7300,0.04178789945628041,0.829898240461534,0.8281849747100773,9.42431835935645e-05,276.0623221861973,0.0,0.0,0.0,0.0,nan,0.0,0.0,0.0,0.0,nan
25700,stable_muon,1,113,0.3,128,4,512,226048,4,nested_depth_one_shared_v2,1.7542151908855885e-05,1.0,0.004474521614611149,1.0,5436.229996709037,276.05256138406315,nan,1.120505452156067,5.435784076206399e-06,0.0,0.0,0.8297804290611029,0.015464029274880886,0,0,1,7300,0.04080594235302776,0.8297750187707682,0.8281558287506889,9.202860078928488e-05,276.05256138406315,0.0,0.0,0.0,0.0,nan,0.0,0.0,0.0,0.0,nan
25800,stable_muon,1,113,0.3,128,4,512,226048,4,nested_depth_one_shared_v2,1.758563485054765e-05,1.0,0.00446651317179203,1.0,5452.675673958962,276.03730046797705,nan,1.120505452156067,5.451240993238926e-06,0.0,0.0,0.829992498444566,0.01544248592108488,0,0,1,7300,0.041655793131552425,0.8299871285003289,0.8281093954650172,9.394524756956703e-05,276.03730046797705,0.0,0.0,0.0,0.0,nan,0.0,0.0,0.0,0.0,nan
25900,stable_muon,1,113,0.3,128,4,512,226048,4,nested_depth_one_shared_v2,1.7616634067962877e-05,1.0,0.004469994455575943,1.0,5469.090711291996,276.03054586065196,nan,1.120505452156067,5.455665862893797e-06,0.0,0.0,0.8297275405197907,0.015442962758243084,0,0,1,7300,0.04169335942504899,0.8297222291641217,0.8280898750665023,9.402996987293693e-05,276.03054586065196,0.0,0.0,0.0,0.0,nan,0.0,0.0,0.0,0.0,nan
26000,stable_muon,1,113,0.3,128,4,512,226048,4,nested_depth_one_shared_v2,1.7657124772085808e-05,1.0,0.004481205716729164,1.0,5485.65070554195,276.01530331758886,nan,1.120505452156067,5.468761034580623e-06,0.0,0.0,0.8298105914030289,0.015315579250454903,0,0,1,7300,0.04182940976188521,0.8298051536349146,0.8280437802845809,9.433680072682652e-05,276.01530331758886,0.0,0.0,0.0,0.0,nan,0.0,0.0,0.0,0.0,nan
26100,stable_muon,1,113,0.3,128,4,512,226048,4,nested_depth_one_shared_v2,1.7678632502793334e-05,1.0,0.004504755605012178,1.0,5502.741405874956,276.0086460669877,nan,1.120505452156067,5.47634799626791e-06,0.0,0.0,0.8300273067585565,0.01522730477154255,0,0,1,7300,0.042116249075470416,0.8300219261550537,0.8280231382416703,9.498370211320381e-05,276.0086460669877,0.0,0.0,0.0,0.0,nan,0.0,0.0,0.0,0.0,nan
26200,stable_muon,1,113,0.3,128,4,512,226048,4,nested_depth_one_shared_v2,1.7696218492346816e-05,1.0,0.0045253681018948555,1.0,5519.660173750017,276.0128225953999,nan,1.120505452156067,5.483853209775906e-06,0.0,0.0,0.8300883642527376,0.01519655343145132,0,0,1,7300,0.04334734082579108,0.8300829919059189,0.8280357119709286,9.776015193134741e-05,276.0128225953999,0.0,0.0,0.0,0.0,nan,0.0,0.0,0.0,0.0,nan
26300,stable_muon,1,113,0.3,128,4,512,226048,4,nested_depth_one_shared_v2,1.773531039361842e-05,1.0,0.004526767414063215,1.0,5536.329675499932,275.99917946634156,nan,1.120505452156067,5.4886716630238455e-06,0.0,0.0,0.8296573124422191,0.015182411298155785,0,0,1,7300,0.042148170551091435,0.8296520327238908,0.8279957732542144,9.505569380282382e-05,275.99917946634156,0.0,0.0,0.0,0.0,nan,0.0,0.0,0.0,0.0,nan
26400,stable_muon,1,113,0.3,128,4,512,226048,4,nested_depth_one_shared_v2,1.7785387171898037e-05,1.0,0.004503750707954168,1.0,5553.320975249982,275.98643884518214,nan,1.120505452156067,5.5063834126811414e-06,0.0,0.0,0.8299006268470857,0.015097169205546379,0,0,1,7300,0.04223264397357991,0.8298952626847387,0.827956715717991,9.524620455756246e-05,275.98643884518214,0.0,0.0,0.0,0.0,nan,0.0,0.0,0.0,0.0,nan
26500,stable_muon,1,113,0.3,128,4,512,226048,4,nested_depth_one_shared_v2,1.783767766028177e-05,1.0,0.004515982698649168,1.0,5570.48080762499,275.98521472566637,nan,1.120505452156067,5.5200323531436115e-06,0.0,0.0,0.8297921918165791,0.014925896190106869,0,0,1,7300,0.04184106178524371,0.8297866375331528,0.8279533002546432,9.436307923785242e-05,275.98521472566637,0.0,0.0,0.0,0.0,nan,0.0,0.0,0.0,0.0,nan
26600,stable_muon,1,113,0.3,128,4,512,226048,4,nested_depth_one_shared_v2,1.7887788999360055e-05,1.0,0.004522604402154684,1.0,5587.530093541951,275.9860851377433,nan,1.120505452156067,5.537774650152405e-06,0.0,0.0,0.8298055771571288,0.014928423799574375,0,0,1,7300,0.041956245122347545,0.8298000236022482,0.8279558964736592,9.462284927958312e-05,275.9860851377433,0.0,0.0,0.0,0.0,nan,0.0,0.0,0.0,0.0,nan
26700,stable_muon,1,113,0.3,128,4,512,226048,4,nested_depth_one_shared_v2,1.7923021005117334e-05,1.0,0.004526251461356878,1.0,5604.7064868749585,275.99401630294494,nan,1.120505452156067,5.550353198972735e-06,0.0,0.0,0.8299460584018853,0.014867777936160564,0,0,1,7300,0.042203258709345166,0.8299405931248599,0.8279793753494327,9.517993272078067e-05,275.99401630294494,0.0,0.0,0.0,0.0,nan,0.0,0.0,0.0,0.0,nan
26800,stable_muon,1,113,0.3,128,4,512,226048,4,nested_depth_one_shared_v2,1.794540003174916e-05,1.0,0.004519326612353325,1.0,5622.742092916975,276.0068897362687,nan,1.120505452156067,5.557418329781535e-06,0.0,0.0,0.8299586788629674,0.014800034463405609,0,0,1,7300,0.04126639493256555,0.8299531722458413,0.8280179323791694,9.306704774532082e-05,276.0068897362687,0.0,0.0,0.0,0.0,nan,0.0,0.0,0.0,0.0,nan
26900,stable_muon,1,113,0.3,128,4,512,226048,4,nested_depth_one_shared_v2,1.7941914848051965e-05,1.0,0.004504649434238672,1.0,5639.455677333986,276.0197175444782,nan,1.120505452156067,5.556608306400804e-06,0.0,0.0,0.8298008172856803,0.014807644300162792,0,0,1,7300,0.040495736365460624,0.8297953473249831,0.8280568935262079,9.132900113918286e-05,276.0197175444782,0.0,0.0,0.0,0.0,nan,0.0,0.0,0.0,0.0,nan
27000,stable_muon,1,113,0.3,128,4,512,226048,4,nested_depth_one_shared_v2,1.793242154235486e-05,1.0,0.004489230923354626,1.0,5657.4682637919905,276.0299055973456,nan,1.120505452156067,5.551730212237857e-06,0.0,0.0,0.829993671033168,0.014737676829099655,0,0,1,7300,0.040917861455886446,0.8299883278533365,0.8280870300380662,9.22810090867963e-05,276.0299055973456,0.0,0.0,0.0,0.0,nan,0.0,0.0,0.0,0.0,nan
27100,stable_muon,1,113,0.3,128,4,512,226048,4,nested_depth_one_shared_v2,1.7916392607730813e-05,1.0,0.00448113027960062,1.0,5674.181602541939,276.03933784219447,nan,1.120505452156067,5.550145012725346e-06,0.0,0.0,0.8298580097935881,0.014806129969656467,0,0,1,7300,0.04051557093905922,0.8298526569605381,0.8281157617966776,9.137373354702039e-05,276.03933784219447,0.0,0.0,0.0,0.0,nan,0.0,0.0,0.0,0.0,nan
27200,stable_muon,1,113,0.3,128,4,512,226048,4,nested_depth_one_shared_v2,1.788511326594744e-05,1.0,0.004469553008675575,1.0,5690.356421667035,276.04851000508245,nan,1.120505452156067,5.5405618924645495e-06,0.0,0.0,0.8301495739802188,0.014786521904170513,0,0,1,7300,0.040731870261430485,0.8301441060522333,0.8281425140448342,9.186154789075705e-05,276.04851000508245,0.0,0.0,0.0,0.0,nan,0.0,0.0,0.0,0.0,nan
27300,stable_muon,1,113,0.3,128,4,512,226048,4,nested_depth_one_shared_v2,1.7865006157080643e-05,1.0,0.004447057843208313,1.0,5706.709602416959,276.0500801070358,nan,1.120505452156067,5.533892004213763e-06,0.0,0.0,0.8297820691594497,0.014754611998796463,0,0,1,7300,0.039607379753572695,0.8297768492209371,0.828148182414476,8.932551313523801e-05,276.0500801070358,0.0,0.0,0.0,0.0,nan,0.0,0.0,0.0,0.0,nan
27400,stable_muon,1,113,0.3,128,4,512,226048,4,nested_depth_one_shared_v2,1.7847545677796006e-05,1.0,0.004429798107594252,1.0,5722.8404262090335,276.0514803087148,nan,1.120505452156067,5.528571812813338e-06,0.0,0.0,0.8300846278715892,0.014730844646692276,0,0,1,7300,0.04039191511287244,0.8300793626136345,0.828151597125373,9.109485571680241e-05,276.0514803087148,0.0,0.0,0.0,0.0,nan,0.0,0.0,0.0,0.0,nan
27500,stable_muon,1,113,0.3,128,4,512,226048,4,nested_depth_one_shared_v2,1.783770858310163e-05,1.0,0.004415196366608143,1.0,5738.781025583972,276.045157552301,nan,1.120505452156067,5.529181934352265e-06,0.0,0.0,0.8299905406838586,0.014749099500477314,0,0,1,7300,0.041024237239471906,0.8299848936698755,0.8281329498738369,9.25209156777663e-05,276.045157552301,0.0,0.0,0.0,0.0,nan,0.0,0.0,0.0,0.0,nan
27600,stable_muon,1,113,0.3,128,4,512,226048,4,nested_depth_one_shared_v2,1.781679384293966e-05,1.0,0.004406180698424578,1.0,5754.7174195839325,276.0435273496674,nan,1.120505452156067,5.5190776911782664e-06,0.0,0.0,0.8299021351265367,0.014687955379486084,0,0,1,7300,0.04038707767191944,0.8298966956820778,0.8281282165495436,9.108394595962896e-05,276.0435273496674,0.0,0.0,0.0,0.0,nan,0.0,0.0,0.0,0.0,nan
27700,stable_muon,1,113,0.3,128,4,512,226048,4,nested_depth_one_shared_v2,1.7799113265937194e-05,1.0,0.004395265597850084,1.0,5770.894734542002,276.0407564348824,nan,1.120505452156067,5.514782711059118e-06,0.0,0.0,0.8300125307148122,0.014612214639782906,0,0,1,7300,0.040412197521886205,0.8300070110572856,0.8281195497680295,9.114059811642707e-05,276.0407564348824,0.0,0.0,0.0,0.0,nan,0.0,0.0,0.0,0.0,nan
27800,stable_muon,1,113,0.3,128,4,512,226048,4,nested_depth_one_shared_v2,1.776960925781168e-05,1.0,0.004388507455587387,1.0,5787.168395624962,276.03343458570345,nan,1.120505452156067,5.506612653916593e-06,0.0,0.0,0.8297371217572457,0.014713234268128872,0,0,1,7300,0.040298501440288646,0.829731467830655,0.8280983323207469,9.088418224409833e-05,276.03343458570345,0.0,0.0,0.0,0.0,nan,0.0,0.0,0.0,0.0,nan
27900,stable_muon,1,113,0.3,128,4,512,226048,4,nested_depth_one_shared_v2,1.7738764654495753e-05,1.0,0.004380849655717611,1.0,5803.320840292028,276.0271473314815,nan,1.120505452156067,5.499271706407002e-06,0.0,0.0,0.8297256867907722,0.014688593335449696,0,0,1,7300,0.03962875871261588,0.8297201611765735,0.8280793508798994,8.937372855616996e-05,276.0271473314815,0.0,0.0,0.0,0.0,nan,0.0,0.0,0.0,0.0,nan
28000,stable_muon,1,113,0.3,128,4,512,226048,4,nested_depth_one_shared_v2,1.7732041669660248e-05,1.0,0.004390391521155834,1.0,5819.457710583927,276.01044999955,nan,1.120505452156067,5.499712876199956e-06,0.0,0.0,0.8296751083476701,0.014724792912602425,0,0,1,7300,0.04016901289371976,0.82966966860539,0.8280293383606513,9.059215002840099e-05,276.01044999955,0.0,0.0,0.0,0.0,nan,0.0,0.0,0.0,0.0,nan
28100,stable_muon,1,113,0.3,128,4,512,226048,4,nested_depth_one_shared_v2,1.771784809534438e-05,1.0,0.004407246131449938,1.0,5835.550227917032,275.9972538503362,nan,1.120505452156067,5.489737913426506e-06,0.0,0.0,0.829569367699966,0.014698308892548084,0,0,1,7300,0.03947288005754679,0.8295640006738882,0.8279898488350129,8.902217940200957e-05,275.9972538503362,0.0,0.0,0.0,0.0,nan,0.0,0.0,0.0,0.0,nan
28200,stable_muon,1,113,0.3,128,4,512,226048,4,nested_depth_one_shared_v2,1.7706674043438397e-05,1.0,0.004408699925988913,1.0,5851.457283917,275.98104611409855,nan,1.120505452156067,5.490909278321136e-06,0.0,0.0,0.8295459441772383,0.014679137617349625,0,0,1,7300,0.039948985761325974,0.8295406744401542,0.8279412180336789,9.009592844982062e-05,275.98104611409855,0.0,0.0,0.0,0.0,nan,0.0,0.0,0.0,0.0,nan
28300,stable_muon,1,113,0.3,128,4,512,226048,4,nested_depth_one_shared_v2,1.7705026039038785e-05,1.0,0.004404573235660791,1.0,5867.663134041941,275.9655853378799,nan,1.120505452156067,5.489355271143768e-06,0.0,0.0,0.8296456303840553,0.014715033583343029,0,0,1,7300,0.0398557688142943,0.8296401239273871,0.8278943826898865,8.988569864723557e-05,275.9655853378799,0.0,0.0,0.0,0.0,nan,0.0,0.0,0.0,0.0,nan
28400,stable_muon,1,113,0.3,128,4,512,226048,4,nested_depth_one_shared_v2,1.7715014109853655e-05,1.0,0.00440263980999589,1.0,5883.496404916979,275.9416432573829,nan,1.120505452156067,5.493042205124405e-06,0.0,0.0,0.8292241954283622,0.014675839804112911,0,0,1,7300,0.03856194274415736,0.8292188012053395,0.8278234264955807,8.696776571802418e-05,275.9416432573829,0.0,0.0,0.0,0.0,nan,0.0,0.0,0.0,0.0,nan
28500,stable_muon,1,113,0.3,128,4,512,226048,4,nested_depth_one_shared_v2,1.77381734829396e-05,1.0,0.004390561953186989,1.0,5899.530972959008,275.919641790849,nan,1.120505452156067,5.50450344318408e-06,0.0,0.0,0.8293119366938305,0.014727692119777203,0,0,1,7300,0.0391887010902825,0.8293064665602241,0.8277570473980395,8.838127782682182e-05,275.919641790849,0.0,0.0,0.0,0.0,nan,0.0,0.0,0.0,0.0,nan
28600,stable_muon,1,113,0.3,128,4,512,226048,4,nested_depth_one_shared_v2,1.7752739950083196e-05,1.0,0.004386549815535545,1.0,5915.69182620896,275.9002712685302,nan,1.120505452156067,5.50796537871489e-06,0.0,0.0,0.8293526815067059,0.014722928404808044,0,0,1,7300,0.038862430376393496,0.8293471279864262,0.8276985920909101,8.764544780927294e-05,275.9002712685302,0.0,0.0,0.0,0.0,nan,0.0,0.0,0.0,0.0,nan
28700,stable_muon,1,113,0.3,128,4,512,226048,4,nested_depth_one_shared_v2,1.774959673639387e-05,1.0,0.004378686659038067,1.0,5931.539818958961,275.89250157299193,nan,1.120505452156067,5.5049674799393495e-06,0.0,0.0,0.8293282258438825,0.014752441085875034,0,0,1,7300,0.03875502931635128,0.8293228025577387,0.8276752710377948,8.740322893846583e-05,275.89250157299193,0.0,0.0,0.0,0.0,nan,0.0,0.0,0.0,0.0,nan
28800,stable_muon,1,113,0.3,128,4,512,226048,4,nested_depth_one_shared_v2,1.7744865544955246e-05,1.0,0.004367991350591183,1.0,5947.732008334016,275.89344218384133,nan,1.120505452156067,5.502572497189086e-06,0.0,0.0,0.8294466424138116,0.014867283403873444,0,0,1,7300,0.0383008950522958,0.8294411793798241,0.8276776810173787,8.637903151815073e-05,275.89344218384133,0.0,0.0,0.0,0.0,nan,0.0,0.0,0.0,0.0,nan
28900,stable_muon,1,113,0.3,128,4,512,226048,4,nested_depth_one_shared_v2,1.7738329916028306e-05,1.0,0.004365336615592241,1.0,5963.759174874984,275.9009170737634,nan,1.120505452156067,5.503246563310694e-06,0.0,0.0,0.8295312502721686,0.014857998117804527,0,0,1,7300,0.03889947859384838,0.82952589671415,0.827700001514217,8.77290017089627e-05,275.9009170737634,0.0,0.0,0.0,0.0,nan,0.0,0.0,0.0,0.0,nan
29000,stable_muon,1,113,0.3,128,4,512,226048,4,nested_depth_one_shared_v2,1.7729491446516477e-05,1.0,0.0043619670905172825,1.0,5980.0419372499455,275.9194699352535,nan,1.120505452156067,5.501637884080306e-06,0.0,0.0,0.8296321652415731,0.01489172875881195,0,0,1,7300,0.03830570374688441,0.8296266118052332,0.827755440963165,8.638987644438193e-05,275.9194699352535,0.0,0.0,0.0,0.0,nan,0.0,0.0,0.0,0.0,nan
29100,stable_muon,1,113,0.3,128,4,512,226048,4,nested_depth_one_shared_v2,1.7707610822981223e-05,1.0,0.004345218185335398,1.0,5996.53435529198,275.95120501647006,nan,1.120505452156067,5.4946342929739746e-06,0.0,0.0,0.8299455630787796,0.01486455462872982,0,0,1,7300,0.03837986251023393,0.8299400650916046,0.8278499979205349,8.655712481150151e-05,275.95120501647006,0.0,0.0,0.0,0.0,nan,0.0,0.0,0.0,0.0,nan
29200,stable_muon,1,113,0.3,128,4,512,226048,4,nested_depth_one_shared_v2,1.7681402823654935e-05,1.0,0.004332299344241619,1.0,6012.8065004589735,275.99105739374534,nan,1.120505452156067,5.490418584850527e-06,0.0,0.0,0.830108053371981,0.014862005598843098,0,0,1,7300,0.038524742619915044,0.8301024444524862,0.8279694456716856,8.688386922683203e-05,275.99105739374534,0.0,0.0,0.0,0.0,nan,0.0,0.0,0.0,0.0,nan
29300,stable_muon,1,113,0.3,128,4,512,226048,4,nested_depth_one_shared_v2,1.7658307115198113e-05,1.0,0.004345498979091644,1.0,6029.349887583987,276.0393950037482,nan,1.120505452156067,5.475227662000966e-06,0.0,0.0,0.8303287417840831,0.014961848966777325,0,0,1,7300,0.03813055497360432,0.8303229788138213,0.8281141754576332,8.599486788421984e-05,276.0393950037482,0.0,0.0,0.0,0.0,nan,0.0,0.0,0.0,0.0,nan
29400,stable_muon,1,113,0.3,128,4,512,226048,4,nested_depth_one_shared_v2,1.765211345627904e-05,1.0,0.0043577090837061405,1.0,6045.671203334001,276.0745107422889,nan,1.120505452156067,5.4770795843406064e-06,0.0,0.0,0.8301278420896137,0.014949753880500793,0,0,1,7300,0.03900535717272419,0.8301224811637766,0.8282205671302201,8.79677869668352e-05,276.0745107422889,0.0,0.0,0.0,0.0,nan,0.0,0.0,0.0,0.0,nan
29500,stable_muon,1,113,0.3,128,4,512,226048,4,nested_depth_one_shared_v2,1.7666028725216165e-05,1.0,0.00437643937766552,1.0,6061.927381458925,276.09654869920155,nan,1.120505452156067,5.483629457853432e-06,0.0,0.0,0.8303253449128136,0.014913523569703102,0,0,1,7300,0.039514658310597944,0.8303199430427313,0.8282863570340806,8.911640083031175e-05,276.09654869920155,0.0,0.0,0.0,0.0,nan,0.0,0.0,0.0,0.0,nan
29600,stable_muon,1,113,0.3,128,4,512,226048,4,nested_depth_one_shared_v2,1.7682245015748776e-05,1.0,0.0043757143430411816,1.0,6078.56569441699,276.1136921985428,nan,1.120505452156067,5.481096256045702e-06,0.0,0.0,0.8302502135337033,0.014937127009034157,0,0,1,7300,0.03952133650621694,0.8302448719790587,0.8283381698647723,8.913146199452397e-05,276.1136921985428,0.0,0.0,0.0,0.0,nan,0.0,0.0,0.0,0.0,nan
29700,stable_muon,1,113,0.3,128,4,512,226048,4,nested_depth_one_shared_v2,1.771626375557389e-05,1.0,0.0043785893358290195,1.0,6095.129505167017,276.1243640110693,nan,1.120505452156067,5.490777094424885e-06,0.0,0.0,0.8302758195794541,0.01493346318602562,0,0,1,7300,0.03921005999283912,0.8302704127552862,0.828370160343166,8.842944801487127e-05,276.1243640110693,0.0,0.0,0.0,0.0,nan,0.0,0.0,0.0,0.0,nan
29800,stable_muon,1,113,0.3,128,4,512,226048,4,nested_depth_one_shared_v2,1.774396514520049e-05,1.0,0.004397416952997446,1.0,6111.501511249924,276.13987645862795,nan,1.120505452156067,5.507238060927404e-06,0.0,0.0,0.830114670334485,0.014927231706678867,0,0,1,7300,0.03914406909387756,0.8301091283385689,0.8284173148644577,8.828062042393563e-05,276.13987645862795,0.0,0.0,0.0,0.0,nan,0.0,0.0,0.0,0.0,nan
29900,stable_muon,1,113,0.3,128,4,512,226048,4,nested_depth_one_shared_v2,1.7777732864487916e-05,1.0,0.004417595453560352,1.0,6127.97842237493,276.1398009529313,nan,1.120505452156067,5.515746874129894e-06,0.0,0.0,0.8302087401567647,0.015022980980575085,0,0,1,7300,0.039080690537875995,0.8302033536912229,0.8284167945662703,8.813768438343424e-05,276.1398009529313,0.0,0.0,0.0,0.0,nan,0.0,0.0,0.0,0.0,nan
30000,stable_muon,1,113,0.3,128,4,512,226048,4,nested_depth_one_shared_v2,1.7810538338380866e-05,1.0,0.004426049534231424,1.0,6144.636343999999,276.14092867387745,nan,1.120505452156067,5.52521300192935e-06,0.0,0.0,0.8300350626184014,0.014970480464398861,0,0,1,7300,0.03931455874972649,0.830029610665541,0.8284207449847815,8.866512139541386e-05,276.14092867387745,0.0,0.0,0.0,0.0,nan,0.0,0.0,0.0,0.0,nan
30100,stable_muon,1,113,0.3,128,4,512,226048,4,nested_depth_one_shared_v2,1.7861333617474884e-05,1.0,0.004439102951437235,1.0,6161.740506000002,276.1369335612173,nan,1.120505452156067,5.545097199215558e-06,0.0,0.0,0.830050541635397,0.014970315620303154,0,0,1,7300,0.03928098101795301,0.8300451566327284,0.828408671903963,8.85893943935459e-05,276.1369335612173,0.0,0.0,0.0,0.0,nan,0.0,0.0,0.0,0.0,nan
30200,stable_muon,1,113,0.3,128,4,512,226048,4,nested_depth_one_shared_v2,1.7912781913764775e-05,1.0,0.004455822054296732,1.0,6178.638982958975,276.12901506692197,nan,1.120505452156067,5.560217352673184e-06,0.0,0.0,0.8298735713811943,0.015013408847153187,0,0,1,7300,0.03922842709607623,0.829868065659356,0.8283853712892341,8.847087087423914e-05,276.12901506692197,0.0,0.0,0.0,0.0,nan,0.0,0.0,0.0,0.0,nan
30300,stable_muon,1,113,0.3,128,4,512,226048,4,nested_depth_one_shared_v2,1.7946147636394016e-05,1.0,0.0044699423015117645,1.0,6195.643472166965,276.11853975948657,nan,1.120505452156067,5.5705731897204554e-06,0.0,0.0,0.8298784819661762,0.014998180791735649,0,0,1,7300,0.03917784498671055,0.8298729772541121,0.8283538287521688,8.835679433338582e-05,276.11853975948657,0.0,0.0,0.0,0.0,nan,0.0,0.0,0.0,0.0,nan
30400,stable_muon,1,113,0.3,128,4,512,226048,4,nested_depth_one_shared_v2,1.796248761820607e-05,1.0,0.00449699442833662,1.0,6212.495649292017,276.11577012373453,nan,1.120505452156067,5.5704457863586066e-06,0.0,0.0,0.8300004771478366,0.014937260188162327,0,0,1,7300,0.03896857204915544,0.8299951009713744,0.8283450970323337,8.788482641607507e-05,276.11577012373453,0.0,0.0,0.0,0.0,nan,0.0,0.0,0.0,0.0,nan
30500,stable_muon,1,113,0.3,128,4,512,226048,4,nested_depth_one_shared_v2,1.80010811163811e-05,1.0,0.0045319595374166965,1.0,6229.273112958996,276.09881042694775,nan,1.120505452156067,5.592948601573397e-06,0.0,0.0,0.829808659943587,0.014976448379456997,0,0,1,7300,0.03929337748244214,0.829803083543752,0.8282946896435446,8.861735182366231e-05,276.09881042694775,0.0,0.0,0.0,0.0,nan,0.0,0.0,0.0,0.0,nan
30600,stable_muon,1,113,0.3,128,4,512,226048,4,nested_depth_one_shared_v2,1.8037653717328794e-05,1.0,0.004566148389130831,1.0,6246.160317166941,276.076505898645,nan,1.120505452156067,5.597134192488527e-06,0.0,0.0,0.829672891445304,0.015073027461767197,0,0,1,7300,0.038586869829664576,0.8296674756284425,0.8282278837032572,8.702398313805427e-05,276.076505898645,0.0,0.0,0.0,0.0,nan,0.0,0.0,0.0,0.0,nan
30700,stable_muon,1,113,0.3,128,4,512,226048,4,nested_depth_one_shared_v2,1.8068436475005e-05,1.0,0.004588639363646507,1.0,6262.679928874946,276.06206609198057,nan,1.120505452156067,5.6096799274278825e-06,0.0,0.0,0.8296852202529139,0.014936077408492565,0,0,1,7300,0.03850850386981475,0.8296796808571676,0.8281843861103234,8.684724638799723e-05,276.06206609198057,0.0,0.0,0.0,0.0,nan,0.0,0.0,0.0,0.0,nan
30800,stable_muon,1,113,0.3,128,4,512,226048,4,nested_depth_one_shared_v2,1.8105722119798884e-05,1.0,0.004617484286427498,1.0,6279.372563416953,276.0369006923798,nan,1.120505452156067,5.618654041693251e-06,0.0,0.0,0.829366437980312,0.014867047779262066,0,0,1,7300,0.038585842455447515,0.829361140393239,0.82810963349564,8.702166612719185e-05,276.0369006923798,0.0,0.0,0.0,0.0,nan,0.0,0.0,0.0,0.0,nan
30900,stable_muon,1,113,0.3,128,4,512,226048,4,nested_depth_one_shared_v2,1.8135351638193242e-05,1.0,0.004638680722564459,1.0,6296.388477750006,276.00961693889457,nan,1.120505452156067,5.6377390718909704e-06,0.0,0.0,0.8294815672896492,0.01490937639027834,0,0,1,7300,0.03955896120757765,0.8294759706865172,0.8280273274730238,8.921631602365986e-05,276.00961693889457,0.0,0.0,0.0,0.0,nan,0.0,0.0,0.0,0.0,nan
31000,stable_muon,1,113,0.3,128,4,512,226048,4,nested_depth_one_shared_v2,1.814724237192422e-05,1.0,0.004661363083869219,1.0,6313.019505459,275.99349628460334,nan,1.120505452156067,5.634004961711295e-06,0.0,0.0,0.829409079971979,0.01493416540324688,0,0,1,7300,0.03790401174973707,0.8294035445475691,0.8279788059634964,8.548395073077124e-05,275.99349628460334,0.0,0.0,0.0,0.0,nan,0.0,0.0,0.0,0.0,nan
31100,stable_muon,1,113,0.3,128,4,512,226048,4,nested_depth_one_shared_v2,1.8154307326767594e-05,1.0,0.004697396419942379,1.0,6330.171959250001,275.9760691120699,nan,1.120505452156067,5.629977367401985e-06,0.0,0.0,0.8293409254775815,0.014782588928937912,0,0,1,7300,0.03746896459842665,0.8293353215630287,0.8279265132515221,8.450279998889917e-05,275.9760691120699,0.0,0.0,0.0,0.0,nan,0.0,0.0,0.0,0.0,nan
31200,stable_muon,1,113,0.3,128,4,512,226048,4,nested_depth_one_shared_v2,1.8157545127905905e-05,1.0,0.004702758975327015,1.0,6346.889001750038,275.9618439297628,nan,1.120505452156067,5.632503010407262e-06,0.0,0.0,0.829315045992498,0.014865806326270103,0,0,1,7300,0.03696332238048893,0.8293094958361996,0.8278837188562423,8.336243799421173e-05,275.9618439297628,0.0,0.0,0.0,0.0,nan,0.0,0.0,0.0,0.0,nan
31300,stable_muon,1,113,0.3,128,4,512,226048,4,nested_depth_one_shared_v2,1.8165635992772877e-05,1.0,0.004723716992884874,1.0,6363.324152791989,275.94311442313966,nan,1.120505452156067,5.633507643422579e-06,0.0,0.0,0.8292612239775822,0.014867735095322132,0,0,1,7300,0.03693306668461571,0.8292556334895966,0.8278275194413809,8.329420309516126e-05,275.94311442313966,0.0,0.0,0.0,0.0,nan,0.0,0.0,0.0,0.0,nan
31400,stable_muon,1,113,0.3,128,4,512,226048,4,nested_depth_one_shared_v2,1.8159100363845937e-05,1.0,0.004736428614705801,1.0,6379.853808833985,275.92759504954677,nan,1.120505452156067,5.6345441951489596e-06,0.0,0.0,0.829132572594084,0.014882989227771759,0,0,1,7300,0.036825089778281445,0.829127065542188,0.827781194211001,8.305068553290206e-05,275.92759504954677,0.0,0.0,0.0,0.0,nan,0.0,0.0,0.0,0.0,nan
31500,stable_muon,1,113,0.3,128,4,512,226048,4,nested_depth_one_shared_v2,1.8155707948608324e-05,1.0,0.004773706663399935,1.0,6396.15346820897,275.9148745268258,nan,1.120505452156067,5.6344607004972475e-06,0.0,0.0,0.8292151408166761,0.014781740494072437,0,0,1,7300,0.03652898784823879,0.8292095504907022,0.8277426297499633,8.23828944039267e-05,275.9148745268258,0.0,0.0,0.0,0.0,nan,0.0,0.0,0.0,0.0,nan
31600,stable_muon,1,113,0.3,128,4,512,226048,4,nested_depth_one_shared_v2,1.8144068235415034e-05,1.0,0.004789758939296007,1.0,6412.7679257499985,275.90874456017497,nan,1.120505452156067,5.6351836179549e-06,0.0,0.0,0.8292213451164034,0.014925596304237843,0,0,1,7300,0.03711668746561447,0.8292157530888157,0.8277242442066115,8.370831835820206e-05,275.90874456017497,0.0,0.0,0.0,0.0,nan,0.0,0.0,0.0,0.0,nan
31700,stable_muon,1,113,0.3,128,4,512,226048,4,nested_depth_one_shared_v2,1.812358823372051e-05,1.0,0.004794278647750616,1.0,6429.273315083934,275.904265984919,nan,1.120505452156067,5.6296440914867486e-06,0.0,0.0,0.8291107383730598,0.014902779832482338,0,0,1,7300,0.03665006916563605,0.829105407125217,0.8277110382566715,8.265596601014991e-05,275.904265984919,0.0,0.0,0.0,0.0,nan,0.0,0.0,0.0,0.0,nan
31800,stable_muon,1,113,0.3,128,4,512,226048,4,nested_depth_one_shared_v2,1.810099092836026e-05,1.0,0.004799472633749247,1.0,6445.901875125011,275.90953092604536,nan,1.120505452156067,5.625003249897311e-06,0.0,0.0,0.8294338183400383,0.014883499592542648,0,0,1,7300,0.037382633406315015,0.8294281169238072,0.8277260060727336,8.430809945372293e-05,275.90953092604536,0.0,0.0,0.0,0.0,nan,0.0,0.0,0.0,0.0,nan
31900,stable_muon,1,113,0.3,128,4,512,226048,4,nested_depth_one_shared_v2,1.8083746908814646e-05,1.0,0.004797873552888632,1.0,6462.462948709028,275.92552177994963,nan,1.120505452156067,5.619705205296206e-06,0.0,0.0,0.829483453207089,0.014868825674057007,0,0,1,7300,0.03756868932003775,0.8294777994320568,0.8277739986019516,8.472770660947349e-05,275.92552177994963,0.0,0.0,0.0,0.0,nan,0.0,0.0,0.0,0.0,nan
32000,stable_muon,1,113,0.3,128,4,512,226048,4,nested_depth_one_shared_v2,1.8081571397488005e-05,1.0,0.004794077016413212,1.0,6478.788148834021,275.9458781126884,nan,1.120505452156067,5.616022456653441e-06,0.0,0.0,0.8297469529636197,0.01485158409923315,0,0,1,7300,0.03754637081886473,0.8297415058371497,0.8278344533029892,8.467737226314478e-05,275.9458781126884,0.0,0.0,0.0,0.0,nan,0.0,0.0,0.0,0.0,nan
32100,stable_muon,1,113,0.3,128,4,512,226048,4,nested_depth_one_shared_v2,1.807715125323739e-05,1.0,0.004754981957376003,1.0,6495.178400791949,275.9738601418535,nan,1.120505452156067,5.614564700105565e-06,0.0,0.0,0.8296868433713221,0.014956294558942318,0,0,1,7300,0.037190841005139086,0.8296812794572214,0.827918785771254,8.38755549441626e-05,275.9738601418535,0.0,0.0,0.0,0.0,nan,0.0,0.0,0.0,0.0,nan
32200,stable_muon,1,113,0.3,128,4,512,226048,4,nested_depth_one_shared_v2,1.8080418158206157e-05,1.0,0.0047302464954555035,1.0,6511.873508666991,275.9964143740386,nan,1.120505452156067,5.621029766093169e-06,0.0,0.0,0.8298103750707073,0.014924007467925549,0,0,1,7300,0.03756758561810678,0.8298048432903482,0.8279863307157929,8.47252174586651e-05,275.9964143740386,0.0,0.0,0.0,0.0,nan,0.0,0.0,0.0,0.0,nan
32300,stable_muon,1,113,0.3,128,4,512,226048,4,nested_depth_one_shared_v2,1.8083532268065028e-05,1.0,0.004695547744631767,1.0,6529.304303542012,276.02955698536687,nan,1.120505452156067,5.62293393587608e-06,0.0,0.0,0.8299849695064053,0.014954229816794395,0,0,1,7300,0.03777725379113238,0.8299792056053356,0.8280855608737759,8.519807674044957e-05,276.02955698536687,0.0,0.0,0.0,0.0,nan,0.0,0.0,0.0,0.0,nan
32400,stable_muon,1,113,0.3,128,4,512,226048,4,nested_depth_one_shared_v2,1.8070335499942303e-05,1.0,0.0046758512035012245,1.0,6546.169713124982,276.07222112335995,nan,1.120505452156067,5.617869255422785e-06,0.0,0.0,0.8302613955743792,0.014966670423746109,0,0,1,7300,0.03739701915644151,0.830255954667808,0.8282130524436877,8.434054326898867e-05,276.07222112335995,0.0,0.0,0.0,0.0,nan,0.0,0.0,0.0,0.0,nan
32500,stable_muon,1,113,0.3,128,4,512,226048,4,nested_depth_one_shared_v2,1.806105865398422e-05,1.0,0.004657559096813202,1.0,6563.455048999982,276.1139092377332,nan,1.120505452156067,5.615538286144739e-06,0.0,0.0,0.8301802102954192,0.014987703412771225,0,0,1,7300,0.03742129005660026,0.8301747833520664,0.8283387417155497,8.43952808109423e-05,276.1139092377332,0.0,0.0,0.0,0.0,nan,0.0,0.0,0.0,0.0,nan
32600,stable_muon,1,113,0.3,128,4,512,226048,4,nested_depth_one_shared_v2,1.8059845388052054e-05,1.0,0.0046546985395252705,1.0,6580.676381041994,276.1527170006038,nan,1.120505452156067,5.608609202844859e-06,0.0,0.0,0.8303237989411758,0.014938294887542725,0,0,1,7300,0.03692120489403042,0.8303183010556631,0.8284550156251175,8.326745150146012e-05,276.1527170006038,0.0,0.0,0.0,0.0,nan,0.0,0.0,0.0,0.0,nan
32700,stable_muon,1,113,0.3,128,4,512,226048,4,nested_depth_one_shared_v2,1.806451655284036e-05,1.0,0.004660246893763542,1.0,6597.552877709037,276.1901209407682,nan,1.120505452156067,5.6106447693462605e-06,0.0,0.0,0.8305190499977366,0.015021443367004395,0,0,1,7300,0.037566559248926504,0.830514013040282,0.8285670623057828,8.472290271443649e-05,276.1901209407682,0.0,0.0,0.0,0.0,nan,0.0,0.0,0.0,0.0,nan
32800,stable_muon,1,113,0.3,128,4,512,226048,4,nested_depth_one_shared_v2,1.8066350094159134e-05,1.0,0.004660054575651884,1.0,6614.420996667002,276.2267555150206,nan,1.120505452156067,5.614517534494947e-06,0.0,0.0,0.830612115998155,0.015010184608399868,0,0,1,7300,0.037292880769140654,0.8306067793302965,0.8286769802936665,8.410568262078116e-05,276.2267555150206,0.0,0.0,0.0,0.0,nan,0.0,0.0,0.0,0.0,nan
32900,stable_muon,1,113,0.3,128,4,512,226048,4,nested_depth_one_shared_v2,1.8061307855532505e-05,1.0,0.0046496307477355,1.0,6631.0333951669745,276.2697145073595,nan,1.120505452156067,5.611067770328427e-06,0.0,0.0,0.830751243632173,0.015045074746012688,0,0,1,7300,0.03716196635073058,0.8307458026385833,0.8288058086375929,8.381043467269577e-05,276.2697145073595,0.0,0.0,0.0,0.0,nan,0.0,0.0,0.0,0.0,nan
33000,stable_muon,1,113,0.3,128,4,512,226048,4,nested_depth_one_shared_v2,1.8065044059767388e-05,1.0,0.004624277353286743,1.0,6647.5681005419465,276.3050908178286,nan,1.120505452156067,5.61284239134277e-06,0.0,0.0,0.8308118127445437,0.015023118816316128,0,0,1,7300,0.03751187438819823,0.8308062084696132,0.8289121224331234,8.45995733431003e-05,276.3050908178286,0.0,0.0,0.0,0.0,nan,0.0,0.0,0.0,0.0,nan
33100,stable_muon,1,113,0.3,128,4,512,226048,4,nested_depth_one_shared_v2,1.8067566998070106e-05,1.0,0.004615907557308674,1.0,6665.032199624926,276.33631942037977,nan,1.120505452156067,5.61447886942956e-06,0.0,0.0,0.8307662302154832,0.015092331916093826,0,0,1,7300,0.037531364430275556,0.8307607657753409,0.8290062301628555,8.464352873778726e-05,276.33631942037977,0.0,0.0,0.0,0.0,nan,0.0,0.0,0.0,0.0,nan
33200,stable_muon,1,113,0.3,128,4,512,226048,4,nested_depth_one_shared_v2,1.8075410480378196e-05,1.0,0.0046125855296850204,1.0,6682.793002250022,276.36380866385275,nan,1.120505452156067,5.620218238878252e-06,0.0,0.0,0.8307707287996733,0.015027047134935856,0,0,1,7300,0.03772712405565725,0.8307654013678722,0.8290889589783056,8.50850204268911e-05,276.36380866385275,0.0,0.0,0.0,0.0,nan,0.0,0.0,0.0,0.0,nan
33300,stable_muon,1,113,0.3,128,4,512,226048,4,nested_depth_one_shared_v2,1.8079550500260666e-05,1.0,0.004613203927874565,1.0,6699.197730624932,276.37966422055655,nan,1.120505452156067,5.619481442027074e-06,0.0,0.0,0.8306784330226719,0.015060631558299065,0,0,1,7300,0.037591229081714195,0.8306729634765877,0.8291369290776666,8.477853995897102e-05,276.37966422055655,0.0,0.0,0.0,0.0,nan,0.0,0.0,0.0,0.0,nan
33400,stable_muon,1,113,0.3,128,4,512,226048,4,nested_depth_one_shared_v2,1.8093709513777867e-05,1.0,0.0045947302132844925,1.0,6716.024302916951,276.3848953501979,nan,1.120505452156067,5.626974222643598e-06,0.0,0.0,0.8306086653907401,0.015067782253026962,0,0,1,7300,0.03806308709535652,0.8306031178262094,0.8291529448516176,8.584270929957912e-05,276.3848953501979,0.0,0.0,0.0,0.0,nan,0.0,0.0,0.0,0.0,nan
33500,stable_muon,1,113,0.3,128,4,512,226048,4,nested_depth_one_shared_v2,1.8116428691428155e-05,1.0,0.004566430114209652,1.0,6732.871426583966,276.3822466566068,nan,1.120505452156067,5.635779519103312e-06,0.0,0.0,0.8304541153759863,0.015107153914868832,0,0,1,7300,0.03765789037018036,0.8304489381775645,0.8291453840410141,8.492887946225409e-05,276.3822466566068,0.0,0.0,0.0,0.0,nan,0.0,0.0,0.0,0.0,nan
33600,stable_muon,1,113,0.3,128,4,512,226048,4,nested_depth_one_shared_v2,1.8131804608856328e-05,1.0,0.004551291931420565,1.0,6750.101751041948,276.3773439658805,nan,1.120505452156067,5.6332976796441165e-06,0.0,0.0,0.8304297713468534,0.01514724362641573,0,0,1,7300,0.03752077171188135,0.8304244849646284,0.8291306867344461,8.46196392502234e-05,276.3773439658805,0.0,0.0,0.0,0.0,nan,0.0,0.0,0.0,0.0,nan
33700,stable_muon,1,113,0.3,128,4,512,226048,4,nested_depth_one_shared_v2,1.8126389477401972e-05,1.0,0.004535096697509289,1.0,6767.141949499957,276.3798278298298,nan,1.120505452156067,5.630792418494322e-06,0.0,0.0,0.8305597618846584,0.015157216228544712,0,0,1,7300,0.037706834223088216,0.8305542561202586,0.829137794961146,8.503926128511163e-05,276.3798278298298,0.0,0.0,0.0,0.0,nan,0.0,0.0,0.0,0.0,nan
33800,stable_muon,1,113,0.3,128,4,512,226048,4,nested_depth_one_shared_v2,1.8126889699487947e-05,1.0,0.004522024653851986,1.0,6783.8187069999985,276.37140452563307,nan,1.120505452156067,5.635718062585411e-06,0.0,0.0,0.8304158023908014,0.015129493549466133,0,0,1,7300,0.038008947167708536,0.8304102660070991,0.8291129243278665,8.572060890191714e-05,276.37140452563307,0.0,0.0,0.0,0.0,nan,0.0,0.0,0.0,0.0,nan
33900,stable_muon,1,113,0.3,128,4,512,226048,4,nested_depth_one_shared_v2,1.811266520235222e-05,1.0,0.004530856851488352,1.0,6800.573966874974,276.37299708473506,nan,1.120505452156067,5.633012355447698e-06,0.0,0.0,0.8307739133937084,0.015145720914006233,0,0,1,7300,0.03772830133760094,0.8307685043880075,0.8291165980715123,8.508767552082509e-05,276.37299708473506,0.0,0.0,0.0,0.0,nan,0.0,0.0,0.0,0.0,nan
34000,stable_muon,1,113,0.3,128,4,512,226048,4,nested_depth_one_shared_v2,1.8092245227308013e-05,1.0,0.004522619303315878,1.0,6817.216706999927,276.3876931230921,nan,1.120505452156067,5.622807388192187e-06,0.0,0.0,0.8306152860925532,0.01515299454331398,0,0,1,7300,0.03781652426622248,0.8306096862586838,0.8291613097987262,8.528664244109205e-05,276.3876931230921,0.0,0.0,0.0,0.0,nan,0.0,0.0,0.0,0.0,nan
34100,stable_muon,1,113,0.3,128,4,512,226048,4,nested_depth_one_shared_v2,1.8078209905070253e-05,1.0,0.004515782464295626,1.0,6834.442233499954,276.4014028328747,nan,1.120505452156067,5.6178123211812065e-06,0.0,0.0,0.8306117954060567,0.015187627635896206,0,0,1,7300,0.03814842972549988,0.8306063962029514,0.8292026182981542,8.60351803561675e-05,276.4014028328747,0.0,0.0,0.0,0.0,nan,0.0,0.0,0.0,0.0,nan
34200,stable_muon,1,113,0.3,128,4,512,226048,4,nested_depth_one_shared_v2,1.8083155737258494e-05,1.0,0.0044897133484482765,1.0,6851.48513966694,276.4062921315715,nan,1.120505452156067,5.634483870482336e-06,0.0,0.0,0.8304984988962499,0.015240241773426533,0,0,1,7300,0.039731730943494054,0.8304928554670968,0.829217895609714,8.960595920154718e-05,276.4062921315715,0.0,0.0,0.0,0.0,nan,0.0,0.0,0.0,0.0,nan
34300,stable_muon,1,113,0.3,128,4,512,226048,4,nested_depth_one_shared_v2,1.809056630008854e-05,1.0,0.004470027983188629,1.0,6868.563095625024,276.41197262819406,nan,1.120505452156067,5.616202916614503e-06,0.0,0.0,0.8308535781456722,0.015302999876439571,0,0,1,7300,0.039063760482324086,0.8308479691361974,0.829233822792688,8.80995024610503e-05,276.41197262819406,0.0,0.0,0.0,0.0,nan,0.0,0.0,0.0,0.0,nan
34400,stable_muon,1,113,0.3,128,4,512,226048,4,nested_depth_one_shared_v2,1.808097840694245e-05,1.0,0.004459896590560675,1.0,6885.082529708976,276.4322286787728,nan,1.120505452156067,5.6222421507430545e-06,0.0,0.0,0.830971285045562,0.01526996772736311,0,0,1,7300,0.03979504557892175,0.830965715679246,0.8292945232617903,8.974875108360899e-05,276.4322286787728,0.0,0.0,0.0,0.0,nan,0.0,0.0,0.0,0.0,nan
34500,stable_muon,1,113,0.3,128,4,512,226048,4,nested_depth_one_shared_v2,1.8075095795211382e-05,1.0,0.004450478125363588,1.0,6901.958855374949,276.4555163165184,nan,1.120505452156067,5.625381673134417e-06,0.0,0.0,0.831009381396995,0.015302751213312149,0,0,1,7300,0.03994464887876108,0.831003956164884,0.8293645028523537,9.008614758921013e-05,276.4555163165184,0.0,0.0,0.0,0.0,nan,0.0,0.0,0.0,0.0,nan
34600,stable_muon,1,113,0.3,128,4,512,226048,4,nested_depth_one_shared_v2,1.8057789930026047e-05,1.0,0.0044284118339419365,1.0,6918.801582374959,276.48548842015873,nan,1.120505452156067,5.609857190646342e-06,0.0,0.0,0.8310787625372147,0.015373475849628448,0,0,1,7300,0.040198387282733464,0.8310732035933918,0.8294545179411811,9.06583973385742e-05,276.48548842015873,0.0,0.0,0.0,0.0,nan,0.0,0.0,0.0,0.0,nan
34700,stable_muon,1,113,0.3,128,4,512,226048,4,nested_depth_one_shared_v2,1.806675390980672e-05,1.0,0.004398972727358341,1.0,6935.24372925004,276.5123902446324,nan,1.120505452156067,5.615251320250227e-06,0.0,0.0,0.831115798322171,0.015366342850029469,0,0,1,7300,0.03946359001754213,0.8311104989767654,0.8295352481582192,8.900122781178506e-05,276.5123902446324,0.0,0.0,0.0,0.0,nan,0.0,0.0,0.0,0.0,nan
34800,stable_muon,1,113,0.3,128,4,512,226048,4,nested_depth_one_shared_v2,1.8072480088449083e-05,1.0,0.0043637556955218315,1.0,6952.32177137502,276.5585407112453,nan,1.120505452156067,5.636813471819828e-06,0.0,0.0,0.8315465647931132,0.015437065623700619,0,0,1,7300,0.04048742537277932,0.8315411839268997,0.8296729659174028,9.131025756941026e-05,276.5585407112453,0.0,0.0,0.0,0.0,nan,0.0,0.0,0.0,0.0,nan
34900,stable_muon,1,113,0.3,128,4,512,226048,4,nested_depth_one_shared_v2,1.806675390980672e-05,1.0,0.004356024321168661,1.0,6969.886739459005,276.6230410814106,nan,1.120505452156067,5.632384965200703e-06,0.0,0.0,0.831801255399461,0.015448354184627533,0,0,1,7300,0.03973182587979543,0.8317958953976904,0.8298661721728997,8.960617330896575e-05,276.6230410814106,0.0,0.0,0.0,0.0,nan,0.0,0.0,0.0,0.0,nan
35000,stable_muon,1,113,0.3,128,4,512,226048,4,nested_depth_one_shared_v2,1.806837462936528e-05,1.0,0.004342823289334774,1.0,6987.416633834015,276.69193921730914,nan,1.120505452156067,5.629172997223516e-06,0.0,0.0,0.8319249641993612,0.015415843576192856,0,0,1,7300,0.03944890593921183,0.8319194913705038,0.8300730760043149,8.896811118453195e-05,276.69193921730914,0.0,0.0,0.0,0.0,nan,0.0,0.0,0.0,0.0,nan
35100,stable_muon,1,113,0.3,128,4,512,226048,4,nested_depth_one_shared_v2,1.8074410036206245e-05,1.0,0.004324198700487614,1.0,7005.837354833959,276.7662525043927,nan,1.120505452156067,5.634101031992916e-06,0.0,0.0,0.8321239307695851,0.015444976277649403,0,0,1,7300,0.04031525440732817,0.8321183132318053,0.8302962126855792,9.0921964783278e-05,276.7662525043927,0.0,0.0,0.0,0.0,nan,0.0,0.0,0.0,0.0,nan
35200,stable_muon,1,113,0.3,128,4,512,226048,4,nested_depth_one_shared_v2,1.8095575796905905e-05,1.0,0.004327486269176006,1.0,7022.990713499952,276.8439083162044,nan,1.120505452156067,5.64585769950735e-06,0.0,0.0,0.8326138337539314,0.015378541313111782,0,0,1,7300,0.04383428276842296,0.8326081955661235,0.8305289392435091,9.88583396721999e-05,276.8439083162044,0.0,0.0,0.0,0.0,nan,0.0,0.0,0.0,0.0,nan
35300,stable_muon,1,113,0.3,128,4,512,226048,4,nested_depth_one_shared_v2,1.8118358639185317e-05,1.0,0.004342972766608,1.0,7039.933169416967,276.94455035332334,nan,1.120505452156067,5.631111522156177e-06,0.0,0.0,0.8335846238199348,0.015336381271481514,0,0,1,7300,0.05028199993608708,0.833579059143844,0.8308299409907468,0.0001133997117128618,276.94455035332334,0.0,0.0,0.0,0.0,nan,0.0,0.0,0.0,0.0,nan
35400,stable_muon,1,113,0.3,128,4,512,226048,4,nested_depth_one_shared_v2,1.8121907487511635e-05,1.0,0.004365206230431795,1.0,7056.862196416943,277.02473528934945,nan,1.120505452156067,5.638358651327473e-06,0.0,0.0,0.8331775066542225,0.015253311023116112,0,0,1,7300,0.051680151904730874,0.8331721820710898,0.831072705608274,0.00011655292817952001,277.02473528934945,0.0,0.0,0.0,0.0,nan,0.0,0.0,0.0,0.0,nan
35500,stable_muon,1,113,0.3,128,4,512,226048,4,nested_depth_one_shared_v2,1.8138653103960678e-05,1.0,0.004394309129565954,1.0,7074.080126459012,277.0302913263761,nan,1.120505452156067,5.638739907352109e-06,0.0,0.0,0.8322085469532381,0.01528916135430336,0,0,1,7300,0.047948485401571816,0.8322031721761651,0.8310916742727176,0.00010813699591340754,277.0302913263761,0.0,0.0,0.0,0.0,nan,0.0,0.0,0.0,0.0,nan
35600,stable_muon,1,113,0.3,128,4,512,226048,4,nested_depth_one_shared_v2,1.8170805560657755e-05,1.0,0.00442515779286623,1.0,7090.972925208975,276.97070513374535,nan,1.120505452156067,5.649700922931081e-06,0.0,0.0,0.8316687215920702,0.015364756807684898,0,0,1,7300,0.045979429392851684,0.8316630917351073,0.8309136711534079,0.00010369623412948559,276.97070513374535,0.0,0.0,0.0,0.0,nan,0.0,0.0,0.0,0.0,nan
35700,stable_muon,1,113,0.3,128,4,512,226048,4,nested_depth_one_shared_v2,1.8204324078396894e-05,1.0,0.004446275532245636,1.0,7107.606383749982,276.9105940527448,nan,1.120505452156067,5.658383014021654e-06,0.0,0.0,0.8315110794684052,0.015177828259766102,0,0,1,7300,0.04259040599578023,0.8315055844796383,0.8307327280030711,9.605305611937175e-05,276.9105940527448,0.0,0.0,0.0,0.0,nan,0.0,0.0,0.0,0.0,nan
35800,stable_muon,1,113,0.3,128,4,512,226048,4,nested_depth_one_shared_v2,1.8226579413749278e-05,1.0,0.0044624037109315395,1.0,7124.394666875014,276.8815846881067,nan,1.120505452156067,5.660890897708926e-06,0.0,0.0,0.8320501202628321,0.015203924849629402,0,0,1,7300,0.041712054161549834,0.8320446730198019,0.8306436800686049,9.407213163524629e-05,276.8815846881067,0.0,0.0,0.0,0.0,nan,0.0,0.0,0.0,0.0,nan
35900,stable_muon,1,113,0.3,128,4,512,226048,4,nested_depth_one_shared_v2,1.825266190280672e-05,1.0,0.004473912063986063,1.0,7141.355785417021,276.86588319210466,nan,1.120505452156067,5.666656338142272e-06,0.0,0.0,0.8319303751885185,0.01514347828924656,0,0,1,7300,0.04143154437316419,0.8319248435682557,0.8305967528304865,9.343950506557917e-05,276.86588319210466,0.0,0.0,0.0,0.0,nan,0.0,0.0,0.0,0.0,nan
36000,stable_muon,1,113,0.3,128,4,512,226048,4,nested_depth_one_shared_v2,1.8278153220308013e-05,1.0,0.004469713661819696,1.0,7158.166766208946,276.8524677985843,nan,1.120505452156067,5.671383394498374e-06,0.0,0.0,0.8322583620746831,0.015124361030757427,0,0,1,7300,0.04100450758945034,0.8322527838814185,0.8305553333212585,9.247641990139534e-05,276.8524677985843,0.0,0.0,0.0,0.0,nan,0.0,0.0,0.0,0.0,nan
36100,stable_muon,1,113,0.3,128,4,512,226048,4,nested_depth_one_shared_v2,1.8320357412449084e-05,1.0,0.004470807500183582,1.0,7175.081779249944,276.8452074203431,nan,1.120505452156067,5.687451868733945e-06,0.0,0.0,0.8319860023506965,0.015043462626636028,0,0,1,7300,0.04101136631499166,0.8319805843900807,0.8305343082237063,9.249188821013589e-05,276.8452074203431,0.0,0.0,0.0,0.0,nan,0.0,0.0,0.0,0.0,nan
36200,stable_muon,1,113,0.3,128,4,512,226048,4,nested_depth_one_shared_v2,1.8348151570535265e-05,1.0,0.004472533240914345,1.0,7193.4705103749875,276.83918291689656,nan,1.120505452156067,5.693997139553264e-06,0.0,0.0,0.8322721720112439,0.015093124471604824,0,0,1,7300,0.04149010785904302,0.832266537065286,0.830515389530941,9.357158180126991e-05,276.83918291689656,0.0,0.0,0.0,0.0,nan,0.0,0.0,0.0,0.0,nan
36300,stable_muon,1,113,0.3,128,4,512,226048,4,nested_depth_one_shared_v2,1.8386092051514424e-05,1.0,0.004470646381378174,1.0,7210.459288417012,276.8331579688096,nan,1.120505452156067,5.706616101700393e-06,0.0,0.0,0.8319603517946172,0.015063852071762085,0,0,1,7300,0.039772630036265515,0.8319547254217099,0.8304979482449423,8.969819788209879e-05,276.8331579688096,0.0,0.0,0.0,0.0,nan,0.0,0.0,0.0,0.0,nan
36400,stable_muon,1,113,0.3,128,4,512,226048,4,nested_depth_one_shared_v2,1.843511199695058e-05,1.0,0.004469592124223709,1.0,7227.041038000025,276.82172613375093,nan,1.120505452156067,5.723502104033146e-06,0.0,0.0,0.8320797465481767,0.015056803822517395,0,0,1,7300,0.04043207250213772,0.8320742126727839,0.8304632847981425,9.118542165235812e-05,276.82172613375093,0.0,0.0,0.0,0.0,nan,0.0,0.0,0.0,0.0,nan
36500,stable_muon,1,113,0.3,128,4,512,226048,4,nested_depth_one_shared_v2,1.8455124518368393e-05,1.0,0.004472358152270317,1.0,7243.563509416999,276.82445726424316,nan,1.120505452156067,5.728535844766106e-06,0.0,0.0,0.8322455417151765,0.014934408478438854,0,0,1,7300,0.0405641123239558,0.8322399558093208,0.8304710224412369,9.148320769403945e-05,276.82445726424316,0.0,0.0,0.0,0.0,nan,0.0,0.0,0.0,0.0,nan
36600,stable_muon,1,113,0.3,128,4,512,226048,4,nested_depth_one_shared_v2,1.8470811482984573e-05,1.0,0.004482352640479803,1.0,7260.350691666943,276.836559475192,nan,1.120505452156067,5.729114407925475e-06,0.0,0.0,0.8324259973720347,0.015003018081188202,0,0,1,7300,0.04005057121520431,0.8324204912950819,0.8305068192219871,9.032503153240815e-05,276.836559475192,0.0,0.0,0.0,0.0,nan,0.0,0.0,0.0,0.0,nan
36700,stable_muon,1,113,0.3,128,4,512,226048,4,nested_depth_one_shared_v2,1.848914507718291e-05,1.0,0.004503236617892981,1.0,7277.153973624925,276.8516720012934,nan,1.120505452156067,5.73637366205835e-06,0.0,0.0,0.8324309898356843,0.014983667992055416,0,0,1,7300,0.0399924578384825,0.8324253177454745,0.8305522704186108,9.019396991641653e-05,276.8516720012934,0.0,0.0,0.0,0.0,nan,0.0,0.0,0.0,0.0,nan
36800,stable_muon,1,113,0.3,128,4,512,226048,4,nested_depth_one_shared_v2,1.8498263671062887e-05,1.0,0.004537730477750301,1.0,7294.012095791986,276.8672546379161,nan,1.120505452156067,5.7398112056082835e-06,0.0,0.0,0.8325690354260129,0.01491168700158596,0,0,1,7300,0.03945731886321626,0.8325632205606894,0.830598666463079,8.898708463741721e-05,276.8672546379161,0.0,0.0,0.0,0.0,nan,0.0,0.0,0.0,0.0,nan
36900,stable_muon,1,113,0.3,128,4,512,226048,4,nested_depth_one_shared_v2,1.8498731151339598e-05,1.0,0.004554501734673977,1.0,7310.870007041958,276.88651918546987,nan,1.120505452156067,5.743159586580269e-06,0.0,0.0,0.8325805945187623,0.015000405721366405,0,0,1,7300,0.040299831420194956,0.8325749976529032,0.8306567200425609,9.088718171385195e-05,276.88651918546987,0.0,0.0,0.0,0.0,nan,0.0,0.0,0.0,0.0,nan
37000,stable_muon,1,113,0.3,128,4,512,226048,4,nested_depth_one_shared_v2,1.851472734415438e-05,1.0,0.004586085677146912,1.0,7327.485784208984,276.90285816045673,nan,1.120505452156067,5.747129291919904e-06,0.0,0.0,0.8326053236718579,0.015036545693874359,0,0,1,7300,0.03963574585122001,0.8325999068842311,0.8307057136484739,8.93894864716151e-05,276.90285816045673,0.0,0.0,0.0,0.0,nan,0.0,0.0,0.0,0.0,nan
37100,stable_muon,1,113,0.3,128,4,512,226048,4,nested_depth_one_shared_v2,1.8527396605350077e-05,1.0,0.004624493420124054,1.0,7344.185045166989,276.91707257016907,nan,1.120505452156067,5.7480120598533786e-06,0.0,0.0,0.8326767958557089,0.015028106048703194,0,0,1,7300,0.03886641348094416,0.8326712347560963,0.8307481611732317,8.765443080335318e-05,276.91707257016907,0.0,0.0,0.0,0.0,nan,0.0,0.0,0.0,0.0,nan
37200,stable_muon,1,113,0.3,128,4,512,226048,4,nested_depth_one_shared_v2,1.8530165107222274e-05,1.0,0.0046434528194367886,1.0,7360.892749833991,276.92565586607503,nan,1.120505452156067,5.751384498420062e-06,0.0,0.0,0.8326888762767475,0.015028710477054119,0,0,1,7300,0.03969738271599156,0.8326833972863739,0.8307740698290347,8.952849452031768e-05,276.92565586607503,0.0,0.0,0.0,0.0,nan,0.0,0.0,0.0,0.0,nan
37300,stable_muon,1,113,0.3,128,4,512,226048,4,nested_depth_one_shared_v2,1.8518618162488565e-05,1.0,0.004651873372495174,1.0,7377.964703958947,276.9364822786787,nan,1.120505452156067,5.748380523390523e-06,0.0,0.0,0.8326932717233457,0.015014930628240108,0,0,1,7300,0.03950106372307992,0.8326879316504068,0.8308066051627763,8.908574130389356e-05,276.9364822786787,0.0,0.0,0.0,0.0,nan,0.0,0.0,0.0,0.0,nan
37400,stable_muon,1,113,0.3,128,4,512,226048,4,nested_depth_one_shared_v2,1.85035551112378e-05,1.0,0.004674612078815699,1.0,7394.72108054196,276.94486642216305,nan,1.120505452156067,5.746600860679937e-06,0.0,0.0,0.8328354104925566,0.015029235742986202,0,0,1,7300,0.03976717483137461,0.832830009558577,0.8308314429385169,8.968589489767595e-05,276.94486642216305,0.0,0.0,0.0,0.0,nan,0.0,0.0,0.0,0.0,nan
37500,stable_muon,1,113,0.3,128,4,512,226048,4,nested_depth_one_shared_v2,1.8471997464075685e-05,1.0,0.0047033061273396015,1.0,7411.402539458941,276.9531143087579,nan,1.120505452156067,5.738930107042832e-06,0.0,0.0,0.8326779504260471,0.014993392862379551,0,0,1,7300,0.03969495108831406,0.8326725925148721,0.8308567255371032,8.952301053244981e-05,276.9531143087579,0.0,0.0,0.0,0.0,nan,0.0,0.0,0.0,0.0,nan
37600,stable_muon,1,113,0.3,128,4,512,226048,4,nested_depth_one_shared_v2,1.8452823496772908e-05,1.0,0.0047354931011796,1.0,7428.529236083967,276.9521372372381,nan,1.120505452156067,5.731949262019563e-06,0.0,0.0,0.8326270828580865,0.014973796904087067,0,0,1,7300,0.03926556326757007,0.8326218653976428,0.830853877251348,8.855462313442914e-05,276.9521372372381,0.0,0.0,0.0,0.0,nan,0.0,0.0,0.0,0.0,nan
37700,stable_muon,1,113,0.3,128,4,512,226048,4,nested_depth_one_shared_v2,1.8435082893120125e-05,1.0,0.004744861274957657,1.0,7445.507697916939,276.94510984115226,nan,1.120505452156067,5.719647952865308e-06,0.0,0.0,0.8324623559530647,0.014899973757565022,0,0,1,7300,0.03847616921669873,0.8324567781529743,0.8308331185367477,8.677432286971331e-05,276.94510984115226,0.0,0.0,0.0,0.0,nan,0.0,0.0,0.0,0.0,nan
37800,stable_muon,1,113,0.3,128,4,512,226048,4,nested_depth_one_shared_v2,1.8396051018498838e-05,1.0,0.004752332344651222,1.0,7462.120816583978,276.9432108562168,nan,1.120505452156067,5.7084068679834864e-06,0.0,0.0,0.83263477610611,0.014816238544881344,0,0,1,7300,0.03781401231404881,0.8326292597136286,0.8308267931475769,8.528097729943712e-05,276.9432108562168,0.0,0.0,0.0,0.0,nan,0.0,0.0,0.0,0.0,nan
37900,stable_muon,1,113,0.3,128,4,512,226048,4,nested_depth_one_shared_v2,1.8357550288783386e-05,1.0,0.004752103239297867,1.0,7478.99157225003,276.9439113030567,nan,1.120505452156067,5.698046063982444e-06,0.0,0.0,0.8324617400478987,0.014809834770858288,0,0,1,7300,0.03722906926001582,0.8324560065085458,0.8308293439662259,8.396177015214592e-05,276.9439113030567,0.0,0.0,0.0,0.0,nan,0.0,0.0,0.0,0.0,nan
38000,stable_muon,1,113,0.3,128,4,512,226048,4,nested_depth_one_shared_v2,1.8342207113164477e-05,1.0,0.004754625726491213,1.0,7495.863506208989,276.94731694747713,nan,1.120505452156067,5.70052394354182e-06,0.0,0.0,0.8325442559286181,0.014743375591933727,0,0,1,7300,0.0379571977932149,0.8325387908705053,0.8308394409116125,8.56038998577988e-05,276.94731694747713,0.0,0.0,0.0,0.0,nan,0.0,0.0,0.0,0.0,nan
38100,stable_muon,1,113,0.3,128,4,512,226048,4,nested_depth_one_shared_v2,1.8337164874537848e-05,1.0,0.004723765887320042,1.0,7512.646245333948,276.9391582908033,nan,1.120505452156067,5.69560003359436e-06,0.0,0.0,0.8326285304873108,0.014672311954200268,0,0,1,7300,0.037737374516539024,0.8326228941452604,0.8308146075687239,8.510813802981848e-05,276.9391582908033,0.0,0.0,0.0,0.0,nan,0.0,0.0,0.0,0.0,nan
38200,stable_muon,1,113,0.3,128,4,512,226048,4,nested_depth_one_shared_v2,1.8313228792976588e-05,1.0,0.004693666938692331,1.0,7529.601498667034,276.94099822357066,nan,1.120505452156067,5.6837905131418606e-06,0.0,0.0,0.8324221934714584,0.014571121893823147,0,0,1,7300,0.0372640348323846,0.8324168586427365,0.8308207011345193,8.404062711550329e-05,276.94099822357066,0.0,0.0,0.0,0.0,nan,0.0,0.0,0.0,0.0,nan
38300,stable_muon,1,113,0.3,128,4,512,226048,4,nested_depth_one_shared_v2,1.8307657228433527e-05,1.0,0.004672723822295666,1.0,7546.913586459006,276.93602114835085,nan,1.120505452156067,5.680013010277319e-06,0.0,0.0,0.8323454870360614,0.014591962099075317,0,0,1,7300,0.036467816879006645,0.8323400256107476,0.8308058505755469,8.224493707754869e-05,276.93602114835085,0.0,0.0,0.0,0.0,nan,0.0,0.0,0.0,0.0,nan
38400,stable_muon,1,113,0.3,128,4,512,226048,4,nested_depth_one_shared_v2,1.8304110199096613e-05,1.0,0.004639045801013708,1.0,7563.594637542032,276.9324407797154,nan,1.120505452156067,5.680601666808038e-06,0.0,0.0,0.8322956384498321,0.014635118655860424,0,0,1,7300,0.03688185172019391,0.8322901834382362,0.8307952822030618,8.31786992924446e-05,276.9324407797154,0.0,0.0,0.0,0.0,nan,0.0,0.0,0.0,0.0,nan
38500,stable_muon,1,113,0.3,128,4,512,226048,4,nested_depth_one_shared_v2,1.8308872313355096e-05,1.0,0.00462801568210125,1.0,7580.235734459013,276.92769812972733,nan,1.120505452156067,5.6839153000579175e-06,0.0,0.0,0.8323929504719669,0.014618857763707638,0,0,1,7300,0.037161490383476416,0.8323872639795621,0.8307807561238469,8.380936123588984e-05,276.92769812972733,0.0,0.0,0.0,0.0,nan,0.0,0.0,0.0,0.0,nan
38600,stable_muon,1,113,0.3,128,4,512,226048,4,nested_depth_one_shared_v2,1.82981020770967e-05,1.0,0.004609578754752874,1.0,7597.324577959022,276.9258786465522,nan,1.120505452156067,5.681409598497437e-06,0.0,0.0,0.8324340645846963,0.014544677920639515,0,0,1,7300,0.03753518743691573,0.8324285159421155,0.8307752072618089,8.465215066713421e-05,276.9258786465522,0.0,0.0,0.0,0.0,nan,0.0,0.0,0.0,0.0,nan
38700,stable_muon,1,113,0.3,128,4,512,226048,4,nested_depth_one_shared_v2,1.8287613784195855e-05,1.0,0.004592346493154764,1.0,7614.2259668339975,276.92610860433655,nan,1.120505452156067,5.6726569058841505e-06,0.0,0.0,0.8323871301294375,0.01464185118675232,0,0,1,7300,0.036391230658995494,0.8323816439921091,0.8307758878364518,8.207221412934693e-05,276.92610860433655,0.0,0.0,0.0,0.0,nan,0.0,0.0,0.0,0.0,nan
38800,stable_muon,1,113,0.3,128,4,512,226048,4,nested_depth_one_shared_v2,1.8256614566780627e-05,1.0,0.004574168939143419,1.0,7631.04370554199,276.93481306178325,nan,1.120505452156067,5.663910743829175e-06,0.0,0.0,0.832673290178551,0.014575844630599022,0,0,1,7300,0.03716675204175558,0.8326676155331144,0.8308013205749512,8.382122771957679e-05,276.93481306178325,0.0,0.0,0.0,0.0,nan,0.0,0.0,0.0,0.0,nan
38900,stable_muon,1,113,0.3,128,4,512,226048,4,nested_depth_one_shared_v2,1.820043326006271e-05,1.0,0.004562044981867075,1.0,7647.914512209012,276.9601361417413,nan,1.120505452156067,5.647334145363186e-06,0.0,0.0,0.8328207072293459,0.01463830191642046,0,0,1,7300,0.037234423199028886,0.8328150395992918,0.8308770831750915,8.397384475421787e-05,276.9601361417413,0.0,0.0,0.0,0.0,nan,0.0,0.0,0.0,0.0,nan
39000,stable_muon,1,113,0.3,128,4,512,226048,4,nested_depth_one_shared_v2,1.813815651985351e-05,1.0,0.004550340585410595,1.0,7664.522941416944,276.98979020127274,nan,1.120505452156067,5.626102284878298e-06,0.0,0.0,0.8331092238736741,0.014758464880287647,0,0,1,7300,0.03751777944635113,0.8331033705505879,0.8309654819445011,8.461289087010873e-05,276.98979020127274,0.0,0.0,0.0,0.0,nan,0.0,0.0,0.0,0.0,nan
39100,stable_muon,1,113,0.3,128,4,512,226048,4,nested_depth_one_shared_v2,1.8082910173689015e-05,1.0,0.004566537216305733,1.0,7681.363194125006,277.02564591632023,nan,1.120505452156067,5.616805898927911e-06,0.0,0.0,0.8330885142911522,0.014723550528287888,0,0,1,7300,0.03757884336184382,0.8330828340292845,0.8310734434677354,8.475060676091919e-05,277.02564591632023,0.0,0.0,0.0,0.0,nan,0.0,0.0,0.0,0.0,nan
39200,stable_muon,1,113,0.3,128,4,512,226048,4,nested_depth_one_shared_v2,1.8037279005511664e-05,1.0,0.004584722686558962,1.0,7698.183919208939,277.05265505569025,nan,1.120505452156067,5.600119120934739e-06,0.0,0.0,0.8328741632962314,0.014717517420649529,0,0,1,7300,0.03722480418416416,0.832868517374214,0.831155313531452,8.395215123538394e-05,277.05265505569025,0.0,0.0,0.0,0.0,nan,0.0,0.0,0.0,0.0,nan
39300,stable_muon,1,113,0.3,128,4,512,226048,4,nested_depth_one_shared_v2,1.7991185814025812e-05,1.0,0.004603791516274214,1.0,7714.9359814999625,277.07852955236024,nan,1.120505452156067,5.588460167504271e-06,0.0,0.0,0.8332068279096285,0.014731544069945812,0,0,1,7300,0.03805527247939643,0.8332012576717347,0.8312322802510601,8.582508519556284e-05,277.07852955236024,0.0,0.0,0.0,0.0,nan,0.0,0.0,0.0,0.0,nan
39400,stable_muon,1,113,0.3,128,4,512,226048,4,nested_depth_one_shared_v2,1.7944592400453985e-05,1.0,0.004602815490216017,1.0,7732.103508500033,277.1119973266001,nan,1.120505452156067,5.5746598101935435e-06,0.0,0.0,0.8333783230904375,0.014749717898666859,0,0,1,7300,0.03886431319518438,0.8333727534023235,0.8313325811097197,8.764969408245949e-05,277.1119973266001,0.0,0.0,0.0,0.0,nan,0.0,0.0,0.0,0.0,nan
39500,stable_muon,1,113,0.3,128,4,512,226048,4,nested_depth_one_shared_v2,1.7912565454025753e-05,1.0,0.004609070718288422,1.0,7748.899755500024,277.139887841745,nan,1.120505452156067,5.5657215050673394e-06,0.0,0.0,0.8332652500812389,0.014788947068154812,0,0,1,7300,0.03825628041946245,0.8332597491505345,0.831416760966537,8.627841327488459e-05,277.139887841745,0.0,0.0,0.0,0.0,nan,0.0,0.0,0.0,0.0,nan
39600,stable_muon,1,113,0.3,128,4,512,226048,4,nested_depth_one_shared_v2,1.787235123629216e-05,1.0,0.004593720193952322,1.0,7765.743094999925,277.16527997741366,nan,1.120505452156067,5.552564668155919e-06,0.0,0.0,0.8334014236245031,0.014747729524970055,0,0,1,7300,0.03915824216915755,0.8333959254041872,0.8314928821474334,8.831258459904558e-05,277.16527997741366,0.0,0.0,0.0,0.0,nan,0.0,0.0,0.0,0.0,nan
39700,stable_muon,1,113,0.3,128,4,512,226048,4,nested_depth_one_shared_v2,1.785548374755308e-05,1.0,0.004595262464135885,1.0,7782.576917166938,277.18014551150765,nan,1.120505452156067,5.54462061681095e-06,0.0,0.0,0.8334470947495963,0.014760199002921581,0,0,1,7300,0.03854895193587287,0.8334417038497638,0.8315373896300914,8.693846787950838e-05,277.18014551150765,0.0,0.0,0.0,0.0,nan,0.0,0.0,0.0,0.0,nan
39800,stable_muon,1,113,0.3,128,4,512,226048,4,nested_depth_one_shared_v2,1.7837430277722888e-05,1.0,0.0045862821862101555,1.0,7799.395305208978,277.1974745621085,nan,1.120505452156067,5.542936540719328e-06,0.0,0.0,0.8333860576529305,0.014866136945784092,0,0,1,7300,0.038357590032971546,0.8333805384982662,0.831589691304011,8.650689426172434e-05,277.1974745621085,0.0,0.0,0.0,0.0,nan,0.0,0.0,0.0,0.0,nan
39900,stable_muon,1,113,0.3,128,4,512,226048,4,nested_depth_one_shared_v2,1.7822336303652264e-05,1.0,0.004579365253448486,1.0,7816.066063042032,277.2096201715082,nan,1.120505452156067,5.542267009135506e-06,0.0,0.0,0.8334971349746684,0.01477502565830946,0,0,1,7300,0.03950034212142198,0.8334915160583178,0.8316260637069783,8.908411389408317e-05,277.2096201715082,0.0,0.0,0.0,0.0,nan,0.0,0.0,0.0,0.0,nan
40000,stable_muon,1,113,0.3,128,4,512,226048,4,nested_depth_one_shared_v2,1.7820593711803667e-05,1.0,0.004595008213073015,1.0,7833.284873583936,277.2178195226889,nan,1.120505452156067,5.5358026429145445e-06,0.0,0.0,0.8334939993754941,0.014838430099189281,0,0,1,7300,0.03862801799762814,0.8334884343075046,0.8316506222281208,8.711678355153249e-05,277.2178195226889,0.0,0.0,0.0,0.0,nan,0.0,0.0,0.0,0.0,nan
40100,stable_muon,1,113,0.3,128,4,512,226048,4,nested_depth_one_shared_v2,1.7830303477239795e-05,1.0,0.004599889274686575,1.0,7850.003820374957,277.22393598893984,nan,1.120505452156067,5.540730813902812e-06,0.0,0.0,0.8334605205172603,0.01490708813071251,0,0,1,7300,0.03936761537750394,0.8334548622102625,0.8316692321825964,8.878477865451387e-05,277.22393598893984,0.0,0.0,0.0,0.0,nan,0.0,0.0,0.0,0.0,nan
40200,stable_muon,1,113,0.3,128,4,512,226048,4,nested_depth_one_shared_v2,1.7851591110229492e-05,1.0,0.004609615541994572,1.0,7867.583138542017,277.2214957088575,nan,1.120505452156067,5.547698507464118e-06,0.0,0.0,0.8333114903347659,0.014795522205531597,0,0,1,7300,0.03984129175882621,0.8333059363141561,0.831662406009406,8.985304891336223e-05,277.2214957088575,0.0,0.0,0.0,0.0,nan,0.0,0.0,0.0,0.0,nan
40300,stable_muon,1,113,0.3,128,4,512,226048,4,nested_depth_one_shared_v2,1.78692425834015e-05,1.0,0.004606193397194147,1.0,7885.008487291983,277.22343732576957,nan,1.120505452156067,5.55543833616295e-06,0.0,0.0,0.8334865674560841,0.014859688468277454,0,0,1,7300,0.03986839462390572,0.8334811122799213,0.8316677240954031,8.991417331355546e-05,277.22343732576957,0.0,0.0,0.0,0.0,nan,0.0,0.0,0.0,0.0,nan
40400,stable_muon,1,113,0.3,128,4,512,226048,4,nested_depth_one_shared_v2,1.787496694305446e-05,1.0,0.0046159448102116585,1.0,7903.089498583926,277.2293930428912,nan,1.120505452156067,5.553451147066584e-06,0.0,0.0,0.8334060558620896,0.014865477569401264,0,0,1,7300,0.038789003549477494,0.8334001738313196,0.8316857359980622,8.747985015971946e-05,277.2293930428912,0.0,0.0,0.0,0.0,nan,0.0,0.0,0.0,0.0,nan
40500,stable_muon,1,113,0.3,128,4,512,226048,4,nested_depth_one_shared_v2,1.788268673408311e-05,1.0,0.004631464835256338,1.0,7920.233581000008,277.2311183799166,nan,1.120505452156067,5.559280699129551e-06,0.0,0.0,0.8334317297843977,0.014828253537416458,0,0,1,7300,0.039265315433079664,0.8334263028381388,0.8316909158663052,8.855406419962544e-05,277.2311183799166,0.0,0.0,0.0,0.0,nan,0.0,0.0,0.0,0.0,nan
40600,stable_muon,1,113,0.3,128,4,512,226048,4,nested_depth_one_shared_v2,1.7885053239297122e-05,1.0,0.004635950084775686,1.0,7937.6228269590065,277.2399752453608,nan,1.120505452156067,5.553369737208011e-06,0.0,0.0,0.8335324468020763,0.014976324513554573,0,0,1,7300,0.038279782662552525,0.8335269162546118,0.8317171252731881,8.633141728416043e-05,277.2399752453608,0.0,0.0,0.0,0.0,nan,0.0,0.0,0.0,0.0,nan
40700,stable_muon,1,113,0.3,128,4,512,226048,4,nested_depth_one_shared_v2,1.7881506209960207e-05,1.0,0.004612710792571306,1.0,7954.362149999943,277.25355247947334,nan,1.120505452156067,5.557005960821816e-06,0.0,0.0,0.8336222021711663,0.014834487810730934,0,0,1,7300,0.03847086209655452,0.8336166717261291,0.8317577354550709,8.67623538570419e-05,277.25355247947334,0.0,0.0,0.0,0.0,nan,0.0,0.0,0.0,0.0,nan
40800,stable_muon,1,113,0.3,128,4,512,226048,4,nested_depth_one_shared_v2,1.7873071556095965e-05,1.0,0.004590603522956371,1.0,7970.949884666945,277.2739643350543,nan,1.120505452156067,5.555192815406999e-06,0.0,0.0,0.8335837664644484,0.014850149862468243,0,0,1,7300,0.03828932061507298,0.8335781481031057,0.83181924652773,8.635292798515732e-05,277.2739643350543,0.0,0.0,0.0,0.0,nan,0.0,0.0,0.0,0.0,nan
40900,stable_muon,1,113,0.3,128,4,512,226048,4,nested_depth_one_shared_v2,1.787061228242237e-05,1.0,0.00457951333373785,1.0,7987.834536166978,277.2922611757042,nan,1.120505452156067,5.552315099573665e-06,0.0,0.0,0.8336907405310316,0.014915289357304573,0,0,1,7300,0.03755207934746574,0.8336852643437922,0.8318738785690781,8.469024656206848e-05,277.2922611757042,0.0,0.0,0.0,0.0,nan,0.0,0.0,0.0,0.0,nan
41000,stable_muon,1,113,0.3,128,4,512,226048,4,nested_depth_one_shared_v2,1.7881506209960207e-05,1.0,0.004586194176226854,1.0,8004.809587499942,277.3142564282233,nan,1.120505452156067,5.560032473086909e-06,0.0,0.0,0.8336736672819693,0.014909016899764538,0,0,1,7300,0.0380817414171612,0.8336683463113598,0.8319401863452724,8.588477991565523e-05,277.3142564282233,0.0,0.0,0.0,0.0,nan,0.0,0.0,0.0,0.0,nan
41100,stable_muon,1,113,0.3,128,4,512,226048,4,nested_depth_one_shared_v2,1.789031011867337e-05,1.0,0.004605821333825588,1.0,8021.764544209,277.33300817502044,nan,1.120505452156067,5.563639797860045e-06,0.0,0.0,0.8338357940445892,0.014890016987919807,0,0,1,7300,0.037930367726919864,0.8338302612116245,0.8319961020513109,8.554339069374484e-05,277.33300817502044,0.0,0.0,0.0,0.0,nan,0.0,0.0,0.0,0.0,nan
41200,stable_muon,1,113,0.3,128,4,512,226048,4,nested_depth_one_shared_v2,1.7901920728036202e-05,1.0,0.004619683604687452,1.0,8038.731685624924,277.3566782380389,nan,1.120505452156067,5.569246159876379e-06,0.0,0.0,0.8339770731095537,0.014897344633936882,0,0,1,7300,0.038039475525284513,0.833971440142653,0.8320669153482558,8.578945872794998e-05,277.3566782380389,0.0,0.0,0.0,0.0,nan,0.0,0.0,0.0,0.0,nan
41300,stable_muon,1,113,0.3,128,4,512,226048,4,nested_depth_one_shared_v2,1.7889005903271027e-05,1.0,0.004643827211111784,1.0,8055.731768875034,277.3966904781992,nan,1.120505452156067,5.555613730362361e-06,0.0,0.0,0.8341671009321217,0.014911578968167305,0,0,1,7300,0.03707535393214191,0.8341617518834509,0.8321866092057718,8.361509989462025e-05,277.3966904781992,0.0,0.0,0.0,0.0,nan,0.0,0.0,0.0,0.0,nan
41400,stable_muon,1,113,0.3,128,4,512,226048,4,nested_depth_one_shared_v2,1.7883307009469718e-05,1.0,0.004661966115236282,1.0,8072.516168624978,277.4358195960404,nan,1.120505452156067,5.55773210052922e-06,0.0,0.0,0.8341538758713165,0.014855021610856056,0,0,1,7300,0.0370057413984067,0.8341480849135783,0.8323043821675074,8.345810452317104e-05,277.4358195960404,0.0,0.0,0.0,0.0,nan,0.0,0.0,0.0,0.0,nan
41500,stable_muon,1,113,0.3,128,4,512,226048,4,nested_depth_one_shared_v2,1.7868709619506262e-05,1.0,0.004673507064580917,1.0,8089.578632791992,277.4741745996392,nan,1.120505452156067,5.554991040157362e-06,0.0,0.0,0.8344072116857341,0.014961838722229004,0,0,1,7300,0.03746877236646547,0.834401528404431,0.8324190916358393,8.450236645306115e-05,277.4741745996392,0.0,0.0,0.0,0.0,nan,0.0,0.0,0.0,0.0,nan
41600,stable_muon,1,113,0.3,128,4,512,226048,4,nested_depth_one_shared_v2,1.78427198989084e-05,1.0,0.004673558287322521,1.0,8106.609194291988,277.5150572108442,nan,1.120505452156067,5.546951933797375e-06,0.0,0.0,0.8344218846351055,0.014954805374145508,0,0,1,7300,0.037518634546286546,0.8344163987413543,0.8325420708910581,8.461481935517864e-05,277.5150572108442,0.0,0.0,0.0,0.0,nan,0.0,0.0,0.0,0.0,nan
41700,stable_muon,1,113,0.3,128,4,512,226048,4,nested_depth_one_shared_v2,1.782915205694735e-05,1.0,0.004691421054303646,1.0,8123.367982708965,277.5374274046673,nan,1.120505452156067,5.538470521322302e-06,0.0,0.0,0.8343906222464206,0.01493519451469183,0,0,1,7300,0.037425251379549745,0.8343851502242641,0.8326094652742875,8.440421468153305e-05,277.5374274046673,0.0,0.0,0.0,0.0,nan,0.0,0.0,0.0,0.0,nan
41800,stable_muon,1,113,0.3,128,4,512,226048,4,nested_depth_one_shared_v2,1.7827160263550468e-05,1.0,0.0046916441060602665,1.0,8141.027812458924,277.5424429066234,nan,1.120505452156067,5.537642839937974e-06,0.0,0.0,0.8341807329243425,0.014930501580238342,0,0,1,7300,0.03728774417534992,0.8341752244404242,0.8326251715261601,8.409409819184444e-05,277.5424429066234,0.0,0.0,0.0,0.0,nan,0.0,0.0,0.0,0.0,nan
41900,stable_muon,1,113,0.3,128,4,512,226048,4,nested_depth_one_shared_v2,1.7845150068751536e-05,1.0,0.004672985058277845,1.0,8157.791829499998,277.5294013986362,nan,1.120505452156067,5.542082736511045e-06,0.0,0.0,0.8339799124783596,0.014957915060222149,0,0,1,7300,0.03771768869403244,0.8339744667228307,0.8325865924352523,8.506374109652397e-05,277.5294013986362,0.0,0.0,0.0,0.0,nan,0.0,0.0,0.0,0.0,nan
42000,stable_muon,1,113,0.3,128,4,512,226048,4,nested_depth_one_shared_v2,1.787219662219286e-05,1.0,0.004663933999836445,1.0,8175.196006249986,277.5089005613735,nan,1.120505452156067,5.55314397551012e-06,0.0,0.0,0.8339498498659306,0.014936253428459167,0,0,1,7300,0.038825586206482264,0.8339441193730681,0.8325251489997636,8.756235409280296e-05,277.5089005613735,0.0,0.0,0.0,0.0,nan,0.0,0.0,0.0,0.0,nan
42100,stable_muon,1,113,0.3,128,4,512,226048,4,nested_depth_one_shared_v2,1.7897436919156462e-05,1.0,0.00465595256537199,1.0,8192.470092833973,277.490839893902,nan,1.120505452156067,5.5598655820688195e-06,0.0,0.0,0.8338876539495683,0.01489829458296299,0,0,1,7300,0.038021474738331895,0.8338819668909158,0.8324708798543273,8.574886201235343e-05,277.490839893902,0.0,0.0,0.0,0.0,nan,0.0,0.0,0.0,0.0,nan
42200,stable_muon,1,113,0.3,128,4,512,226048,4,nested_depth_one_shared_v2,1.7940110410563648e-05,1.0,0.004667473956942558,1.0,8210.585278708953,277.46516680963293,nan,1.120505452156067,5.574891088297299e-06,0.0,0.0,0.8338683596027269,0.014839841984212399,0,0,1,7300,0.039413159292393016,0.8338627050049774,0.8323938809432586,8.888749268389339e-05,277.46516680963293,0.0,0.0,0.0,0.0,nan,0.0,0.0,0.0,0.0,nan
42300,stable_muon,1,113,0.3,128,4,512,226048,4,nested_depth_one_shared_v2,1.7969025066122413e-05,1.0,0.0046694413758814335,1.0,8227.776383874938,277.43428859970294,nan,1.120505452156067,5.58393892719878e-06,0.0,0.0,0.8336356087449687,0.014922081492841244,0,0,1,7300,0.03945910469606277,0.8336299375061081,0.832301675527684,8.899111218067762e-05,277.43428859970294,0.0,0.0,0.0,0.0,nan,0.0,0.0,0.0,0.0,nan
42400,stable_muon,1,113,0.3,128,4,512,226048,4,nested_depth_one_shared_v2,1.7995387679548003e-05,1.0,0.004659706726670265,1.0,8244.951748542022,277.40324541230933,nan,1.120505452156067,5.592458910353142e-06,0.0,0.0,0.833605242935894,0.014968897216022015,0,0,1,7300,0.04032139443965372,0.8335995535478995,0.8322084811638787,9.093581224154358e-05,277.40324541230933,0.0,0.0,0.0,0.0,nan,0.0,0.0,0.0,0.0,nan
42500,stable_muon,1,113,0.3,128,4,512,226048,4,nested_depth_one_shared_v2,1.803195664251689e-05,1.0,0.004633772652596235,1.0,8262.159517791937,277.36658212139,nan,1.120505452156067,5.6019873279816665e-06,0.0,0.0,0.8334551391095654,0.014906984753906727,0,0,1,7300,0.04039200591187162,0.8334495453438643,0.8320986225666065,9.10950604934689e-05,277.36658212139,0.0,0.0,0.0,0.0,nan,0.0,0.0,0.0,0.0,nan
42600,stable_muon,1,113,0.3,128,4,512,226048,4,nested_depth_one_shared_v2,1.8072762031806633e-05,1.0,0.004605215974152088,1.0,8279.707833374967,277.32834137453517,nan,1.120505452156067,5.611461224578847e-06,0.0,0.0,0.8334433028633689,0.014903783798217773,0,0,1,7300,0.040607289969828105,0.8334378633332683,0.8319836215966556,9.158058513727128e-05,277.32834137453517,0.0,0.0,0.0,0.0,nan,0.0,0.0,0.0,0.0,nan
42700,stable_muon,1,113,0.3,128,4,512,226048,4,nested_depth_one_shared_v2,1.8108306903741322e-05,1.0,0.004585932474583387,1.0,8297.160378374974,277.2964187993286,nan,1.120505452156067,5.627817233224489e-06,0.0,0.0,0.8332878140787964,0.014951786026358604,0,0,1,7300,0.041178870571083305,0.8332822393561596,0.8318881189217538,9.286965628570198e-05,277.2964187993286,0.0,0.0,0.0,0.0,nan,0.0,0.0,0.0,0.0,nan
42800,stable_muon,1,113,0.3,128,4,512,226048,4,nested_depth_one_shared_v2,1.814618553908076e-05,1.0,0.00457649864256382,1.0,8314.692843292025,277.2568017717953,nan,1.120505452156067,5.635046613772872e-06,0.0,0.0,0.833094023128178,0.014847594313323498,0,0,1,7300,0.04089891792201116,0.8330885373090007,0.8317694524334898,9.223828621811545e-05,277.2568017717953,0.0,0.0,0.0,0.0,nan,0.0,0.0,0.0,0.0,nan
42900,stable_muon,1,113,0.3,128,4,512,226048,4,nested_depth_one_shared_v2,1.8197695681010373e-05,1.0,0.004562193062156439,1.0,8331.79819462495,277.2063220204486,nan,1.120505452156067,5.6483279040769015e-06,0.0,0.0,0.8329080780423835,0.014847034588456154,0,0,1,7300,0.04052793642730115,0.8329024477172139,0.8316180636689139,9.140162111719673e-05,277.2063220204486,0.0,0.0,0.0,0.0,nan,0.0,0.0,0.0,0.0,nan
43000,stable_muon,1,113,0.3,128,4,512,226048,4,nested_depth_one_shared_v2,1.824979881348554e-05,1.0,0.004547422286123037,1.0,8349.171378583997,277.1542087374427,nan,1.120505452156067,5.670421149003972e-06,0.0,0.0,0.8326192882375985,0.014863984659314156,0,0,1,7300,0.04032383177925609,0.8326136775488279,0.8314620936756898,9.094130911136988e-05,277.1542087374427,0.0,0.0,0.0,0.0,nan,0.0,0.0,0.0,0.0,nan
43100,stable_muon,1,113,0.3,128,4,512,226048,4,nested_depth_one_shared_v2,1.8301840100320987e-05,1.0,0.0045431205071508884,1.0,8366.380324000027,277.10381334726065,nan,1.120505452156067,5.6875361038565955e-06,0.0,0.0,0.8327011964421656,0.014793059788644314,0,0,1,7300,0.04093214073967095,0.8326954928759311,0.8313102950488532,9.231321279123699e-05,277.10381334726065,0.0,0.0,0.0,0.0,nan,0.0,0.0,0.0,0.0,nan
43200,stable_muon,1,113,0.3,128,4,512,226048,4,nested_depth_one_shared_v2,1.8327329598832875e-05,1.0,0.004517390858381987,1.0,8383.09101241699,277.0659848220091,nan,1.120505452156067,5.696751956522173e-06,0.0,0.0,0.8326098013525803,0.014758583158254623,0,0,1,7300,0.040547472487656104,0.8326042403795144,0.8311966863113186,9.144568029573124e-05,277.0659848220091,0.0,0.0,0.0,0.0,nan,0.0,0.0,0.0,0.0,nan
43300,stable_muon,1,113,0.3,128,4,512,226048,4,nested_depth_one_shared_v2,1.8335515051148832e-05,1.0,0.004471781197935343,1.0,8399.651193583966,277.04686680827984,nan,1.120505452156067,5.7035239383288655e-06,0.0,0.0,0.8326190622720773,0.014757897704839706,0,0,1,7300,0.039959923455975016,0.8326135848619632,0.8311390460605377,9.012059595353131e-05,277.04686680827984,0.0,0.0,0.0,0.0,nan,0.0,0.0,0.0,0.0,nan
43400,stable_muon,1,113,0.3,128,4,512,226048,4,nested_depth_one_shared_v2,1.8367200027569197e-05,1.0,0.004439161159098148,1.0,8416.240003291983,277.0273977277087,nan,1.120505452156067,5.712520780219152e-06,0.0,0.0,0.8325316704529446,0.014722968451678753,0,0,1,7300,0.03894085965275755,0.8325263290178679,0.8310805808586367,8.782232735544925e-05,277.0273977277087,0.0,0.0,0.0,0.0,nan,0.0,0.0,0.0,0.0,nan
43500,stable_muon,1,113,0.3,128,4,512,226048,4,nested_depth_one_shared_v2,1.8375230865785852e-05,1.0,0.00441746087744832,1.0,8432.896571333986,277.01589520142363,nan,1.120505452156067,5.713139168313826e-06,0.0,0.0,0.8326101345759694,0.014698900282382965,0,0,1,7300,0.03861643413522191,0.8326044929115767,0.8310456883334112,8.709065876216337e-05,277.01589520142363,0.0,0.0,0.0,0.0,nan,0.0,0.0,0.0,0.0,nan
43600,stable_muon,1,113,0.3,128,4,512,226048,4,nested_depth_one_shared_v2,1.8373673810856417e-05,1.0,0.004430081695318222,1.0,8449.945034542005,277.0163707337166,nan,1.120505452156067,5.714460024663674e-06,0.0,0.0,0.8326500094400479,0.014751899056136608,0,0,1,7300,0.03823912090730484,0.8326442768950384,0.8310469469469826,8.623971386487147e-05,277.0163707337166,0.0,0.0,0.0,0.0,nan,0.0,0.0,0.0,0.0,nan
43700,stable_muon,1,113,0.3,128,4,512,226048,4,nested_depth_one_shared_v2,1.8379494576947764e-05,1.0,0.004437998402863741,1.0,8467.632972416934,277.0192819338777,nan,1.120505452156067,5.71250096980768e-06,0.0,0.0,0.8327520575795009,0.014763863757252693,0,0,1,7300,0.03806016134072566,0.8327466120046818,0.8310553736676045,8.583611091979902e-05,277.0192819338777,0.0,0.0,0.0,0.0,nan,0.0,0.0,0.0,0.0,nan
43800,stable_muon,1,113,0.3,128,4,512,226048,4,nested_depth_one_shared_v2,1.8392785932519473e-05,1.0,0.004463147837668657,1.0,8484.825178458937,277.02272718252397,nan,1.120505452156067,5.717474567236766e-06,0.0,0.0,0.8326878970430597,0.014700960367918015,0,0,1,7300,0.03718456781942012,0.8326825304274846,0.8310658148360701,8.386140718844571e-05,277.02272718252397,0.0,0.0,0.0,0.0,nan,0.0,0.0,0.0,0.0,nan
43900,stable_muon,1,113,0.3,128,4,512,226048,4,nested_depth_one_shared_v2,1.8388396711088717e-05,1.0,0.004484826698899269,1.0,8502.723604041967,277.03374225088174,nan,1.120505452156067,5.717113193147205e-06,0.0,0.0,0.8327315777334857,0.01478545367717743,0,0,1,7300,0.03679391967986401,0.8327258998765845,0.831098776656481,8.298038840512091e-05,277.03374225088174,0.0,0.0,0.0,0.0,nan,0.0,0.0,0.0,0.0,nan
44000,stable_muon,1,113,0.3,128,4,512,226048,4,nested_depth_one_shared_v2,1.8386343072052114e-05,1.0,0.004482499789446592,1.0,8520.477820166969,277.0498147031142,nan,1.120505452156067,5.712533932912632e-06,0.0,0.0,0.8326943433718393,0.014784902334213257,0,0,1,7300,0.03610239323705197,0.8326889688524814,0.831147159597741,8.142080646016281e-05,277.0498147031142,0.0,0.0,0.0,0.0,nan,0.0,0.0,0.0,0.0,nan
44100,stable_muon,1,113,0.3,128,4,512,226048,4,nested_depth_one_shared_v2,1.8383136193733662e-05,1.0,0.004483545199036598,1.0,8537.899039499927,277.06772853976406,nan,1.120505452156067,5.722654370217046e-06,0.0,0.0,0.8329857169450043,0.014854704961180687,0,0,1,7300,0.03739551801766925,0.8329802122022847,0.8312003563929588,8.433715778901111e-05,277.06772853976406,0.0,0.0,0.0,0.0,nan,0.0,0.0,0.0,0.0,nan
44200,stable_muon,1,113,0.3,128,4,512,226048,4,nested_depth_one_shared_v2,1.838898788264487e-05,1.0,0.004482909105718136,1.0,8555.264572666958,277.0807734903361,nan,1.120505452156067,5.722938674502293e-06,0.0,0.0,0.8330146215531199,0.014789687469601631,0,0,1,7300,0.03672432487866526,0.8330088319542291,0.831239433060619,8.282343302540883e-05,277.0807734903361,0.0,0.0,0.0,0.0,nan,0.0,0.0,0.0,0.0,nan
44300,stable_muon,1,113,0.3,128,4,512,226048,4,nested_depth_one_shared_v2,1.83940301212715e-05,1.0,0.004464287776499987,1.0,8572.877083208994,277.0982441517005,nan,1.120505452156067,5.730647181598657e-06,0.0,0.0,0.8331538867352007,0.014790312387049198,0,0,1,7300,0.037297379383572145,0.8331484586838782,0.8312916584284792,8.411582823114444e-05,277.0982441517005,0.0,0.0,0.0,0.0,nan,0.0,0.0,0.0,0.0,nan
44400,stable_muon,1,113,0.3,128,4,512,226048,4,nested_depth_one_shared_v2,1.83978263521567e-05,1.0,0.004445304628461599,1.0,8590.019882124965,277.11885091374563,nan,1.120505452156067,5.723906293942802e-06,0.0,0.0,0.8329833013021097,0.014774991199374199,0,0,1,7300,0.03608024448869937,0.8329775677212778,0.8313540190869586,8.137085495303942e-05,277.11885091374563,0.0,0.0,0.0,0.0,nan,0.0,0.0,0.0,0.0,nan
44500,stable_muon,1,113,0.3,128,4,512,226048,4,nested_depth_one_shared_v2,1.8400722183287144e-05,1.0,0.004417702555656433,1.0,8606.834545625024,277.1389389877038,nan,1.120505452156067,5.720901618519341e-06,0.0,0.0,0.8331749128074082,0.014775622636079788,0,0,1,7300,0.03653501017189089,0.8331694402079307,0.8314139458998357,8.239647639682391e-05,277.1389389877038,0.0,0.0,0.0,0.0,nan,0.0,0.0,0.0,0.0,nan
44600,stable_muon,1,113,0.3,128,4,512,226048,4,nested_depth_one_shared_v2,1.8401999113848433e-05,1.0,0.0043912916444242,1.0,8624.00248033402,277.15968709846936,nan,1.120505452156067,5.723412895296136e-06,0.0,0.0,0.8331485863668591,0.014660337939858437,0,0,1,7300,0.036322352916883925,0.8331431961537874,0.8314764289133281,8.191687591470126e-05,277.15968709846936,0.0,0.0,0.0,0.0,nan,0.0,0.0,0.0,0.0,nan
44700,stable_muon,1,113,0.3,128,4,512,226048,4,nested_depth_one_shared_v2,1.8395428924122825e-05,1.0,0.004358225502073765,1.0,8641.02588541701,277.1849185357584,nan,1.120505452156067,5.722561452905042e-06,0.0,0.0,0.8332570404879504,0.014687738381326199,0,0,1,7300,0.036326974997421733,0.8332514469583463,0.8315520254530689,8.192729997502438e-05,277.1849185357584,0.0,0.0,0.0,0.0,nan,0.0,0.0,0.0,0.0,nan
44800,stable_muon,1,113,0.3,128,4,512,226048,4,nested_depth_one_shared_v2,1.8397327949060127e-05,1.0,0.00433854665607214,1.0,8658.443128166953,277.2034442068414,nan,1.120505452156067,5.733419095280016e-06,0.0,0.0,0.8331287848093266,0.014690253883600235,0,0,1,7300,0.036394434649193896,0.8331230875083866,0.8316081656957094,8.207944000670445e-05,277.2034442068414,0.0,0.0,0.0,0.0,nan,0.0,0.0,0.0,0.0,nan
44900,stable_muon,1,113,0.3,128,4,512,226048,4,nested_depth_one_shared_v2,1.8414633814245462e-05,1.0,0.004320655949413776,1.0,8676.078202000004,277.2152100112606,nan,1.120505452156067,5.730183606336523e-06,0.0,0.0,0.8332699849642768,0.014702759683132172,0,0,1,7300,0.03580921517249549,0.833264407848931,0.8316430671667965,8.075960945042775e-05,277.2152100112606,0.0,0.0,0.0,0.0,nan,0.0,0.0,0.0,0.0,nan
45000,stable_muon,1,113,0.3,128,4,512,226048,4,nested_depth_one_shared_v2,1.8418897525407374e-05,1.0,0.004297398962080479,1.0,8693.995985999936,277.2274390589297,nan,1.120505452156067,5.7308475207211925e-06,0.0,0.0,0.8332021704680003,0.014704078435897827,0,0,1,7300,0.035492573856352426,0.8331969033217116,0.8316800275954895,8.004549636795996e-05,277.2274390589297,0.0,0.0,0.0,0.0,nan,0.0,0.0,0.0,0.0,nan
45100,stable_muon,1,113,0.3,128,4,512,226048,4,nested_depth_one_shared_v2,1.841637640609406e-05,1.0,0.004281200934201479,1.0,8711.165885458933,277.23732923364304,nan,1.120505452156067,5.724758313363142e-06,0.0,0.0,0.8332953237132331,0.01471808459609747,0,0,1,7300,0.03530213877014851,0.8332898184135241,0.8317094830651587,7.961601297622957e-05,277.23732923364304,0.0,0.0,0.0,0.0,nan,0.0,0.0,0.0,0.0,nan
45200,stable_muon,1,113,0.3,128,4,512,226048,4,nested_depth_one_shared_v2,1.8423534129397012e-05,1.0,0.004259346053004265,1.0,8728.082871541963,277.2392418152019,nan,1.120505452156067,5.733148940216977e-06,0.0,0.0,0.8331777902102457,0.014662669971585274,0,0,1,7300,0.035561663632028194,0.8331724354932454,0.8317156251122471,8.020131277649376e-05,277.2392418152019,0.0,0.0,0.0,0.0,nan,0.0,0.0,0.0,0.0,nan
45300,stable_muon,1,113,0.3,128,4,512,226048,4,nested_depth_one_shared_v2,1.843701465986669e-05,1.0,0.004248086828738451,1.0,8745.80973400001,277.233886396375,nan,1.120505452156067,5.73833350290165e-06,0.0,0.0,0.8330563086137678,0.014800279401242733,0,0,1,7300,0.03590214812356867,0.8330505081027653,0.8316999218605848,8.096919876417262e-05,277.233886396375,0.0,0.0,0.0,0.0,nan,0.0,0.0,0.0,0.0,nan
45400,stable_muon,1,113,0.3,128,4,512,226048,4,nested_depth_one_shared_v2,1.845052065618802e-05,1.0,0.004244496580213308,1.0,8763.155179125024,277.2267470217043,nan,1.120505452156067,5.739083658716588e-06,0.0,0.0,0.8329518472408075,0.014818419702351093,0,0,1,7300,0.03558745835830571,0.8329463138674701,0.8316787126887155,8.025948696461874e-05,277.2267470217043,0.0,0.0,0.0,0.0,nan,0.0,0.0,0.0,0.0,nan
45500,stable_muon,1,113,0.3,128,4,512,226048,4,nested_depth_one_shared_v2,1.846630038926378e-05,1.0,0.0042409817688167095,1.0,8780.417694499949,277.2134177343706,nan,1.120505452156067,5.749066092276255e-06,0.0,0.0,0.8328641565112035,0.014855381101369858,0,0,1,7300,0.035563998299624026,0.8328586734458352,0.8316388655279691,8.020657809276299e-05,277.2134177343706,0.0,0.0,0.0,0.0,nan,0.0,0.0,0.0,0.0,nan
45600,stable_muon,1,113,0.3,128,4,512,226048,4,nested_depth_one_shared_v2,1.8481925508240238e-05,1.0,0.004235601983964443,1.0,8797.334758208948,277.2025773798572,nan,1.120505452156067,5.757818492141493e-06,0.0,0.0,0.832879202174533,0.01493136677891016,0,0,1,7300,0.03674520288016987,0.8328736562328709,0.8316063554602151,8.287051864958394e-05,277.2025773798572,0.0,0.0,0.0,0.0,nan,0.0,0.0,0.0,0.0,nan
45700,stable_muon,1,113,0.3,128,4,512,226048,4,nested_depth_one_shared_v2,1.8502063539926894e-05,1.0,0.004233355168253183,1.0,8815.436062291963,277.19163496733063,nan,1.120505452156067,5.754172316079102e-06,0.0,0.0,0.8329551537009459,0.014994910918176174,0,0,1,7300,0.03570574430345554,0.8329495180112197,0.8315730649061155,8.052625423912503e-05,277.19163496733063,0.0,0.0,0.0,0.0,nan,0.0,0.0,0.0,0.0,nan
45800,stable_muon,1,113,0.3,128,4,512,226048,4,nested_depth_one_shared_v2,1.852742934715934e-05,1.0,0.004228381440043449,1.0,8833.029386749957,277.1833181416515,nan,1.120505452156067,5.767667835593499e-06,0.0,0.0,0.8329376144689706,0.015098817646503448,0,0,1,7300,0.03566697461033515,0.8329321530729256,0.8315480866435284,8.043881793928338e-05,277.1833181416515,0.0,0.0,0.0,0.0,nan,0.0,0.0,0.0,0.0,nan
45900,stable_muon,1,113,0.3,128,4,512,226048,4,nested_depth_one_shared_v2,1.852786408562679e-05,1.0,0.004236469976603985,1.0,8850.012219291995,277.18867277787007,nan,1.120505452156067,5.768979295372269e-06,0.0,0.0,0.8329085767607236,0.015032915398478508,0,0,1,7300,0.035913702165870226,0.8329031735510961,0.831564318124025,8.09952563010204e-05,277.18867277787007,0.0,0.0,0.0,0.0,nan,0.0,0.0,0.0,0.0,nan
46000,stable_muon,1,113,0.3,128,4,512,226048,4,nested_depth_one_shared_v2,1.8546166757005267e-05,1.0,0.00424896040931344,1.0,8867.957052916987,277.1901204357175,nan,1.120505452156067,5.76991697593932e-06,0.0,0.0,0.8330491130847208,0.015050549991428852,0,0,1,7300,0.035681806987478214,0.8330435291607117,0.8315682211790146,8.047226902106569e-05,277.1901204357175,0.0,0.0,0.0,0.0,nan,0.0,0.0,0.0,0.0,nan
46100,stable_muon,1,113,0.3,128,4,512,226048,4,nested_depth_one_shared_v2,1.854965194070246e-05,1.0,0.004269171040505171,1.0,8885.426018959028,277.19633173022623,nan,1.120505452156067,5.78127121299093e-06,0.0,0.0,0.8330590634350736,0.015011386945843697,0,0,1,7300,0.03628138773037956,0.8330534840212458,0.8315869590018253,8.182448817463995e-05,277.19633173022623,0.0,0.0,0.0,0.0,nan,0.0,0.0,0.0,0.0,nan
46200,stable_muon,1,113,0.3,128,4,512,226048,4,nested_depth_one_shared_v2,1.85523913387442e-05,1.0,0.004295510705560446,1.0,8902.461375084007,277.20775851283634,nan,1.120505452156067,5.776777204074827e-06,0.0,0.0,0.8332559243064935,0.014990394935011864,0,0,1,7300,0.0357611912700797,0.8332503874384437,0.8316206814075587,8.065130236844613e-05,277.20775851283634,0.0,0.0,0.0,0.0,nan,0.0,0.0,0.0,0.0,nan
46300,stable_muon,1,113,0.3,128,4,512,226048,4,nested_depth_one_shared_v2,1.8548749721958302e-05,1.0,0.004305906128138304,1.0,8919.788001499954,277.2318696840144,nan,1.120505452156067,5.775027248912439e-06,0.0,0.0,0.8332192367969524,0.014930831268429756,0,0,1,7300,0.035805169015375476,0.8332137976626023,0.831693348771088,8.07504842554964e-05,277.2318696840144,0.0,0.0,0.0,0.0,nan,0.0,0.0,0.0,0.0,nan
46400,stable_muon,1,113,0.3,128,4,512,226048,4,nested_depth_one_shared_v2,1.8543365513323806e-05,1.0,0.004314154852181673,1.0,8936.862621749984,277.24726026026434,nan,1.120505452156067,5.785560168111679e-06,0.0,0.0,0.8331866230433601,0.014975943602621555,0,0,1,7300,0.03664260488200447,0.8331811230096219,0.8317398674609214,8.263913200169678e-05,277.24726026026434,0.0,0.0,0.0,0.0,nan,0.0,0.0,0.0,0.0,nan
46500,stable_muon,1,113,0.3,128,4,512,226048,4,nested_depth_one_shared_v2,1.8534494302002713e-05,1.0,0.004321865737438202,1.0,8954.438873625011,277.2611850683013,nan,1.120505452156067,5.773810141564746e-06,0.0,0.0,0.8333034269257573,0.015017732977867126,0,0,1,7300,0.03611865573697891,0.8332979424779425,0.8317813467997518,8.145748286137576e-05,277.2611850683013,0.0,0.0,0.0,0.0,nan,0.0,0.0,0.0,0.0,nan
46600,stable_muon,1,113,0.3,128,4,512,226048,4,nested_depth_one_shared_v2,1.853801222750917e-05,1.0,0.004328722599893808,1.0,8971.837056624936,277.2727090930573,nan,1.120505452156067,5.774184655814657e-06,0.0,0.0,0.8333241851984371,0.01501530222594738,0,0,1,7300,0.03569776035703712,0.8333187590505989,0.8318159057340037,8.050824824844583e-05,277.2727090930573,0.0,0.0,0.0,0.0,nan,0.0,0.0,0.0,0.0,nan
46700,stable_muon,1,113,0.3,128,4,512,226048,4,nested_depth_one_shared_v2,1.854433139669709e-05,1.0,0.004353812895715237,1.0,8988.824316791957,277.28105721511434,nan,1.120505452156067,5.779919867314835e-06,0.0,0.0,0.8332439763232109,0.015056472271680832,0,0,1,7300,0.03637964049274085,0.8332383135253367,0.8318413566316811,8.204607512306931e-05,277.28105721511434,0.0,0.0,0.0,0.0,nan,0.0,0.0,0.0,0.0,nan
46800,stable_muon,1,113,0.3,128,4,512,226048,4,nested_depth_one_shared_v2,1.8554943380877376e-05,1.0,0.004378785844892263,1.0,9006.278240041924,277.2889143006771,nan,1.120505452156067,5.7712778609302224e-06,0.0,0.0,0.8333242891432461,0.015098835341632366,0,0,1,7300,0.03485357124504521,0.833318766594787,0.8318645603509043,7.860437008026038e-05,277.2889143006771,0.0,0.0,0.0,0.0,nan,0.0,0.0,0.0,0.0,nan
46900,stable_muon,1,113,0.3,128,4,512,226048,4,nested_depth_one_shared_v2,1.8574051864561625e-05,1.0,0.004397089593112469,1.0,9023.956387124956,277.2930506418989,nan,1.120505452156067,5.782668136843053e-06,0.0,0.0,0.8333060343163742,0.015160481445491314,0,0,1,7300,0.03501469625152193,0.8333005379523201,0.831877081989991,7.896775119691082e-05,277.2930506418989,0.0,0.0,0.0,0.0,nan,0.0,0.0,0.0,0.0,nan
47000,stable_muon,1,113,0.3,128,4,512,226048,4,nested_depth_one_shared_v2,1.8597022062749602e-05,1.0,0.004429864697158337,1.0,9041.22801712493,277.29523807005046,nan,1.120505452156067,5.788856453517603e-06,0.0,0.0,0.8333789139175093,0.015107076615095139,0,0,1,7300,0.03579790646355418,0.8333733702812491,0.8318835445035621,8.073410520764864e-05,277.29523807005046,0.0,0.0,0.0,0.0,nan,0.0,0.0,0.0,0.0,nan
47100,stable_muon,1,113,0.3,128,4,512,226048,4,nested_depth_one_shared_v2,1.860380871221423e-05,1.0,0.00444477004930377,1.0,9058.607093084021,277.3074230445786,nan,1.120505452156067,5.8030879457561965e-06,0.0,0.0,0.8333940551049569,0.015091228298842907,0,0,1,7300,0.03629413497382728,0.833388650707483,0.8319202279579571,8.185323670759294e-05,277.3074230445786,0.0,0.0,0.0,0.0,nan,0.0,0.0,0.0,0.0,nan
47200,stable_muon,1,113,0.3,128,4,512,226048,4,nested_depth_one_shared_v2,1.8614577129483223e-05,1.0,0.0044715222902596,1.0,9075.930970708956,277.3216029452076,nan,1.120505452156067,5.808399100371424e-06,0.0,0.0,0.8334273231250889,0.015079167671501637,0,0,1,7300,0.0363857138731582,0.8334218523968039,0.8319628076867978,8.205977226298667e-05,277.3216029452076,0.0,0.0,0.0,0.0,nan,0.0,0.0,0.0,0.0,nan
47300,stable_muon,1,113,0.3,128,4,512,226048,4,nested_depth_one_shared_v2,1.8614142391015776e-05,1.0,0.004477143753319979,1.0,9092.975791333942,277.33475646155074,nan,1.120505452156067,5.796570382427117e-06,0.0,0.0,0.8335735769387378,0.015087496489286423,0,0,1,7300,0.03542511601386885,0.833568275983827,0.8320018213178515,7.989336041672228e-05,277.33475646155074,0.0,0.0,0.0,0.0,nan,0.0,0.0,0.0,0.0,nan
47400,stable_muon,1,113,0.3,128,4,512,226048,4,nested_depth_one_shared_v2,1.8602564523462206e-05,1.0,0.004492551553994417,1.0,9110.387265624944,277.34551656509046,nan,1.120505452156067,5.802769579724423e-06,0.0,0.0,0.8334417790728975,0.01500825397670269,0,0,1,7300,0.0362573958235439,0.8334362939440643,0.83203470424779,8.177037983921048e-05,277.34551656509046,0.0,0.0,0.0,0.0,nan,0.0,0.0,0.0,0.0,nan
47500,stable_muon,1,113,0.3,128,4,512,226048,4,nested_depth_one_shared_v2,1.859067560872063e-05,1.0,0.004503487143665552,1.0,9127.384431791957,277.343866930095,nan,1.120505452156067,5.8010492009020975e-06,0.0,0.0,0.8335514120052258,0.01511069480329752,0,0,1,7300,0.03712761575876724,0.8335458767433037,0.8320295252536628,8.373296465895804e-05,277.343866930095,0.0,0.0,0.0,0.0,nan,0.0,0.0,0.0,0.0,nan
47600,stable_muon,1,113,0.3,128,4,512,226048,4,nested_depth_one_shared_v2,1.85561875696294e-05,1.0,0.004532885737717152,1.0,9144.46651662502,277.3471474819054,nan,1.120505452156067,5.782245544682149e-06,0.0,0.0,0.8334951559508954,0.01511856447905302,0,0,1,7300,0.03663425006231224,0.8334896480638267,0.832039500434883,8.262028958998453e-05,277.3471474819054,0.0,0.0,0.0,0.0,nan,0.0,0.0,0.0,0.0,nan
47700,stable_muon,1,113,0.3,128,4,512,226048,4,nested_depth_one_shared_v2,1.853343565016985e-05,1.0,0.004548326600342989,1.0,9162.46889620903,277.341905560287,nan,1.120505452156067,5.771117416546782e-06,0.0,0.0,0.8332383480882377,0.015030927024781704,0,0,1,7300,0.036196628808411666,0.8332326526614351,0.8320244444018524,8.163333354020874e-05,277.341905560287,0.0,0.0,0.0,0.0,nan,0.0,0.0,0.0,0.0,nan
47800,stable_muon,1,113,0.3,128,4,512,226048,4,nested_depth_one_shared_v2,1.850184526119847e-05,1.0,0.00456292973831296,1.0,9179.355201542028,277.34249397824533,nan,1.120505452156067,5.767437615385024e-06,0.0,0.0,0.8334866925641065,0.015121330507099628,0,0,1,7300,0.03717565488316867,0.8334813865228033,0.8320255948290616,8.384130607069555e-05,277.34249397824533,0.0,0.0,0.0,0.0,nan,0.0,0.0,0.0,0.0,nan
47900,stable_muon,1,113,0.3,128,4,512,226048,4,nested_depth_one_shared_v2,1.8454848031979054e-05,1.0,0.004587510600686073,1.0,9196.608012499986,277.3570464343906,nan,1.120505452156067,5.742315985758084e-06,0.0,0.0,0.8337828176487194,0.015157165005803108,0,0,1,7300,0.037566738244756565,0.8337773423998186,0.8320685441451181,8.472330639916568e-05,277.3570464343906,0.0,0.0,0.0,0.0,nan,0.0,0.0,0.0,0.0,nan
48000,stable_muon,1,113,0.3,128,4,512,226048,4,nested_depth_one_shared_v2,1.8417622413835488e-05,1.0,0.0045831697061657906,1.0,9213.787547583925,277.3721792541032,nan,1.120505452156067,5.734757231645917e-06,0.0,0.0,0.8337516977020686,0.01517858263105154,0,0,1,7300,0.03719021348393167,0.8337461230415437,0.8321141227332692,8.387413971159219e-05,277.3721792541032,0.0,0.0,0.0,0.0,nan,0.0,0.0,0.0,0.0,nan
48100,stable_muon,1,113,0.3,128,4,512,226048,4,nested_depth_one_shared_v2,1.839539982029237e-05,1.0,0.004586311057209969,1.0,9231.380664833938,277.38115280938473,nan,1.120505452156067,5.729407642148139e-06,0.0,0.0,0.8337930062108692,0.01523342914879322,0,0,1,7300,0.038105635086895344,0.8337875474384969,0.8321411238376851,8.593866669945576e-05,277.38115280938473,0.0,0.0,0.0,0.0,nan,0.0,0.0,0.0,0.0,nan
48200,stable_muon,1,113,0.3,128,4,512,226048,4,nested_depth_one_shared_v2,1.8364398783887736e-05,1.0,0.004613375756889582,1.0,9250.227437917027,277.395462361325,nan,1.120505452156067,5.716270081937022e-06,0.0,0.0,0.833813331105383,0.01519786287099123,0,0,1,7300,0.03821148746789495,0.8338077490631999,0.8321841354404601,8.617739287392641e-05,277.395462361325,0.0,0.0,0.0,0.0,nan,0.0,0.0,0.0,0.0,nan
48300,stable_muon,1,113,0.3,128,4,512,226048,4,nested_depth_one_shared_v2,1.835148395912256e-05,1.0,0.004630269017070532,1.0,9267.665152666974,277.4059297064806,nan,1.120505452156067,5.717154174107807e-06,0.0,0.0,0.8337354899399801,0.015237761661410332,0,0,1,7300,0.03810079588779672,0.8337300645545839,0.8322158510147303,8.592775297718134e-05,277.4059297064806,0.0,0.0,0.0,0.0,nan,0.0,0.0,0.0,0.0,nan
48400,stable_muon,1,113,0.3,128,4,512,226048,4,nested_depth_one_shared_v2,1.8339811504120007e-05,1.0,0.004646517802029848,1.0,9284.931099999929,277.41612934559316,nan,1.120505452156067,5.699010139276258e-06,0.0,0.0,0.8337462988360468,0.015316893346607685,0,0,1,7300,0.037303861444886205,0.8337405111010683,0.8322464022767572,8.413044705866232e-05,277.41612934559316,0.0,0.0,0.0,0.0,nan,0.0,0.0,0.0,0.0,nan
48500,stable_muon,1,113,0.3,128,4,512,226048,4,nested_depth_one_shared_v2,1.833937676565256e-05,1.0,0.004663537256419659,1.0,9302.474624000024,277.4190609119483,nan,1.120505452156067,5.706004438595979e-06,0.0,0.0,0.8339638258411727,0.015259487554430962,0,0,1,7300,0.038674008103856954,0.8339584690836706,0.8322547539865027,8.722050386485774e-05,277.4190609119483,0.0,0.0,0.0,0.0,nan,0.0,0.0,0.0,0.0,nan
48600,stable_muon,1,113,0.3,128,4,512,226048,4,nested_depth_one_shared_v2,1.8342581824981607e-05,1.0,0.00468255952000618,1.0,9319.784602458938,277.43215112087216,nan,1.120505452156067,5.707523803205696e-06,0.0,0.0,0.8340526784820823,0.015330755151808262,0,0,1,7300,0.038319987733592215,0.8340471334321723,0.832293826425943,8.642209075520556e-05,277.43215112087216,0.0,0.0,0.0,0.0,nan,0.0,0.0,0.0,0.0,nan
48700,stable_muon,1,113,0.3,128,4,512,226048,4,nested_depth_one_shared_v2,1.8357395674684085e-05,1.0,0.0047065746039152145,1.0,9336.995369249955,277.4354540831911,nan,1.120505452156067,5.708152127766995e-06,0.0,0.0,0.8337488647294384,0.015249761752784252,0,0,1,7300,0.03863017065488073,0.8337434792376023,0.8323047236272088,8.712163838451786e-05,277.4354540831911,0.0,0.0,0.0,0.0,nan,0.0,0.0,0.0,0.0,nan
48800,stable_muon,1,113,0.3,128,4,512,226048,4,nested_depth_one_shared_v2,1.838298157963436e-05,1.0,0.0047188401222229,1.0,9354.870902249939,277.42188432000574,nan,1.120505452156067,5.718928798249739e-06,0.0,0.0,0.8337498366948967,0.015262638218700886,0,0,1,7300,0.03913486251802102,0.8337444710013526,0.8322639595054074,8.825985706827513e-05,277.42188432000574,0.0,0.0,0.0,0.0,nan,0.0,0.0,0.0,0.0,nan
48900,stable_muon,1,113,0.3,128,4,512,226048,4,nested_depth_one_shared_v2,1.8410932170809247e-05,1.0,0.00471659516915679,1.0,9372.659563416964,277.393045579062,nan,1.120505452156067,5.721132127116184e-06,0.0,0.0,0.8335117507759133,0.01528302300721407,0,0,1,7300,0.03928089421216073,0.8335062221027008,0.832177921548142,8.858919862265707e-05,277.393045579062,0.0,0.0,0.0,0.0,nan,0.0,0.0,0.0,0.0,nan
49000,stable_muon,1,113,0.3,128,4,512,226048,4,nested_depth_one_shared_v2,1.8430384443490766e-05,1.0,0.004702063277363777,1.0,9389.578490916989,277.3561006164781,nan,1.120505452156067,5.731782412231695e-06,0.0,0.0,0.8334893831486954,0.015332632698118687,0,0,1,7300,0.040468441094199996,0.8334837706124288,0.8320669913740736,9.126744281023782e-05,277.3561006164781,0.0,0.0,0.0,0.0,nan,0.0,0.0,0.0,0.0,nan
49100,stable_muon,1,113,0.3,128,4,512,226048,4,nested_depth_one_shared_v2,1.8449774870532565e-05,1.0,0.004672250710427761,1.0,9406.862054291996,277.3167113476356,nan,1.120505452156067,5.735462351267927e-06,0.0,0.0,0.8331572231416845,0.015333537943661213,0,0,1,7300,0.04020918414129906,0.8331518227051373,0.8319494305572034,9.068274721825877e-05,277.3167113476356,0.0,0.0,0.0,0.0,nan,0.0,0.0,0.0,0.0,nan
49200,stable_muon,1,113,0.3,128,4,512,226048,4,nested_depth_one_shared_v2,1.847551357059274e-05,1.0,0.004665833432227373,1.0,9424.123672458925,277.27173288726453,nan,1.120505452156067,5.747890302018271e-06,0.0,0.0,0.8330380362180623,0.015290607698261738,0,0,1,7300,0.041149411947835494,0.8330323586096604,0.8318145869708122,9.280321900420947e-05,277.27173288726453,0.0,0.0,0.0,0.0,nan,0.0,0.0,0.0,0.0,nan
49300,stable_muon,1,113,0.3,128,4,512,226048,4,nested_depth_one_shared_v2,1.848886677180417e-05,1.0,0.004647274035960436,1.0,9441.146721541998,277.2223921089906,nan,1.120505452156067,5.742429020767515e-06,0.0,0.0,0.8329748944054918,0.015206309966742992,0,0,1,7300,0.040787034679155315,0.8329691320475747,0.8316662560869844,9.198595879475361e-05,277.2223921089906,0.0,0.0,0.0,0.0,nan,0.0,0.0,0.0,0.0,nan
49400,stable_muon,1,113,0.3,128,4,512,226048,4,nested_depth_one_shared_v2,1.8503433238947764e-05,1.0,0.004633972886949778,1.0,9457.79158650001,277.1725146761421,nan,1.120505452156067,5.747151569901548e-06,0.0,0.0,0.8327919092511726,0.015249260701239109,0,0,1,7300,0.041170306181448256,0.8327862774420484,0.831516781114241,9.285034123624401e-05,277.1725146761421,0.0,0.0,0.0,0.0,nan,0.0,0.0,0.0,0.0,nan
49500,stable_muon,1,113,0.3,128,4,512,226048,4,nested_depth_one_shared_v2,1.8497643395676278e-05,1.0,0.00462656794115901,1.0,9475.229775124928,277.1284895030468,nan,1.120505452156067,5.748690532989602e-06,0.0,0.0,0.8327152864983561,0.01523930300027132,0,0,1,7300,0.04190095513405775,0.8327096255626153,0.8313846485575336,9.449815517949483e-05,277.1284895030468,0.0,0.0,0.0,0.0,nan,0.0,0.0,0.0,0.0,nan
49600,stable_muon,1,113,0.3,128,4,512,226048,4,nested_depth_one_shared_v2,1.850511398515664e-05,1.0,0.004612179473042488,1.0,9493.331204416929,277.0825134580622,nan,1.120505452156067,5.747016357324044e-06,0.0,0.0,0.8326456083709014,0.015178226865828037,0,0,1,7300,0.04079866462735653,0.8326399362310996,0.8312463507813451,9.201218752024046e-05,277.0825134580622,0.0,0.0,0.0,0.0,nan,0.0,0.0,0.0,0.0,nan
49700,stable_muon,1,113,0.3,128,4,512,226048,4,nested_depth_one_shared_v2,1.8468170310370624e-05,1.0,0.004592251498252153,1.0,9510.206815499929,277.05606819567265,nan,1.120505452156067,5.744891908798078e-06,0.0,0.0,0.8327197482126649,0.015252679586410522,0,0,1,7300,0.04131531582142674,0.8327144197256365,0.8311666281779523,9.317737777794973e-05,277.05606819567265,0.0,0.0,0.0,0.0,nan,0.0,0.0,0.0,0.0,nan
49800,stable_muon,1,113,0.3,128,4,512,226048,4,nested_depth_one_shared_v2,1.8440096027916297e-05,1.0,0.004594495985656977,1.0,9527.081125834025,277.0393021385021,nan,1.120505452156067,5.729579236711298e-06,0.0,0.0,0.832500788711133,0.015108711086213589,0,0,1,7300,0.04045477945958181,0.8324953736083898,0.8311167118568125,9.12366320742051e-05,277.0393021385021,0.0,0.0,0.0,0.0,nan,0.0,0.0,0.0,0.0,nan
49900,stable_muon,1,113,0.3,128,4,512,226048,4,nested_depth_one_shared_v2,1.8415568774798885e-05,1.0,0.00459198746830225,1.0,9544.288096750039,277.0250398161499,nan,1.120505452156067,5.7244886111174406e-06,0.0,0.0,0.8327752195949668,0.015128695406019688,0,0,1,7300,0.040823129270425286,0.832769549989413,0.831073023561987,9.206736200563644e-05,277.0250398161499,0.0,0.0,0.0,0.0,nan,0.0,0.0,0.0,0.0,nan
50000,stable_muon,1,113,0.3,128,4,512,226048,4,nested_depth_one_shared_v2,1.8395587176200934e-05,1.0,0.004598679021000862,1.0,9562.031644125003,277.0139258641311,nan,1.120505452156067,5.717702232240306e-06,0.0,0.0,0.8327140229771222,0.015028291381895542,0,0,1,7300,0.04036027701078763,0.832708556148162,0.8310396973771118,9.102350311228946e-05,277.0139258641311,0.0,0.0,0.0,0.0,nan,0.0,0.0,0.0,0.0,nan
50100,stable_muon,1,113,0.3,128,4,512,226048,4,nested_depth_one_shared_v2,1.837364470702596e-05,1.0,0.0045945351012051105,1.0,9579.218578750035,276.99898823822923,nan,1.120505452156067,5.713064864594988e-06,0.0,0.0,0.8326206744824907,0.015033900737762451,0,0,1,7300,0.0404296483005286,0.8326151680548797,0.8309950412275695,9.117995441231283e-05,276.99898823822923,0.0,0.0,0.0,0.0,nan,0.0,0.0,0.0,0.0,nan
50200,stable_muon,1,113,0.3,128,4,512,226048,4,nested_depth_one_shared_v2,1.8350050595472567e-05,1.0,0.004620186518877745,1.0,9597.14279962494,276.99100667866594,nan,1.120505452156067,5.703039870801642e-06,0.0,0.0,0.8327386346820237,0.014996975660324097,0,0,1,7300,0.03963624483305716,0.8327330744550587,0.8309705542619731,8.939061181262291e-05,276.99100667866594,0.0,0.0,0.0,0.0,nan,0.0,0.0,0.0,0.0,nan
50300,stable_muon,1,113,0.3,128,4,512,226048,4,nested_depth_one_shared_v2,1.833060014178045e-05,1.0,0.004641195759177208,1.0,9614.182266624994,276.9885082867551,nan,1.120505452156067,5.6932852994092875e-06,0.0,0.0,0.8327046624636699,0.01489681750535965,0,0,1,7300,0.03900823008248447,0.8326991554697428,0.8309630496337189,8.797426616692682e-05,276.9885082867551,0.0,0.0,0.0,0.0,nan,0.0,0.0,0.0,0.0,nan
50400,stable_muon,1,113,0.3,128,4,512,226048,4,nested_depth_one_shared_v2,1.8302866010344587e-05,1.0,0.004655550234019756,1.0,9631.328046584036,276.992818291431,nan,1.120505452156067,5.687266241792906e-06,0.0,0.0,0.8327227759295512,0.014874487183988094,0,0,1,7300,0.040033213483381666,0.832717062456664,0.8309761108406988,9.028588508264126e-05,276.992818291431,0.0,0.0,0.0,0.0,nan,0.0,0.0,0.0,0.0,nan
50500,stable_muon,1,113,0.3,128,4,512,226048,4,nested_depth_one_shared_v2,1.827709456847515e-05,1.0,0.004675795789808035,1.0,9648.605364333955,276.99873405886865,nan,1.120505452156067,5.683820031216553e-06,0.0,0.0,0.8328694920133477,0.014813972637057304,0,0,1,7300,0.04002644474948926,0.8328639728476667,0.830993467603404,9.027061972977073e-05,276.99873405886865,0.0,0.0,0.0,0.0,nan,0.0,0.0,0.0,0.0,nan
50600,stable_muon,1,113,0.3,128,4,512,226048,4,nested_depth_one_shared_v2,1.826047446229495e-05,1.0,0.0047172242775559425,1.0,9667.040960541926,277.0075984885205,nan,1.120505452156067,5.677774824705163e-06,0.0,0.0,0.8327286896953255,0.014834001660346985,0,0,1,7300,0.039171207472492434,0.8327233546064109,0.8310204427674455,8.834182491689917e-05,277.0075984885205,0.0,0.0,0.0,0.0,nan,0.0,0.0,0.0,0.0,nan
50700,stable_muon,1,113,0.3,128,4,512,226048,4,nested_depth_one_shared_v2,1.8223438019049354e-05,1.0,0.004744134843349457,1.0,9683.979051750037,277.02434545632985,nan,1.120505452156067,5.659574782830403e-06,0.0,0.0,0.8329845236636458,0.014806436374783516,0,0,1,7300,0.0385323248066285,0.8329792245174851,0.8310699738143417,8.69009691390979e-05,277.02434545632985,0.0,0.0,0.0,0.0,nan,0.0,0.0,0.0,0.0,nan
50800,stable_muon,1,113,0.3,128,4,512,226048,4,nested_depth_one_shared_v2,1.8192375137005e-05,1.0,0.004775265697389841,1.0,9701.448154708953,277.04342046130074,nan,1.120505452156067,5.6529220594471176e-06,0.0,0.0,0.8329425844736357,0.014718267135322094,0,0,1,7300,0.03925008353890926,0.8329370972568596,0.8311275990266216,8.851971209728345e-05,277.04342046130074,0.0,0.0,0.0,0.0,nan,0.0,0.0,0.0,0.0,nan
50900,stable_muon,1,113,0.3,128,4,512,226048,4,nested_depth_one_shared_v2,1.8178710888605565e-05,1.0,0.004799136891961098,1.0,9718.84714804194,277.05306850603023,nan,1.120505452156067,5.6527755612895075e-06,0.0,0.0,0.8329667447702657,0.014743456616997719,0,0,1,7300,0.03941424989963447,0.8329610062632455,0.8311565815541127,8.888995230258258e-05,277.05306850603023,0.0,0.0,0.0,0.0,nan,0.0,0.0,0.0,0.0,nan
51000,stable_muon,1,113,0.3,128,4,512,226048,4,nested_depth_one_shared_v2,1.8165794244850986e-05,1.0,0.004823047202080488,1.0,9736.388726167032,277.0577787592753,nan,1.120505452156067,5.64559337820811e-06,0.0,0.0,0.8329164911087678,0.014682572335004807,0,0,1,7300,0.03946501544506804,0.8329109433141221,0.8311709130653319,8.90044425421202e-05,277.0577787592753,0.0,0.0,0.0,0.0,nan,0.0,0.0,0.0,0.0,nan
51100,stable_muon,1,113,0.3,128,4,512,226048,4,nested_depth_one_shared_v2,1.8144161003874615e-05,1.0,0.0048409271985292435,1.0,9753.398430792033,277.06768475686783,nan,1.120505452156067,5.63872273522875e-06,0.0,0.0,0.833076356823322,0.014639274217188358,0,0,1,7300,0.03977993859114545,0.8330710111265072,0.8312002829159479,8.971468067947114e-05,277.06768475686783,0.0,0.0,0.0,0.0,nan,0.0,0.0,0.0,0.0,nan
51200,stable_muon,1,113,0.3,128,4,512,226048,4,nested_depth_one_shared_v2,1.810469439078588e-05,1.0,0.004862598609179258,1.0,9770.23950245895,277.08723054174163,nan,1.120505452156067,5.624978898485313e-06,0.0,0.0,0.8331612072324491,0.014598160050809383,0,0,1,7300,0.04017250931442987,0.8331557774438184,0.8312588979062124,9.06000354168314e-05,277.08723054174163,0.0,0.0,0.0,0.0,nan,0.0,0.0,0.0,0.0,nan
51300,stable_muon,1,113,0.3,128,4,512,226048,4,nested_depth_one_shared_v2,1.8084838302456774e-05,1.0,0.004887597169727087,1.0,9787.604039208964,277.0986177611974,nan,1.120505452156067,5.618179648204643e-06,0.0,0.0,0.8330400886268143,0.014654041267931461,0,0,1,7300,0.039331616803779786,0.833034777813041,0.831293406718093,8.870359198955261e-05,277.0986177611974,0.0,0.0,0.0,0.0,nan,0.0,0.0,0.0,0.0,nan
51400,stable_muon,1,113,0.3,128,4,512,226048,4,nested_depth_one_shared_v2,1.808231718314346e-05,1.0,0.004906422458589077,1.0,9804.403272500029,277.0907936734102,nan,1.120505452156067,5.619907899423768e-06,0.0,0.0,0.8331273016676631,0.014633306302130222,0,0,1,7300,0.03976497070659852,0.8331217716461029,0.8312696632708935,8.968092399129782e-05,277.0907936734102,0.0,0.0,0.0,0.0,nan,0.0,0.0,0.0,0.0,nan
51500,stable_muon,1,113,0.3,128,4,512,226048,4,nested_depth_one_shared_v2,1.8062677554553375e-05,1.0,0.0049474481493234634,1.0,9821.50971087499,277.0848582530945,nan,1.120505452156067,5.611568781740514e-06,0.0,0.0,0.8330666531086341,0.014594489708542824,0,0,1,7300,0.03969897293826127,0.8330612407184028,0.8312519764501093,8.953208090803443e-05,277.0848582530945,0.0,0.0,0.0,0.0,nan,0.0,0.0,0.0,0.0,nan
51600,stable_muon,1,113,0.3,128,4,512,226048,4,nested_depth_one_shared_v2,1.805741703719832e-05,1.0,0.004975615069270134,1.0,9838.690163666965,277.0700497848832,nan,1.120505452156067,5.614592891835897e-06,0.0,0.0,0.8326554260595018,0.014537467621266842,0,0,1,7300,0.039469917413068496,0.8326499478721218,0.831208624544964,8.901549782549764e-05,277.0700497848832,0.0,0.0,0.0,0.0,nan,0.0,0.0,0.0,0.0,nan
51700,stable_muon,1,113,0.3,128,4,512,226048,4,nested_depth_one_shared_v2,1.8035632820101455e-05,1.0,0.004992480855435133,1.0,9856.008990042028,277.0651313148432,nan,1.120505452156067,5.603432020500805e-06,0.0,0.0,0.8329601069145747,0.014463158324360847,0,0,1,7300,0.039626811523268274,0.8329548911710246,0.8311929277441171,8.9369337109709e-05,277.0651313148432,0.0,0.0,0.0,0.0,nan,0.0,0.0,0.0,0.0,nan
51800,stable_muon,1,113,0.3,128,4,512,226048,4,nested_depth_one_shared_v2,1.801848156901542e-05,1.0,0.005002576857805252,1.0,9873.698389334022,277.0609741258568,nan,1.120505452156067,5.595792901733201e-06,0.0,0.0,0.832868447120872,0.014516386203467846,0,0,1,7300,0.039197912046808225,0.832863199973382,0.8311806340757318,8.840205106209377e-05,277.0609741258568,0.0,0.0,0.0,0.0,nan,0.0,0.0,0.0,0.0,nan
51900,stable_muon,1,113,0.3,128,4,512,226048,4,nested_depth_one_shared_v2,1.8003323930315673e-05,1.0,0.005019204691052437,1.0,9891.670466584037,277.061708227463,nan,1.120505452156067,5.590194083909991e-06,0.0,0.0,0.8330153323650493,0.014499741606414318,0,0,1,7300,0.04022213930398573,0.833009897921652,0.8311825474622744,9.071196466616714e-05,277.061708227463,0.0,0.0,0.0,0.0,nan,0.0,0.0,0.0,0.0,nan
52000,stable_muon,1,113,0.3,128,4,512,226048,4,nested_depth_one_shared_v2,1.8004539015237242e-05,1.0,0.005021301563829184,1.0,9909.57690437499,277.0599482249228,nan,1.120505452156067,5.596914054070612e-06,0.0,0.0,0.8327962549927415,0.014452206902205944,0,0,1,7300,0.04036594765007317,0.8327907860509501,0.831177933145318,9.103629196040659e-05,277.0599482249228,0.0,0.0,0.0,0.0,nan,0.0,0.0,0.0,0.0,nan
52100,stable_muon,1,113,0.3,128,4,512,226048,4,nested_depth_one_shared_v2,1.801978942239657e-05,1.0,0.005001615732908249,1.0,9926.763445792021,277.05280547140427,nan,1.120505452156067,5.5952855606282415e-06,0.0,0.0,0.8328956601467601,0.014455756172537804,0,0,1,7300,0.04010235771959611,0.8328901855260678,0.8311561023753509,9.04418243146386e-05,277.05280547140427,0.0,0.0,0.0,0.0,nan,0.0,0.0,0.0,0.0,nan
52200,stable_muon,1,113,0.3,128,4,512,226048,4,nested_depth_one_shared_v2,1.8043598174699582e-05,1.0,0.004984704311937094,1.0,9943.663055459037,277.04334562436395,nan,1.120505452156067,5.608526083202914e-06,0.0,0.0,0.8327702140967427,0.014517153613269329,0,0,1,7300,0.040284358715265936,0.8327647729097175,0.8311280419050948,9.085228651714937e-05,277.04334562436395,0.0,0.0,0.0,0.0,nan,0.0,0.0,0.0,0.0,nan
52300,stable_muon,1,113,0.3,128,4,512,226048,4,nested_depth_one_shared_v2,1.8059346984955482e-05,1.0,0.00496635539457202,1.0,9960.65046170901,277.04459474860704,nan,1.120505452156067,5.6110422312494916e-06,0.0,0.0,0.8331121325341999,0.014495857991278172,0,0,1,7300,0.03900466696439237,0.833106560858628,0.8311305867588674,8.796623035759234e-05,277.04459474860704,0.0,0.0,0.0,0.0,nan,0.0,0.0,0.0,0.0,nan
52400,stable_muon,1,113,0.3,128,4,512,226048,4,nested_depth_one_shared_v2,1.806790714908857e-05,1.0,0.00494627607986331,1.0,9978.225725666969,277.0557461466151,nan,1.120505452156067,5.6144694241118755e-06,0.0,0.0,0.832943347316002,0.014531462453305721,0,0,1,7300,0.03911446084269779,0.8329378230253569,0.831164666094996,8.821384569038533e-05,277.0557461466151,0.0,0.0,0.0,0.0,nan,0.0,0.0,0.0,0.0,nan
52500,stable_muon,1,113,0.3,128,4,512,226048,4,nested_depth_one_shared_v2,1.8086675481754355e-05,1.0,0.004923129454255104,1.0,9995.517292374978,277.06746760406236,nan,1.120505452156067,5.617404719504489e-06,0.0,0.0,0.832896257105458,0.014527155086398125,0,0,1,7300,0.03863905324797106,0.8328907813901665,0.8312000115192176,8.714167107011084e-05,277.06746760406236,0.0,0.0,0.0,0.0,nan,0.0,0.0,0.0,0.0,nan
52600,stable_muon,1,113,0.3,128,4,512,226048,4,nested_depth_one_shared_v2,1.8102984540746547e-05,1.0,0.0049043502658605576,1.0,10012.903242334025,277.07939380475864,nan,1.120505452156067,5.629282195635125e-06,0.0,0.0,0.8330279834040976,0.014455880038440228,0,0,1,7300,0.0393189224646421,0.8330224776463111,0.8312355964259531,8.86749627703404e-05,277.07939380475864,0.0,0.0,0.0,0.0,nan,0.0,0.0,0.0,0.0,nan
52700,stable_muon,1,113,0.3,128,4,512,226048,4,nested_depth_one_shared_v2,1.8104230548487976e-05,1.0,0.0048933071084320545,1.0,10030.010798375006,277.1010530639708,nan,1.120505452156067,5.625591797014244e-06,0.0,0.0,0.8333179054924141,0.014456845819950104,0,0,1,7300,0.03842672066424847,0.8333123422834156,0.83129977058691,8.666280281085317e-05,277.1010530639708,0.0,0.0,0.0,0.0,nan,0.0,0.0,0.0,0.0,nan
52800,stable_muon,1,113,0.3,128,4,512,226048,4,nested_depth_one_shared_v2,1.8086053387378342e-05,1.0,0.004872845485806465,1.0,10047.486185041955,277.1291262558913,nan,1.120505452156067,5.619703248656571e-06,0.0,0.0,0.8333524197144373,0.014482131227850914,0,0,1,7300,0.038273692930872065,0.8333468864670398,0.8313841185488137,8.63176832676565e-05,277.1291262558913,0.0,0.0,0.0,0.0,nan,0.0,0.0,0.0,0.0,nan
52900,stable_muon,1,113,0.3,128,4,512,226048,4,nested_depth_one_shared_v2,1.807627995731309e-05,1.0,0.004857377614825964,1.0,10064.70814545895,277.16190460567645,nan,1.120505452156067,5.616829164042527e-06,0.0,0.0,0.8334891634209156,0.01445552334189415,0,0,1,7300,0.038306680938535564,0.8334839386737314,0.8314823410650644,8.639208027978366e-05,277.16190460567645,0.0,0.0,0.0,0.0,nan,0.0,0.0,0.0,0.0,nan
53000,stable_muon,1,113,0.3,128,4,512,226048,4,nested_depth_one_shared_v2,1.8066319171339273e-05,1.0,0.004868929740041494,1.0,10081.612190708984,277.19473439430226,nan,1.120505452156067,5.618415761156225e-06,0.0,0.0,0.8334136402222623,0.014403383247554302,0,0,1,7300,0.03816784139931984,0.8334081431543453,0.8315813366012773,8.607895900892286e-05,277.19473439430226,0.0,0.0,0.0,0.0,nan,0.0,0.0,0.0,0.0,nan
53100,stable_muon,1,113,0.3,128,4,512,226048,4,nested_depth_one_shared_v2,1.8064607502310537e-05,1.0,0.004873183555901051,1.0,10099.152008584002,277.2212452943978,nan,1.120505452156067,5.6174052445775695e-06,0.0,0.0,0.8335594828858405,0.014413554221391678,0,0,1,7300,0.03887908695314729,0.8335542909393416,0.8316607669929986,8.768301296190022e-05,277.2212452943978,0.0,0.0,0.0,0.0,nan,0.0,0.0,0.0,0.0,nan
53200,stable_muon,1,113,0.3,128,4,512,226048,4,nested_depth_one_shared_v2,1.8049202481051907e-05,1.0,0.004882968962192535,1.0,10116.10182529199,277.2567447346031,nan,1.120505452156067,5.606401946109407e-06,0.0,0.0,0.8337008666830283,0.01446207333356142,0,0,1,7300,0.03777223148445448,0.8336953164358173,0.831767007830441,8.518675006032286e-05,277.2567447346031,0.0,0.0,0.0,0.0,nan,0.0,0.0,0.0,0.0,nan
53300,stable_muon,1,113,0.3,128,4,512,226048,4,nested_depth_one_shared_v2,1.8047550838673487e-05,1.0,0.0049125999212265015,1.0,10133.099022374954,277.28645076509855,nan,1.120505452156067,5.617099203425135e-06,0.0,0.0,0.8338167131052523,0.01437899935990572,0,0,1,7300,0.03893390424278789,0.833811221945195,0.8318562055329836,8.7806640996784e-05,277.28645076509855,0.0,0.0,0.0,0.0,nan,0.0,0.0,0.0,0.0,nan
53400,stable_muon,1,113,0.3,128,4,512,226048,4,nested_depth_one_shared_v2,1.8038899725070223e-05,1.0,0.004950355738401413,1.0,10150.41301733395,277.3198437655221,nan,1.120505452156067,5.605784047789497e-06,0.0,0.0,0.8338380433379254,0.014451549388468266,0,0,1,7300,0.0374976815875489,0.8338326550172144,0.8319564237821524,8.45675646818681e-05,277.3198437655221,0.0,0.0,0.0,0.0,nan,0.0,0.0,0.0,0.0,nan
53500,stable_muon,1,113,0.3,128,4,512,226048,4,nested_depth_one_shared_v2,1.8026854377239943e-05,1.0,0.004984126891940832,1.0,10168.372806916945,277.3520126839209,nan,1.120505452156067,5.604794117971366e-06,0.0,0.0,0.8338628420608193,0.014386634342372417,0,0,1,7300,0.03743926839412142,0.8338572912198027,0.8320531390914979,8.443582689690879e-05,277.3520126839209,0.0,0.0,0.0,0.0,nan,0.0,0.0,0.0,0.0,nan
53600,stable_muon,1,113,0.3,128,4,512,226048,4,nested_depth_one_shared_v2,1.800659447326325e-05,1.0,0.004992322064936161,1.0,10185.669682792039,277.38609756828885,nan,1.120505452156067,5.597201381233875e-06,0.0,0.0,0.8341615087429569,0.0143350288271904,0,0,1,7300,0.03777774046649679,0.8341557296269679,0.8321548476537862,8.519917432698336e-05,277.38609756828885,0.0,0.0,0.0,0.0,nan,0.0,0.0,0.0,0.0,nan
53700,stable_muon,1,113,0.3,128,4,512,226048,4,nested_depth_one_shared_v2,1.799604251573328e-05,1.0,0.0049995253793895245,1.0,10202.863815209013,277.4127762711227,nan,1.120505452156067,5.602230478332632e-06,0.0,0.0,0.8340791212211276,0.01439460925757885,0,0,1,7300,0.03783514449883079,0.834073664815205,0.8322353802298762,8.532863617667322e-05,277.4127762711227,0.0,0.0,0.0,0.0,nan,0.0,0.0,0.0,0.0,nan
53800,stable_muon,1,113,0.3,128,4,512,226048,4,nested_depth_one_shared_v2,1.7989381376537494e-05,1.0,0.00502456771209836,1.0,10219.851280999952,277.43349583332866,nan,1.120505452156067,5.600848229718473e-06,0.0,0.0,0.8340532814054962,0.014370271936058998,0,0,1,7300,0.03810721886548283,0.8340475581819643,0.8322978421273022,8.594223855490039e-05,277.43349583332866,0.0,0.0,0.0,0.0,nan,0.0,0.0,0.0,0.0,nan
53900,stable_muon,1,113,0.3,128,4,512,226048,4,nested_depth_one_shared_v2,1.798079210857395e-05,1.0,0.005052147898823023,1.0,10237.040733875008,277.45090772838324,nan,1.120505452156067,5.588600564644518e-06,0.0,0.0,0.8341855046878242,0.014414464123547077,0,0,1,7300,0.03713287735188104,0.8341798559989998,0.8323497041082821,8.374483099567921e-05,277.45090772838324,0.0,0.0,0.0,0.0,nan,0.0,0.0,0.0,0.0,nan
54000,stable_muon,1,113,0.3,128,4,512,226048,4,nested_depth_one_shared_v2,1.7970893168239854e-05,1.0,0.005064467433840036,1.0,10254.363393833977,277.4671800684138,nan,1.120505452156067,5.586931126515706e-06,0.0,0.0,0.8341721697828419,0.014393509365618229,0,0,1,7300,0.03736054352196082,0.8341666159474276,0.8323987386795981,8.425828070107347e-05,277.4671800684138,0.0,0.0,0.0,0.0,nan,0.0,0.0,0.0,0.0,nan
54100,stable_muon,1,113,0.3,128,4,512,226048,4,nested_depth_one_shared_v2,1.797624645405449e-05,1.0,0.005071096122264862,1.0,10274.454174916958,277.4688921238675,nan,1.120505452156067,5.585812928912201e-06,0.0,0.0,0.8339305474242419,0.01441683154553175,0,0,1,7300,0.036582826909877256,0.8339250107654321,0.832404515120263,8.250431626615281e-05,277.4688921238675,0.0,0.0,0.0,0.0,nan,0.0,0.0,0.0,0.0,nan
54200,stable_muon,1,113,0.3,128,4,512,226048,4,nested_depth_one_shared_v2,1.7982316421694122e-05,1.0,0.005094677675515413,1.0,10294.330246291938,277.4679575538519,nan,1.120505452156067,5.5939599009379975e-06,0.0,0.0,0.8339568408639209,0.014283371157944202,0,0,1,7300,0.03786344156774856,0.8339511523990623,0.8324017959590188,8.539245383431758e-05,277.4679575538519,0.0,0.0,0.0,0.0,nan,0.0,0.0,0.0,0.0,nan
54300,stable_muon,1,113,0.3,128,4,512,226048,4,nested_depth_one_shared_v2,1.799993151507806e-05,1.0,0.005102688912302256,1.0,10311.541034959024,277.4587451256525,nan,1.120505452156067,5.600783574311134e-06,0.0,0.0,0.8337497991986764,0.014477492310106754,0,0,1,7300,0.037925574774674085,0.8337439735717379,0.8323747084385626,8.553258127081784e-05,277.4587451256525,0.0,0.0,0.0,0.0,nan,0.0,0.0,0.0,0.0,nan
54400,stable_muon,1,113,0.3,128,4,512,226048,4,nested_depth_one_shared_v2,1.803423037927132e-05,1.0,0.005109356716275215,1.0,10330.230383166927,277.43149808972487,nan,1.120505452156067,5.603370431032557e-06,0.0,0.0,0.8336320617305115,0.014441530220210552,0,0,1,7300,0.03774327475848704,0.8336264739777143,0.8322930504969529,8.512144469496289e-05,277.43149808972487,0.0,0.0,0.0,0.0,nan,0.0,0.0,0.0,0.0,nan
54500,stable_muon,1,113,0.3,128,4,512,226048,4,nested_depth_one_shared_v2,1.8050477592623793e-05,1.0,0.0051141767762601376,1.0,10348.740210167016,277.40753549145273,nan,1.120505452156067,5.61615556599783e-06,0.0,0.0,0.8336824327205549,0.014437247067689896,0,0,1,7300,0.038676982431360155,0.8336770845221477,0.8322209223142281,8.72272117897977e-05,277.40753549145273,0.0,0.0,0.0,0.0,nan,0.0,0.0,0.0,0.0,nan
54600,stable_muon,1,113,0.3,128,4,512,226048,4,nested_depth_one_shared_v2,1.805913052521646e-05,1.0,0.005146557930856943,1.0,10366.660102833994,277.39032513762,nan,1.120505452156067,5.616462818202313e-06,0.0,0.0,0.8335774042387261,0.014379801228642464,0,0,1,7300,0.037632219198417666,0.8335717798333181,0.8321693094967527,8.487098392347439e-05,277.39032513762,0.0,0.0,0.0,0.0,nan,0.0,0.0,0.0,0.0,nan
54700,stable_muon,1,113,0.3,128,4,512,226048,4,nested_depth_one_shared_v2,1.8072792954626493e-05,1.0,0.005174901802092791,1.0,10385.159805958974,277.3794036906234,nan,1.120505452156067,5.620537189740523e-06,0.0,0.0,0.8336465398620007,0.014405740424990654,0,0,1,7300,0.03761646795962084,0.8336408008062548,0.8321362363098502,8.483546055644542e-05,277.3794036906234,0.0,0.0,0.0,0.0,nan,0.0,0.0,0.0,0.0,nan
54800,stable_muon,1,113,0.3,128,4,512,226048,4,nested_depth_one_shared_v2,1.8096387066179886e-05,1.0,0.005188173148781061,1.0,10402.409973667003,277.3627178382177,nan,1.120505452156067,5.632493819639891e-06,0.0,0.0,0.8335295636117495,0.014406139962375164,0,0,1,7300,0.0378223975671112,0.8335240735192648,0.8320864078766129,8.529988834675272e-05,277.3627178382177,0.0,0.0,0.0,0.0,nan,0.0,0.0,0.0,0.0,nan
54900,stable_muon,1,113,0.3,128,4,512,226048,4,nested_depth_one_shared_v2,1.8115028069587424e-05,1.0,0.005200299900025129,1.0,10419.549777791952,277.34534691555194,nan,1.120505452156067,5.627790610723424e-06,0.0,0.0,0.8334331362900161,0.014494448900222778,0,0,1,7300,0.03683506040985819,0.8334276530021674,0.8320342959310343,8.307317204393655e-05,277.34534691555194,0.0,0.0,0.0,0.0,nan,0.0,0.0,0.0,0.0,nan
55000,stable_muon,1,113,0.3,128,4,512,226048,4,nested_depth_one_shared_v2,1.8130653188563883e-05,1.0,0.005219044629484415,1.0,10436.529229250038,277.3333000500138,nan,1.120505452156067,5.635836914399757e-06,0.0,0.0,0.8334207141524362,0.014522852376103401,0,0,1,7300,0.03730626652751439,0.8334153159113559,0.8319981466795919,8.413587118015766e-05,277.3333000500138,0.0,0.0,0.0,0.0,nan,0.0,0.0,0.0,0.0,nan
55100,stable_muon,1,113,0.3,128,4,512,226048,4,nested_depth_one_shared_v2,1.813930612115655e-05,1.0,0.00523339631035924,1.0,10454.650948875002,277.3330011953683,nan,1.120505452156067,5.652220168154002e-06,0.0,0.0,0.833701107373795,0.014488858170807362,0,0,1,7300,0.038447443291326704,0.833695429441848,0.8319965588249619,8.670953802304822e-05,277.3330011953683,0.0,0.0,0.0,0.0,nan,0.0,0.0,0.0,0.0,nan
55200,stable_muon,1,113,0.3,128,4,512,226048,4,nested_depth_one_shared_v2,1.8129065210814588e-05,1.0,0.0052538723684847355,1.0,10472.345831374987,277.3519280979988,nan,1.120505452156067,5.633766142993972e-06,0.0,0.0,0.8337463687854959,0.014610279351472855,0,0,1,7300,0.037009634372007445,0.8337406797973976,0.8320531785295008,8.346688424721925e-05,277.3519280979988,0.0,0.0,0.0,0.0,nan,0.0,0.0,0.0,0.0,nan
55300,stable_muon,1,113,0.3,128,4,512,226048,4,nested_depth_one_shared_v2,1.812679329304956e-05,1.0,0.005253953859210014,1.0,10489.825772374985,277.36191922082486,nan,1.120505452156067,5.637696091213957e-06,0.0,0.0,0.8336762027959725,0.014533055014908314,0,0,1,7300,0.037654923868734196,0.8336709225378184,0.832083539346663,8.492218918722091e-05,277.36191922082486,0.0,0.0,0.0,0.0,nan,0.0,0.0,0.0,0.0,nan
55400,stable_muon,1,113,0.3,128,4,512,226048,4,nested_depth_one_shared_v2,1.813242670323234e-05,1.0,0.005243787541985512,1.0,10506.90413349995,277.371515500329,nan,1.120505452156067,5.636326636595288e-06,0.0,0.0,0.8337569658030802,0.014550779946148396,0,0,1,7300,0.03701400995425291,0.8337514798497744,0.8321120857542748,8.347675238623206e-05,277.371515500329,0.0,0.0,0.0,0.0,nan,0.0,0.0,0.0,0.0,nan
55500,stable_muon,1,113,0.3,128,4,512,226048,4,nested_depth_one_shared_v2,1.8145967260352336e-05,1.0,0.005221879109740257,1.0,10523.751354792039,277.37974301261943,nan,1.120505452156067,5.643628546409877e-06,0.0,0.0,0.8337610588004541,0.01460444089025259,0,0,1,7300,0.03701983317093953,0.8337556538407397,0.8321368308267418,8.348988533826944e-05,277.37974301261943,0.0,0.0,0.0,0.0,nan,0.0,0.0,0.0,0.0,nan
55600,stable_muon,1,113,0.3,128,4,512,226048,4,nested_depth_one_shared_v2,1.8155273210140876e-05,1.0,0.005202979315072298,1.0,10541.104627958965,277.38716353692445,nan,1.120505452156067,5.640883458944416e-06,0.0,0.0,0.8337895675994507,0.014538830146193504,0,0,1,7300,0.03680989960650011,0.8337840301838375,0.8321590459601481,8.301642752599976e-05,277.38716353692445,0.0,0.0,0.0,0.0,nan,0.0,0.0,0.0,0.0,nan
55700,stable_muon,1,113,0.3,128,4,512,226048,4,nested_depth_one_shared_v2,1.815627001633402e-05,1.0,0.005191001109778881,1.0,10558.410500791972,277.4007778322736,nan,1.120505452156067,5.6430210944041e-06,0.0,0.0,0.8337617366167194,0.014622373506426811,0,0,1,7300,0.036628996507294016,0.833756130674046,0.8322000720234748,8.260844138137525e-05,277.4007778322736,0.0,0.0,0.0,0.0,nan,0.0,0.0,0.0,0.0,nan
55800,stable_muon,1,113,0.3,128,4,512,226048,4,nested_depth_one_shared_v2,1.814581082726363e-05,1.0,0.005190648138523102,1.0,10575.941159209004,277.4186991122419,nan,1.120505452156067,5.647033834127052e-06,0.0,0.0,0.8340686953610841,0.014622022397816181,0,0,1,7300,0.03759260140081993,0.834063124496442,0.8322532010942495,8.478163491524097e-05,277.4186991122419,0.0,0.0,0.0,0.0,nan,0.0,0.0,0.0,0.0,nan
55900,stable_muon,1,113,0.3,128,4,512,226048,4,nested_depth_one_shared_v2,1.8153996279579587e-05,1.0,0.0051871780306100845,1.0,10593.688194709015,277.4324225252803,nan,1.120505452156067,5.652922047702446e-06,0.0,0.0,0.83407264957328,0.01462743990123272,0,0,1,7300,0.038259554192234806,0.8340669553513366,0.8322945749799927,8.628579653110094e-05,277.4324225252803,0.0,0.0,0.0,0.0,nan,0.0,0.0,0.0,0.0,nan
56000,stable_muon,1,113,0.3,128,4,512,226048,4,nested_depth_one_shared_v2,1.816694566514343e-05,1.0,0.005171231925487518,1.0,10611.335670375032,277.44825048917534,nan,1.120505452156067,5.642034872993739e-06,0.0,0.0,0.8340536845318808,0.014793933369219303,0,0,1,7300,0.03713702166811441,0.8340481532501091,0.8323421060699975,8.375417756635477e-05,277.44825048917534,0.0,0.0,0.0,0.0,nan,0.0,0.0,0.0,0.0,nan
56100,stable_muon,1,113,0.3,128,4,512,226048,4,nested_depth_one_shared_v2,1.8192311472375877e-05,1.0,0.005143195390701294,1.0,10628.604668624932,277.4614186582629,nan,1.120505452156067,5.6602614411517375e-06,0.0,0.0,0.8340629779590254,0.01479646097868681,0,0,1,7300,0.038830030875465514,0.8340574703457911,0.8323819332467048,8.757237804137303e-05,277.4614186582629,0.0,0.0,0.0,0.0,nan,0.0,0.0,0.0,0.0,nan
56200,stable_muon,1,113,0.3,128,4,512,226048,4,nested_depth_one_shared_v2,1.821814657887444e-05,1.0,0.005112525541335344,1.0,10645.854668749962,277.46940672628733,nan,1.120505452156067,5.664964366683157e-06,0.0,0.0,0.8340543259491007,0.01482667587697506,0,0,1,7300,0.03914779483685143,0.8340487427607851,0.8324060405903151,8.828902299701725e-05,277.46940672628733,0.0,0.0,0.0,0.0,nan,0.0,0.0,0.0,0.0,nan
56300,stable_muon,1,113,0.3,128,4,512,226048,4,nested_depth_one_shared_v2,1.8228882254334167e-05,1.0,0.005097649525851011,1.0,10663.107877666946,277.48147087369506,nan,1.120505452156067,5.65984308828565e-06,0.0,0.0,0.8342451456305057,0.014937879517674446,0,0,1,7300,0.03903817829659709,0.8342396255716441,0.8324417510398819,8.804180761020678e-05,277.48147087369506,0.0,0.0,0.0,0.0,nan,0.0,0.0,0.0,0.0,nan
56400,stable_muon,1,113,0.3,128,4,512,226048,4,nested_depth_one_shared_v2,1.823162347136531e-05,1.0,0.005081178154796362,0.9998881220817566,10680.406659458997,277.50200659030156,nan,1.120505452156067,5.6650332933297765e-06,0.0,0.0,0.8343460979044109,0.01484720129519701,0,0,1,7300,0.04037772499270293,0.8343405005448159,0.8325034312482723,9.106285310078796e-05,277.50200659030156,0.0,0.0,0.0,0.0,nan,0.0,0.0,0.0,0.0,nan
56500,stable_muon,1,113,0.3,128,4,512,226048,4,nested_depth_one_shared_v2,1.8246249965159222e-05,1.0,0.005053702276200056,0.9998881220817566,10697.981349917012,277.51317030237976,nan,1.120505452156067,5.6666523471923725e-06,0.0,0.0,0.8343014074322715,0.014938702806830406,0,0,1,7300,0.039587542011916055,0.834295690282713,0.8325370445406677,8.928077358255997e-05,277.51317030237976,0.0,0.0,0.0,0.0,nan,0.0,0.0,0.0,0.0,nan
56600,stable_muon,1,113,0.3,128,4,512,226048,4,nested_depth_one_shared_v2,1.82579860847909e-05,1.0,0.005041205324232578,0.9998881220817566,10715.966131374938,277.52871961962455,nan,1.120505452156067,5.669990427481709e-06,0.0,0.0,0.8343152490723531,0.014984838664531708,0,0,1,7300,0.04009823775941068,0.8343095151536556,0.832583864624002,9.043253267353662e-05,277.52871961962455,0.0,0.0,0.0,0.0,nan,0.0,0.0,0.0,0.0,nan
56700,stable_muon,1,113,0.3,128,4,512,226048,4,nested_depth_one_shared_v2,1.8283164536114782e-05,1.0,0.005036649294197559,0.9998881220817566,10734.15858012496,277.53088244301216,nan,1.120505452156067,5.68111836247954e-06,0.0,0.0,0.8342071708439287,0.015008940361440182,0,0,1,7300,0.040408583479189096,0.8342015545254791,0.832590743155118,9.113244745813005e-05,277.53088244301216,0.0,0.0,0.0,0.0,nan,0.0,0.0,0.0,0.0,nan
56800,stable_muon,1,113,0.3,128,4,512,226048,4,nested_depth_one_shared_v2,1.831301415222697e-05,1.0,0.004986030515283346,1.0,10753.554082583985,277.5227095121186,nan,1.120505452156067,5.691579848873126e-06,0.0,0.0,0.8339908251696132,0.014949323609471321,0,0,1,7300,0.03932541337687728,0.8339852513783258,0.8325666469820898,8.868960155911489e-05,277.5227095121186,0.0,0.0,0.0,0.0,nan,0.0,0.0,0.0,0.0,nan
56900,stable_muon,1,113,0.3,128,4,512,226048,4,nested_depth_one_shared_v2,1.8334176274947822e-05,1.0,0.004937308374792337,1.0,10771.111324750003,277.521949642298,nan,1.120505452156067,5.6965959998659466e-06,0.0,0.0,0.8341060367339097,0.01483906153589487,0,0,1,7300,0.039411670559976866,0.8341005095140096,0.8325640253145701,8.888413518365427e-05,277.521949642298,0.0,0.0,0.0,0.0,nan,0.0,0.0,0.0,0.0,nan
57000,stable_muon,1,113,0.3,128,4,512,226048,4,nested_depth_one_shared_v2,1.8342861949349754e-05,1.0,0.004869238473474979,1.0,10789.60842545901,277.5275121316482,nan,1.120505452156067,5.703294282350699e-06,0.0,0.0,0.834078084598906,0.014872228726744652,0,0,1,7300,0.039185070916094605,0.8340723027369413,0.8325808159732969,8.837309078758515e-05,277.5275121316482,0.0,0.0,0.0,0.0,nan,0.0,0.0,0.0,0.0,nan
57100,stable_muon,1,113,0.3,128,4,512,226048,4,nested_depth_one_shared_v2,1.835970215324778e-05,1.0,0.004806065000593662,1.0,10807.77457608399,277.5338729380664,nan,1.120505452156067,5.706134213537366e-06,0.0,0.0,0.8342710228229977,0.014893729239702225,0,0,1,7300,0.038679324426291996,0.8342654085065312,0.8325993027494999,8.723249363122091e-05,277.5338729380664,0.0,0.0,0.0,0.0,nan,0.0,0.0,0.0,0.0,nan
57200,stable_muon,1,113,0.3,128,4,512,226048,4,nested_depth_one_shared_v2,1.8364398783887736e-05,1.0,0.004773455671966076,0.9998881220817566,10825.18532720895,277.5536069079698,nan,1.120505452156067,5.703337069107008e-06,0.0,0.0,0.8343541756362441,0.014848843216896057,0,0,1,7300,0.03784927940692421,0.8343485366392847,0.83265831789556,8.536051427430098e-05,277.5536069079698,0.0,0.0,0.0,0.0,nan,0.0,0.0,0.0,0.0,nan
57300,stable_muon,1,113,0.3,128,4,512,226048,4,nested_depth_one_shared_v2,1.8355747670284472e-05,1.0,0.004735594615340233,0.9998881220817566,10842.230716667022,277.57891889324736,nan,1.120505452156067,5.7050132064257826e-06,0.0,0.0,0.8346055149767385,0.014919844456017017,0,0,1,7300,0.036814263117836504,0.8346001794974163,0.832733584580089,8.30262684417993e-05,277.57891889324736,0.0,0.0,0.0,0.0,nan,0.0,0.0,0.0,0.0,nan
57400,stable_muon,1,113,0.3,128,4,512,226048,4,nested_depth_one_shared_v2,1.8339595044380985e-05,1.0,0.004709639586508274,0.9998881220817566,10862.53798116697,277.61620595749883,nan,1.120505452156067,5.704697795319241e-06,0.0,0.0,0.8347034246509728,0.014996755868196487,0,0,1,7300,0.037285760839316236,0.8346978032881717,0.8328455513073931,8.408962522468451e-05,277.61620595749883,0.0,0.0,0.0,0.0,nan,0.0,0.0,0.0,0.0,nan
57500,stable_muon,1,113,0.3,128,4,512,226048,4,nested_depth_one_shared_v2,1.8330940292798914e-05,1.0,0.004683390259742737,1.0,10883.643332291977,277.65347841057087,nan,1.120505452156067,5.699831630012008e-06,0.0,0.0,0.8348636994437034,0.014956858940422535,0,0,1,7300,0.03714402345119604,0.8348580004173773,0.8329572034296754,8.376996850911643e-05,277.65347841057087,0.0,0.0,0.0,0.0,nan,0.0,0.0,0.0,0.0,nan
57600,stable_muon,1,113,0.3,128,4,512,226048,4,nested_depth_one_shared_v2,1.8309432562091388e-05,1.0,0.004663004074245691,1.0,10901.386227334035,277.6974248821073,nan,1.120505452156067,5.695929210213215e-06,0.0,0.0,0.835005496962807,0.014964883215725422,0,0,1,7300,0.037298393955109775,0.8350000496118579,0.833089032351491,8.411811636845054e-05,277.6974248821073,0.0,0.0,0.0,0.0,nan,0.0,0.0,0.0,0.0,nan
57700,stable_muon,1,113,0.3,128,4,512,226048,4,nested_depth_one_shared_v2,1.828356835176237e-05,1.0,0.004632020369172096,1.0,10919.352385999984,277.75018857778673,nan,1.120505452156067,5.686827429717376e-06,0.0,0.0,0.8352755473277795,0.015035578049719334,0,0,1,7300,0.03727271177503507,0.8352699081466876,0.8332469830143642,8.40601960029056e-05,277.75018857778673,0.0,0.0,0.0,0.0,nan,0.0,0.0,0.0,0.0,nan
57800,stable_muon,1,113,0.3,128,4,512,226048,4,nested_depth_one_shared_v2,1.8255434042657726e-05,1.0,0.0046253870241343975,1.0,10937.125825416995,277.81126326621325,nan,1.120505452156067,5.683533472068395e-06,0.0,0.0,0.835344035766172,0.015050536021590233,0,0,1,7300,0.03737309558857365,0.8353385275496016,0.8334305656794756,8.42865890566899e-05,277.81126326621325,0.0,0.0,0.0,0.0,nan,0.0,0.0,0.0,0.0,nan
57900,stable_muon,1,113,0.3,128,4,512,226048,4,nested_depth_one_shared_v2,1.8234612070955336e-05,1.0,0.004595599602907896,1.0,10955.047580583952,277.8689162807443,nan,1.120505452156067,5.678005962095915e-06,0.0,0.0,0.8354755719043311,0.015060742385685444,0,0,1,7300,0.0381694950434664,0.835469884518574,0.8336037579246185,8.608268843038053e-05,277.8689162807443,0.0,0.0,0.0,0.0,nan,0.0,0.0,0.0,0.0,nan
58000,stable_muon,1,113,0.3,128,4,512,226048,4,nested_depth_one_shared_v2,1.823504499043338e-05,1.0,0.004569702781736851,1.0,10972.831026959,277.92019225580793,nan,1.120505452156067,5.68406244560179e-06,0.0,0.0,0.8355195784115413,0.01508422289043665,0,0,1,7300,0.03827950315166531,0.8355138425771046,0.8337579318171063,8.63307869103871e-05,277.92019225580793,0.0,0.0,0.0,0.0,nan,0.0,0.0,0.0,0.0,nan
58100,stable_muon,1,113,0.3,128,4,512,226048,4,nested_depth_one_shared_v2,1.824363789637573e-05,1.0,0.004548073746263981,1.0,10990.25680337497,277.96667376527006,nan,1.120505452156067,5.679078591627603e-06,0.0,0.0,0.8355009509491916,0.015204372815787792,0,0,1,7300,0.0373234016460725,0.8354957545446113,0.8338977208553301,8.417451557590812e-05,277.96667376527006,0.0,0.0,0.0,0.0,nan,0.0,0.0,0.0,0.0,nan
58200,stable_muon,1,113,0.3,128,4,512,226048,4,nested_depth_one_shared_v2,1.8263339370605536e-05,1.0,0.0045251096598804,1.0,11008.19091008394,277.99682282516443,nan,1.120505452156067,5.6760806398460406e-06,0.0,0.0,0.8354091944514621,0.015280243940651417,0,0,1,7300,0.03698599707908146,0.8354036379069409,0.8339886730007988,8.341357566349373e-05,277.99682282516443,0.0,0.0,0.0,0.0,nan,0.0,0.0,0.0,0.0,nan
58300,stable_muon,1,113,0.3,128,4,512,226048,4,nested_depth_one_shared_v2,1.8276909031555988e-05,1.0,0.004501400049775839,1.0,11027.220382499974,278.0274799521845,nan,1.120505452156067,5.701233406182897e-06,0.0,0.0,0.835619508794541,0.015217293985188007,0,0,1,7300,0.03796513589690249,0.8356139350075099,0.8340804194156278,8.562180246053663e-05,278.0274799521845,0.0,0.0,0.0,0.0,nan,0.0,0.0,0.0,0.0,nan
58400,stable_muon,1,113,0.3,128,4,512,226048,4,nested_depth_one_shared_v2,1.827273990784306e-05,1.0,0.004476682282984257,1.0,11044.913016624982,278.0727840484881,nan,1.120505452156067,5.682803733238046e-06,0.0,0.0,0.835789091631773,0.015235694125294685,0,0,1,7300,0.03762470506371594,0.8357833798514828,0.8342161839244537,8.485403748717451e-05,278.0727840484881,0.0,0.0,0.0,0.0,nan,0.0,0.0,0.0,0.0,nan
58500,stable_muon,1,113,0.3,128,4,512,226048,4,nested_depth_one_shared_v2,1.8278840798302554e-05,1.0,0.004459091927856207,1.0,11064.761638458935,278.11356072828806,nan,1.120505452156067,5.703696388103807e-06,0.0,0.0,0.835677799624575,0.01515801902860403,0,0,1,7300,0.037808086825563685,0.8356719016346915,0.8343392432186736,8.526761369642164e-05,278.11356072828806,0.0,0.0,0.0,0.0,nan,0.0,0.0,0.0,0.0,nan
58600,stable_muon,1,113,0.3,128,4,512,226048,4,nested_depth_one_shared_v2,1.827516643970739e-05,1.0,0.004452957306057215,1.0,11083.37443287496,278.15667806530735,nan,1.120505452156067,5.703245132374851e-06,0.0,0.0,0.8357508561403858,0.015233464539051056,0,0,1,7300,0.037786931837840376,0.8357455462768496,0.8344687598442675,8.521990339229368e-05,278.15667806530735,0.0,0.0,0.0,0.0,nan,0.0,0.0,0.0,0.0,nan
58700,stable_muon,1,113,0.3,128,4,512,226048,4,nested_depth_one_shared_v2,1.8271710359840654e-05,1.0,0.00444230530411005,1.0,11102.991407749942,278.2049604436116,nan,1.120505452156067,5.706651042012836e-06,0.0,0.0,0.8359149244442815,0.015222166664898396,0,0,1,7300,0.03706296487577017,0.8359093281955207,0.8346134520808417,8.3587159171842e-05,278.2049604436116,0.0,0.0,0.0,0.0,nan,0.0,0.0,0.0,0.0,nan
58800,stable_muon,1,113,0.3,128,4,512,226048,4,nested_depth_one_shared_v2,1.8285965779796243e-05,1.0,0.004446185193955898,1.0,11120.021486292011,278.2599571652685,nan,1.120505452156067,5.711752543368582e-06,0.0,0.0,0.8361026318160966,0.015235649421811104,0,0,1,7300,0.036967797428639156,0.8360971704056104,0.834778360228731,8.337253045614208e-05,278.2599571652685,0.0,0.0,0.0,0.0,nan,0.0,0.0,0.0,0.0,nan
58900,stable_muon,1,113,0.3,128,4,512,226048,4,nested_depth_one_shared_v2,1.8298602299182676e-05,1.0,0.004451940767467022,1.0,11137.821008375031,278.3275865378718,nan,1.120505452156067,5.701089705617899e-06,0.0,0.0,0.8365415712382412,0.01533233281224966,0,0,1,7300,0.03852872668094935,0.8365360149088129,0.8349807482314641,8.689285437804541e-05,278.3275865378718,0.0,0.0,0.0,0.0,nan,0.0,0.0,0.0,0.0,nan
59000,stable_muon,1,113,0.3,128,4,512,226048,4,nested_depth_one_shared_v2,1.8296206690138206e-05,1.0,0.004473185166716576,1.0,11156.373110124958,278.3965962651658,nan,1.120505452156067,5.703258396306427e-06,0.0,0.0,0.8369745225929072,0.015218714252114296,0,0,1,7300,0.045500222570310514,0.8369691463845639,0.8351881471585071,0.00010261549120764321,278.3965962651658,0.0,0.0,0.0,0.0,nan,0.0,0.0,0.0,0.0,nan
59100,stable_muon,1,113,0.3,128,4,512,226048,4,nested_depth_one_shared_v2,1.8277687559020706e-05,1.0,0.004511758219450712,1.0,11174.75289545895,278.4381600693069,nan,1.120505452156067,5.689665101947943e-06,0.0,0.0,0.8366234706647878,0.015368413180112839,0,0,1,7300,0.04808113063430928,0.8366178169325351,0.8353147067346995,0.00010843614732289072,278.4381600693069,0.0,0.0,0.0,0.0,nan,0.0,0.0,0.0,0.0,nan
59200,stable_muon,1,113,0.3,128,4,512,226048,4,nested_depth_one_shared_v2,1.827915184549056e-05,1.0,0.004557700827717781,1.0,11192.351512999972,278.4014744638883,nan,1.120505452156067,5.706255649325214e-06,0.0,0.0,0.8356743363000922,0.015364508144557476,0,0,1,7300,0.04740406322870693,0.8356689591285379,0.8352070609979286,0.00010690917447568745,278.4014744638883,0.0,0.0,0.0,0.0,nan,0.0,0.0,0.0,0.0,nan
59300,stable_muon,1,113,0.3,128,4,512,226048,4,nested_depth_one_shared_v2,1.8291102605871856e-05,1.0,0.004603255540132523,1.0,11209.58215837495,278.315934497111,nan,1.120505452156067,5.694618862056875e-06,0.0,0.0,0.8352261289634009,0.015423497185111046,0,0,1,7300,0.04317961800906611,0.8352206112303647,0.8349503320411197,9.738189094156068e-05,278.315934497111,0.0,0.0,0.0,0.0,nan,0.0,0.0,0.0,0.0,nan
59400,stable_muon,1,113,0.3,128,4,512,226048,4,nested_depth_one_shared_v2,1.8307317077415064e-05,1.0,0.004639346152544022,1.0,11226.751452166936,278.2335413413503,nan,1.120505452156067,5.693770236467302e-06,0.0,0.0,0.8352415396732632,0.015448280610144138,0,0,1,7300,0.03980663268730368,0.835235853950003,0.8347018605357367,8.977488319354428e-05,278.2335413413503,0.0,0.0,0.0,0.0,nan,0.0,0.0,0.0,0.0,nan
59500,stable_muon,1,113,0.3,128,4,512,226048,4,nested_depth_one_shared_v2,1.8330971215618774e-05,1.0,0.004655148833990097,1.0,11243.703723459039,278.1672741291322,nan,1.120505452156067,5.707190790051789e-06,0.0,0.0,0.835023236792359,0.01544045377522707,0,0,1,7300,0.039288203173978804,0.8350178916201306,0.8345030435628834,8.860568233778661e-05,278.1672741291322,0.0,0.0,0.0,0.0,nan,0.0,0.0,0.0,0.0,nan
59600,stable_muon,1,113,0.3,128,4,512,226048,4,nested_depth_one_shared_v2,1.8342925613978878e-05,1.0,0.004674258641898632,1.0,11260.92148537503,278.12781308303164,nan,1.120505452156067,5.700534295568061e-06,0.0,0.0,0.8355492521369446,0.015444863587617874,0,0,1,7300,0.03921042743473853,0.8355437133330538,0.8343827094659767,8.84302766972132e-05,278.12781308303164,0.0,0.0,0.0,0.0,nan,0.0,0.0,0.0,0.0,nan
59700,stable_muon,1,113,0.3,128,4,512,226048,4,nested_depth_one_shared_v2,1.8372958948020823e-05,1.0,0.004693583585321903,1.0,11279.322273792,278.09816529689,nan,1.120505452156067,5.710810990510415e-06,0.0,0.0,0.8356924016879799,0.01539535354822874,0,0,1,7300,0.04020930692557222,0.8356867663713637,0.8342932098807692,9.068302413049769e-05,278.09816529689,0.0,0.0,0.0,0.0,nan,0.0,0.0,0.0,0.0,nan
59800,stable_muon,1,113,0.3,128,4,512,226048,4,nested_depth_one_shared_v2,1.8406697563477792e-05,1.0,0.0047064670361578465,1.0,11296.183136792039,278.0727890891403,nan,1.120505452156067,5.71999080439055e-06,0.0,0.0,0.8356840243727944,0.015374859794974327,0,0,1,7300,0.04106359677562797,0.835678616052038,0.8342170014665963,9.260968223555883e-05,278.0727890891403,0.0,0.0,0.0,0.0,nan,0.0,0.0,0.0,0.0,nan
59900,stable_muon,1,113,0.3,128,4,512,226048,4,nested_depth_one_shared_v2,1.8428012481308542e-05,1.0,0.004722657613456249,1.0,11313.316269083996,278.0555162357386,nan,1.120505452156067,5.724230398572342e-06,0.0,0.0,0.8356783420448848,0.015340694226324558,0,0,1,7300,0.039996000483536076,0.835672594413981,0.8341648894302987,9.020195955342952e-05,278.0555162357386,0.0,0.0,0.0,0.0,nan,0.0,0.0,0.0,0.0,nan
60000,stable_muon,1,113,0.3,128,4,512,226048,4,nested_depth_one_shared_v2,1.8442548025632277e-05,1.0,0.004755672998726368,1.0,11330.617274584016,278.048391158655,nan,1.120505452156067,5.7271659996365774e-06,0.0,0.0,0.835974870390138,0.01536827813833952,0,0,1,7300,0.040259215480858736,0.8359694010009936,0.8341425929282612,9.07955816220193e-05,278.048391158655,0.0,0.0,0.0,0.0,nan,0.0,0.0,0.0,0.0,nan
60100,stable_muon,1,113,0.3,128,4,512,226048,4,nested_depth_one_shared_v2,1.844192956923507e-05,1.0,0.004780682269483805,1.0,11348.244963041972,278.05361978327784,nan,1.120505452156067,5.729352680469559e-06,0.0,0.0,0.836026707559508,0.015348155982792377,0,0,1,7300,0.040766653261003434,0.8360211590198278,0.834158243900185,9.193999310234559e-05,278.05361978327784,0.0,0.0,0.0,0.0,nan,0.0,0.0,0.0,0.0,nan
60200,stable_muon,1,113,0.3,128,4,512,226048,4,nested_depth_one_shared_v2,1.8430600903229788e-05,1.0,0.004775813780725002,1.0,11365.121061999933,278.0676450240705,nan,1.120505452156067,5.725881902977859e-06,0.0,0.0,0.8363016858717128,0.015423443168401718,0,0,1,7300,0.0409327772012028,0.8362960815148087,0.8341996415718089,9.231464818669302e-05,278.0676450240705,0.0,0.0,0.0,0.0,nan,0.0,0.0,0.0,0.0,nan
60300,stable_muon,1,113,0.3,128,4,512,226048,4,nested_depth_one_shared_v2,1.8414633814245462e-05,1.0,0.004773922264575958,1.0,11381.691293374985,278.08375859319256,nan,1.120505452156067,5.721586862975479e-06,0.0,0.0,0.8362796532041554,0.01543875876814127,0,0,1,7300,0.04078533849139546,0.8362744631010537,0.8342481714707368,9.198213342577023e-05,278.08375859319256,0.0,0.0,0.0,0.0,nan,0.0,0.0,0.0,0.0,nan
60400,stable_muon,1,113,0.3,128,4,512,226048,4,nested_depth_one_shared_v2,1.8401779016130604e-05,1.0,0.0047925133258104324,1.0,11398.653905541985,278.1054521909238,nan,1.120505452156067,5.716770446159967e-06,0.0,0.0,0.8364178469240537,0.015323118306696415,0,0,1,7300,0.040295879233711064,0.8364123288793273,0.8343129611268792,9.087826844849896e-05,278.1054521909238,0.0,0.0,0.0,0.0,nan,0.0,0.0,0.0,0.0,nan
60500,stable_muon,1,113,0.3,128,4,512,226048,4,nested_depth_one_shared_v2,1.838086245697923e-05,1.0,0.004813987296074629,1.0,11415.221400749986,278.12864941989204,nan,1.120505452156067,5.710883645586632e-06,0.0,0.0,0.8363265232347307,0.015393897891044617,0,0,1,7300,0.03968667402133258,0.8363209205875304,0.8343829506002111,8.950434347444255e-05,278.12864941989204,0.0,0.0,0.0,0.0,nan,0.0,0.0,0.0,0.0,nan
60600,stable_muon,1,113,0.3,128,4,512,226048,4,nested_depth_one_shared_v2,1.8358672605245374e-05,1.0,0.004823356866836548,1.0,11431.731619167025,278.15054696186206,nan,1.120505452156067,5.706096335216063e-06,0.0,0.0,0.836480122386633,0.015343104489147663,0,0,1,7300,0.03933059250673953,0.8364744669168173,0.8344483274434775,8.870128191856854e-05,278.15054696186206,0.0,0.0,0.0,0.0,nan,0.0,0.0,0.0,0.0,nan
60700,stable_muon,1,113,0.3,128,4,512,226048,4,nested_depth_one_shared_v2,1.8330691091250628e-05,1.0,0.004820225760340691,1.0,11448.47621779202,278.18438500848947,nan,1.120505452156067,5.69864425071121e-06,0.0,0.0,0.8365271894897677,0.015427018515765667,0,0,1,7300,0.038699338455261245,0.8365215197715326,0.8345499169811728,8.72776307601778e-05,278.18438500848947,0.0,0.0,0.0,0.0,nan,0.0,0.0,0.0,0.0,nan
60800,stable_muon,1,113,0.3,128,4,512,226048,4,nested_depth_one_shared_v2,1.8304110199096613e-05,1.0,0.004833449609577656,1.0,11464.990365833975,278.22166613496256,nan,1.120505452156067,5.689778183179268e-06,0.0,0.0,0.8367952642375907,0.015496855601668358,0,0,1,7300,0.0387794515940627,0.8367897504965185,0.834661299426233,8.745830787835221e-05,278.22166613496256,0.0,0.0,0.0,0.0,nan,0.0,0.0,0.0,0.0,nan
60900,stable_muon,1,113,0.3,128,4,512,226048,4,nested_depth_one_shared_v2,1.827463711379096e-05,1.0,0.004851825535297394,1.0,11481.334040042013,278.2628538860081,nan,1.120505452156067,5.679936002602135e-06,0.0,0.0,0.8368787757720707,0.015467590652406216,0,0,1,7300,0.037611291492064,0.836873058618237,0.8347848233686269,8.482378620122122e-05,278.2628538860081,0.0,0.0,0.0,0.0,nan,0.0,0.0,0.0,0.0,nan
61000,stable_muon,1,113,0.3,128,4,512,226048,4,nested_depth_one_shared_v2,1.8229722627438605e-05,1.0,0.0048553915694355965,1.0,11497.88742049993,278.31078490833505,nan,1.120505452156067,5.66772178392342e-06,0.0,0.0,0.8370962902538579,0.015576978214085102,0,0,1,7300,0.038248768845767674,0.8370907290940344,0.8349284800142421,8.626147261435835e-05,278.31078490833505,0.0,0.0,0.0,0.0,nan,0.0,0.0,0.0,0.0,nan
61100,stable_muon,1,113,0.3,128,4,512,226048,4,nested_depth_one_shared_v2,1.8186150555266067e-05,1.0,0.004852605983614922,1.0,11515.03165191703,278.3547485450062,nan,1.120505452156067,5.655385555066119e-06,0.0,0.0,0.8371234574982606,0.015501745976507664,0,0,1,7300,0.038112425681577654,0.8371177821702824,0.8350606680656907,8.595398135440806e-05,278.3547485450062,0.0,0.0,0.0,0.0,nan,0.0,0.0,0.0,0.0,nan
61200,stable_muon,1,113,0.3,128,4,512,226048,4,nested_depth_one_shared_v2,1.8156271835323423e-05,1.0,0.004838146734982729,1.0,11534.043657792034,278.39129302199746,nan,1.120505452156067,5.642816086327493e-06,0.0,0.0,0.8371795018276026,0.015600120648741722,0,0,1,7300,0.03786774289924768,0.8371737812759988,0.8351704295443465,8.540215451751636e-05,278.39129302199746,0.0,0.0,0.0,0.0,nan,0.0,0.0,0.0,0.0,nan
61300,stable_muon,1,113,0.3,128,4,512,226048,4,nested_depth_one_shared_v2,1.814182905945927e-05,1.0,0.004819944500923157,1.0,11552.017030749936,278.42181927633595,nan,1.120505452156067,5.639238521203396e-06,0.0,0.0,0.8372713242570119,0.015615294687449932,0,0,1,7300,0.03740590210475841,0.837265659725017,0.8352619446903495,8.436057675571507e-05,278.42181927633595,0.0,0.0,0.0,0.0,nan,0.0,0.0,0.0,0.0,nan
61400,stable_muon,1,113,0.3,128,4,512,226048,4,nested_depth_one_shared_v2,1.8109303709934466e-05,1.0,0.004815336782485247,1.0,11568.38316762494,278.4599532665884,nan,1.120505452156067,5.624613885843948e-06,0.0,0.0,0.8374392229348827,0.01566569320857525,0,0,1,7300,0.03681508577004781,0.837433779476866,0.83537610554808,8.302812374834477e-05,278.4599532665884,0.0,0.0,0.0,0.0,nan,0.0,0.0,0.0,0.0,nan
61500,stable_muon,1,113,0.3,128,4,512,226048,4,nested_depth_one_shared_v2,1.8092216123477556e-05,1.0,0.004813282750546932,1.0,11584.873639416997,278.48934630447616,nan,1.120505452156067,5.624975035271961e-06,0.0,0.0,0.8375260172896496,0.015687501057982445,0,0,1,7300,0.037886665165093154,0.8375203903086734,0.8354644328567224,8.544482942095216e-05,278.48934630447616,0.0,0.0,0.0,0.0,nan,0.0,0.0,0.0,0.0,nan
61600,stable_muon,1,113,0.3,128,4,512,226048,4,nested_depth_one_shared_v2,1.8087672287947498e-05,1.0,0.004818841349333525,1.0,11601.827817625017,278.5175437816256,nan,1.120505452156067,5.626085692476842e-06,0.0,0.0,0.8374758698659133,0.01565409265458584,0,0,1,7300,0.03762000955918836,0.8374701480133324,0.8355493955692789,8.484344783560036e-05,278.5175437816256,0.0,0.0,0.0,0.0,nan,0.0,0.0,0.0,0.0,nan
61700,stable_muon,1,113,0.3,128,4,512,226048,4,nested_depth_one_shared_v2,1.8082817405229434e-05,1.0,0.004807423334568739,1.0,11618.687151374994,278.53958807324204,nan,1.120505452156067,5.624211032838122e-06,0.0,0.0,0.8374430920502897,0.015625355765223503,0,0,1,7300,0.03797657358965937,0.837437369561589,0.8356158749234023,8.56475975972245e-05,278.53958807324204,0.0,0.0,0.0,0.0,nan,0.0,0.0,0.0,0.0,nan
61800,stable_muon,1,113,0.3,128,4,512,226048,4,nested_depth_one_shared_v2,1.8076749256579205e-05,1.0,0.004804415628314018,1.0,11636.033065874944,278.5648332355055,nan,1.120505452156067,5.619957934407418e-06,0.0,0.0,0.8375716791630511,0.01565101556479931,0,0,1,7300,0.038399144144131286,0.8375661047360882,0.8356915082754476,8.660061018853688e-05,278.5648332355055,0.0,0.0,0.0,0.0,nan,0.0,0.0,0.0,0.0,nan
61900,stable_muon,1,113,0.3,128,4,512,226048,4,nested_depth_one_shared_v2,1.808253728086129e-05,1.0,0.004805640783160925,1.0,11653.245478792,278.5817344430826,nan,1.120505452156067,5.625366417960571e-06,0.0,0.0,0.8374852645416057,0.015721622854471207,0,0,1,7300,0.03851112938698554,0.8374798865728302,0.8357426400880141,8.685316764989301e-05,278.5817344430826,0.0,0.0,0.0,0.0,nan,0.0,0.0,0.0,0.0,nan
62000,stable_muon,1,113,0.3,128,4,512,226048,4,nested_depth_one_shared_v2,1.808944762160536e-05,1.0,0.0048213223926723,1.0,11669.990724249976,278.588853930905,nan,1.120505452156067,5.628936347855061e-06,0.0,0.0,0.8374233064891922,0.015767648816108704,0,0,1,7300,0.03862887367628897,0.8374176267864439,0.8357642669050286,8.711871334178706e-05,278.588853930905,0.0,0.0,0.0,0.0,nan,0.0,0.0,0.0,0.0,nan
62100,stable_muon,1,113,0.3,128,4,512,226048,4,nested_depth_one_shared_v2,1.809616878745146e-05,1.0,0.004823100753128529,1.0,11687.030942125013,278.58296540229895,nan,1.120505452156067,5.631137741116931e-06,0.0,0.0,0.8372075165243517,0.015819016844034195,0,0,1,7300,0.03839340562061512,0.8372017433307302,0.8357471663766268,8.658766824284622e-05,278.58296540229895,0.0,0.0,0.0,0.0,nan,0.0,0.0,0.0,0.0,nan
62200,stable_muon,1,113,0.3,128,4,512,226048,4,nested_depth_one_shared_v2,1.8094146071234718e-05,1.0,0.004793259315192699,1.0,11704.033506667009,278.5761754409069,nan,1.120505452156067,5.630424389843282e-06,0.0,0.0,0.8372890862867561,0.01583840139210224,0,0,1,7300,0.03846756230828967,0.8372833051768578,0.8357264995190877,8.6754911928749e-05,278.5761754409069,0.0,0.0,0.0,0.0,nan,0.0,0.0,0.0,0.0,nan
62300,stable_muon,1,113,0.3,128,4,512,226048,4,nested_depth_one_shared_v2,1.8067501514451578e-05,1.0,0.004777997732162476,1.0,11721.352812458994,278.5847029503332,nan,1.120505452156067,5.618894150459706e-06,0.0,0.0,0.8375449252263283,0.01582455448806286,0,0,1,7300,0.038654859200206386,0.8375393222931917,0.8357514131201932,8.717731783096188e-05,278.5847029503332,0.0,0.0,0.0,0.0,nan,0.0,0.0,0.0,0.0,nan
62400,stable_muon,1,113,0.3,128,4,512,226048,4,nested_depth_one_shared_v2,1.8033453670796007e-05,1.0,0.00476836459711194,1.0,11738.422318500001,278.59783283331103,nan,1.120505452156067,5.609893884184525e-06,0.0,0.0,0.8375707553167591,0.015845894813537598,0,0,1,7300,0.03830932725324272,0.8375651392950663,0.8357907958427995,8.639804844583263e-05,278.59783283331103,0.0,0.0,0.0,0.0,nan,0.0,0.0,0.0,0.0,nan
62500,stable_muon,1,113,0.3,128,4,512,226048,4,nested_depth_one_shared_v2,1.7991935237660073e-05,1.0,0.004749108571559191,1.0,11755.477480834,278.6108663136811,nan,1.120505452156067,5.601477529678709e-06,0.0,0.0,0.837666637741319,0.015862399712204933,0,0,1,7300,0.038471627915267606,0.8376612557937948,0.83582974659191,8.676408098844873e-05,278.6108663136811,0.0,0.0,0.0,0.0,nan,0.0,0.0,0.0,0.0,nan
62600,stable_muon,1,113,0.3,128,4,512,226048,4,nested_depth_one_shared_v2,1.794337913452182e-05,1.0,0.004737089388072491,1.0,11772.785353792016,278.6347661525275,nan,1.120505452156067,5.581647024695318e-06,0.0,0.0,0.8377814096694578,0.01585487648844719,0,0,1,7300,0.038076491006125195,0.8377758324718547,0.8359012622992691,8.587293879758886e-05,278.6347661525275,0.0,0.0,0.0,0.0,nan,0.0,0.0,0.0,0.0,nan
62700,stable_muon,1,113,0.3,128,4,512,226048,4,nested_depth_one_shared_v2,1.788866393326316e-05,1.0,0.004726465325802565,1.0,11789.791486209026,278.6696060080148,nan,1.120505452156067,5.560267473726725e-06,0.0,0.0,0.8379166255828836,0.01588035747408867,0,0,1,7300,0.03838353468508981,0.8379110828441504,0.8360057309851192,8.65654065737732e-05,278.6696060080148,0.0,0.0,0.0,0.0,nan,0.0,0.0,0.0,0.0,nan
62800,stable_muon,1,113,0.3,128,4,512,226048,4,nested_depth_one_shared_v2,1.786189568520058e-05,1.0,0.004719762597233057,1.0,11806.493238416966,278.70005666635456,nan,1.120505452156067,5.555431606860756e-06,0.0,0.0,0.8381264129583738,0.015813499689102173,0,0,1,7300,0.038930348778162455,0.8381208440949045,0.8360968013839168,8.779862244811763e-05,278.70005666635456,0.0,0.0,0.0,0.0,nan,0.0,0.0,0.0,0.0,nan
62900,stable_muon,1,113,0.3,128,4,512,226048,4,nested_depth_one_shared_v2,1.7837275663623586e-05,1.0,0.0047221858985722065,1.0,11823.971722583985,278.7340038526088,nan,1.120505452156067,5.549358848813039e-06,0.0,0.0,0.8382554968138781,0.015941400080919266,0,0,1,7300,0.03847882086360957,0.8382498167672143,0.8361984980764848,8.678030306134522e-05,278.7340038526088,0.0,0.0,0.0,0.0,nan,0.0,0.0,0.0,0.0,nan
63000,stable_muon,1,113,0.3,128,4,512,226048,4,nested_depth_one_shared_v2,1.7820311768446118e-05,1.0,0.004711894318461418,1.0,11840.914887249935,278.7716026527593,nan,1.120505452156067,5.535896669547481e-06,0.0,0.0,0.8382226748294058,0.015814896672964096,0,0,1,7300,0.03768169997938555,0.8382170267558772,0.8363116243421682,8.498257666648814e-05,278.7716026527593,0.0,0.0,0.0,0.0,nan,0.0,0.0,0.0,0.0,nan
63100,stable_muon,1,113,0.3,128,4,512,226048,4,nested_depth_one_shared_v2,1.7805963580030948e-05,1.0,0.004713798873126507,1.0,11858.047504334012,278.8065291218444,nan,1.120505452156067,5.539772916988552e-06,0.0,0.0,0.8383224632337658,0.01587488502264023,0,0,1,7300,0.03794410945811645,0.8383167896381304,0.83641645414961,8.55743820695475e-05,278.8065291218444,0.0,0.0,0.0,0.0,nan,0.0,0.0,0.0,0.0,nan
63200,stable_muon,1,113,0.3,128,4,512,226048,4,nested_depth_one_shared_v2,1.7794043742469512e-05,1.0,0.004744749516248703,1.0,11875.130733583937,278.8383474765233,nan,1.120505452156067,5.536136657874118e-06,0.0,0.0,0.8384172245238658,0.015917958691716194,0,0,1,7300,0.03851408152835398,0.8384118426298427,0.8365119882765387,8.685982553900923e-05,278.8383474765233,0.0,0.0,0.0,0.0,nan,0.0,0.0,0.0,0.0,nan
63300,stable_muon,1,113,0.3,128,4,512,226048,4,nested_depth_one_shared_v2,1.777891520760022e-05,1.0,0.004758327733725309,1.0,11892.07554679201,278.8731452293444,nan,1.120505452156067,5.53077313522456e-06,0.0,0.0,0.8385795578354237,0.015964187681674957,0,0,1,7300,0.03910250434836586,0.8385738077896461,0.8366162894550054,8.81868805137404e-05,278.8731452293444,0.0,0.0,0.0,0.0,nan,0.0,0.0,0.0,0.0,nan
63400,stable_muon,1,113,0.3,128,4,512,226048,4,nested_depth_one_shared_v2,1.776204771886114e-05,1.0,0.004787250887602568,1.0,11909.09686724993,278.90600477187655,nan,1.120505452156067,5.521746069712609e-06,0.0,0.0,0.8385377179928286,0.016010235995054245,0,0,1,7300,0.039004721113716626,0.8385320718985139,0.8367152772308094,8.796635247918193e-05,278.90600477187655,0.0,0.0,0.0,0.0,nan,0.0,0.0,0.0,0.0,nan
63500,stable_muon,1,113,0.3,128,4,512,226048,4,nested_depth_one_shared_v2,1.7757003661245108e-05,1.0,0.004805998411029577,1.0,11926.422115916968,278.926471103755,nan,1.120505452156067,5.52464737670063e-06,0.0,0.0,0.8386872180411431,0.015877583995461464,0,0,1,7300,0.03974506451749688,0.8386815406812401,0.8367765149445962,8.963603007084324e-05,278.926471103755,0.0,0.0,0.0,0.0,nan,0.0,0.0,0.0,0.0,nan
63600,stable_muon,1,113,0.3,128,4,512,226048,4,nested_depth_one_shared_v2,1.7758935427991673e-05,1.0,0.0048145572654902935,1.0,11943.307167666964,278.9388238735223,nan,1.120505452156067,5.524051712039452e-06,0.0,0.0,0.8384557408254277,0.015855329111218452,0,0,1,7300,0.03940139277716493,0.8384499156085451,0.8368143345576348,8.886095596227481e-05,278.9388238735223,0.0,0.0,0.0,0.0,nan,0.0,0.0,0.0,0.0,nan
63700,stable_muon,1,113,0.3,128,4,512,226048,4,nested_depth_one_shared_v2,1.7768987163435668e-05,1.0,0.004804136231541634,1.0,11960.297496458981,278.9385141992023,nan,1.120505452156067,5.521387663037357e-06,0.0,0.0,0.8384153276223708,0.015918251127004623,0,0,1,7300,0.038511696839912485,0.8384096067131677,0.83681340000645,8.685444741200286e-05,278.9385141992023,0.0,0.0,0.0,0.0,nan,0.0,0.0,0.0,0.0,nan
63800,stable_muon,1,113,0.3,128,4,512,226048,4,nested_depth_one_shared_v2,1.7775771993910894e-05,1.0,0.0047804019413888454,1.0,11977.217603125027,278.93486762069097,nan,1.120505452156067,5.524892235532763e-06,0.0,0.0,0.8382972613463905,0.015806911513209343,0,0,1,7300,0.039007944912887886,0.8382917551260023,0.8368028515563596,8.797362303121061e-05,278.93486762069097,0.0,0.0,0.0,0.0,nan,0.0,0.0,0.0,0.0,nan
63900,stable_muon,1,113,0.3,128,4,512,226048,4,nested_depth_one_shared_v2,1.7781219867174514e-05,1.0,0.00475620711222291,1.0,11994.466065416927,278.92346693102763,nan,1.120505452156067,5.524917448104328e-06,0.0,0.0,0.8382639918634559,0.015811510384082794,0,0,1,7300,0.03927019058306963,0.8382582890680557,0.8367686841789581,8.856505900102797e-05,278.92346693102763,0.0,0.0,0.0,0.0,nan,0.0,0.0,0.0,0.0,nan
64000,stable_muon,1,113,0.3,128,4,512,226048,4,nested_depth_one_shared_v2,1.7774807929527014e-05,1.0,0.004719803109765053,1.0,12011.582972917007,278.9133342177223,nan,1.120505452156067,5.526126595870068e-06,0.0,0.0,0.8381219465464576,0.01580134965479374,0,0,1,7300,0.03995092954590744,0.8381162338431595,0.8367387193711284,9.010031221759936e-05,278.9133342177223,0.0,0.0,0.0,0.0,nan,0.0,0.0,0.0,0.0,nan
64100,stable_muon,1,113,0.3,128,4,512,226048,4,nested_depth_one_shared_v2,1.7785576346796006e-05,1.0,0.004681765101850033,1.0,12028.637446583947,278.8918666291095,nan,1.120505452156067,5.52752244569394e-06,0.0,0.0,0.8380097407502815,0.015837399289011955,0,0,1,7300,0.0396631868590185,0.838004106106765,0.8366744195929077,8.945137347645608e-05,278.8918666291095,0.0,0.0,0.0,0.0,nan,0.0,0.0,0.0,0.0,nan
64200,stable_muon,1,113,0.3,128,4,512,226048,4,nested_depth_one_shared_v2,1.7780441339709796e-05,1.0,0.004666357301175594,1.0,12047.08895633393,278.887793214386,nan,1.120505452156067,5.533976530585686e-06,0.0,0.0,0.8382401191493386,0.015821710228919983,0,0,1,7300,0.0401128939275204,0.8382345365508366,0.8366615323004788,9.046558635558129e-05,278.887793214386,0.0,0.0,0.0,0.0,nan,0.0,0.0,0.0,0.0,nan
64300,stable_muon,1,113,0.3,128,4,512,226048,4,nested_depth_one_shared_v2,1.780804814188741e-05,1.0,0.004660316277295351,1.0,12063.917825459037,278.87680462888176,nan,1.120505452156067,5.540335179541259e-06,0.0,0.0,0.8379281405201593,0.015806371346116066,0,0,1,7300,0.03946649803149839,0.8379225671003407,0.8366293153983331,8.900778618147434e-05,278.87680462888176,0.0,0.0,0.0,0.0,nan,0.0,0.0,0.0,0.0,nan
64400,stable_muon,1,113,0.3,128,4,512,226048,4,nested_depth_one_shared_v2,1.7846457922132686e-05,1.0,0.00464187515899539,1.0,12081.121697042021,278.8535319644078,nan,1.120505452156067,5.542966878255465e-06,0.0,0.0,0.837827127422051,0.015836244449019432,0,0,1,7300,0.03862820137572884,0.8378218065052926,0.8365594735017693,8.711719711948484e-05,278.8535319644078,0.0,0.0,0.0,0.0,nan,0.0,0.0,0.0,0.0,nan
64500,stable_muon,1,113,0.3,128,4,512,226048,4,nested_depth_one_shared_v2,1.7875527191790752e-05,1.0,0.004620908293873072,1.0,12098.76175950002,278.8295214019152,nan,1.120505452156067,5.558340136794206e-06,0.0,0.0,0.8376600821046015,0.015816936269402504,0,0,1,7300,0.039521828015211105,0.8376545451097529,0.8364878542417323,8.913257048221964e-05,278.8295214019152,0.0,0.0,0.0,0.0,nan,0.0,0.0,0.0,0.0,nan
64600,stable_muon,1,113,0.3,128,4,512,226048,4,nested_depth_one_shared_v2,1.7917234799824655e-05,1.0,0.0046056522987782955,1.0,12116.651725791977,278.78924329582907,nan,1.120505452156067,5.5723891134077905e-06,0.0,0.0,0.8374724568046886,0.01585477963089943,0,0,1,7300,0.03974422544843871,0.8374669865867054,0.8363672529910811,8.963413773980183e-05,278.78924329582907,0.0,0.0,0.0,0.0,nan,0.0,0.0,0.0,0.0,nan
64700,stable_muon,1,113,0.3,128,4,512,226048,4,nested_depth_one_shared_v2,1.7958444004761986e-05,1.0,0.004602666478604078,1.0,12133.833930124994,278.75239071980155,nan,1.120505452156067,5.58363923776913e-06,0.0,0.0,0.8375070589694733,0.015842458233237267,0,0,1,7300,0.039274028518530596,0.8375013612665609,0.8362561922765902,8.857371459896359e-05,278.75239071980155,0.0,0.0,0.0,0.0,nan,0.0,0.0,0.0,0.0,nan
64800,stable_muon,1,113,0.3,128,4,512,226048,4,nested_depth_one_shared_v2,1.799323763407301e-05,1.0,0.004620686639100313,1.0,12151.26131324994,278.7159015971185,nan,1.120505452156067,5.59711332638189e-06,0.0,0.0,0.8372523430224242,0.015787925571203232,0,0,1,7300,0.039452307590830966,0.8372466221082454,0.8361471881884581,8.897578284264913e-05,278.7159015971185,0.0,0.0,0.0,0.0,nan,0.0,0.0,0.0,0.0,nan
64900,stable_muon,1,113,0.3,128,4,512,226048,4,nested_depth_one_shared_v2,1.8041917428490706e-05,1.0,0.004617989994585514,1.0,12168.464227249962,278.6696345492712,nan,1.120505452156067,5.608785436804352e-06,0.0,0.0,0.837144290364173,0.015691258013248444,0,0,1,7300,0.038909645632751705,0.8371386422601833,0.8360082183439735,8.775193117243025e-05,278.6696345492712,0.0,0.0,0.0,0.0,nan,0.0,0.0,0.0,0.0,nan
65000,stable_muon,1,113,0.3,128,4,512,226048,4,nested_depth_one_shared_v2,1.8072823877446353e-05,1.0,0.004606814123690128,1.0,12185.865719125024,278.63347712249373,nan,1.120505452156067,5.621052374861354e-06,0.0,0.0,0.8370524865018611,0.015678448602557182,0,0,1,7300,0.038681315025807766,0.8370469733109664,0.8358996639936802,8.723698297952669e-05,278.63347712249373,0.0,0.0,0.0,0.0,nan,0.0,0.0,0.0,0.0,nan
65100,stable_muon,1,113,0.3,128,4,512,226048,4,nested_depth_one_shared_v2,1.8098628061125055e-05,1.0,0.004593038931488991,1.0,12202.470488416962,278.60299421431205,nan,1.120505452156067,5.6212185639736374e-06,0.0,0.0,0.8368850701984052,0.015681182965636253,0,0,1,7300,0.038458422103213846,0.836879194322556,0.8358084146898673,8.673429825741707e-05,278.60299421431205,0.0,0.0,0.0,0.0,nan,0.0,0.0,0.0,0.0,nan
65200,stable_muon,1,113,0.3,128,4,512,226048,4,nested_depth_one_shared_v2,1.811882793845143e-05,1.0,0.004581144545227289,1.0,12219.361088625039,278.5710771327306,nan,1.120505452156067,5.640188084531244e-06,0.0,0.0,0.8370391993831412,0.01569424569606781,0,0,1,7300,0.03877806868980222,0.837033683286402,0.8357119540042027,8.745518904965279e-05,278.5710771327306,0.0,0.0,0.0,0.0,nan,0.0,0.0,0.0,0.0,nan
65300,stable_muon,1,113,0.3,128,4,512,226048,4,nested_depth_one_shared_v2,1.812987648008857e-05,1.0,0.00458194874227047,1.0,12237.056103167008,278.55342154809796,nan,1.120505452156067,5.6395688593445925e-06,0.0,0.0,0.8369413901560575,0.01571659743785858,0,0,1,7300,0.038103696776748304,0.8369358341843542,0.8356590296186561,8.593429527802933e-05,278.55342154809796,0.0,0.0,0.0,0.0,nan,0.0,0.0,0.0,0.0,nan
65400,stable_muon,1,113,0.3,128,4,512,226048,4,nested_depth_one_shared_v2,1.8148240997106768e-05,1.0,0.0045838793739676476,1.0,12254.090472624986,278.53646698388326,nan,1.120505452156067,5.643121651787893e-06,0.0,0.0,0.836930798284316,0.015702061355113983,0,0,1,7300,0.03813123207869488,0.8369253833134668,0.835608048060623,8.599639494205696e-05,278.53646698388326,0.0,0.0,0.0,0.0,nan,0.0,0.0,0.0,0.0,nan
65500,stable_muon,1,113,0.3,128,4,512,226048,4,nested_depth_one_shared_v2,1.8159847968490794e-05,1.0,0.004611400421708822,1.0,12271.436883374932,278.52642716627486,nan,1.120505452156067,5.65134655597571e-06,0.0,0.0,0.8371275291743729,0.015642723068594933,0,0,1,7300,0.03890029024499256,0.8371218590120572,0.8355773520518738,8.773083220508214e-05,278.52642716627486,0.0,0.0,0.0,0.0,nan,0.0,0.0,0.0,0.0,nan
65600,stable_muon,1,113,0.3,128,4,512,226048,4,nested_depth_one_shared_v2,1.8173141143051907e-05,1.0,0.0046406458131968975,1.0,12289.361845333944,278.5197430722347,nan,1.120505452156067,5.649592366670114e-06,0.0,0.0,0.8368763648407909,0.015639308840036392,0,0,1,7300,0.03758561865656533,0.8368705578087954,0.8355578163437113,8.476588691026022e-05,278.5197430722347,0.0,0.0,0.0,0.0,nan,0.0,0.0,0.0,0.0,nan
65700,stable_muon,1,113,0.3,128,4,512,226048,4,nested_depth_one_shared_v2,1.820395300455857e-05,1.0,0.004665879067033529,1.0,12309.741980333929,278.50655308694775,nan,1.120505452156067,5.6601742968294405e-06,0.0,0.0,0.8368507896623067,0.015660036355257034,0,0,1,7300,0.03743151049586467,0.8368452619856909,0.8355181827337693,8.441833070688191e-05,278.50655308694775,0.0,0.0,0.0,0.0,nan,0.0,0.0,0.0,0.0,nan
65800,stable_muon,1,113,0.3,128,4,512,226048,4,nested_depth_one_shared_v2,1.823302409320604e-05,1.0,0.004681603983044624,1.0,12327.19810124999,278.4944551672641,nan,1.120505452156067,5.672342908989812e-06,0.0,0.0,0.8368462098109092,0.015513059683144093,0,0,1,7300,0.03782582165130088,0.8368406219363044,0.8354818469611736,8.530761059647398e-05,278.4944551672641,0.0,0.0,0.0,0.0,nan,0.0,0.0,0.0,0.0,nan
65900,stable_muon,1,113,0.3,128,4,512,226048,4,nested_depth_one_shared_v2,1.8246159015689045e-05,1.0,0.004713916685432196,0.9998881220817566,12344.394040709012,278.48818362919934,nan,1.120505452156067,5.6792929305861235e-06,0.0,0.0,0.837007203058467,0.015542594715952873,0,0,1,7300,0.03793938665746222,0.8370014193689329,0.8354625064582119,8.556373085771528e-05,278.48818362919934,0.0,0.0,0.0,0.0,nan,0.0,0.0,0.0,0.0,nan
66000,stable_muon,1,113,0.3,128,4,512,226048,4,nested_depth_one_shared_v2,1.8230814021080732e-05,1.0,0.004719757940620184,0.9998881220817566,12361.16481745895,278.49016684855684,nan,1.120505452156067,5.6693090989210855e-06,0.0,0.0,0.8370252407605383,0.015468792989850044,0,0,1,7300,0.03688670470452567,0.8370197429341905,0.8354682773754138,8.318964410420365e-05,278.49016684855684,0.0,0.0,0.0,0.0,nan,0.0,0.0,0.0,0.0,nan
66100,stable_muon,1,113,0.3,128,4,512,226048,4,nested_depth_one_shared_v2,1.820099714677781e-05,1.0,0.004690066911280155,0.9998881220817566,12377.67773658398,278.4903075635313,nan,1.120505452156067,5.6679309152877295e-06,0.0,0.0,0.8370337917521334,0.01552146952599287,0,0,1,7300,0.03788049161753312,0.8370283059224334,0.8354688083804247,8.543090637663324e-05,278.4903075635313,0.0,0.0,0.0,0.0,nan,0.0,0.0,0.0,0.0,nan
66200,stable_muon,1,113,0.3,128,4,512,226048,4,nested_depth_one_shared_v2,1.81672894541407e-05,1.0,0.004673617891967297,0.9997762441635132,12395.280137666967,278.49095037390526,nan,1.120505452156067,5.651762865735416e-06,0.0,0.0,0.8369844483011794,0.015436266548931599,0,0,1,7300,0.03719702325336543,0.8369790435236503,0.8354707989957095,8.388949761087226e-05,278.49095037390526,0.0,0.0,0.0,0.0,nan,0.0,0.0,0.0,0.0,nan
66300,stable_muon,1,113,0.3,128,4,512,226048,4,nested_depth_one_shared_v2,1.8134576748707332e-05,1.0,0.004681932274252176,0.9997762441635132,12413.258460749988,278.48644526458884,nan,1.120505452156067,5.641291222238589e-06,0.0,0.0,0.8369664755231919,0.01541772298514843,0,0,1,7300,0.036979311336112076,0.8369607911195327,0.8354572689931326,8.339849747793472e-05,278.48644526458884,0.0,0.0,0.0,0.0,nan,0.0,0.0,0.0,0.0,nan
66400,stable_muon,1,113,0.3,128,4,512,226048,4,nested_depth_one_shared_v2,1.810407411539927e-05,1.0,0.004678788594901562,0.9997762441635132,12430.53592133394,278.4831105111146,nan,1.120505452156067,5.63508763078966e-06,0.0,0.0,0.8368873838977484,0.015383335761725903,0,0,1,7300,0.03654590740560358,0.8368823119598954,0.8354474139533592,8.242105265001705e-05,278.4831105111146,0.0,0.0,0.0,0.0,nan,0.0,0.0,0.0,0.0,nan
66500,stable_muon,1,113,0.3,128,4,512,226048,4,nested_depth_one_shared_v2,1.80841852852609e-05,1.0,0.004682009574025869,0.9997762441635132,12447.485357334022,278.4711295942683,nan,1.120505452156067,5.633013319804612e-06,0.0,0.0,0.836788202060021,0.015418284572660923,0,0,1,7300,0.0373891369347376,0.8367826064705377,0.8354117754322367,8.432276669546303e-05,278.4711295942683,0.0,0.0,0.0,0.0,nan,0.0,0.0,0.0,0.0,nan
66600,stable_muon,1,113,0.3,128,4,512,226048,4,nested_depth_one_shared_v2,1.808368688216433e-05,1.0,0.004675047006458044,0.9997762441635132,12465.24250862503,278.4448672271868,nan,1.120505452156067,5.6309486770218696e-06,0.0,0.0,0.836620560674092,0.015351122245192528,0,0,1,7300,0.03760054946643979,0.8366149793912291,0.8353332847821938,8.479955998487051e-05,278.4448672271868,0.0,0.0,0.0,0.0,nan,0.0,0.0,0.0,0.0,nan
66700,stable_muon,1,113,0.3,128,4,512,226048,4,nested_depth_one_shared_v2,1.8090193407260813e-05,1.0,0.004680169280618429,0.9997762441635132,12483.165749499924,278.41102008654974,nan,1.120505452156067,5.633017570746899e-06,0.0,0.0,0.8363018893040627,0.01538767945021391,0,0,1,7300,0.03833956050875226,0.8362963214645678,0.8352324986827223,8.646623273570337e-05,278.41102008654974,0.0,0.0,0.0,0.0,nan,0.0,0.0,0.0,0.0,nan
66800,stable_muon,1,113,0.3,128,4,512,226048,4,nested_depth_one_shared_v2,1.8108556105289608e-05,1.0,0.00469441432505846,0.9997762441635132,12500.595344749978,278.36442076049536,nan,1.120505452156067,5.6370493663775905e-06,0.0,0.0,0.8362006312234348,0.01541348360478878,0,0,1,7300,0.038755003269869,0.8361951532860302,0.8350926422868817,8.740317019649881e-05,278.36442076049536,0.0,0.0,0.0,0.0,nan,0.0,0.0,0.0,0.0,nan
66900,stable_muon,1,113,0.3,128,4,512,226048,4,nested_depth_one_shared_v2,1.813252310967073e-05,1.0,0.004694429691880941,0.9997762441635132,12517.71168566693,278.3119766833034,nan,1.120505452156067,5.646004605602685e-06,0.0,0.0,0.8359763185989243,0.015416126698255539,0,0,1,7300,0.03896564525306827,0.8359708232214478,0.8349355418313149,8.787822568752512e-05,278.3119766833034,0.0,0.0,0.0,0.0,nan,0.0,0.0,0.0,0.0,nan
67000,stable_muon,1,113,0.3,128,4,512,226048,4,nested_depth_one_shared_v2,1.8163491404266097e-05,1.0,0.0046784160658717155,0.9997762441635132,12534.881326250033,278.2442837291398,nan,1.120505452156067,5.652255748572397e-06,0.0,0.0,0.8355659819596202,0.0154817383736372,0,0,1,7300,0.03879228314582027,0.8355603201835319,0.8347330642494406,8.748724654968561e-05,278.2442837291398,0.0,0.0,0.0,0.0,nan,0.0,0.0,0.0,0.0,nan
67100,stable_muon,1,113,0.3,128,4,512,226048,4,nested_depth_one_shared_v2,1.818795317376498e-05,1.0,0.004681175574660301,0.9997762441635132,12551.983489708975,278.1701648764824,nan,1.120505452156067,5.662503900071134e-06,0.0,0.0,0.8355747891114433,0.01543178129941225,0,0,1,7300,0.039204665185707484,0.8355691223354582,0.8345100698772472,8.841728124397409e-05,278.1701648764824,0.0,0.0,0.0,0.0,nan,0.0,0.0,0.0,0.0,nan
67200,stable_muon,1,113,0.3,128,4,512,226048,4,nested_depth_one_shared_v2,1.8220105630462058e-05,1.0,0.004669631365686655,0.9997762441635132,12569.580132292002,278.10277364398024,nan,1.120505452156067,5.674806149754102e-06,0.0,0.0,0.835254009052048,0.015525294467806816,0,0,1,7300,0.03885171298479904,0.835248384323325,0.8343082045070387,8.762127714942111e-05,278.10277364398024,0.0,0.0,0.0,0.0,nan,0.0,0.0,0.0,0.0,nan
67300,stable_muon,1,113,0.3,128,4,512,226048,4,nested_depth_one_shared_v2,1.8253283997182734e-05,1.0,0.004651642870157957,0.9997762441635132,12586.308218999999,278.03835932166083,nan,1.120505452156067,5.682493464665909e-06,0.0,0.0,0.8351824213626059,0.015574785880744457,0,0,1,7300,0.038840016279852875,0.8351769078731789,0.8341145936956837,8.759489786915041e-05,278.03835932166083,0.0,0.0,0.0,0.0,nan,0.0,0.0,0.0,0.0,nan
67400,stable_muon,1,113,0.3,128,4,512,226048,4,nested_depth_one_shared_v2,1.828627682698425e-05,1.0,0.004653406795114279,0.9998881220817566,12602.950655292021,277.9859741959018,nan,1.120505452156067,5.68708194293277e-06,0.0,0.0,0.8349933189918536,0.015579994767904282,0,0,1,7300,0.038279032911669134,0.8349877951115788,0.833957457296299,8.632972639012e-05,277.9859741959018,0.0,0.0,0.0,0.0,nan,0.0,0.0,0.0,0.0,nan
67500,stable_muon,1,113,0.3,128,4,512,226048,4,nested_depth_one_shared_v2,1.8304392142454162e-05,1.0,0.0046533443965017796,0.9998881220817566,12619.506766084,277.9453409092687,nan,1.120505452156067,5.701128905603775e-06,0.0,0.0,0.8350698677641155,0.015639247372746468,0,0,1,7300,0.0386329788223695,0.835064173509705,0.8338350093597562,8.712797157301618e-05,277.9453409092687,0.0,0.0,0.0,0.0,nan,0.0,0.0,0.0,0.0,nan
67600,stable_muon,1,113,0.3,128,4,512,226048,4,nested_depth_one_shared_v2,1.8335142158321105e-05,1.0,0.00466285552829504,0.9998881220817566,12635.826936458936,277.90499901863075,nan,1.120505452156067,5.712444794259319e-06,0.0,0.0,0.834926770035819,0.01558268815279007,0,0,1,7300,0.03917746195900217,0.8349211888443396,0.8337141264737713,8.835593050076652e-05,277.90499901863075,0.0,0.0,0.0,0.0,nan,0.0,0.0,0.0,0.0,nan
67700,stable_muon,1,113,0.3,128,4,512,226048,4,nested_depth_one_shared_v2,1.837320814956911e-05,1.0,0.00465602008625865,0.9998881220817566,12652.467632583925,277.86178944202345,nan,1.120505452156067,5.721314441641412e-06,0.0,0.0,0.834751440520434,0.015645993873476982,0,0,1,7300,0.03853021132944969,0.8347458754957976,0.833584545328385,8.68962026679334e-05,277.86178944202345,0.0,0.0,0.0,0.0,nan,0.0,0.0,0.0,0.0,nan
67800,stable_muon,1,113,0.3,128,4,512,226048,4,nested_depth_one_shared_v2,1.8395801816950552e-05,1.0,0.004634915851056576,0.9998881220817566,12669.156247459003,277.8345089475652,nan,1.120505452156067,5.730295896063865e-06,0.0,0.0,0.8347253624232317,0.01572457328438759,0,0,1,7300,0.03863354699181891,0.8347199317438655,0.8335025500191507,8.712925295108088e-05,277.8345089475652,0.0,0.0,0.0,0.0,nan,0.0,0.0,0.0,0.0,nan
67900,stable_muon,1,113,0.3,128,4,512,226048,4,nested_depth_one_shared_v2,1.8416594684822485e-05,1.0,0.00463130371645093,0.9998881220817566,12685.418338584015,277.80908491411304,nan,1.120505452156067,5.736468109035228e-06,0.0,0.0,0.8349593001695518,0.015652794390916824,0,0,1,7300,0.038835743255809324,0.834953674787981,0.8334253719758679,8.758526102703401e-05,277.80908491411304,0.0,0.0,0.0,0.0,nan,0.0,0.0,0.0,0.0,nan
68000,stable_muon,1,113,0.3,128,4,512,226048,4,nested_depth_one_shared_v2,1.8426275346428156e-05,1.0,0.004636097699403763,0.9998881220817566,12701.907026291941,277.79581339823756,nan,1.120505452156067,5.743455718270972e-06,0.0,0.0,0.8350086615990041,0.01562465913593769,0,0,1,7300,0.03930237429794399,0.8350031864606567,0.833385353892262,8.863764211214606e-05,277.79581339823756,0.0,0.0,0.0,0.0,nan,0.0,0.0,0.0,0.0,nan
68100,stable_muon,1,113,0.3,128,4,512,226048,4,nested_depth_one_shared_v2,1.8438287952449173e-05,1.0,0.004609399475157261,1.0,12718.42024262494,277.7925616789639,nan,1.120505452156067,5.744090923463975e-06,0.0,0.0,0.835156077037779,0.015627281740307808,0,0,1,7300,0.03889432976836758,0.8351504185181002,0.8333750679954431,8.771738969420742e-05,277.7925616789639,0.0,0.0,0.0,0.0,nan,0.0,0.0,0.0,0.0,nan
68200,stable_muon,1,113,0.3,128,4,512,226048,4,nested_depth_one_shared_v2,1.8441120118950494e-05,1.0,0.004574092570692301,1.0,12734.65703320899,277.80354753860945,nan,1.120505452156067,5.738070818338126e-06,0.0,0.0,0.8351559107707274,0.015597717836499214,0,0,1,7300,0.03757415257023677,0.8351506381261502,0.8334079424870594,8.474002773827448e-05,277.80354753860945,0.0,0.0,0.0,0.0,nan,0.0,0.0,0.0,0.0,nan
68300,stable_muon,1,113,0.3,128,4,512,226048,4,nested_depth_one_shared_v2,1.8440034182276577e-05,1.0,0.0045639644376933575,1.0,12750.998417750001,277.8248900546887,nan,1.120505452156067,5.739938906759229e-06,0.0,0.0,0.8353291310337906,0.015675656497478485,0,0,1,7300,0.03808286517977951,0.8353237640586638,0.833471710118898,8.588731430882003e-05,277.8248900546887,0.0,0.0,0.0,0.0,nan,0.0,0.0,0.0,0.0,nan
68400,stable_muon,1,113,0.3,128,4,512,226048,4,nested_depth_one_shared_v2,1.8441027350490913e-05,1.0,0.00454258918762207,1.0,12767.271586666931,277.84517795961233,nan,1.120505452156067,5.733488678711983e-06,0.0,0.0,0.8354614738687234,0.01576908491551876,0,0,1,7300,0.03750845089638108,0.8354558652068625,0.8335322806640366,8.45918524293417e-05,277.84517795961233,0.0,0.0,0.0,0.0,nan,0.0,0.0,0.0,0.0,nan
68500,stable_muon,1,113,0.3,128,4,512,226048,4,nested_depth_one_shared_v2,1.8442209693603218e-05,1.0,0.004541547503322363,1.0,12783.83411204198,277.86883217720344,nan,1.120505452156067,5.736959908649191e-06,0.0,0.0,0.8353719096649975,0.015826277434825897,0,0,1,7300,0.03738931249547225,0.8353663999505707,0.8336037108445646,8.432316263310914e-05,277.86883217720344,0.0,0.0,0.0,0.0,nan,0.0,0.0,0.0,0.0,nan
68600,stable_muon,1,113,0.3,128,4,512,226048,4,nested_depth_one_shared_v2,1.841945959313307e-05,1.0,0.004546507261693478,1.0,12800.331817292026,277.8943879667327,nan,1.120505452156067,5.731513242234423e-06,0.0,0.0,0.83557465808922,0.015878498554229736,0,0,1,7300,0.037664248067763625,0.835569127299312,0.833680034961029,8.494321781542255e-05,277.8943879667327,0.0,0.0,0.0,0.0,nan,0.0,0.0,0.0,0.0,nan
68700,stable_muon,1,113,0.3,128,4,512,226048,4,nested_depth_one_shared_v2,1.8383634596830234e-05,1.0,0.004562594927847385,1.0,12816.645164749934,277.9228269558477,nan,1.120505452156067,5.716749128146523e-06,0.0,0.0,0.8354762258322905,0.01584843173623085,0,0,1,7300,0.0368364670057222,0.8354705815784863,0.8337657951590662,8.3076344303705e-05,277.9228269558477,0.0,0.0,0.0,0.0,nan,0.0,0.0,0.0,0.0,nan
68800,stable_muon,1,113,0.3,128,4,512,226048,4,nested_depth_one_shared_v2,1.8357986846240237e-05,1.0,0.004581117071211338,1.0,12833.122199542006,277.9370253293133,nan,1.120505452156067,5.711483883040619e-06,0.0,0.0,0.8354034240086757,0.015889305621385574,0,0,1,7300,0.03678101698811034,0.8353977057505048,0.8338087309529264,8.295128929356916e-05,277.9370253293133,0.0,0.0,0.0,0.0,nan,0.0,0.0,0.0,0.0,nan
68900,stable_muon,1,113,0.3,128,4,512,226048,4,nested_depth_one_shared_v2,1.8337696019443683e-05,1.0,0.004607783164829016,1.0,12849.601183124934,277.9367317735034,nan,1.120505452156067,5.711069112387248e-06,0.0,0.0,0.8353494072395289,0.015872223302721977,0,0,1,7300,0.03765521098796104,0.8353437486899296,0.8338081273580006,8.492283671988852e-05,277.9367317735034,0.0,0.0,0.0,0.0,nan,0.0,0.0,0.0,0.0,nan
69000,stable_muon,1,113,0.3,128,4,512,226048,4,nested_depth_one_shared_v2,1.831814915931318e-05,1.0,0.004633378703147173,1.0,12866.23616108403,277.92841412326527,nan,1.120505452156067,5.69888785459678e-06,0.0,0.0,0.8353550519132394,0.01593356393277645,0,0,1,7300,0.037357778818040296,0.8353495216474098,0.833783041717784,8.425204553485181e-05,277.92841412326527,0.0,0.0,0.0,0.0,nan,0.0,0.0,0.0,0.0,nan
69100,stable_muon,1,113,0.3,128,4,512,226048,4,nested_depth_one_shared_v2,1.8302462194697e-05,1.0,0.004664769861847162,1.0,12884.00106929196,277.9197230519054,nan,1.120505452156067,5.69496690947617e-06,0.0,0.0,0.8353276203912622,0.01593777909874916,0,0,1,7300,0.03711870222427465,0.8353221025385912,0.833756940605755,8.371286219200989e-05,277.9197230519054,0.0,0.0,0.0,0.0,nan,0.0,0.0,0.0,0.0,nan
69200,stable_muon,1,113,0.3,128,4,512,226048,4,nested_depth_one_shared_v2,1.8278093193657696e-05,1.0,0.004682392347604036,1.0,12901.928857833962,277.9196369219293,nan,1.120505452156067,5.6848754115162414e-06,0.0,0.0,0.8353470353618457,0.01599852927029133,0,0,1,7300,0.03716105230742793,0.8353415226061196,0.8337566285512062,8.380837325415344e-05,277.9196369219293,0.0,0.0,0.0,0.0,nan,0.0,0.0,0.0,0.0,nan
69300,stable_muon,1,113,0.3,128,4,512,226048,4,nested_depth_one_shared_v2,1.8271772205480374e-05,1.0,0.004675649106502533,1.0,12918.610665166983,277.9155966231261,nan,1.120505452156067,5.678727150490011e-06,0.0,0.0,0.8351948335336871,0.01610489748418331,0,0,1,7300,0.03638076473525794,0.8351891582160219,0.8337448272141152,8.204861059853756e-05,277.9155966231261,0.0,0.0,0.0,0.0,nan,0.0,0.0,0.0,0.0,nan
69400,stable_muon,1,113,0.3,128,4,512,226048,4,nested_depth_one_shared_v2,1.8275757611263543e-05,1.0,0.0046757846139371395,1.0,12935.936650749994,277.9034294086724,nan,1.120505452156067,5.6795407008332e-06,0.0,0.0,0.835131463889883,0.016043316572904587,0,0,1,7300,0.03659066266049499,0.835125926798122,0.8337084338008955,8.252198803462332e-05,277.9034294086724,0.0,0.0,0.0,0.0,nan,0.0,0.0,0.0,0.0,nan
69500,stable_muon,1,113,0.3,128,4,512,226048,4,nested_depth_one_shared_v2,1.8285778423887677e-05,1.0,0.004664075560867786,1.0,12954.70774545893,277.8923182144407,nan,1.120505452156067,5.690624161396431e-06,0.0,0.0,0.835166164561711,0.016027064993977547,0,0,1,7300,0.03761117961366595,0.8351605484097228,0.8336750317270919,8.482353388472423e-05,277.8923182144407,0.0,0.0,0.0,0.0,nan,0.0,0.0,0.0,0.0,nan
69600,stable_muon,1,113,0.3,128,4,512,226048,4,nested_depth_one_shared_v2,1.8312422980670817e-05,1.0,0.004667114466428757,1.0,12975.003614292014,277.8820812520155,nan,1.120505452156067,5.693080796046512e-06,0.0,0.0,0.8351818038276935,0.015981364995241165,0,0,1,7300,0.03677417107890051,0.8351762582130425,0.8336440689711819,8.293584988917407e-05,277.8820812520155,0.0,0.0,0.0,0.0,nan,0.0,0.0,0.0,0.0,nan
69700,stable_muon,1,113,0.3,128,4,512,226048,4,nested_depth_one_shared_v2,1.8325621567782946e-05,1.0,0.004667813424021006,1.0,12995.531818541931,277.885716311564,nan,1.120505452156067,5.701260441051001e-06,0.0,0.0,0.8354398912135022,0.015861447900533676,0,0,1,7300,0.03754165014973348,0.8354343778036925,0.833654331390365,8.466672585848195e-05,277.885716311564,0.0,0.0,0.0,0.0,nan,0.0,0.0,0.0,0.0,nan
69800,stable_muon,1,113,0.3,128,4,512,226048,4,nested_depth_one_shared_v2,1.834441900427919e-05,1.0,0.004670943599194288,1.0,13020.251918166992,277.8940897515598,nan,1.120505452156067,5.704314973255661e-06,0.0,0.0,0.8353303813418452,0.015858270227909088,0,0,1,7300,0.037010362448555614,0.8353250034224369,0.8336797858978778,8.346852625968438e-05,277.8940897515598,0.0,0.0,0.0,0.0,nan,0.0,0.0,0.0,0.0,nan
69900,stable_muon,1,113,0.3,128,4,512,226048,4,nested_depth_one_shared_v2,1.8354596249992028e-05,1.0,0.004666705150157213,1.0,13038.459986374946,277.9116102956216,nan,1.120505452156067,5.711191325241652e-06,0.0,0.0,0.8353767839991675,0.015945419669151306,0,0,1,7300,0.036117185251478806,0.8353713043774013,0.8337322487383635,8.145416651294091e-05,277.9116102956216,0.0,0.0,0.0,0.0,nan,0.0,0.0,0.0,0.0,nan
70000,stable_muon,1,113,0.3,128,4,512,226048,4,nested_depth_one_shared_v2,1.8365459254710004e-05,1.0,0.004677540622651577,1.0,13055.626935709035,277.92971304917353,nan,1.120505452156067,5.709954939391225e-06,0.0,0.0,0.8355258247259582,0.015941593796014786,0,0,1,7300,0.03585920892861987,0.8355203609264172,0.8337862377649944,8.087235909322546e-05,277.92971304917353,0.0,0.0,0.0,0.0,nan,0.0,0.0,0.0,0.0,nan
70100,stable_muon,1,113,0.3,128,4,512,226048,4,nested_depth_one_shared_v2,1.837959098338615e-05,1.0,0.004689647350460291,1.0,13072.70380262495,277.9521573702793,nan,1.120505452156067,5.717446771919027e-06,0.0,0.0,0.835495061626334,0.01590144820511341,0,0,1,7300,0.03639138311723516,0.8354894188827657,0.8338539360182198,8.207255796452548e-05,277.9521573702793,0.0,0.0,0.0,0.0,nan,0.0,0.0,0.0,0.0,nan
70200,stable_muon,1,113,0.3,128,4,512,226048,4,nested_depth_one_shared_v2,1.8392785932519473e-05,1.0,0.004707999061793089,1.0,13089.530234750011,277.97935980092007,nan,1.120505452156067,5.720266158458361e-06,0.0,0.0,0.8357908456615061,0.01591666415333748,0,0,1,7300,0.03657222187852445,0.8357851436702957,0.8339349211788665,8.248039900948756e-05,277.97935980092007,0.0,0.0,0.0,0.0,nan,0.0,0.0,0.0,0.0,nan
70300,stable_muon,1,113,0.3,128,4,512,226048,4,nested_depth_one_shared_v2,1.840744516812265e-05,1.0,0.004697868600487709,1.0,13106.080671958975,278.00707485677026,nan,1.120505452156067,5.725077122771573e-06,0.0,0.0,0.8358207954460816,0.015919793397188187,0,0,1,7300,0.03660705572808014,0.835815349338383,0.8340182303365384,8.255895890174492e-05,278.00707485677026,0.0,0.0,0.0,0.0,nan,0.0,0.0,0.0,0.0,nan
70400,stable_muon,1,113,0.3,128,4,512,226048,4,nested_depth_one_shared_v2,1.84080363396788e-05,1.0,0.004672509152442217,1.0,13122.810820583953,278.04034263541286,nan,1.120505452156067,5.721782660629277e-06,0.0,0.0,0.8361086407659151,0.015829432755708694,0,0,1,7300,0.03656300377107843,0.8361030551923039,0.8341174609025139,8.245960964692747e-05,278.04034263541286,0.0,0.0,0.0,0.0,nan,0.0,0.0,0.0,0.0,nan
70500,stable_muon,1,113,0.3,128,4,512,226048,4,nested_depth_one_shared_v2,1.839421565819066e-05,1.0,0.004662551451474428,1.0,13139.17409066693,278.08233950606103,nan,1.120505452156067,5.716234039338068e-06,0.0,0.0,0.8361562507675981,0.015780411660671234,0,0,1,7300,0.036231083353862575,0.8361506399928552,0.8342436441842169,8.171103799759504e-05,278.08233950606103,0.0,0.0,0.0,0.0,nan,0.0,0.0,0.0,0.0,nan
70600,stable_muon,1,113,0.3,128,4,512,226048,4,nested_depth_one_shared_v2,1.838569005485624e-05,1.0,0.004654398653656244,1.0,13156.058600499993,278.11993935729123,nan,1.120505452156067,5.711826002073492e-06,0.0,0.0,0.8362063263014037,0.015765419229865074,0,0,1,7300,0.036414514152640506,0.8362006570019016,0.8343566567151034,8.212472479857983e-05,278.11993935729123,0.0,0.0,0.0,0.0,nan,0.0,0.0,0.0,0.0,nan
70700,stable_muon,1,113,0.3,128,4,512,226048,4,nested_depth_one_shared_v2,1.8375823856331408e-05,1.0,0.004659399855881929,1.0,13173.429319208954,278.15439922515066,nan,1.120505452156067,5.7084284694956e-06,0.0,0.0,0.836419676515071,0.01586291380226612,0,0,1,7300,0.03626469482981939,0.8364139607811115,0.8344596849332081,8.178684110185881e-05,278.15439922515066,0.0,0.0,0.0,0.0,nan,0.0,0.0,0.0,0.0,nan
70800,stable_muon,1,113,0.3,128,4,512,226048,4,nested_depth_one_shared_v2,1.835879811551422e-05,1.0,0.004669219255447388,1.0,13190.71040916699,278.19631614282736,nan,1.120505452156067,5.706819355260324e-06,0.0,0.0,0.8365949495586144,0.015790019184350967,0,0,1,7300,0.03600622569560923,0.8365894182084227,0.8345852518344398,8.120392225727504e-05,278.19631614282736,0.0,0.0,0.0,0.0,nan,0.0,0.0,0.0,0.0,nan
70900,stable_muon,1,113,0.3,128,4,512,226048,4,nested_depth_one_shared_v2,1.83443225978408e-05,1.0,0.00466974638402462,1.0,13207.839831750025,278.2455154268508,nan,1.120505452156067,5.707044938158866e-06,0.0,0.0,0.836796490613859,0.015796883031725883,0,0,1,7300,0.036576786319978995,0.8367908909337637,0.8347327611888024,8.249069307785663e-05,278.2455154268508,0.0,0.0,0.0,0.0,nan,0.0,0.0,0.0,0.0,nan
71000,stable_muon,1,113,0.3,128,4,512,226048,4,nested_depth_one_shared_v2,1.832646012189798e-05,1.0,0.004682017955929041,1.0,13224.796184708946,278.2906388229744,nan,1.120505452156067,5.696104643094287e-06,0.0,0.0,0.8368455382151002,0.015767434611916542,0,0,1,7300,0.036125065635083414,0.8368400342558505,0.8348683320687668,8.147193894104809e-05,278.2906388229744,0.0,0.0,0.0,0.0,nan,0.0,0.0,0.0,0.0,nan
71100,stable_muon,1,113,0.3,128,4,512,226048,4,nested_depth_one_shared_v2,1.830252404033672e-05,1.0,0.004706771112978458,1.0,13242.870814958937,278.3330377818404,nan,1.120505452156067,5.6901925200882246e-06,0.0,0.0,0.8370160940867268,0.01577761024236679,0,0,1,7300,0.03694329502381712,0.8370104329272273,0.8349955056853551,8.331727080762726e-05,278.3330377818404,0.0,0.0,0.0,0.0,nan,0.0,0.0,0.0,0.0,nan
71200,stable_muon,1,113,0.3,128,4,512,226048,4,nested_depth_one_shared_v2,1.8288859791937284e-05,1.0,0.0047072116285562515,1.0,13260.882740749978,278.3663354089465,nan,1.120505452156067,5.689074375934691e-06,0.0,0.0,0.8370965679820593,0.01572885736823082,0,0,1,7300,0.03749359838661286,0.8370911020371091,0.8350955298356055,8.45583559429635e-05,278.3663354089465,0.0,0.0,0.0,0.0,nan,0.0,0.0,0.0,0.0,nan
71300,stable_muon,1,113,0.3,128,4,512,226048,4,nested_depth_one_shared_v2,1.8252505469718017e-05,1.0,0.004694536793977022,1.0,13277.847578666988,278.40603433122925,nan,1.120505452156067,5.674910743055535e-06,0.0,0.0,0.837137588019302,0.015761857852339745,0,0,1,7300,0.03742242317271976,0.8371319141689247,0.8352148527794827,8.43978362988197e-05,278.40603433122925,0.0,0.0,0.0,0.0,nan,0.0,0.0,0.0,0.0,nan
71400,stable_muon,1,113,0.3,128,4,512,226048,4,nested_depth_one_shared_v2,1.823921593313571e-05,1.0,0.004690772853791714,1.0,13295.16617500002,278.4294918276683,nan,1.120505452156067,5.6744869640371544e-06,0.0,0.0,0.8370642341658097,0.01573842391371727,0,0,1,7300,0.03793157844789011,0.837058688222618,0.8352857270024592,8.554612120186235e-05,278.4294918276683,0.0,0.0,0.0,0.0,nan,0.0,0.0,0.0,0.0,nan
71500,stable_muon,1,113,0.3,128,4,512,226048,4,nested_depth_one_shared_v2,1.8225147869088687e-05,1.0,0.004685206804424524,1.0,13313.83168212499,278.4491095537945,nan,1.120505452156067,5.666500992385239e-06,0.0,0.0,0.8370202182016294,0.015662159770727158,0,0,1,7300,0.037380524044526055,0.8370146326106912,0.8353448157705905,8.430334226389218e-05,278.4491095537945,0.0,0.0,0.0,0.0,nan,0.0,0.0,0.0,0.0,nan
71600,stable_muon,1,113,0.3,128,4,512,226048,4,nested_depth_one_shared_v2,1.8217990145785734e-05,1.0,0.004677238408476114,1.0,13331.871369583998,278.46170494718854,nan,1.120505452156067,5.668328365740608e-06,0.0,0.0,0.8371994198896879,0.01572192832827568,0,0,1,7300,0.038395910509320307,0.8371937434729014,0.8353823138581906,8.659331745444087e-05,278.46170494718854,0.0,0.0,0.0,0.0,nan,0.0,0.0,0.0,0.0,nan
71700,stable_muon,1,113,0.3,128,4,512,226048,4,nested_depth_one_shared_v2,1.8206381355412304e-05,1.0,0.004649005830287933,1.0,13351.207046166994,278.47013681837893,nan,1.120505452156067,5.6615115774299614e-06,0.0,0.0,0.8369859190572626,0.01563710719347,0,0,1,7300,0.03756042133496507,0.8369802850833372,0.8354082153183047,8.470906003366347e-05,278.47013681837893,0.0,0.0,0.0,0.0,nan,0.0,0.0,0.0,0.0,nan
71800,stable_muon,1,113,0.3,128,4,512,226048,4,nested_depth_one_shared_v2,1.8216216631117277e-05,1.0,0.004630028735846281,1.0,13369.034983583959,278.4625193086848,nan,1.120505452156067,5.666863571761606e-06,0.0,0.0,0.8369037794102564,0.015752805396914482,0,0,1,7300,0.038195014561407746,0.8368981028764623,0.8353856280330147,8.614024194816578e-05,278.4625193086848,0.0,0.0,0.0,0.0,nan,0.0,0.0,0.0,0.0,nan
71900,stable_muon,1,113,0.3,128,4,512,226048,4,nested_depth_one_shared_v2,1.821182740968652e-05,1.0,0.004606083035469055,1.0,13386.84078233398,278.4533828330779,nan,1.120505452156067,5.6608668425875614e-06,0.0,0.0,0.8368352597374414,0.01566893421113491,0,0,1,7300,0.037102425012577656,0.8368297741661517,0.8353581943135563,8.367615261171724e-05,278.4533828330779,0.0,0.0,0.0,0.0,nan,0.0,0.0,0.0,0.0,nan
72000,stable_muon,1,113,0.3,128,4,512,226048,4,nested_depth_one_shared_v2,1.8204356820206158e-05,1.0,0.004578227177262306,1.0,13404.189310749993,278.44808552482135,nan,1.120505452156067,5.663581285777251e-06,0.0,0.0,0.8368879408468662,0.015678977593779564,0,0,1,7300,0.03777452519598302,0.8368822909296344,0.8353421865878905,8.519192300941835e-05,278.44808552482135,0.0,0.0,0.0,0.0,nan,0.0,0.0,0.0,0.0,nan
72100,stable_muon,1,113,0.3,128,4,512,226048,4,nested_depth_one_shared_v2,1.8205540982307866e-05,1.0,0.0045638373121619225,1.0,13421.888509916957,278.44914829031933,nan,1.120505452156067,5.659891418606811e-06,0.0,0.0,0.8368753606289604,0.015682518482208252,0,0,1,7300,0.03742160181023193,0.8368697540462923,0.8353453746247154,8.439598390095465e-05,278.44914829031933,0.0,0.0,0.0,0.0,nan,0.0,0.0,0.0,0.0,nan
72200,stable_muon,1,113,0.3,128,4,512,226048,4,nested_depth_one_shared_v2,1.819181488826871e-05,1.0,0.004542178474366665,1.0,13440.310858999961,278.4460248652836,nan,1.120505452156067,5.6632883195714806e-06,0.0,0.0,0.8369200591457314,0.015731947496533394,0,0,1,7300,0.03867496917977637,0.8369145683640814,0.8353360122989777,8.722267135486082e-05,278.4460248652836,0.0,0.0,0.0,0.0,nan,0.0,0.0,0.0,0.0,nan
72300,stable_muon,1,113,0.3,128,4,512,226048,4,nested_depth_one_shared_v2,1.8194989024777897e-05,1.0,0.004535144194960594,1.0,13458.961810459034,278.44042348155716,nan,1.120505452156067,5.658619628165311e-06,0.0,0.0,0.8368879403978637,0.015670986846089363,0,0,1,7300,0.03834452665920594,0.8368823539199147,0.8353192089569106,8.64774327681302e-05,278.44042348155716,0.0,0.0,0.0,0.0,nan,0.0,0.0,0.0,0.0,nan
72400,stable_muon,1,113,0.3,128,4,512,226048,4,nested_depth_one_shared_v2,1.8207034372608177e-05,1.0,0.0045281327329576015,1.0,13477.811093291966,278.4288938037159,nan,1.120505452156067,5.666792749296624e-06,0.0,0.0,0.8368305220927352,0.01563970372080803,0,0,1,7300,0.03874332069435366,0.8368248953364753,0.835284744182105,8.737682278197299e-05,278.4288938037159,0.0,0.0,0.0,0.0,nan,0.0,0.0,0.0,0.0,nan
72500,stable_muon,1,113,0.3,128,4,512,226048,4,nested_depth_one_shared_v2,1.8210239431937225e-05,1.0,0.004536384716629982,1.0,13496.122602124931,278.41724103854546,nan,1.120505452156067,5.665782136779045e-06,0.0,0.0,0.8367205385531626,0.01569565199315548,0,0,1,7300,0.03863181152775442,0.836714871736872,0.8352499967842568,8.712533900324962e-05,278.41724103854546,0.0,0.0,0.0,0.0,nan,0.0,0.0,0.0,0.0,nan
72600,stable_muon,1,113,0.3,128,4,512,226048,4,nested_depth_one_shared_v2,1.8200622434960678e-05,1.0,0.004539907444268465,1.0,13513.284558541956,278.4078786912086,nan,1.120505452156067,5.662701352200407e-06,0.0,0.0,0.836701289854864,0.015703639015555382,0,0,1,7300,0.03868019383063041,0.836695755474788,0.8352218895091733,8.723445437664598e-05,278.4078786912086,0.0,0.0,0.0,0.0,nan,0.0,0.0,0.0,0.0,nan
72700,stable_muon,1,113,0.3,128,4,512,226048,4,nested_depth_one_shared_v2,1.8195112716057338e-05,1.0,0.004516788758337498,1.0,13530.694447583985,278.3925032224994,nan,1.120505452156067,5.667189989024092e-06,0.0,0.0,0.8367162964251506,0.01564764976501465,0,0,1,7300,0.03896318068435819,0.8367105504688973,0.8351756190693379,8.787266740858683e-05,278.3925032224994,0.0,0.0,0.0,0.0,nan,0.0,0.0,0.0,0.0,nan
72800,stable_muon,1,113,0.3,128,4,512,226048,4,nested_depth_one_shared_v2,1.81942723429529e-05,1.0,0.004480617120862007,1.0,13549.571225584019,278.3811146989632,nan,1.120505452156067,5.662207750997684e-06,0.0,0.0,0.8366430903776173,0.01567448489367962,0,0,1,7300,0.03849411493805636,0.8366377062300863,0.8351415049494477,8.681479539727826e-05,278.3811146989632,0.0,0.0,0.0,0.0,nan,0.0,0.0,0.0,0.0,nan
72900,stable_muon,1,113,0.3,128,4,512,226048,4,nested_depth_one_shared_v2,1.817357406252995e-05,1.0,0.004457511007785797,1.0,13567.565216416959,278.37794767171306,nan,1.120505452156067,5.651755072297885e-06,0.0,0.0,0.8366513748225635,0.015627916902303696,0,0,1,7300,0.03810802445744928,0.8366457056480042,0.8351318980225653,8.594405538591088e-05,278.37794767171306,0.0,0.0,0.0,0.0,nan,0.0,0.0,0.0,0.0,nan
73000,stable_muon,1,113,0.3,128,4,512,226048,4,nested_depth_one_shared_v2,1.8173699572798796e-05,1.0,0.004437902942299843,1.0,13584.889104416943,278.36444886734154,nan,1.120505452156067,5.653641545774668e-06,0.0,0.0,0.8364680476690528,0.015671420842409134,0,0,1,7300,0.038077171979271844,0.8364624141048428,0.8350918279302012,8.58744745789542e-05,278.36444886734154,0.0,0.0,0.0,0.0,nan,0.0,0.0,0.0,0.0,nan
73100,stable_muon,1,113,0.3,128,4,512,226048,4,nested_depth_one_shared_v2,1.8181946870754473e-05,1.0,0.00442908052355051,1.0,13602.700870416942,278.3460419599815,nan,1.120505452156067,5.6563017557069245e-06,0.0,0.0,0.8363628239060323,0.015585189685225487,0,0,1,7300,0.03815511102402611,0.8363571329446008,0.835036768928876,8.605024851828725e-05,278.3460419599815,0.0,0.0,0.0,0.0,nan,0.0,0.0,0.0,0.0,nan
73200,stable_muon,1,113,0.3,128,4,512,226048,4,nested_depth_one_shared_v2,1.8188888134318404e-05,1.0,0.0044248574413359165,1.0,13619.699928166927,278.3256148614322,nan,1.120505452156067,5.662139496839597e-06,0.0,0.0,0.8361161343541883,0.015594189055263996,0,0,1,7300,0.0375743626471984,0.8361105459574982,0.8349759672265982,8.474050151948678e-05,278.3256148614322,0.0,0.0,0.0,0.0,nan,0.0,0.0,0.0,0.0,nan
73300,stable_muon,1,113,0.3,128,4,512,226048,4,nested_depth_one_shared_v2,1.8197290046373382e-05,1.0,0.004410904832184315,1.0,13637.405728333979,278.3028500928531,nan,1.120505452156067,5.667375777696456e-06,0.0,0.0,0.8363911434956599,0.015611506067216396,0,0,1,7300,0.03827142421950536,0.8363854964036163,0.8349067336640864,8.631256670078821e-05,278.3028500928531,0.0,0.0,0.0,0.0,nan,0.0,0.0,0.0,0.0,nan
73400,stable_muon,1,113,0.3,128,4,512,226048,4,nested_depth_one_shared_v2,1.8186086890636943e-05,1.0,0.0044074635952711105,1.0,13654.726575208944,278.29260453210935,nan,1.120505452156067,5.658664463771825e-06,0.0,0.0,0.836337020779857,0.01560842152684927,0,0,1,7300,0.03688123101494704,0.8363314894737484,0.8348758795118456,8.317729943173613e-05,278.29260453210935,0.0,0.0,0.0,0.0,nan,0.0,0.0,0.0,0.0,nan
73500,stable_muon,1,113,0.3,128,4,512,226048,4,nested_depth_one_shared_v2,1.817319935071282e-05,1.0,0.004418816417455673,1.0,13673.81844254199,278.28800903664296,nan,1.120505452156067,5.662587190921732e-06,0.0,0.0,0.8364059938099216,0.01558749657124281,0,0,1,7300,0.037987412564709756,0.83640032610259,0.8348619928047586,8.567204246114277e-05,278.28800903664296,0.0,0.0,0.0,0.0,nan,0.0,0.0,0.0,0.0,nan
73600,stable_muon,1,113,0.3,128,4,512,226048,4,nested_depth_one_shared_v2,1.8154183635488153e-05,1.0,0.004430833272635937,1.0,13692.033931041951,278.29158246462964,nan,1.120505452156067,5.650244620320101e-06,0.0,0.0,0.8365171020860082,0.015549841336905956,0,0,1,7300,0.037451366825239016,0.836511385016188,0.8348723379039479,8.446311217996549e-05,278.29158246462964,0.0,0.0,0.0,0.0,nan,0.0,0.0,0.0,0.0,nan
73700,stable_muon,1,113,0.3,128,4,512,226048,4,nested_depth_one_shared_v2,1.812081791285891e-05,1.0,0.004445263650268316,1.0,13710.086786416941,278.3111538578626,nan,1.120505452156067,5.632744818660267e-06,0.0,0.0,0.8366175752838518,0.015636952593922615,0,0,1,7300,0.037242279452510844,0.836611932895923,0.834930897720054,8.399156276227503e-05,278.3111538578626,0.0,0.0,0.0,0.0,nan,0.0,0.0,0.0,0.0,nan
73800,stable_muon,1,113,0.3,128,4,512,226048,4,nested_depth_one_shared_v2,1.809897003113292e-05,1.0,0.0044772387482225895,1.0,13727.157649458968,278.32804100039414,nan,1.120505452156067,5.629718718634979e-06,0.0,0.0,0.8366034278268784,0.015503868460655212,0,0,1,7300,0.03831334036319614,0.8365978580138603,0.8349818995514995,8.640709911033222e-05,278.32804100039414,0.0,0.0,0.0,0.0,nan,0.0,0.0,0.0,0.0,nan
73900,stable_muon,1,113,0.3,128,4,512,226048,4,nested_depth_one_shared_v2,1.8085522242472507e-05,1.0,0.004511722829192877,1.0,13745.59479141701,278.3434650532671,nan,1.120505452156067,5.6255084192721635e-06,0.0,0.0,0.8367703609709666,0.01550271362066269,0,0,1,7300,0.038554782168639515,0.8367648485136666,0.8350278409289311,8.695161665473207e-05,278.3434650532671,0.0,0.0,0.0,0.0,nan,0.0,0.0,0.0,0.0,nan
74000,stable_muon,1,113,0.3,128,4,512,226048,4,nested_depth_one_shared_v2,1.809062814572826e-05,1.0,0.004549558274447918,1.0,13762.565856624977,278.35149555825825,nan,1.120505452156067,5.628246964006662e-06,0.0,0.0,0.8367653107585021,0.0154113182798028,0,0,1,7300,0.03943561229949728,0.8367598873079733,0.8350521433665783,8.893813037801747e-05,278.35149555825825,0.0,0.0,0.0,0.0,nan,0.0,0.0,0.0,0.0,nan
74100,stable_muon,1,113,0.3,128,4,512,226048,4,nested_depth_one_shared_v2,1.8091686797561124e-05,1.0,0.004573952406644821,1.0,13780.024938834016,278.3553803059738,nan,1.120505452156067,5.621998881556602e-06,0.0,0.0,0.836826577908091,0.015399627387523651,0,0,1,7300,0.03946107047705158,0.8368210130885666,0.8350636520086916,8.899554555639268e-05,278.3553803059738,0.0,0.0,0.0,0.0,nan,0.0,0.0,0.0,0.0,nan
74200,stable_muon,1,113,0.3,128,4,512,226048,4,nested_depth_one_shared_v2,1.8078673747368157e-05,1.0,0.004595558159053326,1.0,13798.320535124978,278.3684293598283,nan,1.120505452156067,5.624561386812462e-06,0.0,0.0,0.8368190506313838,0.015304088592529297,0,0,1,7300,0.04048814031893124,0.8368134592973397,0.8351030873465486,9.131186996922771e-05,278.3684293598283,0.0,0.0,0.0,0.0,nan,0.0,0.0,0.0,0.0,nan
74300,stable_muon,1,113,0.3,128,4,512,226048,4,nested_depth_one_shared_v2,1.8071579688694328e-05,1.0,0.004589743912220001,1.0,13815.702303249971,278.37529318839745,nan,1.120505452156067,5.6210999512520836e-06,0.0,0.0,0.8367613483386459,0.015368225984275341,0,0,1,7300,0.03963948636524238,0.8367556973013194,0.8351237928606041,8.939792235746559e-05,278.37529318839745,0.0,0.0,0.0,0.0,nan,0.0,0.0,0.0,0.0,nan
74400,stable_muon,1,113,0.3,128,4,512,226048,4,nested_depth_one_shared_v2,1.8062179151456803e-05,1.0,0.004606383852660656,1.0,13833.228668667027,278.38496678821593,nan,1.120505452156067,5.6186384672540275e-06,0.0,0.0,0.836819273781226,0.015369139611721039,0,0,1,7300,0.03928249332594193,0.836813615464363,0.8351526758339941,8.859280506317286e-05,278.38496678821593,0.0,0.0,0.0,0.0,nan,0.0,0.0,0.0,0.0,nan
74500,stable_muon,1,113,0.3,128,4,512,226048,4,nested_depth_one_shared_v2,1.8043410818791017e-05,1.0,0.004604490473866463,1.0,13850.147019749973,278.39681627502017,nan,1.120505452156067,5.610711050139873e-06,0.0,0.0,0.8368224666908218,0.015313069336116314,0,0,1,7300,0.03836130156467459,0.8368169222754451,0.8351881929249588,8.651526478448941e-05,278.39681627502017,0.0,0.0,0.0,0.0,nan,0.0,0.0,0.0,0.0,nan
74600,stable_muon,1,113,0.3,128,4,512,226048,4,nested_depth_one_shared_v2,1.8025300960289314e-05,1.0,0.004607080947607756,1.0,13867.57542541693,278.40997762756524,nan,1.120505452156067,5.6088171507587765e-06,0.0,0.0,0.8370207867715329,0.015230251476168633,0,0,1,7300,0.038581972414808305,0.8370151268003105,0.835227228779995,8.701293812326676e-05,278.40997762756524,0.0,0.0,0.0,0.0,nan,0.0,0.0,0.0,0.0,nan
74700,stable_muon,1,113,0.3,128,4,512,226048,4,nested_depth_one_shared_v2,1.800503559934441e-05,1.0,0.004616895224899054,1.0,13885.302148542018,278.4273910074234,nan,1.120505452156067,5.605673629119678e-06,0.0,0.0,0.837152236391086,0.01525198109447956,0,0,1,7300,0.038606369227313246,0.8371465912055881,0.8352792332249401,8.706795963212261e-05,278.4273910074234,0.0,0.0,0.0,0.0,nan,0.0,0.0,0.0,0.0,nan
74800,stable_muon,1,113,0.3,128,4,512,226048,4,nested_depth_one_shared_v2,1.797892400645651e-05,1.0,0.004614405799657106,1.0,13904.327287708991,278.4513376675865,nan,1.120505452156067,5.6003854679891e-06,0.0,0.0,0.8373048738761936,0.015231742523610592,0,0,1,7300,0.038939531647813594,0.837299337738085,0.8353508753611113,8.781933233977786e-05,278.4513376675865,0.0,0.0,0.0,0.0,nan,0.0,0.0,0.0,0.0,nan
74900,stable_muon,1,113,0.3,128,4,512,226048,4,nested_depth_one_shared_v2,1.795411662897095e-05,1.0,0.004613059107214212,1.0,13923.804015291971,278.4797169903713,nan,1.120505452156067,5.586461160175284e-06,0.0,0.0,0.8372369383356285,0.015231152065098286,0,0,1,7300,0.037321211293910715,0.8372310971631446,0.835436254020222,8.416957573055568e-05,278.4797169903713,0.0,0.0,0.0,0.0,nan,0.0,0.0,0.0,0.0,nan
75000,stable_muon,1,113,0.3,128,4,512,226048,4,nested_depth_one_shared_v2,1.7940110410563648e-05,1.0,0.004609593190252781,1.0,13942.065011166967,278.50157379614546,nan,1.120505452156067,5.581874565565133e-06,0.0,0.0,0.8371536856606575,0.015231509692966938,0,0,1,7300,0.03703446750306093,0.8371479329834735,0.8355022344314086,8.35228897741667e-05,278.50157379614546,0.0,0.0,0.0,0.0,nan,0.0,0.0,0.0,0.0,nan
75100,stable_muon,1,113,0.3,128,4,512,226048,4,nested_depth_one_shared_v2,1.7922960978467017e-05,1.0,0.0046164486557245255,1.0,13960.691139042028,278.5221006463843,nan,1.120505452156067,5.575569247523827e-06,0.0,0.0,0.8373586258362808,0.015205330215394497,0,0,1,7300,0.037413276770206005,0.8373531389150185,0.8355634323671081,8.437720865056411e-05,278.5221006463843,0.0,0.0,0.0,0.0,nan,0.0,0.0,0.0,0.0,nan
75200,stable_muon,1,113,0.3,128,4,512,226048,4,nested_depth_one_shared_v2,1.7914027921506204e-05,1.0,0.004622439853847027,1.0,13978.858705500024,278.5380895842912,nan,1.120505452156067,5.573269436417499e-06,0.0,0.0,0.8374025408639298,0.01523824967443943,0,0,1,7300,0.037343981758050544,0.8373970376820675,0.8356114020048367,8.422092937743343e-05,278.5380895842912,0.0,0.0,0.0,0.0,nan,0.0,0.0,0.0,0.0,nan
75300,stable_muon,1,113,0.3,128,4,512,226048,4,nested_depth_one_shared_v2,1.7905405911733396e-05,1.0,0.004617862869054079,1.0,13996.039605999948,278.5506661432215,nan,1.120505452156067,5.569002137609559e-06,0.0,0.0,0.8372490134036684,0.015128382481634617,0,0,1,7300,0.037939855388836194,0.8372436032833727,0.8356497884734306,8.55647879756252e-05,278.5506661432215,0.0,0.0,0.0,0.0,nan,0.0,0.0,0.0,0.0,nan
75400,stable_muon,1,113,0.3,128,4,512,226048,4,nested_depth_one_shared_v2,1.7892894902615808e-05,1.0,0.0046256473287940025,1.0,14013.498443458928,278.56135733199807,nan,1.120505452156067,5.568700635371689e-06,0.0,0.0,0.8373231813545549,0.015090510249137878,0,0,1,7300,0.038055527551646456,0.8373177480425613,0.8356817508813005,8.582566045350119e-05,278.56135733199807,0.0,0.0,0.0,0.0,nan,0.0,0.0,0.0,0.0,nan
75500,stable_muon,1,113,0.3,128,4,512,226048,4,nested_depth_one_shared_v2,1.7883057807921432e-05,1.0,0.004632581491023302,1.0,14030.320102583966,278.56383539435984,nan,1.120505452156067,5.5695414246512185e-06,0.0,0.0,0.8371959321134668,0.015078363008797169,0,0,1,7300,0.03847421877892625,0.8371901550221715,0.8356896496218819,8.67699240971626e-05,278.56383539435984,0.0,0.0,0.0,0.0,nan,0.0,0.0,0.0,0.0,nan
75600,stable_muon,1,113,0.3,128,4,512,226048,4,nested_depth_one_shared_v2,1.7881844541989267e-05,1.0,0.0046359882690012455,1.0,14047.063768459018,278.55319720477524,nan,1.120505452156067,5.563623835215579e-06,0.0,0.0,0.8370063084122152,0.0150667205452919,0,0,1,7300,0.03780010858992116,0.8370008175414606,0.8356581173563933,8.524962058510964e-05,278.55319720477524,0.0,0.0,0.0,0.0,nan,0.0,0.0,0.0,0.0,nan
75700,stable_muon,1,113,0.3,128,4,512,226048,4,nested_depth_one_shared_v2,1.7883152395370416e-05,1.0,0.0046166665852069855,1.0,14064.095900667016,278.5352169920209,nan,1.120505452156067,5.566534589915127e-06,0.0,0.0,0.8370778935522044,0.014948828145861626,0,0,1,7300,0.03799785245849752,0.8370722453836094,0.8356038259179192,8.569558728727042e-05,278.5352169920209,0.0,0.0,0.0,0.0,nan,0.0,0.0,0.0,0.0,nan
75800,stable_muon,1,113,0.3,128,4,512,226048,4,nested_depth_one_shared_v2,1.7869304429041222e-05,1.0,0.004601931665092707,1.0,14081.105931374943,278.5252758643407,nan,1.120505452156067,5.562605747085058e-06,0.0,0.0,0.8371027882670828,0.014921479858458042,0,0,1,7300,0.03791716582049468,0.8370972253887078,0.8355738264311191,8.551361677097767e-05,278.5252758643407,0.0,0.0,0.0,0.0,nan,0.0,0.0,0.0,0.0,nan
75900,stable_muon,1,113,0.3,128,4,512,226048,4,nested_depth_one_shared_v2,1.786335815268103e-05,1.0,0.004597918130457401,1.0,14099.127034500008,278.51523120366346,nan,1.120505452156067,5.566867824870139e-06,0.0,0.0,0.8369451625950912,0.014910274185240269,0,0,1,7300,0.038108932811848635,0.8369394795001371,0.8355441033736902,8.594610397441474e-05,278.51523120366346,0.0,0.0,0.0,0.0,nan,0.0,0.0,0.0,0.0,nan
76000,stable_muon,1,113,0.3,128,4,512,226048,4,nested_depth_one_shared_v2,1.7867714632302523e-05,1.0,0.004599726293236017,1.0,14117.10753716703,278.4951845640936,nan,1.120505452156067,5.559026383978753e-06,0.0,0.0,0.8367913094616172,0.01488992664963007,0,0,1,7300,0.03637903741414547,0.8367858290454213,0.8354840141278546,8.204471501529826e-05,278.4951845640936,0.0,0.0,0.0,0.0,nan,0.0,0.0,0.0,0.0,nan
76100,stable_muon,1,113,0.3,128,4,512,226048,4,nested_depth_one_shared_v2,1.7863418179331347e-05,1.0,0.004591415170580149,1.0,14134.519448417006,278.4829286193091,nan,1.120505452156067,5.559912825527016e-06,0.0,0.0,0.8369097930324534,0.014838938601315022,0,0,1,7300,0.03634477110139498,0.8369039718882344,0.8354467750236205,8.196743507431923e-05,278.4829286193091,0.0,0.0,0.0,0.0,nan,0.0,0.0,0.0,0.0,nan
76200,stable_muon,1,113,0.3,128,4,512,226048,4,nested_depth_one_shared_v2,1.7870048395707272e-05,1.0,0.0045888847671449184,1.0,14152.297306500026,278.4726173053696,nan,1.120505452156067,5.564053539427577e-06,0.0,0.0,0.8369483081353062,0.014816456474363804,0,0,1,7300,0.03648929820283842,0.8369428196018158,0.8354156497200048,8.229338335917693e-05,278.4726173053696,0.0,0.0,0.0,0.0,nan,0.0,0.0,0.0,0.0,nan
76300,stable_muon,1,113,0.3,128,4,512,226048,4,nested_depth_one_shared_v2,1.787916880857665e-05,1.0,0.004594193771481514,1.0,14169.453686416964,278.45885205070005,nan,1.120505452156067,5.562441757085178e-06,0.0,0.0,0.8368099820041909,0.014868118800222874,0,0,1,7300,0.03638847409350435,0.8368043007973374,0.8353746339446813,8.206599731751742e-05,278.45885205070005,0.0,0.0,0.0,0.0,nan,0.0,0.0,0.0,0.0,nan
76400,stable_muon,1,113,0.3,128,4,512,226048,4,nested_depth_one_shared_v2,1.7883527107187547e-05,1.0,0.004593859426677227,1.0,14186.623481541988,278.45516651144624,nan,1.120505452156067,5.568234047015114e-06,0.0,0.0,0.8369753328585358,0.014807536266744137,0,0,1,7300,0.03713246274396916,0.8369696122142285,0.8353631439162109,8.37438959410326e-05,278.45516651144624,0.0,0.0,0.0,0.0,nan,0.0,0.0,0.0,0.0,nan
76500,stable_muon,1,113,0.3,128,4,512,226048,4,nested_depth_one_shared_v2,1.7889937225845642e-05,1.0,0.004603488836437464,1.0,14203.56062433403,278.46157361978675,nan,1.120505452156067,5.5647689018526575e-06,0.0,0.0,0.8371258856121965,0.014951779507100582,0,0,1,7300,0.03630387132516962,0.8371203162182037,0.8353818594982846,8.187519485239148e-05,278.46157361978675,0.0,0.0,0.0,0.0,nan,0.0,0.0,0.0,0.0,nan
76600,stable_muon,1,113,0.3,128,4,512,226048,4,nested_depth_one_shared_v2,1.7890124581754208e-05,1.0,0.004610993899405003,1.0,14220.582578958943,278.48108118875535,nan,1.120505452156067,5.568597435781391e-06,0.0,0.0,0.8371806638194123,0.014921204186975956,0,0,1,7300,0.03708595714101263,0.8371751486525093,0.8354404962212902,8.363901304108815e-05,278.48108118875535,0.0,0.0,0.0,0.0,nan,0.0,0.0,0.0,0.0,nan
76700,stable_muon,1,113,0.3,128,4,512,226048,4,nested_depth_one_shared_v2,1.790132955648005e-05,1.0,0.004618446342647076,1.0,14237.599062333931,278.50197116460583,nan,1.120505452156067,5.5728221583538e-06,0.0,0.0,0.8372508912439982,0.014879290945827961,0,0,1,7300,0.037226645245959804,0.8372454938450431,0.8355031615908299,8.395630333508437e-05,278.50197116460583,0.0,0.0,0.0,0.0,nan,0.0,0.0,0.0,0.0,nan
76800,stable_muon,1,113,0.3,128,4,512,226048,4,nested_depth_one_shared_v2,1.79128455783939e-05,1.0,0.004628060385584831,1.0,14254.509384416975,278.53311894263777,nan,1.120505452156067,5.583983878751521e-06,0.0,0.0,0.8375400499801788,0.014830346219241619,0,0,1,7300,0.0386546094891234,0.8375343895435912,0.8355962097426733,8.717675466392679e-05,278.53311894263777,0.0,0.0,0.0,0.0,nan,0.0,0.0,0.0,0.0,nan
76900,stable_muon,1,113,0.3,128,4,512,226048,4,nested_depth_one_shared_v2,1.792221337382216e-05,1.0,0.004631543532013893,1.0,14272.361445624963,278.56918283834136,nan,1.120505452156067,5.577380271484188e-06,0.0,0.0,0.8376554096850909,0.014719613827764988,0,0,1,7300,0.03761293044653656,0.8376497700514858,0.8357042368041725,8.482748249343185e-05,278.56918283834136,0.0,0.0,0.0,0.0,nan,0.0,0.0,0.0,0.0,nan
77000,stable_muon,1,113,0.3,128,4,512,226048,4,nested_depth_one_shared_v2,1.7937152733793482e-05,1.0,0.004645640030503273,1.0,14289.582553541986,278.60134580406145,nan,1.120505452156067,5.579848978067036e-06,0.0,0.0,0.8377328188489808,0.014727047644555569,0,0,1,7300,0.03738941940346537,0.8377275584944619,0.8358007517236404,8.432340373997872e-05,278.60134580406145,0.0,0.0,0.0,0.0,nan,0.0,0.0,0.0,0.0,nan
77100,stable_muon,1,113,0.3,128,4,512,226048,4,nested_depth_one_shared_v2,1.795934440451674e-05,1.0,0.0046617016196250916,1.0,14307.161211624974,278.6332240832473,nan,1.120505452156067,5.5961258980187374e-06,0.0,0.0,0.8375835987366153,0.014732304029166698,0,0,1,7300,0.03778468113203251,0.8375780850560172,0.835897178724136,8.52148274329029e-05,278.6332240832473,0.0,0.0,0.0,0.0,nan,0.0,0.0,0.0,0.0,nan
77200,stable_muon,1,113,0.3,128,4,512,226048,4,nested_depth_one_shared_v2,1.7953338101506233e-05,1.0,0.004678113851696253,1.0,14323.872503041988,278.67213871634124,nan,1.120505452156067,5.588783981179087e-06,0.0,0.0,0.8378273989920157,0.014680054038763046,0,0,1,7300,0.03697950174133146,0.8378214626184217,0.8360134324171032,8.339892689396856e-05,278.67213871634124,0.0,0.0,0.0,0.0,nan,0.0,0.0,0.0,0.0,nan
77300,stable_muon,1,113,0.3,128,4,512,226048,4,nested_depth_one_shared_v2,1.795324351405725e-05,1.0,0.004679524339735508,1.0,14340.459640834015,278.7163851241938,nan,1.120505452156067,5.585526278801383e-06,0.0,0.0,0.8381237406079007,0.014710456132888794,0,0,1,7300,0.03657879631675353,0.8381180277196884,0.8361456243042773,8.249522617230525e-05,278.7163851241938,0.0,0.0,0.0,0.0,nan,0.0,0.0,0.0,0.0,nan
77400,stable_muon,1,113,0.3,128,4,512,226048,4,nested_depth_one_shared_v2,1.7941509213414975e-05,1.0,0.00466935895383358,1.0,14356.419028459,278.7649112659757,nan,1.120505452156067,5.59112706840786e-06,0.0,0.0,0.8381048561657245,0.014658625237643719,0,0,1,7300,0.037179480804442264,0.8380993480817815,0.8362917771546868,8.384993457334088e-05,278.7649112659757,0.0,0.0,0.0,0.0,nan,0.0,0.0,0.0,0.0,nan
77500,stable_muon,1,113,0.3,128,4,512,226048,4,nested_depth_one_shared_v2,1.7938242308446206e-05,1.0,0.004660316742956638,1.0,14372.62964708393,278.801471660504,nan,1.120505452156067,5.586632206177766e-06,0.0,0.0,0.8381690946124182,0.014632804319262505,0,0,1,7300,0.03684784175468348,0.8381633490906983,0.8364015517315593,8.310199748485641e-05,278.801471660504,0.0,0.0,0.0,0.0,nan,0.0,0.0,0.0,0.0,nan
77600,stable_muon,1,113,0.3,128,4,512,226048,4,nested_depth_one_shared_v2,1.7925884094438516e-05,1.0,0.00466033723205328,1.0,14388.402442791965,278.84895563146904,nan,1.120505452156067,5.583579033393873e-06,0.0,0.0,0.8384351850073092,0.014662555418908596,0,0,1,7300,0.03744596321562855,0.8384295027576342,0.8365437098764471,8.445092555706238e-05,278.84895563146904,0.0,0.0,0.0,0.0,nan,0.0,0.0,0.0,0.0,nan
77700,stable_muon,1,113,0.3,128,4,512,226048,4,nested_depth_one_shared_v2,1.7900891180033796e-05,1.0,0.004657642915844917,1.0,14404.245766542037,278.90441300530574,nan,1.120505452156067,5.5846605861841535e-06,0.0,0.0,0.8386792770254529,0.01460792776197195,0,0,1,7300,0.0378377674094816,0.8386738611685548,0.836709899175981,8.533455156015099e-05,278.90441300530574,0.0,0.0,0.0,0.0,nan,0.0,0.0,0.0,0.0,nan
77800,stable_muon,1,113,0.3,128,4,512,226048,4,nested_depth_one_shared_v2,1.7871820091386326e-05,1.0,0.004668017383664846,1.0,14420.315455041942,278.96259172204134,nan,1.120505452156067,5.570819122767761e-06,0.0,0.0,0.8388110405875727,0.014563963748514652,0,0,1,7300,0.03800756386995659,0.838805582642264,0.8368845870044125,8.571748918578645e-05,278.96259172204134,0.0,0.0,0.0,0.0,nan,0.0,0.0,0.0,0.0,nan
77900,stable_muon,1,113,0.3,128,4,512,226048,4,nested_depth_one_shared_v2,1.785230779205449e-05,1.0,0.004668960813432932,1.0,14436.136452334002,279.0204934653786,nan,1.120505452156067,5.5606279574364645e-06,0.0,0.0,0.8389670086670693,0.014547846280038357,0,0,1,7300,0.03739729906734366,0.8389613950868677,0.8370582631994709,8.434117454490549e-05,279.0204934653786,0.0,0.0,0.0,0.0,nan,0.0,0.0,0.0,0.0,nan
78000,stable_muon,1,113,0.3,128,4,512,226048,4,nested_depth_one_shared_v2,1.78446189238457e-05,1.0,0.004660436883568764,1.0,14451.88419308397,279.0809433613348,nan,1.120505452156067,5.569785847382949e-06,0.0,0.0,0.8391158921188704,0.014520309865474701,0,0,1,7300,0.03782625335460962,0.8391105376705974,0.8372397672868045,8.5308584205933e-05,279.0809433613348,0.0,0.0,0.0,0.0,nan,0.0,0.0,0.0,0.0,nan
78100,stable_muon,1,113,0.3,128,4,512,226048,4,nested_depth_one_shared_v2,1.7843591194832698e-05,1.0,0.0046555963344872,1.0,14467.728925124975,279.1372590687999,nan,1.120505452156067,5.567789164174482e-06,0.0,0.0,0.8392200271318409,0.014495912939310074,0,0,1,7300,0.037535447903803046,0.839214385974593,0.8374088709512836,8.46527380914604e-05,279.1372590687999,0.0,0.0,0.0,0.0,nan,0.0,0.0,0.0,0.0,nan
78200,stable_muon,1,113,0.3,128,4,512,226048,4,nested_depth_one_shared_v2,1.783023981261067e-05,1.0,0.004673440475016832,1.0,14483.51498008403,279.2053383484459,nan,1.120505452156067,5.561499087994373e-06,0.0,0.0,0.839594030415127,0.014423024840652943,0,0,1,7300,0.0367981988962032,0.8395884635316251,0.8376124978300333,8.29900392125637e-05,279.2053383484459,0.0,0.0,0.0,0.0,nan,0.0,0.0,0.0,0.0,nan
78300,stable_muon,1,113,0.3,128,4,512,226048,4,nested_depth_one_shared_v2,1.7816482795751654e-05,1.0,0.004707072861492634,1.0,14499.26525175001,279.27922824595265,nan,1.120505452156067,5.555028213569035e-06,0.0,0.0,0.8397637426550849,0.014444055035710335,0,0,1,7300,0.037254123972571905,0.8397580187843755,0.8378343845072099,8.401827540620344e-05,279.27922824595265,0.0,0.0,0.0,0.0,nan,0.0,0.0,0.0,0.0,nan
78400,stable_muon,1,113,0.3,128,4,512,226048,4,nested_depth_one_shared_v2,1.780976162990555e-05,1.0,0.004731167573481798,1.0,14515.188354625017,279.35512152740984,nan,1.120505452156067,5.5484687033377374e-06,0.0,0.0,0.8399308516158238,0.01440624799579382,0,0,1,7300,0.03644946678733803,0.8399252755820746,0.8380621397550108,8.220355258393725e-05,279.35512152740984,0.0,0.0,0.0,0.0,nan,0.0,0.0,0.0,0.0,nan
78500,stable_muon,1,113,0.3,128,4,512,226048,4,nested_depth_one_shared_v2,1.7811036741477437e-05,1.0,0.0047382875345647335,1.0,14531.229880166939,279.42708638457924,nan,1.120505452156067,5.56193685605164e-06,0.0,0.0,0.8399612615359808,0.014417224563658237,0,0,1,7300,0.03737341949597996,0.8399556202156706,0.8382787152710678,8.428731955680016e-05,279.42708638457924,0.0,0.0,0.0,0.0,nan,0.0,0.0,0.0,0.0,nan
78600,stable_muon,1,113,0.3,128,4,512,226048,4,nested_depth_one_shared_v2,1.7818134438130073e-05,1.0,0.004752805456519127,1.0,14547.347482208977,279.49271594134166,nan,1.120505452156067,5.557011216652502e-06,0.0,0.0,0.8401418415937254,0.014423727989196777,0,0,1,7300,0.03854085853699719,0.8401362257428558,0.8384758109967283,8.692021504349458e-05,279.49271594134166,0.0,0.0,0.0,0.0,nan,0.0,0.0,0.0,0.0,nan
78700,stable_muon,1,113,0.3,128,4,512,226048,4,nested_depth_one_shared_v2,1.7823547750595026e-05,1.0,0.00476501602679491,1.0,14563.242690166924,279.56646538742393,nan,1.120505452156067,5.5495750913735955e-06,0.0,0.0,0.8408593219253515,0.014430238865315914,0,0,1,7300,0.043625312332086406,0.8408536286111035,0.8386963094722658,9.838705397817027e-05,279.56646538742393,0.0,0.0,0.0,0.0,nan,0.0,0.0,0.0,0.0,nan
78800,stable_muon,1,113,0.3,128,4,512,226048,4,nested_depth_one_shared_v2,1.781918945198413e-05,1.0,0.004769477527588606,1.0,14579.096248916932,279.63616268146046,nan,1.120505452156067,5.579971466666202e-06,0.0,0.0,0.8407090730511239,0.014384410344064236,0,0,1,7300,0.05007031029744228,0.8407033135902087,0.8389075642627101,0.0001129222934712359,279.63616268146046,0.0,0.0,0.0,0.0,nan,0.0,0.0,0.0,0.0,nan
78900,stable_muon,1,113,0.3,128,4,512,226048,4,nested_depth_one_shared_v2,1.781831815605983e-05,1.0,0.004761905875056982,1.0,14594.912200917024,279.6637276410133,nan,1.120505452156067,5.567644569898025e-06,0.0,0.0,0.8403297444487993,0.014336044900119305,0,0,1,7300,0.04837767371000081,0.8403242548072373,0.8389913527966181,0.00010910493335639395,279.6637276410133,0.0,0.0,0.0,0.0,nan,0.0,0.0,0.0,0.0,nan
79000,stable_muon,1,113,0.3,128,4,512,226048,4,nested_depth_one_shared_v2,1.7825850591179915e-05,1.0,0.004737443756312132,1.0,14611.568680708995,279.64910365931325,nan,1.120505452156067,5.5622479670564e-06,0.0,0.0,0.8398457504188419,0.014392038807272911,0,0,1,7300,0.04479621019473307,0.8398401350473202,0.8389482109061288,0.00010102775005704765,279.64910365931325,0.0,0.0,0.0,0.0,nan,0.0,0.0,0.0,0.0,nan
79100,stable_muon,1,113,0.3,128,4,512,226048,4,nested_depth_one_shared_v2,1.783910920494236e-05,1.0,0.004712434019893408,1.0,14627.755598666961,279.62138678651905,nan,1.120505452156067,5.553333477151214e-06,0.0,0.0,0.8399904827356875,0.014259226620197296,0,0,1,7300,0.04154045518651697,0.8399849152754213,0.8388638713425272,9.368512884451235e-05,279.62138678651905,0.0,0.0,0.0,0.0,nan,0.0,0.0,0.0,0.0,nan
79200,stable_muon,1,113,0.3,128,4,512,226048,4,nested_depth_one_shared_v2,1.7836402548709884e-05,1.0,0.004703869577497244,1.0,14643.500929959002,279.59879376157136,nan,1.120505452156067,5.550609408097479e-06,0.0,0.0,0.8400141830191262,0.014281054958701134,0,0,1,7300,0.0404978234345391,0.8400086487052973,0.8387956638085046,9.133370805283236e-05,279.59879376157136,0.0,0.0,0.0,0.0,nan,0.0,0.0,0.0,0.0,nan
79300,stable_muon,1,113,0.3,128,4,512,226048,4,nested_depth_one_shared_v2,1.784091546142008e-05,1.0,0.004699441138654947,1.0,14659.49907775002,279.5672960919212,nan,1.120505452156067,5.548970269822726e-06,0.0,0.0,0.8399362397499607,0.014262069016695023,0,0,1,7300,0.039783783552521754,0.8399307323519553,0.8387010186541534,8.972335212277439e-05,279.5672960919212,0.0,0.0,0.0,0.0,nan,0.0,0.0,0.0,0.0,nan
79400,stable_muon,1,113,0.3,128,4,512,226048,4,nested_depth_one_shared_v2,1.786176835594233e-05,1.0,0.004686326254159212,1.0,14675.488087874954,279.5257290474943,nan,1.120505452156067,5.55398211959458e-06,0.0,0.0,0.8397495811453181,0.014219440519809723,0,0,1,7300,0.038624839437031176,0.8397439331376781,0.8385763425177974,8.710961502490634e-05,279.5257290474943,0.0,0.0,0.0,0.0,nan,0.0,0.0,0.0,0.0,nan
79500,stable_muon,1,113,0.3,128,4,512,226048,4,nested_depth_one_shared_v2,1.7861517335404642e-05,1.0,0.004666617140173912,1.0,14691.711122834007,279.5027426651076,nan,1.120505452156067,5.555520912031203e-06,0.0,0.0,0.8400965717965283,0.014196593314409256,0,0,1,7300,0.03854107223947145,0.8400911494400416,0.8385061176878637,8.692069700123303e-05,279.5027426651076,0.0,0.0,0.0,0.0,nan,0.0,0.0,0.0,0.0,nan
79600,stable_muon,1,113,0.3,128,4,512,226048,4,nested_depth_one_shared_v2,1.7866124835563824e-05,1.0,0.004652942530810833,1.0,14707.642862209002,279.4970405483115,nan,1.120505452156067,5.554311405407047e-06,0.0,0.0,0.840123206793091,0.014203059487044811,0,0,1,7300,0.038563151855846384,0.840117598311598,0.8384888831271277,8.69704925967708e-05,279.4970405483115,0.0,0.0,0.0,0.0,nan,0.0,0.0,0.0,0.0,nan
79700,stable_muon,1,113,0.3,128,4,512,226048,4,nested_depth_one_shared_v2,1.786640495993197e-05,1.0,0.0046332101337611675,1.0,14723.391779833939,279.50004765314833,nan,1.120505452156067,5.558427478182662e-06,0.0,0.0,0.8403930765184698,0.014355229213833809,0,0,1,7300,0.03925120936909179,0.8403877175047613,0.8384972128935765,8.852225115337307e-05,279.50004765314833,0.0,0.0,0.0,0.0,nan,0.0,0.0,0.0,0.0,nan
79800,stable_muon,1,113,0.3,128,4,512,226048,4,nested_depth_one_shared_v2,1.7858501450973563e-05,1.0,0.004624431952834129,1.0,14739.36457258393,279.50530045322034,nan,1.120505452156067,5.556412633121466e-06,0.0,0.0,0.840352200285309,0.014315328560769558,0,0,1,7300,0.039161099518924485,0.8403465703589563,0.8385131302129397,8.831902870708115e-05,279.50530045322034,0.0,0.0,0.0,0.0,nan,0.0,0.0,0.0,0.0,nan
79900,stable_muon,1,113,0.3,128,4,512,226048,4,nested_depth_one_shared_v2,1.785314452718012e-05,1.0,0.004620986990630627,1.0,14755.454433958977,279.5075845809587,nan,1.120505452156067,5.5516851029313476e-06,0.0,0.0,0.8403601540172749,0.014383571222424507,0,0,1,7300,0.039133517017764456,0.8403544360361442,0.838519975654921,8.825682259587152e-05,279.5075845809587,0.0,0.0,0.0,0.0,nan,0.0,0.0,0.0,0.0,nan
80000,stable_muon,1,113,0.3,128,4,512,226048,4,nested_depth_one_shared_v2,1.7829339412855916e-05,1.0,0.004601025953888893,1.0,14771.425672541955,279.52480432332266,nan,1.120505452156067,5.5468643752523746e-06,0.0,0.0,0.8406174018633538,0.014477268792688847,0,0,1,7300,0.03978473651567156,0.8406118797230278,0.8385711060015993,8.972550131625512e-05,279.52480432332266,0.0,0.0,0.0,0.0,nan,0.0,0.0,0.0,0.0,nan
80100,stable_muon,1,113,0.3,128,4,512,226048,4,nested_depth_one_shared_v2,1.7808266420615837e-05,1.0,0.00459941616281867,1.0,14787.361889875028,279.5506508173788,nan,1.120505452156067,5.537623354414616e-06,0.0,0.0,0.8406845740689035,0.014517278410494328,0,0,1,7300,0.03864804417103141,0.8406790591402995,0.8386485170120567,8.716194806952161e-05,279.5506508173788,0.0,0.0,0.0,0.0,nan,0.0,0.0,0.0,0.0,nan
80200,stable_muon,1,113,0.3,128,4,512,226048,4,nested_depth_one_shared_v2,1.7783304429030977e-05,1.0,0.004593968391418457,1.0,14803.53334850003,279.58154788069874,nan,1.120505452156067,5.525117067153343e-06,0.0,0.0,0.840735659247397,0.014508032239973545,0,0,1,7300,0.03827243046731138,0.840730271084112,0.8387412813478647,8.631483606579478e-05,279.58154788069874,0.0,0.0,0.0,0.0,nan,0.0,0.0,0.0,0.0,nan
80300,stable_muon,1,113,0.3,128,4,512,226048,4,nested_depth_one_shared_v2,1.7756567103788257e-05,1.0,0.00459357351064682,1.0,14819.345930833952,279.61912932105247,nan,1.120505452156067,5.5189308879157855e-06,0.0,0.0,0.8409424386123256,0.01452952716499567,0,0,1,7300,0.03897851011029718,0.8409369020414399,0.8388538396601023,8.790723947183839e-05,279.61912932105247,0.0,0.0,0.0,0.0,nan,0.0,0.0,0.0,0.0,nan
80400,stable_muon,1,113,0.3,128,4,512,226048,4,nested_depth_one_shared_v2,1.7729646060615778e-05,1.0,0.0045975688844919205,1.0,14835.281598333968,279.6489879401246,nan,1.120505452156067,5.511128021876444e-06,0.0,0.0,0.8408565022344766,0.014516948722302914,0,0,1,7300,0.039003284012919186,0.840851094983061,0.8389439476692104,8.796311142241532e-05,279.6489879401246,0.0,0.0,0.0,0.0,nan,0.0,0.0,0.0,0.0,nan
80500,stable_muon,1,113,0.3,128,4,512,226048,4,nested_depth_one_shared_v2,1.77030324266525e-05,1.0,0.004602776374667883,1.0,14851.260573958978,279.6735995529183,nan,1.120505452156067,5.505297784496202e-06,0.0,0.0,0.8410860725194206,0.014524308033287525,0,0,1,7300,0.04008859354199663,0.8410805712331574,0.8390174662952143,9.041078231603613e-05,279.6735995529183,0.0,0.0,0.0,0.0,nan,0.0,0.0,0.0,0.0,nan
80600,stable_muon,1,113,0.3,128,4,512,226048,4,nested_depth_one_shared_v2,1.7667429347056895e-05,1.0,0.004596749320626259,1.0,14867.027753000031,279.70117307728134,nan,1.120505452156067,5.49248795201159e-06,0.0,0.0,0.8410198295187231,0.014622995629906654,0,0,1,7300,0.03891955195013626,0.8410142002443849,0.8391004711572415,8.77742726373078e-05,279.70117307728134,0.0,0.0,0.0,0.0,nan,0.0,0.0,0.0,0.0,nan
80700,stable_muon,1,113,0.3,128,4,512,226048,4,nested_depth_one_shared_v2,1.7632259186939336e-05,1.0,0.004588474985212088,1.0,14882.91602645896,279.7313278482351,nan,1.120505452156067,5.479132726891495e-06,0.0,0.0,0.8412252771299606,0.014599429443478584,0,0,1,7300,0.039343944683672014,0.8412198361369612,0.839190647179099,8.873139474257728e-05,279.7313278482351,0.0,0.0,0.0,0.0,nan,0.0,0.0,0.0,0.0,nan
80800,stable_muon,1,113,0.3,128,4,512,226048,4,nested_depth_one_shared_v2,1.759796214173548e-05,1.0,0.004595216363668442,1.0,14898.773685791995,279.75670805815116,nan,1.120505452156067,5.465676030160927e-06,0.0,0.0,0.8412442659460613,0.014703596010804176,0,0,1,7300,0.038371382430374204,0.8412387086481855,0.8392668252030338,8.6537999903729e-05,279.75670805815116,0.0,0.0,0.0,0.0,nan,0.0,0.0,0.0,0.0,nan
80900,stable_muon,1,113,0.3,128,4,512,226048,4,nested_depth_one_shared_v2,1.7556503735249862e-05,1.0,0.004606184083968401,1.0,14915.136092333938,279.78950069854955,nan,1.120505452156067,5.453520449675296e-06,0.0,0.0,0.8413425031308632,0.014652715995907784,0,0,1,7300,0.03845946701197394,0.8413370832816014,0.8393652149206973,8.673665481348706e-05,279.78950069854955,0.0,0.0,0.0,0.0,nan,0.0,0.0,0.0,0.0,nan
81000,stable_muon,1,113,0.3,128,4,512,226048,4,nested_depth_one_shared_v2,1.75138939084718e-05,1.0,0.004601510241627693,1.0,14931.29329583398,279.82973117801,nan,1.120505452156067,5.440834545381241e-06,0.0,0.0,0.8416134462276749,0.014562706463038921,0,0,1,7300,0.039984393901196055,0.8416078752895194,0.839485666962083,9.017578352437334e-05,279.82973117801,0.0,0.0,0.0,0.0,nan,0.0,0.0,0.0,0.0,nan
81100,stable_muon,1,113,0.3,128,4,512,226048,4,nested_depth_one_shared_v2,1.748027716530487e-05,1.0,0.0045931218191981316,1.0,14947.505172375008,279.85907672299714,nan,1.120505452156067,5.428629136937455e-06,0.0,0.0,0.8416908633255299,0.014705884270370007,0,0,1,7300,0.039938981339100454,0.8416853101960825,0.8395737287950807,9.0073365731598e-05,279.85907672299714,0.0,0.0,0.0,0.0,nan,0.0,0.0,0.0,0.0,nan
81200,stable_muon,1,113,0.3,128,4,512,226048,4,nested_depth_one_shared_v2,1.7440252122469246e-05,1.0,0.004593753721565008,1.0,14963.651475916966,279.8935165686655,nan,1.120505452156067,5.41481678032934e-06,0.0,0.0,0.8417725153896436,0.014785555191338062,0,0,1,7300,0.0403796093506189,0.8417668848145997,0.8396771767989782,9.106710284512403e-05,279.8935165686655,0.0,0.0,0.0,0.0,nan,0.0,0.0,0.0,0.0,nan
81300,stable_muon,1,113,0.3,128,4,512,226048,4,nested_depth_one_shared_v2,1.7402962839696556e-05,1.0,0.004590079188346863,1.0,14979.723862209008,279.93038086007044,nan,1.120505452156067,5.407010047646593e-06,0.0,0.0,0.8419669510448357,0.01474408432841301,0,0,1,7300,0.04137221720976466,0.8419612921972744,0.839787661393232,9.330570602745818e-05,279.93038086007044,0.0,0.0,0.0,0.0,nan,0.0,0.0,0.0,0.0,nan
81400,stable_muon,1,113,0.3,128,4,512,226048,4,nested_depth_one_shared_v2,1.7375978131894954e-05,1.0,0.00457285949960351,1.0,14996.41912716697,279.97023077627045,nan,1.120505452156067,5.398817722735638e-06,0.0,0.0,0.8421522433045364,0.014714804477989674,0,0,1,7300,0.04225257687252281,0.8421466131399051,0.8399071437592626,9.529115871604063e-05,279.97023077627045,0.0,0.0,0.0,0.0,nan,0.0,0.0,0.0,0.0,nan
81500,stable_muon,1,113,0.3,128,4,512,226048,4,nested_depth_one_shared_v2,1.7351512724417262e-05,1.0,0.004573446232825518,1.0,15012.442728291964,280.0132252403416,nan,1.120505452156067,5.391264227098319e-06,0.0,0.0,0.8422664218250963,0.014808189123868942,0,0,1,7300,0.04187511577467537,0.8422606975385367,0.8400361149110975,9.443988033146707e-05,280.0132252403416,0.0,0.0,0.0,0.0,nan,0.0,0.0,0.0,0.0,nan
81600,stable_muon,1,113,0.3,128,4,512,226048,4,nested_depth_one_shared_v2,1.733672797854524e-05,1.0,0.004571735858917236,1.0,15028.56505920901,280.05281259574326,nan,1.120505452156067,5.385208077546717e-06,0.0,0.0,0.8423688156077879,0.014749591238796711,0,0,1,7300,0.04190593767641367,0.8423632373671532,0.8401549300882541,9.45093921801606e-05,280.05281259574326,0.0,0.0,0.0,0.0,nan,0.0,0.0,0.0,0.0,nan
81700,stable_muon,1,113,0.3,128,4,512,226048,4,nested_depth_one_shared_v2,1.733825592964422e-05,1.0,0.004557603970170021,1.0,15044.69030066696,280.08046262386324,nan,1.120505452156067,5.381128053735477e-06,0.0,0.0,0.8422542845887208,0.0147389592602849,0,0,1,7300,0.04141797773433654,0.8422485788162168,0.8402384033820248,9.340890857112941e-05,280.08046262386324,0.0,0.0,0.0,0.0,nan,0.0,0.0,0.0,0.0,nan
81800,stable_muon,1,113,0.3,128,4,512,226048,4,nested_depth_one_shared_v2,1.7331563867628574e-05,1.0,0.004580024164170027,1.0,15061.109841041965,280.10275664840873,nan,1.120505452156067,5.379546544108983e-06,0.0,0.0,0.8423755022264409,0.014857678674161434,0,0,1,7300,0.04310447968178633,0.8423697438969228,0.8403053759336839,9.72124333888988e-05,280.10275664840873,0.0,0.0,0.0,0.0,nan,0.0,0.0,0.0,0.0,nan
81900,stable_muon,1,113,0.3,128,4,512,226048,4,nested_depth_one_shared_v2,1.7314039723714814e-05,1.0,0.00457210885360837,1.0,15077.05297495902,280.1237593766413,nan,1.120505452156067,5.3701685260841445e-06,0.0,0.0,0.8425561189108988,0.014794756658375263,0,0,1,7300,0.04317970367701079,0.8425503839008229,0.8403680406039612,9.738208414629083e-05,280.1237593766413,0.0,0.0,0.0,0.0,nan,0.0,0.0,0.0,0.0,nan
82000,stable_muon,1,113,0.3,128,4,512,226048,4,nested_depth_one_shared_v2,1.730815893097315e-05,1.0,0.004581535700708628,1.0,15093.115064500016,280.12907120323985,nan,1.120505452156067,5.372169789653066e-06,0.0,0.0,0.8422309074989253,0.014828014187514782,0,0,1,7300,0.04308931105458007,0.8422251223130416,0.8403849912303178,9.717822397092703e-05,280.12907120323985,0.0,0.0,0.0,0.0,nan,0.0,0.0,0.0,0.0,nan
82100,stable_muon,1,113,0.3,128,4,512,226048,4,nested_depth_one_shared_v2,1.7291165931965224e-05,1.0,0.004579472355544567,1.0,15109.05688275001,280.1308871561292,nan,1.120505452156067,5.363385362268074e-06,0.0,0.0,0.8421738658608263,0.01482962816953659,0,0,1,7300,0.042847947709626126,0.8421680368705876,0.8403905906146681,9.66338833764674e-05,280.1308871561292,0.0,0.0,0.0,0.0,nan,0.0,0.0,0.0,0.0,nan
82200,stable_muon,1,113,0.3,128,4,512,226048,4,nested_depth_one_shared_v2,1.72900763573125e-05,1.0,0.00458586635068059,1.0,15125.310122709023,280.1106015849688,nan,1.120505452156067,5.364510092377026e-06,0.0,0.0,0.8419356275478974,0.014843810349702835,0,0,1,7300,0.042650184388290324,0.8419300352159615,0.8403302380614326,9.61878728029945e-05,280.1106015849688,0.0,0.0,0.0,0.0,nan,0.0,0.0,0.0,0.0,nan
82300,stable_muon,1,113,0.3,128,4,512,226048,4,nested_depth_one_shared_v2,1.730349140416365e-05,1.0,0.0045954459346830845,1.0,15142.021167458966,280.0774340567568,nan,1.120505452156067,5.3647364433732694e-06,0.0,0.0,0.8415378996966324,0.014811556786298752,0,0,1,7300,0.04175243681676179,0.8415322854374574,0.8402314995733164,9.416320560734476e-05,280.0774340567568,0.0,0.0,0.0,0.0,nan,0.0,0.0,0.0,0.0,nan
82400,stable_muon,1,113,0.3,128,4,512,226048,4,nested_depth_one_shared_v2,1.729642644932028e-05,1.0,0.004595501814037561,1.0,15158.260238958988,280.04466719341576,nan,1.120505452156067,5.365618032143318e-06,0.0,0.0,0.8416794034977779,0.014864160679280758,0,0,1,7300,0.042768879841196886,0.8416735657000953,0.8401326306109953,9.645556362989758e-05,280.04466719341576,0.0,0.0,0.0,0.0,nan,0.0,0.0,0.0,0.0,nan
82500,stable_muon,1,113,0.3,128,4,512,226048,4,nested_depth_one_shared_v2,1.72975142049836e-05,1.0,0.004594892263412476,1.0,15174.437897583935,280.0062961468273,nan,1.120505452156067,5.367156354129411e-06,0.0,0.0,0.8415438145124532,0.014800353907048702,0,0,1,7300,0.042993746051320454,0.8415380641595492,0.8400176138162212,9.696269865703233e-05,280.0062961468273,0.0,0.0,0.0,0.0,nan,0.0,0.0,0.0,0.0,nan
82600,stable_muon,1,113,0.3,128,4,512,226048,4,nested_depth_one_shared_v2,1.7310712792095728e-05,1.0,0.00458227563649416,1.0,15190.01032320899,279.96425007914326,nan,1.120505452156067,5.368391412001765e-06,0.0,0.0,0.8413463679228962,0.014769991859793663,0,0,1,7300,0.042309550333960354,0.8413406193947388,0.8398915868157871,9.541964951017201e-05,279.96425007914326,0.0,0.0,0.0,0.0,nan,0.0,0.0,0.0,0.0,nan
82700,stable_muon,1,113,0.3,128,4,512,226048,4,nested_depth_one_shared_v2,1.730996518745087e-05,1.0,0.004548777360469103,1.0,15205.908693333971,279.9236091780168,nan,1.120505452156067,5.3710123208293635e-06,0.0,0.0,0.841261909600593,0.014610891230404377,0,0,1,7300,0.041988224564861086,0.8412562775679163,0.8397695029134837,9.469497170045706e-05,279.9236091780168,0.0,0.0,0.0,0.0,nan,0.0,0.0,0.0,0.0,nan
82800,stable_muon,1,113,0.3,128,4,512,226048,4,nested_depth_one_shared_v2,1.7319396647508256e-05,1.0,0.004533405881375074,1.0,15222.379611499957,279.885264356944,nan,1.120505452156067,5.3722472052469745e-06,0.0,0.0,0.841252707227712,0.01461847685277462,0,0,1,7300,0.04238149611965129,0.8412469546343798,0.8396542094837574,9.55819070052334e-05,279.885264356944,0.0,0.0,0.0,0.0,nan,0.0,0.0,0.0,0.0,nan
82900,stable_muon,1,113,0.3,128,4,512,226048,4,nested_depth_one_shared_v2,1.733203316689469e-05,1.0,0.004499867092818022,1.0,15238.606329542003,279.8500016707347,nan,1.120505452156067,5.380783094777842e-06,0.0,0.0,0.8409899610963222,0.014577562920749187,0,0,1,7300,0.0422053879119794,0.840984391624636,0.839548867804652,9.518473465716361e-05,279.8500016707347,0.0,0.0,0.0,0.0,nan,0.0,0.0,0.0,0.0,nan
83000,stable_muon,1,113,0.3,128,4,512,226048,4,nested_depth_one_shared_v2,1.735105070110876e-05,1.0,0.004477496724575758,1.0,15254.79230125004,279.81451830269515,nan,1.120505452156067,5.380660515693163e-06,0.0,0.0,0.8409093826493639,0.014695050194859505,0,0,1,7300,0.04134464894764878,0.8409036491253105,0.8394422121107427,9.324353202920157e-05,279.81451830269515,0.0,0.0,0.0,0.0,nan,0.0,0.0,0.0,0.0,nan
83100,stable_muon,1,113,0.3,128,4,512,226048,4,nested_depth_one_shared_v2,1.737012826197315e-05,1.0,0.004468840546905994,1.0,15271.122975167003,279.7825668515926,nan,1.120505452156067,5.39013859452648e-06,0.0,0.0,0.8407702844146007,0.014621035195887089,0,0,1,7300,0.041687418864389474,0.8407646705721347,0.8393465389528983,9.401657227803104e-05,279.7825668515926,0.0,0.0,0.0,0.0,nan,0.0,0.0,0.0,0.0,nan
83200,stable_muon,1,113,0.3,128,4,512,226048,4,nested_depth_one_shared_v2,1.7396678231307305e-05,1.0,0.004472407046705484,1.0,15287.276081791962,279.7545442906944,nan,1.120505452156067,5.3961090408933695e-06,0.0,0.0,0.8410089286213349,0.014592885039746761,0,0,1,7300,0.04148092653414633,0.8410033174015785,0.8392614680019673,9.355087539345499e-05,279.7545442906944,0.0,0.0,0.0,0.0,nan,0.0,0.0,0.0,0.0,nan
83300,stable_muon,1,113,0.3,128,4,512,226048,4,nested_depth_one_shared_v2,1.7418962670490146e-05,1.0,0.004482847638428211,1.0,15303.340990292025,279.7460339275493,nan,1.120505452156067,5.404653572811436e-06,0.0,0.0,0.8410517426916535,0.014577597379684448,0,0,1,7300,0.04170727049066061,0.8410460324461806,0.8392357648709599,9.406134314432593e-05,279.7460339275493,0.0,0.0,0.0,0.0,nan,0.0,0.0,0.0,0.0,nan
83400,stable_muon,1,113,0.3,128,4,512,226048,4,nested_depth_one_shared_v2,1.744697328831535e-05,1.0,0.00450856052339077,1.0,15319.329060124932,279.74219682942294,nan,1.120505452156067,5.412512091599228e-06,0.0,0.0,0.8410564971481356,0.014474868774414062,0,0,1,7300,0.04216856547490088,0.8410507338287635,0.8392242738848936,9.510168995419681e-05,279.74219682942294,0.0,0.0,0.0,0.0,nan,0.0,0.0,0.0,0.0,nan
83500,stable_muon,1,113,0.3,128,4,512,226048,4,nested_depth_one_shared_v2,1.7470878447056748e-05,1.0,0.004512818064540625,1.0,15335.44406983396,279.7415016820372,nan,1.120505452156067,5.418490938887838e-06,0.0,0.0,0.8410685161422095,0.014449884183704853,0,0,1,7300,0.0417290425475029,0.84106280458935,0.8392220798520451,9.411044510869588e-05,279.7415016820372,0.0,0.0,0.0,0.0,nan,0.0,0.0,0.0,0.0,nan
83600,stable_muon,1,113,0.3,128,4,512,226048,4,nested_depth_one_shared_v2,1.7501224647276103e-05,1.0,0.004507815930992365,1.0,15351.475184249924,279.75071299991043,nan,1.120505452156067,5.431071208638227e-06,0.0,0.0,0.8412493446026992,0.014429169707000256,0,0,1,7300,0.04230260478755044,0.8412436654214315,0.8392493377298258,9.54039853965414e-05,279.75071299991043,0.0,0.0,0.0,0.0,nan,0.0,0.0,0.0,0.0,nan
83700,stable_muon,1,113,0.3,128,4,512,226048,4,nested_depth_one_shared_v2,1.7538417523610406e-05,1.0,0.004505475051701069,1.0,15367.299175624968,279.75933452129186,nan,1.120505452156067,5.443157031180657e-06,0.0,0.0,0.8412112905865368,0.014381207525730133,0,0,1,7300,0.041261244962815136,0.8412056464682696,0.8392752393452002,9.305543314992348e-05,279.75933452129186,0.0,0.0,0.0,0.0,nan,0.0,0.0,0.0,0.0,nan
83800,stable_muon,1,113,0.3,128,4,512,226048,4,nested_depth_one_shared_v2,1.7563754227012396e-05,1.0,0.0045164646580815315,1.0,15383.32661762496,279.7766886093211,nan,1.120505452156067,5.44832558773498e-06,0.0,0.0,0.8412270766277701,0.0144663630053401,0,0,1,7300,0.0412962907172314,0.8412212866067189,0.8393274164365341,9.3134470945807e-05,279.7766886093211,0.0,0.0,0.0,0.0,nan,0.0,0.0,0.0,0.0,nan
83900,stable_muon,1,113,0.3,128,4,512,226048,4,nested_depth_one_shared_v2,1.7591859432286583e-05,1.0,0.00451961625367403,1.0,15399.781816542032,279.782712436169,nan,1.120505452156067,5.4588248387181686e-06,0.0,0.0,0.8412700640172893,0.01464423630386591,0,0,1,7300,0.04258250021702176,0.8412642969450398,0.8393456054427134,9.603522641822191e-05,279.782712436169,0.0,0.0,0.0,0.0,nan,0.0,0.0,0.0,0.0,nan
84000,stable_muon,1,113,0.3,128,4,512,226048,4,nested_depth_one_shared_v2,1.760707891662605e-05,1.0,0.004488571546971798,1.0,15415.825863959035,279.7853029628852,nan,1.120505452156067,5.463819000297351e-06,0.0,0.0,0.841320584595695,0.014644456095993519,0,0,1,7300,0.042053174552843395,0.8413148660703519,0.8393531678549245,9.484145175141584e-05,279.7853029628852,0.0,0.0,0.0,0.0,nan,0.0,0.0,0.0,0.0,nan
84100,stable_muon,1,113,0.3,128,4,512,226048,4,nested_depth_one_shared_v2,1.761744533723686e-05,1.0,0.004461854230612516,1.0,15431.703443291946,279.79493877525516,nan,1.120505452156067,5.470542036981044e-06,0.0,0.0,0.8414780592548267,0.014649040065705776,0,0,1,7300,0.042699187066495496,0.8414725326695512,0.8393817846501541,9.629838729304439e-05,279.79493877525516,0.0,0.0,0.0,0.0,nan,0.0,0.0,0.0,0.0,nan
84200,stable_muon,1,113,0.3,128,4,512,226048,4,nested_depth_one_shared_v2,1.7615888282307424e-05,1.0,0.004447677172720432,1.0,15447.744263625005,279.80385648428086,nan,1.120505452156067,5.467751504779846e-06,0.0,0.0,0.8412296204684069,0.014591513201594353,0,0,1,7300,0.04229305731403934,0.8412240612014009,0.8394093060760046,9.53824532230972e-05,279.80385648428086,0.0,0.0,0.0,0.0,nan,0.0,0.0,0.0,0.0,nan
84300,stable_muon,1,113,0.3,128,4,512,226048,4,nested_depth_one_shared_v2,1.7603686501388438e-05,1.0,0.004435146693140268,1.0,15463.871650166926,279.8103708936187,nan,1.120505452156067,5.463543471431727e-06,0.0,0.0,0.8413560656345641,0.014594304375350475,0,0,1,7300,0.04191878378406906,0.8413505405450943,0.8394284704189423,9.453836367903904e-05,279.8103708936187,0.0,0.0,0.0,0.0,nan,0.0,0.0,0.0,0.0,nan
84400,stable_muon,1,113,0.3,128,4,512,226048,4,nested_depth_one_shared_v2,1.7585447494639084e-05,1.0,0.004424489568918943,1.0,15479.795999124995,279.8200313792784,nan,1.120505452156067,5.4587316624662305e-06,0.0,0.0,0.8415540624174159,0.01459258422255516,0,0,1,7300,0.04314992479245242,0.8415483938343006,0.8394571295547341,9.731492458763482e-05,279.8200313792784,0.0,0.0,0.0,0.0,nan,0.0,0.0,0.0,0.0,nan
84500,stable_muon,1,113,0.3,128,4,512,226048,4,nested_depth_one_shared_v2,1.7579937775735743e-05,1.0,0.0044072214514017105,1.0,15495.906936291954,279.8253862617204,nan,1.120505452156067,5.458807392112101e-06,0.0,0.0,0.8413667372747435,0.014568396843969822,0,0,1,7300,0.0425167725903673,0.841361128620282,0.8394737104954743,9.588699257860416e-05,279.8253862617204,0.0,0.0,0.0,0.0,nan,0.0,0.0,0.0,0.0,nan
84600,stable_muon,1,113,0.3,128,4,512,226048,4,nested_depth_one_shared_v2,1.7583766748430207e-05,1.0,0.0044021690264344215,1.0,15512.32054837502,279.81739112843593,nan,1.120505452156067,5.4595653790877535e-06,0.0,0.0,0.8413038679214809,0.014561854302883148,0,0,1,7300,0.042558297649595074,0.8412983512782686,0.8394498484860871,9.598064298533568e-05,279.81739112843593,0.0,0.0,0.0,0.0,nan,0.0,0.0,0.0,0.0,nan
84700,stable_muon,1,113,0.3,128,4,512,226048,4,nested_depth_one_shared_v2,1.7559024854563177e-05,1.0,0.004403717815876007,1.0,15528.418110084021,279.8196927511753,nan,1.120505452156067,5.449304047612384e-06,0.0,0.0,0.8414680219897072,0.01460173074156046,0,0,1,7300,0.042497218320626313,0.8414623692273631,0.8394562702017887,9.584289233290586e-05,279.8196927511753,0.0,0.0,0.0,0.0,nan,0.0,0.0,0.0,0.0,nan
84800,stable_muon,1,113,0.3,128,4,512,226048,4,nested_depth_one_shared_v2,1.7529051547171548e-05,1.0,0.004397276323288679,1.0,15544.58199700003,279.82808665043063,nan,1.120505452156067,5.444757657951957e-06,0.0,0.0,0.8413614875746659,0.014588740654289722,0,0,1,7300,0.0421953820980788,0.8413557294496687,0.8394818036970838,9.516216880033168e-05,279.82808665043063,0.0,0.0,0.0,0.0,nan,0.0,0.0,0.0,0.0,nan
84900,stable_muon,1,113,0.3,128,4,512,226048,4,nested_depth_one_shared_v2,1.7533748177811503e-05,1.0,0.004406399559229612,1.0,15561.039438541979,279.8159286404833,nan,1.120505452156067,5.4435849470273935e-06,0.0,0.0,0.8412974788711362,0.014666699804365635,0,0,1,7300,0.042219716114965736,0.841292000092263,0.8394454156695236,9.521704868783223e-05,279.8159286404833,0.0,0.0,0.0,0.0,nan,0.0,0.0,0.0,0.0,nan
85000,stable_muon,1,113,0.3,128,4,512,226048,4,nested_depth_one_shared_v2,1.7551396013004705e-05,1.0,0.0044297403655946255,1.0,15576.934316999977,279.8012732207002,nan,1.120505452156067,5.449134603960306e-06,0.0,0.0,0.8412070170132802,0.01469228882342577,0,0,1,7300,0.043016890787849635,0.8412014059458108,0.8394017116090414,9.701489639088172e-05,279.8012732207002,0.0,0.0,0.0,0.0,nan,0.0,0.0,0.0,0.0,nan
85100,stable_muon,1,113,0.3,128,4,512,226048,4,nested_depth_one_shared_v2,1.757209247443825e-05,1.0,0.0044365208595991135,1.0,15593.23656829202,279.77678446550567,nan,1.120505452156067,5.457510493509292e-06,0.0,0.0,0.841042409951736,0.014692098833620548,0,0,1,7300,0.04332809640462171,0.8410367821576039,0.8393285685234441,9.771675047922813e-05,279.77678446550567,0.0,0.0,0.0,0.0,nan,0.0,0.0,0.0,0.0,nan
85200,stable_muon,1,113,0.3,128,4,512,226048,4,nested_depth_one_shared_v2,1.7587375623406842e-05,1.0,0.004449075553566217,1.0,15608.940987542039,279.76003766368433,nan,1.120505452156067,5.466186397265302e-06,0.0,0.0,0.8409911913844902,0.014652746729552746,0,0,1,7300,0.04354253593776296,0.8409855612239485,0.8392783645687218,9.820037048775937e-05,279.76003766368433,0.0,0.0,0.0,0.0,nan,0.0,0.0,0.0,0.0,nan
85300,stable_muon,1,113,0.3,128,4,512,226048,4,nested_depth_one_shared_v2,1.7610625945962965e-05,1.0,0.004468570463359356,1.0,15624.90753550001,279.7424076928467,nan,1.120505452156067,5.4718755668859505e-06,0.0,0.0,0.8409988067867551,0.014607268385589123,0,0,1,7300,0.043523047564704584,0.8409929782411831,0.8392252899958256,9.815641885716828e-05,279.7424076928467,0.0,0.0,0.0,0.0,nan,0.0,0.0,0.0,0.0,nan
85400,stable_muon,1,113,0.3,128,4,512,226048,4,nested_depth_one_shared_v2,1.7635058611631393e-05,1.0,0.004478923045098782,1.0,15640.86188933393,279.728764877094,nan,1.120505452156067,5.475280158049663e-06,0.0,0.0,0.840940735996737,0.01459236815571785,0,0,1,7300,0.042721566193445276,0.8409351833950547,0.8391842890165585,9.634885836714081e-05,279.728764877094,0.0,0.0,0.0,0.0,nan,0.0,0.0,0.0,0.0,nan
85500,stable_muon,1,113,0.3,128,4,512,226048,4,nested_depth_one_shared_v2,1.767125831975136e-05,1.0,0.004486169200390577,1.0,15656.789771209005,279.7163393595394,nan,1.120505452156067,5.486404083713421e-06,0.0,0.0,0.8409747532454782,0.014563914388418198,0,0,1,7300,0.04337746421065183,0.8409692810946187,0.8391468983299463,9.782808843274684e-05,279.7163393595394,0.0,0.0,0.0,0.0,nan,0.0,0.0,0.0,0.0,nan
85600,stable_muon,1,113,0.3,128,4,512,226048,4,nested_depth_one_shared_v2,1.770978997228667e-05,1.0,0.0045100050047039986,1.0,15672.92093695898,279.7018467901082,nan,1.120505452156067,5.496734610721867e-06,0.0,0.0,0.8408295448695149,0.014569449238479137,0,0,1,7300,0.042796896543962556,0.8408237793726188,0.8391036390018517,9.651874898491151e-05,279.7018467901082,0.0,0.0,0.0,0.0,nan,0.0,0.0,0.0,0.0,nan
85700,stable_muon,1,113,0.3,128,4,512,226048,4,nested_depth_one_shared_v2,1.775327109498903e-05,1.0,0.004524723626673222,1.0,15689.018070625025,279.68679489403894,nan,1.120505452156067,5.512378274901212e-06,0.0,0.0,0.8407393974629304,0.01467092428356409,0,0,1,7300,0.043038731948703925,0.8407339164013101,0.8390586553967962,9.706415420376703e-05,279.68679489403894,0.0,0.0,0.0,0.0,nan,0.0,0.0,0.0,0.0,nan
85800,stable_muon,1,113,0.3,128,4,512,226048,4,nested_depth_one_shared_v2,1.7783491784939542e-05,1.0,0.004515320993959904,1.0,15704.759672209038,279.67516552647805,nan,1.120505452156067,5.518790884133587e-06,0.0,0.0,0.840710697106388,0.014631801284849644,0,0,1,7300,0.04261874897951141,0.8407051666834338,0.839023684608831,9.611697732752343e-05,279.67516552647805,0.0,0.0,0.0,0.0,nan,0.0,0.0,0.0,0.0,nan
85900,stable_muon,1,113,0.3,128,4,512,226048,4,nested_depth_one_shared_v2,1.780381535354536e-05,1.0,0.004497657995671034,1.0,15720.454905209015,279.66708296660863,nan,1.120505452156067,5.5244951429408645e-06,0.0,0.0,0.8408351853726749,0.014523819088935852,0,0,1,7300,0.0428969029567801,0.8408296243752428,0.8389990311544897,9.674429089647753e-05,279.66708296660863,0.0,0.0,0.0,0.0,nan,0.0,0.0,0.0,0.0,nan
86000,stable_muon,1,113,0.3,128,4,512,226048,4,nested_depth_one_shared_v2,1.7831611330620944e-05,1.0,0.00448684673756361,1.0,15736.538165792008,279.664544517361,nan,1.120505452156067,5.535429403008134e-06,0.0,0.0,0.8407487269165868,0.014506230130791664,0,0,1,7300,0.04255401054482463,0.8407429494619312,0.8389916018515893,9.597097438731514e-05,279.664544517361,0.0,0.0,0.0,0.0,nan,0.0,0.0,0.0,0.0,nan
86100,stable_muon,1,113,0.3,128,4,512,226048,4,nested_depth_one_shared_v2,1.784972300811205e-05,1.0,0.004465598613023758,1.0,15752.479542999994,279.6652965257423,nan,1.120505452156067,5.538479551801089e-06,0.0,0.0,0.8409360347740374,0.014560049399733543,0,0,1,7300,0.04185226490239544,0.8409303562513734,0.8389931936218805,9.438834534216225e-05,279.6652965257423,0.0,0.0,0.0,0.0,nan,0.0,0.0,0.0,0.0,nan
86200,stable_muon,1,113,0.3,128,4,512,226048,4,nested_depth_one_shared_v2,1.7847763956524432e-05,1.0,0.004457506816834211,1.0,15768.623519834015,279.67927259168783,nan,1.120505452156067,5.541123693211819e-06,0.0,0.0,0.8410244022284038,0.014448149129748344,0,0,1,7300,0.042118789251910344,0.8410187559551076,0.8390350215136478,9.498943090832639e-05,279.67927259168783,0.0,0.0,0.0,0.0,nan,0.0,0.0,0.0,0.0,nan
86300,stable_muon,1,113,0.3,128,4,512,226048,4,nested_depth_one_shared_v2,1.7856604245025665e-05,1.0,0.004436291754245758,1.0,15784.66400858399,279.67667524497784,nan,1.120505452156067,5.543440690886297e-06,0.0,0.0,0.8408311779919058,0.014487089589238167,0,0,1,7300,0.04192152584278297,0.8408255489607691,0.8390277590407774,9.454454777410392e-05,279.67667524497784,0.0,0.0,0.0,0.0,nan,0.0,0.0,0.0,0.0,nan
86400,stable_muon,1,113,0.3,128,4,512,226048,4,nested_depth_one_shared_v2,1.7849164578365162e-05,1.0,0.004403570666909218,1.0,15800.623712874949,279.6727029200165,nan,1.120505452156067,5.538589142763779e-06,0.0,0.0,0.8409951710390228,0.014509879052639008,0,0,1,7300,0.04163906799823483,0.8409895286063223,0.8390152694464806,9.390752780307035e-05,279.6727029200165,0.0,0.0,0.0,0.0,nan,0.0,0.0,0.0,0.0,nan
86500,stable_muon,1,113,0.3,128,4,512,226048,4,nested_depth_one_shared_v2,1.7832451703725383e-05,1.0,0.004386785440146923,1.0,15817.257049083943,279.6770060255523,nan,1.120505452156067,5.535502134869874e-06,0.0,0.0,0.8407535341931996,0.014511550776660442,0,0,1,7300,0.04080327340259471,0.8407478862387838,0.8390288231673693,9.202258157346076e-05,279.6770060255523,0.0,0.0,0.0,0.0,nan,0.0,0.0,0.0,0.0,nan
86600,stable_muon,1,113,0.3,128,4,512,226048,4,nested_depth_one_shared_v2,1.7812159057939425e-05,1.0,0.004369646776467562,1.0,15833.164459208958,279.68698478523453,nan,1.120505452156067,5.5350133956602325e-06,0.0,0.0,0.841101965677343,0.01442321389913559,0,0,1,7300,0.04198772830074038,0.841096552784715,0.8390579734324597,9.46938524886458e-05,279.68698478523453,0.0,0.0,0.0,0.0,nan,0.0,0.0,0.0,0.0,nan
86700,stable_muon,1,113,0.3,128,4,512,226048,4,nested_depth_one_shared_v2,1.7794603991205804e-05,1.0,0.004367013927549124,1.0,15849.437186750001,279.7009451840119,nan,1.120505452156067,5.525909965004956e-06,0.0,0.0,0.8408618992242405,0.014412352815270424,0,0,1,7300,0.04074775967817723,0.8408562911491755,0.8391005219749565,9.189738288699142e-05,279.7009451840119,0.0,0.0,0.0,0.0,nan,0.0,0.0,0.0,0.0,nan
86800,stable_muon,1,113,0.3,128,4,512,226048,4,nested_depth_one_shared_v2,1.7787227989174426e-05,1.0,0.004374799784272909,1.0,15865.303679291974,279.7036549573233,nan,1.120505452156067,5.523172074356618e-06,0.0,0.0,0.8409480842535466,0.0143972747027874,0,0,1,7300,0.04160716001575192,0.8409424150319688,0.8391085425961496,9.383556654418049e-05,279.7036549573233,0.0,0.0,0.0,0.0,nan,0.0,0.0,0.0,0.0,nan
86900,stable_muon,1,113,0.3,128,4,512,226048,4,nested_depth_one_shared_v2,1.7779944755602628e-05,1.0,0.0043785953894257545,1.0,15881.472313417005,279.70301447053475,nan,1.120505452156067,5.524216228332775e-06,0.0,0.0,0.8408279210185788,0.01438805554062128,0,0,1,7300,0.04218088543352295,0.8408222783172217,0.8391070635410545,9.512947484258297e-05,279.70301447053475,0.0,0.0,0.0,0.0,nan,0.0,0.0,0.0,0.0,nan
87000,stable_muon,1,113,0.3,128,4,512,226048,4,nested_depth_one_shared_v2,1.7792115613701753e-05,1.0,0.004407184198498726,1.0,15897.67837233399,279.69822785170487,nan,1.120505452156067,5.525179960777831e-06,0.0,0.0,0.8407844527722577,0.014327670447528362,0,0,1,7300,0.041861897964717176,0.8407788737608455,0.8390927433880757,9.441007054186762e-05,279.69822785170487,0.0,0.0,0.0,0.0,nan,0.0,0.0,0.0,0.0,nan
87100,stable_muon,1,113,0.3,128,4,512,226048,4,nested_depth_one_shared_v2,1.7810229110182263e-05,1.0,0.004439874552190304,1.0,15913.706698791939,279.6830762484418,nan,1.120505452156067,5.52890228484773e-06,0.0,0.0,0.8407125846015717,0.014287964440882206,0,0,1,7300,0.04163964759081045,0.8407068074233645,0.8390473358048145,9.390883494342018e-05,279.6830762484418,0.0,0.0,0.0,0.0,nan,0.0,0.0,0.0,0.0,nan
87200,stable_muon,1,113,0.3,128,4,512,226048,4,nested_depth_one_shared_v2,1.7831551303970627e-05,1.0,0.00444798544049263,1.0,15929.376563834026,279.6653790776791,nan,1.120505452156067,5.538233705886134e-06,0.0,0.0,0.8405531609151774,0.014223918318748474,0,0,1,7300,0.042326517101123076,0.8405475354538905,0.838994667712243,9.545791422731526e-05,279.6653790776791,0.0,0.0,0.0,0.0,nan,0.0,0.0,0.0,0.0,nan
87300,stable_muon,1,113,0.3,128,4,512,226048,4,nested_depth_one_shared_v2,1.786594293662347e-05,1.0,0.004461325705051422,1.0,15945.42515604198,279.63326744927065,nan,1.120505452156067,5.5508853788131954e-06,0.0,0.0,0.8402957145898691,0.014193315990269184,0,0,1,7300,0.041957775983543166,0.8402901531228553,0.838898763069617,9.462630179178384e-05,279.63326744927065,0.0,0.0,0.0,0.0,nan,0.0,0.0,0.0,0.0,nan
87400,stable_muon,1,113,0.3,128,4,512,226048,4,nested_depth_one_shared_v2,1.7903757907333784e-05,1.0,0.004465505015105009,1.0,15962.014179709018,279.59416172897727,nan,1.120505452156067,5.562809029597044e-06,0.0,0.0,0.8403716151684473,0.014221620745956898,0,0,1,7300,0.04208966778139158,0.8403658848732146,0.8387808842521929,9.492375399878261e-05,279.59416172897727,0.0,0.0,0.0,0.0,nan,0.0,0.0,0.0,0.0,nan
87500,stable_muon,1,113,0.3,128,4,512,226048,4,nested_depth_one_shared_v2,1.7938678865903057e-05,1.0,0.004478301852941513,1.0,15978.165558291948,279.5623742117866,nan,1.120505452156067,5.576343685706343e-06,0.0,0.0,0.8401483360607066,0.014198509976267815,0,0,1,7300,0.041952733811420506,0.8401427559572973,0.8386858866273094,9.461493030962634e-05,279.5623742117866,0.0,0.0,0.0,0.0,nan,0.0,0.0,0.0,0.0,nan
87600,stable_muon,1,113,0.3,128,4,512,226048,4,nested_depth_one_shared_v2,1.7995511370827444e-05,1.0,0.0044830418191850185,1.0,15994.182550083962,279.5197707498451,nan,1.120505452156067,5.592771219376656e-06,0.0,0.0,0.8398782354660395,0.014186090789735317,0,0,1,7300,0.041404432579703866,0.8398725374795329,0.8385584241823865,9.337836052943648e-05,279.5197707498451,0.0,0.0,0.0,0.0,nan,0.0,0.0,0.0,0.0,nan
87700,stable_muon,1,113,0.3,128,4,512,226048,4,nested_depth_one_shared_v2,1.8037686459138058e-05,1.0,0.004496608395129442,1.0,16010.333841916989,279.48762373657456,nan,1.120505452156067,5.605049961254506e-06,0.0,0.0,0.8400321733920246,0.014113019220530987,0,0,1,7300,0.041160219368787165,0.8400264645241889,0.8384611927649197,9.282759270497391e-05,279.48762373657456,0.0,0.0,0.0,0.0,nan,0.0,0.0,0.0,0.0,nan
87800,stable_muon,1,113,0.3,128,4,512,226048,4,nested_depth_one_shared_v2,1.807204716897104e-05,1.0,0.004507903009653091,1.0,16026.197292041965,279.4653803631072,nan,1.120505452156067,5.614414691871726e-06,0.0,0.0,0.8399609377625843,0.014124744571745396,0,0,1,7300,0.04032522288791207,0.8399550930287369,0.838394355144676,9.094444644323317e-05,279.4653803631072,0.0,0.0,0.0,0.0,nan,0.0,0.0,0.0,0.0,nan
87900,stable_muon,1,113,0.3,128,4,512,226048,4,nested_depth_one_shared_v2,1.8103546608472243e-05,1.0,0.004504283890128136,1.0,16042.321790791932,279.44732730496736,nan,1.120505452156067,5.625993545159906e-06,0.0,0.0,0.8399342663112367,0.014073639176785946,0,0,1,7300,0.041238102929522284,0.8399285212646133,0.8383402462138747,9.300324151261402e-05,279.44732730496736,0.0,0.0,0.0,0.0,nan,0.0,0.0,0.0,0.0,nan
88000,stable_muon,1,113,0.3,128,4,512,226048,4,nested_depth_one_shared_v2,1.811496986192651e-05,1.0,0.004463554359972477,1.0,16058.430470874999,279.43274002429,nan,1.120505452156067,5.631313149274559e-06,0.0,0.0,0.8401026903675491,0.014142990112304688,0,0,1,7300,0.04128357746233412,0.8400971385667861,0.838295850898631,9.310579906636474e-05,279.43274002429,0.0,0.0,0.0,0.0,nan,0.0,0.0,0.0,0.0,nan
88100,stable_muon,1,113,0.3,128,4,512,226048,4,nested_depth_one_shared_v2,1.8120757886208594e-05,1.0,0.004425122402608395,1.0,16074.485307291965,279.41380155985,nan,1.120505452156067,5.630844330698117e-06,0.0,0.0,0.8399073100224628,0.014143123291432858,0,0,1,7300,0.04094402163822409,0.8399019689269692,0.8382394029200452,9.234000747865055e-05,279.41380155985,0.0,0.0,0.0,0.0,nan,0.0,0.0,0.0,0.0,nan
88200,stable_muon,1,113,0.3,128,4,512,226048,4,nested_depth_one_shared_v2,1.8122687833965756e-05,1.0,0.0044230069033801556,1.0,16091.13623116701,279.40385751475304,nan,1.120505452156067,5.634679625907804e-06,0.0,0.0,0.8399587919199049,0.01414476241916418,0,0,1,7300,0.04083908433300031,0.8399532506288512,0.8382093109637371,9.210334505123266e-05,279.40385751475304,0.0,0.0,0.0,0.0,nan,0.0,0.0,0.0,0.0,nan
88300,stable_muon,1,113,0.3,128,4,512,226048,4,nested_depth_one_shared_v2,1.8114689737558365e-05,1.0,0.004437931347638369,1.0,16107.162302416982,279.40036024753346,nan,1.120505452156067,5.631425561867077e-06,0.0,0.0,0.8399971738144201,0.014205998741090298,0,0,1,7300,0.040611125180807964,0.8399914795670764,0.8381986390608684,9.158923459075418e-05,279.40036024753346,0.0,0.0,0.0,0.0,nan,0.0,0.0,0.0,0.0,nan
88400,stable_muon,1,113,0.3,128,4,512,226048,4,nested_depth_one_shared_v2,1.8090069715981372e-05,1.0,0.004448331892490387,1.0,16123.122533374932,279.4075065460529,nan,1.120505452156067,5.621591372342099e-06,0.0,0.0,0.8400895844683437,0.014177916571497917,0,0,1,7300,0.03937907331397361,0.8400840248762144,0.8382196870936182,8.881061944633076e-05,279.4075065460529,0.0,0.0,0.0,0.0,nan,0.0,0.0,0.0,0.0,nan
88500,stable_muon,1,113,0.3,128,4,512,226048,4,nested_depth_one_shared_v2,1.8069247744278982e-05,1.0,0.004474325571209192,1.0,16139.250486959005,279.42041460429937,nan,1.120505452156067,5.621927110317756e-06,0.0,0.0,0.8402012487409353,0.01423699501901865,0,0,1,7300,0.03939456280275289,0.8401955645904919,0.838258193723066,8.884555249522266e-05,279.42041460429937,0.0,0.0,0.0,0.0,nan,0.0,0.0,0.0,0.0,nan
88600,stable_muon,1,113,0.3,128,4,512,226048,4,nested_depth_one_shared_v2,1.8052345694741234e-05,1.0,0.004510561935603619,1.0,16155.338176666992,279.4388141101501,nan,1.120505452156067,5.6101375950330936e-06,0.0,0.0,0.8403077895143655,0.014108460396528244,0,0,1,7300,0.038091743387652595,0.8403021874073515,0.8383130563269534,8.590733710454444e-05,279.4388141101501,0.0,0.0,0.0,0.0,nan,0.0,0.0,0.0,0.0,nan
88700,stable_muon,1,113,0.3,128,4,512,226048,4,nested_depth_one_shared_v2,1.8024553355644457e-05,1.0,0.004537062719464302,1.0,16171.200838792021,279.45991091766143,nan,1.120505452156067,5.602145388204945e-06,0.0,0.0,0.8403326631422332,0.014128108508884907,0,0,1,7300,0.038077427344113644,0.8403269832106476,0.8383764607065465,8.58750504967673e-05,279.45991091766143,0.0,0.0,0.0,0.0,nan,0.0,0.0,0.0,0.0,nan
88800,stable_muon,1,113,0.3,128,4,512,226048,4,nested_depth_one_shared_v2,1.8011916836258024e-05,1.0,0.004558389075100422,1.0,16187.215803624946,279.46517372551904,nan,1.120505452156067,5.602161220485908e-06,0.0,0.0,0.840056368488645,0.014071102254092693,0,0,1,7300,0.038639173169575096,0.8400506884964656,0.8383932069618996,8.714194152624511e-05,279.46517372551904,0.0,0.0,0.0,0.0,nan,0.0,0.0,0.0,0.0,nan
88900,stable_muon,1,113,0.3,128,4,512,226048,4,nested_depth_one_shared_v2,1.7988884792430326e-05,1.0,0.004566716030240059,1.0,16203.422527584014,279.46743399630117,nan,1.120505452156067,5.590365917730953e-06,0.0,0.0,0.8401195993185872,0.01411461178213358,0,0,1,7300,0.03820947843341921,0.8401140323847414,0.8383997581311765,8.617286194972571e-05,279.46743399630117,0.0,0.0,0.0,0.0,nan,0.0,0.0,0.0,0.0,nan
89000,stable_muon,1,113,0.3,128,4,512,226048,4,nested_depth_one_shared_v2,1.7953650967683643e-05,1.0,0.004578221123665571,1.0,16219.388666542014,279.47793834643426,nan,1.120505452156067,5.578410062240716e-06,0.0,0.0,0.8402867207124187,0.014204363338649273,0,0,1,7300,0.038875809369314764,0.840280978602339,0.8384309545889281,8.76756211106971e-05,279.47793834643426,0.0,0.0,0.0,0.0,nan,0.0,0.0,0.0,0.0,nan
89100,stable_muon,1,113,0.3,128,4,512,226048,4,nested_depth_one_shared_v2,1.7906246284837835e-05,1.0,0.004606550093740225,1.0,16235.237628125004,279.49183244484027,nan,1.120505452156067,5.566929746378572e-06,0.0,0.0,0.8402665784099363,0.014150073751807213,0,0,1,7300,0.03853664963096647,0.8402608910604381,0.8384727760507217,8.691072280509683e-05,279.49183244484027,0.0,0.0,0.0,0.0,nan,0.0,0.0,0.0,0.0,nan
89200,stable_muon,1,113,0.3,128,4,512,226048,4,nested_depth_one_shared_v2,1.7873629985842854e-05,1.0,0.004626956768333912,1.0,16250.966825208976,279.48899254621676,nan,1.120505452156067,5.557474703971919e-06,0.0,0.0,0.8401136945367843,0.01407209038734436,0,0,1,7300,0.03854323883002742,0.84010816110577,0.8384646921109562,8.692558325764207e-05,279.48899254621676,0.0,0.0,0.0,0.0,nan,0.0,0.0,0.0,0.0,nan
89300,stable_muon,1,113,0.3,128,4,512,226048,4,nested_depth_one_shared_v2,1.7863139873952605e-05,1.0,0.004632363561540842,1.0,16267.194054291933,279.4746658573761,nan,1.120505452156067,5.5496111943966206e-06,0.0,0.0,0.8398955885511742,0.014072561636567116,0,0,1,7300,0.038683426410715684,0.8398897236846736,0.8384222604847593,8.724174473204601e-05,279.4746658573761,0.0,0.0,0.0,0.0,nan,0.0,0.0,0.0,0.0,nan
89400,stable_muon,1,113,0.3,128,4,512,226048,4,nested_depth_one_shared_v2,1.784076084732078e-05,1.0,0.004620224237442017,1.0,16283.270028166939,279.4622395552179,nan,1.120505452156067,5.547749105450355e-06,0.0,0.0,0.8399900526747495,0.01401561964303255,0,0,1,7300,0.03876569864612668,0.8399842521472736,0.8383845957600718,8.742729120572325e-05,279.4622395552179,0.0,0.0,0.0,0.0,nan,0.0,0.0,0.0,0.0,nan
89500,stable_muon,1,113,0.3,128,4,512,226048,4,nested_depth_one_shared_v2,1.782644358172547e-05,1.0,0.004612087272107601,1.0,16299.356854583952,279.4455188322114,nan,1.120505452156067,5.539509324397571e-06,0.0,0.0,0.8398700196437139,0.014024496078491211,0,0,1,7300,0.03981500942289736,0.8398642536115999,0.8383347918179703,8.979377503162999e-05,279.4455188322114,0.0,0.0,0.0,0.0,nan,0.0,0.0,0.0,0.0,nan
89600,stable_muon,1,113,0.3,128,4,512,226048,4,nested_depth_one_shared_v2,1.7822583686211146e-05,1.0,0.004596624989062548,1.0,16315.292215249967,279.42819871866516,nan,1.120505452156067,5.539028156136959e-06,0.0,0.0,0.8398255172113697,0.013938609510660172,0,0,1,7300,0.039572949897185225,0.8398199124474316,0.8382827742989686,8.924786435846666e-05,279.42819871866516,0.0,0.0,0.0,0.0,nan,0.0,0.0,0.0,0.0,nan
89700,stable_muon,1,113,0.3,128,4,512,226048,4,nested_depth_one_shared_v2,1.783923653420061e-05,1.0,0.004586261231452227,1.0,16331.110960374936,279.4027477629862,nan,1.120505452156067,5.540623631145783e-06,0.0,0.0,0.8396187135039802,0.013906572945415974,0,0,1,7300,0.039280740828807316,0.8396129498883934,0.838206774150871,8.858885270109308e-05,279.4027477629862,0.0,0.0,0.0,0.0,nan,0.0,0.0,0.0,0.0,nan
89800,stable_muon,1,113,0.3,128,4,512,226048,4,nested_depth_one_shared_v2,1.7855700207292102e-05,1.0,0.004551077727228403,1.0,16347.047604624997,279.3803062439993,nan,1.120505452156067,5.5504255379529096e-06,0.0,0.0,0.8396855462173642,0.0138808973133564,0,0,1,7300,0.0398256957343728,0.839679840824842,0.8381391223994332,8.98178755972823e-05,279.3803062439993,0.0,0.0,0.0,0.0,nan,0.0,0.0,0.0,0.0,nan
89900,stable_muon,1,113,0.3,128,4,512,226048,4,nested_depth_one_shared_v2,1.7886017303681e-05,1.0,0.004531672690063715,1.0,16363.08870016702,279.36330601200297,nan,1.120505452156067,5.557780669706445e-06,0.0,0.0,0.8395390325721815,0.013904386200010777,0,0,1,7300,0.038963683106579744,0.8395333208520375,0.8380882882501903,8.787380050860582e-05,279.36330601200297,0.0,0.0,0.0,0.0,nan,0.0,0.0,0.0,0.0,nan
90000,stable_muon,1,113,0.3,128,4,512,226048,4,nested_depth_one_shared_v2,1.7911133909365162e-05,1.0,0.00450667180120945,1.0,16379.261060749996,279.35424570474163,nan,1.120505452156067,5.564156689355863e-06,0.0,0.0,0.8395730098861679,0.01391490176320076,0,0,1,7300,0.038994439180575186,0.839567350153213,0.8380609272003562,8.794316389767021e-05,279.35424570474163,0.0,0.0,0.0,0.0,nan,0.0,0.0,0.0,0.0,nan
90100,stable_muon,1,113,0.3,128,4,512,226048,4,nested_depth_one_shared_v2,1.7949978428077884e-05,1.0,0.004493708722293377,1.0,16395.599622917012,279.34729905636533,nan,1.120505452156067,5.575884932976959e-06,0.0,0.0,0.8396162037491194,0.013762090355157852,0,0,1,7300,0.03956669974325341,0.8396104315211306,0.8380399750976547,8.923376854575177e-05,279.34729905636533,0.0,0.0,0.0,0.0,nan,0.0,0.0,0.0,0.0,nan
90200,stable_muon,1,113,0.3,128,4,512,226048,4,nested_depth_one_shared_v2,1.7972417481360026e-05,1.0,0.004478598479181528,1.0,16411.71285862499,279.3461157722132,nan,1.120505452156067,5.582640801139933e-06,0.0,0.0,0.8398850427838656,0.013754313811659813,0,0,1,7300,0.04048602627811087,0.8398793734622927,0.8380357353785837,9.130710222689677e-05,279.3461157722132,0.0,0.0,0.0,0.0,nan,0.0,0.0,0.0,0.0,nan
90300,stable_muon,1,113,0.3,128,4,512,226048,4,nested_depth_one_shared_v2,1.79888193088118e-05,1.0,0.004454346839338541,1.0,16428.385797000024,279.3490637961242,nan,1.120505452156067,5.583931216175701e-06,0.0,0.0,0.8399685890309628,0.0137417521327734,0,0,1,7300,0.04064300496982574,0.8399628442567764,0.8380443771566455,9.166113226564137e-05,279.3490637961242,0.0,0.0,0.0,0.0,nan,0.0,0.0,0.0,0.0,nan
90400,stable_muon,1,113,0.3,128,4,512,226048,4,nested_depth_one_shared_v2,1.799339588615112e-05,1.0,0.004446923267096281,1.0,16444.28048104199,279.34979147786544,nan,1.120505452156067,5.592199848239155e-06,0.0,0.0,0.8396673259958128,0.013727715238928795,0,0,1,7300,0.04096842339999637,0.8396614720873912,0.8380475230603472,9.239504014946277e-05,279.34979147786544,0.0,0.0,0.0,0.0,nan,0.0,0.0,0.0,0.0,nan
90500,stable_muon,1,113,0.3,128,4,512,226048,4,nested_depth_one_shared_v2,1.8015400200965814e-05,1.0,0.00444550858810544,1.0,16460.185285583953,279.3378039006974,nan,1.120505452156067,5.594787863819712e-06,0.0,0.0,0.8397704404999392,0.01370109524577856,0,0,1,7300,0.04087527984221534,0.8397647353183,0.8380111270359399,9.218497585978246e-05,279.3378039006974,0.0,0.0,0.0,0.0,nan,0.0,0.0,0.0,0.0,nan
90600,stable_muon,1,113,0.3,128,4,512,226048,4,nested_depth_one_shared_v2,1.8026419638772495e-05,1.0,0.00446497043594718,1.0,16476.202969416976,279.3369407889818,nan,1.120505452156067,5.601966629310396e-06,0.0,0.0,0.8399144789826855,0.013657286763191223,0,0,1,7300,0.040518500911781836,0.8399087295357963,0.838008043694792,9.138034143975524e-05,279.3369407889818,0.0,0.0,0.0,0.0,nan,0.0,0.0,0.0,0.0,nan
90700,stable_muon,1,113,0.3,128,4,512,226048,4,nested_depth_one_shared_v2,1.8037033441942185e-05,1.0,0.004478644113987684,1.0,16492.270253833965,279.34320623173386,nan,1.120505452156067,5.6068160908205725e-06,0.0,0.0,0.8398825945502889,0.013579929247498512,0,0,1,7300,0.04026197096533265,0.8398769222221969,0.8380269554739662,9.080179599585822e-05,279.34320623173386,0.0,0.0,0.0,0.0,nan,0.0,0.0,0.0,0.0,nan
90800,stable_muon,1,113,0.3,128,4,512,226048,4,nested_depth_one_shared_v2,1.8047086996375583e-05,1.0,0.004468166269361973,1.0,16508.27380199998,279.3572249282045,nan,1.120505452156067,5.6108769792428515e-06,0.0,0.0,0.8400506462849935,0.013629046268761158,0,0,1,7300,0.040730461490812234,0.8400450581215723,0.8380686990880776,9.185837072632082e-05,279.3572249282045,0.0,0.0,0.0,0.0,nan,0.0,0.0,0.0,0.0,nan
90900,stable_muon,1,113,0.3,128,4,512,226048,4,nested_depth_one_shared_v2,1.8055614418699406e-05,1.0,0.004436713643372059,1.0,16524.073118209024,279.3812979519393,nan,1.120505452156067,5.61058261566789e-06,0.0,0.0,0.8402402353266532,0.013728409074246883,0,0,1,7300,0.0402693626746688,0.8402344769849504,0.8381404975479089,9.08184663293543e-05,279.3812979519393,0.0,0.0,0.0,0.0,nan,0.0,0.0,0.0,0.0,nan
91000,stable_muon,1,113,0.3,128,4,512,226048,4,nested_depth_one_shared_v2,1.806971340556629e-05,1.0,0.00441447040066123,1.0,16539.925841458957,279.4090678037912,nan,1.120505452156067,5.6161418878886675e-06,0.0,0.0,0.8403155048663291,0.013660280965268612,0,0,1,7300,0.04005031983390003,0.8403098391274488,0.8382237993059617,9.03244645985656e-05,279.4090678037912,0.0,0.0,0.0,0.0,nan,0.0,0.0,0.0,0.0,nan
91100,stable_muon,1,113,0.3,128,4,512,226048,4,nested_depth_one_shared_v2,1.808163506211713e-05,1.0,0.004395708907395601,1.0,16556.09632087499,279.44174090557834,nan,1.120505452156067,5.619810631714026e-06,0.0,0.0,0.8403976832517609,0.013644590973854065,0,0,1,7300,0.0403499828846675,0.8403918790180893,0.8383219095876328,9.100028703226397e-05,279.44174090557834,0.0,0.0,0.0,0.0,nan,0.0,0.0,0.0,0.0,nan
91200,stable_muon,1,113,0.3,128,4,512,226048,4,nested_depth_one_shared_v2,1.8091779566020705e-05,1.0,0.004366569221019745,1.0,16572.09655108396,279.4749306584062,nan,1.120505452156067,5.622293155518611e-06,0.0,0.0,0.8406658718543201,0.013704895973205566,0,0,1,7300,0.040285034476692065,0.8406603359108293,0.8384209596379976,9.085381054465438e-05,279.4749306584062,0.0,0.0,0.0,0.0,nan,0.0,0.0,0.0,0.0,nan
91300,stable_muon,1,113,0.3,128,4,512,226048,4,nested_depth_one_shared_v2,1.8100992747349665e-05,1.0,0.004338726866990328,1.0,16588.26826225,279.50625445449265,nan,1.120505452156067,5.6249295298513486e-06,0.0,0.0,0.840575343518956,0.013683175668120384,0,0,1,7300,0.04027153306420095,0.840569607683342,0.838515485945252,9.08233611534974e-05,279.50625445449265,0.0,0.0,0.0,0.0,nan,0.0,0.0,0.0,0.0,nan
91400,stable_muon,1,113,0.3,128,4,512,226048,4,nested_depth_one_shared_v2,1.8107655705534853e-05,1.0,0.004312606994062662,1.0,16604.74461908394,279.53108395476465,nan,1.120505452156067,5.624585566278998e-06,0.0,0.0,0.8405650020718964,0.013634498231112957,0,0,1,7300,0.04066663259237564,0.840559121429285,0.8385902876943946,9.171441904001441e-05,279.53108395476465,0.0,0.0,0.0,0.0,nan,0.0,0.0,0.0,0.0,nan
91500,stable_muon,1,113,0.3,128,4,512,226048,4,nested_depth_one_shared_v2,1.8127169823856093e-05,1.0,0.004291687626391649,1.0,16621.16658320895,279.5532737108953,nan,1.120505452156067,5.63541739369526e-06,0.0,0.0,0.8406190427391989,0.013644135557115078,0,0,1,7300,0.04119275956192601,0.8406132885309836,0.8386569711654027,9.290097977242779e-05,279.5532737108953,0.0,0.0,0.0,0.0,nan,0.0,0.0,0.0,0.0,nan
91600,stable_muon,1,113,0.3,128,4,512,226048,4,nested_depth_one_shared_v2,1.8152784832636826e-05,1.0,0.004280841443687677,1.0,16637.256804917008,279.57393911507893,nan,1.120505452156067,5.63762010672e-06,0.0,0.0,0.8408249021755465,0.013662836514413357,0,0,1,7300,0.04110105897206317,0.8408191848712849,0.8387185196112238,9.269416977148186e-05,279.57393911507893,0.0,0.0,0.0,0.0,nan,0.0,0.0,0.0,0.0,nan
91700,stable_muon,1,113,0.3,128,4,512,226048,4,nested_depth_one_shared_v2,1.8160193576477468e-05,1.0,0.004279160872101784,1.0,16653.172384249978,279.5956567307227,nan,1.120505452156067,5.639468757684479e-06,0.0,0.0,0.840604492260761,0.013637851923704147,0,0,1,7300,0.03956752223177295,0.840598669426574,0.8387843125859592,8.92356234831274e-05,279.5956567307227,0.0,0.0,0.0,0.0,nan,0.0,0.0,0.0,0.0,nan
91800,stable_muon,1,113,0.3,128,4,512,226048,4,nested_depth_one_shared_v2,1.8171709598391317e-05,1.0,0.004268506076186895,1.0,16668.98541670898,279.61383200900093,nan,1.120505452156067,5.646285880593951e-06,0.0,0.0,0.8406475772963806,0.013661585748195648,0,0,1,7300,0.040390040752265766,0.84064204494491,0.838838989466009,9.109062851914295e-05,279.61383200900093,0.0,0.0,0.0,0.0,nan,0.0,0.0,0.0,0.0,nan
91900,stable_muon,1,113,0.3,128,4,512,226048,4,nested_depth_one_shared_v2,1.8196235032519326e-05,1.0,0.004255831707268953,1.0,16684.901996208937,279.62417331034163,nan,1.120505452156067,5.654339780522993e-06,0.0,0.0,0.8408344590662445,0.013596752658486366,0,0,1,7300,0.04045927211441867,0.8408287817057339,0.8388695536761206,9.124676424404664e-05,279.62417331034163,0.0,0.0,0.0,0.0,nan,0.0,0.0,0.0,0.0,nan
92000,stable_muon,1,113,0.3,128,4,512,226048,4,nested_depth_one_shared_v2,1.8230375644634478e-05,1.0,0.004248385783284903,1.0,16700.898167417035,279.63046452770215,nan,1.120505452156067,5.665641744003411e-06,0.0,0.0,0.8406546762071517,0.0136295510455966,0,0,1,7300,0.040008473998477206,0.8406490801862959,0.8388889612430908,9.023009075346469e-05,279.63046452770215,0.0,0.0,0.0,0.0,nan,0.0,0.0,0.0,0.0,nan
92100,stable_muon,1,113,0.3,128,4,512,226048,4,nested_depth_one_shared_v2,1.8261536752106622e-05,1.0,0.004237871151417494,1.0,16717.28793095902,279.63378576201734,nan,1.120505452156067,5.673968564831173e-06,0.0,0.0,0.840629300167741,0.013674741610884666,0,0,1,7300,0.03980341956220801,0.840623582543619,0.8388990025749078,8.976763671448598e-05,279.63378576201734,0.0,0.0,0.0,0.0,nan,0.0,0.0,0.0,0.0,nan
92200,stable_muon,1,113,0.3,128,4,512,226048,4,nested_depth_one_shared_v2,1.8283852114109322e-05,1.0,0.004237317480146885,1.0,16733.542428000015,279.63456155145445,nan,1.120505452156067,5.683646565886201e-06,0.0,0.0,0.8407664176147834,0.013676226139068604,0,0,1,7300,0.04034301702857544,0.840760922991872,0.838901000137029,9.098457711472535e-05,279.63456155145445,0.0,0.0,0.0,0.0,nan,0.0,0.0,0.0,0.0,nan
92300,stable_muon,1,113,0.3,128,4,512,226048,4,nested_depth_one_shared_v2,1.8304332115803845e-05,1.0,0.004236585460603237,1.0,16749.612478708965,279.63084651569403,nan,1.120505452156067,5.687125004197165e-06,0.0,0.0,0.8406060717272473,0.01369917206466198,0,0,1,7300,0.03911859972126904,0.8406003495051716,0.8388901316896485,8.822317999764025e-05,279.63084651569403,0.0,0.0,0.0,0.0,nan,0.0,0.0,0.0,0.0,nan
92400,stable_muon,1,113,0.3,128,4,512,226048,4,nested_depth_one_shared_v2,1.832325324357953e-05,1.0,0.00423453887924552,1.0,16765.687100333977,279.63066160012903,nan,1.120505452156067,5.6933852365990605e-06,0.0,0.0,0.8407467055739952,0.013668826781213284,0,0,1,7300,0.03945784630712914,0.8407409633847045,0.8388891989271494,8.898827416821833e-05,279.63066160012903,0.0,0.0,0.0,0.0,nan,0.0,0.0,0.0,0.0,nan
92500,stable_muon,1,113,0.3,128,4,512,226048,4,nested_depth_one_shared_v2,1.834090107877273e-05,1.0,0.004236550070345402,1.0,16781.828739874996,279.6346459726783,nan,1.120505452156067,5.6987719232642526e-06,0.0,0.0,0.8407739071432407,0.013705186545848846,0,0,1,7300,0.04002444788127438,0.8407682173766096,0.8389011863870356,9.026611624382778e-05,279.6346459726783,0.0,0.0,0.0,0.0,nan,0.0,0.0,0.0,0.0,nan
92600,stable_muon,1,113,0.3,128,4,512,226048,4,nested_depth_one_shared_v2,1.8350019672652707e-05,1.0,0.004244368057698011,1.0,16797.945718124975,279.6486119266062,nan,1.120505452156067,5.701783277433967e-06,0.0,0.0,0.8406895561628459,0.013729124329984188,0,0,1,7300,0.03938821453226214,0.8406841968488833,0.8389433734757965,8.883123540273546e-05,279.6486119266062,0.0,0.0,0.0,0.0,nan,0.0,0.0,0.0,0.0,nan
92700,stable_muon,1,113,0.3,128,4,512,226048,4,nested_depth_one_shared_v2,1.8352759070694447e-05,1.0,0.0042474833317101,1.0,16813.93338212499,279.65666655019044,nan,1.120505452156067,5.70083190096182e-06,0.0,0.0,0.8406304776300241,0.013754400424659252,0,0,1,7300,0.038945852872072764,0.8406245797710087,0.8389677279217415,8.783358843558895e-05,279.65666655019044,0.0,0.0,0.0,0.0,nan,0.0,0.0,0.0,0.0,nan
92800,stable_muon,1,113,0.3,128,4,512,226048,4,nested_depth_one_shared_v2,1.8376258594798855e-05,1.0,0.004237794317305088,1.0,16829.911495959037,279.6468048820583,nan,1.120505452156067,5.711364181335477e-06,0.0,0.0,0.8407103042866327,0.013753651641309261,0,0,1,7300,0.039388714857132634,0.8407047088349647,0.8389378742339226,8.88323637726521e-05,279.6468048820583,0.0,0.0,0.0,0.0,nan,0.0,0.0,0.0,0.0,nan
92900,stable_muon,1,113,0.3,128,4,512,226048,4,nested_depth_one_shared_v2,1.839434298744891e-05,1.0,0.004223428666591644,1.0,16846.13286212494,279.6427905573307,nan,1.120505452156067,5.717691649469123e-06,0.0,0.0,0.8407286476079603,0.01378475222736597,0,0,1,7300,0.039740147094701465,0.8407227333956931,0.838925790354786,8.962493993266101e-05,279.6427905573307,0.0,0.0,0.0,0.0,nan,0.0,0.0,0.0,0.0,nan
93000,stable_muon,1,113,0.3,128,4,512,226048,4,nested_depth_one_shared_v2,1.8412956706015393e-05,1.0,0.004221182316541672,1.0,16862.235326417023,279.6405382057213,nan,1.120505452156067,5.726301398250283e-06,0.0,0.0,0.8407325819950717,0.01378693338483572,0,0,1,7300,0.039957892040262157,0.8407269852940692,0.8389190311541831,9.01160145534975e-05,279.6405382057213,0.0,0.0,0.0,0.0,nan,0.0,0.0,0.0,0.0,nan
93100,stable_muon,1,113,0.3,128,4,512,226048,4,nested_depth_one_shared_v2,1.842381425376516e-05,1.0,0.004219054244458675,1.0,16878.134924000013,279.6442661019608,nan,1.120505452156067,5.726792154402842e-06,0.0,0.0,0.8407249758527986,0.013741970993578434,0,0,1,7300,0.03930671421576928,0.8407192204192863,0.8389301796560855,8.86474298181019e-05,279.6442661019608,0.0,0.0,0.0,0.0,nan,0.0,0.0,0.0,0.0,nan
93200,stable_muon,1,113,0.3,128,4,512,226048,4,nested_depth_one_shared_v2,1.8431346688885242e-05,1.0,0.004223093390464783,1.0,16894.231427334016,279.64684915728276,nan,1.120505452156067,5.729316355655579e-06,0.0,0.0,0.8407537013870936,0.013743721880018711,0,0,1,7300,0.03953553699791752,0.8407480278658694,0.8389378975524121,8.916348800118785e-05,279.64684915728276,0.0,0.0,0.0,0.0,nan,0.0,0.0,0.0,0.0,nan
93300,stable_muon,1,113,0.3,128,4,512,226048,4,nested_depth_one_shared_v2,1.8433836885378696e-05,1.0,0.004227316007018089,1.0,16910.544467333937,279.65236310760616,nan,1.120505452156067,5.728442980685742e-06,0.0,0.0,0.8408825534423832,0.013727840036153793,0,0,1,7300,0.03893065780852963,0.8408769073474972,0.8389540157091421,8.779931939642106e-05,279.65236310760616,0.0,0.0,0.0,0.0,nan,0.0,0.0,0.0,0.0,nan
93400,stable_muon,1,113,0.3,128,4,512,226048,4,nested_depth_one_shared_v2,1.8435548554407433e-05,1.0,0.004235731903463602,1.0,16926.56048174994,279.6586037768036,nan,1.120505452156067,5.729351788014484e-06,0.0,0.0,0.8406111335047465,0.013692299835383892,0,0,1,7300,0.03879720537990353,0.8406056548296216,0.8389735935003716,8.749834753864258e-05,279.6586037768036,0.0,0.0,0.0,0.0,nan,0.0,0.0,0.0,0.0,nan
93500,stable_muon,1,113,0.3,128,4,512,226048,4,nested_depth_one_shared_v2,1.844202051870525e-05,1.0,0.004247413482517004,1.0,16942.827891291934,279.65840814509124,nan,1.120505452156067,5.731615424847684e-06,0.0,0.0,0.8407093378690264,0.013746852986514568,0,0,1,7300,0.03823904736164422,0.8407035106715707,0.8389726329197054,8.62395479992193e-05,279.65840814509124,0.0,0.0,0.0,0.0,nan,0.0,0.0,0.0,0.0,nan
93600,stable_muon,1,113,0.3,128,4,512,226048,4,nested_depth_one_shared_v2,1.843750760599505e-05,1.0,0.004257132299244404,1.0,16958.66859520902,279.66854699137883,nan,1.120505452156067,5.729463821633511e-06,0.0,0.0,0.8408326491443865,0.01371405366808176,0,0,1,7300,0.038134801668281086,0.8408269243561474,0.8390027547060828,8.600444534638702e-05,279.66854699137883,0.0,0.0,0.0,0.0,nan,0.0,0.0,0.0,0.0,nan
93700,stable_muon,1,113,0.3,128,4,512,226048,4,nested_depth_one_shared_v2,1.8441834981786087e-05,1.0,0.004265619441866875,1.0,16974.44463837496,279.67669168237626,nan,1.120505452156067,5.734039196987347e-06,0.0,0.0,0.8409303038006428,0.013719579204916954,0,0,1,7300,0.03805827215302745,0.8409245712766825,0.8390269574908771,8.583185028297828e-05,279.67669168237626,0.0,0.0,0.0,0.0,nan,0.0,0.0,0.0,0.0,nan
93800,stable_muon,1,113,0.3,128,4,512,226048,4,nested_depth_one_shared_v2,1.844407779572066e-05,1.0,0.004288212861865759,1.0,16990.51266274997,279.687643405472,nan,1.120505452156067,5.734007146353446e-06,0.0,0.0,0.8409474459649448,0.013739906251430511,0,0,1,7300,0.03802613861081177,0.8409418524648654,0.8390598551563829,8.575938032497734e-05,279.687643405472,0.0,0.0,0.0,0.0,nan,0.0,0.0,0.0,0.0,nan
93900,stable_muon,1,113,0.3,128,4,512,226048,4,nested_depth_one_shared_v2,1.8457740225130692e-05,1.0,0.00432784017175436,1.0,17006.46512841701,279.6934878952695,nan,1.120505452156067,5.741865150597022e-06,0.0,0.0,0.8406964968741355,0.01373045053333044,0,0,1,7300,0.03803480860047992,0.8406908154548288,0.8390781995694891,8.577893353149599e-05,279.6934878952695,0.0,0.0,0.0,0.0,nan,0.0,0.0,0.0,0.0,nan
94000,stable_muon,1,113,0.3,128,4,512,226048,4,nested_depth_one_shared_v2,1.8482764062355272e-05,1.0,0.004366793669760227,1.0,17022.935661250027,279.6806162301827,nan,1.120505452156067,5.7445463258378105e-06,0.0,0.0,0.8406212268043589,0.013772902078926563,0,0,1,7300,0.03893578059668801,0.8406156798472698,0.8390398187714134,8.781087268986731e-05,279.6806162301827,0.0,0.0,0.0,0.0,nan,0.0,0.0,0.0,0.0,nan
94100,stable_muon,1,113,0.3,128,4,512,226048,4,nested_depth_one_shared_v2,1.8494405594537966e-05,1.0,0.004388684406876564,1.0,17039.017543416936,279.66598461860065,nan,1.120505452156067,5.75060006635636e-06,0.0,0.0,0.8406090273519183,0.013751421123743057,0,0,1,7300,0.039183601121485744,0.8406033808428636,0.8389958634372178,8.836977599729968e-05,279.66598461860065,0.0,0.0,0.0,0.0,nan,0.0,0.0,0.0,0.0,nan
94200,stable_muon,1,113,0.3,128,4,512,226048,4,nested_depth_one_shared_v2,1.8497237761039287e-05,1.0,0.004407293163239956,1.0,17055.247638333938,279.6571511529782,nan,1.120505452156067,5.74940669735213e-06,0.0,0.0,0.8405929178337942,0.013704759068787098,0,0,1,7300,0.03786976836852314,0.8405873630280113,0.838969150524583,8.54067225067016e-05,279.6571511529782,0.0,0.0,0.0,0.0,nan,0.0,0.0,0.0,0.0,nan
94300,stable_muon,1,113,0.3,128,4,512,226048,4,nested_depth_one_shared_v2,1.8495462427381426e-05,1.0,0.004413359798491001,1.0,17071.267587749986,279.65070336396553,nan,1.120505452156067,5.75385753383174e-06,0.0,0.0,0.840541956029257,0.01371754426509142,0,0,1,7300,0.03842950911209027,0.8405364181462938,0.8389499788473962,8.666909152613474e-05,279.65070336396553,0.0,0.0,0.0,0.0,nan,0.0,0.0,0.0,0.0,nan
94400,stable_muon,1,113,0.3,128,4,512,226048,4,nested_depth_one_shared_v2,1.849176078394521e-05,1.0,0.004424493294209242,1.0,17087.583265708992,279.6395767449799,nan,1.120505452156067,5.748281267224815e-06,0.0,0.0,0.8404726730990102,0.013703722506761551,0,0,1,7300,0.037760732278818876,0.8404669905009606,0.8389166166596128,8.516081619520886e-05,279.6395767449799,0.0,0.0,0.0,0.0,nan,0.0,0.0,0.0,0.0,nan
94500,stable_muon,1,113,0.3,128,4,512,226048,4,nested_depth_one_shared_v2,1.847803287091665e-05,1.0,0.004420158918946981,1.0,17103.531166583998,279.63234826170554,nan,1.120505452156067,5.742824336899866e-06,0.0,0.0,0.8404513642085751,0.013607681728899479,0,0,1,7300,0.03789922819058178,0.8404454638118948,0.8388949495334103,8.547316249184158e-05,279.63234826170554,0.0,0.0,0.0,0.0,nan,0.0,0.0,0.0,0.0,nan
94600,stable_muon,1,113,0.3,128,4,512,226048,4,nested_depth_one_shared_v2,1.8476510376785882e-05,1.0,0.004414370749145746,1.0,17119.343239333946,279.61919804983654,nan,1.120505452156067,5.746205877275989e-06,0.0,0.0,0.8404258511913495,0.013627045787870884,0,0,1,7300,0.038579650722205074,0.8404201182746354,0.8388555495486523,8.700770206916734e-05,279.61919804983654,0.0,0.0,0.0,0.0,nan,0.0,0.0,0.0,0.0,nan
94700,stable_muon,1,113,0.3,128,4,512,226048,4,nested_depth_one_shared_v2,1.847233943408355e-05,1.0,0.0043913573026657104,1.0,17135.32123599993,279.6053775954691,nan,1.120505452156067,5.744254336062346e-06,0.0,0.0,0.8404103797694086,0.013551004230976105,0,0,1,7300,0.03926407298985061,0.8404046386414836,0.8388141052638771,8.855126214910689e-05,279.6053775954691,0.0,0.0,0.0,0.0,nan,0.0,0.0,0.0,0.0,nan
94800,stable_muon,1,113,0.3,128,4,512,226048,4,nested_depth_one_shared_v2,1.847557541623246e-05,1.0,0.004386212211102247,1.0,17151.439340375015,279.58655136809864,nan,1.120505452156067,5.74149071100177e-06,0.0,0.0,0.840280502662965,0.013608214445412159,0,0,1,7300,0.03876853171798602,0.8402746855685466,0.8387577791101272,8.743368056041319e-05,279.58655136809864,0.0,0.0,0.0,0.0,nan,0.0,0.0,0.0,0.0,nan
94900,stable_muon,1,113,0.3,128,4,512,226048,4,nested_depth_one_shared_v2,1.8472401279723272e-05,1.0,0.004379126708954573,1.0,17167.491726208944,279.5728833300082,nan,1.120505452156067,5.744151926709031e-06,0.0,0.0,0.8402777095878514,0.013581945560872555,0,0,1,7300,0.03972146861358038,0.8402721728550909,0.8387167928619303,8.958281483069494e-05,279.5728833300082,0.0,0.0,0.0,0.0,nan,0.0,0.0,0.0,0.0,nan
95000,stable_muon,1,113,0.3,128,4,512,226048,4,nested_depth_one_shared_v2,1.8488337445887737e-05,1.0,0.0043791127391159534,1.0,17183.66341716703,279.55728855155576,nan,1.120505452156067,5.745754736816328e-06,0.0,0.0,0.8402655155253299,0.013536828570067883,0,0,1,7300,0.038570994619716116,0.8402597390994908,0.8386697440275586,8.698818018204963e-05,279.55728855155576,0.0,0.0,0.0,0.0,nan,0.0,0.0,0.0,0.0,nan
95100,stable_muon,1,113,0.3,128,4,512,226048,4,nested_depth_one_shared_v2,1.8515756892156787e-05,1.0,0.00437292130663991,1.0,17200.02106291696,279.539427207089,nan,1.120505452156067,5.756302437651344e-06,0.0,0.0,0.8402561964372863,0.013502992689609528,0,0,1,7300,0.03967490855591835,0.8402506351125013,0.8386161805636214,8.947780912044237e-05,279.539427207089,0.0,0.0,0.0,0.0,nan,0.0,0.0,0.0,0.0,nan
95200,stable_muon,1,113,0.3,128,4,512,226048,4,nested_depth_one_shared_v2,1.853670437412802e-05,1.0,0.0043664369732141495,1.0,17216.01368420897,279.525243669975,nan,1.120505452156067,5.759594311724492e-06,0.0,0.0,0.8402625432986449,0.01340833492577076,0,0,1,7300,0.03962395333311565,0.8402568817529812,0.8385734757443801,8.9362891106373e-05,279.525243669975,0.0,0.0,0.0,0.0,nan,0.0,0.0,0.0,0.0,nan
95300,stable_muon,1,113,0.3,128,4,512,226048,4,nested_depth_one_shared_v2,1.8564029232948087e-05,1.0,0.004372070077806711,1.0,17232.425446333946,279.5169687756848,nan,1.120505452156067,5.769062378115792e-06,0.0,0.0,0.8404885058772251,0.013414842076599598,0,0,1,7300,0.04084312053396087,0.8404826958271943,0.8385480708255585,9.211244779229157e-05,279.5169687756848,0.0,0.0,0.0,0.0,nan,0.0,0.0,0.0,0.0,nan
95400,stable_muon,1,113,0.3,128,4,512,226048,4,nested_depth_one_shared_v2,1.8577726223156787e-05,1.0,0.004360336344689131,1.0,17248.608424459002,279.5131545491815,nan,1.120505452156067,5.771567730045786e-06,0.0,0.0,0.8401679695503664,0.01341648306697607,0,0,1,7300,0.040345041394737095,0.8401621985760769,0.8385374877770099,9.098914261608617e-05,279.5131545491815,0.0,0.0,0.0,0.0,nan,0.0,0.0,0.0,0.0,nan
95500,stable_muon,1,113,0.3,128,4,512,226048,4,nested_depth_one_shared_v2,1.8604927390697412e-05,1.0,0.004351058974862099,1.0,17264.529035249958,279.4945880671736,nan,1.120505452156067,5.782259151726457e-06,0.0,0.0,0.8401376211220765,0.013429999351501465,0,0,1,7300,0.041094502442444225,0.8401319492019055,0.8384818209843764,9.267938299749574e-05,279.4945880671736,0.0,0.0,0.0,0.0,nan,0.0,0.0,0.0,0.0,nan
95600,stable_muon,1,113,0.3,128,4,512,226048,4,nested_depth_one_shared_v2,1.8614824512042105e-05,1.0,0.0043274275958538055,1.0,17280.32879570895,279.483795356526,nan,1.120505452156067,5.786452643351432e-06,0.0,0.0,0.8402080379506015,0.013460636138916016,0,0,1,7300,0.04108260909778099,0.8402020840141232,0.8384491321301758,9.26525602406876e-05,279.483795356526,0.0,0.0,0.0,0.0,nan,0.0,0.0,0.0,0.0,nan
95700,stable_muon,1,113,0.3,128,4,512,226048,4,nested_depth_one_shared_v2,1.860719930846244e-05,1.0,0.00431475043296814,1.0,17296.28295462497,279.4871565459339,nan,1.120505452156067,5.779874616255858e-06,0.0,0.0,0.840192454969292,0.013453355059027672,0,0,1,7300,0.04035002949124944,0.8401870698478332,0.8384591846145364,9.100039214289924e-05,279.4871565459339,0.0,0.0,0.0,0.0,nan,0.0,0.0,0.0,0.0,nan
95800,stable_muon,1,113,0.3,128,4,512,226048,4,nested_depth_one_shared_v2,1.8619430193211883e-05,1.0,0.004311264958232641,1.0,17312.360107833985,279.48911768760286,nan,1.120505452156067,5.786533583655019e-06,0.0,0.0,0.8403445007769849,0.013480136170983315,0,0,1,7300,0.04021230684027295,0.84033881023934,0.8384646083396012,9.068978976159148e-05,279.48911768760286,0.0,0.0,0.0,0.0,nan,0.0,0.0,0.0,0.0,nan
95900,stable_muon,1,113,0.3,128,4,512,226048,4,nested_depth_one_shared_v2,1.8618466128828004e-05,1.0,0.0043081920593976974,1.0,17328.980610458995,279.5011930082217,nan,1.120505452156067,5.790314042769253e-06,0.0,0.0,0.8405079238084492,0.013562646694481373,0,0,1,7300,0.04076831804556717,0.8405021131994346,0.8385005314624735,9.19437476485019e-05,279.5011930082217,0.0,0.0,0.0,0.0,nan,0.0,0.0,0.0,0.0,nan
96000,stable_muon,1,113,0.3,128,4,512,226048,4,nested_depth_one_shared_v2,1.860162774391938e-05,1.0,0.004288814030587673,1.0,17345.020606167032,279.51815473094433,nan,1.120505452156067,5.78477044192619e-06,0.0,0.0,0.8406692747538882,0.01345658116042614,0,0,1,7300,0.04058226063709626,0.8406636073206379,0.8385510557338072,9.152413712168391e-05,279.51815473094433,0.0,0.0,0.0,0.0,nan,0.0,0.0,0.0,0.0,nan
96100,stable_muon,1,113,0.3,128,4,512,226048,4,nested_depth_one_shared_v2,1.8580931282485835e-05,1.0,0.00427955761551857,1.0,17360.92264725,279.5417235402623,nan,1.120505452156067,5.778470506198203e-06,0.0,0.0,0.8406123662180246,0.013547247275710106,0,0,1,7300,0.04101152955809315,0.8406066629335872,0.8386222096056906,9.249225636813819e-05,279.5417235402623,0.0,0.0,0.0,0.0,nan,0.0,0.0,0.0,0.0,nan
96200,stable_muon,1,113,0.3,128,4,512,226048,4,nested_depth_one_shared_v2,1.856493327068165e-05,1.0,0.004290247336030006,1.0,17376.972795041976,279.56067250846064,nan,1.120505452156067,5.775799602649407e-06,0.0,0.0,0.8407013047907823,0.013482092879712582,0,0,1,7300,0.040411444050653146,0.8406955871774661,0.8386788721662588,9.113889883197694e-05,279.56067250846064,0.0,0.0,0.0,0.0,nan,0.0,0.0,0.0,0.0,nan
96300,stable_muon,1,113,0.3,128,4,512,226048,4,nested_depth_one_shared_v2,1.8562006516731344e-05,1.0,0.0042978310957551,1.0,17393.054772584,279.5717290703262,nan,1.120505452156067,5.766630921311789e-06,0.0,0.0,0.8406321411530793,0.01350895781069994,0,0,1,7300,0.03998860693322411,0.8406264920889208,0.8387122893746347,9.018528506802765e-05,279.5717290703262,0.0,0.0,0.0,0.0,nan,0.0,0.0,0.0,0.0,nan
96400,stable_muon,1,113,0.3,128,4,512,226048,4,nested_depth_one_shared_v2,1.8571281543700024e-05,1.0,0.004317402373999357,1.0,17409.21760558395,279.5783077750889,nan,1.120505452156067,5.771903612569332e-06,0.0,0.0,0.840594385195979,0.013573989272117615,0,0,1,7300,0.040705607830502276,0.8405887542893261,0.8387323022248053,9.180231890026496e-05,279.5783077750889,0.0,0.0,0.0,0.0,nan,0.0,0.0,0.0,0.0,nan
96500,stable_muon,1,113,0.3,128,4,512,226048,4,nested_depth_one_shared_v2,1.8581084077595733e-05,1.0,0.00433748122304678,1.0,17425.15896987496,279.57778606517104,nan,1.120505452156067,5.767052014628151e-06,0.0,0.0,0.8405451660980834,0.013559078797698021,0,0,1,7300,0.0408672888396694,0.8405395584905334,0.8387309043227347,9.21669539555989e-05,279.57778606517104,0.0,0.0,0.0,0.0,nan,0.0,0.0,0.0,0.0,nan
96600,stable_muon,1,113,0.3,128,4,512,226048,4,nested_depth_one_shared_v2,1.8604583601700142e-05,1.0,0.004345050547271967,1.0,17441.369568291935,279.56952504334663,nan,1.120505452156067,5.7733703368266004e-06,0.0,0.0,0.8404048586622712,0.013477698899805546,0,0,1,7300,0.041163272960388506,0.8403991747107667,0.8387065133406593,9.28344793922123e-05,279.56952504334663,0.0,0.0,0.0,0.0,nan,0.0,0.0,0.0,0.0,nan
96700,stable_muon,1,113,0.3,128,4,512,226048,4,nested_depth_one_shared_v2,1.8608880054671317e-05,1.0,0.0043310243636369705,1.0,17457.43923079199,279.5651420134237,nan,1.120505452156067,5.77989031424214e-06,0.0,0.0,0.8405262292416502,0.013489117845892906,0,0,1,7300,0.0414985169348675,0.8405204688656722,0.8386930084685749,9.359054657545311e-05,279.5651420134237,0.0,0.0,0.0,0.0,nan,0.0,0.0,0.0,0.0,nan
96800,stable_muon,1,113,0.3,128,4,512,226048,4,nested_depth_one_shared_v2,1.859649273683317e-05,1.0,0.004323758650571108,1.0,17473.387917959015,279.5607196486523,nan,1.120505452156067,5.7720808078420834e-06,0.0,0.0,0.8404227271733435,0.013481028378009796,0,0,1,7300,0.04187740029889307,0.8404170073631387,0.8386800698960813,9.444503256065481e-05,279.5607196486523,0.0,0.0,0.0,0.0,nan,0.0,0.0,0.0,0.0,nan
96900,stable_muon,1,113,0.3,128,4,512,226048,4,nested_depth_one_shared_v2,1.8578908566269092e-05,1.0,0.004321914166212082,1.0,17489.37521179195,279.5487586779325,nan,1.120505452156067,5.768476157172994e-06,0.0,0.0,0.8404496764757708,0.013467635959386826,0,0,1,7300,0.04241369525198843,0.8404440542111612,0.8386440782147659,9.565452488696201e-05,279.5487586779325,0.0,0.0,0.0,0.0,nan,0.0,0.0,0.0,0.0,nan
97000,stable_muon,1,113,0.3,128,4,512,226048,4,nested_depth_one_shared_v2,1.8543145415605977e-05,1.0,0.004330276045948267,1.0,17505.46685374994,279.53532717751233,nan,1.120505452156067,5.753301216192117e-06,0.0,0.0,0.8403586440907369,0.013504757545888424,0,0,1,7300,0.04137651964524346,0.8403529148144235,0.8386037817390679,9.33154092004342e-05,279.53532717751233,0.0,0.0,0.0,0.0,nan,0.0,0.0,0.0,0.0,nan
97100,stable_muon,1,113,0.3,128,4,512,226048,4,nested_depth_one_shared_v2,1.8499726138543338e-05,1.0,0.004342441447079182,1.0,17521.434607791947,279.52555381547205,nan,1.120505452156067,5.738163468423903e-06,0.0,0.0,0.8403565942157699,0.013544958084821701,0,0,1,7300,0.041222281875435904,0.8403507629256767,0.8385743570497206,9.296756069294356e-05,279.52555381547205,0.0,0.0,0.0,0.0,nan,0.0,0.0,0.0,0.0,nan
97200,stable_muon,1,113,0.3,128,4,512,226048,4,nested_depth_one_shared_v2,1.8468697817297652e-05,1.0,0.0043449318036437035,1.0,17537.271193958935,279.50827949768967,nan,1.120505452156067,5.734673786175169e-06,0.0,0.0,0.8402186265715624,0.013457291759550571,0,0,1,7300,0.042254016483447655,0.8402129040536821,0.8385229477696667,9.529440543383356e-05,279.50827949768967,0.0,0.0,0.0,0.0,nan,0.0,0.0,0.0,0.0,nan
97300,stable_muon,1,113,0.3,128,4,512,226048,4,nested_depth_one_shared_v2,1.842571327870246e-05,1.0,0.0043288036249578,1.0,17553.224892374943,279.49075616866327,nan,1.120505452156067,5.721916828058171e-06,0.0,0.0,0.840306560630816,0.013470745645463467,0,0,1,7300,0.041996340267124156,0.840300834762557,0.8384699154871078,9.471327483673146e-05,279.49075616866327,0.0,0.0,0.0,0.0,nan,0.0,0.0,0.0,0.0,nan
97400,stable_muon,1,113,0.3,128,4,512,226048,4,nested_depth_one_shared_v2,1.837171112128999e-05,1.0,0.004322865977883339,1.0,17569.24910283403,279.48057389084556,nan,1.120505452156067,5.701671935835045e-06,0.0,0.0,0.840244491587566,0.013460289686918259,0,0,1,7300,0.04136978480434848,0.8402390437955763,0.8384393695386575,9.330022028557612e-05,279.48057389084556,0.0,0.0,0.0,0.0,nan,0.0,0.0,0.0,0.0,nan
97500,stable_muon,1,113,0.3,128,4,512,226048,4,nested_depth_one_shared_v2,1.833156420616433e-05,1.0,0.004319958854466677,1.0,17585.36902658397,279.4628334076895,nan,1.120505452156067,5.691917076067149e-06,0.0,0.0,0.8401073486250193,0.013437044806778431,0,0,1,7300,0.04079523663188658,0.8401015685565721,0.8383863178747282,9.20044564495086e-05,279.4628334076895,0.0,0.0,0.0,0.0,nan,0.0,0.0,0.0,0.0,nan
97600,stable_muon,1,113,0.3,128,4,512,226048,4,nested_depth_one_shared_v2,1.8290789739694446e-05,1.0,0.004319618456065655,1.0,17601.721654625027,279.44689913503316,nan,1.120505452156067,5.678774714574532e-06,0.0,0.0,0.8399324348449202,0.013409650884568691,0,0,1,7300,0.03983250847264327,0.8399268506509456,0.8383387589830917,8.983324019210406e-05,279.44689913503316,0.0,0.0,0.0,0.0,nan,0.0,0.0,0.0,0.0,nan
97700,stable_muon,1,113,0.3,128,4,512,226048,4,nested_depth_one_shared_v2,1.8251883375342004e-05,1.0,0.00433254474774003,1.0,17617.512993791956,279.4376729559731,nan,1.120505452156067,5.6721976765036485e-06,0.0,0.0,0.8400605385700105,0.013424776494503021,0,0,1,7300,0.04003178911699557,0.8400549190330383,0.8383106394389741,9.028267274546768e-05,279.4376729559731,0.0,0.0,0.0,0.0,nan,0.0,0.0,0.0,0.0,nan
97800,stable_muon,1,113,0.3,128,4,512,226048,4,nested_depth_one_shared_v2,1.8205540982307866e-05,1.0,0.004331997130066156,1.0,17633.561724417028,279.43277201229824,nan,1.120505452156067,5.654702965541907e-06,0.0,0.0,0.8401546849221367,0.013428493402898312,0,0,1,7300,0.03914777131379779,0.8401491849846472,0.8382954828172476,8.828896994607447e-05,279.43277201229824,0.0,0.0,0.0,0.0,nan,0.0,0.0,0.0,0.0,nan
97900,stable_muon,1,113,0.3,128,4,512,226048,4,nested_depth_one_shared_v2,1.8170991097576916e-05,1.0,0.004332867916673422,1.0,17649.298742958927,279.43209965974427,nan,1.120505452156067,5.646599308013998e-06,0.0,0.0,0.8401607879141818,0.013383232057094574,0,0,1,7300,0.04026720381913443,0.8401551486696318,0.8382936007713134,9.081359751754214e-05,279.43209965974427,0.0,0.0,0.0,0.0,nan,0.0,0.0,0.0,0.0,nan
98000,stable_muon,1,113,0.3,128,4,512,226048,4,nested_depth_one_shared_v2,1.815069845179096e-05,1.0,0.004348280373960733,1.0,17665.42359004193,279.42789292926125,nan,1.120505452156067,5.643389878019197e-06,0.0,0.0,0.8401191682157955,0.013383910991251469,0,0,1,7300,0.039454159649994075,0.8401134237627873,0.8382809524113097,8.897995974443184e-05,279.42789292926125,0.0,0.0,0.0,0.0,nan,0.0,0.0,0.0,0.0,nan
98100,stable_muon,1,113,0.3,128,4,512,226048,4,nested_depth_one_shared_v2,1.8141112377634272e-05,1.0,0.0043574231676757336,1.0,17681.29448587494,279.426008474269,nan,1.120505452156067,5.635430294566028e-06,0.0,0.0,0.8400168426511431,0.013465615920722485,0,0,1,7300,0.03855110651217356,0.8400112105024086,0.8382754641851119,8.694332704047399e-05,279.426008474269,0.0,0.0,0.0,0.0,nan,0.0,0.0,0.0,0.0,nan
98200,stable_muon,1,113,0.3,128,4,512,226048,4,nested_depth_one_shared_v2,1.8133174307877198e-05,1.0,0.00435623899102211,1.0,17697.209302917006,279.42431416155557,nan,1.120505452156067,5.632384820422142e-06,0.0,0.0,0.8402031777991951,0.01341056078672409,0,0,1,7300,0.03898176635763398,0.8401976162293217,0.8382698635579833,8.791458320338702e-05,279.42431416155557,0.0,0.0,0.0,0.0,nan,0.0,0.0,0.0,0.0,nan
98300,stable_muon,1,113,0.3,128,4,512,226048,4,nested_depth_one_shared_v2,1.8120321328751743e-05,1.0,0.004351625218987465,1.0,17713.08514458395,279.4280995867128,nan,1.120505452156067,5.634582146364671e-06,0.0,0.0,0.840099740379298,0.013450120575726032,0,0,1,7300,0.04020224095287712,0.8400938834662907,0.8382817398041562,9.066708842253828e-05,279.4280995867128,0.0,0.0,0.0,0.0,nan,0.0,0.0,0.0,0.0,nan
98400,stable_muon,1,113,0.3,128,4,512,226048,4,nested_depth_one_shared_v2,1.812053960748017e-05,1.0,0.004339206963777542,1.0,17728.81462558394,279.4206412767105,nan,1.120505452156067,5.633016704392002e-06,0.0,0.0,0.83989358589025,0.01346966065466404,0,0,1,7300,0.040755001356200346,0.8398881144331246,0.8382599979979368,9.191371485869466e-05,279.4206412767105,0.0,0.0,0.0,0.0,nan,0.0,0.0,0.0,0.0,nan
98500,stable_muon,1,113,0.3,128,4,512,226048,4,nested_depth_one_shared_v2,1.811832953535486e-05,1.0,0.0043381196446716785,1.0,17744.890654416988,279.41669702426253,nan,1.120505452156067,5.631121356507636e-06,0.0,0.0,0.840032615354075,0.013468781486153603,0,0,1,7300,0.04010035816642327,0.8400270083604724,0.8382476161020327,9.043731477337845e-05,279.41669702426253,0.0,0.0,0.0,0.0,nan,0.0,0.0,0.0,0.0,nan
98600,stable_muon,1,113,0.3,128,4,512,226048,4,nested_depth_one_shared_v2,1.8127479052054696e-05,1.0,0.004325099755078554,1.0,17760.980641750037,279.40912700082873,nan,1.120505452156067,5.637579527812881e-06,0.0,0.0,0.8401487723146961,0.013397891074419022,0,0,1,7300,0.03997998271630239,0.8401431276289613,0.8382244701965891,9.016583509161629e-05,279.40912700082873,0.0,0.0,0.0,0.0,nan,0.0,0.0,0.0,0.0,nan
98700,stable_muon,1,113,0.3,128,4,512,226048,4,nested_depth_one_shared_v2,1.8118920706911013e-05,1.0,0.004320530220866203,1.0,17777.45803124993,279.4208670769216,nan,1.120505452156067,5.63022525423891e-06,0.0,0.0,0.8402094804884991,0.013427961617708206,0,0,1,7300,0.03919816501061577,0.8402037998202635,0.8382595027724957,8.840262156491557e-05,279.4208670769216,0.0,0.0,0.0,0.0,nan,0.0,0.0,0.0,0.0,nan
98800,stable_muon,1,113,0.3,128,4,512,226048,4,nested_depth_one_shared_v2,1.8117707440978847e-05,1.0,0.004319536034017801,1.0,17793.220922542037,279.43611965602764,nan,1.120505452156067,5.626499087560016e-06,0.0,0.0,0.8403204526481086,0.013532151468098164,0,0,1,7300,0.038581874070922444,0.840314860588587,0.838304977626576,8.701271633080983e-05,279.43611965602764,0.0,0.0,0.0,0.0,nan,0.0,0.0,0.0,0.0,nan
98900,stable_muon,1,113,0.3,128,4,512,226048,4,nested_depth_one_shared_v2,1.809193599910941e-05,1.0,0.004296896979212761,1.0,17809.57874162495,279.46465834996883,nan,1.120505452156067,5.6223227010433186e-06,0.0,0.0,0.8407280095776195,0.013532239012420177,0,0,1,7300,0.039788054989234344,0.8407223506174868,0.8383897915261499,8.973298538502375e-05,279.46465834996883,0.0,0.0,0.0,0.0,nan,0.0,0.0,0.0,0.0,nan
99000,stable_muon,1,113,0.3,128,4,512,226048,4,nested_depth_one_shared_v2,1.8070428268401884e-05,1.0,0.004295934457331896,1.0,17825.844103624928,279.4924081075478,nan,1.120505452156067,5.615471886608764e-06,0.0,0.0,0.8407386599431178,0.01356770470738411,0,0,1,7300,0.03938933550331351,0.8407330989001781,0.8384732027966345,8.883376350015055e-05,279.4924081075478,0.0,0.0,0.0,0.0,nan,0.0,0.0,0.0,0.0,nan
99100,stable_muon,1,113,0.3,128,4,512,226048,4,nested_depth_one_shared_v2,1.8044811440631747e-05,1.0,0.004306397400796413,1.0,17841.793586583924,279.52159067259294,nan,1.120505452156067,5.608495596466692e-06,0.0,0.0,0.840740320162634,0.01351557020097971,0,0,1,7300,0.039700602013273,0.8407349662591482,0.8385610527352262,8.95357549193491e-05,279.52159067259294,0.0,0.0,0.0,0.0,nan,0.0,0.0,0.0,0.0,nan
99200,stable_muon,1,113,0.3,128,4,512,226048,4,nested_depth_one_shared_v2,1.803812301659491e-05,1.0,0.004324554465711117,1.0,17857.755010541994,279.54143834570584,nan,1.120505452156067,5.601925150032336e-06,0.0,0.0,0.8406531657345844,0.01357373408973217,0,0,1,7300,0.03923422468222181,0.8406475138537322,0.8386209731295703,8.848394602237118e-05,279.54143834570584,0.0,0.0,0.0,0.0,nan,0.0,0.0,0.0,0.0,nan
99300,stable_muon,1,113,0.3,128,4,512,226048,4,nested_depth_one_shared_v2,1.8025670215138234e-05,1.0,0.004324938170611858,1.0,17873.764468292007,279.55123441660805,nan,1.120505452156067,5.602050617627238e-06,0.0,0.0,0.840597702191568,0.013572932220995426,0,0,1,7300,0.03928944437077541,0.8405922542110342,0.8386506243117414,8.860848157725785e-05,279.55123441660805,0.0,0.0,0.0,0.0,nan,0.0,0.0,0.0,0.0,nan
99400,stable_muon,1,113,0.3,128,4,512,226048,4,nested_depth_one_shared_v2,1.8009332052315585e-05,1.0,0.004327035043388605,1.0,17889.619559124927,279.55786949247346,nan,1.120505452156067,5.596450334171567e-06,0.0,0.0,0.8406639451383761,0.013612885028123856,0,0,1,7300,0.03929086888168622,0.8406582075296651,0.8386703907896232,8.861169424037433e-05,279.55786949247346,0.0,0.0,0.0,0.0,nan,0.0,0.0,0.0,0.0,nan
99500,stable_muon,1,113,0.3,128,4,512,226048,4,nested_depth_one_shared_v2,1.7994951122091152e-05,1.0,0.004344145301729441,1.0,17906.318672416965,279.56616567155976,nan,1.120505452156067,5.597244649339133e-06,0.0,0.0,0.8407891248479571,0.01363670639693737,0,0,1,7300,0.039914778918312174,0.8407835764928437,0.8386950645443652,9.001878262942161e-05,279.56616567155976,0.0,0.0,0.0,0.0,nan,0.0,0.0,0.0,0.0,nan
99600,stable_muon,1,113,0.3,128,4,512,226048,4,nested_depth_one_shared_v2,1.7978423784370534e-05,1.0,0.004371136426925659,1.0,17922.654514958966,279.5803121167163,nan,1.120505452156067,5.5869297660789905e-06,0.0,0.0,0.8406480030709345,0.013622645288705826,0,0,1,7300,0.03887699271977334,0.8406425595883276,0.8387379108390718,8.767828989079789e-05,279.5803121167163,0.0,0.0,0.0,0.0,nan,0.0,0.0,0.0,0.0,nan
99700,stable_muon,1,113,0.3,128,4,512,226048,4,nested_depth_one_shared_v2,1.798657831386663e-05,1.0,0.004397949203848839,1.0,17938.609046583995,279.57435261801567,nan,1.120505452156067,5.5910077758613904e-06,0.0,0.0,0.840478437232189,0.01362425833940506,0,0,1,7300,0.03847670921399132,0.840472832943289,0.8387204349356067,8.677554071183142e-05,279.57435261801567,0.0,0.0,0.0,0.0,nan,0.0,0.0,0.0,0.0,nan
99800,stable_muon,1,113,0.3,128,4,512,226048,4,nested_depth_one_shared_v2,1.7990874766837806e-05,1.0,0.004421820864081383,1.0,17954.572603959008,279.56828596950135,nan,1.120505452156067,5.594846387558138e-06,0.0,0.0,0.8405733098392316,0.013663957826793194,0,0,1,7300,0.039566825211790384,0.840567526940434,0.8387020467712163,8.923405151174239e-05,279.56828596950135,0.0,0.0,0.0,0.0,nan,0.0,0.0,0.0,0.0,nan
99900,stable_muon,1,113,0.3,128,4,512,226048,4,nested_depth_one_shared_v2,1.799339588615112e-05,1.0,0.004429703578352928,1.0,17970.744800542016,279.55998141558155,nan,1.120505452156067,5.599397873850961e-06,0.0,0.0,0.8404382326852256,0.01376803033053875,0,0,1,7300,0.03931906000589669,0.8404326233985236,0.8386774299122284,8.867527296362306e-05,279.55998141558155,0.0,0.0,0.0,0.0,nan,0.0,0.0,0.0,0.0,nan
100000,stable_muon,1,113,0.3,128,4,512,226048,4,nested_depth_one_shared_v2,1.7996881069848314e-05,1.0,0.004433542024344206,1.0,17986.99010770896,279.55096512314947,nan,1.120505452156067,5.601906128125799e-06,0.0,0.0,0.840507552757317,0.013805094175040722,0,0,1,7300,0.03982774850177991,0.8405019445649996,0.8386501625307488,8.982250515124746e-05,279.55096512314947,0.0,0.0,0.0,0.0,nan,0.0,0.0,0.0,0.0,nan
