run,depth,regime,role,step,checkpoint,baseline_full_accuracy,requested_addition_power_threshold,phase_type,context,replicate,selected_pair_count,selected_pairs,intervention_accuracy
subtraction_depth1_muon,1,muon,first_generalized,9000,checkpoints/subtraction_depth_1_muon_seed_0/step_009000.pt,0.965149998664856,0.9,pair_global,addition_only,0,44,"(39,39)/(74,74)|(56,56)/(57,57)|(23,23)/(90,90)|(21,21)/(92,92)|(7,7)/(106,106)|(6,6)/(107,107)|(35,35)/(78,78)|(52,52)/(61,61)|(42,42)/(71,71)|(48,48)/(65,65)|(20,20)/(93,93)|(1,1)/(112,112)|(10,10)/(103,103)|(45,45)/(68,68)|(53,53)/(60,60)|(50,50)/(63,63)|(19,19)/(94,94)|(8,8)/(105,105)|(14,14)/(99,99)|(5,5)/(108,108)|(18,18)/(95,95)|(46,46)/(67,67)|(43,43)/(70,70)|(34,34)/(79,79)|(2,2)/(111,111)|(49,49)/(64,64)|(29,29)/(84,84)|(3,3)/(110,110)|(28,28)/(85,85)|(25,25)/(88,88)|(31,31)/(82,82)|(44,44)/(69,69)|(51,51)/(62,62)|(11,11)/(102,102)|(41,41)/(72,72)|(26,26)/(87,87)|(13,13)/(100,100)|(47,47)/(66,66)|(12,12)/(101,101)|(22,22)/(91,91)|(40,40)/(73,73)|(37,37)/(76,76)|(17,17)/(96,96)|(24,24)/(89,89)",0.008849557489156723
subtraction_depth1_muon,1,muon,first_generalized,9000,checkpoints/subtraction_depth_1_muon_seed_0/step_009000.pt,0.965149998664856,0.9,pair_global,addition_only,1,44,"(39,39)/(74,74)|(56,56)/(57,57)|(23,23)/(90,90)|(21,21)/(92,92)|(7,7)/(106,106)|(6,6)/(107,107)|(35,35)/(78,78)|(52,52)/(61,61)|(42,42)/(71,71)|(48,48)/(65,65)|(20,20)/(93,93)|(1,1)/(112,112)|(10,10)/(103,103)|(45,45)/(68,68)|(53,53)/(60,60)|(50,50)/(63,63)|(19,19)/(94,94)|(8,8)/(105,105)|(14,14)/(99,99)|(5,5)/(108,108)|(18,18)/(95,95)|(46,46)/(67,67)|(43,43)/(70,70)|(34,34)/(79,79)|(2,2)/(111,111)|(49,49)/(64,64)|(29,29)/(84,84)|(3,3)/(110,110)|(28,28)/(85,85)|(25,25)/(88,88)|(31,31)/(82,82)|(44,44)/(69,69)|(51,51)/(62,62)|(11,11)/(102,102)|(41,41)/(72,72)|(26,26)/(87,87)|(13,13)/(100,100)|(47,47)/(66,66)|(12,12)/(101,101)|(22,22)/(91,91)|(40,40)/(73,73)|(37,37)/(76,76)|(17,17)/(96,96)|(24,24)/(89,89)",0.008849557489156723
subtraction_depth1_muon,1,muon,first_generalized,9000,checkpoints/subtraction_depth_1_muon_seed_0/step_009000.pt,0.965149998664856,0.9,pair_global,addition_only,2,44,"(39,39)/(74,74)|(56,56)/(57,57)|(23,23)/(90,90)|(21,21)/(92,92)|(7,7)/(106,106)|(6,6)/(107,107)|(35,35)/(78,78)|(52,52)/(61,61)|(42,42)/(71,71)|(48,48)/(65,65)|(20,20)/(93,93)|(1,1)/(112,112)|(10,10)/(103,103)|(45,45)/(68,68)|(53,53)/(60,60)|(50,50)/(63,63)|(19,19)/(94,94)|(8,8)/(105,105)|(14,14)/(99,99)|(5,5)/(108,108)|(18,18)/(95,95)|(46,46)/(67,67)|(43,43)/(70,70)|(34,34)/(79,79)|(2,2)/(111,111)|(49,49)/(64,64)|(29,29)/(84,84)|(3,3)/(110,110)|(28,28)/(85,85)|(25,25)/(88,88)|(31,31)/(82,82)|(44,44)/(69,69)|(51,51)/(62,62)|(11,11)/(102,102)|(41,41)/(72,72)|(26,26)/(87,87)|(13,13)/(100,100)|(47,47)/(66,66)|(12,12)/(101,101)|(22,22)/(91,91)|(40,40)/(73,73)|(37,37)/(76,76)|(17,17)/(96,96)|(24,24)/(89,89)",0.008849557489156723
subtraction_depth1_muon,1,muon,first_generalized,9000,checkpoints/subtraction_depth_1_muon_seed_0/step_009000.pt,0.965149998664856,0.9,pair_global,addition_only,3,44,"(39,39)/(74,74)|(56,56)/(57,57)|(23,23)/(90,90)|(21,21)/(92,92)|(7,7)/(106,106)|(6,6)/(107,107)|(35,35)/(78,78)|(52,52)/(61,61)|(42,42)/(71,71)|(48,48)/(65,65)|(20,20)/(93,93)|(1,1)/(112,112)|(10,10)/(103,103)|(45,45)/(68,68)|(53,53)/(60,60)|(50,50)/(63,63)|(19,19)/(94,94)|(8,8)/(105,105)|(14,14)/(99,99)|(5,5)/(108,108)|(18,18)/(95,95)|(46,46)/(67,67)|(43,43)/(70,70)|(34,34)/(79,79)|(2,2)/(111,111)|(49,49)/(64,64)|(29,29)/(84,84)|(3,3)/(110,110)|(28,28)/(85,85)|(25,25)/(88,88)|(31,31)/(82,82)|(44,44)/(69,69)|(51,51)/(62,62)|(11,11)/(102,102)|(41,41)/(72,72)|(26,26)/(87,87)|(13,13)/(100,100)|(47,47)/(66,66)|(12,12)/(101,101)|(22,22)/(91,91)|(40,40)/(73,73)|(37,37)/(76,76)|(17,17)/(96,96)|(24,24)/(89,89)",0.008849557489156723
subtraction_depth1_muon,1,muon,first_generalized,9000,checkpoints/subtraction_depth_1_muon_seed_0/step_009000.pt,0.965149998664856,0.9,pair_global,addition_only,4,44,"(39,39)/(74,74)|(56,56)/(57,57)|(23,23)/(90,90)|(21,21)/(92,92)|(7,7)/(106,106)|(6,6)/(107,107)|(35,35)/(78,78)|(52,52)/(61,61)|(42,42)/(71,71)|(48,48)/(65,65)|(20,20)/(93,93)|(1,1)/(112,112)|(10,10)/(103,103)|(45,45)/(68,68)|(53,53)/(60,60)|(50,50)/(63,63)|(19,19)/(94,94)|(8,8)/(105,105)|(14,14)/(99,99)|(5,5)/(108,108)|(18,18)/(95,95)|(46,46)/(67,67)|(43,43)/(70,70)|(34,34)/(79,79)|(2,2)/(111,111)|(49,49)/(64,64)|(29,29)/(84,84)|(3,3)/(110,110)|(28,28)/(85,85)|(25,25)/(88,88)|(31,31)/(82,82)|(44,44)/(69,69)|(51,51)/(62,62)|(11,11)/(102,102)|(41,41)/(72,72)|(26,26)/(87,87)|(13,13)/(100,100)|(47,47)/(66,66)|(12,12)/(101,101)|(22,22)/(91,91)|(40,40)/(73,73)|(37,37)/(76,76)|(17,17)/(96,96)|(24,24)/(89,89)",0.008849557489156723
subtraction_depth1_muon,1,muon,first_generalized,9000,checkpoints/subtraction_depth_1_muon_seed_0/step_009000.pt,0.965149998664856,0.9,pair_global,addition_only,5,44,"(39,39)/(74,74)|(56,56)/(57,57)|(23,23)/(90,90)|(21,21)/(92,92)|(7,7)/(106,106)|(6,6)/(107,107)|(35,35)/(78,78)|(52,52)/(61,61)|(42,42)/(71,71)|(48,48)/(65,65)|(20,20)/(93,93)|(1,1)/(112,112)|(10,10)/(103,103)|(45,45)/(68,68)|(53,53)/(60,60)|(50,50)/(63,63)|(19,19)/(94,94)|(8,8)/(105,105)|(14,14)/(99,99)|(5,5)/(108,108)|(18,18)/(95,95)|(46,46)/(67,67)|(43,43)/(70,70)|(34,34)/(79,79)|(2,2)/(111,111)|(49,49)/(64,64)|(29,29)/(84,84)|(3,3)/(110,110)|(28,28)/(85,85)|(25,25)/(88,88)|(31,31)/(82,82)|(44,44)/(69,69)|(51,51)/(62,62)|(11,11)/(102,102)|(41,41)/(72,72)|(26,26)/(87,87)|(13,13)/(100,100)|(47,47)/(66,66)|(12,12)/(101,101)|(22,22)/(91,91)|(40,40)/(73,73)|(37,37)/(76,76)|(17,17)/(96,96)|(24,24)/(89,89)",0.008849557489156723
subtraction_depth1_muon,1,muon,first_generalized,9000,checkpoints/subtraction_depth_1_muon_seed_0/step_009000.pt,0.965149998664856,0.9,pair_global,addition_only,6,44,"(39,39)/(74,74)|(56,56)/(57,57)|(23,23)/(90,90)|(21,21)/(92,92)|(7,7)/(106,106)|(6,6)/(107,107)|(35,35)/(78,78)|(52,52)/(61,61)|(42,42)/(71,71)|(48,48)/(65,65)|(20,20)/(93,93)|(1,1)/(112,112)|(10,10)/(103,103)|(45,45)/(68,68)|(53,53)/(60,60)|(50,50)/(63,63)|(19,19)/(94,94)|(8,8)/(105,105)|(14,14)/(99,99)|(5,5)/(108,108)|(18,18)/(95,95)|(46,46)/(67,67)|(43,43)/(70,70)|(34,34)/(79,79)|(2,2)/(111,111)|(49,49)/(64,64)|(29,29)/(84,84)|(3,3)/(110,110)|(28,28)/(85,85)|(25,25)/(88,88)|(31,31)/(82,82)|(44,44)/(69,69)|(51,51)/(62,62)|(11,11)/(102,102)|(41,41)/(72,72)|(26,26)/(87,87)|(13,13)/(100,100)|(47,47)/(66,66)|(12,12)/(101,101)|(22,22)/(91,91)|(40,40)/(73,73)|(37,37)/(76,76)|(17,17)/(96,96)|(24,24)/(89,89)",0.008849557489156723
subtraction_depth1_muon,1,muon,first_generalized,9000,checkpoints/subtraction_depth_1_muon_seed_0/step_009000.pt,0.965149998664856,0.9,pair_global,addition_only,7,44,"(39,39)/(74,74)|(56,56)/(57,57)|(23,23)/(90,90)|(21,21)/(92,92)|(7,7)/(106,106)|(6,6)/(107,107)|(35,35)/(78,78)|(52,52)/(61,61)|(42,42)/(71,71)|(48,48)/(65,65)|(20,20)/(93,93)|(1,1)/(112,112)|(10,10)/(103,103)|(45,45)/(68,68)|(53,53)/(60,60)|(50,50)/(63,63)|(19,19)/(94,94)|(8,8)/(105,105)|(14,14)/(99,99)|(5,5)/(108,108)|(18,18)/(95,95)|(46,46)/(67,67)|(43,43)/(70,70)|(34,34)/(79,79)|(2,2)/(111,111)|(49,49)/(64,64)|(29,29)/(84,84)|(3,3)/(110,110)|(28,28)/(85,85)|(25,25)/(88,88)|(31,31)/(82,82)|(44,44)/(69,69)|(51,51)/(62,62)|(11,11)/(102,102)|(41,41)/(72,72)|(26,26)/(87,87)|(13,13)/(100,100)|(47,47)/(66,66)|(12,12)/(101,101)|(22,22)/(91,91)|(40,40)/(73,73)|(37,37)/(76,76)|(17,17)/(96,96)|(24,24)/(89,89)",0.008849557489156723
subtraction_depth1_muon,1,muon,first_generalized,9000,checkpoints/subtraction_depth_1_muon_seed_0/step_009000.pt,0.965149998664856,0.9,pair_global,addition_only,8,44,"(39,39)/(74,74)|(56,56)/(57,57)|(23,23)/(90,90)|(21,21)/(92,92)|(7,7)/(106,106)|(6,6)/(107,107)|(35,35)/(78,78)|(52,52)/(61,61)|(42,42)/(71,71)|(48,48)/(65,65)|(20,20)/(93,93)|(1,1)/(112,112)|(10,10)/(103,103)|(45,45)/(68,68)|(53,53)/(60,60)|(50,50)/(63,63)|(19,19)/(94,94)|(8,8)/(105,105)|(14,14)/(99,99)|(5,5)/(108,108)|(18,18)/(95,95)|(46,46)/(67,67)|(43,43)/(70,70)|(34,34)/(79,79)|(2,2)/(111,111)|(49,49)/(64,64)|(29,29)/(84,84)|(3,3)/(110,110)|(28,28)/(85,85)|(25,25)/(88,88)|(31,31)/(82,82)|(44,44)/(69,69)|(51,51)/(62,62)|(11,11)/(102,102)|(41,41)/(72,72)|(26,26)/(87,87)|(13,13)/(100,100)|(47,47)/(66,66)|(12,12)/(101,101)|(22,22)/(91,91)|(40,40)/(73,73)|(37,37)/(76,76)|(17,17)/(96,96)|(24,24)/(89,89)",0.008849557489156723
subtraction_depth1_muon,1,muon,first_generalized,9000,checkpoints/subtraction_depth_1_muon_seed_0/step_009000.pt,0.965149998664856,0.9,pair_global,addition_only,9,44,"(39,39)/(74,74)|(56,56)/(57,57)|(23,23)/(90,90)|(21,21)/(92,92)|(7,7)/(106,106)|(6,6)/(107,107)|(35,35)/(78,78)|(52,52)/(61,61)|(42,42)/(71,71)|(48,48)/(65,65)|(20,20)/(93,93)|(1,1)/(112,112)|(10,10)/(103,103)|(45,45)/(68,68)|(53,53)/(60,60)|(50,50)/(63,63)|(19,19)/(94,94)|(8,8)/(105,105)|(14,14)/(99,99)|(5,5)/(108,108)|(18,18)/(95,95)|(46,46)/(67,67)|(43,43)/(70,70)|(34,34)/(79,79)|(2,2)/(111,111)|(49,49)/(64,64)|(29,29)/(84,84)|(3,3)/(110,110)|(28,28)/(85,85)|(25,25)/(88,88)|(31,31)/(82,82)|(44,44)/(69,69)|(51,51)/(62,62)|(11,11)/(102,102)|(41,41)/(72,72)|(26,26)/(87,87)|(13,13)/(100,100)|(47,47)/(66,66)|(12,12)/(101,101)|(22,22)/(91,91)|(40,40)/(73,73)|(37,37)/(76,76)|(17,17)/(96,96)|(24,24)/(89,89)",0.008849557489156723
subtraction_depth1_muon,1,muon,first_generalized,9000,checkpoints/subtraction_depth_1_muon_seed_0/step_009000.pt,0.965149998664856,0.9,pair_global,full_hidden,0,44,"(39,39)/(74,74)|(56,56)/(57,57)|(23,23)/(90,90)|(21,21)/(92,92)|(7,7)/(106,106)|(6,6)/(107,107)|(35,35)/(78,78)|(52,52)/(61,61)|(42,42)/(71,71)|(48,48)/(65,65)|(20,20)/(93,93)|(1,1)/(112,112)|(10,10)/(103,103)|(45,45)/(68,68)|(53,53)/(60,60)|(50,50)/(63,63)|(19,19)/(94,94)|(8,8)/(105,105)|(14,14)/(99,99)|(5,5)/(108,108)|(18,18)/(95,95)|(46,46)/(67,67)|(43,43)/(70,70)|(34,34)/(79,79)|(2,2)/(111,111)|(49,49)/(64,64)|(29,29)/(84,84)|(3,3)/(110,110)|(28,28)/(85,85)|(25,25)/(88,88)|(31,31)/(82,82)|(44,44)/(69,69)|(51,51)/(62,62)|(11,11)/(102,102)|(41,41)/(72,72)|(26,26)/(87,87)|(13,13)/(100,100)|(47,47)/(66,66)|(12,12)/(101,101)|(22,22)/(91,91)|(40,40)/(73,73)|(37,37)/(76,76)|(17,17)/(96,96)|(24,24)/(89,89)",0.9667946100234985
subtraction_depth1_muon,1,muon,first_generalized,9000,checkpoints/subtraction_depth_1_muon_seed_0/step_009000.pt,0.965149998664856,0.9,pair_global,full_hidden,1,44,"(39,39)/(74,74)|(56,56)/(57,57)|(23,23)/(90,90)|(21,21)/(92,92)|(7,7)/(106,106)|(6,6)/(107,107)|(35,35)/(78,78)|(52,52)/(61,61)|(42,42)/(71,71)|(48,48)/(65,65)|(20,20)/(93,93)|(1,1)/(112,112)|(10,10)/(103,103)|(45,45)/(68,68)|(53,53)/(60,60)|(50,50)/(63,63)|(19,19)/(94,94)|(8,8)/(105,105)|(14,14)/(99,99)|(5,5)/(108,108)|(18,18)/(95,95)|(46,46)/(67,67)|(43,43)/(70,70)|(34,34)/(79,79)|(2,2)/(111,111)|(49,49)/(64,64)|(29,29)/(84,84)|(3,3)/(110,110)|(28,28)/(85,85)|(25,25)/(88,88)|(31,31)/(82,82)|(44,44)/(69,69)|(51,51)/(62,62)|(11,11)/(102,102)|(41,41)/(72,72)|(26,26)/(87,87)|(13,13)/(100,100)|(47,47)/(66,66)|(12,12)/(101,101)|(22,22)/(91,91)|(40,40)/(73,73)|(37,37)/(76,76)|(17,17)/(96,96)|(24,24)/(89,89)",0.965149998664856
subtraction_depth1_muon,1,muon,first_generalized,9000,checkpoints/subtraction_depth_1_muon_seed_0/step_009000.pt,0.965149998664856,0.9,pair_global,full_hidden,2,44,"(39,39)/(74,74)|(56,56)/(57,57)|(23,23)/(90,90)|(21,21)/(92,92)|(7,7)/(106,106)|(6,6)/(107,107)|(35,35)/(78,78)|(52,52)/(61,61)|(42,42)/(71,71)|(48,48)/(65,65)|(20,20)/(93,93)|(1,1)/(112,112)|(10,10)/(103,103)|(45,45)/(68,68)|(53,53)/(60,60)|(50,50)/(63,63)|(19,19)/(94,94)|(8,8)/(105,105)|(14,14)/(99,99)|(5,5)/(108,108)|(18,18)/(95,95)|(46,46)/(67,67)|(43,43)/(70,70)|(34,34)/(79,79)|(2,2)/(111,111)|(49,49)/(64,64)|(29,29)/(84,84)|(3,3)/(110,110)|(28,28)/(85,85)|(25,25)/(88,88)|(31,31)/(82,82)|(44,44)/(69,69)|(51,51)/(62,62)|(11,11)/(102,102)|(41,41)/(72,72)|(26,26)/(87,87)|(13,13)/(100,100)|(47,47)/(66,66)|(12,12)/(101,101)|(22,22)/(91,91)|(40,40)/(73,73)|(37,37)/(76,76)|(17,17)/(96,96)|(24,24)/(89,89)",0.9667946100234985
subtraction_depth1_muon,1,muon,first_generalized,9000,checkpoints/subtraction_depth_1_muon_seed_0/step_009000.pt,0.965149998664856,0.9,pair_global,full_hidden,3,44,"(39,39)/(74,74)|(56,56)/(57,57)|(23,23)/(90,90)|(21,21)/(92,92)|(7,7)/(106,106)|(6,6)/(107,107)|(35,35)/(78,78)|(52,52)/(61,61)|(42,42)/(71,71)|(48,48)/(65,65)|(20,20)/(93,93)|(1,1)/(112,112)|(10,10)/(103,103)|(45,45)/(68,68)|(53,53)/(60,60)|(50,50)/(63,63)|(19,19)/(94,94)|(8,8)/(105,105)|(14,14)/(99,99)|(5,5)/(108,108)|(18,18)/(95,95)|(46,46)/(67,67)|(43,43)/(70,70)|(34,34)/(79,79)|(2,2)/(111,111)|(49,49)/(64,64)|(29,29)/(84,84)|(3,3)/(110,110)|(28,28)/(85,85)|(25,25)/(88,88)|(31,31)/(82,82)|(44,44)/(69,69)|(51,51)/(62,62)|(11,11)/(102,102)|(41,41)/(72,72)|(26,26)/(87,87)|(13,13)/(100,100)|(47,47)/(66,66)|(12,12)/(101,101)|(22,22)/(91,91)|(40,40)/(73,73)|(37,37)/(76,76)|(17,17)/(96,96)|(24,24)/(89,89)",0.9653849005699158
subtraction_depth1_muon,1,muon,first_generalized,9000,checkpoints/subtraction_depth_1_muon_seed_0/step_009000.pt,0.965149998664856,0.9,pair_global,full_hidden,4,44,"(39,39)/(74,74)|(56,56)/(57,57)|(23,23)/(90,90)|(21,21)/(92,92)|(7,7)/(106,106)|(6,6)/(107,107)|(35,35)/(78,78)|(52,52)/(61,61)|(42,42)/(71,71)|(48,48)/(65,65)|(20,20)/(93,93)|(1,1)/(112,112)|(10,10)/(103,103)|(45,45)/(68,68)|(53,53)/(60,60)|(50,50)/(63,63)|(19,19)/(94,94)|(8,8)/(105,105)|(14,14)/(99,99)|(5,5)/(108,108)|(18,18)/(95,95)|(46,46)/(67,67)|(43,43)/(70,70)|(34,34)/(79,79)|(2,2)/(111,111)|(49,49)/(64,64)|(29,29)/(84,84)|(3,3)/(110,110)|(28,28)/(85,85)|(25,25)/(88,88)|(31,31)/(82,82)|(44,44)/(69,69)|(51,51)/(62,62)|(11,11)/(102,102)|(41,41)/(72,72)|(26,26)/(87,87)|(13,13)/(100,100)|(47,47)/(66,66)|(12,12)/(101,101)|(22,22)/(91,91)|(40,40)/(73,73)|(37,37)/(76,76)|(17,17)/(96,96)|(24,24)/(89,89)",0.965228259563446
subtraction_depth1_muon,1,muon,first_generalized,9000,checkpoints/subtraction_depth_1_muon_seed_0/step_009000.pt,0.965149998664856,0.9,pair_global,full_hidden,5,44,"(39,39)/(74,74)|(56,56)/(57,57)|(23,23)/(90,90)|(21,21)/(92,92)|(7,7)/(106,106)|(6,6)/(107,107)|(35,35)/(78,78)|(52,52)/(61,61)|(42,42)/(71,71)|(48,48)/(65,65)|(20,20)/(93,93)|(1,1)/(112,112)|(10,10)/(103,103)|(45,45)/(68,68)|(53,53)/(60,60)|(50,50)/(63,63)|(19,19)/(94,94)|(8,8)/(105,105)|(14,14)/(99,99)|(5,5)/(108,108)|(18,18)/(95,95)|(46,46)/(67,67)|(43,43)/(70,70)|(34,34)/(79,79)|(2,2)/(111,111)|(49,49)/(64,64)|(29,29)/(84,84)|(3,3)/(110,110)|(28,28)/(85,85)|(25,25)/(88,88)|(31,31)/(82,82)|(44,44)/(69,69)|(51,51)/(62,62)|(11,11)/(102,102)|(41,41)/(72,72)|(26,26)/(87,87)|(13,13)/(100,100)|(47,47)/(66,66)|(12,12)/(101,101)|(22,22)/(91,91)|(40,40)/(73,73)|(37,37)/(76,76)|(17,17)/(96,96)|(24,24)/(89,89)",0.9669511914253235
subtraction_depth1_muon,1,muon,first_generalized,9000,checkpoints/subtraction_depth_1_muon_seed_0/step_009000.pt,0.965149998664856,0.9,pair_global,full_hidden,6,44,"(39,39)/(74,74)|(56,56)/(57,57)|(23,23)/(90,90)|(21,21)/(92,92)|(7,7)/(106,106)|(6,6)/(107,107)|(35,35)/(78,78)|(52,52)/(61,61)|(42,42)/(71,71)|(48,48)/(65,65)|(20,20)/(93,93)|(1,1)/(112,112)|(10,10)/(103,103)|(45,45)/(68,68)|(53,53)/(60,60)|(50,50)/(63,63)|(19,19)/(94,94)|(8,8)/(105,105)|(14,14)/(99,99)|(5,5)/(108,108)|(18,18)/(95,95)|(46,46)/(67,67)|(43,43)/(70,70)|(34,34)/(79,79)|(2,2)/(111,111)|(49,49)/(64,64)|(29,29)/(84,84)|(3,3)/(110,110)|(28,28)/(85,85)|(25,25)/(88,88)|(31,31)/(82,82)|(44,44)/(69,69)|(51,51)/(62,62)|(11,11)/(102,102)|(41,41)/(72,72)|(26,26)/(87,87)|(13,13)/(100,100)|(47,47)/(66,66)|(12,12)/(101,101)|(22,22)/(91,91)|(40,40)/(73,73)|(37,37)/(76,76)|(17,17)/(96,96)|(24,24)/(89,89)",0.9679692983627319
subtraction_depth1_muon,1,muon,first_generalized,9000,checkpoints/subtraction_depth_1_muon_seed_0/step_009000.pt,0.965149998664856,0.9,pair_global,full_hidden,7,44,"(39,39)/(74,74)|(56,56)/(57,57)|(23,23)/(90,90)|(21,21)/(92,92)|(7,7)/(106,106)|(6,6)/(107,107)|(35,35)/(78,78)|(52,52)/(61,61)|(42,42)/(71,71)|(48,48)/(65,65)|(20,20)/(93,93)|(1,1)/(112,112)|(10,10)/(103,103)|(45,45)/(68,68)|(53,53)/(60,60)|(50,50)/(63,63)|(19,19)/(94,94)|(8,8)/(105,105)|(14,14)/(99,99)|(5,5)/(108,108)|(18,18)/(95,95)|(46,46)/(67,67)|(43,43)/(70,70)|(34,34)/(79,79)|(2,2)/(111,111)|(49,49)/(64,64)|(29,29)/(84,84)|(3,3)/(110,110)|(28,28)/(85,85)|(25,25)/(88,88)|(31,31)/(82,82)|(44,44)/(69,69)|(51,51)/(62,62)|(11,11)/(102,102)|(41,41)/(72,72)|(26,26)/(87,87)|(13,13)/(100,100)|(47,47)/(66,66)|(12,12)/(101,101)|(22,22)/(91,91)|(40,40)/(73,73)|(37,37)/(76,76)|(17,17)/(96,96)|(24,24)/(89,89)",0.9693006277084351
subtraction_depth1_muon,1,muon,first_generalized,9000,checkpoints/subtraction_depth_1_muon_seed_0/step_009000.pt,0.965149998664856,0.9,pair_global,full_hidden,8,44,"(39,39)/(74,74)|(56,56)/(57,57)|(23,23)/(90,90)|(21,21)/(92,92)|(7,7)/(106,106)|(6,6)/(107,107)|(35,35)/(78,78)|(52,52)/(61,61)|(42,42)/(71,71)|(48,48)/(65,65)|(20,20)/(93,93)|(1,1)/(112,112)|(10,10)/(103,103)|(45,45)/(68,68)|(53,53)/(60,60)|(50,50)/(63,63)|(19,19)/(94,94)|(8,8)/(105,105)|(14,14)/(99,99)|(5,5)/(108,108)|(18,18)/(95,95)|(46,46)/(67,67)|(43,43)/(70,70)|(34,34)/(79,79)|(2,2)/(111,111)|(49,49)/(64,64)|(29,29)/(84,84)|(3,3)/(110,110)|(28,28)/(85,85)|(25,25)/(88,88)|(31,31)/(82,82)|(44,44)/(69,69)|(51,51)/(62,62)|(11,11)/(102,102)|(41,41)/(72,72)|(26,26)/(87,87)|(13,13)/(100,100)|(47,47)/(66,66)|(12,12)/(101,101)|(22,22)/(91,91)|(40,40)/(73,73)|(37,37)/(76,76)|(17,17)/(96,96)|(24,24)/(89,89)",0.9672644734382629
subtraction_depth1_muon,1,muon,first_generalized,9000,checkpoints/subtraction_depth_1_muon_seed_0/step_009000.pt,0.965149998664856,0.9,pair_global,full_hidden,9,44,"(39,39)/(74,74)|(56,56)/(57,57)|(23,23)/(90,90)|(21,21)/(92,92)|(7,7)/(106,106)|(6,6)/(107,107)|(35,35)/(78,78)|(52,52)/(61,61)|(42,42)/(71,71)|(48,48)/(65,65)|(20,20)/(93,93)|(1,1)/(112,112)|(10,10)/(103,103)|(45,45)/(68,68)|(53,53)/(60,60)|(50,50)/(63,63)|(19,19)/(94,94)|(8,8)/(105,105)|(14,14)/(99,99)|(5,5)/(108,108)|(18,18)/(95,95)|(46,46)/(67,67)|(43,43)/(70,70)|(34,34)/(79,79)|(2,2)/(111,111)|(49,49)/(64,64)|(29,29)/(84,84)|(3,3)/(110,110)|(28,28)/(85,85)|(25,25)/(88,88)|(31,31)/(82,82)|(44,44)/(69,69)|(51,51)/(62,62)|(11,11)/(102,102)|(41,41)/(72,72)|(26,26)/(87,87)|(13,13)/(100,100)|(47,47)/(66,66)|(12,12)/(101,101)|(22,22)/(91,91)|(40,40)/(73,73)|(37,37)/(76,76)|(17,17)/(96,96)|(24,24)/(89,89)",0.9690657258033752
subtraction_depth1_muon,1,muon,first_generalized,9000,checkpoints/subtraction_depth_1_muon_seed_0/step_009000.pt,0.965149998664856,0.9,channelwise,addition_only,0,44,"(39,39)/(74,74)|(56,56)/(57,57)|(23,23)/(90,90)|(21,21)/(92,92)|(7,7)/(106,106)|(6,6)/(107,107)|(35,35)/(78,78)|(52,52)/(61,61)|(42,42)/(71,71)|(48,48)/(65,65)|(20,20)/(93,93)|(1,1)/(112,112)|(10,10)/(103,103)|(45,45)/(68,68)|(53,53)/(60,60)|(50,50)/(63,63)|(19,19)/(94,94)|(8,8)/(105,105)|(14,14)/(99,99)|(5,5)/(108,108)|(18,18)/(95,95)|(46,46)/(67,67)|(43,43)/(70,70)|(34,34)/(79,79)|(2,2)/(111,111)|(49,49)/(64,64)|(29,29)/(84,84)|(3,3)/(110,110)|(28,28)/(85,85)|(25,25)/(88,88)|(31,31)/(82,82)|(44,44)/(69,69)|(51,51)/(62,62)|(11,11)/(102,102)|(41,41)/(72,72)|(26,26)/(87,87)|(13,13)/(100,100)|(47,47)/(66,66)|(12,12)/(101,101)|(22,22)/(91,91)|(40,40)/(73,73)|(37,37)/(76,76)|(17,17)/(96,96)|(24,24)/(89,89)",0.008849557489156723
subtraction_depth1_muon,1,muon,first_generalized,9000,checkpoints/subtraction_depth_1_muon_seed_0/step_009000.pt,0.965149998664856,0.9,channelwise,addition_only,1,44,"(39,39)/(74,74)|(56,56)/(57,57)|(23,23)/(90,90)|(21,21)/(92,92)|(7,7)/(106,106)|(6,6)/(107,107)|(35,35)/(78,78)|(52,52)/(61,61)|(42,42)/(71,71)|(48,48)/(65,65)|(20,20)/(93,93)|(1,1)/(112,112)|(10,10)/(103,103)|(45,45)/(68,68)|(53,53)/(60,60)|(50,50)/(63,63)|(19,19)/(94,94)|(8,8)/(105,105)|(14,14)/(99,99)|(5,5)/(108,108)|(18,18)/(95,95)|(46,46)/(67,67)|(43,43)/(70,70)|(34,34)/(79,79)|(2,2)/(111,111)|(49,49)/(64,64)|(29,29)/(84,84)|(3,3)/(110,110)|(28,28)/(85,85)|(25,25)/(88,88)|(31,31)/(82,82)|(44,44)/(69,69)|(51,51)/(62,62)|(11,11)/(102,102)|(41,41)/(72,72)|(26,26)/(87,87)|(13,13)/(100,100)|(47,47)/(66,66)|(12,12)/(101,101)|(22,22)/(91,91)|(40,40)/(73,73)|(37,37)/(76,76)|(17,17)/(96,96)|(24,24)/(89,89)",0.008849557489156723
subtraction_depth1_muon,1,muon,first_generalized,9000,checkpoints/subtraction_depth_1_muon_seed_0/step_009000.pt,0.965149998664856,0.9,channelwise,addition_only,2,44,"(39,39)/(74,74)|(56,56)/(57,57)|(23,23)/(90,90)|(21,21)/(92,92)|(7,7)/(106,106)|(6,6)/(107,107)|(35,35)/(78,78)|(52,52)/(61,61)|(42,42)/(71,71)|(48,48)/(65,65)|(20,20)/(93,93)|(1,1)/(112,112)|(10,10)/(103,103)|(45,45)/(68,68)|(53,53)/(60,60)|(50,50)/(63,63)|(19,19)/(94,94)|(8,8)/(105,105)|(14,14)/(99,99)|(5,5)/(108,108)|(18,18)/(95,95)|(46,46)/(67,67)|(43,43)/(70,70)|(34,34)/(79,79)|(2,2)/(111,111)|(49,49)/(64,64)|(29,29)/(84,84)|(3,3)/(110,110)|(28,28)/(85,85)|(25,25)/(88,88)|(31,31)/(82,82)|(44,44)/(69,69)|(51,51)/(62,62)|(11,11)/(102,102)|(41,41)/(72,72)|(26,26)/(87,87)|(13,13)/(100,100)|(47,47)/(66,66)|(12,12)/(101,101)|(22,22)/(91,91)|(40,40)/(73,73)|(37,37)/(76,76)|(17,17)/(96,96)|(24,24)/(89,89)",0.008849557489156723
subtraction_depth1_muon,1,muon,first_generalized,9000,checkpoints/subtraction_depth_1_muon_seed_0/step_009000.pt,0.965149998664856,0.9,channelwise,addition_only,3,44,"(39,39)/(74,74)|(56,56)/(57,57)|(23,23)/(90,90)|(21,21)/(92,92)|(7,7)/(106,106)|(6,6)/(107,107)|(35,35)/(78,78)|(52,52)/(61,61)|(42,42)/(71,71)|(48,48)/(65,65)|(20,20)/(93,93)|(1,1)/(112,112)|(10,10)/(103,103)|(45,45)/(68,68)|(53,53)/(60,60)|(50,50)/(63,63)|(19,19)/(94,94)|(8,8)/(105,105)|(14,14)/(99,99)|(5,5)/(108,108)|(18,18)/(95,95)|(46,46)/(67,67)|(43,43)/(70,70)|(34,34)/(79,79)|(2,2)/(111,111)|(49,49)/(64,64)|(29,29)/(84,84)|(3,3)/(110,110)|(28,28)/(85,85)|(25,25)/(88,88)|(31,31)/(82,82)|(44,44)/(69,69)|(51,51)/(62,62)|(11,11)/(102,102)|(41,41)/(72,72)|(26,26)/(87,87)|(13,13)/(100,100)|(47,47)/(66,66)|(12,12)/(101,101)|(22,22)/(91,91)|(40,40)/(73,73)|(37,37)/(76,76)|(17,17)/(96,96)|(24,24)/(89,89)",0.008849557489156723
subtraction_depth1_muon,1,muon,first_generalized,9000,checkpoints/subtraction_depth_1_muon_seed_0/step_009000.pt,0.965149998664856,0.9,channelwise,addition_only,4,44,"(39,39)/(74,74)|(56,56)/(57,57)|(23,23)/(90,90)|(21,21)/(92,92)|(7,7)/(106,106)|(6,6)/(107,107)|(35,35)/(78,78)|(52,52)/(61,61)|(42,42)/(71,71)|(48,48)/(65,65)|(20,20)/(93,93)|(1,1)/(112,112)|(10,10)/(103,103)|(45,45)/(68,68)|(53,53)/(60,60)|(50,50)/(63,63)|(19,19)/(94,94)|(8,8)/(105,105)|(14,14)/(99,99)|(5,5)/(108,108)|(18,18)/(95,95)|(46,46)/(67,67)|(43,43)/(70,70)|(34,34)/(79,79)|(2,2)/(111,111)|(49,49)/(64,64)|(29,29)/(84,84)|(3,3)/(110,110)|(28,28)/(85,85)|(25,25)/(88,88)|(31,31)/(82,82)|(44,44)/(69,69)|(51,51)/(62,62)|(11,11)/(102,102)|(41,41)/(72,72)|(26,26)/(87,87)|(13,13)/(100,100)|(47,47)/(66,66)|(12,12)/(101,101)|(22,22)/(91,91)|(40,40)/(73,73)|(37,37)/(76,76)|(17,17)/(96,96)|(24,24)/(89,89)",0.008849557489156723
subtraction_depth1_muon,1,muon,first_generalized,9000,checkpoints/subtraction_depth_1_muon_seed_0/step_009000.pt,0.965149998664856,0.9,channelwise,addition_only,5,44,"(39,39)/(74,74)|(56,56)/(57,57)|(23,23)/(90,90)|(21,21)/(92,92)|(7,7)/(106,106)|(6,6)/(107,107)|(35,35)/(78,78)|(52,52)/(61,61)|(42,42)/(71,71)|(48,48)/(65,65)|(20,20)/(93,93)|(1,1)/(112,112)|(10,10)/(103,103)|(45,45)/(68,68)|(53,53)/(60,60)|(50,50)/(63,63)|(19,19)/(94,94)|(8,8)/(105,105)|(14,14)/(99,99)|(5,5)/(108,108)|(18,18)/(95,95)|(46,46)/(67,67)|(43,43)/(70,70)|(34,34)/(79,79)|(2,2)/(111,111)|(49,49)/(64,64)|(29,29)/(84,84)|(3,3)/(110,110)|(28,28)/(85,85)|(25,25)/(88,88)|(31,31)/(82,82)|(44,44)/(69,69)|(51,51)/(62,62)|(11,11)/(102,102)|(41,41)/(72,72)|(26,26)/(87,87)|(13,13)/(100,100)|(47,47)/(66,66)|(12,12)/(101,101)|(22,22)/(91,91)|(40,40)/(73,73)|(37,37)/(76,76)|(17,17)/(96,96)|(24,24)/(89,89)",0.008849557489156723
subtraction_depth1_muon,1,muon,first_generalized,9000,checkpoints/subtraction_depth_1_muon_seed_0/step_009000.pt,0.965149998664856,0.9,channelwise,addition_only,6,44,"(39,39)/(74,74)|(56,56)/(57,57)|(23,23)/(90,90)|(21,21)/(92,92)|(7,7)/(106,106)|(6,6)/(107,107)|(35,35)/(78,78)|(52,52)/(61,61)|(42,42)/(71,71)|(48,48)/(65,65)|(20,20)/(93,93)|(1,1)/(112,112)|(10,10)/(103,103)|(45,45)/(68,68)|(53,53)/(60,60)|(50,50)/(63,63)|(19,19)/(94,94)|(8,8)/(105,105)|(14,14)/(99,99)|(5,5)/(108,108)|(18,18)/(95,95)|(46,46)/(67,67)|(43,43)/(70,70)|(34,34)/(79,79)|(2,2)/(111,111)|(49,49)/(64,64)|(29,29)/(84,84)|(3,3)/(110,110)|(28,28)/(85,85)|(25,25)/(88,88)|(31,31)/(82,82)|(44,44)/(69,69)|(51,51)/(62,62)|(11,11)/(102,102)|(41,41)/(72,72)|(26,26)/(87,87)|(13,13)/(100,100)|(47,47)/(66,66)|(12,12)/(101,101)|(22,22)/(91,91)|(40,40)/(73,73)|(37,37)/(76,76)|(17,17)/(96,96)|(24,24)/(89,89)",0.008849557489156723
subtraction_depth1_muon,1,muon,first_generalized,9000,checkpoints/subtraction_depth_1_muon_seed_0/step_009000.pt,0.965149998664856,0.9,channelwise,addition_only,7,44,"(39,39)/(74,74)|(56,56)/(57,57)|(23,23)/(90,90)|(21,21)/(92,92)|(7,7)/(106,106)|(6,6)/(107,107)|(35,35)/(78,78)|(52,52)/(61,61)|(42,42)/(71,71)|(48,48)/(65,65)|(20,20)/(93,93)|(1,1)/(112,112)|(10,10)/(103,103)|(45,45)/(68,68)|(53,53)/(60,60)|(50,50)/(63,63)|(19,19)/(94,94)|(8,8)/(105,105)|(14,14)/(99,99)|(5,5)/(108,108)|(18,18)/(95,95)|(46,46)/(67,67)|(43,43)/(70,70)|(34,34)/(79,79)|(2,2)/(111,111)|(49,49)/(64,64)|(29,29)/(84,84)|(3,3)/(110,110)|(28,28)/(85,85)|(25,25)/(88,88)|(31,31)/(82,82)|(44,44)/(69,69)|(51,51)/(62,62)|(11,11)/(102,102)|(41,41)/(72,72)|(26,26)/(87,87)|(13,13)/(100,100)|(47,47)/(66,66)|(12,12)/(101,101)|(22,22)/(91,91)|(40,40)/(73,73)|(37,37)/(76,76)|(17,17)/(96,96)|(24,24)/(89,89)",0.008849557489156723
subtraction_depth1_muon,1,muon,first_generalized,9000,checkpoints/subtraction_depth_1_muon_seed_0/step_009000.pt,0.965149998664856,0.9,channelwise,addition_only,8,44,"(39,39)/(74,74)|(56,56)/(57,57)|(23,23)/(90,90)|(21,21)/(92,92)|(7,7)/(106,106)|(6,6)/(107,107)|(35,35)/(78,78)|(52,52)/(61,61)|(42,42)/(71,71)|(48,48)/(65,65)|(20,20)/(93,93)|(1,1)/(112,112)|(10,10)/(103,103)|(45,45)/(68,68)|(53,53)/(60,60)|(50,50)/(63,63)|(19,19)/(94,94)|(8,8)/(105,105)|(14,14)/(99,99)|(5,5)/(108,108)|(18,18)/(95,95)|(46,46)/(67,67)|(43,43)/(70,70)|(34,34)/(79,79)|(2,2)/(111,111)|(49,49)/(64,64)|(29,29)/(84,84)|(3,3)/(110,110)|(28,28)/(85,85)|(25,25)/(88,88)|(31,31)/(82,82)|(44,44)/(69,69)|(51,51)/(62,62)|(11,11)/(102,102)|(41,41)/(72,72)|(26,26)/(87,87)|(13,13)/(100,100)|(47,47)/(66,66)|(12,12)/(101,101)|(22,22)/(91,91)|(40,40)/(73,73)|(37,37)/(76,76)|(17,17)/(96,96)|(24,24)/(89,89)",0.008849557489156723
subtraction_depth1_muon,1,muon,first_generalized,9000,checkpoints/subtraction_depth_1_muon_seed_0/step_009000.pt,0.965149998664856,0.9,channelwise,addition_only,9,44,"(39,39)/(74,74)|(56,56)/(57,57)|(23,23)/(90,90)|(21,21)/(92,92)|(7,7)/(106,106)|(6,6)/(107,107)|(35,35)/(78,78)|(52,52)/(61,61)|(42,42)/(71,71)|(48,48)/(65,65)|(20,20)/(93,93)|(1,1)/(112,112)|(10,10)/(103,103)|(45,45)/(68,68)|(53,53)/(60,60)|(50,50)/(63,63)|(19,19)/(94,94)|(8,8)/(105,105)|(14,14)/(99,99)|(5,5)/(108,108)|(18,18)/(95,95)|(46,46)/(67,67)|(43,43)/(70,70)|(34,34)/(79,79)|(2,2)/(111,111)|(49,49)/(64,64)|(29,29)/(84,84)|(3,3)/(110,110)|(28,28)/(85,85)|(25,25)/(88,88)|(31,31)/(82,82)|(44,44)/(69,69)|(51,51)/(62,62)|(11,11)/(102,102)|(41,41)/(72,72)|(26,26)/(87,87)|(13,13)/(100,100)|(47,47)/(66,66)|(12,12)/(101,101)|(22,22)/(91,91)|(40,40)/(73,73)|(37,37)/(76,76)|(17,17)/(96,96)|(24,24)/(89,89)",0.008849557489156723
subtraction_depth1_muon,1,muon,first_generalized,9000,checkpoints/subtraction_depth_1_muon_seed_0/step_009000.pt,0.965149998664856,0.9,channelwise,full_hidden,0,44,"(39,39)/(74,74)|(56,56)/(57,57)|(23,23)/(90,90)|(21,21)/(92,92)|(7,7)/(106,106)|(6,6)/(107,107)|(35,35)/(78,78)|(52,52)/(61,61)|(42,42)/(71,71)|(48,48)/(65,65)|(20,20)/(93,93)|(1,1)/(112,112)|(10,10)/(103,103)|(45,45)/(68,68)|(53,53)/(60,60)|(50,50)/(63,63)|(19,19)/(94,94)|(8,8)/(105,105)|(14,14)/(99,99)|(5,5)/(108,108)|(18,18)/(95,95)|(46,46)/(67,67)|(43,43)/(70,70)|(34,34)/(79,79)|(2,2)/(111,111)|(49,49)/(64,64)|(29,29)/(84,84)|(3,3)/(110,110)|(28,28)/(85,85)|(25,25)/(88,88)|(31,31)/(82,82)|(44,44)/(69,69)|(51,51)/(62,62)|(11,11)/(102,102)|(41,41)/(72,72)|(26,26)/(87,87)|(13,13)/(100,100)|(47,47)/(66,66)|(12,12)/(101,101)|(22,22)/(91,91)|(40,40)/(73,73)|(37,37)/(76,76)|(17,17)/(96,96)|(24,24)/(89,89)",0.9673427939414978
subtraction_depth1_muon,1,muon,first_generalized,9000,checkpoints/subtraction_depth_1_muon_seed_0/step_009000.pt,0.965149998664856,0.9,channelwise,full_hidden,1,44,"(39,39)/(74,74)|(56,56)/(57,57)|(23,23)/(90,90)|(21,21)/(92,92)|(7,7)/(106,106)|(6,6)/(107,107)|(35,35)/(78,78)|(52,52)/(61,61)|(42,42)/(71,71)|(48,48)/(65,65)|(20,20)/(93,93)|(1,1)/(112,112)|(10,10)/(103,103)|(45,45)/(68,68)|(53,53)/(60,60)|(50,50)/(63,63)|(19,19)/(94,94)|(8,8)/(105,105)|(14,14)/(99,99)|(5,5)/(108,108)|(18,18)/(95,95)|(46,46)/(67,67)|(43,43)/(70,70)|(34,34)/(79,79)|(2,2)/(111,111)|(49,49)/(64,64)|(29,29)/(84,84)|(3,3)/(110,110)|(28,28)/(85,85)|(25,25)/(88,88)|(31,31)/(82,82)|(44,44)/(69,69)|(51,51)/(62,62)|(11,11)/(102,102)|(41,41)/(72,72)|(26,26)/(87,87)|(13,13)/(100,100)|(47,47)/(66,66)|(12,12)/(101,101)|(22,22)/(91,91)|(40,40)/(73,73)|(37,37)/(76,76)|(17,17)/(96,96)|(24,24)/(89,89)",0.9701620936393738
subtraction_depth1_muon,1,muon,first_generalized,9000,checkpoints/subtraction_depth_1_muon_seed_0/step_009000.pt,0.965149998664856,0.9,channelwise,full_hidden,2,44,"(39,39)/(74,74)|(56,56)/(57,57)|(23,23)/(90,90)|(21,21)/(92,92)|(7,7)/(106,106)|(6,6)/(107,107)|(35,35)/(78,78)|(52,52)/(61,61)|(42,42)/(71,71)|(48,48)/(65,65)|(20,20)/(93,93)|(1,1)/(112,112)|(10,10)/(103,103)|(45,45)/(68,68)|(53,53)/(60,60)|(50,50)/(63,63)|(19,19)/(94,94)|(8,8)/(105,105)|(14,14)/(99,99)|(5,5)/(108,108)|(18,18)/(95,95)|(46,46)/(67,67)|(43,43)/(70,70)|(34,34)/(79,79)|(2,2)/(111,111)|(49,49)/(64,64)|(29,29)/(84,84)|(3,3)/(110,110)|(28,28)/(85,85)|(25,25)/(88,88)|(31,31)/(82,82)|(44,44)/(69,69)|(51,51)/(62,62)|(11,11)/(102,102)|(41,41)/(72,72)|(26,26)/(87,87)|(13,13)/(100,100)|(47,47)/(66,66)|(12,12)/(101,101)|(22,22)/(91,91)|(40,40)/(73,73)|(37,37)/(76,76)|(17,17)/(96,96)|(24,24)/(89,89)",0.9689090847969055
subtraction_depth1_muon,1,muon,first_generalized,9000,checkpoints/subtraction_depth_1_muon_seed_0/step_009000.pt,0.965149998664856,0.9,channelwise,full_hidden,3,44,"(39,39)/(74,74)|(56,56)/(57,57)|(23,23)/(90,90)|(21,21)/(92,92)|(7,7)/(106,106)|(6,6)/(107,107)|(35,35)/(78,78)|(52,52)/(61,61)|(42,42)/(71,71)|(48,48)/(65,65)|(20,20)/(93,93)|(1,1)/(112,112)|(10,10)/(103,103)|(45,45)/(68,68)|(53,53)/(60,60)|(50,50)/(63,63)|(19,19)/(94,94)|(8,8)/(105,105)|(14,14)/(99,99)|(5,5)/(108,108)|(18,18)/(95,95)|(46,46)/(67,67)|(43,43)/(70,70)|(34,34)/(79,79)|(2,2)/(111,111)|(49,49)/(64,64)|(29,29)/(84,84)|(3,3)/(110,110)|(28,28)/(85,85)|(25,25)/(88,88)|(31,31)/(82,82)|(44,44)/(69,69)|(51,51)/(62,62)|(11,11)/(102,102)|(41,41)/(72,72)|(26,26)/(87,87)|(13,13)/(100,100)|(47,47)/(66,66)|(12,12)/(101,101)|(22,22)/(91,91)|(40,40)/(73,73)|(37,37)/(76,76)|(17,17)/(96,96)|(24,24)/(89,89)",0.9701620936393738
subtraction_depth1_muon,1,muon,first_generalized,9000,checkpoints/subtraction_depth_1_muon_seed_0/step_009000.pt,0.965149998664856,0.9,channelwise,full_hidden,4,44,"(39,39)/(74,74)|(56,56)/(57,57)|(23,23)/(90,90)|(21,21)/(92,92)|(7,7)/(106,106)|(6,6)/(107,107)|(35,35)/(78,78)|(52,52)/(61,61)|(42,42)/(71,71)|(48,48)/(65,65)|(20,20)/(93,93)|(1,1)/(112,112)|(10,10)/(103,103)|(45,45)/(68,68)|(53,53)/(60,60)|(50,50)/(63,63)|(19,19)/(94,94)|(8,8)/(105,105)|(14,14)/(99,99)|(5,5)/(108,108)|(18,18)/(95,95)|(46,46)/(67,67)|(43,43)/(70,70)|(34,34)/(79,79)|(2,2)/(111,111)|(49,49)/(64,64)|(29,29)/(84,84)|(3,3)/(110,110)|(28,28)/(85,85)|(25,25)/(88,88)|(31,31)/(82,82)|(44,44)/(69,69)|(51,51)/(62,62)|(11,11)/(102,102)|(41,41)/(72,72)|(26,26)/(87,87)|(13,13)/(100,100)|(47,47)/(66,66)|(12,12)/(101,101)|(22,22)/(91,91)|(40,40)/(73,73)|(37,37)/(76,76)|(17,17)/(96,96)|(24,24)/(89,89)",0.9697705507278442
subtraction_depth1_muon,1,muon,first_generalized,9000,checkpoints/subtraction_depth_1_muon_seed_0/step_009000.pt,0.965149998664856,0.9,channelwise,full_hidden,5,44,"(39,39)/(74,74)|(56,56)/(57,57)|(23,23)/(90,90)|(21,21)/(92,92)|(7,7)/(106,106)|(6,6)/(107,107)|(35,35)/(78,78)|(52,52)/(61,61)|(42,42)/(71,71)|(48,48)/(65,65)|(20,20)/(93,93)|(1,1)/(112,112)|(10,10)/(103,103)|(45,45)/(68,68)|(53,53)/(60,60)|(50,50)/(63,63)|(19,19)/(94,94)|(8,8)/(105,105)|(14,14)/(99,99)|(5,5)/(108,108)|(18,18)/(95,95)|(46,46)/(67,67)|(43,43)/(70,70)|(34,34)/(79,79)|(2,2)/(111,111)|(49,49)/(64,64)|(29,29)/(84,84)|(3,3)/(110,110)|(28,28)/(85,85)|(25,25)/(88,88)|(31,31)/(82,82)|(44,44)/(69,69)|(51,51)/(62,62)|(11,11)/(102,102)|(41,41)/(72,72)|(26,26)/(87,87)|(13,13)/(100,100)|(47,47)/(66,66)|(12,12)/(101,101)|(22,22)/(91,91)|(40,40)/(73,73)|(37,37)/(76,76)|(17,17)/(96,96)|(24,24)/(89,89)",0.9678126573562622
subtraction_depth1_muon,1,muon,first_generalized,9000,checkpoints/subtraction_depth_1_muon_seed_0/step_009000.pt,0.965149998664856,0.9,channelwise,full_hidden,6,44,"(39,39)/(74,74)|(56,56)/(57,57)|(23,23)/(90,90)|(21,21)/(92,92)|(7,7)/(106,106)|(6,6)/(107,107)|(35,35)/(78,78)|(52,52)/(61,61)|(42,42)/(71,71)|(48,48)/(65,65)|(20,20)/(93,93)|(1,1)/(112,112)|(10,10)/(103,103)|(45,45)/(68,68)|(53,53)/(60,60)|(50,50)/(63,63)|(19,19)/(94,94)|(8,8)/(105,105)|(14,14)/(99,99)|(5,5)/(108,108)|(18,18)/(95,95)|(46,46)/(67,67)|(43,43)/(70,70)|(34,34)/(79,79)|(2,2)/(111,111)|(49,49)/(64,64)|(29,29)/(84,84)|(3,3)/(110,110)|(28,28)/(85,85)|(25,25)/(88,88)|(31,31)/(82,82)|(44,44)/(69,69)|(51,51)/(62,62)|(11,11)/(102,102)|(41,41)/(72,72)|(26,26)/(87,87)|(13,13)/(100,100)|(47,47)/(66,66)|(12,12)/(101,101)|(22,22)/(91,91)|(40,40)/(73,73)|(37,37)/(76,76)|(17,17)/(96,96)|(24,24)/(89,89)",0.9684391617774963
subtraction_depth1_muon,1,muon,first_generalized,9000,checkpoints/subtraction_depth_1_muon_seed_0/step_009000.pt,0.965149998664856,0.9,channelwise,full_hidden,7,44,"(39,39)/(74,74)|(56,56)/(57,57)|(23,23)/(90,90)|(21,21)/(92,92)|(7,7)/(106,106)|(6,6)/(107,107)|(35,35)/(78,78)|(52,52)/(61,61)|(42,42)/(71,71)|(48,48)/(65,65)|(20,20)/(93,93)|(1,1)/(112,112)|(10,10)/(103,103)|(45,45)/(68,68)|(53,53)/(60,60)|(50,50)/(63,63)|(19,19)/(94,94)|(8,8)/(105,105)|(14,14)/(99,99)|(5,5)/(108,108)|(18,18)/(95,95)|(46,46)/(67,67)|(43,43)/(70,70)|(34,34)/(79,79)|(2,2)/(111,111)|(49,49)/(64,64)|(29,29)/(84,84)|(3,3)/(110,110)|(28,28)/(85,85)|(25,25)/(88,88)|(31,31)/(82,82)|(44,44)/(69,69)|(51,51)/(62,62)|(11,11)/(102,102)|(41,41)/(72,72)|(26,26)/(87,87)|(13,13)/(100,100)|(47,47)/(66,66)|(12,12)/(101,101)|(22,22)/(91,91)|(40,40)/(73,73)|(37,37)/(76,76)|(17,17)/(96,96)|(24,24)/(89,89)",0.9694572687149048
subtraction_depth1_muon,1,muon,first_generalized,9000,checkpoints/subtraction_depth_1_muon_seed_0/step_009000.pt,0.965149998664856,0.9,channelwise,full_hidden,8,44,"(39,39)/(74,74)|(56,56)/(57,57)|(23,23)/(90,90)|(21,21)/(92,92)|(7,7)/(106,106)|(6,6)/(107,107)|(35,35)/(78,78)|(52,52)/(61,61)|(42,42)/(71,71)|(48,48)/(65,65)|(20,20)/(93,93)|(1,1)/(112,112)|(10,10)/(103,103)|(45,45)/(68,68)|(53,53)/(60,60)|(50,50)/(63,63)|(19,19)/(94,94)|(8,8)/(105,105)|(14,14)/(99,99)|(5,5)/(108,108)|(18,18)/(95,95)|(46,46)/(67,67)|(43,43)/(70,70)|(34,34)/(79,79)|(2,2)/(111,111)|(49,49)/(64,64)|(29,29)/(84,84)|(3,3)/(110,110)|(28,28)/(85,85)|(25,25)/(88,88)|(31,31)/(82,82)|(44,44)/(69,69)|(51,51)/(62,62)|(11,11)/(102,102)|(41,41)/(72,72)|(26,26)/(87,87)|(13,13)/(100,100)|(47,47)/(66,66)|(12,12)/(101,101)|(22,22)/(91,91)|(40,40)/(73,73)|(37,37)/(76,76)|(17,17)/(96,96)|(24,24)/(89,89)",0.9681259393692017
subtraction_depth1_muon,1,muon,first_generalized,9000,checkpoints/subtraction_depth_1_muon_seed_0/step_009000.pt,0.965149998664856,0.9,channelwise,full_hidden,9,44,"(39,39)/(74,74)|(56,56)/(57,57)|(23,23)/(90,90)|(21,21)/(92,92)|(7,7)/(106,106)|(6,6)/(107,107)|(35,35)/(78,78)|(52,52)/(61,61)|(42,42)/(71,71)|(48,48)/(65,65)|(20,20)/(93,93)|(1,1)/(112,112)|(10,10)/(103,103)|(45,45)/(68,68)|(53,53)/(60,60)|(50,50)/(63,63)|(19,19)/(94,94)|(8,8)/(105,105)|(14,14)/(99,99)|(5,5)/(108,108)|(18,18)/(95,95)|(46,46)/(67,67)|(43,43)/(70,70)|(34,34)/(79,79)|(2,2)/(111,111)|(49,49)/(64,64)|(29,29)/(84,84)|(3,3)/(110,110)|(28,28)/(85,85)|(25,25)/(88,88)|(31,31)/(82,82)|(44,44)/(69,69)|(51,51)/(62,62)|(11,11)/(102,102)|(41,41)/(72,72)|(26,26)/(87,87)|(13,13)/(100,100)|(47,47)/(66,66)|(12,12)/(101,101)|(22,22)/(91,91)|(40,40)/(73,73)|(37,37)/(76,76)|(17,17)/(96,96)|(24,24)/(89,89)",0.9707103371620178
subtraction_depth1_muon,1,muon,first_generalized,9000,checkpoints/subtraction_depth_1_muon_seed_0/step_009000.pt,0.965149998664856,1.0,pair_global,addition_only,0,56,"(39,39)/(74,74)|(56,56)/(57,57)|(23,23)/(90,90)|(21,21)/(92,92)|(7,7)/(106,106)|(6,6)/(107,107)|(35,35)/(78,78)|(52,52)/(61,61)|(42,42)/(71,71)|(48,48)/(65,65)|(20,20)/(93,93)|(1,1)/(112,112)|(10,10)/(103,103)|(45,45)/(68,68)|(53,53)/(60,60)|(50,50)/(63,63)|(19,19)/(94,94)|(8,8)/(105,105)|(14,14)/(99,99)|(5,5)/(108,108)|(18,18)/(95,95)|(46,46)/(67,67)|(43,43)/(70,70)|(34,34)/(79,79)|(2,2)/(111,111)|(49,49)/(64,64)|(29,29)/(84,84)|(3,3)/(110,110)|(28,28)/(85,85)|(25,25)/(88,88)|(31,31)/(82,82)|(44,44)/(69,69)|(51,51)/(62,62)|(11,11)/(102,102)|(41,41)/(72,72)|(26,26)/(87,87)|(13,13)/(100,100)|(47,47)/(66,66)|(12,12)/(101,101)|(22,22)/(91,91)|(40,40)/(73,73)|(37,37)/(76,76)|(17,17)/(96,96)|(24,24)/(89,89)|(4,4)/(109,109)|(32,32)/(81,81)|(55,55)/(58,58)|(54,54)/(59,59)|(38,38)/(75,75)|(30,30)/(83,83)|(27,27)/(86,86)|(33,33)/(80,80)|(16,16)/(97,97)|(15,15)/(98,98)|(9,9)/(104,104)|(36,36)/(77,77)",0.008849557489156723
subtraction_depth1_muon,1,muon,first_generalized,9000,checkpoints/subtraction_depth_1_muon_seed_0/step_009000.pt,0.965149998664856,1.0,pair_global,addition_only,1,56,"(39,39)/(74,74)|(56,56)/(57,57)|(23,23)/(90,90)|(21,21)/(92,92)|(7,7)/(106,106)|(6,6)/(107,107)|(35,35)/(78,78)|(52,52)/(61,61)|(42,42)/(71,71)|(48,48)/(65,65)|(20,20)/(93,93)|(1,1)/(112,112)|(10,10)/(103,103)|(45,45)/(68,68)|(53,53)/(60,60)|(50,50)/(63,63)|(19,19)/(94,94)|(8,8)/(105,105)|(14,14)/(99,99)|(5,5)/(108,108)|(18,18)/(95,95)|(46,46)/(67,67)|(43,43)/(70,70)|(34,34)/(79,79)|(2,2)/(111,111)|(49,49)/(64,64)|(29,29)/(84,84)|(3,3)/(110,110)|(28,28)/(85,85)|(25,25)/(88,88)|(31,31)/(82,82)|(44,44)/(69,69)|(51,51)/(62,62)|(11,11)/(102,102)|(41,41)/(72,72)|(26,26)/(87,87)|(13,13)/(100,100)|(47,47)/(66,66)|(12,12)/(101,101)|(22,22)/(91,91)|(40,40)/(73,73)|(37,37)/(76,76)|(17,17)/(96,96)|(24,24)/(89,89)|(4,4)/(109,109)|(32,32)/(81,81)|(55,55)/(58,58)|(54,54)/(59,59)|(38,38)/(75,75)|(30,30)/(83,83)|(27,27)/(86,86)|(33,33)/(80,80)|(16,16)/(97,97)|(15,15)/(98,98)|(9,9)/(104,104)|(36,36)/(77,77)",0.008849557489156723
subtraction_depth1_muon,1,muon,first_generalized,9000,checkpoints/subtraction_depth_1_muon_seed_0/step_009000.pt,0.965149998664856,1.0,pair_global,addition_only,2,56,"(39,39)/(74,74)|(56,56)/(57,57)|(23,23)/(90,90)|(21,21)/(92,92)|(7,7)/(106,106)|(6,6)/(107,107)|(35,35)/(78,78)|(52,52)/(61,61)|(42,42)/(71,71)|(48,48)/(65,65)|(20,20)/(93,93)|(1,1)/(112,112)|(10,10)/(103,103)|(45,45)/(68,68)|(53,53)/(60,60)|(50,50)/(63,63)|(19,19)/(94,94)|(8,8)/(105,105)|(14,14)/(99,99)|(5,5)/(108,108)|(18,18)/(95,95)|(46,46)/(67,67)|(43,43)/(70,70)|(34,34)/(79,79)|(2,2)/(111,111)|(49,49)/(64,64)|(29,29)/(84,84)|(3,3)/(110,110)|(28,28)/(85,85)|(25,25)/(88,88)|(31,31)/(82,82)|(44,44)/(69,69)|(51,51)/(62,62)|(11,11)/(102,102)|(41,41)/(72,72)|(26,26)/(87,87)|(13,13)/(100,100)|(47,47)/(66,66)|(12,12)/(101,101)|(22,22)/(91,91)|(40,40)/(73,73)|(37,37)/(76,76)|(17,17)/(96,96)|(24,24)/(89,89)|(4,4)/(109,109)|(32,32)/(81,81)|(55,55)/(58,58)|(54,54)/(59,59)|(38,38)/(75,75)|(30,30)/(83,83)|(27,27)/(86,86)|(33,33)/(80,80)|(16,16)/(97,97)|(15,15)/(98,98)|(9,9)/(104,104)|(36,36)/(77,77)",0.008849557489156723
subtraction_depth1_muon,1,muon,first_generalized,9000,checkpoints/subtraction_depth_1_muon_seed_0/step_009000.pt,0.965149998664856,1.0,pair_global,addition_only,3,56,"(39,39)/(74,74)|(56,56)/(57,57)|(23,23)/(90,90)|(21,21)/(92,92)|(7,7)/(106,106)|(6,6)/(107,107)|(35,35)/(78,78)|(52,52)/(61,61)|(42,42)/(71,71)|(48,48)/(65,65)|(20,20)/(93,93)|(1,1)/(112,112)|(10,10)/(103,103)|(45,45)/(68,68)|(53,53)/(60,60)|(50,50)/(63,63)|(19,19)/(94,94)|(8,8)/(105,105)|(14,14)/(99,99)|(5,5)/(108,108)|(18,18)/(95,95)|(46,46)/(67,67)|(43,43)/(70,70)|(34,34)/(79,79)|(2,2)/(111,111)|(49,49)/(64,64)|(29,29)/(84,84)|(3,3)/(110,110)|(28,28)/(85,85)|(25,25)/(88,88)|(31,31)/(82,82)|(44,44)/(69,69)|(51,51)/(62,62)|(11,11)/(102,102)|(41,41)/(72,72)|(26,26)/(87,87)|(13,13)/(100,100)|(47,47)/(66,66)|(12,12)/(101,101)|(22,22)/(91,91)|(40,40)/(73,73)|(37,37)/(76,76)|(17,17)/(96,96)|(24,24)/(89,89)|(4,4)/(109,109)|(32,32)/(81,81)|(55,55)/(58,58)|(54,54)/(59,59)|(38,38)/(75,75)|(30,30)/(83,83)|(27,27)/(86,86)|(33,33)/(80,80)|(16,16)/(97,97)|(15,15)/(98,98)|(9,9)/(104,104)|(36,36)/(77,77)",0.008849557489156723
subtraction_depth1_muon,1,muon,first_generalized,9000,checkpoints/subtraction_depth_1_muon_seed_0/step_009000.pt,0.965149998664856,1.0,pair_global,addition_only,4,56,"(39,39)/(74,74)|(56,56)/(57,57)|(23,23)/(90,90)|(21,21)/(92,92)|(7,7)/(106,106)|(6,6)/(107,107)|(35,35)/(78,78)|(52,52)/(61,61)|(42,42)/(71,71)|(48,48)/(65,65)|(20,20)/(93,93)|(1,1)/(112,112)|(10,10)/(103,103)|(45,45)/(68,68)|(53,53)/(60,60)|(50,50)/(63,63)|(19,19)/(94,94)|(8,8)/(105,105)|(14,14)/(99,99)|(5,5)/(108,108)|(18,18)/(95,95)|(46,46)/(67,67)|(43,43)/(70,70)|(34,34)/(79,79)|(2,2)/(111,111)|(49,49)/(64,64)|(29,29)/(84,84)|(3,3)/(110,110)|(28,28)/(85,85)|(25,25)/(88,88)|(31,31)/(82,82)|(44,44)/(69,69)|(51,51)/(62,62)|(11,11)/(102,102)|(41,41)/(72,72)|(26,26)/(87,87)|(13,13)/(100,100)|(47,47)/(66,66)|(12,12)/(101,101)|(22,22)/(91,91)|(40,40)/(73,73)|(37,37)/(76,76)|(17,17)/(96,96)|(24,24)/(89,89)|(4,4)/(109,109)|(32,32)/(81,81)|(55,55)/(58,58)|(54,54)/(59,59)|(38,38)/(75,75)|(30,30)/(83,83)|(27,27)/(86,86)|(33,33)/(80,80)|(16,16)/(97,97)|(15,15)/(98,98)|(9,9)/(104,104)|(36,36)/(77,77)",0.008849557489156723
subtraction_depth1_muon,1,muon,first_generalized,9000,checkpoints/subtraction_depth_1_muon_seed_0/step_009000.pt,0.965149998664856,1.0,pair_global,addition_only,5,56,"(39,39)/(74,74)|(56,56)/(57,57)|(23,23)/(90,90)|(21,21)/(92,92)|(7,7)/(106,106)|(6,6)/(107,107)|(35,35)/(78,78)|(52,52)/(61,61)|(42,42)/(71,71)|(48,48)/(65,65)|(20,20)/(93,93)|(1,1)/(112,112)|(10,10)/(103,103)|(45,45)/(68,68)|(53,53)/(60,60)|(50,50)/(63,63)|(19,19)/(94,94)|(8,8)/(105,105)|(14,14)/(99,99)|(5,5)/(108,108)|(18,18)/(95,95)|(46,46)/(67,67)|(43,43)/(70,70)|(34,34)/(79,79)|(2,2)/(111,111)|(49,49)/(64,64)|(29,29)/(84,84)|(3,3)/(110,110)|(28,28)/(85,85)|(25,25)/(88,88)|(31,31)/(82,82)|(44,44)/(69,69)|(51,51)/(62,62)|(11,11)/(102,102)|(41,41)/(72,72)|(26,26)/(87,87)|(13,13)/(100,100)|(47,47)/(66,66)|(12,12)/(101,101)|(22,22)/(91,91)|(40,40)/(73,73)|(37,37)/(76,76)|(17,17)/(96,96)|(24,24)/(89,89)|(4,4)/(109,109)|(32,32)/(81,81)|(55,55)/(58,58)|(54,54)/(59,59)|(38,38)/(75,75)|(30,30)/(83,83)|(27,27)/(86,86)|(33,33)/(80,80)|(16,16)/(97,97)|(15,15)/(98,98)|(9,9)/(104,104)|(36,36)/(77,77)",0.008849557489156723
subtraction_depth1_muon,1,muon,first_generalized,9000,checkpoints/subtraction_depth_1_muon_seed_0/step_009000.pt,0.965149998664856,1.0,pair_global,addition_only,6,56,"(39,39)/(74,74)|(56,56)/(57,57)|(23,23)/(90,90)|(21,21)/(92,92)|(7,7)/(106,106)|(6,6)/(107,107)|(35,35)/(78,78)|(52,52)/(61,61)|(42,42)/(71,71)|(48,48)/(65,65)|(20,20)/(93,93)|(1,1)/(112,112)|(10,10)/(103,103)|(45,45)/(68,68)|(53,53)/(60,60)|(50,50)/(63,63)|(19,19)/(94,94)|(8,8)/(105,105)|(14,14)/(99,99)|(5,5)/(108,108)|(18,18)/(95,95)|(46,46)/(67,67)|(43,43)/(70,70)|(34,34)/(79,79)|(2,2)/(111,111)|(49,49)/(64,64)|(29,29)/(84,84)|(3,3)/(110,110)|(28,28)/(85,85)|(25,25)/(88,88)|(31,31)/(82,82)|(44,44)/(69,69)|(51,51)/(62,62)|(11,11)/(102,102)|(41,41)/(72,72)|(26,26)/(87,87)|(13,13)/(100,100)|(47,47)/(66,66)|(12,12)/(101,101)|(22,22)/(91,91)|(40,40)/(73,73)|(37,37)/(76,76)|(17,17)/(96,96)|(24,24)/(89,89)|(4,4)/(109,109)|(32,32)/(81,81)|(55,55)/(58,58)|(54,54)/(59,59)|(38,38)/(75,75)|(30,30)/(83,83)|(27,27)/(86,86)|(33,33)/(80,80)|(16,16)/(97,97)|(15,15)/(98,98)|(9,9)/(104,104)|(36,36)/(77,77)",0.008849557489156723
subtraction_depth1_muon,1,muon,first_generalized,9000,checkpoints/subtraction_depth_1_muon_seed_0/step_009000.pt,0.965149998664856,1.0,pair_global,addition_only,7,56,"(39,39)/(74,74)|(56,56)/(57,57)|(23,23)/(90,90)|(21,21)/(92,92)|(7,7)/(106,106)|(6,6)/(107,107)|(35,35)/(78,78)|(52,52)/(61,61)|(42,42)/(71,71)|(48,48)/(65,65)|(20,20)/(93,93)|(1,1)/(112,112)|(10,10)/(103,103)|(45,45)/(68,68)|(53,53)/(60,60)|(50,50)/(63,63)|(19,19)/(94,94)|(8,8)/(105,105)|(14,14)/(99,99)|(5,5)/(108,108)|(18,18)/(95,95)|(46,46)/(67,67)|(43,43)/(70,70)|(34,34)/(79,79)|(2,2)/(111,111)|(49,49)/(64,64)|(29,29)/(84,84)|(3,3)/(110,110)|(28,28)/(85,85)|(25,25)/(88,88)|(31,31)/(82,82)|(44,44)/(69,69)|(51,51)/(62,62)|(11,11)/(102,102)|(41,41)/(72,72)|(26,26)/(87,87)|(13,13)/(100,100)|(47,47)/(66,66)|(12,12)/(101,101)|(22,22)/(91,91)|(40,40)/(73,73)|(37,37)/(76,76)|(17,17)/(96,96)|(24,24)/(89,89)|(4,4)/(109,109)|(32,32)/(81,81)|(55,55)/(58,58)|(54,54)/(59,59)|(38,38)/(75,75)|(30,30)/(83,83)|(27,27)/(86,86)|(33,33)/(80,80)|(16,16)/(97,97)|(15,15)/(98,98)|(9,9)/(104,104)|(36,36)/(77,77)",0.008849557489156723
subtraction_depth1_muon,1,muon,first_generalized,9000,checkpoints/subtraction_depth_1_muon_seed_0/step_009000.pt,0.965149998664856,1.0,pair_global,addition_only,8,56,"(39,39)/(74,74)|(56,56)/(57,57)|(23,23)/(90,90)|(21,21)/(92,92)|(7,7)/(106,106)|(6,6)/(107,107)|(35,35)/(78,78)|(52,52)/(61,61)|(42,42)/(71,71)|(48,48)/(65,65)|(20,20)/(93,93)|(1,1)/(112,112)|(10,10)/(103,103)|(45,45)/(68,68)|(53,53)/(60,60)|(50,50)/(63,63)|(19,19)/(94,94)|(8,8)/(105,105)|(14,14)/(99,99)|(5,5)/(108,108)|(18,18)/(95,95)|(46,46)/(67,67)|(43,43)/(70,70)|(34,34)/(79,79)|(2,2)/(111,111)|(49,49)/(64,64)|(29,29)/(84,84)|(3,3)/(110,110)|(28,28)/(85,85)|(25,25)/(88,88)|(31,31)/(82,82)|(44,44)/(69,69)|(51,51)/(62,62)|(11,11)/(102,102)|(41,41)/(72,72)|(26,26)/(87,87)|(13,13)/(100,100)|(47,47)/(66,66)|(12,12)/(101,101)|(22,22)/(91,91)|(40,40)/(73,73)|(37,37)/(76,76)|(17,17)/(96,96)|(24,24)/(89,89)|(4,4)/(109,109)|(32,32)/(81,81)|(55,55)/(58,58)|(54,54)/(59,59)|(38,38)/(75,75)|(30,30)/(83,83)|(27,27)/(86,86)|(33,33)/(80,80)|(16,16)/(97,97)|(15,15)/(98,98)|(9,9)/(104,104)|(36,36)/(77,77)",0.008849557489156723
subtraction_depth1_muon,1,muon,first_generalized,9000,checkpoints/subtraction_depth_1_muon_seed_0/step_009000.pt,0.965149998664856,1.0,pair_global,addition_only,9,56,"(39,39)/(74,74)|(56,56)/(57,57)|(23,23)/(90,90)|(21,21)/(92,92)|(7,7)/(106,106)|(6,6)/(107,107)|(35,35)/(78,78)|(52,52)/(61,61)|(42,42)/(71,71)|(48,48)/(65,65)|(20,20)/(93,93)|(1,1)/(112,112)|(10,10)/(103,103)|(45,45)/(68,68)|(53,53)/(60,60)|(50,50)/(63,63)|(19,19)/(94,94)|(8,8)/(105,105)|(14,14)/(99,99)|(5,5)/(108,108)|(18,18)/(95,95)|(46,46)/(67,67)|(43,43)/(70,70)|(34,34)/(79,79)|(2,2)/(111,111)|(49,49)/(64,64)|(29,29)/(84,84)|(3,3)/(110,110)|(28,28)/(85,85)|(25,25)/(88,88)|(31,31)/(82,82)|(44,44)/(69,69)|(51,51)/(62,62)|(11,11)/(102,102)|(41,41)/(72,72)|(26,26)/(87,87)|(13,13)/(100,100)|(47,47)/(66,66)|(12,12)/(101,101)|(22,22)/(91,91)|(40,40)/(73,73)|(37,37)/(76,76)|(17,17)/(96,96)|(24,24)/(89,89)|(4,4)/(109,109)|(32,32)/(81,81)|(55,55)/(58,58)|(54,54)/(59,59)|(38,38)/(75,75)|(30,30)/(83,83)|(27,27)/(86,86)|(33,33)/(80,80)|(16,16)/(97,97)|(15,15)/(98,98)|(9,9)/(104,104)|(36,36)/(77,77)",0.008849557489156723
subtraction_depth1_muon,1,muon,first_generalized,9000,checkpoints/subtraction_depth_1_muon_seed_0/step_009000.pt,0.965149998664856,1.0,pair_global,full_hidden,0,56,"(39,39)/(74,74)|(56,56)/(57,57)|(23,23)/(90,90)|(21,21)/(92,92)|(7,7)/(106,106)|(6,6)/(107,107)|(35,35)/(78,78)|(52,52)/(61,61)|(42,42)/(71,71)|(48,48)/(65,65)|(20,20)/(93,93)|(1,1)/(112,112)|(10,10)/(103,103)|(45,45)/(68,68)|(53,53)/(60,60)|(50,50)/(63,63)|(19,19)/(94,94)|(8,8)/(105,105)|(14,14)/(99,99)|(5,5)/(108,108)|(18,18)/(95,95)|(46,46)/(67,67)|(43,43)/(70,70)|(34,34)/(79,79)|(2,2)/(111,111)|(49,49)/(64,64)|(29,29)/(84,84)|(3,3)/(110,110)|(28,28)/(85,85)|(25,25)/(88,88)|(31,31)/(82,82)|(44,44)/(69,69)|(51,51)/(62,62)|(11,11)/(102,102)|(41,41)/(72,72)|(26,26)/(87,87)|(13,13)/(100,100)|(47,47)/(66,66)|(12,12)/(101,101)|(22,22)/(91,91)|(40,40)/(73,73)|(37,37)/(76,76)|(17,17)/(96,96)|(24,24)/(89,89)|(4,4)/(109,109)|(32,32)/(81,81)|(55,55)/(58,58)|(54,54)/(59,59)|(38,38)/(75,75)|(30,30)/(83,83)|(27,27)/(86,86)|(33,33)/(80,80)|(16,16)/(97,97)|(15,15)/(98,98)|(9,9)/(104,104)|(36,36)/(77,77)",0.9688307642936707
subtraction_depth1_muon,1,muon,first_generalized,9000,checkpoints/subtraction_depth_1_muon_seed_0/step_009000.pt,0.965149998664856,1.0,pair_global,full_hidden,1,56,"(39,39)/(74,74)|(56,56)/(57,57)|(23,23)/(90,90)|(21,21)/(92,92)|(7,7)/(106,106)|(6,6)/(107,107)|(35,35)/(78,78)|(52,52)/(61,61)|(42,42)/(71,71)|(48,48)/(65,65)|(20,20)/(93,93)|(1,1)/(112,112)|(10,10)/(103,103)|(45,45)/(68,68)|(53,53)/(60,60)|(50,50)/(63,63)|(19,19)/(94,94)|(8,8)/(105,105)|(14,14)/(99,99)|(5,5)/(108,108)|(18,18)/(95,95)|(46,46)/(67,67)|(43,43)/(70,70)|(34,34)/(79,79)|(2,2)/(111,111)|(49,49)/(64,64)|(29,29)/(84,84)|(3,3)/(110,110)|(28,28)/(85,85)|(25,25)/(88,88)|(31,31)/(82,82)|(44,44)/(69,69)|(51,51)/(62,62)|(11,11)/(102,102)|(41,41)/(72,72)|(26,26)/(87,87)|(13,13)/(100,100)|(47,47)/(66,66)|(12,12)/(101,101)|(22,22)/(91,91)|(40,40)/(73,73)|(37,37)/(76,76)|(17,17)/(96,96)|(24,24)/(89,89)|(4,4)/(109,109)|(32,32)/(81,81)|(55,55)/(58,58)|(54,54)/(59,59)|(38,38)/(75,75)|(30,30)/(83,83)|(27,27)/(86,86)|(33,33)/(80,80)|(16,16)/(97,97)|(15,15)/(98,98)|(9,9)/(104,104)|(36,36)/(77,77)",0.9642885327339172
subtraction_depth1_muon,1,muon,first_generalized,9000,checkpoints/subtraction_depth_1_muon_seed_0/step_009000.pt,0.965149998664856,1.0,pair_global,full_hidden,2,56,"(39,39)/(74,74)|(56,56)/(57,57)|(23,23)/(90,90)|(21,21)/(92,92)|(7,7)/(106,106)|(6,6)/(107,107)|(35,35)/(78,78)|(52,52)/(61,61)|(42,42)/(71,71)|(48,48)/(65,65)|(20,20)/(93,93)|(1,1)/(112,112)|(10,10)/(103,103)|(45,45)/(68,68)|(53,53)/(60,60)|(50,50)/(63,63)|(19,19)/(94,94)|(8,8)/(105,105)|(14,14)/(99,99)|(5,5)/(108,108)|(18,18)/(95,95)|(46,46)/(67,67)|(43,43)/(70,70)|(34,34)/(79,79)|(2,2)/(111,111)|(49,49)/(64,64)|(29,29)/(84,84)|(3,3)/(110,110)|(28,28)/(85,85)|(25,25)/(88,88)|(31,31)/(82,82)|(44,44)/(69,69)|(51,51)/(62,62)|(11,11)/(102,102)|(41,41)/(72,72)|(26,26)/(87,87)|(13,13)/(100,100)|(47,47)/(66,66)|(12,12)/(101,101)|(22,22)/(91,91)|(40,40)/(73,73)|(37,37)/(76,76)|(17,17)/(96,96)|(24,24)/(89,89)|(4,4)/(109,109)|(32,32)/(81,81)|(55,55)/(58,58)|(54,54)/(59,59)|(38,38)/(75,75)|(30,30)/(83,83)|(27,27)/(86,86)|(33,33)/(80,80)|(16,16)/(97,97)|(15,15)/(98,98)|(9,9)/(104,104)|(36,36)/(77,77)",0.9671861529350281
subtraction_depth1_muon,1,muon,first_generalized,9000,checkpoints/subtraction_depth_1_muon_seed_0/step_009000.pt,0.965149998664856,1.0,pair_global,full_hidden,3,56,"(39,39)/(74,74)|(56,56)/(57,57)|(23,23)/(90,90)|(21,21)/(92,92)|(7,7)/(106,106)|(6,6)/(107,107)|(35,35)/(78,78)|(52,52)/(61,61)|(42,42)/(71,71)|(48,48)/(65,65)|(20,20)/(93,93)|(1,1)/(112,112)|(10,10)/(103,103)|(45,45)/(68,68)|(53,53)/(60,60)|(50,50)/(63,63)|(19,19)/(94,94)|(8,8)/(105,105)|(14,14)/(99,99)|(5,5)/(108,108)|(18,18)/(95,95)|(46,46)/(67,67)|(43,43)/(70,70)|(34,34)/(79,79)|(2,2)/(111,111)|(49,49)/(64,64)|(29,29)/(84,84)|(3,3)/(110,110)|(28,28)/(85,85)|(25,25)/(88,88)|(31,31)/(82,82)|(44,44)/(69,69)|(51,51)/(62,62)|(11,11)/(102,102)|(41,41)/(72,72)|(26,26)/(87,87)|(13,13)/(100,100)|(47,47)/(66,66)|(12,12)/(101,101)|(22,22)/(91,91)|(40,40)/(73,73)|(37,37)/(76,76)|(17,17)/(96,96)|(24,24)/(89,89)|(4,4)/(109,109)|(32,32)/(81,81)|(55,55)/(58,58)|(54,54)/(59,59)|(38,38)/(75,75)|(30,30)/(83,83)|(27,27)/(86,86)|(33,33)/(80,80)|(16,16)/(97,97)|(15,15)/(98,98)|(9,9)/(104,104)|(36,36)/(77,77)",0.9682825803756714
subtraction_depth1_muon,1,muon,first_generalized,9000,checkpoints/subtraction_depth_1_muon_seed_0/step_009000.pt,0.965149998664856,1.0,pair_global,full_hidden,4,56,"(39,39)/(74,74)|(56,56)/(57,57)|(23,23)/(90,90)|(21,21)/(92,92)|(7,7)/(106,106)|(6,6)/(107,107)|(35,35)/(78,78)|(52,52)/(61,61)|(42,42)/(71,71)|(48,48)/(65,65)|(20,20)/(93,93)|(1,1)/(112,112)|(10,10)/(103,103)|(45,45)/(68,68)|(53,53)/(60,60)|(50,50)/(63,63)|(19,19)/(94,94)|(8,8)/(105,105)|(14,14)/(99,99)|(5,5)/(108,108)|(18,18)/(95,95)|(46,46)/(67,67)|(43,43)/(70,70)|(34,34)/(79,79)|(2,2)/(111,111)|(49,49)/(64,64)|(29,29)/(84,84)|(3,3)/(110,110)|(28,28)/(85,85)|(25,25)/(88,88)|(31,31)/(82,82)|(44,44)/(69,69)|(51,51)/(62,62)|(11,11)/(102,102)|(41,41)/(72,72)|(26,26)/(87,87)|(13,13)/(100,100)|(47,47)/(66,66)|(12,12)/(101,101)|(22,22)/(91,91)|(40,40)/(73,73)|(37,37)/(76,76)|(17,17)/(96,96)|(24,24)/(89,89)|(4,4)/(109,109)|(32,32)/(81,81)|(55,55)/(58,58)|(54,54)/(59,59)|(38,38)/(75,75)|(30,30)/(83,83)|(27,27)/(86,86)|(33,33)/(80,80)|(16,16)/(97,97)|(15,15)/(98,98)|(9,9)/(104,104)|(36,36)/(77,77)",0.9690657258033752
subtraction_depth1_muon,1,muon,first_generalized,9000,checkpoints/subtraction_depth_1_muon_seed_0/step_009000.pt,0.965149998664856,1.0,pair_global,full_hidden,5,56,"(39,39)/(74,74)|(56,56)/(57,57)|(23,23)/(90,90)|(21,21)/(92,92)|(7,7)/(106,106)|(6,6)/(107,107)|(35,35)/(78,78)|(52,52)/(61,61)|(42,42)/(71,71)|(48,48)/(65,65)|(20,20)/(93,93)|(1,1)/(112,112)|(10,10)/(103,103)|(45,45)/(68,68)|(53,53)/(60,60)|(50,50)/(63,63)|(19,19)/(94,94)|(8,8)/(105,105)|(14,14)/(99,99)|(5,5)/(108,108)|(18,18)/(95,95)|(46,46)/(67,67)|(43,43)/(70,70)|(34,34)/(79,79)|(2,2)/(111,111)|(49,49)/(64,64)|(29,29)/(84,84)|(3,3)/(110,110)|(28,28)/(85,85)|(25,25)/(88,88)|(31,31)/(82,82)|(44,44)/(69,69)|(51,51)/(62,62)|(11,11)/(102,102)|(41,41)/(72,72)|(26,26)/(87,87)|(13,13)/(100,100)|(47,47)/(66,66)|(12,12)/(101,101)|(22,22)/(91,91)|(40,40)/(73,73)|(37,37)/(76,76)|(17,17)/(96,96)|(24,24)/(89,89)|(4,4)/(109,109)|(32,32)/(81,81)|(55,55)/(58,58)|(54,54)/(59,59)|(38,38)/(75,75)|(30,30)/(83,83)|(27,27)/(86,86)|(33,33)/(80,80)|(16,16)/(97,97)|(15,15)/(98,98)|(9,9)/(104,104)|(36,36)/(77,77)",0.9683609008789062
subtraction_depth1_muon,1,muon,first_generalized,9000,checkpoints/subtraction_depth_1_muon_seed_0/step_009000.pt,0.965149998664856,1.0,pair_global,full_hidden,6,56,"(39,39)/(74,74)|(56,56)/(57,57)|(23,23)/(90,90)|(21,21)/(92,92)|(7,7)/(106,106)|(6,6)/(107,107)|(35,35)/(78,78)|(52,52)/(61,61)|(42,42)/(71,71)|(48,48)/(65,65)|(20,20)/(93,93)|(1,1)/(112,112)|(10,10)/(103,103)|(45,45)/(68,68)|(53,53)/(60,60)|(50,50)/(63,63)|(19,19)/(94,94)|(8,8)/(105,105)|(14,14)/(99,99)|(5,5)/(108,108)|(18,18)/(95,95)|(46,46)/(67,67)|(43,43)/(70,70)|(34,34)/(79,79)|(2,2)/(111,111)|(49,49)/(64,64)|(29,29)/(84,84)|(3,3)/(110,110)|(28,28)/(85,85)|(25,25)/(88,88)|(31,31)/(82,82)|(44,44)/(69,69)|(51,51)/(62,62)|(11,11)/(102,102)|(41,41)/(72,72)|(26,26)/(87,87)|(13,13)/(100,100)|(47,47)/(66,66)|(12,12)/(101,101)|(22,22)/(91,91)|(40,40)/(73,73)|(37,37)/(76,76)|(17,17)/(96,96)|(24,24)/(89,89)|(4,4)/(109,109)|(32,32)/(81,81)|(55,55)/(58,58)|(54,54)/(59,59)|(38,38)/(75,75)|(30,30)/(83,83)|(27,27)/(86,86)|(33,33)/(80,80)|(16,16)/(97,97)|(15,15)/(98,98)|(9,9)/(104,104)|(36,36)/(77,77)",0.9676560163497925
subtraction_depth1_muon,1,muon,first_generalized,9000,checkpoints/subtraction_depth_1_muon_seed_0/step_009000.pt,0.965149998664856,1.0,pair_global,full_hidden,7,56,"(39,39)/(74,74)|(56,56)/(57,57)|(23,23)/(90,90)|(21,21)/(92,92)|(7,7)/(106,106)|(6,6)/(107,107)|(35,35)/(78,78)|(52,52)/(61,61)|(42,42)/(71,71)|(48,48)/(65,65)|(20,20)/(93,93)|(1,1)/(112,112)|(10,10)/(103,103)|(45,45)/(68,68)|(53,53)/(60,60)|(50,50)/(63,63)|(19,19)/(94,94)|(8,8)/(105,105)|(14,14)/(99,99)|(5,5)/(108,108)|(18,18)/(95,95)|(46,46)/(67,67)|(43,43)/(70,70)|(34,34)/(79,79)|(2,2)/(111,111)|(49,49)/(64,64)|(29,29)/(84,84)|(3,3)/(110,110)|(28,28)/(85,85)|(25,25)/(88,88)|(31,31)/(82,82)|(44,44)/(69,69)|(51,51)/(62,62)|(11,11)/(102,102)|(41,41)/(72,72)|(26,26)/(87,87)|(13,13)/(100,100)|(47,47)/(66,66)|(12,12)/(101,101)|(22,22)/(91,91)|(40,40)/(73,73)|(37,37)/(76,76)|(17,17)/(96,96)|(24,24)/(89,89)|(4,4)/(109,109)|(32,32)/(81,81)|(55,55)/(58,58)|(54,54)/(59,59)|(38,38)/(75,75)|(30,30)/(83,83)|(27,27)/(86,86)|(33,33)/(80,80)|(16,16)/(97,97)|(15,15)/(98,98)|(9,9)/(104,104)|(36,36)/(77,77)",0.9675777554512024
subtraction_depth1_muon,1,muon,first_generalized,9000,checkpoints/subtraction_depth_1_muon_seed_0/step_009000.pt,0.965149998664856,1.0,pair_global,full_hidden,8,56,"(39,39)/(74,74)|(56,56)/(57,57)|(23,23)/(90,90)|(21,21)/(92,92)|(7,7)/(106,106)|(6,6)/(107,107)|(35,35)/(78,78)|(52,52)/(61,61)|(42,42)/(71,71)|(48,48)/(65,65)|(20,20)/(93,93)|(1,1)/(112,112)|(10,10)/(103,103)|(45,45)/(68,68)|(53,53)/(60,60)|(50,50)/(63,63)|(19,19)/(94,94)|(8,8)/(105,105)|(14,14)/(99,99)|(5,5)/(108,108)|(18,18)/(95,95)|(46,46)/(67,67)|(43,43)/(70,70)|(34,34)/(79,79)|(2,2)/(111,111)|(49,49)/(64,64)|(29,29)/(84,84)|(3,3)/(110,110)|(28,28)/(85,85)|(25,25)/(88,88)|(31,31)/(82,82)|(44,44)/(69,69)|(51,51)/(62,62)|(11,11)/(102,102)|(41,41)/(72,72)|(26,26)/(87,87)|(13,13)/(100,100)|(47,47)/(66,66)|(12,12)/(101,101)|(22,22)/(91,91)|(40,40)/(73,73)|(37,37)/(76,76)|(17,17)/(96,96)|(24,24)/(89,89)|(4,4)/(109,109)|(32,32)/(81,81)|(55,55)/(58,58)|(54,54)/(59,59)|(38,38)/(75,75)|(30,30)/(83,83)|(27,27)/(86,86)|(33,33)/(80,80)|(16,16)/(97,97)|(15,15)/(98,98)|(9,9)/(104,104)|(36,36)/(77,77)",0.9677343368530273
subtraction_depth1_muon,1,muon,first_generalized,9000,checkpoints/subtraction_depth_1_muon_seed_0/step_009000.pt,0.965149998664856,1.0,pair_global,full_hidden,9,56,"(39,39)/(74,74)|(56,56)/(57,57)|(23,23)/(90,90)|(21,21)/(92,92)|(7,7)/(106,106)|(6,6)/(107,107)|(35,35)/(78,78)|(52,52)/(61,61)|(42,42)/(71,71)|(48,48)/(65,65)|(20,20)/(93,93)|(1,1)/(112,112)|(10,10)/(103,103)|(45,45)/(68,68)|(53,53)/(60,60)|(50,50)/(63,63)|(19,19)/(94,94)|(8,8)/(105,105)|(14,14)/(99,99)|(5,5)/(108,108)|(18,18)/(95,95)|(46,46)/(67,67)|(43,43)/(70,70)|(34,34)/(79,79)|(2,2)/(111,111)|(49,49)/(64,64)|(29,29)/(84,84)|(3,3)/(110,110)|(28,28)/(85,85)|(25,25)/(88,88)|(31,31)/(82,82)|(44,44)/(69,69)|(51,51)/(62,62)|(11,11)/(102,102)|(41,41)/(72,72)|(26,26)/(87,87)|(13,13)/(100,100)|(47,47)/(66,66)|(12,12)/(101,101)|(22,22)/(91,91)|(40,40)/(73,73)|(37,37)/(76,76)|(17,17)/(96,96)|(24,24)/(89,89)|(4,4)/(109,109)|(32,32)/(81,81)|(55,55)/(58,58)|(54,54)/(59,59)|(38,38)/(75,75)|(30,30)/(83,83)|(27,27)/(86,86)|(33,33)/(80,80)|(16,16)/(97,97)|(15,15)/(98,98)|(9,9)/(104,104)|(36,36)/(77,77)",0.9705536961555481
subtraction_depth1_muon,1,muon,first_generalized,9000,checkpoints/subtraction_depth_1_muon_seed_0/step_009000.pt,0.965149998664856,1.0,channelwise,addition_only,0,56,"(39,39)/(74,74)|(56,56)/(57,57)|(23,23)/(90,90)|(21,21)/(92,92)|(7,7)/(106,106)|(6,6)/(107,107)|(35,35)/(78,78)|(52,52)/(61,61)|(42,42)/(71,71)|(48,48)/(65,65)|(20,20)/(93,93)|(1,1)/(112,112)|(10,10)/(103,103)|(45,45)/(68,68)|(53,53)/(60,60)|(50,50)/(63,63)|(19,19)/(94,94)|(8,8)/(105,105)|(14,14)/(99,99)|(5,5)/(108,108)|(18,18)/(95,95)|(46,46)/(67,67)|(43,43)/(70,70)|(34,34)/(79,79)|(2,2)/(111,111)|(49,49)/(64,64)|(29,29)/(84,84)|(3,3)/(110,110)|(28,28)/(85,85)|(25,25)/(88,88)|(31,31)/(82,82)|(44,44)/(69,69)|(51,51)/(62,62)|(11,11)/(102,102)|(41,41)/(72,72)|(26,26)/(87,87)|(13,13)/(100,100)|(47,47)/(66,66)|(12,12)/(101,101)|(22,22)/(91,91)|(40,40)/(73,73)|(37,37)/(76,76)|(17,17)/(96,96)|(24,24)/(89,89)|(4,4)/(109,109)|(32,32)/(81,81)|(55,55)/(58,58)|(54,54)/(59,59)|(38,38)/(75,75)|(30,30)/(83,83)|(27,27)/(86,86)|(33,33)/(80,80)|(16,16)/(97,97)|(15,15)/(98,98)|(9,9)/(104,104)|(36,36)/(77,77)",0.008849557489156723
subtraction_depth1_muon,1,muon,first_generalized,9000,checkpoints/subtraction_depth_1_muon_seed_0/step_009000.pt,0.965149998664856,1.0,channelwise,addition_only,1,56,"(39,39)/(74,74)|(56,56)/(57,57)|(23,23)/(90,90)|(21,21)/(92,92)|(7,7)/(106,106)|(6,6)/(107,107)|(35,35)/(78,78)|(52,52)/(61,61)|(42,42)/(71,71)|(48,48)/(65,65)|(20,20)/(93,93)|(1,1)/(112,112)|(10,10)/(103,103)|(45,45)/(68,68)|(53,53)/(60,60)|(50,50)/(63,63)|(19,19)/(94,94)|(8,8)/(105,105)|(14,14)/(99,99)|(5,5)/(108,108)|(18,18)/(95,95)|(46,46)/(67,67)|(43,43)/(70,70)|(34,34)/(79,79)|(2,2)/(111,111)|(49,49)/(64,64)|(29,29)/(84,84)|(3,3)/(110,110)|(28,28)/(85,85)|(25,25)/(88,88)|(31,31)/(82,82)|(44,44)/(69,69)|(51,51)/(62,62)|(11,11)/(102,102)|(41,41)/(72,72)|(26,26)/(87,87)|(13,13)/(100,100)|(47,47)/(66,66)|(12,12)/(101,101)|(22,22)/(91,91)|(40,40)/(73,73)|(37,37)/(76,76)|(17,17)/(96,96)|(24,24)/(89,89)|(4,4)/(109,109)|(32,32)/(81,81)|(55,55)/(58,58)|(54,54)/(59,59)|(38,38)/(75,75)|(30,30)/(83,83)|(27,27)/(86,86)|(33,33)/(80,80)|(16,16)/(97,97)|(15,15)/(98,98)|(9,9)/(104,104)|(36,36)/(77,77)",0.008849557489156723
subtraction_depth1_muon,1,muon,first_generalized,9000,checkpoints/subtraction_depth_1_muon_seed_0/step_009000.pt,0.965149998664856,1.0,channelwise,addition_only,2,56,"(39,39)/(74,74)|(56,56)/(57,57)|(23,23)/(90,90)|(21,21)/(92,92)|(7,7)/(106,106)|(6,6)/(107,107)|(35,35)/(78,78)|(52,52)/(61,61)|(42,42)/(71,71)|(48,48)/(65,65)|(20,20)/(93,93)|(1,1)/(112,112)|(10,10)/(103,103)|(45,45)/(68,68)|(53,53)/(60,60)|(50,50)/(63,63)|(19,19)/(94,94)|(8,8)/(105,105)|(14,14)/(99,99)|(5,5)/(108,108)|(18,18)/(95,95)|(46,46)/(67,67)|(43,43)/(70,70)|(34,34)/(79,79)|(2,2)/(111,111)|(49,49)/(64,64)|(29,29)/(84,84)|(3,3)/(110,110)|(28,28)/(85,85)|(25,25)/(88,88)|(31,31)/(82,82)|(44,44)/(69,69)|(51,51)/(62,62)|(11,11)/(102,102)|(41,41)/(72,72)|(26,26)/(87,87)|(13,13)/(100,100)|(47,47)/(66,66)|(12,12)/(101,101)|(22,22)/(91,91)|(40,40)/(73,73)|(37,37)/(76,76)|(17,17)/(96,96)|(24,24)/(89,89)|(4,4)/(109,109)|(32,32)/(81,81)|(55,55)/(58,58)|(54,54)/(59,59)|(38,38)/(75,75)|(30,30)/(83,83)|(27,27)/(86,86)|(33,33)/(80,80)|(16,16)/(97,97)|(15,15)/(98,98)|(9,9)/(104,104)|(36,36)/(77,77)",0.008849557489156723
subtraction_depth1_muon,1,muon,first_generalized,9000,checkpoints/subtraction_depth_1_muon_seed_0/step_009000.pt,0.965149998664856,1.0,channelwise,addition_only,3,56,"(39,39)/(74,74)|(56,56)/(57,57)|(23,23)/(90,90)|(21,21)/(92,92)|(7,7)/(106,106)|(6,6)/(107,107)|(35,35)/(78,78)|(52,52)/(61,61)|(42,42)/(71,71)|(48,48)/(65,65)|(20,20)/(93,93)|(1,1)/(112,112)|(10,10)/(103,103)|(45,45)/(68,68)|(53,53)/(60,60)|(50,50)/(63,63)|(19,19)/(94,94)|(8,8)/(105,105)|(14,14)/(99,99)|(5,5)/(108,108)|(18,18)/(95,95)|(46,46)/(67,67)|(43,43)/(70,70)|(34,34)/(79,79)|(2,2)/(111,111)|(49,49)/(64,64)|(29,29)/(84,84)|(3,3)/(110,110)|(28,28)/(85,85)|(25,25)/(88,88)|(31,31)/(82,82)|(44,44)/(69,69)|(51,51)/(62,62)|(11,11)/(102,102)|(41,41)/(72,72)|(26,26)/(87,87)|(13,13)/(100,100)|(47,47)/(66,66)|(12,12)/(101,101)|(22,22)/(91,91)|(40,40)/(73,73)|(37,37)/(76,76)|(17,17)/(96,96)|(24,24)/(89,89)|(4,4)/(109,109)|(32,32)/(81,81)|(55,55)/(58,58)|(54,54)/(59,59)|(38,38)/(75,75)|(30,30)/(83,83)|(27,27)/(86,86)|(33,33)/(80,80)|(16,16)/(97,97)|(15,15)/(98,98)|(9,9)/(104,104)|(36,36)/(77,77)",0.008849557489156723
subtraction_depth1_muon,1,muon,first_generalized,9000,checkpoints/subtraction_depth_1_muon_seed_0/step_009000.pt,0.965149998664856,1.0,channelwise,addition_only,4,56,"(39,39)/(74,74)|(56,56)/(57,57)|(23,23)/(90,90)|(21,21)/(92,92)|(7,7)/(106,106)|(6,6)/(107,107)|(35,35)/(78,78)|(52,52)/(61,61)|(42,42)/(71,71)|(48,48)/(65,65)|(20,20)/(93,93)|(1,1)/(112,112)|(10,10)/(103,103)|(45,45)/(68,68)|(53,53)/(60,60)|(50,50)/(63,63)|(19,19)/(94,94)|(8,8)/(105,105)|(14,14)/(99,99)|(5,5)/(108,108)|(18,18)/(95,95)|(46,46)/(67,67)|(43,43)/(70,70)|(34,34)/(79,79)|(2,2)/(111,111)|(49,49)/(64,64)|(29,29)/(84,84)|(3,3)/(110,110)|(28,28)/(85,85)|(25,25)/(88,88)|(31,31)/(82,82)|(44,44)/(69,69)|(51,51)/(62,62)|(11,11)/(102,102)|(41,41)/(72,72)|(26,26)/(87,87)|(13,13)/(100,100)|(47,47)/(66,66)|(12,12)/(101,101)|(22,22)/(91,91)|(40,40)/(73,73)|(37,37)/(76,76)|(17,17)/(96,96)|(24,24)/(89,89)|(4,4)/(109,109)|(32,32)/(81,81)|(55,55)/(58,58)|(54,54)/(59,59)|(38,38)/(75,75)|(30,30)/(83,83)|(27,27)/(86,86)|(33,33)/(80,80)|(16,16)/(97,97)|(15,15)/(98,98)|(9,9)/(104,104)|(36,36)/(77,77)",0.008849557489156723
subtraction_depth1_muon,1,muon,first_generalized,9000,checkpoints/subtraction_depth_1_muon_seed_0/step_009000.pt,0.965149998664856,1.0,channelwise,addition_only,5,56,"(39,39)/(74,74)|(56,56)/(57,57)|(23,23)/(90,90)|(21,21)/(92,92)|(7,7)/(106,106)|(6,6)/(107,107)|(35,35)/(78,78)|(52,52)/(61,61)|(42,42)/(71,71)|(48,48)/(65,65)|(20,20)/(93,93)|(1,1)/(112,112)|(10,10)/(103,103)|(45,45)/(68,68)|(53,53)/(60,60)|(50,50)/(63,63)|(19,19)/(94,94)|(8,8)/(105,105)|(14,14)/(99,99)|(5,5)/(108,108)|(18,18)/(95,95)|(46,46)/(67,67)|(43,43)/(70,70)|(34,34)/(79,79)|(2,2)/(111,111)|(49,49)/(64,64)|(29,29)/(84,84)|(3,3)/(110,110)|(28,28)/(85,85)|(25,25)/(88,88)|(31,31)/(82,82)|(44,44)/(69,69)|(51,51)/(62,62)|(11,11)/(102,102)|(41,41)/(72,72)|(26,26)/(87,87)|(13,13)/(100,100)|(47,47)/(66,66)|(12,12)/(101,101)|(22,22)/(91,91)|(40,40)/(73,73)|(37,37)/(76,76)|(17,17)/(96,96)|(24,24)/(89,89)|(4,4)/(109,109)|(32,32)/(81,81)|(55,55)/(58,58)|(54,54)/(59,59)|(38,38)/(75,75)|(30,30)/(83,83)|(27,27)/(86,86)|(33,33)/(80,80)|(16,16)/(97,97)|(15,15)/(98,98)|(9,9)/(104,104)|(36,36)/(77,77)",0.008849557489156723
subtraction_depth1_muon,1,muon,first_generalized,9000,checkpoints/subtraction_depth_1_muon_seed_0/step_009000.pt,0.965149998664856,1.0,channelwise,addition_only,6,56,"(39,39)/(74,74)|(56,56)/(57,57)|(23,23)/(90,90)|(21,21)/(92,92)|(7,7)/(106,106)|(6,6)/(107,107)|(35,35)/(78,78)|(52,52)/(61,61)|(42,42)/(71,71)|(48,48)/(65,65)|(20,20)/(93,93)|(1,1)/(112,112)|(10,10)/(103,103)|(45,45)/(68,68)|(53,53)/(60,60)|(50,50)/(63,63)|(19,19)/(94,94)|(8,8)/(105,105)|(14,14)/(99,99)|(5,5)/(108,108)|(18,18)/(95,95)|(46,46)/(67,67)|(43,43)/(70,70)|(34,34)/(79,79)|(2,2)/(111,111)|(49,49)/(64,64)|(29,29)/(84,84)|(3,3)/(110,110)|(28,28)/(85,85)|(25,25)/(88,88)|(31,31)/(82,82)|(44,44)/(69,69)|(51,51)/(62,62)|(11,11)/(102,102)|(41,41)/(72,72)|(26,26)/(87,87)|(13,13)/(100,100)|(47,47)/(66,66)|(12,12)/(101,101)|(22,22)/(91,91)|(40,40)/(73,73)|(37,37)/(76,76)|(17,17)/(96,96)|(24,24)/(89,89)|(4,4)/(109,109)|(32,32)/(81,81)|(55,55)/(58,58)|(54,54)/(59,59)|(38,38)/(75,75)|(30,30)/(83,83)|(27,27)/(86,86)|(33,33)/(80,80)|(16,16)/(97,97)|(15,15)/(98,98)|(9,9)/(104,104)|(36,36)/(77,77)",0.008849557489156723
subtraction_depth1_muon,1,muon,first_generalized,9000,checkpoints/subtraction_depth_1_muon_seed_0/step_009000.pt,0.965149998664856,1.0,channelwise,addition_only,7,56,"(39,39)/(74,74)|(56,56)/(57,57)|(23,23)/(90,90)|(21,21)/(92,92)|(7,7)/(106,106)|(6,6)/(107,107)|(35,35)/(78,78)|(52,52)/(61,61)|(42,42)/(71,71)|(48,48)/(65,65)|(20,20)/(93,93)|(1,1)/(112,112)|(10,10)/(103,103)|(45,45)/(68,68)|(53,53)/(60,60)|(50,50)/(63,63)|(19,19)/(94,94)|(8,8)/(105,105)|(14,14)/(99,99)|(5,5)/(108,108)|(18,18)/(95,95)|(46,46)/(67,67)|(43,43)/(70,70)|(34,34)/(79,79)|(2,2)/(111,111)|(49,49)/(64,64)|(29,29)/(84,84)|(3,3)/(110,110)|(28,28)/(85,85)|(25,25)/(88,88)|(31,31)/(82,82)|(44,44)/(69,69)|(51,51)/(62,62)|(11,11)/(102,102)|(41,41)/(72,72)|(26,26)/(87,87)|(13,13)/(100,100)|(47,47)/(66,66)|(12,12)/(101,101)|(22,22)/(91,91)|(40,40)/(73,73)|(37,37)/(76,76)|(17,17)/(96,96)|(24,24)/(89,89)|(4,4)/(109,109)|(32,32)/(81,81)|(55,55)/(58,58)|(54,54)/(59,59)|(38,38)/(75,75)|(30,30)/(83,83)|(27,27)/(86,86)|(33,33)/(80,80)|(16,16)/(97,97)|(15,15)/(98,98)|(9,9)/(104,104)|(36,36)/(77,77)",0.008849557489156723
subtraction_depth1_muon,1,muon,first_generalized,9000,checkpoints/subtraction_depth_1_muon_seed_0/step_009000.pt,0.965149998664856,1.0,channelwise,addition_only,8,56,"(39,39)/(74,74)|(56,56)/(57,57)|(23,23)/(90,90)|(21,21)/(92,92)|(7,7)/(106,106)|(6,6)/(107,107)|(35,35)/(78,78)|(52,52)/(61,61)|(42,42)/(71,71)|(48,48)/(65,65)|(20,20)/(93,93)|(1,1)/(112,112)|(10,10)/(103,103)|(45,45)/(68,68)|(53,53)/(60,60)|(50,50)/(63,63)|(19,19)/(94,94)|(8,8)/(105,105)|(14,14)/(99,99)|(5,5)/(108,108)|(18,18)/(95,95)|(46,46)/(67,67)|(43,43)/(70,70)|(34,34)/(79,79)|(2,2)/(111,111)|(49,49)/(64,64)|(29,29)/(84,84)|(3,3)/(110,110)|(28,28)/(85,85)|(25,25)/(88,88)|(31,31)/(82,82)|(44,44)/(69,69)|(51,51)/(62,62)|(11,11)/(102,102)|(41,41)/(72,72)|(26,26)/(87,87)|(13,13)/(100,100)|(47,47)/(66,66)|(12,12)/(101,101)|(22,22)/(91,91)|(40,40)/(73,73)|(37,37)/(76,76)|(17,17)/(96,96)|(24,24)/(89,89)|(4,4)/(109,109)|(32,32)/(81,81)|(55,55)/(58,58)|(54,54)/(59,59)|(38,38)/(75,75)|(30,30)/(83,83)|(27,27)/(86,86)|(33,33)/(80,80)|(16,16)/(97,97)|(15,15)/(98,98)|(9,9)/(104,104)|(36,36)/(77,77)",0.008849557489156723
subtraction_depth1_muon,1,muon,first_generalized,9000,checkpoints/subtraction_depth_1_muon_seed_0/step_009000.pt,0.965149998664856,1.0,channelwise,addition_only,9,56,"(39,39)/(74,74)|(56,56)/(57,57)|(23,23)/(90,90)|(21,21)/(92,92)|(7,7)/(106,106)|(6,6)/(107,107)|(35,35)/(78,78)|(52,52)/(61,61)|(42,42)/(71,71)|(48,48)/(65,65)|(20,20)/(93,93)|(1,1)/(112,112)|(10,10)/(103,103)|(45,45)/(68,68)|(53,53)/(60,60)|(50,50)/(63,63)|(19,19)/(94,94)|(8,8)/(105,105)|(14,14)/(99,99)|(5,5)/(108,108)|(18,18)/(95,95)|(46,46)/(67,67)|(43,43)/(70,70)|(34,34)/(79,79)|(2,2)/(111,111)|(49,49)/(64,64)|(29,29)/(84,84)|(3,3)/(110,110)|(28,28)/(85,85)|(25,25)/(88,88)|(31,31)/(82,82)|(44,44)/(69,69)|(51,51)/(62,62)|(11,11)/(102,102)|(41,41)/(72,72)|(26,26)/(87,87)|(13,13)/(100,100)|(47,47)/(66,66)|(12,12)/(101,101)|(22,22)/(91,91)|(40,40)/(73,73)|(37,37)/(76,76)|(17,17)/(96,96)|(24,24)/(89,89)|(4,4)/(109,109)|(32,32)/(81,81)|(55,55)/(58,58)|(54,54)/(59,59)|(38,38)/(75,75)|(30,30)/(83,83)|(27,27)/(86,86)|(33,33)/(80,80)|(16,16)/(97,97)|(15,15)/(98,98)|(9,9)/(104,104)|(36,36)/(77,77)",0.008849557489156723
subtraction_depth1_muon,1,muon,first_generalized,9000,checkpoints/subtraction_depth_1_muon_seed_0/step_009000.pt,0.965149998664856,1.0,channelwise,full_hidden,0,56,"(39,39)/(74,74)|(56,56)/(57,57)|(23,23)/(90,90)|(21,21)/(92,92)|(7,7)/(106,106)|(6,6)/(107,107)|(35,35)/(78,78)|(52,52)/(61,61)|(42,42)/(71,71)|(48,48)/(65,65)|(20,20)/(93,93)|(1,1)/(112,112)|(10,10)/(103,103)|(45,45)/(68,68)|(53,53)/(60,60)|(50,50)/(63,63)|(19,19)/(94,94)|(8,8)/(105,105)|(14,14)/(99,99)|(5,5)/(108,108)|(18,18)/(95,95)|(46,46)/(67,67)|(43,43)/(70,70)|(34,34)/(79,79)|(2,2)/(111,111)|(49,49)/(64,64)|(29,29)/(84,84)|(3,3)/(110,110)|(28,28)/(85,85)|(25,25)/(88,88)|(31,31)/(82,82)|(44,44)/(69,69)|(51,51)/(62,62)|(11,11)/(102,102)|(41,41)/(72,72)|(26,26)/(87,87)|(13,13)/(100,100)|(47,47)/(66,66)|(12,12)/(101,101)|(22,22)/(91,91)|(40,40)/(73,73)|(37,37)/(76,76)|(17,17)/(96,96)|(24,24)/(89,89)|(4,4)/(109,109)|(32,32)/(81,81)|(55,55)/(58,58)|(54,54)/(59,59)|(38,38)/(75,75)|(30,30)/(83,83)|(27,27)/(86,86)|(33,33)/(80,80)|(16,16)/(97,97)|(15,15)/(98,98)|(9,9)/(104,104)|(36,36)/(77,77)",0.9705536961555481
subtraction_depth1_muon,1,muon,first_generalized,9000,checkpoints/subtraction_depth_1_muon_seed_0/step_009000.pt,0.965149998664856,1.0,channelwise,full_hidden,1,56,"(39,39)/(74,74)|(56,56)/(57,57)|(23,23)/(90,90)|(21,21)/(92,92)|(7,7)/(106,106)|(6,6)/(107,107)|(35,35)/(78,78)|(52,52)/(61,61)|(42,42)/(71,71)|(48,48)/(65,65)|(20,20)/(93,93)|(1,1)/(112,112)|(10,10)/(103,103)|(45,45)/(68,68)|(53,53)/(60,60)|(50,50)/(63,63)|(19,19)/(94,94)|(8,8)/(105,105)|(14,14)/(99,99)|(5,5)/(108,108)|(18,18)/(95,95)|(46,46)/(67,67)|(43,43)/(70,70)|(34,34)/(79,79)|(2,2)/(111,111)|(49,49)/(64,64)|(29,29)/(84,84)|(3,3)/(110,110)|(28,28)/(85,85)|(25,25)/(88,88)|(31,31)/(82,82)|(44,44)/(69,69)|(51,51)/(62,62)|(11,11)/(102,102)|(41,41)/(72,72)|(26,26)/(87,87)|(13,13)/(100,100)|(47,47)/(66,66)|(12,12)/(101,101)|(22,22)/(91,91)|(40,40)/(73,73)|(37,37)/(76,76)|(17,17)/(96,96)|(24,24)/(89,89)|(4,4)/(109,109)|(32,32)/(81,81)|(55,55)/(58,58)|(54,54)/(59,59)|(38,38)/(75,75)|(30,30)/(83,83)|(27,27)/(86,86)|(33,33)/(80,80)|(16,16)/(97,97)|(15,15)/(98,98)|(9,9)/(104,104)|(36,36)/(77,77)",0.9701620936393738
subtraction_depth1_muon,1,muon,first_generalized,9000,checkpoints/subtraction_depth_1_muon_seed_0/step_009000.pt,0.965149998664856,1.0,channelwise,full_hidden,2,56,"(39,39)/(74,74)|(56,56)/(57,57)|(23,23)/(90,90)|(21,21)/(92,92)|(7,7)/(106,106)|(6,6)/(107,107)|(35,35)/(78,78)|(52,52)/(61,61)|(42,42)/(71,71)|(48,48)/(65,65)|(20,20)/(93,93)|(1,1)/(112,112)|(10,10)/(103,103)|(45,45)/(68,68)|(53,53)/(60,60)|(50,50)/(63,63)|(19,19)/(94,94)|(8,8)/(105,105)|(14,14)/(99,99)|(5,5)/(108,108)|(18,18)/(95,95)|(46,46)/(67,67)|(43,43)/(70,70)|(34,34)/(79,79)|(2,2)/(111,111)|(49,49)/(64,64)|(29,29)/(84,84)|(3,3)/(110,110)|(28,28)/(85,85)|(25,25)/(88,88)|(31,31)/(82,82)|(44,44)/(69,69)|(51,51)/(62,62)|(11,11)/(102,102)|(41,41)/(72,72)|(26,26)/(87,87)|(13,13)/(100,100)|(47,47)/(66,66)|(12,12)/(101,101)|(22,22)/(91,91)|(40,40)/(73,73)|(37,37)/(76,76)|(17,17)/(96,96)|(24,24)/(89,89)|(4,4)/(109,109)|(32,32)/(81,81)|(55,55)/(58,58)|(54,54)/(59,59)|(38,38)/(75,75)|(30,30)/(83,83)|(27,27)/(86,86)|(33,33)/(80,80)|(16,16)/(97,97)|(15,15)/(98,98)|(9,9)/(104,104)|(36,36)/(77,77)",0.9691440463066101
subtraction_depth1_muon,1,muon,first_generalized,9000,checkpoints/subtraction_depth_1_muon_seed_0/step_009000.pt,0.965149998664856,1.0,channelwise,full_hidden,3,56,"(39,39)/(74,74)|(56,56)/(57,57)|(23,23)/(90,90)|(21,21)/(92,92)|(7,7)/(106,106)|(6,6)/(107,107)|(35,35)/(78,78)|(52,52)/(61,61)|(42,42)/(71,71)|(48,48)/(65,65)|(20,20)/(93,93)|(1,1)/(112,112)|(10,10)/(103,103)|(45,45)/(68,68)|(53,53)/(60,60)|(50,50)/(63,63)|(19,19)/(94,94)|(8,8)/(105,105)|(14,14)/(99,99)|(5,5)/(108,108)|(18,18)/(95,95)|(46,46)/(67,67)|(43,43)/(70,70)|(34,34)/(79,79)|(2,2)/(111,111)|(49,49)/(64,64)|(29,29)/(84,84)|(3,3)/(110,110)|(28,28)/(85,85)|(25,25)/(88,88)|(31,31)/(82,82)|(44,44)/(69,69)|(51,51)/(62,62)|(11,11)/(102,102)|(41,41)/(72,72)|(26,26)/(87,87)|(13,13)/(100,100)|(47,47)/(66,66)|(12,12)/(101,101)|(22,22)/(91,91)|(40,40)/(73,73)|(37,37)/(76,76)|(17,17)/(96,96)|(24,24)/(89,89)|(4,4)/(109,109)|(32,32)/(81,81)|(55,55)/(58,58)|(54,54)/(59,59)|(38,38)/(75,75)|(30,30)/(83,83)|(27,27)/(86,86)|(33,33)/(80,80)|(16,16)/(97,97)|(15,15)/(98,98)|(9,9)/(104,104)|(36,36)/(77,77)",0.9686741232872009
subtraction_depth1_muon,1,muon,first_generalized,9000,checkpoints/subtraction_depth_1_muon_seed_0/step_009000.pt,0.965149998664856,1.0,channelwise,full_hidden,4,56,"(39,39)/(74,74)|(56,56)/(57,57)|(23,23)/(90,90)|(21,21)/(92,92)|(7,7)/(106,106)|(6,6)/(107,107)|(35,35)/(78,78)|(52,52)/(61,61)|(42,42)/(71,71)|(48,48)/(65,65)|(20,20)/(93,93)|(1,1)/(112,112)|(10,10)/(103,103)|(45,45)/(68,68)|(53,53)/(60,60)|(50,50)/(63,63)|(19,19)/(94,94)|(8,8)/(105,105)|(14,14)/(99,99)|(5,5)/(108,108)|(18,18)/(95,95)|(46,46)/(67,67)|(43,43)/(70,70)|(34,34)/(79,79)|(2,2)/(111,111)|(49,49)/(64,64)|(29,29)/(84,84)|(3,3)/(110,110)|(28,28)/(85,85)|(25,25)/(88,88)|(31,31)/(82,82)|(44,44)/(69,69)|(51,51)/(62,62)|(11,11)/(102,102)|(41,41)/(72,72)|(26,26)/(87,87)|(13,13)/(100,100)|(47,47)/(66,66)|(12,12)/(101,101)|(22,22)/(91,91)|(40,40)/(73,73)|(37,37)/(76,76)|(17,17)/(96,96)|(24,24)/(89,89)|(4,4)/(109,109)|(32,32)/(81,81)|(55,55)/(58,58)|(54,54)/(59,59)|(38,38)/(75,75)|(30,30)/(83,83)|(27,27)/(86,86)|(33,33)/(80,80)|(16,16)/(97,97)|(15,15)/(98,98)|(9,9)/(104,104)|(36,36)/(77,77)",0.9694572687149048
subtraction_depth1_muon,1,muon,first_generalized,9000,checkpoints/subtraction_depth_1_muon_seed_0/step_009000.pt,0.965149998664856,1.0,channelwise,full_hidden,5,56,"(39,39)/(74,74)|(56,56)/(57,57)|(23,23)/(90,90)|(21,21)/(92,92)|(7,7)/(106,106)|(6,6)/(107,107)|(35,35)/(78,78)|(52,52)/(61,61)|(42,42)/(71,71)|(48,48)/(65,65)|(20,20)/(93,93)|(1,1)/(112,112)|(10,10)/(103,103)|(45,45)/(68,68)|(53,53)/(60,60)|(50,50)/(63,63)|(19,19)/(94,94)|(8,8)/(105,105)|(14,14)/(99,99)|(5,5)/(108,108)|(18,18)/(95,95)|(46,46)/(67,67)|(43,43)/(70,70)|(34,34)/(79,79)|(2,2)/(111,111)|(49,49)/(64,64)|(29,29)/(84,84)|(3,3)/(110,110)|(28,28)/(85,85)|(25,25)/(88,88)|(31,31)/(82,82)|(44,44)/(69,69)|(51,51)/(62,62)|(11,11)/(102,102)|(41,41)/(72,72)|(26,26)/(87,87)|(13,13)/(100,100)|(47,47)/(66,66)|(12,12)/(101,101)|(22,22)/(91,91)|(40,40)/(73,73)|(37,37)/(76,76)|(17,17)/(96,96)|(24,24)/(89,89)|(4,4)/(109,109)|(32,32)/(81,81)|(55,55)/(58,58)|(54,54)/(59,59)|(38,38)/(75,75)|(30,30)/(83,83)|(27,27)/(86,86)|(33,33)/(80,80)|(16,16)/(97,97)|(15,15)/(98,98)|(9,9)/(104,104)|(36,36)/(77,77)",0.9700837731361389
subtraction_depth1_muon,1,muon,first_generalized,9000,checkpoints/subtraction_depth_1_muon_seed_0/step_009000.pt,0.965149998664856,1.0,channelwise,full_hidden,6,56,"(39,39)/(74,74)|(56,56)/(57,57)|(23,23)/(90,90)|(21,21)/(92,92)|(7,7)/(106,106)|(6,6)/(107,107)|(35,35)/(78,78)|(52,52)/(61,61)|(42,42)/(71,71)|(48,48)/(65,65)|(20,20)/(93,93)|(1,1)/(112,112)|(10,10)/(103,103)|(45,45)/(68,68)|(53,53)/(60,60)|(50,50)/(63,63)|(19,19)/(94,94)|(8,8)/(105,105)|(14,14)/(99,99)|(5,5)/(108,108)|(18,18)/(95,95)|(46,46)/(67,67)|(43,43)/(70,70)|(34,34)/(79,79)|(2,2)/(111,111)|(49,49)/(64,64)|(29,29)/(84,84)|(3,3)/(110,110)|(28,28)/(85,85)|(25,25)/(88,88)|(31,31)/(82,82)|(44,44)/(69,69)|(51,51)/(62,62)|(11,11)/(102,102)|(41,41)/(72,72)|(26,26)/(87,87)|(13,13)/(100,100)|(47,47)/(66,66)|(12,12)/(101,101)|(22,22)/(91,91)|(40,40)/(73,73)|(37,37)/(76,76)|(17,17)/(96,96)|(24,24)/(89,89)|(4,4)/(109,109)|(32,32)/(81,81)|(55,55)/(58,58)|(54,54)/(59,59)|(38,38)/(75,75)|(30,30)/(83,83)|(27,27)/(86,86)|(33,33)/(80,80)|(16,16)/(97,97)|(15,15)/(98,98)|(9,9)/(104,104)|(36,36)/(77,77)",0.9677343368530273
subtraction_depth1_muon,1,muon,first_generalized,9000,checkpoints/subtraction_depth_1_muon_seed_0/step_009000.pt,0.965149998664856,1.0,channelwise,full_hidden,7,56,"(39,39)/(74,74)|(56,56)/(57,57)|(23,23)/(90,90)|(21,21)/(92,92)|(7,7)/(106,106)|(6,6)/(107,107)|(35,35)/(78,78)|(52,52)/(61,61)|(42,42)/(71,71)|(48,48)/(65,65)|(20,20)/(93,93)|(1,1)/(112,112)|(10,10)/(103,103)|(45,45)/(68,68)|(53,53)/(60,60)|(50,50)/(63,63)|(19,19)/(94,94)|(8,8)/(105,105)|(14,14)/(99,99)|(5,5)/(108,108)|(18,18)/(95,95)|(46,46)/(67,67)|(43,43)/(70,70)|(34,34)/(79,79)|(2,2)/(111,111)|(49,49)/(64,64)|(29,29)/(84,84)|(3,3)/(110,110)|(28,28)/(85,85)|(25,25)/(88,88)|(31,31)/(82,82)|(44,44)/(69,69)|(51,51)/(62,62)|(11,11)/(102,102)|(41,41)/(72,72)|(26,26)/(87,87)|(13,13)/(100,100)|(47,47)/(66,66)|(12,12)/(101,101)|(22,22)/(91,91)|(40,40)/(73,73)|(37,37)/(76,76)|(17,17)/(96,96)|(24,24)/(89,89)|(4,4)/(109,109)|(32,32)/(81,81)|(55,55)/(58,58)|(54,54)/(59,59)|(38,38)/(75,75)|(30,30)/(83,83)|(27,27)/(86,86)|(33,33)/(80,80)|(16,16)/(97,97)|(15,15)/(98,98)|(9,9)/(104,104)|(36,36)/(77,77)",0.9700837731361389
subtraction_depth1_muon,1,muon,first_generalized,9000,checkpoints/subtraction_depth_1_muon_seed_0/step_009000.pt,0.965149998664856,1.0,channelwise,full_hidden,8,56,"(39,39)/(74,74)|(56,56)/(57,57)|(23,23)/(90,90)|(21,21)/(92,92)|(7,7)/(106,106)|(6,6)/(107,107)|(35,35)/(78,78)|(52,52)/(61,61)|(42,42)/(71,71)|(48,48)/(65,65)|(20,20)/(93,93)|(1,1)/(112,112)|(10,10)/(103,103)|(45,45)/(68,68)|(53,53)/(60,60)|(50,50)/(63,63)|(19,19)/(94,94)|(8,8)/(105,105)|(14,14)/(99,99)|(5,5)/(108,108)|(18,18)/(95,95)|(46,46)/(67,67)|(43,43)/(70,70)|(34,34)/(79,79)|(2,2)/(111,111)|(49,49)/(64,64)|(29,29)/(84,84)|(3,3)/(110,110)|(28,28)/(85,85)|(25,25)/(88,88)|(31,31)/(82,82)|(44,44)/(69,69)|(51,51)/(62,62)|(11,11)/(102,102)|(41,41)/(72,72)|(26,26)/(87,87)|(13,13)/(100,100)|(47,47)/(66,66)|(12,12)/(101,101)|(22,22)/(91,91)|(40,40)/(73,73)|(37,37)/(76,76)|(17,17)/(96,96)|(24,24)/(89,89)|(4,4)/(109,109)|(32,32)/(81,81)|(55,55)/(58,58)|(54,54)/(59,59)|(38,38)/(75,75)|(30,30)/(83,83)|(27,27)/(86,86)|(33,33)/(80,80)|(16,16)/(97,97)|(15,15)/(98,98)|(9,9)/(104,104)|(36,36)/(77,77)",0.9707103371620178
subtraction_depth1_muon,1,muon,first_generalized,9000,checkpoints/subtraction_depth_1_muon_seed_0/step_009000.pt,0.965149998664856,1.0,channelwise,full_hidden,9,56,"(39,39)/(74,74)|(56,56)/(57,57)|(23,23)/(90,90)|(21,21)/(92,92)|(7,7)/(106,106)|(6,6)/(107,107)|(35,35)/(78,78)|(52,52)/(61,61)|(42,42)/(71,71)|(48,48)/(65,65)|(20,20)/(93,93)|(1,1)/(112,112)|(10,10)/(103,103)|(45,45)/(68,68)|(53,53)/(60,60)|(50,50)/(63,63)|(19,19)/(94,94)|(8,8)/(105,105)|(14,14)/(99,99)|(5,5)/(108,108)|(18,18)/(95,95)|(46,46)/(67,67)|(43,43)/(70,70)|(34,34)/(79,79)|(2,2)/(111,111)|(49,49)/(64,64)|(29,29)/(84,84)|(3,3)/(110,110)|(28,28)/(85,85)|(25,25)/(88,88)|(31,31)/(82,82)|(44,44)/(69,69)|(51,51)/(62,62)|(11,11)/(102,102)|(41,41)/(72,72)|(26,26)/(87,87)|(13,13)/(100,100)|(47,47)/(66,66)|(12,12)/(101,101)|(22,22)/(91,91)|(40,40)/(73,73)|(37,37)/(76,76)|(17,17)/(96,96)|(24,24)/(89,89)|(4,4)/(109,109)|(32,32)/(81,81)|(55,55)/(58,58)|(54,54)/(59,59)|(38,38)/(75,75)|(30,30)/(83,83)|(27,27)/(86,86)|(33,33)/(80,80)|(16,16)/(97,97)|(15,15)/(98,98)|(9,9)/(104,104)|(36,36)/(77,77)",0.9689874053001404
subtraction_depth1_muon,1,muon,minimum_after_first_generalized,17000,checkpoints/subtraction_depth_1_muon_seed_0/step_017000.pt,0.8509671688079834,0.9,pair_global,addition_only,0,28,"(28,28)/(85,85)|(11,11)/(102,102)|(56,56)/(57,57)|(48,48)/(65,65)|(25,25)/(88,88)|(19,19)/(94,94)|(31,31)/(82,82)|(1,1)/(112,112)|(53,53)/(60,60)|(35,35)/(78,78)|(21,21)/(92,92)|(7,7)/(106,106)|(6,6)/(107,107)|(10,10)/(103,103)|(50,50)/(63,63)|(12,12)/(101,101)|(13,13)/(100,100)|(44,44)/(69,69)|(8,8)/(105,105)|(45,45)/(68,68)|(22,22)/(91,91)|(27,27)/(86,86)|(39,39)/(74,74)|(47,47)/(66,66)|(5,5)/(108,108)|(43,43)/(70,70)|(46,46)/(67,67)|(15,15)/(98,98)",0.008849557489156723
subtraction_depth1_muon,1,muon,minimum_after_first_generalized,17000,checkpoints/subtraction_depth_1_muon_seed_0/step_017000.pt,0.8509671688079834,0.9,pair_global,addition_only,1,28,"(28,28)/(85,85)|(11,11)/(102,102)|(56,56)/(57,57)|(48,48)/(65,65)|(25,25)/(88,88)|(19,19)/(94,94)|(31,31)/(82,82)|(1,1)/(112,112)|(53,53)/(60,60)|(35,35)/(78,78)|(21,21)/(92,92)|(7,7)/(106,106)|(6,6)/(107,107)|(10,10)/(103,103)|(50,50)/(63,63)|(12,12)/(101,101)|(13,13)/(100,100)|(44,44)/(69,69)|(8,8)/(105,105)|(45,45)/(68,68)|(22,22)/(91,91)|(27,27)/(86,86)|(39,39)/(74,74)|(47,47)/(66,66)|(5,5)/(108,108)|(43,43)/(70,70)|(46,46)/(67,67)|(15,15)/(98,98)",0.008849557489156723
subtraction_depth1_muon,1,muon,minimum_after_first_generalized,17000,checkpoints/subtraction_depth_1_muon_seed_0/step_017000.pt,0.8509671688079834,0.9,pair_global,addition_only,2,28,"(28,28)/(85,85)|(11,11)/(102,102)|(56,56)/(57,57)|(48,48)/(65,65)|(25,25)/(88,88)|(19,19)/(94,94)|(31,31)/(82,82)|(1,1)/(112,112)|(53,53)/(60,60)|(35,35)/(78,78)|(21,21)/(92,92)|(7,7)/(106,106)|(6,6)/(107,107)|(10,10)/(103,103)|(50,50)/(63,63)|(12,12)/(101,101)|(13,13)/(100,100)|(44,44)/(69,69)|(8,8)/(105,105)|(45,45)/(68,68)|(22,22)/(91,91)|(27,27)/(86,86)|(39,39)/(74,74)|(47,47)/(66,66)|(5,5)/(108,108)|(43,43)/(70,70)|(46,46)/(67,67)|(15,15)/(98,98)",0.008849557489156723
subtraction_depth1_muon,1,muon,minimum_after_first_generalized,17000,checkpoints/subtraction_depth_1_muon_seed_0/step_017000.pt,0.8509671688079834,0.9,pair_global,addition_only,3,28,"(28,28)/(85,85)|(11,11)/(102,102)|(56,56)/(57,57)|(48,48)/(65,65)|(25,25)/(88,88)|(19,19)/(94,94)|(31,31)/(82,82)|(1,1)/(112,112)|(53,53)/(60,60)|(35,35)/(78,78)|(21,21)/(92,92)|(7,7)/(106,106)|(6,6)/(107,107)|(10,10)/(103,103)|(50,50)/(63,63)|(12,12)/(101,101)|(13,13)/(100,100)|(44,44)/(69,69)|(8,8)/(105,105)|(45,45)/(68,68)|(22,22)/(91,91)|(27,27)/(86,86)|(39,39)/(74,74)|(47,47)/(66,66)|(5,5)/(108,108)|(43,43)/(70,70)|(46,46)/(67,67)|(15,15)/(98,98)",0.008849557489156723
subtraction_depth1_muon,1,muon,minimum_after_first_generalized,17000,checkpoints/subtraction_depth_1_muon_seed_0/step_017000.pt,0.8509671688079834,0.9,pair_global,addition_only,4,28,"(28,28)/(85,85)|(11,11)/(102,102)|(56,56)/(57,57)|(48,48)/(65,65)|(25,25)/(88,88)|(19,19)/(94,94)|(31,31)/(82,82)|(1,1)/(112,112)|(53,53)/(60,60)|(35,35)/(78,78)|(21,21)/(92,92)|(7,7)/(106,106)|(6,6)/(107,107)|(10,10)/(103,103)|(50,50)/(63,63)|(12,12)/(101,101)|(13,13)/(100,100)|(44,44)/(69,69)|(8,8)/(105,105)|(45,45)/(68,68)|(22,22)/(91,91)|(27,27)/(86,86)|(39,39)/(74,74)|(47,47)/(66,66)|(5,5)/(108,108)|(43,43)/(70,70)|(46,46)/(67,67)|(15,15)/(98,98)",0.008849557489156723
subtraction_depth1_muon,1,muon,minimum_after_first_generalized,17000,checkpoints/subtraction_depth_1_muon_seed_0/step_017000.pt,0.8509671688079834,0.9,pair_global,addition_only,5,28,"(28,28)/(85,85)|(11,11)/(102,102)|(56,56)/(57,57)|(48,48)/(65,65)|(25,25)/(88,88)|(19,19)/(94,94)|(31,31)/(82,82)|(1,1)/(112,112)|(53,53)/(60,60)|(35,35)/(78,78)|(21,21)/(92,92)|(7,7)/(106,106)|(6,6)/(107,107)|(10,10)/(103,103)|(50,50)/(63,63)|(12,12)/(101,101)|(13,13)/(100,100)|(44,44)/(69,69)|(8,8)/(105,105)|(45,45)/(68,68)|(22,22)/(91,91)|(27,27)/(86,86)|(39,39)/(74,74)|(47,47)/(66,66)|(5,5)/(108,108)|(43,43)/(70,70)|(46,46)/(67,67)|(15,15)/(98,98)",0.008849557489156723
subtraction_depth1_muon,1,muon,minimum_after_first_generalized,17000,checkpoints/subtraction_depth_1_muon_seed_0/step_017000.pt,0.8509671688079834,0.9,pair_global,addition_only,6,28,"(28,28)/(85,85)|(11,11)/(102,102)|(56,56)/(57,57)|(48,48)/(65,65)|(25,25)/(88,88)|(19,19)/(94,94)|(31,31)/(82,82)|(1,1)/(112,112)|(53,53)/(60,60)|(35,35)/(78,78)|(21,21)/(92,92)|(7,7)/(106,106)|(6,6)/(107,107)|(10,10)/(103,103)|(50,50)/(63,63)|(12,12)/(101,101)|(13,13)/(100,100)|(44,44)/(69,69)|(8,8)/(105,105)|(45,45)/(68,68)|(22,22)/(91,91)|(27,27)/(86,86)|(39,39)/(74,74)|(47,47)/(66,66)|(5,5)/(108,108)|(43,43)/(70,70)|(46,46)/(67,67)|(15,15)/(98,98)",0.008849557489156723
subtraction_depth1_muon,1,muon,minimum_after_first_generalized,17000,checkpoints/subtraction_depth_1_muon_seed_0/step_017000.pt,0.8509671688079834,0.9,pair_global,addition_only,7,28,"(28,28)/(85,85)|(11,11)/(102,102)|(56,56)/(57,57)|(48,48)/(65,65)|(25,25)/(88,88)|(19,19)/(94,94)|(31,31)/(82,82)|(1,1)/(112,112)|(53,53)/(60,60)|(35,35)/(78,78)|(21,21)/(92,92)|(7,7)/(106,106)|(6,6)/(107,107)|(10,10)/(103,103)|(50,50)/(63,63)|(12,12)/(101,101)|(13,13)/(100,100)|(44,44)/(69,69)|(8,8)/(105,105)|(45,45)/(68,68)|(22,22)/(91,91)|(27,27)/(86,86)|(39,39)/(74,74)|(47,47)/(66,66)|(5,5)/(108,108)|(43,43)/(70,70)|(46,46)/(67,67)|(15,15)/(98,98)",0.008849557489156723
subtraction_depth1_muon,1,muon,minimum_after_first_generalized,17000,checkpoints/subtraction_depth_1_muon_seed_0/step_017000.pt,0.8509671688079834,0.9,pair_global,addition_only,8,28,"(28,28)/(85,85)|(11,11)/(102,102)|(56,56)/(57,57)|(48,48)/(65,65)|(25,25)/(88,88)|(19,19)/(94,94)|(31,31)/(82,82)|(1,1)/(112,112)|(53,53)/(60,60)|(35,35)/(78,78)|(21,21)/(92,92)|(7,7)/(106,106)|(6,6)/(107,107)|(10,10)/(103,103)|(50,50)/(63,63)|(12,12)/(101,101)|(13,13)/(100,100)|(44,44)/(69,69)|(8,8)/(105,105)|(45,45)/(68,68)|(22,22)/(91,91)|(27,27)/(86,86)|(39,39)/(74,74)|(47,47)/(66,66)|(5,5)/(108,108)|(43,43)/(70,70)|(46,46)/(67,67)|(15,15)/(98,98)",0.008849557489156723
subtraction_depth1_muon,1,muon,minimum_after_first_generalized,17000,checkpoints/subtraction_depth_1_muon_seed_0/step_017000.pt,0.8509671688079834,0.9,pair_global,addition_only,9,28,"(28,28)/(85,85)|(11,11)/(102,102)|(56,56)/(57,57)|(48,48)/(65,65)|(25,25)/(88,88)|(19,19)/(94,94)|(31,31)/(82,82)|(1,1)/(112,112)|(53,53)/(60,60)|(35,35)/(78,78)|(21,21)/(92,92)|(7,7)/(106,106)|(6,6)/(107,107)|(10,10)/(103,103)|(50,50)/(63,63)|(12,12)/(101,101)|(13,13)/(100,100)|(44,44)/(69,69)|(8,8)/(105,105)|(45,45)/(68,68)|(22,22)/(91,91)|(27,27)/(86,86)|(39,39)/(74,74)|(47,47)/(66,66)|(5,5)/(108,108)|(43,43)/(70,70)|(46,46)/(67,67)|(15,15)/(98,98)",0.008849557489156723
subtraction_depth1_muon,1,muon,minimum_after_first_generalized,17000,checkpoints/subtraction_depth_1_muon_seed_0/step_017000.pt,0.8509671688079834,0.9,pair_global,full_hidden,0,28,"(28,28)/(85,85)|(11,11)/(102,102)|(56,56)/(57,57)|(48,48)/(65,65)|(25,25)/(88,88)|(19,19)/(94,94)|(31,31)/(82,82)|(1,1)/(112,112)|(53,53)/(60,60)|(35,35)/(78,78)|(21,21)/(92,92)|(7,7)/(106,106)|(6,6)/(107,107)|(10,10)/(103,103)|(50,50)/(63,63)|(12,12)/(101,101)|(13,13)/(100,100)|(44,44)/(69,69)|(8,8)/(105,105)|(45,45)/(68,68)|(22,22)/(91,91)|(27,27)/(86,86)|(39,39)/(74,74)|(47,47)/(66,66)|(5,5)/(108,108)|(43,43)/(70,70)|(46,46)/(67,67)|(15,15)/(98,98)",0.8520635962486267
subtraction_depth1_muon,1,muon,minimum_after_first_generalized,17000,checkpoints/subtraction_depth_1_muon_seed_0/step_017000.pt,0.8509671688079834,0.9,pair_global,full_hidden,1,28,"(28,28)/(85,85)|(11,11)/(102,102)|(56,56)/(57,57)|(48,48)/(65,65)|(25,25)/(88,88)|(19,19)/(94,94)|(31,31)/(82,82)|(1,1)/(112,112)|(53,53)/(60,60)|(35,35)/(78,78)|(21,21)/(92,92)|(7,7)/(106,106)|(6,6)/(107,107)|(10,10)/(103,103)|(50,50)/(63,63)|(12,12)/(101,101)|(13,13)/(100,100)|(44,44)/(69,69)|(8,8)/(105,105)|(45,45)/(68,68)|(22,22)/(91,91)|(27,27)/(86,86)|(39,39)/(74,74)|(47,47)/(66,66)|(5,5)/(108,108)|(43,43)/(70,70)|(46,46)/(67,67)|(15,15)/(98,98)",0.8528467416763306
subtraction_depth1_muon,1,muon,minimum_after_first_generalized,17000,checkpoints/subtraction_depth_1_muon_seed_0/step_017000.pt,0.8509671688079834,0.9,pair_global,full_hidden,2,28,"(28,28)/(85,85)|(11,11)/(102,102)|(56,56)/(57,57)|(48,48)/(65,65)|(25,25)/(88,88)|(19,19)/(94,94)|(31,31)/(82,82)|(1,1)/(112,112)|(53,53)/(60,60)|(35,35)/(78,78)|(21,21)/(92,92)|(7,7)/(106,106)|(6,6)/(107,107)|(10,10)/(103,103)|(50,50)/(63,63)|(12,12)/(101,101)|(13,13)/(100,100)|(44,44)/(69,69)|(8,8)/(105,105)|(45,45)/(68,68)|(22,22)/(91,91)|(27,27)/(86,86)|(39,39)/(74,74)|(47,47)/(66,66)|(5,5)/(108,108)|(43,43)/(70,70)|(46,46)/(67,67)|(15,15)/(98,98)",0.8519852757453918
subtraction_depth1_muon,1,muon,minimum_after_first_generalized,17000,checkpoints/subtraction_depth_1_muon_seed_0/step_017000.pt,0.8509671688079834,0.9,pair_global,full_hidden,3,28,"(28,28)/(85,85)|(11,11)/(102,102)|(56,56)/(57,57)|(48,48)/(65,65)|(25,25)/(88,88)|(19,19)/(94,94)|(31,31)/(82,82)|(1,1)/(112,112)|(53,53)/(60,60)|(35,35)/(78,78)|(21,21)/(92,92)|(7,7)/(106,106)|(6,6)/(107,107)|(10,10)/(103,103)|(50,50)/(63,63)|(12,12)/(101,101)|(13,13)/(100,100)|(44,44)/(69,69)|(8,8)/(105,105)|(45,45)/(68,68)|(22,22)/(91,91)|(27,27)/(86,86)|(39,39)/(74,74)|(47,47)/(66,66)|(5,5)/(108,108)|(43,43)/(70,70)|(46,46)/(67,67)|(15,15)/(98,98)",0.851202130317688
subtraction_depth1_muon,1,muon,minimum_after_first_generalized,17000,checkpoints/subtraction_depth_1_muon_seed_0/step_017000.pt,0.8509671688079834,0.9,pair_global,full_hidden,4,28,"(28,28)/(85,85)|(11,11)/(102,102)|(56,56)/(57,57)|(48,48)/(65,65)|(25,25)/(88,88)|(19,19)/(94,94)|(31,31)/(82,82)|(1,1)/(112,112)|(53,53)/(60,60)|(35,35)/(78,78)|(21,21)/(92,92)|(7,7)/(106,106)|(6,6)/(107,107)|(10,10)/(103,103)|(50,50)/(63,63)|(12,12)/(101,101)|(13,13)/(100,100)|(44,44)/(69,69)|(8,8)/(105,105)|(45,45)/(68,68)|(22,22)/(91,91)|(27,27)/(86,86)|(39,39)/(74,74)|(47,47)/(66,66)|(5,5)/(108,108)|(43,43)/(70,70)|(46,46)/(67,67)|(15,15)/(98,98)",0.8499491214752197
subtraction_depth1_muon,1,muon,minimum_after_first_generalized,17000,checkpoints/subtraction_depth_1_muon_seed_0/step_017000.pt,0.8509671688079834,0.9,pair_global,full_hidden,5,28,"(28,28)/(85,85)|(11,11)/(102,102)|(56,56)/(57,57)|(48,48)/(65,65)|(25,25)/(88,88)|(19,19)/(94,94)|(31,31)/(82,82)|(1,1)/(112,112)|(53,53)/(60,60)|(35,35)/(78,78)|(21,21)/(92,92)|(7,7)/(106,106)|(6,6)/(107,107)|(10,10)/(103,103)|(50,50)/(63,63)|(12,12)/(101,101)|(13,13)/(100,100)|(44,44)/(69,69)|(8,8)/(105,105)|(45,45)/(68,68)|(22,22)/(91,91)|(27,27)/(86,86)|(39,39)/(74,74)|(47,47)/(66,66)|(5,5)/(108,108)|(43,43)/(70,70)|(46,46)/(67,67)|(15,15)/(98,98)",0.8526901006698608
subtraction_depth1_muon,1,muon,minimum_after_first_generalized,17000,checkpoints/subtraction_depth_1_muon_seed_0/step_017000.pt,0.8509671688079834,0.9,pair_global,full_hidden,6,28,"(28,28)/(85,85)|(11,11)/(102,102)|(56,56)/(57,57)|(48,48)/(65,65)|(25,25)/(88,88)|(19,19)/(94,94)|(31,31)/(82,82)|(1,1)/(112,112)|(53,53)/(60,60)|(35,35)/(78,78)|(21,21)/(92,92)|(7,7)/(106,106)|(6,6)/(107,107)|(10,10)/(103,103)|(50,50)/(63,63)|(12,12)/(101,101)|(13,13)/(100,100)|(44,44)/(69,69)|(8,8)/(105,105)|(45,45)/(68,68)|(22,22)/(91,91)|(27,27)/(86,86)|(39,39)/(74,74)|(47,47)/(66,66)|(5,5)/(108,108)|(43,43)/(70,70)|(46,46)/(67,67)|(15,15)/(98,98)",0.8521419167518616
subtraction_depth1_muon,1,muon,minimum_after_first_generalized,17000,checkpoints/subtraction_depth_1_muon_seed_0/step_017000.pt,0.8509671688079834,0.9,pair_global,full_hidden,7,28,"(28,28)/(85,85)|(11,11)/(102,102)|(56,56)/(57,57)|(48,48)/(65,65)|(25,25)/(88,88)|(19,19)/(94,94)|(31,31)/(82,82)|(1,1)/(112,112)|(53,53)/(60,60)|(35,35)/(78,78)|(21,21)/(92,92)|(7,7)/(106,106)|(6,6)/(107,107)|(10,10)/(103,103)|(50,50)/(63,63)|(12,12)/(101,101)|(13,13)/(100,100)|(44,44)/(69,69)|(8,8)/(105,105)|(45,45)/(68,68)|(22,22)/(91,91)|(27,27)/(86,86)|(39,39)/(74,74)|(47,47)/(66,66)|(5,5)/(108,108)|(43,43)/(70,70)|(46,46)/(67,67)|(15,15)/(98,98)",0.8528467416763306
subtraction_depth1_muon,1,muon,minimum_after_first_generalized,17000,checkpoints/subtraction_depth_1_muon_seed_0/step_017000.pt,0.8509671688079834,0.9,pair_global,full_hidden,8,28,"(28,28)/(85,85)|(11,11)/(102,102)|(56,56)/(57,57)|(48,48)/(65,65)|(25,25)/(88,88)|(19,19)/(94,94)|(31,31)/(82,82)|(1,1)/(112,112)|(53,53)/(60,60)|(35,35)/(78,78)|(21,21)/(92,92)|(7,7)/(106,106)|(6,6)/(107,107)|(10,10)/(103,103)|(50,50)/(63,63)|(12,12)/(101,101)|(13,13)/(100,100)|(44,44)/(69,69)|(8,8)/(105,105)|(45,45)/(68,68)|(22,22)/(91,91)|(27,27)/(86,86)|(39,39)/(74,74)|(47,47)/(66,66)|(5,5)/(108,108)|(43,43)/(70,70)|(46,46)/(67,67)|(15,15)/(98,98)",0.8532382845878601
subtraction_depth1_muon,1,muon,minimum_after_first_generalized,17000,checkpoints/subtraction_depth_1_muon_seed_0/step_017000.pt,0.8509671688079834,0.9,pair_global,full_hidden,9,28,"(28,28)/(85,85)|(11,11)/(102,102)|(56,56)/(57,57)|(48,48)/(65,65)|(25,25)/(88,88)|(19,19)/(94,94)|(31,31)/(82,82)|(1,1)/(112,112)|(53,53)/(60,60)|(35,35)/(78,78)|(21,21)/(92,92)|(7,7)/(106,106)|(6,6)/(107,107)|(10,10)/(103,103)|(50,50)/(63,63)|(12,12)/(101,101)|(13,13)/(100,100)|(44,44)/(69,69)|(8,8)/(105,105)|(45,45)/(68,68)|(22,22)/(91,91)|(27,27)/(86,86)|(39,39)/(74,74)|(47,47)/(66,66)|(5,5)/(108,108)|(43,43)/(70,70)|(46,46)/(67,67)|(15,15)/(98,98)",0.8509671688079834
subtraction_depth1_muon,1,muon,minimum_after_first_generalized,17000,checkpoints/subtraction_depth_1_muon_seed_0/step_017000.pt,0.8509671688079834,0.9,channelwise,addition_only,0,28,"(28,28)/(85,85)|(11,11)/(102,102)|(56,56)/(57,57)|(48,48)/(65,65)|(25,25)/(88,88)|(19,19)/(94,94)|(31,31)/(82,82)|(1,1)/(112,112)|(53,53)/(60,60)|(35,35)/(78,78)|(21,21)/(92,92)|(7,7)/(106,106)|(6,6)/(107,107)|(10,10)/(103,103)|(50,50)/(63,63)|(12,12)/(101,101)|(13,13)/(100,100)|(44,44)/(69,69)|(8,8)/(105,105)|(45,45)/(68,68)|(22,22)/(91,91)|(27,27)/(86,86)|(39,39)/(74,74)|(47,47)/(66,66)|(5,5)/(108,108)|(43,43)/(70,70)|(46,46)/(67,67)|(15,15)/(98,98)",0.008849557489156723
subtraction_depth1_muon,1,muon,minimum_after_first_generalized,17000,checkpoints/subtraction_depth_1_muon_seed_0/step_017000.pt,0.8509671688079834,0.9,channelwise,addition_only,1,28,"(28,28)/(85,85)|(11,11)/(102,102)|(56,56)/(57,57)|(48,48)/(65,65)|(25,25)/(88,88)|(19,19)/(94,94)|(31,31)/(82,82)|(1,1)/(112,112)|(53,53)/(60,60)|(35,35)/(78,78)|(21,21)/(92,92)|(7,7)/(106,106)|(6,6)/(107,107)|(10,10)/(103,103)|(50,50)/(63,63)|(12,12)/(101,101)|(13,13)/(100,100)|(44,44)/(69,69)|(8,8)/(105,105)|(45,45)/(68,68)|(22,22)/(91,91)|(27,27)/(86,86)|(39,39)/(74,74)|(47,47)/(66,66)|(5,5)/(108,108)|(43,43)/(70,70)|(46,46)/(67,67)|(15,15)/(98,98)",0.008849557489156723
subtraction_depth1_muon,1,muon,minimum_after_first_generalized,17000,checkpoints/subtraction_depth_1_muon_seed_0/step_017000.pt,0.8509671688079834,0.9,channelwise,addition_only,2,28,"(28,28)/(85,85)|(11,11)/(102,102)|(56,56)/(57,57)|(48,48)/(65,65)|(25,25)/(88,88)|(19,19)/(94,94)|(31,31)/(82,82)|(1,1)/(112,112)|(53,53)/(60,60)|(35,35)/(78,78)|(21,21)/(92,92)|(7,7)/(106,106)|(6,6)/(107,107)|(10,10)/(103,103)|(50,50)/(63,63)|(12,12)/(101,101)|(13,13)/(100,100)|(44,44)/(69,69)|(8,8)/(105,105)|(45,45)/(68,68)|(22,22)/(91,91)|(27,27)/(86,86)|(39,39)/(74,74)|(47,47)/(66,66)|(5,5)/(108,108)|(43,43)/(70,70)|(46,46)/(67,67)|(15,15)/(98,98)",0.008849557489156723
subtraction_depth1_muon,1,muon,minimum_after_first_generalized,17000,checkpoints/subtraction_depth_1_muon_seed_0/step_017000.pt,0.8509671688079834,0.9,channelwise,addition_only,3,28,"(28,28)/(85,85)|(11,11)/(102,102)|(56,56)/(57,57)|(48,48)/(65,65)|(25,25)/(88,88)|(19,19)/(94,94)|(31,31)/(82,82)|(1,1)/(112,112)|(53,53)/(60,60)|(35,35)/(78,78)|(21,21)/(92,92)|(7,7)/(106,106)|(6,6)/(107,107)|(10,10)/(103,103)|(50,50)/(63,63)|(12,12)/(101,101)|(13,13)/(100,100)|(44,44)/(69,69)|(8,8)/(105,105)|(45,45)/(68,68)|(22,22)/(91,91)|(27,27)/(86,86)|(39,39)/(74,74)|(47,47)/(66,66)|(5,5)/(108,108)|(43,43)/(70,70)|(46,46)/(67,67)|(15,15)/(98,98)",0.008849557489156723
subtraction_depth1_muon,1,muon,minimum_after_first_generalized,17000,checkpoints/subtraction_depth_1_muon_seed_0/step_017000.pt,0.8509671688079834,0.9,channelwise,addition_only,4,28,"(28,28)/(85,85)|(11,11)/(102,102)|(56,56)/(57,57)|(48,48)/(65,65)|(25,25)/(88,88)|(19,19)/(94,94)|(31,31)/(82,82)|(1,1)/(112,112)|(53,53)/(60,60)|(35,35)/(78,78)|(21,21)/(92,92)|(7,7)/(106,106)|(6,6)/(107,107)|(10,10)/(103,103)|(50,50)/(63,63)|(12,12)/(101,101)|(13,13)/(100,100)|(44,44)/(69,69)|(8,8)/(105,105)|(45,45)/(68,68)|(22,22)/(91,91)|(27,27)/(86,86)|(39,39)/(74,74)|(47,47)/(66,66)|(5,5)/(108,108)|(43,43)/(70,70)|(46,46)/(67,67)|(15,15)/(98,98)",0.008849557489156723
subtraction_depth1_muon,1,muon,minimum_after_first_generalized,17000,checkpoints/subtraction_depth_1_muon_seed_0/step_017000.pt,0.8509671688079834,0.9,channelwise,addition_only,5,28,"(28,28)/(85,85)|(11,11)/(102,102)|(56,56)/(57,57)|(48,48)/(65,65)|(25,25)/(88,88)|(19,19)/(94,94)|(31,31)/(82,82)|(1,1)/(112,112)|(53,53)/(60,60)|(35,35)/(78,78)|(21,21)/(92,92)|(7,7)/(106,106)|(6,6)/(107,107)|(10,10)/(103,103)|(50,50)/(63,63)|(12,12)/(101,101)|(13,13)/(100,100)|(44,44)/(69,69)|(8,8)/(105,105)|(45,45)/(68,68)|(22,22)/(91,91)|(27,27)/(86,86)|(39,39)/(74,74)|(47,47)/(66,66)|(5,5)/(108,108)|(43,43)/(70,70)|(46,46)/(67,67)|(15,15)/(98,98)",0.008849557489156723
subtraction_depth1_muon,1,muon,minimum_after_first_generalized,17000,checkpoints/subtraction_depth_1_muon_seed_0/step_017000.pt,0.8509671688079834,0.9,channelwise,addition_only,6,28,"(28,28)/(85,85)|(11,11)/(102,102)|(56,56)/(57,57)|(48,48)/(65,65)|(25,25)/(88,88)|(19,19)/(94,94)|(31,31)/(82,82)|(1,1)/(112,112)|(53,53)/(60,60)|(35,35)/(78,78)|(21,21)/(92,92)|(7,7)/(106,106)|(6,6)/(107,107)|(10,10)/(103,103)|(50,50)/(63,63)|(12,12)/(101,101)|(13,13)/(100,100)|(44,44)/(69,69)|(8,8)/(105,105)|(45,45)/(68,68)|(22,22)/(91,91)|(27,27)/(86,86)|(39,39)/(74,74)|(47,47)/(66,66)|(5,5)/(108,108)|(43,43)/(70,70)|(46,46)/(67,67)|(15,15)/(98,98)",0.008849557489156723
subtraction_depth1_muon,1,muon,minimum_after_first_generalized,17000,checkpoints/subtraction_depth_1_muon_seed_0/step_017000.pt,0.8509671688079834,0.9,channelwise,addition_only,7,28,"(28,28)/(85,85)|(11,11)/(102,102)|(56,56)/(57,57)|(48,48)/(65,65)|(25,25)/(88,88)|(19,19)/(94,94)|(31,31)/(82,82)|(1,1)/(112,112)|(53,53)/(60,60)|(35,35)/(78,78)|(21,21)/(92,92)|(7,7)/(106,106)|(6,6)/(107,107)|(10,10)/(103,103)|(50,50)/(63,63)|(12,12)/(101,101)|(13,13)/(100,100)|(44,44)/(69,69)|(8,8)/(105,105)|(45,45)/(68,68)|(22,22)/(91,91)|(27,27)/(86,86)|(39,39)/(74,74)|(47,47)/(66,66)|(5,5)/(108,108)|(43,43)/(70,70)|(46,46)/(67,67)|(15,15)/(98,98)",0.008849557489156723
subtraction_depth1_muon,1,muon,minimum_after_first_generalized,17000,checkpoints/subtraction_depth_1_muon_seed_0/step_017000.pt,0.8509671688079834,0.9,channelwise,addition_only,8,28,"(28,28)/(85,85)|(11,11)/(102,102)|(56,56)/(57,57)|(48,48)/(65,65)|(25,25)/(88,88)|(19,19)/(94,94)|(31,31)/(82,82)|(1,1)/(112,112)|(53,53)/(60,60)|(35,35)/(78,78)|(21,21)/(92,92)|(7,7)/(106,106)|(6,6)/(107,107)|(10,10)/(103,103)|(50,50)/(63,63)|(12,12)/(101,101)|(13,13)/(100,100)|(44,44)/(69,69)|(8,8)/(105,105)|(45,45)/(68,68)|(22,22)/(91,91)|(27,27)/(86,86)|(39,39)/(74,74)|(47,47)/(66,66)|(5,5)/(108,108)|(43,43)/(70,70)|(46,46)/(67,67)|(15,15)/(98,98)",0.008849557489156723
subtraction_depth1_muon,1,muon,minimum_after_first_generalized,17000,checkpoints/subtraction_depth_1_muon_seed_0/step_017000.pt,0.8509671688079834,0.9,channelwise,addition_only,9,28,"(28,28)/(85,85)|(11,11)/(102,102)|(56,56)/(57,57)|(48,48)/(65,65)|(25,25)/(88,88)|(19,19)/(94,94)|(31,31)/(82,82)|(1,1)/(112,112)|(53,53)/(60,60)|(35,35)/(78,78)|(21,21)/(92,92)|(7,7)/(106,106)|(6,6)/(107,107)|(10,10)/(103,103)|(50,50)/(63,63)|(12,12)/(101,101)|(13,13)/(100,100)|(44,44)/(69,69)|(8,8)/(105,105)|(45,45)/(68,68)|(22,22)/(91,91)|(27,27)/(86,86)|(39,39)/(74,74)|(47,47)/(66,66)|(5,5)/(108,108)|(43,43)/(70,70)|(46,46)/(67,67)|(15,15)/(98,98)",0.008849557489156723
subtraction_depth1_muon,1,muon,minimum_after_first_generalized,17000,checkpoints/subtraction_depth_1_muon_seed_0/step_017000.pt,0.8509671688079834,0.9,channelwise,full_hidden,0,28,"(28,28)/(85,85)|(11,11)/(102,102)|(56,56)/(57,57)|(48,48)/(65,65)|(25,25)/(88,88)|(19,19)/(94,94)|(31,31)/(82,82)|(1,1)/(112,112)|(53,53)/(60,60)|(35,35)/(78,78)|(21,21)/(92,92)|(7,7)/(106,106)|(6,6)/(107,107)|(10,10)/(103,103)|(50,50)/(63,63)|(12,12)/(101,101)|(13,13)/(100,100)|(44,44)/(69,69)|(8,8)/(105,105)|(45,45)/(68,68)|(22,22)/(91,91)|(27,27)/(86,86)|(39,39)/(74,74)|(47,47)/(66,66)|(5,5)/(108,108)|(43,43)/(70,70)|(46,46)/(67,67)|(15,15)/(98,98)",0.8397681713104248
subtraction_depth1_muon,1,muon,minimum_after_first_generalized,17000,checkpoints/subtraction_depth_1_muon_seed_0/step_017000.pt,0.8509671688079834,0.9,channelwise,full_hidden,1,28,"(28,28)/(85,85)|(11,11)/(102,102)|(56,56)/(57,57)|(48,48)/(65,65)|(25,25)/(88,88)|(19,19)/(94,94)|(31,31)/(82,82)|(1,1)/(112,112)|(53,53)/(60,60)|(35,35)/(78,78)|(21,21)/(92,92)|(7,7)/(106,106)|(6,6)/(107,107)|(10,10)/(103,103)|(50,50)/(63,63)|(12,12)/(101,101)|(13,13)/(100,100)|(44,44)/(69,69)|(8,8)/(105,105)|(45,45)/(68,68)|(22,22)/(91,91)|(27,27)/(86,86)|(39,39)/(74,74)|(47,47)/(66,66)|(5,5)/(108,108)|(43,43)/(70,70)|(46,46)/(67,67)|(15,15)/(98,98)",0.8407862782478333
subtraction_depth1_muon,1,muon,minimum_after_first_generalized,17000,checkpoints/subtraction_depth_1_muon_seed_0/step_017000.pt,0.8509671688079834,0.9,channelwise,full_hidden,2,28,"(28,28)/(85,85)|(11,11)/(102,102)|(56,56)/(57,57)|(48,48)/(65,65)|(25,25)/(88,88)|(19,19)/(94,94)|(31,31)/(82,82)|(1,1)/(112,112)|(53,53)/(60,60)|(35,35)/(78,78)|(21,21)/(92,92)|(7,7)/(106,106)|(6,6)/(107,107)|(10,10)/(103,103)|(50,50)/(63,63)|(12,12)/(101,101)|(13,13)/(100,100)|(44,44)/(69,69)|(8,8)/(105,105)|(45,45)/(68,68)|(22,22)/(91,91)|(27,27)/(86,86)|(39,39)/(74,74)|(47,47)/(66,66)|(5,5)/(108,108)|(43,43)/(70,70)|(46,46)/(67,67)|(15,15)/(98,98)",0.84305739402771
subtraction_depth1_muon,1,muon,minimum_after_first_generalized,17000,checkpoints/subtraction_depth_1_muon_seed_0/step_017000.pt,0.8509671688079834,0.9,channelwise,full_hidden,3,28,"(28,28)/(85,85)|(11,11)/(102,102)|(56,56)/(57,57)|(48,48)/(65,65)|(25,25)/(88,88)|(19,19)/(94,94)|(31,31)/(82,82)|(1,1)/(112,112)|(53,53)/(60,60)|(35,35)/(78,78)|(21,21)/(92,92)|(7,7)/(106,106)|(6,6)/(107,107)|(10,10)/(103,103)|(50,50)/(63,63)|(12,12)/(101,101)|(13,13)/(100,100)|(44,44)/(69,69)|(8,8)/(105,105)|(45,45)/(68,68)|(22,22)/(91,91)|(27,27)/(86,86)|(39,39)/(74,74)|(47,47)/(66,66)|(5,5)/(108,108)|(43,43)/(70,70)|(46,46)/(67,67)|(15,15)/(98,98)",0.8432923555374146
subtraction_depth1_muon,1,muon,minimum_after_first_generalized,17000,checkpoints/subtraction_depth_1_muon_seed_0/step_017000.pt,0.8509671688079834,0.9,channelwise,full_hidden,4,28,"(28,28)/(85,85)|(11,11)/(102,102)|(56,56)/(57,57)|(48,48)/(65,65)|(25,25)/(88,88)|(19,19)/(94,94)|(31,31)/(82,82)|(1,1)/(112,112)|(53,53)/(60,60)|(35,35)/(78,78)|(21,21)/(92,92)|(7,7)/(106,106)|(6,6)/(107,107)|(10,10)/(103,103)|(50,50)/(63,63)|(12,12)/(101,101)|(13,13)/(100,100)|(44,44)/(69,69)|(8,8)/(105,105)|(45,45)/(68,68)|(22,22)/(91,91)|(27,27)/(86,86)|(39,39)/(74,74)|(47,47)/(66,66)|(5,5)/(108,108)|(43,43)/(70,70)|(46,46)/(67,67)|(15,15)/(98,98)",0.8451719284057617
subtraction_depth1_muon,1,muon,minimum_after_first_generalized,17000,checkpoints/subtraction_depth_1_muon_seed_0/step_017000.pt,0.8509671688079834,0.9,channelwise,full_hidden,5,28,"(28,28)/(85,85)|(11,11)/(102,102)|(56,56)/(57,57)|(48,48)/(65,65)|(25,25)/(88,88)|(19,19)/(94,94)|(31,31)/(82,82)|(1,1)/(112,112)|(53,53)/(60,60)|(35,35)/(78,78)|(21,21)/(92,92)|(7,7)/(106,106)|(6,6)/(107,107)|(10,10)/(103,103)|(50,50)/(63,63)|(12,12)/(101,101)|(13,13)/(100,100)|(44,44)/(69,69)|(8,8)/(105,105)|(45,45)/(68,68)|(22,22)/(91,91)|(27,27)/(86,86)|(39,39)/(74,74)|(47,47)/(66,66)|(5,5)/(108,108)|(43,43)/(70,70)|(46,46)/(67,67)|(15,15)/(98,98)",0.8396115303039551
subtraction_depth1_muon,1,muon,minimum_after_first_generalized,17000,checkpoints/subtraction_depth_1_muon_seed_0/step_017000.pt,0.8509671688079834,0.9,channelwise,full_hidden,6,28,"(28,28)/(85,85)|(11,11)/(102,102)|(56,56)/(57,57)|(48,48)/(65,65)|(25,25)/(88,88)|(19,19)/(94,94)|(31,31)/(82,82)|(1,1)/(112,112)|(53,53)/(60,60)|(35,35)/(78,78)|(21,21)/(92,92)|(7,7)/(106,106)|(6,6)/(107,107)|(10,10)/(103,103)|(50,50)/(63,63)|(12,12)/(101,101)|(13,13)/(100,100)|(44,44)/(69,69)|(8,8)/(105,105)|(45,45)/(68,68)|(22,22)/(91,91)|(27,27)/(86,86)|(39,39)/(74,74)|(47,47)/(66,66)|(5,5)/(108,108)|(43,43)/(70,70)|(46,46)/(67,67)|(15,15)/(98,98)",0.8414911031723022
subtraction_depth1_muon,1,muon,minimum_after_first_generalized,17000,checkpoints/subtraction_depth_1_muon_seed_0/step_017000.pt,0.8509671688079834,0.9,channelwise,full_hidden,7,28,"(28,28)/(85,85)|(11,11)/(102,102)|(56,56)/(57,57)|(48,48)/(65,65)|(25,25)/(88,88)|(19,19)/(94,94)|(31,31)/(82,82)|(1,1)/(112,112)|(53,53)/(60,60)|(35,35)/(78,78)|(21,21)/(92,92)|(7,7)/(106,106)|(6,6)/(107,107)|(10,10)/(103,103)|(50,50)/(63,63)|(12,12)/(101,101)|(13,13)/(100,100)|(44,44)/(69,69)|(8,8)/(105,105)|(45,45)/(68,68)|(22,22)/(91,91)|(27,27)/(86,86)|(39,39)/(74,74)|(47,47)/(66,66)|(5,5)/(108,108)|(43,43)/(70,70)|(46,46)/(67,67)|(15,15)/(98,98)",0.8435273170471191
subtraction_depth1_muon,1,muon,minimum_after_first_generalized,17000,checkpoints/subtraction_depth_1_muon_seed_0/step_017000.pt,0.8509671688079834,0.9,channelwise,full_hidden,8,28,"(28,28)/(85,85)|(11,11)/(102,102)|(56,56)/(57,57)|(48,48)/(65,65)|(25,25)/(88,88)|(19,19)/(94,94)|(31,31)/(82,82)|(1,1)/(112,112)|(53,53)/(60,60)|(35,35)/(78,78)|(21,21)/(92,92)|(7,7)/(106,106)|(6,6)/(107,107)|(10,10)/(103,103)|(50,50)/(63,63)|(12,12)/(101,101)|(13,13)/(100,100)|(44,44)/(69,69)|(8,8)/(105,105)|(45,45)/(68,68)|(22,22)/(91,91)|(27,27)/(86,86)|(39,39)/(74,74)|(47,47)/(66,66)|(5,5)/(108,108)|(43,43)/(70,70)|(46,46)/(67,67)|(15,15)/(98,98)",0.8429007530212402
subtraction_depth1_muon,1,muon,minimum_after_first_generalized,17000,checkpoints/subtraction_depth_1_muon_seed_0/step_017000.pt,0.8509671688079834,0.9,channelwise,full_hidden,9,28,"(28,28)/(85,85)|(11,11)/(102,102)|(56,56)/(57,57)|(48,48)/(65,65)|(25,25)/(88,88)|(19,19)/(94,94)|(31,31)/(82,82)|(1,1)/(112,112)|(53,53)/(60,60)|(35,35)/(78,78)|(21,21)/(92,92)|(7,7)/(106,106)|(6,6)/(107,107)|(10,10)/(103,103)|(50,50)/(63,63)|(12,12)/(101,101)|(13,13)/(100,100)|(44,44)/(69,69)|(8,8)/(105,105)|(45,45)/(68,68)|(22,22)/(91,91)|(27,27)/(86,86)|(39,39)/(74,74)|(47,47)/(66,66)|(5,5)/(108,108)|(43,43)/(70,70)|(46,46)/(67,67)|(15,15)/(98,98)",0.8431357145309448
subtraction_depth1_muon,1,muon,minimum_after_first_generalized,17000,checkpoints/subtraction_depth_1_muon_seed_0/step_017000.pt,0.8509671688079834,1.0,pair_global,addition_only,0,56,"(28,28)/(85,85)|(11,11)/(102,102)|(56,56)/(57,57)|(48,48)/(65,65)|(25,25)/(88,88)|(19,19)/(94,94)|(31,31)/(82,82)|(1,1)/(112,112)|(53,53)/(60,60)|(35,35)/(78,78)|(21,21)/(92,92)|(7,7)/(106,106)|(6,6)/(107,107)|(10,10)/(103,103)|(50,50)/(63,63)|(12,12)/(101,101)|(13,13)/(100,100)|(44,44)/(69,69)|(8,8)/(105,105)|(45,45)/(68,68)|(22,22)/(91,91)|(27,27)/(86,86)|(39,39)/(74,74)|(47,47)/(66,66)|(5,5)/(108,108)|(43,43)/(70,70)|(46,46)/(67,67)|(15,15)/(98,98)|(17,17)/(96,96)|(24,24)/(89,89)|(52,52)/(61,61)|(23,23)/(90,90)|(16,16)/(97,97)|(37,37)/(76,76)|(51,51)/(62,62)|(38,38)/(75,75)|(9,9)/(104,104)|(29,29)/(84,84)|(33,33)/(80,80)|(20,20)/(93,93)|(26,26)/(87,87)|(54,54)/(59,59)|(2,2)/(111,111)|(42,42)/(71,71)|(55,55)/(58,58)|(18,18)/(95,95)|(30,30)/(83,83)|(14,14)/(99,99)|(3,3)/(110,110)|(32,32)/(81,81)|(40,40)/(73,73)|(34,34)/(79,79)|(4,4)/(109,109)|(41,41)/(72,72)|(36,36)/(77,77)|(49,49)/(64,64)",0.008849557489156723
subtraction_depth1_muon,1,muon,minimum_after_first_generalized,17000,checkpoints/subtraction_depth_1_muon_seed_0/step_017000.pt,0.8509671688079834,1.0,pair_global,addition_only,1,56,"(28,28)/(85,85)|(11,11)/(102,102)|(56,56)/(57,57)|(48,48)/(65,65)|(25,25)/(88,88)|(19,19)/(94,94)|(31,31)/(82,82)|(1,1)/(112,112)|(53,53)/(60,60)|(35,35)/(78,78)|(21,21)/(92,92)|(7,7)/(106,106)|(6,6)/(107,107)|(10,10)/(103,103)|(50,50)/(63,63)|(12,12)/(101,101)|(13,13)/(100,100)|(44,44)/(69,69)|(8,8)/(105,105)|(45,45)/(68,68)|(22,22)/(91,91)|(27,27)/(86,86)|(39,39)/(74,74)|(47,47)/(66,66)|(5,5)/(108,108)|(43,43)/(70,70)|(46,46)/(67,67)|(15,15)/(98,98)|(17,17)/(96,96)|(24,24)/(89,89)|(52,52)/(61,61)|(23,23)/(90,90)|(16,16)/(97,97)|(37,37)/(76,76)|(51,51)/(62,62)|(38,38)/(75,75)|(9,9)/(104,104)|(29,29)/(84,84)|(33,33)/(80,80)|(20,20)/(93,93)|(26,26)/(87,87)|(54,54)/(59,59)|(2,2)/(111,111)|(42,42)/(71,71)|(55,55)/(58,58)|(18,18)/(95,95)|(30,30)/(83,83)|(14,14)/(99,99)|(3,3)/(110,110)|(32,32)/(81,81)|(40,40)/(73,73)|(34,34)/(79,79)|(4,4)/(109,109)|(41,41)/(72,72)|(36,36)/(77,77)|(49,49)/(64,64)",0.008849557489156723
subtraction_depth1_muon,1,muon,minimum_after_first_generalized,17000,checkpoints/subtraction_depth_1_muon_seed_0/step_017000.pt,0.8509671688079834,1.0,pair_global,addition_only,2,56,"(28,28)/(85,85)|(11,11)/(102,102)|(56,56)/(57,57)|(48,48)/(65,65)|(25,25)/(88,88)|(19,19)/(94,94)|(31,31)/(82,82)|(1,1)/(112,112)|(53,53)/(60,60)|(35,35)/(78,78)|(21,21)/(92,92)|(7,7)/(106,106)|(6,6)/(107,107)|(10,10)/(103,103)|(50,50)/(63,63)|(12,12)/(101,101)|(13,13)/(100,100)|(44,44)/(69,69)|(8,8)/(105,105)|(45,45)/(68,68)|(22,22)/(91,91)|(27,27)/(86,86)|(39,39)/(74,74)|(47,47)/(66,66)|(5,5)/(108,108)|(43,43)/(70,70)|(46,46)/(67,67)|(15,15)/(98,98)|(17,17)/(96,96)|(24,24)/(89,89)|(52,52)/(61,61)|(23,23)/(90,90)|(16,16)/(97,97)|(37,37)/(76,76)|(51,51)/(62,62)|(38,38)/(75,75)|(9,9)/(104,104)|(29,29)/(84,84)|(33,33)/(80,80)|(20,20)/(93,93)|(26,26)/(87,87)|(54,54)/(59,59)|(2,2)/(111,111)|(42,42)/(71,71)|(55,55)/(58,58)|(18,18)/(95,95)|(30,30)/(83,83)|(14,14)/(99,99)|(3,3)/(110,110)|(32,32)/(81,81)|(40,40)/(73,73)|(34,34)/(79,79)|(4,4)/(109,109)|(41,41)/(72,72)|(36,36)/(77,77)|(49,49)/(64,64)",0.008849557489156723
subtraction_depth1_muon,1,muon,minimum_after_first_generalized,17000,checkpoints/subtraction_depth_1_muon_seed_0/step_017000.pt,0.8509671688079834,1.0,pair_global,addition_only,3,56,"(28,28)/(85,85)|(11,11)/(102,102)|(56,56)/(57,57)|(48,48)/(65,65)|(25,25)/(88,88)|(19,19)/(94,94)|(31,31)/(82,82)|(1,1)/(112,112)|(53,53)/(60,60)|(35,35)/(78,78)|(21,21)/(92,92)|(7,7)/(106,106)|(6,6)/(107,107)|(10,10)/(103,103)|(50,50)/(63,63)|(12,12)/(101,101)|(13,13)/(100,100)|(44,44)/(69,69)|(8,8)/(105,105)|(45,45)/(68,68)|(22,22)/(91,91)|(27,27)/(86,86)|(39,39)/(74,74)|(47,47)/(66,66)|(5,5)/(108,108)|(43,43)/(70,70)|(46,46)/(67,67)|(15,15)/(98,98)|(17,17)/(96,96)|(24,24)/(89,89)|(52,52)/(61,61)|(23,23)/(90,90)|(16,16)/(97,97)|(37,37)/(76,76)|(51,51)/(62,62)|(38,38)/(75,75)|(9,9)/(104,104)|(29,29)/(84,84)|(33,33)/(80,80)|(20,20)/(93,93)|(26,26)/(87,87)|(54,54)/(59,59)|(2,2)/(111,111)|(42,42)/(71,71)|(55,55)/(58,58)|(18,18)/(95,95)|(30,30)/(83,83)|(14,14)/(99,99)|(3,3)/(110,110)|(32,32)/(81,81)|(40,40)/(73,73)|(34,34)/(79,79)|(4,4)/(109,109)|(41,41)/(72,72)|(36,36)/(77,77)|(49,49)/(64,64)",0.008849557489156723
subtraction_depth1_muon,1,muon,minimum_after_first_generalized,17000,checkpoints/subtraction_depth_1_muon_seed_0/step_017000.pt,0.8509671688079834,1.0,pair_global,addition_only,4,56,"(28,28)/(85,85)|(11,11)/(102,102)|(56,56)/(57,57)|(48,48)/(65,65)|(25,25)/(88,88)|(19,19)/(94,94)|(31,31)/(82,82)|(1,1)/(112,112)|(53,53)/(60,60)|(35,35)/(78,78)|(21,21)/(92,92)|(7,7)/(106,106)|(6,6)/(107,107)|(10,10)/(103,103)|(50,50)/(63,63)|(12,12)/(101,101)|(13,13)/(100,100)|(44,44)/(69,69)|(8,8)/(105,105)|(45,45)/(68,68)|(22,22)/(91,91)|(27,27)/(86,86)|(39,39)/(74,74)|(47,47)/(66,66)|(5,5)/(108,108)|(43,43)/(70,70)|(46,46)/(67,67)|(15,15)/(98,98)|(17,17)/(96,96)|(24,24)/(89,89)|(52,52)/(61,61)|(23,23)/(90,90)|(16,16)/(97,97)|(37,37)/(76,76)|(51,51)/(62,62)|(38,38)/(75,75)|(9,9)/(104,104)|(29,29)/(84,84)|(33,33)/(80,80)|(20,20)/(93,93)|(26,26)/(87,87)|(54,54)/(59,59)|(2,2)/(111,111)|(42,42)/(71,71)|(55,55)/(58,58)|(18,18)/(95,95)|(30,30)/(83,83)|(14,14)/(99,99)|(3,3)/(110,110)|(32,32)/(81,81)|(40,40)/(73,73)|(34,34)/(79,79)|(4,4)/(109,109)|(41,41)/(72,72)|(36,36)/(77,77)|(49,49)/(64,64)",0.008849557489156723
subtraction_depth1_muon,1,muon,minimum_after_first_generalized,17000,checkpoints/subtraction_depth_1_muon_seed_0/step_017000.pt,0.8509671688079834,1.0,pair_global,addition_only,5,56,"(28,28)/(85,85)|(11,11)/(102,102)|(56,56)/(57,57)|(48,48)/(65,65)|(25,25)/(88,88)|(19,19)/(94,94)|(31,31)/(82,82)|(1,1)/(112,112)|(53,53)/(60,60)|(35,35)/(78,78)|(21,21)/(92,92)|(7,7)/(106,106)|(6,6)/(107,107)|(10,10)/(103,103)|(50,50)/(63,63)|(12,12)/(101,101)|(13,13)/(100,100)|(44,44)/(69,69)|(8,8)/(105,105)|(45,45)/(68,68)|(22,22)/(91,91)|(27,27)/(86,86)|(39,39)/(74,74)|(47,47)/(66,66)|(5,5)/(108,108)|(43,43)/(70,70)|(46,46)/(67,67)|(15,15)/(98,98)|(17,17)/(96,96)|(24,24)/(89,89)|(52,52)/(61,61)|(23,23)/(90,90)|(16,16)/(97,97)|(37,37)/(76,76)|(51,51)/(62,62)|(38,38)/(75,75)|(9,9)/(104,104)|(29,29)/(84,84)|(33,33)/(80,80)|(20,20)/(93,93)|(26,26)/(87,87)|(54,54)/(59,59)|(2,2)/(111,111)|(42,42)/(71,71)|(55,55)/(58,58)|(18,18)/(95,95)|(30,30)/(83,83)|(14,14)/(99,99)|(3,3)/(110,110)|(32,32)/(81,81)|(40,40)/(73,73)|(34,34)/(79,79)|(4,4)/(109,109)|(41,41)/(72,72)|(36,36)/(77,77)|(49,49)/(64,64)",0.008849557489156723
subtraction_depth1_muon,1,muon,minimum_after_first_generalized,17000,checkpoints/subtraction_depth_1_muon_seed_0/step_017000.pt,0.8509671688079834,1.0,pair_global,addition_only,6,56,"(28,28)/(85,85)|(11,11)/(102,102)|(56,56)/(57,57)|(48,48)/(65,65)|(25,25)/(88,88)|(19,19)/(94,94)|(31,31)/(82,82)|(1,1)/(112,112)|(53,53)/(60,60)|(35,35)/(78,78)|(21,21)/(92,92)|(7,7)/(106,106)|(6,6)/(107,107)|(10,10)/(103,103)|(50,50)/(63,63)|(12,12)/(101,101)|(13,13)/(100,100)|(44,44)/(69,69)|(8,8)/(105,105)|(45,45)/(68,68)|(22,22)/(91,91)|(27,27)/(86,86)|(39,39)/(74,74)|(47,47)/(66,66)|(5,5)/(108,108)|(43,43)/(70,70)|(46,46)/(67,67)|(15,15)/(98,98)|(17,17)/(96,96)|(24,24)/(89,89)|(52,52)/(61,61)|(23,23)/(90,90)|(16,16)/(97,97)|(37,37)/(76,76)|(51,51)/(62,62)|(38,38)/(75,75)|(9,9)/(104,104)|(29,29)/(84,84)|(33,33)/(80,80)|(20,20)/(93,93)|(26,26)/(87,87)|(54,54)/(59,59)|(2,2)/(111,111)|(42,42)/(71,71)|(55,55)/(58,58)|(18,18)/(95,95)|(30,30)/(83,83)|(14,14)/(99,99)|(3,3)/(110,110)|(32,32)/(81,81)|(40,40)/(73,73)|(34,34)/(79,79)|(4,4)/(109,109)|(41,41)/(72,72)|(36,36)/(77,77)|(49,49)/(64,64)",0.008849557489156723
subtraction_depth1_muon,1,muon,minimum_after_first_generalized,17000,checkpoints/subtraction_depth_1_muon_seed_0/step_017000.pt,0.8509671688079834,1.0,pair_global,addition_only,7,56,"(28,28)/(85,85)|(11,11)/(102,102)|(56,56)/(57,57)|(48,48)/(65,65)|(25,25)/(88,88)|(19,19)/(94,94)|(31,31)/(82,82)|(1,1)/(112,112)|(53,53)/(60,60)|(35,35)/(78,78)|(21,21)/(92,92)|(7,7)/(106,106)|(6,6)/(107,107)|(10,10)/(103,103)|(50,50)/(63,63)|(12,12)/(101,101)|(13,13)/(100,100)|(44,44)/(69,69)|(8,8)/(105,105)|(45,45)/(68,68)|(22,22)/(91,91)|(27,27)/(86,86)|(39,39)/(74,74)|(47,47)/(66,66)|(5,5)/(108,108)|(43,43)/(70,70)|(46,46)/(67,67)|(15,15)/(98,98)|(17,17)/(96,96)|(24,24)/(89,89)|(52,52)/(61,61)|(23,23)/(90,90)|(16,16)/(97,97)|(37,37)/(76,76)|(51,51)/(62,62)|(38,38)/(75,75)|(9,9)/(104,104)|(29,29)/(84,84)|(33,33)/(80,80)|(20,20)/(93,93)|(26,26)/(87,87)|(54,54)/(59,59)|(2,2)/(111,111)|(42,42)/(71,71)|(55,55)/(58,58)|(18,18)/(95,95)|(30,30)/(83,83)|(14,14)/(99,99)|(3,3)/(110,110)|(32,32)/(81,81)|(40,40)/(73,73)|(34,34)/(79,79)|(4,4)/(109,109)|(41,41)/(72,72)|(36,36)/(77,77)|(49,49)/(64,64)",0.008849557489156723
subtraction_depth1_muon,1,muon,minimum_after_first_generalized,17000,checkpoints/subtraction_depth_1_muon_seed_0/step_017000.pt,0.8509671688079834,1.0,pair_global,addition_only,8,56,"(28,28)/(85,85)|(11,11)/(102,102)|(56,56)/(57,57)|(48,48)/(65,65)|(25,25)/(88,88)|(19,19)/(94,94)|(31,31)/(82,82)|(1,1)/(112,112)|(53,53)/(60,60)|(35,35)/(78,78)|(21,21)/(92,92)|(7,7)/(106,106)|(6,6)/(107,107)|(10,10)/(103,103)|(50,50)/(63,63)|(12,12)/(101,101)|(13,13)/(100,100)|(44,44)/(69,69)|(8,8)/(105,105)|(45,45)/(68,68)|(22,22)/(91,91)|(27,27)/(86,86)|(39,39)/(74,74)|(47,47)/(66,66)|(5,5)/(108,108)|(43,43)/(70,70)|(46,46)/(67,67)|(15,15)/(98,98)|(17,17)/(96,96)|(24,24)/(89,89)|(52,52)/(61,61)|(23,23)/(90,90)|(16,16)/(97,97)|(37,37)/(76,76)|(51,51)/(62,62)|(38,38)/(75,75)|(9,9)/(104,104)|(29,29)/(84,84)|(33,33)/(80,80)|(20,20)/(93,93)|(26,26)/(87,87)|(54,54)/(59,59)|(2,2)/(111,111)|(42,42)/(71,71)|(55,55)/(58,58)|(18,18)/(95,95)|(30,30)/(83,83)|(14,14)/(99,99)|(3,3)/(110,110)|(32,32)/(81,81)|(40,40)/(73,73)|(34,34)/(79,79)|(4,4)/(109,109)|(41,41)/(72,72)|(36,36)/(77,77)|(49,49)/(64,64)",0.008849557489156723
subtraction_depth1_muon,1,muon,minimum_after_first_generalized,17000,checkpoints/subtraction_depth_1_muon_seed_0/step_017000.pt,0.8509671688079834,1.0,pair_global,addition_only,9,56,"(28,28)/(85,85)|(11,11)/(102,102)|(56,56)/(57,57)|(48,48)/(65,65)|(25,25)/(88,88)|(19,19)/(94,94)|(31,31)/(82,82)|(1,1)/(112,112)|(53,53)/(60,60)|(35,35)/(78,78)|(21,21)/(92,92)|(7,7)/(106,106)|(6,6)/(107,107)|(10,10)/(103,103)|(50,50)/(63,63)|(12,12)/(101,101)|(13,13)/(100,100)|(44,44)/(69,69)|(8,8)/(105,105)|(45,45)/(68,68)|(22,22)/(91,91)|(27,27)/(86,86)|(39,39)/(74,74)|(47,47)/(66,66)|(5,5)/(108,108)|(43,43)/(70,70)|(46,46)/(67,67)|(15,15)/(98,98)|(17,17)/(96,96)|(24,24)/(89,89)|(52,52)/(61,61)|(23,23)/(90,90)|(16,16)/(97,97)|(37,37)/(76,76)|(51,51)/(62,62)|(38,38)/(75,75)|(9,9)/(104,104)|(29,29)/(84,84)|(33,33)/(80,80)|(20,20)/(93,93)|(26,26)/(87,87)|(54,54)/(59,59)|(2,2)/(111,111)|(42,42)/(71,71)|(55,55)/(58,58)|(18,18)/(95,95)|(30,30)/(83,83)|(14,14)/(99,99)|(3,3)/(110,110)|(32,32)/(81,81)|(40,40)/(73,73)|(34,34)/(79,79)|(4,4)/(109,109)|(41,41)/(72,72)|(36,36)/(77,77)|(49,49)/(64,64)",0.008849557489156723
subtraction_depth1_muon,1,muon,minimum_after_first_generalized,17000,checkpoints/subtraction_depth_1_muon_seed_0/step_017000.pt,0.8509671688079834,1.0,pair_global,full_hidden,0,56,"(28,28)/(85,85)|(11,11)/(102,102)|(56,56)/(57,57)|(48,48)/(65,65)|(25,25)/(88,88)|(19,19)/(94,94)|(31,31)/(82,82)|(1,1)/(112,112)|(53,53)/(60,60)|(35,35)/(78,78)|(21,21)/(92,92)|(7,7)/(106,106)|(6,6)/(107,107)|(10,10)/(103,103)|(50,50)/(63,63)|(12,12)/(101,101)|(13,13)/(100,100)|(44,44)/(69,69)|(8,8)/(105,105)|(45,45)/(68,68)|(22,22)/(91,91)|(27,27)/(86,86)|(39,39)/(74,74)|(47,47)/(66,66)|(5,5)/(108,108)|(43,43)/(70,70)|(46,46)/(67,67)|(15,15)/(98,98)|(17,17)/(96,96)|(24,24)/(89,89)|(52,52)/(61,61)|(23,23)/(90,90)|(16,16)/(97,97)|(37,37)/(76,76)|(51,51)/(62,62)|(38,38)/(75,75)|(9,9)/(104,104)|(29,29)/(84,84)|(33,33)/(80,80)|(20,20)/(93,93)|(26,26)/(87,87)|(54,54)/(59,59)|(2,2)/(111,111)|(42,42)/(71,71)|(55,55)/(58,58)|(18,18)/(95,95)|(30,30)/(83,83)|(14,14)/(99,99)|(3,3)/(110,110)|(32,32)/(81,81)|(40,40)/(73,73)|(34,34)/(79,79)|(4,4)/(109,109)|(41,41)/(72,72)|(36,36)/(77,77)|(49,49)/(64,64)",0.8554311394691467
subtraction_depth1_muon,1,muon,minimum_after_first_generalized,17000,checkpoints/subtraction_depth_1_muon_seed_0/step_017000.pt,0.8509671688079834,1.0,pair_global,full_hidden,1,56,"(28,28)/(85,85)|(11,11)/(102,102)|(56,56)/(57,57)|(48,48)/(65,65)|(25,25)/(88,88)|(19,19)/(94,94)|(31,31)/(82,82)|(1,1)/(112,112)|(53,53)/(60,60)|(35,35)/(78,78)|(21,21)/(92,92)|(7,7)/(106,106)|(6,6)/(107,107)|(10,10)/(103,103)|(50,50)/(63,63)|(12,12)/(101,101)|(13,13)/(100,100)|(44,44)/(69,69)|(8,8)/(105,105)|(45,45)/(68,68)|(22,22)/(91,91)|(27,27)/(86,86)|(39,39)/(74,74)|(47,47)/(66,66)|(5,5)/(108,108)|(43,43)/(70,70)|(46,46)/(67,67)|(15,15)/(98,98)|(17,17)/(96,96)|(24,24)/(89,89)|(52,52)/(61,61)|(23,23)/(90,90)|(16,16)/(97,97)|(37,37)/(76,76)|(51,51)/(62,62)|(38,38)/(75,75)|(9,9)/(104,104)|(29,29)/(84,84)|(33,33)/(80,80)|(20,20)/(93,93)|(26,26)/(87,87)|(54,54)/(59,59)|(2,2)/(111,111)|(42,42)/(71,71)|(55,55)/(58,58)|(18,18)/(95,95)|(30,30)/(83,83)|(14,14)/(99,99)|(3,3)/(110,110)|(32,32)/(81,81)|(40,40)/(73,73)|(34,34)/(79,79)|(4,4)/(109,109)|(41,41)/(72,72)|(36,36)/(77,77)|(49,49)/(64,64)",0.8528467416763306
subtraction_depth1_muon,1,muon,minimum_after_first_generalized,17000,checkpoints/subtraction_depth_1_muon_seed_0/step_017000.pt,0.8509671688079834,1.0,pair_global,full_hidden,2,56,"(28,28)/(85,85)|(11,11)/(102,102)|(56,56)/(57,57)|(48,48)/(65,65)|(25,25)/(88,88)|(19,19)/(94,94)|(31,31)/(82,82)|(1,1)/(112,112)|(53,53)/(60,60)|(35,35)/(78,78)|(21,21)/(92,92)|(7,7)/(106,106)|(6,6)/(107,107)|(10,10)/(103,103)|(50,50)/(63,63)|(12,12)/(101,101)|(13,13)/(100,100)|(44,44)/(69,69)|(8,8)/(105,105)|(45,45)/(68,68)|(22,22)/(91,91)|(27,27)/(86,86)|(39,39)/(74,74)|(47,47)/(66,66)|(5,5)/(108,108)|(43,43)/(70,70)|(46,46)/(67,67)|(15,15)/(98,98)|(17,17)/(96,96)|(24,24)/(89,89)|(52,52)/(61,61)|(23,23)/(90,90)|(16,16)/(97,97)|(37,37)/(76,76)|(51,51)/(62,62)|(38,38)/(75,75)|(9,9)/(104,104)|(29,29)/(84,84)|(33,33)/(80,80)|(20,20)/(93,93)|(26,26)/(87,87)|(54,54)/(59,59)|(2,2)/(111,111)|(42,42)/(71,71)|(55,55)/(58,58)|(18,18)/(95,95)|(30,30)/(83,83)|(14,14)/(99,99)|(3,3)/(110,110)|(32,32)/(81,81)|(40,40)/(73,73)|(34,34)/(79,79)|(4,4)/(109,109)|(41,41)/(72,72)|(36,36)/(77,77)|(49,49)/(64,64)",0.8514370918273926
subtraction_depth1_muon,1,muon,minimum_after_first_generalized,17000,checkpoints/subtraction_depth_1_muon_seed_0/step_017000.pt,0.8509671688079834,1.0,pair_global,full_hidden,3,56,"(28,28)/(85,85)|(11,11)/(102,102)|(56,56)/(57,57)|(48,48)/(65,65)|(25,25)/(88,88)|(19,19)/(94,94)|(31,31)/(82,82)|(1,1)/(112,112)|(53,53)/(60,60)|(35,35)/(78,78)|(21,21)/(92,92)|(7,7)/(106,106)|(6,6)/(107,107)|(10,10)/(103,103)|(50,50)/(63,63)|(12,12)/(101,101)|(13,13)/(100,100)|(44,44)/(69,69)|(8,8)/(105,105)|(45,45)/(68,68)|(22,22)/(91,91)|(27,27)/(86,86)|(39,39)/(74,74)|(47,47)/(66,66)|(5,5)/(108,108)|(43,43)/(70,70)|(46,46)/(67,67)|(15,15)/(98,98)|(17,17)/(96,96)|(24,24)/(89,89)|(52,52)/(61,61)|(23,23)/(90,90)|(16,16)/(97,97)|(37,37)/(76,76)|(51,51)/(62,62)|(38,38)/(75,75)|(9,9)/(104,104)|(29,29)/(84,84)|(33,33)/(80,80)|(20,20)/(93,93)|(26,26)/(87,87)|(54,54)/(59,59)|(2,2)/(111,111)|(42,42)/(71,71)|(55,55)/(58,58)|(18,18)/(95,95)|(30,30)/(83,83)|(14,14)/(99,99)|(3,3)/(110,110)|(32,32)/(81,81)|(40,40)/(73,73)|(34,34)/(79,79)|(4,4)/(109,109)|(41,41)/(72,72)|(36,36)/(77,77)|(49,49)/(64,64)",0.8537082076072693
subtraction_depth1_muon,1,muon,minimum_after_first_generalized,17000,checkpoints/subtraction_depth_1_muon_seed_0/step_017000.pt,0.8509671688079834,1.0,pair_global,full_hidden,4,56,"(28,28)/(85,85)|(11,11)/(102,102)|(56,56)/(57,57)|(48,48)/(65,65)|(25,25)/(88,88)|(19,19)/(94,94)|(31,31)/(82,82)|(1,1)/(112,112)|(53,53)/(60,60)|(35,35)/(78,78)|(21,21)/(92,92)|(7,7)/(106,106)|(6,6)/(107,107)|(10,10)/(103,103)|(50,50)/(63,63)|(12,12)/(101,101)|(13,13)/(100,100)|(44,44)/(69,69)|(8,8)/(105,105)|(45,45)/(68,68)|(22,22)/(91,91)|(27,27)/(86,86)|(39,39)/(74,74)|(47,47)/(66,66)|(5,5)/(108,108)|(43,43)/(70,70)|(46,46)/(67,67)|(15,15)/(98,98)|(17,17)/(96,96)|(24,24)/(89,89)|(52,52)/(61,61)|(23,23)/(90,90)|(16,16)/(97,97)|(37,37)/(76,76)|(51,51)/(62,62)|(38,38)/(75,75)|(9,9)/(104,104)|(29,29)/(84,84)|(33,33)/(80,80)|(20,20)/(93,93)|(26,26)/(87,87)|(54,54)/(59,59)|(2,2)/(111,111)|(42,42)/(71,71)|(55,55)/(58,58)|(18,18)/(95,95)|(30,30)/(83,83)|(14,14)/(99,99)|(3,3)/(110,110)|(32,32)/(81,81)|(40,40)/(73,73)|(34,34)/(79,79)|(4,4)/(109,109)|(41,41)/(72,72)|(36,36)/(77,77)|(49,49)/(64,64)",0.8510454893112183
subtraction_depth1_muon,1,muon,minimum_after_first_generalized,17000,checkpoints/subtraction_depth_1_muon_seed_0/step_017000.pt,0.8509671688079834,1.0,pair_global,full_hidden,5,56,"(28,28)/(85,85)|(11,11)/(102,102)|(56,56)/(57,57)|(48,48)/(65,65)|(25,25)/(88,88)|(19,19)/(94,94)|(31,31)/(82,82)|(1,1)/(112,112)|(53,53)/(60,60)|(35,35)/(78,78)|(21,21)/(92,92)|(7,7)/(106,106)|(6,6)/(107,107)|(10,10)/(103,103)|(50,50)/(63,63)|(12,12)/(101,101)|(13,13)/(100,100)|(44,44)/(69,69)|(8,8)/(105,105)|(45,45)/(68,68)|(22,22)/(91,91)|(27,27)/(86,86)|(39,39)/(74,74)|(47,47)/(66,66)|(5,5)/(108,108)|(43,43)/(70,70)|(46,46)/(67,67)|(15,15)/(98,98)|(17,17)/(96,96)|(24,24)/(89,89)|(52,52)/(61,61)|(23,23)/(90,90)|(16,16)/(97,97)|(37,37)/(76,76)|(51,51)/(62,62)|(38,38)/(75,75)|(9,9)/(104,104)|(29,29)/(84,84)|(33,33)/(80,80)|(20,20)/(93,93)|(26,26)/(87,87)|(54,54)/(59,59)|(2,2)/(111,111)|(42,42)/(71,71)|(55,55)/(58,58)|(18,18)/(95,95)|(30,30)/(83,83)|(14,14)/(99,99)|(3,3)/(110,110)|(32,32)/(81,81)|(40,40)/(73,73)|(34,34)/(79,79)|(4,4)/(109,109)|(41,41)/(72,72)|(36,36)/(77,77)|(49,49)/(64,64)",0.8499491214752197
subtraction_depth1_muon,1,muon,minimum_after_first_generalized,17000,checkpoints/subtraction_depth_1_muon_seed_0/step_017000.pt,0.8509671688079834,1.0,pair_global,full_hidden,6,56,"(28,28)/(85,85)|(11,11)/(102,102)|(56,56)/(57,57)|(48,48)/(65,65)|(25,25)/(88,88)|(19,19)/(94,94)|(31,31)/(82,82)|(1,1)/(112,112)|(53,53)/(60,60)|(35,35)/(78,78)|(21,21)/(92,92)|(7,7)/(106,106)|(6,6)/(107,107)|(10,10)/(103,103)|(50,50)/(63,63)|(12,12)/(101,101)|(13,13)/(100,100)|(44,44)/(69,69)|(8,8)/(105,105)|(45,45)/(68,68)|(22,22)/(91,91)|(27,27)/(86,86)|(39,39)/(74,74)|(47,47)/(66,66)|(5,5)/(108,108)|(43,43)/(70,70)|(46,46)/(67,67)|(15,15)/(98,98)|(17,17)/(96,96)|(24,24)/(89,89)|(52,52)/(61,61)|(23,23)/(90,90)|(16,16)/(97,97)|(37,37)/(76,76)|(51,51)/(62,62)|(38,38)/(75,75)|(9,9)/(104,104)|(29,29)/(84,84)|(33,33)/(80,80)|(20,20)/(93,93)|(26,26)/(87,87)|(54,54)/(59,59)|(2,2)/(111,111)|(42,42)/(71,71)|(55,55)/(58,58)|(18,18)/(95,95)|(30,30)/(83,83)|(14,14)/(99,99)|(3,3)/(110,110)|(32,32)/(81,81)|(40,40)/(73,73)|(34,34)/(79,79)|(4,4)/(109,109)|(41,41)/(72,72)|(36,36)/(77,77)|(49,49)/(64,64)",0.8522202372550964
subtraction_depth1_muon,1,muon,minimum_after_first_generalized,17000,checkpoints/subtraction_depth_1_muon_seed_0/step_017000.pt,0.8509671688079834,1.0,pair_global,full_hidden,7,56,"(28,28)/(85,85)|(11,11)/(102,102)|(56,56)/(57,57)|(48,48)/(65,65)|(25,25)/(88,88)|(19,19)/(94,94)|(31,31)/(82,82)|(1,1)/(112,112)|(53,53)/(60,60)|(35,35)/(78,78)|(21,21)/(92,92)|(7,7)/(106,106)|(6,6)/(107,107)|(10,10)/(103,103)|(50,50)/(63,63)|(12,12)/(101,101)|(13,13)/(100,100)|(44,44)/(69,69)|(8,8)/(105,105)|(45,45)/(68,68)|(22,22)/(91,91)|(27,27)/(86,86)|(39,39)/(74,74)|(47,47)/(66,66)|(5,5)/(108,108)|(43,43)/(70,70)|(46,46)/(67,67)|(15,15)/(98,98)|(17,17)/(96,96)|(24,24)/(89,89)|(52,52)/(61,61)|(23,23)/(90,90)|(16,16)/(97,97)|(37,37)/(76,76)|(51,51)/(62,62)|(38,38)/(75,75)|(9,9)/(104,104)|(29,29)/(84,84)|(33,33)/(80,80)|(20,20)/(93,93)|(26,26)/(87,87)|(54,54)/(59,59)|(2,2)/(111,111)|(42,42)/(71,71)|(55,55)/(58,58)|(18,18)/(95,95)|(30,30)/(83,83)|(14,14)/(99,99)|(3,3)/(110,110)|(32,32)/(81,81)|(40,40)/(73,73)|(34,34)/(79,79)|(4,4)/(109,109)|(41,41)/(72,72)|(36,36)/(77,77)|(49,49)/(64,64)",0.8526901006698608
subtraction_depth1_muon,1,muon,minimum_after_first_generalized,17000,checkpoints/subtraction_depth_1_muon_seed_0/step_017000.pt,0.8509671688079834,1.0,pair_global,full_hidden,8,56,"(28,28)/(85,85)|(11,11)/(102,102)|(56,56)/(57,57)|(48,48)/(65,65)|(25,25)/(88,88)|(19,19)/(94,94)|(31,31)/(82,82)|(1,1)/(112,112)|(53,53)/(60,60)|(35,35)/(78,78)|(21,21)/(92,92)|(7,7)/(106,106)|(6,6)/(107,107)|(10,10)/(103,103)|(50,50)/(63,63)|(12,12)/(101,101)|(13,13)/(100,100)|(44,44)/(69,69)|(8,8)/(105,105)|(45,45)/(68,68)|(22,22)/(91,91)|(27,27)/(86,86)|(39,39)/(74,74)|(47,47)/(66,66)|(5,5)/(108,108)|(43,43)/(70,70)|(46,46)/(67,67)|(15,15)/(98,98)|(17,17)/(96,96)|(24,24)/(89,89)|(52,52)/(61,61)|(23,23)/(90,90)|(16,16)/(97,97)|(37,37)/(76,76)|(51,51)/(62,62)|(38,38)/(75,75)|(9,9)/(104,104)|(29,29)/(84,84)|(33,33)/(80,80)|(20,20)/(93,93)|(26,26)/(87,87)|(54,54)/(59,59)|(2,2)/(111,111)|(42,42)/(71,71)|(55,55)/(58,58)|(18,18)/(95,95)|(30,30)/(83,83)|(14,14)/(99,99)|(3,3)/(110,110)|(32,32)/(81,81)|(40,40)/(73,73)|(34,34)/(79,79)|(4,4)/(109,109)|(41,41)/(72,72)|(36,36)/(77,77)|(49,49)/(64,64)",0.851906955242157
subtraction_depth1_muon,1,muon,minimum_after_first_generalized,17000,checkpoints/subtraction_depth_1_muon_seed_0/step_017000.pt,0.8509671688079834,1.0,pair_global,full_hidden,9,56,"(28,28)/(85,85)|(11,11)/(102,102)|(56,56)/(57,57)|(48,48)/(65,65)|(25,25)/(88,88)|(19,19)/(94,94)|(31,31)/(82,82)|(1,1)/(112,112)|(53,53)/(60,60)|(35,35)/(78,78)|(21,21)/(92,92)|(7,7)/(106,106)|(6,6)/(107,107)|(10,10)/(103,103)|(50,50)/(63,63)|(12,12)/(101,101)|(13,13)/(100,100)|(44,44)/(69,69)|(8,8)/(105,105)|(45,45)/(68,68)|(22,22)/(91,91)|(27,27)/(86,86)|(39,39)/(74,74)|(47,47)/(66,66)|(5,5)/(108,108)|(43,43)/(70,70)|(46,46)/(67,67)|(15,15)/(98,98)|(17,17)/(96,96)|(24,24)/(89,89)|(52,52)/(61,61)|(23,23)/(90,90)|(16,16)/(97,97)|(37,37)/(76,76)|(51,51)/(62,62)|(38,38)/(75,75)|(9,9)/(104,104)|(29,29)/(84,84)|(33,33)/(80,80)|(20,20)/(93,93)|(26,26)/(87,87)|(54,54)/(59,59)|(2,2)/(111,111)|(42,42)/(71,71)|(55,55)/(58,58)|(18,18)/(95,95)|(30,30)/(83,83)|(14,14)/(99,99)|(3,3)/(110,110)|(32,32)/(81,81)|(40,40)/(73,73)|(34,34)/(79,79)|(4,4)/(109,109)|(41,41)/(72,72)|(36,36)/(77,77)|(49,49)/(64,64)",0.8518286347389221
subtraction_depth1_muon,1,muon,minimum_after_first_generalized,17000,checkpoints/subtraction_depth_1_muon_seed_0/step_017000.pt,0.8509671688079834,1.0,channelwise,addition_only,0,56,"(28,28)/(85,85)|(11,11)/(102,102)|(56,56)/(57,57)|(48,48)/(65,65)|(25,25)/(88,88)|(19,19)/(94,94)|(31,31)/(82,82)|(1,1)/(112,112)|(53,53)/(60,60)|(35,35)/(78,78)|(21,21)/(92,92)|(7,7)/(106,106)|(6,6)/(107,107)|(10,10)/(103,103)|(50,50)/(63,63)|(12,12)/(101,101)|(13,13)/(100,100)|(44,44)/(69,69)|(8,8)/(105,105)|(45,45)/(68,68)|(22,22)/(91,91)|(27,27)/(86,86)|(39,39)/(74,74)|(47,47)/(66,66)|(5,5)/(108,108)|(43,43)/(70,70)|(46,46)/(67,67)|(15,15)/(98,98)|(17,17)/(96,96)|(24,24)/(89,89)|(52,52)/(61,61)|(23,23)/(90,90)|(16,16)/(97,97)|(37,37)/(76,76)|(51,51)/(62,62)|(38,38)/(75,75)|(9,9)/(104,104)|(29,29)/(84,84)|(33,33)/(80,80)|(20,20)/(93,93)|(26,26)/(87,87)|(54,54)/(59,59)|(2,2)/(111,111)|(42,42)/(71,71)|(55,55)/(58,58)|(18,18)/(95,95)|(30,30)/(83,83)|(14,14)/(99,99)|(3,3)/(110,110)|(32,32)/(81,81)|(40,40)/(73,73)|(34,34)/(79,79)|(4,4)/(109,109)|(41,41)/(72,72)|(36,36)/(77,77)|(49,49)/(64,64)",0.008849557489156723
subtraction_depth1_muon,1,muon,minimum_after_first_generalized,17000,checkpoints/subtraction_depth_1_muon_seed_0/step_017000.pt,0.8509671688079834,1.0,channelwise,addition_only,1,56,"(28,28)/(85,85)|(11,11)/(102,102)|(56,56)/(57,57)|(48,48)/(65,65)|(25,25)/(88,88)|(19,19)/(94,94)|(31,31)/(82,82)|(1,1)/(112,112)|(53,53)/(60,60)|(35,35)/(78,78)|(21,21)/(92,92)|(7,7)/(106,106)|(6,6)/(107,107)|(10,10)/(103,103)|(50,50)/(63,63)|(12,12)/(101,101)|(13,13)/(100,100)|(44,44)/(69,69)|(8,8)/(105,105)|(45,45)/(68,68)|(22,22)/(91,91)|(27,27)/(86,86)|(39,39)/(74,74)|(47,47)/(66,66)|(5,5)/(108,108)|(43,43)/(70,70)|(46,46)/(67,67)|(15,15)/(98,98)|(17,17)/(96,96)|(24,24)/(89,89)|(52,52)/(61,61)|(23,23)/(90,90)|(16,16)/(97,97)|(37,37)/(76,76)|(51,51)/(62,62)|(38,38)/(75,75)|(9,9)/(104,104)|(29,29)/(84,84)|(33,33)/(80,80)|(20,20)/(93,93)|(26,26)/(87,87)|(54,54)/(59,59)|(2,2)/(111,111)|(42,42)/(71,71)|(55,55)/(58,58)|(18,18)/(95,95)|(30,30)/(83,83)|(14,14)/(99,99)|(3,3)/(110,110)|(32,32)/(81,81)|(40,40)/(73,73)|(34,34)/(79,79)|(4,4)/(109,109)|(41,41)/(72,72)|(36,36)/(77,77)|(49,49)/(64,64)",0.008849557489156723
subtraction_depth1_muon,1,muon,minimum_after_first_generalized,17000,checkpoints/subtraction_depth_1_muon_seed_0/step_017000.pt,0.8509671688079834,1.0,channelwise,addition_only,2,56,"(28,28)/(85,85)|(11,11)/(102,102)|(56,56)/(57,57)|(48,48)/(65,65)|(25,25)/(88,88)|(19,19)/(94,94)|(31,31)/(82,82)|(1,1)/(112,112)|(53,53)/(60,60)|(35,35)/(78,78)|(21,21)/(92,92)|(7,7)/(106,106)|(6,6)/(107,107)|(10,10)/(103,103)|(50,50)/(63,63)|(12,12)/(101,101)|(13,13)/(100,100)|(44,44)/(69,69)|(8,8)/(105,105)|(45,45)/(68,68)|(22,22)/(91,91)|(27,27)/(86,86)|(39,39)/(74,74)|(47,47)/(66,66)|(5,5)/(108,108)|(43,43)/(70,70)|(46,46)/(67,67)|(15,15)/(98,98)|(17,17)/(96,96)|(24,24)/(89,89)|(52,52)/(61,61)|(23,23)/(90,90)|(16,16)/(97,97)|(37,37)/(76,76)|(51,51)/(62,62)|(38,38)/(75,75)|(9,9)/(104,104)|(29,29)/(84,84)|(33,33)/(80,80)|(20,20)/(93,93)|(26,26)/(87,87)|(54,54)/(59,59)|(2,2)/(111,111)|(42,42)/(71,71)|(55,55)/(58,58)|(18,18)/(95,95)|(30,30)/(83,83)|(14,14)/(99,99)|(3,3)/(110,110)|(32,32)/(81,81)|(40,40)/(73,73)|(34,34)/(79,79)|(4,4)/(109,109)|(41,41)/(72,72)|(36,36)/(77,77)|(49,49)/(64,64)",0.008849557489156723
subtraction_depth1_muon,1,muon,minimum_after_first_generalized,17000,checkpoints/subtraction_depth_1_muon_seed_0/step_017000.pt,0.8509671688079834,1.0,channelwise,addition_only,3,56,"(28,28)/(85,85)|(11,11)/(102,102)|(56,56)/(57,57)|(48,48)/(65,65)|(25,25)/(88,88)|(19,19)/(94,94)|(31,31)/(82,82)|(1,1)/(112,112)|(53,53)/(60,60)|(35,35)/(78,78)|(21,21)/(92,92)|(7,7)/(106,106)|(6,6)/(107,107)|(10,10)/(103,103)|(50,50)/(63,63)|(12,12)/(101,101)|(13,13)/(100,100)|(44,44)/(69,69)|(8,8)/(105,105)|(45,45)/(68,68)|(22,22)/(91,91)|(27,27)/(86,86)|(39,39)/(74,74)|(47,47)/(66,66)|(5,5)/(108,108)|(43,43)/(70,70)|(46,46)/(67,67)|(15,15)/(98,98)|(17,17)/(96,96)|(24,24)/(89,89)|(52,52)/(61,61)|(23,23)/(90,90)|(16,16)/(97,97)|(37,37)/(76,76)|(51,51)/(62,62)|(38,38)/(75,75)|(9,9)/(104,104)|(29,29)/(84,84)|(33,33)/(80,80)|(20,20)/(93,93)|(26,26)/(87,87)|(54,54)/(59,59)|(2,2)/(111,111)|(42,42)/(71,71)|(55,55)/(58,58)|(18,18)/(95,95)|(30,30)/(83,83)|(14,14)/(99,99)|(3,3)/(110,110)|(32,32)/(81,81)|(40,40)/(73,73)|(34,34)/(79,79)|(4,4)/(109,109)|(41,41)/(72,72)|(36,36)/(77,77)|(49,49)/(64,64)",0.008849557489156723
subtraction_depth1_muon,1,muon,minimum_after_first_generalized,17000,checkpoints/subtraction_depth_1_muon_seed_0/step_017000.pt,0.8509671688079834,1.0,channelwise,addition_only,4,56,"(28,28)/(85,85)|(11,11)/(102,102)|(56,56)/(57,57)|(48,48)/(65,65)|(25,25)/(88,88)|(19,19)/(94,94)|(31,31)/(82,82)|(1,1)/(112,112)|(53,53)/(60,60)|(35,35)/(78,78)|(21,21)/(92,92)|(7,7)/(106,106)|(6,6)/(107,107)|(10,10)/(103,103)|(50,50)/(63,63)|(12,12)/(101,101)|(13,13)/(100,100)|(44,44)/(69,69)|(8,8)/(105,105)|(45,45)/(68,68)|(22,22)/(91,91)|(27,27)/(86,86)|(39,39)/(74,74)|(47,47)/(66,66)|(5,5)/(108,108)|(43,43)/(70,70)|(46,46)/(67,67)|(15,15)/(98,98)|(17,17)/(96,96)|(24,24)/(89,89)|(52,52)/(61,61)|(23,23)/(90,90)|(16,16)/(97,97)|(37,37)/(76,76)|(51,51)/(62,62)|(38,38)/(75,75)|(9,9)/(104,104)|(29,29)/(84,84)|(33,33)/(80,80)|(20,20)/(93,93)|(26,26)/(87,87)|(54,54)/(59,59)|(2,2)/(111,111)|(42,42)/(71,71)|(55,55)/(58,58)|(18,18)/(95,95)|(30,30)/(83,83)|(14,14)/(99,99)|(3,3)/(110,110)|(32,32)/(81,81)|(40,40)/(73,73)|(34,34)/(79,79)|(4,4)/(109,109)|(41,41)/(72,72)|(36,36)/(77,77)|(49,49)/(64,64)",0.008849557489156723
subtraction_depth1_muon,1,muon,minimum_after_first_generalized,17000,checkpoints/subtraction_depth_1_muon_seed_0/step_017000.pt,0.8509671688079834,1.0,channelwise,addition_only,5,56,"(28,28)/(85,85)|(11,11)/(102,102)|(56,56)/(57,57)|(48,48)/(65,65)|(25,25)/(88,88)|(19,19)/(94,94)|(31,31)/(82,82)|(1,1)/(112,112)|(53,53)/(60,60)|(35,35)/(78,78)|(21,21)/(92,92)|(7,7)/(106,106)|(6,6)/(107,107)|(10,10)/(103,103)|(50,50)/(63,63)|(12,12)/(101,101)|(13,13)/(100,100)|(44,44)/(69,69)|(8,8)/(105,105)|(45,45)/(68,68)|(22,22)/(91,91)|(27,27)/(86,86)|(39,39)/(74,74)|(47,47)/(66,66)|(5,5)/(108,108)|(43,43)/(70,70)|(46,46)/(67,67)|(15,15)/(98,98)|(17,17)/(96,96)|(24,24)/(89,89)|(52,52)/(61,61)|(23,23)/(90,90)|(16,16)/(97,97)|(37,37)/(76,76)|(51,51)/(62,62)|(38,38)/(75,75)|(9,9)/(104,104)|(29,29)/(84,84)|(33,33)/(80,80)|(20,20)/(93,93)|(26,26)/(87,87)|(54,54)/(59,59)|(2,2)/(111,111)|(42,42)/(71,71)|(55,55)/(58,58)|(18,18)/(95,95)|(30,30)/(83,83)|(14,14)/(99,99)|(3,3)/(110,110)|(32,32)/(81,81)|(40,40)/(73,73)|(34,34)/(79,79)|(4,4)/(109,109)|(41,41)/(72,72)|(36,36)/(77,77)|(49,49)/(64,64)",0.008849557489156723
subtraction_depth1_muon,1,muon,minimum_after_first_generalized,17000,checkpoints/subtraction_depth_1_muon_seed_0/step_017000.pt,0.8509671688079834,1.0,channelwise,addition_only,6,56,"(28,28)/(85,85)|(11,11)/(102,102)|(56,56)/(57,57)|(48,48)/(65,65)|(25,25)/(88,88)|(19,19)/(94,94)|(31,31)/(82,82)|(1,1)/(112,112)|(53,53)/(60,60)|(35,35)/(78,78)|(21,21)/(92,92)|(7,7)/(106,106)|(6,6)/(107,107)|(10,10)/(103,103)|(50,50)/(63,63)|(12,12)/(101,101)|(13,13)/(100,100)|(44,44)/(69,69)|(8,8)/(105,105)|(45,45)/(68,68)|(22,22)/(91,91)|(27,27)/(86,86)|(39,39)/(74,74)|(47,47)/(66,66)|(5,5)/(108,108)|(43,43)/(70,70)|(46,46)/(67,67)|(15,15)/(98,98)|(17,17)/(96,96)|(24,24)/(89,89)|(52,52)/(61,61)|(23,23)/(90,90)|(16,16)/(97,97)|(37,37)/(76,76)|(51,51)/(62,62)|(38,38)/(75,75)|(9,9)/(104,104)|(29,29)/(84,84)|(33,33)/(80,80)|(20,20)/(93,93)|(26,26)/(87,87)|(54,54)/(59,59)|(2,2)/(111,111)|(42,42)/(71,71)|(55,55)/(58,58)|(18,18)/(95,95)|(30,30)/(83,83)|(14,14)/(99,99)|(3,3)/(110,110)|(32,32)/(81,81)|(40,40)/(73,73)|(34,34)/(79,79)|(4,4)/(109,109)|(41,41)/(72,72)|(36,36)/(77,77)|(49,49)/(64,64)",0.008849557489156723
subtraction_depth1_muon,1,muon,minimum_after_first_generalized,17000,checkpoints/subtraction_depth_1_muon_seed_0/step_017000.pt,0.8509671688079834,1.0,channelwise,addition_only,7,56,"(28,28)/(85,85)|(11,11)/(102,102)|(56,56)/(57,57)|(48,48)/(65,65)|(25,25)/(88,88)|(19,19)/(94,94)|(31,31)/(82,82)|(1,1)/(112,112)|(53,53)/(60,60)|(35,35)/(78,78)|(21,21)/(92,92)|(7,7)/(106,106)|(6,6)/(107,107)|(10,10)/(103,103)|(50,50)/(63,63)|(12,12)/(101,101)|(13,13)/(100,100)|(44,44)/(69,69)|(8,8)/(105,105)|(45,45)/(68,68)|(22,22)/(91,91)|(27,27)/(86,86)|(39,39)/(74,74)|(47,47)/(66,66)|(5,5)/(108,108)|(43,43)/(70,70)|(46,46)/(67,67)|(15,15)/(98,98)|(17,17)/(96,96)|(24,24)/(89,89)|(52,52)/(61,61)|(23,23)/(90,90)|(16,16)/(97,97)|(37,37)/(76,76)|(51,51)/(62,62)|(38,38)/(75,75)|(9,9)/(104,104)|(29,29)/(84,84)|(33,33)/(80,80)|(20,20)/(93,93)|(26,26)/(87,87)|(54,54)/(59,59)|(2,2)/(111,111)|(42,42)/(71,71)|(55,55)/(58,58)|(18,18)/(95,95)|(30,30)/(83,83)|(14,14)/(99,99)|(3,3)/(110,110)|(32,32)/(81,81)|(40,40)/(73,73)|(34,34)/(79,79)|(4,4)/(109,109)|(41,41)/(72,72)|(36,36)/(77,77)|(49,49)/(64,64)",0.008849557489156723
subtraction_depth1_muon,1,muon,minimum_after_first_generalized,17000,checkpoints/subtraction_depth_1_muon_seed_0/step_017000.pt,0.8509671688079834,1.0,channelwise,addition_only,8,56,"(28,28)/(85,85)|(11,11)/(102,102)|(56,56)/(57,57)|(48,48)/(65,65)|(25,25)/(88,88)|(19,19)/(94,94)|(31,31)/(82,82)|(1,1)/(112,112)|(53,53)/(60,60)|(35,35)/(78,78)|(21,21)/(92,92)|(7,7)/(106,106)|(6,6)/(107,107)|(10,10)/(103,103)|(50,50)/(63,63)|(12,12)/(101,101)|(13,13)/(100,100)|(44,44)/(69,69)|(8,8)/(105,105)|(45,45)/(68,68)|(22,22)/(91,91)|(27,27)/(86,86)|(39,39)/(74,74)|(47,47)/(66,66)|(5,5)/(108,108)|(43,43)/(70,70)|(46,46)/(67,67)|(15,15)/(98,98)|(17,17)/(96,96)|(24,24)/(89,89)|(52,52)/(61,61)|(23,23)/(90,90)|(16,16)/(97,97)|(37,37)/(76,76)|(51,51)/(62,62)|(38,38)/(75,75)|(9,9)/(104,104)|(29,29)/(84,84)|(33,33)/(80,80)|(20,20)/(93,93)|(26,26)/(87,87)|(54,54)/(59,59)|(2,2)/(111,111)|(42,42)/(71,71)|(55,55)/(58,58)|(18,18)/(95,95)|(30,30)/(83,83)|(14,14)/(99,99)|(3,3)/(110,110)|(32,32)/(81,81)|(40,40)/(73,73)|(34,34)/(79,79)|(4,4)/(109,109)|(41,41)/(72,72)|(36,36)/(77,77)|(49,49)/(64,64)",0.008849557489156723
subtraction_depth1_muon,1,muon,minimum_after_first_generalized,17000,checkpoints/subtraction_depth_1_muon_seed_0/step_017000.pt,0.8509671688079834,1.0,channelwise,addition_only,9,56,"(28,28)/(85,85)|(11,11)/(102,102)|(56,56)/(57,57)|(48,48)/(65,65)|(25,25)/(88,88)|(19,19)/(94,94)|(31,31)/(82,82)|(1,1)/(112,112)|(53,53)/(60,60)|(35,35)/(78,78)|(21,21)/(92,92)|(7,7)/(106,106)|(6,6)/(107,107)|(10,10)/(103,103)|(50,50)/(63,63)|(12,12)/(101,101)|(13,13)/(100,100)|(44,44)/(69,69)|(8,8)/(105,105)|(45,45)/(68,68)|(22,22)/(91,91)|(27,27)/(86,86)|(39,39)/(74,74)|(47,47)/(66,66)|(5,5)/(108,108)|(43,43)/(70,70)|(46,46)/(67,67)|(15,15)/(98,98)|(17,17)/(96,96)|(24,24)/(89,89)|(52,52)/(61,61)|(23,23)/(90,90)|(16,16)/(97,97)|(37,37)/(76,76)|(51,51)/(62,62)|(38,38)/(75,75)|(9,9)/(104,104)|(29,29)/(84,84)|(33,33)/(80,80)|(20,20)/(93,93)|(26,26)/(87,87)|(54,54)/(59,59)|(2,2)/(111,111)|(42,42)/(71,71)|(55,55)/(58,58)|(18,18)/(95,95)|(30,30)/(83,83)|(14,14)/(99,99)|(3,3)/(110,110)|(32,32)/(81,81)|(40,40)/(73,73)|(34,34)/(79,79)|(4,4)/(109,109)|(41,41)/(72,72)|(36,36)/(77,77)|(49,49)/(64,64)",0.008849557489156723
subtraction_depth1_muon,1,muon,minimum_after_first_generalized,17000,checkpoints/subtraction_depth_1_muon_seed_0/step_017000.pt,0.8509671688079834,1.0,channelwise,full_hidden,0,56,"(28,28)/(85,85)|(11,11)/(102,102)|(56,56)/(57,57)|(48,48)/(65,65)|(25,25)/(88,88)|(19,19)/(94,94)|(31,31)/(82,82)|(1,1)/(112,112)|(53,53)/(60,60)|(35,35)/(78,78)|(21,21)/(92,92)|(7,7)/(106,106)|(6,6)/(107,107)|(10,10)/(103,103)|(50,50)/(63,63)|(12,12)/(101,101)|(13,13)/(100,100)|(44,44)/(69,69)|(8,8)/(105,105)|(45,45)/(68,68)|(22,22)/(91,91)|(27,27)/(86,86)|(39,39)/(74,74)|(47,47)/(66,66)|(5,5)/(108,108)|(43,43)/(70,70)|(46,46)/(67,67)|(15,15)/(98,98)|(17,17)/(96,96)|(24,24)/(89,89)|(52,52)/(61,61)|(23,23)/(90,90)|(16,16)/(97,97)|(37,37)/(76,76)|(51,51)/(62,62)|(38,38)/(75,75)|(9,9)/(104,104)|(29,29)/(84,84)|(33,33)/(80,80)|(20,20)/(93,93)|(26,26)/(87,87)|(54,54)/(59,59)|(2,2)/(111,111)|(42,42)/(71,71)|(55,55)/(58,58)|(18,18)/(95,95)|(30,30)/(83,83)|(14,14)/(99,99)|(3,3)/(110,110)|(32,32)/(81,81)|(40,40)/(73,73)|(34,34)/(79,79)|(4,4)/(109,109)|(41,41)/(72,72)|(36,36)/(77,77)|(49,49)/(64,64)",0.8414127826690674
subtraction_depth1_muon,1,muon,minimum_after_first_generalized,17000,checkpoints/subtraction_depth_1_muon_seed_0/step_017000.pt,0.8509671688079834,1.0,channelwise,full_hidden,1,56,"(28,28)/(85,85)|(11,11)/(102,102)|(56,56)/(57,57)|(48,48)/(65,65)|(25,25)/(88,88)|(19,19)/(94,94)|(31,31)/(82,82)|(1,1)/(112,112)|(53,53)/(60,60)|(35,35)/(78,78)|(21,21)/(92,92)|(7,7)/(106,106)|(6,6)/(107,107)|(10,10)/(103,103)|(50,50)/(63,63)|(12,12)/(101,101)|(13,13)/(100,100)|(44,44)/(69,69)|(8,8)/(105,105)|(45,45)/(68,68)|(22,22)/(91,91)|(27,27)/(86,86)|(39,39)/(74,74)|(47,47)/(66,66)|(5,5)/(108,108)|(43,43)/(70,70)|(46,46)/(67,67)|(15,15)/(98,98)|(17,17)/(96,96)|(24,24)/(89,89)|(52,52)/(61,61)|(23,23)/(90,90)|(16,16)/(97,97)|(37,37)/(76,76)|(51,51)/(62,62)|(38,38)/(75,75)|(9,9)/(104,104)|(29,29)/(84,84)|(33,33)/(80,80)|(20,20)/(93,93)|(26,26)/(87,87)|(54,54)/(59,59)|(2,2)/(111,111)|(42,42)/(71,71)|(55,55)/(58,58)|(18,18)/(95,95)|(30,30)/(83,83)|(14,14)/(99,99)|(3,3)/(110,110)|(32,32)/(81,81)|(40,40)/(73,73)|(34,34)/(79,79)|(4,4)/(109,109)|(41,41)/(72,72)|(36,36)/(77,77)|(49,49)/(64,64)",0.8427441716194153
subtraction_depth1_muon,1,muon,minimum_after_first_generalized,17000,checkpoints/subtraction_depth_1_muon_seed_0/step_017000.pt,0.8509671688079834,1.0,channelwise,full_hidden,2,56,"(28,28)/(85,85)|(11,11)/(102,102)|(56,56)/(57,57)|(48,48)/(65,65)|(25,25)/(88,88)|(19,19)/(94,94)|(31,31)/(82,82)|(1,1)/(112,112)|(53,53)/(60,60)|(35,35)/(78,78)|(21,21)/(92,92)|(7,7)/(106,106)|(6,6)/(107,107)|(10,10)/(103,103)|(50,50)/(63,63)|(12,12)/(101,101)|(13,13)/(100,100)|(44,44)/(69,69)|(8,8)/(105,105)|(45,45)/(68,68)|(22,22)/(91,91)|(27,27)/(86,86)|(39,39)/(74,74)|(47,47)/(66,66)|(5,5)/(108,108)|(43,43)/(70,70)|(46,46)/(67,67)|(15,15)/(98,98)|(17,17)/(96,96)|(24,24)/(89,89)|(52,52)/(61,61)|(23,23)/(90,90)|(16,16)/(97,97)|(37,37)/(76,76)|(51,51)/(62,62)|(38,38)/(75,75)|(9,9)/(104,104)|(29,29)/(84,84)|(33,33)/(80,80)|(20,20)/(93,93)|(26,26)/(87,87)|(54,54)/(59,59)|(2,2)/(111,111)|(42,42)/(71,71)|(55,55)/(58,58)|(18,18)/(95,95)|(30,30)/(83,83)|(14,14)/(99,99)|(3,3)/(110,110)|(32,32)/(81,81)|(40,40)/(73,73)|(34,34)/(79,79)|(4,4)/(109,109)|(41,41)/(72,72)|(36,36)/(77,77)|(49,49)/(64,64)",0.842352569103241
subtraction_depth1_muon,1,muon,minimum_after_first_generalized,17000,checkpoints/subtraction_depth_1_muon_seed_0/step_017000.pt,0.8509671688079834,1.0,channelwise,full_hidden,3,56,"(28,28)/(85,85)|(11,11)/(102,102)|(56,56)/(57,57)|(48,48)/(65,65)|(25,25)/(88,88)|(19,19)/(94,94)|(31,31)/(82,82)|(1,1)/(112,112)|(53,53)/(60,60)|(35,35)/(78,78)|(21,21)/(92,92)|(7,7)/(106,106)|(6,6)/(107,107)|(10,10)/(103,103)|(50,50)/(63,63)|(12,12)/(101,101)|(13,13)/(100,100)|(44,44)/(69,69)|(8,8)/(105,105)|(45,45)/(68,68)|(22,22)/(91,91)|(27,27)/(86,86)|(39,39)/(74,74)|(47,47)/(66,66)|(5,5)/(108,108)|(43,43)/(70,70)|(46,46)/(67,67)|(15,15)/(98,98)|(17,17)/(96,96)|(24,24)/(89,89)|(52,52)/(61,61)|(23,23)/(90,90)|(16,16)/(97,97)|(37,37)/(76,76)|(51,51)/(62,62)|(38,38)/(75,75)|(9,9)/(104,104)|(29,29)/(84,84)|(33,33)/(80,80)|(20,20)/(93,93)|(26,26)/(87,87)|(54,54)/(59,59)|(2,2)/(111,111)|(42,42)/(71,71)|(55,55)/(58,58)|(18,18)/(95,95)|(30,30)/(83,83)|(14,14)/(99,99)|(3,3)/(110,110)|(32,32)/(81,81)|(40,40)/(73,73)|(34,34)/(79,79)|(4,4)/(109,109)|(41,41)/(72,72)|(36,36)/(77,77)|(49,49)/(64,64)",0.8414127826690674
subtraction_depth1_muon,1,muon,minimum_after_first_generalized,17000,checkpoints/subtraction_depth_1_muon_seed_0/step_017000.pt,0.8509671688079834,1.0,channelwise,full_hidden,4,56,"(28,28)/(85,85)|(11,11)/(102,102)|(56,56)/(57,57)|(48,48)/(65,65)|(25,25)/(88,88)|(19,19)/(94,94)|(31,31)/(82,82)|(1,1)/(112,112)|(53,53)/(60,60)|(35,35)/(78,78)|(21,21)/(92,92)|(7,7)/(106,106)|(6,6)/(107,107)|(10,10)/(103,103)|(50,50)/(63,63)|(12,12)/(101,101)|(13,13)/(100,100)|(44,44)/(69,69)|(8,8)/(105,105)|(45,45)/(68,68)|(22,22)/(91,91)|(27,27)/(86,86)|(39,39)/(74,74)|(47,47)/(66,66)|(5,5)/(108,108)|(43,43)/(70,70)|(46,46)/(67,67)|(15,15)/(98,98)|(17,17)/(96,96)|(24,24)/(89,89)|(52,52)/(61,61)|(23,23)/(90,90)|(16,16)/(97,97)|(37,37)/(76,76)|(51,51)/(62,62)|(38,38)/(75,75)|(9,9)/(104,104)|(29,29)/(84,84)|(33,33)/(80,80)|(20,20)/(93,93)|(26,26)/(87,87)|(54,54)/(59,59)|(2,2)/(111,111)|(42,42)/(71,71)|(55,55)/(58,58)|(18,18)/(95,95)|(30,30)/(83,83)|(14,14)/(99,99)|(3,3)/(110,110)|(32,32)/(81,81)|(40,40)/(73,73)|(34,34)/(79,79)|(4,4)/(109,109)|(41,41)/(72,72)|(36,36)/(77,77)|(49,49)/(64,64)",0.845015287399292
subtraction_depth1_muon,1,muon,minimum_after_first_generalized,17000,checkpoints/subtraction_depth_1_muon_seed_0/step_017000.pt,0.8509671688079834,1.0,channelwise,full_hidden,5,56,"(28,28)/(85,85)|(11,11)/(102,102)|(56,56)/(57,57)|(48,48)/(65,65)|(25,25)/(88,88)|(19,19)/(94,94)|(31,31)/(82,82)|(1,1)/(112,112)|(53,53)/(60,60)|(35,35)/(78,78)|(21,21)/(92,92)|(7,7)/(106,106)|(6,6)/(107,107)|(10,10)/(103,103)|(50,50)/(63,63)|(12,12)/(101,101)|(13,13)/(100,100)|(44,44)/(69,69)|(8,8)/(105,105)|(45,45)/(68,68)|(22,22)/(91,91)|(27,27)/(86,86)|(39,39)/(74,74)|(47,47)/(66,66)|(5,5)/(108,108)|(43,43)/(70,70)|(46,46)/(67,67)|(15,15)/(98,98)|(17,17)/(96,96)|(24,24)/(89,89)|(52,52)/(61,61)|(23,23)/(90,90)|(16,16)/(97,97)|(37,37)/(76,76)|(51,51)/(62,62)|(38,38)/(75,75)|(9,9)/(104,104)|(29,29)/(84,84)|(33,33)/(80,80)|(20,20)/(93,93)|(26,26)/(87,87)|(54,54)/(59,59)|(2,2)/(111,111)|(42,42)/(71,71)|(55,55)/(58,58)|(18,18)/(95,95)|(30,30)/(83,83)|(14,14)/(99,99)|(3,3)/(110,110)|(32,32)/(81,81)|(40,40)/(73,73)|(34,34)/(79,79)|(4,4)/(109,109)|(41,41)/(72,72)|(36,36)/(77,77)|(49,49)/(64,64)",0.8435273170471191
subtraction_depth1_muon,1,muon,minimum_after_first_generalized,17000,checkpoints/subtraction_depth_1_muon_seed_0/step_017000.pt,0.8509671688079834,1.0,channelwise,full_hidden,6,56,"(28,28)/(85,85)|(11,11)/(102,102)|(56,56)/(57,57)|(48,48)/(65,65)|(25,25)/(88,88)|(19,19)/(94,94)|(31,31)/(82,82)|(1,1)/(112,112)|(53,53)/(60,60)|(35,35)/(78,78)|(21,21)/(92,92)|(7,7)/(106,106)|(6,6)/(107,107)|(10,10)/(103,103)|(50,50)/(63,63)|(12,12)/(101,101)|(13,13)/(100,100)|(44,44)/(69,69)|(8,8)/(105,105)|(45,45)/(68,68)|(22,22)/(91,91)|(27,27)/(86,86)|(39,39)/(74,74)|(47,47)/(66,66)|(5,5)/(108,108)|(43,43)/(70,70)|(46,46)/(67,67)|(15,15)/(98,98)|(17,17)/(96,96)|(24,24)/(89,89)|(52,52)/(61,61)|(23,23)/(90,90)|(16,16)/(97,97)|(37,37)/(76,76)|(51,51)/(62,62)|(38,38)/(75,75)|(9,9)/(104,104)|(29,29)/(84,84)|(33,33)/(80,80)|(20,20)/(93,93)|(26,26)/(87,87)|(54,54)/(59,59)|(2,2)/(111,111)|(42,42)/(71,71)|(55,55)/(58,58)|(18,18)/(95,95)|(30,30)/(83,83)|(14,14)/(99,99)|(3,3)/(110,110)|(32,32)/(81,81)|(40,40)/(73,73)|(34,34)/(79,79)|(4,4)/(109,109)|(41,41)/(72,72)|(36,36)/(77,77)|(49,49)/(64,64)",0.8440755009651184
subtraction_depth1_muon,1,muon,minimum_after_first_generalized,17000,checkpoints/subtraction_depth_1_muon_seed_0/step_017000.pt,0.8509671688079834,1.0,channelwise,full_hidden,7,56,"(28,28)/(85,85)|(11,11)/(102,102)|(56,56)/(57,57)|(48,48)/(65,65)|(25,25)/(88,88)|(19,19)/(94,94)|(31,31)/(82,82)|(1,1)/(112,112)|(53,53)/(60,60)|(35,35)/(78,78)|(21,21)/(92,92)|(7,7)/(106,106)|(6,6)/(107,107)|(10,10)/(103,103)|(50,50)/(63,63)|(12,12)/(101,101)|(13,13)/(100,100)|(44,44)/(69,69)|(8,8)/(105,105)|(45,45)/(68,68)|(22,22)/(91,91)|(27,27)/(86,86)|(39,39)/(74,74)|(47,47)/(66,66)|(5,5)/(108,108)|(43,43)/(70,70)|(46,46)/(67,67)|(15,15)/(98,98)|(17,17)/(96,96)|(24,24)/(89,89)|(52,52)/(61,61)|(23,23)/(90,90)|(16,16)/(97,97)|(37,37)/(76,76)|(51,51)/(62,62)|(38,38)/(75,75)|(9,9)/(104,104)|(29,29)/(84,84)|(33,33)/(80,80)|(20,20)/(93,93)|(26,26)/(87,87)|(54,54)/(59,59)|(2,2)/(111,111)|(42,42)/(71,71)|(55,55)/(58,58)|(18,18)/(95,95)|(30,30)/(83,83)|(14,14)/(99,99)|(3,3)/(110,110)|(32,32)/(81,81)|(40,40)/(73,73)|(34,34)/(79,79)|(4,4)/(109,109)|(41,41)/(72,72)|(36,36)/(77,77)|(49,49)/(64,64)",0.8404729962348938
subtraction_depth1_muon,1,muon,minimum_after_first_generalized,17000,checkpoints/subtraction_depth_1_muon_seed_0/step_017000.pt,0.8509671688079834,1.0,channelwise,full_hidden,8,56,"(28,28)/(85,85)|(11,11)/(102,102)|(56,56)/(57,57)|(48,48)/(65,65)|(25,25)/(88,88)|(19,19)/(94,94)|(31,31)/(82,82)|(1,1)/(112,112)|(53,53)/(60,60)|(35,35)/(78,78)|(21,21)/(92,92)|(7,7)/(106,106)|(6,6)/(107,107)|(10,10)/(103,103)|(50,50)/(63,63)|(12,12)/(101,101)|(13,13)/(100,100)|(44,44)/(69,69)|(8,8)/(105,105)|(45,45)/(68,68)|(22,22)/(91,91)|(27,27)/(86,86)|(39,39)/(74,74)|(47,47)/(66,66)|(5,5)/(108,108)|(43,43)/(70,70)|(46,46)/(67,67)|(15,15)/(98,98)|(17,17)/(96,96)|(24,24)/(89,89)|(52,52)/(61,61)|(23,23)/(90,90)|(16,16)/(97,97)|(37,37)/(76,76)|(51,51)/(62,62)|(38,38)/(75,75)|(9,9)/(104,104)|(29,29)/(84,84)|(33,33)/(80,80)|(20,20)/(93,93)|(26,26)/(87,87)|(54,54)/(59,59)|(2,2)/(111,111)|(42,42)/(71,71)|(55,55)/(58,58)|(18,18)/(95,95)|(30,30)/(83,83)|(14,14)/(99,99)|(3,3)/(110,110)|(32,32)/(81,81)|(40,40)/(73,73)|(34,34)/(79,79)|(4,4)/(109,109)|(41,41)/(72,72)|(36,36)/(77,77)|(49,49)/(64,64)",0.8465815782546997
subtraction_depth1_muon,1,muon,minimum_after_first_generalized,17000,checkpoints/subtraction_depth_1_muon_seed_0/step_017000.pt,0.8509671688079834,1.0,channelwise,full_hidden,9,56,"(28,28)/(85,85)|(11,11)/(102,102)|(56,56)/(57,57)|(48,48)/(65,65)|(25,25)/(88,88)|(19,19)/(94,94)|(31,31)/(82,82)|(1,1)/(112,112)|(53,53)/(60,60)|(35,35)/(78,78)|(21,21)/(92,92)|(7,7)/(106,106)|(6,6)/(107,107)|(10,10)/(103,103)|(50,50)/(63,63)|(12,12)/(101,101)|(13,13)/(100,100)|(44,44)/(69,69)|(8,8)/(105,105)|(45,45)/(68,68)|(22,22)/(91,91)|(27,27)/(86,86)|(39,39)/(74,74)|(47,47)/(66,66)|(5,5)/(108,108)|(43,43)/(70,70)|(46,46)/(67,67)|(15,15)/(98,98)|(17,17)/(96,96)|(24,24)/(89,89)|(52,52)/(61,61)|(23,23)/(90,90)|(16,16)/(97,97)|(37,37)/(76,76)|(51,51)/(62,62)|(38,38)/(75,75)|(9,9)/(104,104)|(29,29)/(84,84)|(33,33)/(80,80)|(20,20)/(93,93)|(26,26)/(87,87)|(54,54)/(59,59)|(2,2)/(111,111)|(42,42)/(71,71)|(55,55)/(58,58)|(18,18)/(95,95)|(30,30)/(83,83)|(14,14)/(99,99)|(3,3)/(110,110)|(32,32)/(81,81)|(40,40)/(73,73)|(34,34)/(79,79)|(4,4)/(109,109)|(41,41)/(72,72)|(36,36)/(77,77)|(49,49)/(64,64)",0.8421959280967712
subtraction_depth1_muon,1,muon,maximum_accuracy_reference,100000,checkpoints/subtraction_depth_1_muon_seed_0/step_100000.pt,1.0,0.9,pair_global,addition_only,0,10,"(28,28)/(85,85)|(11,11)/(102,102)|(13,13)/(100,100)|(31,31)/(82,82)|(8,8)/(105,105)|(32,32)/(81,81)|(21,21)/(92,92)|(27,27)/(86,86)|(33,33)/(80,80)|(10,10)/(103,103)",0.008849557489156723
subtraction_depth1_muon,1,muon,maximum_accuracy_reference,100000,checkpoints/subtraction_depth_1_muon_seed_0/step_100000.pt,1.0,0.9,pair_global,addition_only,1,10,"(28,28)/(85,85)|(11,11)/(102,102)|(13,13)/(100,100)|(31,31)/(82,82)|(8,8)/(105,105)|(32,32)/(81,81)|(21,21)/(92,92)|(27,27)/(86,86)|(33,33)/(80,80)|(10,10)/(103,103)",0.008849557489156723
subtraction_depth1_muon,1,muon,maximum_accuracy_reference,100000,checkpoints/subtraction_depth_1_muon_seed_0/step_100000.pt,1.0,0.9,pair_global,addition_only,2,10,"(28,28)/(85,85)|(11,11)/(102,102)|(13,13)/(100,100)|(31,31)/(82,82)|(8,8)/(105,105)|(32,32)/(81,81)|(21,21)/(92,92)|(27,27)/(86,86)|(33,33)/(80,80)|(10,10)/(103,103)",0.008849557489156723
subtraction_depth1_muon,1,muon,maximum_accuracy_reference,100000,checkpoints/subtraction_depth_1_muon_seed_0/step_100000.pt,1.0,0.9,pair_global,addition_only,3,10,"(28,28)/(85,85)|(11,11)/(102,102)|(13,13)/(100,100)|(31,31)/(82,82)|(8,8)/(105,105)|(32,32)/(81,81)|(21,21)/(92,92)|(27,27)/(86,86)|(33,33)/(80,80)|(10,10)/(103,103)",0.008849557489156723
subtraction_depth1_muon,1,muon,maximum_accuracy_reference,100000,checkpoints/subtraction_depth_1_muon_seed_0/step_100000.pt,1.0,0.9,pair_global,addition_only,4,10,"(28,28)/(85,85)|(11,11)/(102,102)|(13,13)/(100,100)|(31,31)/(82,82)|(8,8)/(105,105)|(32,32)/(81,81)|(21,21)/(92,92)|(27,27)/(86,86)|(33,33)/(80,80)|(10,10)/(103,103)",0.008849557489156723
subtraction_depth1_muon,1,muon,maximum_accuracy_reference,100000,checkpoints/subtraction_depth_1_muon_seed_0/step_100000.pt,1.0,0.9,pair_global,addition_only,5,10,"(28,28)/(85,85)|(11,11)/(102,102)|(13,13)/(100,100)|(31,31)/(82,82)|(8,8)/(105,105)|(32,32)/(81,81)|(21,21)/(92,92)|(27,27)/(86,86)|(33,33)/(80,80)|(10,10)/(103,103)",0.008849557489156723
subtraction_depth1_muon,1,muon,maximum_accuracy_reference,100000,checkpoints/subtraction_depth_1_muon_seed_0/step_100000.pt,1.0,0.9,pair_global,addition_only,6,10,"(28,28)/(85,85)|(11,11)/(102,102)|(13,13)/(100,100)|(31,31)/(82,82)|(8,8)/(105,105)|(32,32)/(81,81)|(21,21)/(92,92)|(27,27)/(86,86)|(33,33)/(80,80)|(10,10)/(103,103)",0.008849557489156723
subtraction_depth1_muon,1,muon,maximum_accuracy_reference,100000,checkpoints/subtraction_depth_1_muon_seed_0/step_100000.pt,1.0,0.9,pair_global,addition_only,7,10,"(28,28)/(85,85)|(11,11)/(102,102)|(13,13)/(100,100)|(31,31)/(82,82)|(8,8)/(105,105)|(32,32)/(81,81)|(21,21)/(92,92)|(27,27)/(86,86)|(33,33)/(80,80)|(10,10)/(103,103)",0.008849557489156723
subtraction_depth1_muon,1,muon,maximum_accuracy_reference,100000,checkpoints/subtraction_depth_1_muon_seed_0/step_100000.pt,1.0,0.9,pair_global,addition_only,8,10,"(28,28)/(85,85)|(11,11)/(102,102)|(13,13)/(100,100)|(31,31)/(82,82)|(8,8)/(105,105)|(32,32)/(81,81)|(21,21)/(92,92)|(27,27)/(86,86)|(33,33)/(80,80)|(10,10)/(103,103)",0.008849557489156723
subtraction_depth1_muon,1,muon,maximum_accuracy_reference,100000,checkpoints/subtraction_depth_1_muon_seed_0/step_100000.pt,1.0,0.9,pair_global,addition_only,9,10,"(28,28)/(85,85)|(11,11)/(102,102)|(13,13)/(100,100)|(31,31)/(82,82)|(8,8)/(105,105)|(32,32)/(81,81)|(21,21)/(92,92)|(27,27)/(86,86)|(33,33)/(80,80)|(10,10)/(103,103)",0.008849557489156723
subtraction_depth1_muon,1,muon,maximum_accuracy_reference,100000,checkpoints/subtraction_depth_1_muon_seed_0/step_100000.pt,1.0,0.9,pair_global,full_hidden,0,10,"(28,28)/(85,85)|(11,11)/(102,102)|(13,13)/(100,100)|(31,31)/(82,82)|(8,8)/(105,105)|(32,32)/(81,81)|(21,21)/(92,92)|(27,27)/(86,86)|(33,33)/(80,80)|(10,10)/(103,103)",0.9999216794967651
subtraction_depth1_muon,1,muon,maximum_accuracy_reference,100000,checkpoints/subtraction_depth_1_muon_seed_0/step_100000.pt,1.0,0.9,pair_global,full_hidden,1,10,"(28,28)/(85,85)|(11,11)/(102,102)|(13,13)/(100,100)|(31,31)/(82,82)|(8,8)/(105,105)|(32,32)/(81,81)|(21,21)/(92,92)|(27,27)/(86,86)|(33,33)/(80,80)|(10,10)/(103,103)",1.0
subtraction_depth1_muon,1,muon,maximum_accuracy_reference,100000,checkpoints/subtraction_depth_1_muon_seed_0/step_100000.pt,1.0,0.9,pair_global,full_hidden,2,10,"(28,28)/(85,85)|(11,11)/(102,102)|(13,13)/(100,100)|(31,31)/(82,82)|(8,8)/(105,105)|(32,32)/(81,81)|(21,21)/(92,92)|(27,27)/(86,86)|(33,33)/(80,80)|(10,10)/(103,103)",1.0
subtraction_depth1_muon,1,muon,maximum_accuracy_reference,100000,checkpoints/subtraction_depth_1_muon_seed_0/step_100000.pt,1.0,0.9,pair_global,full_hidden,3,10,"(28,28)/(85,85)|(11,11)/(102,102)|(13,13)/(100,100)|(31,31)/(82,82)|(8,8)/(105,105)|(32,32)/(81,81)|(21,21)/(92,92)|(27,27)/(86,86)|(33,33)/(80,80)|(10,10)/(103,103)",1.0
subtraction_depth1_muon,1,muon,maximum_accuracy_reference,100000,checkpoints/subtraction_depth_1_muon_seed_0/step_100000.pt,1.0,0.9,pair_global,full_hidden,4,10,"(28,28)/(85,85)|(11,11)/(102,102)|(13,13)/(100,100)|(31,31)/(82,82)|(8,8)/(105,105)|(32,32)/(81,81)|(21,21)/(92,92)|(27,27)/(86,86)|(33,33)/(80,80)|(10,10)/(103,103)",1.0
subtraction_depth1_muon,1,muon,maximum_accuracy_reference,100000,checkpoints/subtraction_depth_1_muon_seed_0/step_100000.pt,1.0,0.9,pair_global,full_hidden,5,10,"(28,28)/(85,85)|(11,11)/(102,102)|(13,13)/(100,100)|(31,31)/(82,82)|(8,8)/(105,105)|(32,32)/(81,81)|(21,21)/(92,92)|(27,27)/(86,86)|(33,33)/(80,80)|(10,10)/(103,103)",1.0
subtraction_depth1_muon,1,muon,maximum_accuracy_reference,100000,checkpoints/subtraction_depth_1_muon_seed_0/step_100000.pt,1.0,0.9,pair_global,full_hidden,6,10,"(28,28)/(85,85)|(11,11)/(102,102)|(13,13)/(100,100)|(31,31)/(82,82)|(8,8)/(105,105)|(32,32)/(81,81)|(21,21)/(92,92)|(27,27)/(86,86)|(33,33)/(80,80)|(10,10)/(103,103)",1.0
subtraction_depth1_muon,1,muon,maximum_accuracy_reference,100000,checkpoints/subtraction_depth_1_muon_seed_0/step_100000.pt,1.0,0.9,pair_global,full_hidden,7,10,"(28,28)/(85,85)|(11,11)/(102,102)|(13,13)/(100,100)|(31,31)/(82,82)|(8,8)/(105,105)|(32,32)/(81,81)|(21,21)/(92,92)|(27,27)/(86,86)|(33,33)/(80,80)|(10,10)/(103,103)",1.0
subtraction_depth1_muon,1,muon,maximum_accuracy_reference,100000,checkpoints/subtraction_depth_1_muon_seed_0/step_100000.pt,1.0,0.9,pair_global,full_hidden,8,10,"(28,28)/(85,85)|(11,11)/(102,102)|(13,13)/(100,100)|(31,31)/(82,82)|(8,8)/(105,105)|(32,32)/(81,81)|(21,21)/(92,92)|(27,27)/(86,86)|(33,33)/(80,80)|(10,10)/(103,103)",1.0
subtraction_depth1_muon,1,muon,maximum_accuracy_reference,100000,checkpoints/subtraction_depth_1_muon_seed_0/step_100000.pt,1.0,0.9,pair_global,full_hidden,9,10,"(28,28)/(85,85)|(11,11)/(102,102)|(13,13)/(100,100)|(31,31)/(82,82)|(8,8)/(105,105)|(32,32)/(81,81)|(21,21)/(92,92)|(27,27)/(86,86)|(33,33)/(80,80)|(10,10)/(103,103)",1.0
subtraction_depth1_muon,1,muon,maximum_accuracy_reference,100000,checkpoints/subtraction_depth_1_muon_seed_0/step_100000.pt,1.0,0.9,channelwise,addition_only,0,10,"(28,28)/(85,85)|(11,11)/(102,102)|(13,13)/(100,100)|(31,31)/(82,82)|(8,8)/(105,105)|(32,32)/(81,81)|(21,21)/(92,92)|(27,27)/(86,86)|(33,33)/(80,80)|(10,10)/(103,103)",0.008849557489156723
subtraction_depth1_muon,1,muon,maximum_accuracy_reference,100000,checkpoints/subtraction_depth_1_muon_seed_0/step_100000.pt,1.0,0.9,channelwise,addition_only,1,10,"(28,28)/(85,85)|(11,11)/(102,102)|(13,13)/(100,100)|(31,31)/(82,82)|(8,8)/(105,105)|(32,32)/(81,81)|(21,21)/(92,92)|(27,27)/(86,86)|(33,33)/(80,80)|(10,10)/(103,103)",0.008849557489156723
subtraction_depth1_muon,1,muon,maximum_accuracy_reference,100000,checkpoints/subtraction_depth_1_muon_seed_0/step_100000.pt,1.0,0.9,channelwise,addition_only,2,10,"(28,28)/(85,85)|(11,11)/(102,102)|(13,13)/(100,100)|(31,31)/(82,82)|(8,8)/(105,105)|(32,32)/(81,81)|(21,21)/(92,92)|(27,27)/(86,86)|(33,33)/(80,80)|(10,10)/(103,103)",0.008849557489156723
subtraction_depth1_muon,1,muon,maximum_accuracy_reference,100000,checkpoints/subtraction_depth_1_muon_seed_0/step_100000.pt,1.0,0.9,channelwise,addition_only,3,10,"(28,28)/(85,85)|(11,11)/(102,102)|(13,13)/(100,100)|(31,31)/(82,82)|(8,8)/(105,105)|(32,32)/(81,81)|(21,21)/(92,92)|(27,27)/(86,86)|(33,33)/(80,80)|(10,10)/(103,103)",0.008849557489156723
subtraction_depth1_muon,1,muon,maximum_accuracy_reference,100000,checkpoints/subtraction_depth_1_muon_seed_0/step_100000.pt,1.0,0.9,channelwise,addition_only,4,10,"(28,28)/(85,85)|(11,11)/(102,102)|(13,13)/(100,100)|(31,31)/(82,82)|(8,8)/(105,105)|(32,32)/(81,81)|(21,21)/(92,92)|(27,27)/(86,86)|(33,33)/(80,80)|(10,10)/(103,103)",0.008849557489156723
subtraction_depth1_muon,1,muon,maximum_accuracy_reference,100000,checkpoints/subtraction_depth_1_muon_seed_0/step_100000.pt,1.0,0.9,channelwise,addition_only,5,10,"(28,28)/(85,85)|(11,11)/(102,102)|(13,13)/(100,100)|(31,31)/(82,82)|(8,8)/(105,105)|(32,32)/(81,81)|(21,21)/(92,92)|(27,27)/(86,86)|(33,33)/(80,80)|(10,10)/(103,103)",0.008849557489156723
subtraction_depth1_muon,1,muon,maximum_accuracy_reference,100000,checkpoints/subtraction_depth_1_muon_seed_0/step_100000.pt,1.0,0.9,channelwise,addition_only,6,10,"(28,28)/(85,85)|(11,11)/(102,102)|(13,13)/(100,100)|(31,31)/(82,82)|(8,8)/(105,105)|(32,32)/(81,81)|(21,21)/(92,92)|(27,27)/(86,86)|(33,33)/(80,80)|(10,10)/(103,103)",0.008849557489156723
subtraction_depth1_muon,1,muon,maximum_accuracy_reference,100000,checkpoints/subtraction_depth_1_muon_seed_0/step_100000.pt,1.0,0.9,channelwise,addition_only,7,10,"(28,28)/(85,85)|(11,11)/(102,102)|(13,13)/(100,100)|(31,31)/(82,82)|(8,8)/(105,105)|(32,32)/(81,81)|(21,21)/(92,92)|(27,27)/(86,86)|(33,33)/(80,80)|(10,10)/(103,103)",0.008849557489156723
subtraction_depth1_muon,1,muon,maximum_accuracy_reference,100000,checkpoints/subtraction_depth_1_muon_seed_0/step_100000.pt,1.0,0.9,channelwise,addition_only,8,10,"(28,28)/(85,85)|(11,11)/(102,102)|(13,13)/(100,100)|(31,31)/(82,82)|(8,8)/(105,105)|(32,32)/(81,81)|(21,21)/(92,92)|(27,27)/(86,86)|(33,33)/(80,80)|(10,10)/(103,103)",0.008849557489156723
subtraction_depth1_muon,1,muon,maximum_accuracy_reference,100000,checkpoints/subtraction_depth_1_muon_seed_0/step_100000.pt,1.0,0.9,channelwise,addition_only,9,10,"(28,28)/(85,85)|(11,11)/(102,102)|(13,13)/(100,100)|(31,31)/(82,82)|(8,8)/(105,105)|(32,32)/(81,81)|(21,21)/(92,92)|(27,27)/(86,86)|(33,33)/(80,80)|(10,10)/(103,103)",0.008849557489156723
subtraction_depth1_muon,1,muon,maximum_accuracy_reference,100000,checkpoints/subtraction_depth_1_muon_seed_0/step_100000.pt,1.0,0.9,channelwise,full_hidden,0,10,"(28,28)/(85,85)|(11,11)/(102,102)|(13,13)/(100,100)|(31,31)/(82,82)|(8,8)/(105,105)|(32,32)/(81,81)|(21,21)/(92,92)|(27,27)/(86,86)|(33,33)/(80,80)|(10,10)/(103,103)",1.0
subtraction_depth1_muon,1,muon,maximum_accuracy_reference,100000,checkpoints/subtraction_depth_1_muon_seed_0/step_100000.pt,1.0,0.9,channelwise,full_hidden,1,10,"(28,28)/(85,85)|(11,11)/(102,102)|(13,13)/(100,100)|(31,31)/(82,82)|(8,8)/(105,105)|(32,32)/(81,81)|(21,21)/(92,92)|(27,27)/(86,86)|(33,33)/(80,80)|(10,10)/(103,103)",0.9999216794967651
subtraction_depth1_muon,1,muon,maximum_accuracy_reference,100000,checkpoints/subtraction_depth_1_muon_seed_0/step_100000.pt,1.0,0.9,channelwise,full_hidden,2,10,"(28,28)/(85,85)|(11,11)/(102,102)|(13,13)/(100,100)|(31,31)/(82,82)|(8,8)/(105,105)|(32,32)/(81,81)|(21,21)/(92,92)|(27,27)/(86,86)|(33,33)/(80,80)|(10,10)/(103,103)",1.0
subtraction_depth1_muon,1,muon,maximum_accuracy_reference,100000,checkpoints/subtraction_depth_1_muon_seed_0/step_100000.pt,1.0,0.9,channelwise,full_hidden,3,10,"(28,28)/(85,85)|(11,11)/(102,102)|(13,13)/(100,100)|(31,31)/(82,82)|(8,8)/(105,105)|(32,32)/(81,81)|(21,21)/(92,92)|(27,27)/(86,86)|(33,33)/(80,80)|(10,10)/(103,103)",0.9999216794967651
subtraction_depth1_muon,1,muon,maximum_accuracy_reference,100000,checkpoints/subtraction_depth_1_muon_seed_0/step_100000.pt,1.0,0.9,channelwise,full_hidden,4,10,"(28,28)/(85,85)|(11,11)/(102,102)|(13,13)/(100,100)|(31,31)/(82,82)|(8,8)/(105,105)|(32,32)/(81,81)|(21,21)/(92,92)|(27,27)/(86,86)|(33,33)/(80,80)|(10,10)/(103,103)",1.0
subtraction_depth1_muon,1,muon,maximum_accuracy_reference,100000,checkpoints/subtraction_depth_1_muon_seed_0/step_100000.pt,1.0,0.9,channelwise,full_hidden,5,10,"(28,28)/(85,85)|(11,11)/(102,102)|(13,13)/(100,100)|(31,31)/(82,82)|(8,8)/(105,105)|(32,32)/(81,81)|(21,21)/(92,92)|(27,27)/(86,86)|(33,33)/(80,80)|(10,10)/(103,103)",1.0
subtraction_depth1_muon,1,muon,maximum_accuracy_reference,100000,checkpoints/subtraction_depth_1_muon_seed_0/step_100000.pt,1.0,0.9,channelwise,full_hidden,6,10,"(28,28)/(85,85)|(11,11)/(102,102)|(13,13)/(100,100)|(31,31)/(82,82)|(8,8)/(105,105)|(32,32)/(81,81)|(21,21)/(92,92)|(27,27)/(86,86)|(33,33)/(80,80)|(10,10)/(103,103)",1.0
subtraction_depth1_muon,1,muon,maximum_accuracy_reference,100000,checkpoints/subtraction_depth_1_muon_seed_0/step_100000.pt,1.0,0.9,channelwise,full_hidden,7,10,"(28,28)/(85,85)|(11,11)/(102,102)|(13,13)/(100,100)|(31,31)/(82,82)|(8,8)/(105,105)|(32,32)/(81,81)|(21,21)/(92,92)|(27,27)/(86,86)|(33,33)/(80,80)|(10,10)/(103,103)",0.9999216794967651
subtraction_depth1_muon,1,muon,maximum_accuracy_reference,100000,checkpoints/subtraction_depth_1_muon_seed_0/step_100000.pt,1.0,0.9,channelwise,full_hidden,8,10,"(28,28)/(85,85)|(11,11)/(102,102)|(13,13)/(100,100)|(31,31)/(82,82)|(8,8)/(105,105)|(32,32)/(81,81)|(21,21)/(92,92)|(27,27)/(86,86)|(33,33)/(80,80)|(10,10)/(103,103)",1.0
subtraction_depth1_muon,1,muon,maximum_accuracy_reference,100000,checkpoints/subtraction_depth_1_muon_seed_0/step_100000.pt,1.0,0.9,channelwise,full_hidden,9,10,"(28,28)/(85,85)|(11,11)/(102,102)|(13,13)/(100,100)|(31,31)/(82,82)|(8,8)/(105,105)|(32,32)/(81,81)|(21,21)/(92,92)|(27,27)/(86,86)|(33,33)/(80,80)|(10,10)/(103,103)",1.0
subtraction_depth1_muon,1,muon,maximum_accuracy_reference,100000,checkpoints/subtraction_depth_1_muon_seed_0/step_100000.pt,1.0,1.0,pair_global,addition_only,0,56,"(28,28)/(85,85)|(11,11)/(102,102)|(13,13)/(100,100)|(31,31)/(82,82)|(8,8)/(105,105)|(32,32)/(81,81)|(21,21)/(92,92)|(27,27)/(86,86)|(33,33)/(80,80)|(10,10)/(103,103)|(24,24)/(89,89)|(29,29)/(84,84)|(55,55)/(58,58)|(20,20)/(93,93)|(14,14)/(99,99)|(42,42)/(71,71)|(26,26)/(87,87)|(39,39)/(74,74)|(56,56)/(57,57)|(17,17)/(96,96)|(49,49)/(64,64)|(50,50)/(63,63)|(16,16)/(97,97)|(47,47)/(66,66)|(51,51)/(62,62)|(54,54)/(59,59)|(22,22)/(91,91)|(44,44)/(69,69)|(15,15)/(98,98)|(52,52)/(61,61)|(19,19)/(94,94)|(1,1)/(112,112)|(5,5)/(108,108)|(48,48)/(65,65)|(40,40)/(73,73)|(45,45)/(68,68)|(23,23)/(90,90)|(35,35)/(78,78)|(3,3)/(110,110)|(36,36)/(77,77)|(7,7)/(106,106)|(53,53)/(60,60)|(12,12)/(101,101)|(34,34)/(79,79)|(37,37)/(76,76)|(4,4)/(109,109)|(6,6)/(107,107)|(43,43)/(70,70)|(9,9)/(104,104)|(38,38)/(75,75)|(46,46)/(67,67)|(30,30)/(83,83)|(41,41)/(72,72)|(25,25)/(88,88)|(2,2)/(111,111)|(18,18)/(95,95)",0.008849557489156723
subtraction_depth1_muon,1,muon,maximum_accuracy_reference,100000,checkpoints/subtraction_depth_1_muon_seed_0/step_100000.pt,1.0,1.0,pair_global,addition_only,1,56,"(28,28)/(85,85)|(11,11)/(102,102)|(13,13)/(100,100)|(31,31)/(82,82)|(8,8)/(105,105)|(32,32)/(81,81)|(21,21)/(92,92)|(27,27)/(86,86)|(33,33)/(80,80)|(10,10)/(103,103)|(24,24)/(89,89)|(29,29)/(84,84)|(55,55)/(58,58)|(20,20)/(93,93)|(14,14)/(99,99)|(42,42)/(71,71)|(26,26)/(87,87)|(39,39)/(74,74)|(56,56)/(57,57)|(17,17)/(96,96)|(49,49)/(64,64)|(50,50)/(63,63)|(16,16)/(97,97)|(47,47)/(66,66)|(51,51)/(62,62)|(54,54)/(59,59)|(22,22)/(91,91)|(44,44)/(69,69)|(15,15)/(98,98)|(52,52)/(61,61)|(19,19)/(94,94)|(1,1)/(112,112)|(5,5)/(108,108)|(48,48)/(65,65)|(40,40)/(73,73)|(45,45)/(68,68)|(23,23)/(90,90)|(35,35)/(78,78)|(3,3)/(110,110)|(36,36)/(77,77)|(7,7)/(106,106)|(53,53)/(60,60)|(12,12)/(101,101)|(34,34)/(79,79)|(37,37)/(76,76)|(4,4)/(109,109)|(6,6)/(107,107)|(43,43)/(70,70)|(9,9)/(104,104)|(38,38)/(75,75)|(46,46)/(67,67)|(30,30)/(83,83)|(41,41)/(72,72)|(25,25)/(88,88)|(2,2)/(111,111)|(18,18)/(95,95)",0.008849557489156723
subtraction_depth1_muon,1,muon,maximum_accuracy_reference,100000,checkpoints/subtraction_depth_1_muon_seed_0/step_100000.pt,1.0,1.0,pair_global,addition_only,2,56,"(28,28)/(85,85)|(11,11)/(102,102)|(13,13)/(100,100)|(31,31)/(82,82)|(8,8)/(105,105)|(32,32)/(81,81)|(21,21)/(92,92)|(27,27)/(86,86)|(33,33)/(80,80)|(10,10)/(103,103)|(24,24)/(89,89)|(29,29)/(84,84)|(55,55)/(58,58)|(20,20)/(93,93)|(14,14)/(99,99)|(42,42)/(71,71)|(26,26)/(87,87)|(39,39)/(74,74)|(56,56)/(57,57)|(17,17)/(96,96)|(49,49)/(64,64)|(50,50)/(63,63)|(16,16)/(97,97)|(47,47)/(66,66)|(51,51)/(62,62)|(54,54)/(59,59)|(22,22)/(91,91)|(44,44)/(69,69)|(15,15)/(98,98)|(52,52)/(61,61)|(19,19)/(94,94)|(1,1)/(112,112)|(5,5)/(108,108)|(48,48)/(65,65)|(40,40)/(73,73)|(45,45)/(68,68)|(23,23)/(90,90)|(35,35)/(78,78)|(3,3)/(110,110)|(36,36)/(77,77)|(7,7)/(106,106)|(53,53)/(60,60)|(12,12)/(101,101)|(34,34)/(79,79)|(37,37)/(76,76)|(4,4)/(109,109)|(6,6)/(107,107)|(43,43)/(70,70)|(9,9)/(104,104)|(38,38)/(75,75)|(46,46)/(67,67)|(30,30)/(83,83)|(41,41)/(72,72)|(25,25)/(88,88)|(2,2)/(111,111)|(18,18)/(95,95)",0.008849557489156723
subtraction_depth1_muon,1,muon,maximum_accuracy_reference,100000,checkpoints/subtraction_depth_1_muon_seed_0/step_100000.pt,1.0,1.0,pair_global,addition_only,3,56,"(28,28)/(85,85)|(11,11)/(102,102)|(13,13)/(100,100)|(31,31)/(82,82)|(8,8)/(105,105)|(32,32)/(81,81)|(21,21)/(92,92)|(27,27)/(86,86)|(33,33)/(80,80)|(10,10)/(103,103)|(24,24)/(89,89)|(29,29)/(84,84)|(55,55)/(58,58)|(20,20)/(93,93)|(14,14)/(99,99)|(42,42)/(71,71)|(26,26)/(87,87)|(39,39)/(74,74)|(56,56)/(57,57)|(17,17)/(96,96)|(49,49)/(64,64)|(50,50)/(63,63)|(16,16)/(97,97)|(47,47)/(66,66)|(51,51)/(62,62)|(54,54)/(59,59)|(22,22)/(91,91)|(44,44)/(69,69)|(15,15)/(98,98)|(52,52)/(61,61)|(19,19)/(94,94)|(1,1)/(112,112)|(5,5)/(108,108)|(48,48)/(65,65)|(40,40)/(73,73)|(45,45)/(68,68)|(23,23)/(90,90)|(35,35)/(78,78)|(3,3)/(110,110)|(36,36)/(77,77)|(7,7)/(106,106)|(53,53)/(60,60)|(12,12)/(101,101)|(34,34)/(79,79)|(37,37)/(76,76)|(4,4)/(109,109)|(6,6)/(107,107)|(43,43)/(70,70)|(9,9)/(104,104)|(38,38)/(75,75)|(46,46)/(67,67)|(30,30)/(83,83)|(41,41)/(72,72)|(25,25)/(88,88)|(2,2)/(111,111)|(18,18)/(95,95)",0.008849557489156723
subtraction_depth1_muon,1,muon,maximum_accuracy_reference,100000,checkpoints/subtraction_depth_1_muon_seed_0/step_100000.pt,1.0,1.0,pair_global,addition_only,4,56,"(28,28)/(85,85)|(11,11)/(102,102)|(13,13)/(100,100)|(31,31)/(82,82)|(8,8)/(105,105)|(32,32)/(81,81)|(21,21)/(92,92)|(27,27)/(86,86)|(33,33)/(80,80)|(10,10)/(103,103)|(24,24)/(89,89)|(29,29)/(84,84)|(55,55)/(58,58)|(20,20)/(93,93)|(14,14)/(99,99)|(42,42)/(71,71)|(26,26)/(87,87)|(39,39)/(74,74)|(56,56)/(57,57)|(17,17)/(96,96)|(49,49)/(64,64)|(50,50)/(63,63)|(16,16)/(97,97)|(47,47)/(66,66)|(51,51)/(62,62)|(54,54)/(59,59)|(22,22)/(91,91)|(44,44)/(69,69)|(15,15)/(98,98)|(52,52)/(61,61)|(19,19)/(94,94)|(1,1)/(112,112)|(5,5)/(108,108)|(48,48)/(65,65)|(40,40)/(73,73)|(45,45)/(68,68)|(23,23)/(90,90)|(35,35)/(78,78)|(3,3)/(110,110)|(36,36)/(77,77)|(7,7)/(106,106)|(53,53)/(60,60)|(12,12)/(101,101)|(34,34)/(79,79)|(37,37)/(76,76)|(4,4)/(109,109)|(6,6)/(107,107)|(43,43)/(70,70)|(9,9)/(104,104)|(38,38)/(75,75)|(46,46)/(67,67)|(30,30)/(83,83)|(41,41)/(72,72)|(25,25)/(88,88)|(2,2)/(111,111)|(18,18)/(95,95)",0.008849557489156723
subtraction_depth1_muon,1,muon,maximum_accuracy_reference,100000,checkpoints/subtraction_depth_1_muon_seed_0/step_100000.pt,1.0,1.0,pair_global,addition_only,5,56,"(28,28)/(85,85)|(11,11)/(102,102)|(13,13)/(100,100)|(31,31)/(82,82)|(8,8)/(105,105)|(32,32)/(81,81)|(21,21)/(92,92)|(27,27)/(86,86)|(33,33)/(80,80)|(10,10)/(103,103)|(24,24)/(89,89)|(29,29)/(84,84)|(55,55)/(58,58)|(20,20)/(93,93)|(14,14)/(99,99)|(42,42)/(71,71)|(26,26)/(87,87)|(39,39)/(74,74)|(56,56)/(57,57)|(17,17)/(96,96)|(49,49)/(64,64)|(50,50)/(63,63)|(16,16)/(97,97)|(47,47)/(66,66)|(51,51)/(62,62)|(54,54)/(59,59)|(22,22)/(91,91)|(44,44)/(69,69)|(15,15)/(98,98)|(52,52)/(61,61)|(19,19)/(94,94)|(1,1)/(112,112)|(5,5)/(108,108)|(48,48)/(65,65)|(40,40)/(73,73)|(45,45)/(68,68)|(23,23)/(90,90)|(35,35)/(78,78)|(3,3)/(110,110)|(36,36)/(77,77)|(7,7)/(106,106)|(53,53)/(60,60)|(12,12)/(101,101)|(34,34)/(79,79)|(37,37)/(76,76)|(4,4)/(109,109)|(6,6)/(107,107)|(43,43)/(70,70)|(9,9)/(104,104)|(38,38)/(75,75)|(46,46)/(67,67)|(30,30)/(83,83)|(41,41)/(72,72)|(25,25)/(88,88)|(2,2)/(111,111)|(18,18)/(95,95)",0.008849557489156723
subtraction_depth1_muon,1,muon,maximum_accuracy_reference,100000,checkpoints/subtraction_depth_1_muon_seed_0/step_100000.pt,1.0,1.0,pair_global,addition_only,6,56,"(28,28)/(85,85)|(11,11)/(102,102)|(13,13)/(100,100)|(31,31)/(82,82)|(8,8)/(105,105)|(32,32)/(81,81)|(21,21)/(92,92)|(27,27)/(86,86)|(33,33)/(80,80)|(10,10)/(103,103)|(24,24)/(89,89)|(29,29)/(84,84)|(55,55)/(58,58)|(20,20)/(93,93)|(14,14)/(99,99)|(42,42)/(71,71)|(26,26)/(87,87)|(39,39)/(74,74)|(56,56)/(57,57)|(17,17)/(96,96)|(49,49)/(64,64)|(50,50)/(63,63)|(16,16)/(97,97)|(47,47)/(66,66)|(51,51)/(62,62)|(54,54)/(59,59)|(22,22)/(91,91)|(44,44)/(69,69)|(15,15)/(98,98)|(52,52)/(61,61)|(19,19)/(94,94)|(1,1)/(112,112)|(5,5)/(108,108)|(48,48)/(65,65)|(40,40)/(73,73)|(45,45)/(68,68)|(23,23)/(90,90)|(35,35)/(78,78)|(3,3)/(110,110)|(36,36)/(77,77)|(7,7)/(106,106)|(53,53)/(60,60)|(12,12)/(101,101)|(34,34)/(79,79)|(37,37)/(76,76)|(4,4)/(109,109)|(6,6)/(107,107)|(43,43)/(70,70)|(9,9)/(104,104)|(38,38)/(75,75)|(46,46)/(67,67)|(30,30)/(83,83)|(41,41)/(72,72)|(25,25)/(88,88)|(2,2)/(111,111)|(18,18)/(95,95)",0.008849557489156723
subtraction_depth1_muon,1,muon,maximum_accuracy_reference,100000,checkpoints/subtraction_depth_1_muon_seed_0/step_100000.pt,1.0,1.0,pair_global,addition_only,7,56,"(28,28)/(85,85)|(11,11)/(102,102)|(13,13)/(100,100)|(31,31)/(82,82)|(8,8)/(105,105)|(32,32)/(81,81)|(21,21)/(92,92)|(27,27)/(86,86)|(33,33)/(80,80)|(10,10)/(103,103)|(24,24)/(89,89)|(29,29)/(84,84)|(55,55)/(58,58)|(20,20)/(93,93)|(14,14)/(99,99)|(42,42)/(71,71)|(26,26)/(87,87)|(39,39)/(74,74)|(56,56)/(57,57)|(17,17)/(96,96)|(49,49)/(64,64)|(50,50)/(63,63)|(16,16)/(97,97)|(47,47)/(66,66)|(51,51)/(62,62)|(54,54)/(59,59)|(22,22)/(91,91)|(44,44)/(69,69)|(15,15)/(98,98)|(52,52)/(61,61)|(19,19)/(94,94)|(1,1)/(112,112)|(5,5)/(108,108)|(48,48)/(65,65)|(40,40)/(73,73)|(45,45)/(68,68)|(23,23)/(90,90)|(35,35)/(78,78)|(3,3)/(110,110)|(36,36)/(77,77)|(7,7)/(106,106)|(53,53)/(60,60)|(12,12)/(101,101)|(34,34)/(79,79)|(37,37)/(76,76)|(4,4)/(109,109)|(6,6)/(107,107)|(43,43)/(70,70)|(9,9)/(104,104)|(38,38)/(75,75)|(46,46)/(67,67)|(30,30)/(83,83)|(41,41)/(72,72)|(25,25)/(88,88)|(2,2)/(111,111)|(18,18)/(95,95)",0.008849557489156723
subtraction_depth1_muon,1,muon,maximum_accuracy_reference,100000,checkpoints/subtraction_depth_1_muon_seed_0/step_100000.pt,1.0,1.0,pair_global,addition_only,8,56,"(28,28)/(85,85)|(11,11)/(102,102)|(13,13)/(100,100)|(31,31)/(82,82)|(8,8)/(105,105)|(32,32)/(81,81)|(21,21)/(92,92)|(27,27)/(86,86)|(33,33)/(80,80)|(10,10)/(103,103)|(24,24)/(89,89)|(29,29)/(84,84)|(55,55)/(58,58)|(20,20)/(93,93)|(14,14)/(99,99)|(42,42)/(71,71)|(26,26)/(87,87)|(39,39)/(74,74)|(56,56)/(57,57)|(17,17)/(96,96)|(49,49)/(64,64)|(50,50)/(63,63)|(16,16)/(97,97)|(47,47)/(66,66)|(51,51)/(62,62)|(54,54)/(59,59)|(22,22)/(91,91)|(44,44)/(69,69)|(15,15)/(98,98)|(52,52)/(61,61)|(19,19)/(94,94)|(1,1)/(112,112)|(5,5)/(108,108)|(48,48)/(65,65)|(40,40)/(73,73)|(45,45)/(68,68)|(23,23)/(90,90)|(35,35)/(78,78)|(3,3)/(110,110)|(36,36)/(77,77)|(7,7)/(106,106)|(53,53)/(60,60)|(12,12)/(101,101)|(34,34)/(79,79)|(37,37)/(76,76)|(4,4)/(109,109)|(6,6)/(107,107)|(43,43)/(70,70)|(9,9)/(104,104)|(38,38)/(75,75)|(46,46)/(67,67)|(30,30)/(83,83)|(41,41)/(72,72)|(25,25)/(88,88)|(2,2)/(111,111)|(18,18)/(95,95)",0.008849557489156723
subtraction_depth1_muon,1,muon,maximum_accuracy_reference,100000,checkpoints/subtraction_depth_1_muon_seed_0/step_100000.pt,1.0,1.0,pair_global,addition_only,9,56,"(28,28)/(85,85)|(11,11)/(102,102)|(13,13)/(100,100)|(31,31)/(82,82)|(8,8)/(105,105)|(32,32)/(81,81)|(21,21)/(92,92)|(27,27)/(86,86)|(33,33)/(80,80)|(10,10)/(103,103)|(24,24)/(89,89)|(29,29)/(84,84)|(55,55)/(58,58)|(20,20)/(93,93)|(14,14)/(99,99)|(42,42)/(71,71)|(26,26)/(87,87)|(39,39)/(74,74)|(56,56)/(57,57)|(17,17)/(96,96)|(49,49)/(64,64)|(50,50)/(63,63)|(16,16)/(97,97)|(47,47)/(66,66)|(51,51)/(62,62)|(54,54)/(59,59)|(22,22)/(91,91)|(44,44)/(69,69)|(15,15)/(98,98)|(52,52)/(61,61)|(19,19)/(94,94)|(1,1)/(112,112)|(5,5)/(108,108)|(48,48)/(65,65)|(40,40)/(73,73)|(45,45)/(68,68)|(23,23)/(90,90)|(35,35)/(78,78)|(3,3)/(110,110)|(36,36)/(77,77)|(7,7)/(106,106)|(53,53)/(60,60)|(12,12)/(101,101)|(34,34)/(79,79)|(37,37)/(76,76)|(4,4)/(109,109)|(6,6)/(107,107)|(43,43)/(70,70)|(9,9)/(104,104)|(38,38)/(75,75)|(46,46)/(67,67)|(30,30)/(83,83)|(41,41)/(72,72)|(25,25)/(88,88)|(2,2)/(111,111)|(18,18)/(95,95)",0.008849557489156723
subtraction_depth1_muon,1,muon,maximum_accuracy_reference,100000,checkpoints/subtraction_depth_1_muon_seed_0/step_100000.pt,1.0,1.0,pair_global,full_hidden,0,56,"(28,28)/(85,85)|(11,11)/(102,102)|(13,13)/(100,100)|(31,31)/(82,82)|(8,8)/(105,105)|(32,32)/(81,81)|(21,21)/(92,92)|(27,27)/(86,86)|(33,33)/(80,80)|(10,10)/(103,103)|(24,24)/(89,89)|(29,29)/(84,84)|(55,55)/(58,58)|(20,20)/(93,93)|(14,14)/(99,99)|(42,42)/(71,71)|(26,26)/(87,87)|(39,39)/(74,74)|(56,56)/(57,57)|(17,17)/(96,96)|(49,49)/(64,64)|(50,50)/(63,63)|(16,16)/(97,97)|(47,47)/(66,66)|(51,51)/(62,62)|(54,54)/(59,59)|(22,22)/(91,91)|(44,44)/(69,69)|(15,15)/(98,98)|(52,52)/(61,61)|(19,19)/(94,94)|(1,1)/(112,112)|(5,5)/(108,108)|(48,48)/(65,65)|(40,40)/(73,73)|(45,45)/(68,68)|(23,23)/(90,90)|(35,35)/(78,78)|(3,3)/(110,110)|(36,36)/(77,77)|(7,7)/(106,106)|(53,53)/(60,60)|(12,12)/(101,101)|(34,34)/(79,79)|(37,37)/(76,76)|(4,4)/(109,109)|(6,6)/(107,107)|(43,43)/(70,70)|(9,9)/(104,104)|(38,38)/(75,75)|(46,46)/(67,67)|(30,30)/(83,83)|(41,41)/(72,72)|(25,25)/(88,88)|(2,2)/(111,111)|(18,18)/(95,95)",1.0
subtraction_depth1_muon,1,muon,maximum_accuracy_reference,100000,checkpoints/subtraction_depth_1_muon_seed_0/step_100000.pt,1.0,1.0,pair_global,full_hidden,1,56,"(28,28)/(85,85)|(11,11)/(102,102)|(13,13)/(100,100)|(31,31)/(82,82)|(8,8)/(105,105)|(32,32)/(81,81)|(21,21)/(92,92)|(27,27)/(86,86)|(33,33)/(80,80)|(10,10)/(103,103)|(24,24)/(89,89)|(29,29)/(84,84)|(55,55)/(58,58)|(20,20)/(93,93)|(14,14)/(99,99)|(42,42)/(71,71)|(26,26)/(87,87)|(39,39)/(74,74)|(56,56)/(57,57)|(17,17)/(96,96)|(49,49)/(64,64)|(50,50)/(63,63)|(16,16)/(97,97)|(47,47)/(66,66)|(51,51)/(62,62)|(54,54)/(59,59)|(22,22)/(91,91)|(44,44)/(69,69)|(15,15)/(98,98)|(52,52)/(61,61)|(19,19)/(94,94)|(1,1)/(112,112)|(5,5)/(108,108)|(48,48)/(65,65)|(40,40)/(73,73)|(45,45)/(68,68)|(23,23)/(90,90)|(35,35)/(78,78)|(3,3)/(110,110)|(36,36)/(77,77)|(7,7)/(106,106)|(53,53)/(60,60)|(12,12)/(101,101)|(34,34)/(79,79)|(37,37)/(76,76)|(4,4)/(109,109)|(6,6)/(107,107)|(43,43)/(70,70)|(9,9)/(104,104)|(38,38)/(75,75)|(46,46)/(67,67)|(30,30)/(83,83)|(41,41)/(72,72)|(25,25)/(88,88)|(2,2)/(111,111)|(18,18)/(95,95)",1.0
subtraction_depth1_muon,1,muon,maximum_accuracy_reference,100000,checkpoints/subtraction_depth_1_muon_seed_0/step_100000.pt,1.0,1.0,pair_global,full_hidden,2,56,"(28,28)/(85,85)|(11,11)/(102,102)|(13,13)/(100,100)|(31,31)/(82,82)|(8,8)/(105,105)|(32,32)/(81,81)|(21,21)/(92,92)|(27,27)/(86,86)|(33,33)/(80,80)|(10,10)/(103,103)|(24,24)/(89,89)|(29,29)/(84,84)|(55,55)/(58,58)|(20,20)/(93,93)|(14,14)/(99,99)|(42,42)/(71,71)|(26,26)/(87,87)|(39,39)/(74,74)|(56,56)/(57,57)|(17,17)/(96,96)|(49,49)/(64,64)|(50,50)/(63,63)|(16,16)/(97,97)|(47,47)/(66,66)|(51,51)/(62,62)|(54,54)/(59,59)|(22,22)/(91,91)|(44,44)/(69,69)|(15,15)/(98,98)|(52,52)/(61,61)|(19,19)/(94,94)|(1,1)/(112,112)|(5,5)/(108,108)|(48,48)/(65,65)|(40,40)/(73,73)|(45,45)/(68,68)|(23,23)/(90,90)|(35,35)/(78,78)|(3,3)/(110,110)|(36,36)/(77,77)|(7,7)/(106,106)|(53,53)/(60,60)|(12,12)/(101,101)|(34,34)/(79,79)|(37,37)/(76,76)|(4,4)/(109,109)|(6,6)/(107,107)|(43,43)/(70,70)|(9,9)/(104,104)|(38,38)/(75,75)|(46,46)/(67,67)|(30,30)/(83,83)|(41,41)/(72,72)|(25,25)/(88,88)|(2,2)/(111,111)|(18,18)/(95,95)",1.0
subtraction_depth1_muon,1,muon,maximum_accuracy_reference,100000,checkpoints/subtraction_depth_1_muon_seed_0/step_100000.pt,1.0,1.0,pair_global,full_hidden,3,56,"(28,28)/(85,85)|(11,11)/(102,102)|(13,13)/(100,100)|(31,31)/(82,82)|(8,8)/(105,105)|(32,32)/(81,81)|(21,21)/(92,92)|(27,27)/(86,86)|(33,33)/(80,80)|(10,10)/(103,103)|(24,24)/(89,89)|(29,29)/(84,84)|(55,55)/(58,58)|(20,20)/(93,93)|(14,14)/(99,99)|(42,42)/(71,71)|(26,26)/(87,87)|(39,39)/(74,74)|(56,56)/(57,57)|(17,17)/(96,96)|(49,49)/(64,64)|(50,50)/(63,63)|(16,16)/(97,97)|(47,47)/(66,66)|(51,51)/(62,62)|(54,54)/(59,59)|(22,22)/(91,91)|(44,44)/(69,69)|(15,15)/(98,98)|(52,52)/(61,61)|(19,19)/(94,94)|(1,1)/(112,112)|(5,5)/(108,108)|(48,48)/(65,65)|(40,40)/(73,73)|(45,45)/(68,68)|(23,23)/(90,90)|(35,35)/(78,78)|(3,3)/(110,110)|(36,36)/(77,77)|(7,7)/(106,106)|(53,53)/(60,60)|(12,12)/(101,101)|(34,34)/(79,79)|(37,37)/(76,76)|(4,4)/(109,109)|(6,6)/(107,107)|(43,43)/(70,70)|(9,9)/(104,104)|(38,38)/(75,75)|(46,46)/(67,67)|(30,30)/(83,83)|(41,41)/(72,72)|(25,25)/(88,88)|(2,2)/(111,111)|(18,18)/(95,95)",1.0
subtraction_depth1_muon,1,muon,maximum_accuracy_reference,100000,checkpoints/subtraction_depth_1_muon_seed_0/step_100000.pt,1.0,1.0,pair_global,full_hidden,4,56,"(28,28)/(85,85)|(11,11)/(102,102)|(13,13)/(100,100)|(31,31)/(82,82)|(8,8)/(105,105)|(32,32)/(81,81)|(21,21)/(92,92)|(27,27)/(86,86)|(33,33)/(80,80)|(10,10)/(103,103)|(24,24)/(89,89)|(29,29)/(84,84)|(55,55)/(58,58)|(20,20)/(93,93)|(14,14)/(99,99)|(42,42)/(71,71)|(26,26)/(87,87)|(39,39)/(74,74)|(56,56)/(57,57)|(17,17)/(96,96)|(49,49)/(64,64)|(50,50)/(63,63)|(16,16)/(97,97)|(47,47)/(66,66)|(51,51)/(62,62)|(54,54)/(59,59)|(22,22)/(91,91)|(44,44)/(69,69)|(15,15)/(98,98)|(52,52)/(61,61)|(19,19)/(94,94)|(1,1)/(112,112)|(5,5)/(108,108)|(48,48)/(65,65)|(40,40)/(73,73)|(45,45)/(68,68)|(23,23)/(90,90)|(35,35)/(78,78)|(3,3)/(110,110)|(36,36)/(77,77)|(7,7)/(106,106)|(53,53)/(60,60)|(12,12)/(101,101)|(34,34)/(79,79)|(37,37)/(76,76)|(4,4)/(109,109)|(6,6)/(107,107)|(43,43)/(70,70)|(9,9)/(104,104)|(38,38)/(75,75)|(46,46)/(67,67)|(30,30)/(83,83)|(41,41)/(72,72)|(25,25)/(88,88)|(2,2)/(111,111)|(18,18)/(95,95)",1.0
subtraction_depth1_muon,1,muon,maximum_accuracy_reference,100000,checkpoints/subtraction_depth_1_muon_seed_0/step_100000.pt,1.0,1.0,pair_global,full_hidden,5,56,"(28,28)/(85,85)|(11,11)/(102,102)|(13,13)/(100,100)|(31,31)/(82,82)|(8,8)/(105,105)|(32,32)/(81,81)|(21,21)/(92,92)|(27,27)/(86,86)|(33,33)/(80,80)|(10,10)/(103,103)|(24,24)/(89,89)|(29,29)/(84,84)|(55,55)/(58,58)|(20,20)/(93,93)|(14,14)/(99,99)|(42,42)/(71,71)|(26,26)/(87,87)|(39,39)/(74,74)|(56,56)/(57,57)|(17,17)/(96,96)|(49,49)/(64,64)|(50,50)/(63,63)|(16,16)/(97,97)|(47,47)/(66,66)|(51,51)/(62,62)|(54,54)/(59,59)|(22,22)/(91,91)|(44,44)/(69,69)|(15,15)/(98,98)|(52,52)/(61,61)|(19,19)/(94,94)|(1,1)/(112,112)|(5,5)/(108,108)|(48,48)/(65,65)|(40,40)/(73,73)|(45,45)/(68,68)|(23,23)/(90,90)|(35,35)/(78,78)|(3,3)/(110,110)|(36,36)/(77,77)|(7,7)/(106,106)|(53,53)/(60,60)|(12,12)/(101,101)|(34,34)/(79,79)|(37,37)/(76,76)|(4,4)/(109,109)|(6,6)/(107,107)|(43,43)/(70,70)|(9,9)/(104,104)|(38,38)/(75,75)|(46,46)/(67,67)|(30,30)/(83,83)|(41,41)/(72,72)|(25,25)/(88,88)|(2,2)/(111,111)|(18,18)/(95,95)",1.0
subtraction_depth1_muon,1,muon,maximum_accuracy_reference,100000,checkpoints/subtraction_depth_1_muon_seed_0/step_100000.pt,1.0,1.0,pair_global,full_hidden,6,56,"(28,28)/(85,85)|(11,11)/(102,102)|(13,13)/(100,100)|(31,31)/(82,82)|(8,8)/(105,105)|(32,32)/(81,81)|(21,21)/(92,92)|(27,27)/(86,86)|(33,33)/(80,80)|(10,10)/(103,103)|(24,24)/(89,89)|(29,29)/(84,84)|(55,55)/(58,58)|(20,20)/(93,93)|(14,14)/(99,99)|(42,42)/(71,71)|(26,26)/(87,87)|(39,39)/(74,74)|(56,56)/(57,57)|(17,17)/(96,96)|(49,49)/(64,64)|(50,50)/(63,63)|(16,16)/(97,97)|(47,47)/(66,66)|(51,51)/(62,62)|(54,54)/(59,59)|(22,22)/(91,91)|(44,44)/(69,69)|(15,15)/(98,98)|(52,52)/(61,61)|(19,19)/(94,94)|(1,1)/(112,112)|(5,5)/(108,108)|(48,48)/(65,65)|(40,40)/(73,73)|(45,45)/(68,68)|(23,23)/(90,90)|(35,35)/(78,78)|(3,3)/(110,110)|(36,36)/(77,77)|(7,7)/(106,106)|(53,53)/(60,60)|(12,12)/(101,101)|(34,34)/(79,79)|(37,37)/(76,76)|(4,4)/(109,109)|(6,6)/(107,107)|(43,43)/(70,70)|(9,9)/(104,104)|(38,38)/(75,75)|(46,46)/(67,67)|(30,30)/(83,83)|(41,41)/(72,72)|(25,25)/(88,88)|(2,2)/(111,111)|(18,18)/(95,95)",1.0
subtraction_depth1_muon,1,muon,maximum_accuracy_reference,100000,checkpoints/subtraction_depth_1_muon_seed_0/step_100000.pt,1.0,1.0,pair_global,full_hidden,7,56,"(28,28)/(85,85)|(11,11)/(102,102)|(13,13)/(100,100)|(31,31)/(82,82)|(8,8)/(105,105)|(32,32)/(81,81)|(21,21)/(92,92)|(27,27)/(86,86)|(33,33)/(80,80)|(10,10)/(103,103)|(24,24)/(89,89)|(29,29)/(84,84)|(55,55)/(58,58)|(20,20)/(93,93)|(14,14)/(99,99)|(42,42)/(71,71)|(26,26)/(87,87)|(39,39)/(74,74)|(56,56)/(57,57)|(17,17)/(96,96)|(49,49)/(64,64)|(50,50)/(63,63)|(16,16)/(97,97)|(47,47)/(66,66)|(51,51)/(62,62)|(54,54)/(59,59)|(22,22)/(91,91)|(44,44)/(69,69)|(15,15)/(98,98)|(52,52)/(61,61)|(19,19)/(94,94)|(1,1)/(112,112)|(5,5)/(108,108)|(48,48)/(65,65)|(40,40)/(73,73)|(45,45)/(68,68)|(23,23)/(90,90)|(35,35)/(78,78)|(3,3)/(110,110)|(36,36)/(77,77)|(7,7)/(106,106)|(53,53)/(60,60)|(12,12)/(101,101)|(34,34)/(79,79)|(37,37)/(76,76)|(4,4)/(109,109)|(6,6)/(107,107)|(43,43)/(70,70)|(9,9)/(104,104)|(38,38)/(75,75)|(46,46)/(67,67)|(30,30)/(83,83)|(41,41)/(72,72)|(25,25)/(88,88)|(2,2)/(111,111)|(18,18)/(95,95)",1.0
subtraction_depth1_muon,1,muon,maximum_accuracy_reference,100000,checkpoints/subtraction_depth_1_muon_seed_0/step_100000.pt,1.0,1.0,pair_global,full_hidden,8,56,"(28,28)/(85,85)|(11,11)/(102,102)|(13,13)/(100,100)|(31,31)/(82,82)|(8,8)/(105,105)|(32,32)/(81,81)|(21,21)/(92,92)|(27,27)/(86,86)|(33,33)/(80,80)|(10,10)/(103,103)|(24,24)/(89,89)|(29,29)/(84,84)|(55,55)/(58,58)|(20,20)/(93,93)|(14,14)/(99,99)|(42,42)/(71,71)|(26,26)/(87,87)|(39,39)/(74,74)|(56,56)/(57,57)|(17,17)/(96,96)|(49,49)/(64,64)|(50,50)/(63,63)|(16,16)/(97,97)|(47,47)/(66,66)|(51,51)/(62,62)|(54,54)/(59,59)|(22,22)/(91,91)|(44,44)/(69,69)|(15,15)/(98,98)|(52,52)/(61,61)|(19,19)/(94,94)|(1,1)/(112,112)|(5,5)/(108,108)|(48,48)/(65,65)|(40,40)/(73,73)|(45,45)/(68,68)|(23,23)/(90,90)|(35,35)/(78,78)|(3,3)/(110,110)|(36,36)/(77,77)|(7,7)/(106,106)|(53,53)/(60,60)|(12,12)/(101,101)|(34,34)/(79,79)|(37,37)/(76,76)|(4,4)/(109,109)|(6,6)/(107,107)|(43,43)/(70,70)|(9,9)/(104,104)|(38,38)/(75,75)|(46,46)/(67,67)|(30,30)/(83,83)|(41,41)/(72,72)|(25,25)/(88,88)|(2,2)/(111,111)|(18,18)/(95,95)",1.0
subtraction_depth1_muon,1,muon,maximum_accuracy_reference,100000,checkpoints/subtraction_depth_1_muon_seed_0/step_100000.pt,1.0,1.0,pair_global,full_hidden,9,56,"(28,28)/(85,85)|(11,11)/(102,102)|(13,13)/(100,100)|(31,31)/(82,82)|(8,8)/(105,105)|(32,32)/(81,81)|(21,21)/(92,92)|(27,27)/(86,86)|(33,33)/(80,80)|(10,10)/(103,103)|(24,24)/(89,89)|(29,29)/(84,84)|(55,55)/(58,58)|(20,20)/(93,93)|(14,14)/(99,99)|(42,42)/(71,71)|(26,26)/(87,87)|(39,39)/(74,74)|(56,56)/(57,57)|(17,17)/(96,96)|(49,49)/(64,64)|(50,50)/(63,63)|(16,16)/(97,97)|(47,47)/(66,66)|(51,51)/(62,62)|(54,54)/(59,59)|(22,22)/(91,91)|(44,44)/(69,69)|(15,15)/(98,98)|(52,52)/(61,61)|(19,19)/(94,94)|(1,1)/(112,112)|(5,5)/(108,108)|(48,48)/(65,65)|(40,40)/(73,73)|(45,45)/(68,68)|(23,23)/(90,90)|(35,35)/(78,78)|(3,3)/(110,110)|(36,36)/(77,77)|(7,7)/(106,106)|(53,53)/(60,60)|(12,12)/(101,101)|(34,34)/(79,79)|(37,37)/(76,76)|(4,4)/(109,109)|(6,6)/(107,107)|(43,43)/(70,70)|(9,9)/(104,104)|(38,38)/(75,75)|(46,46)/(67,67)|(30,30)/(83,83)|(41,41)/(72,72)|(25,25)/(88,88)|(2,2)/(111,111)|(18,18)/(95,95)",1.0
subtraction_depth1_muon,1,muon,maximum_accuracy_reference,100000,checkpoints/subtraction_depth_1_muon_seed_0/step_100000.pt,1.0,1.0,channelwise,addition_only,0,56,"(28,28)/(85,85)|(11,11)/(102,102)|(13,13)/(100,100)|(31,31)/(82,82)|(8,8)/(105,105)|(32,32)/(81,81)|(21,21)/(92,92)|(27,27)/(86,86)|(33,33)/(80,80)|(10,10)/(103,103)|(24,24)/(89,89)|(29,29)/(84,84)|(55,55)/(58,58)|(20,20)/(93,93)|(14,14)/(99,99)|(42,42)/(71,71)|(26,26)/(87,87)|(39,39)/(74,74)|(56,56)/(57,57)|(17,17)/(96,96)|(49,49)/(64,64)|(50,50)/(63,63)|(16,16)/(97,97)|(47,47)/(66,66)|(51,51)/(62,62)|(54,54)/(59,59)|(22,22)/(91,91)|(44,44)/(69,69)|(15,15)/(98,98)|(52,52)/(61,61)|(19,19)/(94,94)|(1,1)/(112,112)|(5,5)/(108,108)|(48,48)/(65,65)|(40,40)/(73,73)|(45,45)/(68,68)|(23,23)/(90,90)|(35,35)/(78,78)|(3,3)/(110,110)|(36,36)/(77,77)|(7,7)/(106,106)|(53,53)/(60,60)|(12,12)/(101,101)|(34,34)/(79,79)|(37,37)/(76,76)|(4,4)/(109,109)|(6,6)/(107,107)|(43,43)/(70,70)|(9,9)/(104,104)|(38,38)/(75,75)|(46,46)/(67,67)|(30,30)/(83,83)|(41,41)/(72,72)|(25,25)/(88,88)|(2,2)/(111,111)|(18,18)/(95,95)",0.008849557489156723
subtraction_depth1_muon,1,muon,maximum_accuracy_reference,100000,checkpoints/subtraction_depth_1_muon_seed_0/step_100000.pt,1.0,1.0,channelwise,addition_only,1,56,"(28,28)/(85,85)|(11,11)/(102,102)|(13,13)/(100,100)|(31,31)/(82,82)|(8,8)/(105,105)|(32,32)/(81,81)|(21,21)/(92,92)|(27,27)/(86,86)|(33,33)/(80,80)|(10,10)/(103,103)|(24,24)/(89,89)|(29,29)/(84,84)|(55,55)/(58,58)|(20,20)/(93,93)|(14,14)/(99,99)|(42,42)/(71,71)|(26,26)/(87,87)|(39,39)/(74,74)|(56,56)/(57,57)|(17,17)/(96,96)|(49,49)/(64,64)|(50,50)/(63,63)|(16,16)/(97,97)|(47,47)/(66,66)|(51,51)/(62,62)|(54,54)/(59,59)|(22,22)/(91,91)|(44,44)/(69,69)|(15,15)/(98,98)|(52,52)/(61,61)|(19,19)/(94,94)|(1,1)/(112,112)|(5,5)/(108,108)|(48,48)/(65,65)|(40,40)/(73,73)|(45,45)/(68,68)|(23,23)/(90,90)|(35,35)/(78,78)|(3,3)/(110,110)|(36,36)/(77,77)|(7,7)/(106,106)|(53,53)/(60,60)|(12,12)/(101,101)|(34,34)/(79,79)|(37,37)/(76,76)|(4,4)/(109,109)|(6,6)/(107,107)|(43,43)/(70,70)|(9,9)/(104,104)|(38,38)/(75,75)|(46,46)/(67,67)|(30,30)/(83,83)|(41,41)/(72,72)|(25,25)/(88,88)|(2,2)/(111,111)|(18,18)/(95,95)",0.008849557489156723
subtraction_depth1_muon,1,muon,maximum_accuracy_reference,100000,checkpoints/subtraction_depth_1_muon_seed_0/step_100000.pt,1.0,1.0,channelwise,addition_only,2,56,"(28,28)/(85,85)|(11,11)/(102,102)|(13,13)/(100,100)|(31,31)/(82,82)|(8,8)/(105,105)|(32,32)/(81,81)|(21,21)/(92,92)|(27,27)/(86,86)|(33,33)/(80,80)|(10,10)/(103,103)|(24,24)/(89,89)|(29,29)/(84,84)|(55,55)/(58,58)|(20,20)/(93,93)|(14,14)/(99,99)|(42,42)/(71,71)|(26,26)/(87,87)|(39,39)/(74,74)|(56,56)/(57,57)|(17,17)/(96,96)|(49,49)/(64,64)|(50,50)/(63,63)|(16,16)/(97,97)|(47,47)/(66,66)|(51,51)/(62,62)|(54,54)/(59,59)|(22,22)/(91,91)|(44,44)/(69,69)|(15,15)/(98,98)|(52,52)/(61,61)|(19,19)/(94,94)|(1,1)/(112,112)|(5,5)/(108,108)|(48,48)/(65,65)|(40,40)/(73,73)|(45,45)/(68,68)|(23,23)/(90,90)|(35,35)/(78,78)|(3,3)/(110,110)|(36,36)/(77,77)|(7,7)/(106,106)|(53,53)/(60,60)|(12,12)/(101,101)|(34,34)/(79,79)|(37,37)/(76,76)|(4,4)/(109,109)|(6,6)/(107,107)|(43,43)/(70,70)|(9,9)/(104,104)|(38,38)/(75,75)|(46,46)/(67,67)|(30,30)/(83,83)|(41,41)/(72,72)|(25,25)/(88,88)|(2,2)/(111,111)|(18,18)/(95,95)",0.008849557489156723
subtraction_depth1_muon,1,muon,maximum_accuracy_reference,100000,checkpoints/subtraction_depth_1_muon_seed_0/step_100000.pt,1.0,1.0,channelwise,addition_only,3,56,"(28,28)/(85,85)|(11,11)/(102,102)|(13,13)/(100,100)|(31,31)/(82,82)|(8,8)/(105,105)|(32,32)/(81,81)|(21,21)/(92,92)|(27,27)/(86,86)|(33,33)/(80,80)|(10,10)/(103,103)|(24,24)/(89,89)|(29,29)/(84,84)|(55,55)/(58,58)|(20,20)/(93,93)|(14,14)/(99,99)|(42,42)/(71,71)|(26,26)/(87,87)|(39,39)/(74,74)|(56,56)/(57,57)|(17,17)/(96,96)|(49,49)/(64,64)|(50,50)/(63,63)|(16,16)/(97,97)|(47,47)/(66,66)|(51,51)/(62,62)|(54,54)/(59,59)|(22,22)/(91,91)|(44,44)/(69,69)|(15,15)/(98,98)|(52,52)/(61,61)|(19,19)/(94,94)|(1,1)/(112,112)|(5,5)/(108,108)|(48,48)/(65,65)|(40,40)/(73,73)|(45,45)/(68,68)|(23,23)/(90,90)|(35,35)/(78,78)|(3,3)/(110,110)|(36,36)/(77,77)|(7,7)/(106,106)|(53,53)/(60,60)|(12,12)/(101,101)|(34,34)/(79,79)|(37,37)/(76,76)|(4,4)/(109,109)|(6,6)/(107,107)|(43,43)/(70,70)|(9,9)/(104,104)|(38,38)/(75,75)|(46,46)/(67,67)|(30,30)/(83,83)|(41,41)/(72,72)|(25,25)/(88,88)|(2,2)/(111,111)|(18,18)/(95,95)",0.008849557489156723
subtraction_depth1_muon,1,muon,maximum_accuracy_reference,100000,checkpoints/subtraction_depth_1_muon_seed_0/step_100000.pt,1.0,1.0,channelwise,addition_only,4,56,"(28,28)/(85,85)|(11,11)/(102,102)|(13,13)/(100,100)|(31,31)/(82,82)|(8,8)/(105,105)|(32,32)/(81,81)|(21,21)/(92,92)|(27,27)/(86,86)|(33,33)/(80,80)|(10,10)/(103,103)|(24,24)/(89,89)|(29,29)/(84,84)|(55,55)/(58,58)|(20,20)/(93,93)|(14,14)/(99,99)|(42,42)/(71,71)|(26,26)/(87,87)|(39,39)/(74,74)|(56,56)/(57,57)|(17,17)/(96,96)|(49,49)/(64,64)|(50,50)/(63,63)|(16,16)/(97,97)|(47,47)/(66,66)|(51,51)/(62,62)|(54,54)/(59,59)|(22,22)/(91,91)|(44,44)/(69,69)|(15,15)/(98,98)|(52,52)/(61,61)|(19,19)/(94,94)|(1,1)/(112,112)|(5,5)/(108,108)|(48,48)/(65,65)|(40,40)/(73,73)|(45,45)/(68,68)|(23,23)/(90,90)|(35,35)/(78,78)|(3,3)/(110,110)|(36,36)/(77,77)|(7,7)/(106,106)|(53,53)/(60,60)|(12,12)/(101,101)|(34,34)/(79,79)|(37,37)/(76,76)|(4,4)/(109,109)|(6,6)/(107,107)|(43,43)/(70,70)|(9,9)/(104,104)|(38,38)/(75,75)|(46,46)/(67,67)|(30,30)/(83,83)|(41,41)/(72,72)|(25,25)/(88,88)|(2,2)/(111,111)|(18,18)/(95,95)",0.008849557489156723
subtraction_depth1_muon,1,muon,maximum_accuracy_reference,100000,checkpoints/subtraction_depth_1_muon_seed_0/step_100000.pt,1.0,1.0,channelwise,addition_only,5,56,"(28,28)/(85,85)|(11,11)/(102,102)|(13,13)/(100,100)|(31,31)/(82,82)|(8,8)/(105,105)|(32,32)/(81,81)|(21,21)/(92,92)|(27,27)/(86,86)|(33,33)/(80,80)|(10,10)/(103,103)|(24,24)/(89,89)|(29,29)/(84,84)|(55,55)/(58,58)|(20,20)/(93,93)|(14,14)/(99,99)|(42,42)/(71,71)|(26,26)/(87,87)|(39,39)/(74,74)|(56,56)/(57,57)|(17,17)/(96,96)|(49,49)/(64,64)|(50,50)/(63,63)|(16,16)/(97,97)|(47,47)/(66,66)|(51,51)/(62,62)|(54,54)/(59,59)|(22,22)/(91,91)|(44,44)/(69,69)|(15,15)/(98,98)|(52,52)/(61,61)|(19,19)/(94,94)|(1,1)/(112,112)|(5,5)/(108,108)|(48,48)/(65,65)|(40,40)/(73,73)|(45,45)/(68,68)|(23,23)/(90,90)|(35,35)/(78,78)|(3,3)/(110,110)|(36,36)/(77,77)|(7,7)/(106,106)|(53,53)/(60,60)|(12,12)/(101,101)|(34,34)/(79,79)|(37,37)/(76,76)|(4,4)/(109,109)|(6,6)/(107,107)|(43,43)/(70,70)|(9,9)/(104,104)|(38,38)/(75,75)|(46,46)/(67,67)|(30,30)/(83,83)|(41,41)/(72,72)|(25,25)/(88,88)|(2,2)/(111,111)|(18,18)/(95,95)",0.008849557489156723
subtraction_depth1_muon,1,muon,maximum_accuracy_reference,100000,checkpoints/subtraction_depth_1_muon_seed_0/step_100000.pt,1.0,1.0,channelwise,addition_only,6,56,"(28,28)/(85,85)|(11,11)/(102,102)|(13,13)/(100,100)|(31,31)/(82,82)|(8,8)/(105,105)|(32,32)/(81,81)|(21,21)/(92,92)|(27,27)/(86,86)|(33,33)/(80,80)|(10,10)/(103,103)|(24,24)/(89,89)|(29,29)/(84,84)|(55,55)/(58,58)|(20,20)/(93,93)|(14,14)/(99,99)|(42,42)/(71,71)|(26,26)/(87,87)|(39,39)/(74,74)|(56,56)/(57,57)|(17,17)/(96,96)|(49,49)/(64,64)|(50,50)/(63,63)|(16,16)/(97,97)|(47,47)/(66,66)|(51,51)/(62,62)|(54,54)/(59,59)|(22,22)/(91,91)|(44,44)/(69,69)|(15,15)/(98,98)|(52,52)/(61,61)|(19,19)/(94,94)|(1,1)/(112,112)|(5,5)/(108,108)|(48,48)/(65,65)|(40,40)/(73,73)|(45,45)/(68,68)|(23,23)/(90,90)|(35,35)/(78,78)|(3,3)/(110,110)|(36,36)/(77,77)|(7,7)/(106,106)|(53,53)/(60,60)|(12,12)/(101,101)|(34,34)/(79,79)|(37,37)/(76,76)|(4,4)/(109,109)|(6,6)/(107,107)|(43,43)/(70,70)|(9,9)/(104,104)|(38,38)/(75,75)|(46,46)/(67,67)|(30,30)/(83,83)|(41,41)/(72,72)|(25,25)/(88,88)|(2,2)/(111,111)|(18,18)/(95,95)",0.008849557489156723
subtraction_depth1_muon,1,muon,maximum_accuracy_reference,100000,checkpoints/subtraction_depth_1_muon_seed_0/step_100000.pt,1.0,1.0,channelwise,addition_only,7,56,"(28,28)/(85,85)|(11,11)/(102,102)|(13,13)/(100,100)|(31,31)/(82,82)|(8,8)/(105,105)|(32,32)/(81,81)|(21,21)/(92,92)|(27,27)/(86,86)|(33,33)/(80,80)|(10,10)/(103,103)|(24,24)/(89,89)|(29,29)/(84,84)|(55,55)/(58,58)|(20,20)/(93,93)|(14,14)/(99,99)|(42,42)/(71,71)|(26,26)/(87,87)|(39,39)/(74,74)|(56,56)/(57,57)|(17,17)/(96,96)|(49,49)/(64,64)|(50,50)/(63,63)|(16,16)/(97,97)|(47,47)/(66,66)|(51,51)/(62,62)|(54,54)/(59,59)|(22,22)/(91,91)|(44,44)/(69,69)|(15,15)/(98,98)|(52,52)/(61,61)|(19,19)/(94,94)|(1,1)/(112,112)|(5,5)/(108,108)|(48,48)/(65,65)|(40,40)/(73,73)|(45,45)/(68,68)|(23,23)/(90,90)|(35,35)/(78,78)|(3,3)/(110,110)|(36,36)/(77,77)|(7,7)/(106,106)|(53,53)/(60,60)|(12,12)/(101,101)|(34,34)/(79,79)|(37,37)/(76,76)|(4,4)/(109,109)|(6,6)/(107,107)|(43,43)/(70,70)|(9,9)/(104,104)|(38,38)/(75,75)|(46,46)/(67,67)|(30,30)/(83,83)|(41,41)/(72,72)|(25,25)/(88,88)|(2,2)/(111,111)|(18,18)/(95,95)",0.008849557489156723
subtraction_depth1_muon,1,muon,maximum_accuracy_reference,100000,checkpoints/subtraction_depth_1_muon_seed_0/step_100000.pt,1.0,1.0,channelwise,addition_only,8,56,"(28,28)/(85,85)|(11,11)/(102,102)|(13,13)/(100,100)|(31,31)/(82,82)|(8,8)/(105,105)|(32,32)/(81,81)|(21,21)/(92,92)|(27,27)/(86,86)|(33,33)/(80,80)|(10,10)/(103,103)|(24,24)/(89,89)|(29,29)/(84,84)|(55,55)/(58,58)|(20,20)/(93,93)|(14,14)/(99,99)|(42,42)/(71,71)|(26,26)/(87,87)|(39,39)/(74,74)|(56,56)/(57,57)|(17,17)/(96,96)|(49,49)/(64,64)|(50,50)/(63,63)|(16,16)/(97,97)|(47,47)/(66,66)|(51,51)/(62,62)|(54,54)/(59,59)|(22,22)/(91,91)|(44,44)/(69,69)|(15,15)/(98,98)|(52,52)/(61,61)|(19,19)/(94,94)|(1,1)/(112,112)|(5,5)/(108,108)|(48,48)/(65,65)|(40,40)/(73,73)|(45,45)/(68,68)|(23,23)/(90,90)|(35,35)/(78,78)|(3,3)/(110,110)|(36,36)/(77,77)|(7,7)/(106,106)|(53,53)/(60,60)|(12,12)/(101,101)|(34,34)/(79,79)|(37,37)/(76,76)|(4,4)/(109,109)|(6,6)/(107,107)|(43,43)/(70,70)|(9,9)/(104,104)|(38,38)/(75,75)|(46,46)/(67,67)|(30,30)/(83,83)|(41,41)/(72,72)|(25,25)/(88,88)|(2,2)/(111,111)|(18,18)/(95,95)",0.008849557489156723
subtraction_depth1_muon,1,muon,maximum_accuracy_reference,100000,checkpoints/subtraction_depth_1_muon_seed_0/step_100000.pt,1.0,1.0,channelwise,addition_only,9,56,"(28,28)/(85,85)|(11,11)/(102,102)|(13,13)/(100,100)|(31,31)/(82,82)|(8,8)/(105,105)|(32,32)/(81,81)|(21,21)/(92,92)|(27,27)/(86,86)|(33,33)/(80,80)|(10,10)/(103,103)|(24,24)/(89,89)|(29,29)/(84,84)|(55,55)/(58,58)|(20,20)/(93,93)|(14,14)/(99,99)|(42,42)/(71,71)|(26,26)/(87,87)|(39,39)/(74,74)|(56,56)/(57,57)|(17,17)/(96,96)|(49,49)/(64,64)|(50,50)/(63,63)|(16,16)/(97,97)|(47,47)/(66,66)|(51,51)/(62,62)|(54,54)/(59,59)|(22,22)/(91,91)|(44,44)/(69,69)|(15,15)/(98,98)|(52,52)/(61,61)|(19,19)/(94,94)|(1,1)/(112,112)|(5,5)/(108,108)|(48,48)/(65,65)|(40,40)/(73,73)|(45,45)/(68,68)|(23,23)/(90,90)|(35,35)/(78,78)|(3,3)/(110,110)|(36,36)/(77,77)|(7,7)/(106,106)|(53,53)/(60,60)|(12,12)/(101,101)|(34,34)/(79,79)|(37,37)/(76,76)|(4,4)/(109,109)|(6,6)/(107,107)|(43,43)/(70,70)|(9,9)/(104,104)|(38,38)/(75,75)|(46,46)/(67,67)|(30,30)/(83,83)|(41,41)/(72,72)|(25,25)/(88,88)|(2,2)/(111,111)|(18,18)/(95,95)",0.008849557489156723
subtraction_depth1_muon,1,muon,maximum_accuracy_reference,100000,checkpoints/subtraction_depth_1_muon_seed_0/step_100000.pt,1.0,1.0,channelwise,full_hidden,0,56,"(28,28)/(85,85)|(11,11)/(102,102)|(13,13)/(100,100)|(31,31)/(82,82)|(8,8)/(105,105)|(32,32)/(81,81)|(21,21)/(92,92)|(27,27)/(86,86)|(33,33)/(80,80)|(10,10)/(103,103)|(24,24)/(89,89)|(29,29)/(84,84)|(55,55)/(58,58)|(20,20)/(93,93)|(14,14)/(99,99)|(42,42)/(71,71)|(26,26)/(87,87)|(39,39)/(74,74)|(56,56)/(57,57)|(17,17)/(96,96)|(49,49)/(64,64)|(50,50)/(63,63)|(16,16)/(97,97)|(47,47)/(66,66)|(51,51)/(62,62)|(54,54)/(59,59)|(22,22)/(91,91)|(44,44)/(69,69)|(15,15)/(98,98)|(52,52)/(61,61)|(19,19)/(94,94)|(1,1)/(112,112)|(5,5)/(108,108)|(48,48)/(65,65)|(40,40)/(73,73)|(45,45)/(68,68)|(23,23)/(90,90)|(35,35)/(78,78)|(3,3)/(110,110)|(36,36)/(77,77)|(7,7)/(106,106)|(53,53)/(60,60)|(12,12)/(101,101)|(34,34)/(79,79)|(37,37)/(76,76)|(4,4)/(109,109)|(6,6)/(107,107)|(43,43)/(70,70)|(9,9)/(104,104)|(38,38)/(75,75)|(46,46)/(67,67)|(30,30)/(83,83)|(41,41)/(72,72)|(25,25)/(88,88)|(2,2)/(111,111)|(18,18)/(95,95)",1.0
subtraction_depth1_muon,1,muon,maximum_accuracy_reference,100000,checkpoints/subtraction_depth_1_muon_seed_0/step_100000.pt,1.0,1.0,channelwise,full_hidden,1,56,"(28,28)/(85,85)|(11,11)/(102,102)|(13,13)/(100,100)|(31,31)/(82,82)|(8,8)/(105,105)|(32,32)/(81,81)|(21,21)/(92,92)|(27,27)/(86,86)|(33,33)/(80,80)|(10,10)/(103,103)|(24,24)/(89,89)|(29,29)/(84,84)|(55,55)/(58,58)|(20,20)/(93,93)|(14,14)/(99,99)|(42,42)/(71,71)|(26,26)/(87,87)|(39,39)/(74,74)|(56,56)/(57,57)|(17,17)/(96,96)|(49,49)/(64,64)|(50,50)/(63,63)|(16,16)/(97,97)|(47,47)/(66,66)|(51,51)/(62,62)|(54,54)/(59,59)|(22,22)/(91,91)|(44,44)/(69,69)|(15,15)/(98,98)|(52,52)/(61,61)|(19,19)/(94,94)|(1,1)/(112,112)|(5,5)/(108,108)|(48,48)/(65,65)|(40,40)/(73,73)|(45,45)/(68,68)|(23,23)/(90,90)|(35,35)/(78,78)|(3,3)/(110,110)|(36,36)/(77,77)|(7,7)/(106,106)|(53,53)/(60,60)|(12,12)/(101,101)|(34,34)/(79,79)|(37,37)/(76,76)|(4,4)/(109,109)|(6,6)/(107,107)|(43,43)/(70,70)|(9,9)/(104,104)|(38,38)/(75,75)|(46,46)/(67,67)|(30,30)/(83,83)|(41,41)/(72,72)|(25,25)/(88,88)|(2,2)/(111,111)|(18,18)/(95,95)",0.9999216794967651
subtraction_depth1_muon,1,muon,maximum_accuracy_reference,100000,checkpoints/subtraction_depth_1_muon_seed_0/step_100000.pt,1.0,1.0,channelwise,full_hidden,2,56,"(28,28)/(85,85)|(11,11)/(102,102)|(13,13)/(100,100)|(31,31)/(82,82)|(8,8)/(105,105)|(32,32)/(81,81)|(21,21)/(92,92)|(27,27)/(86,86)|(33,33)/(80,80)|(10,10)/(103,103)|(24,24)/(89,89)|(29,29)/(84,84)|(55,55)/(58,58)|(20,20)/(93,93)|(14,14)/(99,99)|(42,42)/(71,71)|(26,26)/(87,87)|(39,39)/(74,74)|(56,56)/(57,57)|(17,17)/(96,96)|(49,49)/(64,64)|(50,50)/(63,63)|(16,16)/(97,97)|(47,47)/(66,66)|(51,51)/(62,62)|(54,54)/(59,59)|(22,22)/(91,91)|(44,44)/(69,69)|(15,15)/(98,98)|(52,52)/(61,61)|(19,19)/(94,94)|(1,1)/(112,112)|(5,5)/(108,108)|(48,48)/(65,65)|(40,40)/(73,73)|(45,45)/(68,68)|(23,23)/(90,90)|(35,35)/(78,78)|(3,3)/(110,110)|(36,36)/(77,77)|(7,7)/(106,106)|(53,53)/(60,60)|(12,12)/(101,101)|(34,34)/(79,79)|(37,37)/(76,76)|(4,4)/(109,109)|(6,6)/(107,107)|(43,43)/(70,70)|(9,9)/(104,104)|(38,38)/(75,75)|(46,46)/(67,67)|(30,30)/(83,83)|(41,41)/(72,72)|(25,25)/(88,88)|(2,2)/(111,111)|(18,18)/(95,95)",1.0
subtraction_depth1_muon,1,muon,maximum_accuracy_reference,100000,checkpoints/subtraction_depth_1_muon_seed_0/step_100000.pt,1.0,1.0,channelwise,full_hidden,3,56,"(28,28)/(85,85)|(11,11)/(102,102)|(13,13)/(100,100)|(31,31)/(82,82)|(8,8)/(105,105)|(32,32)/(81,81)|(21,21)/(92,92)|(27,27)/(86,86)|(33,33)/(80,80)|(10,10)/(103,103)|(24,24)/(89,89)|(29,29)/(84,84)|(55,55)/(58,58)|(20,20)/(93,93)|(14,14)/(99,99)|(42,42)/(71,71)|(26,26)/(87,87)|(39,39)/(74,74)|(56,56)/(57,57)|(17,17)/(96,96)|(49,49)/(64,64)|(50,50)/(63,63)|(16,16)/(97,97)|(47,47)/(66,66)|(51,51)/(62,62)|(54,54)/(59,59)|(22,22)/(91,91)|(44,44)/(69,69)|(15,15)/(98,98)|(52,52)/(61,61)|(19,19)/(94,94)|(1,1)/(112,112)|(5,5)/(108,108)|(48,48)/(65,65)|(40,40)/(73,73)|(45,45)/(68,68)|(23,23)/(90,90)|(35,35)/(78,78)|(3,3)/(110,110)|(36,36)/(77,77)|(7,7)/(106,106)|(53,53)/(60,60)|(12,12)/(101,101)|(34,34)/(79,79)|(37,37)/(76,76)|(4,4)/(109,109)|(6,6)/(107,107)|(43,43)/(70,70)|(9,9)/(104,104)|(38,38)/(75,75)|(46,46)/(67,67)|(30,30)/(83,83)|(41,41)/(72,72)|(25,25)/(88,88)|(2,2)/(111,111)|(18,18)/(95,95)",1.0
subtraction_depth1_muon,1,muon,maximum_accuracy_reference,100000,checkpoints/subtraction_depth_1_muon_seed_0/step_100000.pt,1.0,1.0,channelwise,full_hidden,4,56,"(28,28)/(85,85)|(11,11)/(102,102)|(13,13)/(100,100)|(31,31)/(82,82)|(8,8)/(105,105)|(32,32)/(81,81)|(21,21)/(92,92)|(27,27)/(86,86)|(33,33)/(80,80)|(10,10)/(103,103)|(24,24)/(89,89)|(29,29)/(84,84)|(55,55)/(58,58)|(20,20)/(93,93)|(14,14)/(99,99)|(42,42)/(71,71)|(26,26)/(87,87)|(39,39)/(74,74)|(56,56)/(57,57)|(17,17)/(96,96)|(49,49)/(64,64)|(50,50)/(63,63)|(16,16)/(97,97)|(47,47)/(66,66)|(51,51)/(62,62)|(54,54)/(59,59)|(22,22)/(91,91)|(44,44)/(69,69)|(15,15)/(98,98)|(52,52)/(61,61)|(19,19)/(94,94)|(1,1)/(112,112)|(5,5)/(108,108)|(48,48)/(65,65)|(40,40)/(73,73)|(45,45)/(68,68)|(23,23)/(90,90)|(35,35)/(78,78)|(3,3)/(110,110)|(36,36)/(77,77)|(7,7)/(106,106)|(53,53)/(60,60)|(12,12)/(101,101)|(34,34)/(79,79)|(37,37)/(76,76)|(4,4)/(109,109)|(6,6)/(107,107)|(43,43)/(70,70)|(9,9)/(104,104)|(38,38)/(75,75)|(46,46)/(67,67)|(30,30)/(83,83)|(41,41)/(72,72)|(25,25)/(88,88)|(2,2)/(111,111)|(18,18)/(95,95)",1.0
subtraction_depth1_muon,1,muon,maximum_accuracy_reference,100000,checkpoints/subtraction_depth_1_muon_seed_0/step_100000.pt,1.0,1.0,channelwise,full_hidden,5,56,"(28,28)/(85,85)|(11,11)/(102,102)|(13,13)/(100,100)|(31,31)/(82,82)|(8,8)/(105,105)|(32,32)/(81,81)|(21,21)/(92,92)|(27,27)/(86,86)|(33,33)/(80,80)|(10,10)/(103,103)|(24,24)/(89,89)|(29,29)/(84,84)|(55,55)/(58,58)|(20,20)/(93,93)|(14,14)/(99,99)|(42,42)/(71,71)|(26,26)/(87,87)|(39,39)/(74,74)|(56,56)/(57,57)|(17,17)/(96,96)|(49,49)/(64,64)|(50,50)/(63,63)|(16,16)/(97,97)|(47,47)/(66,66)|(51,51)/(62,62)|(54,54)/(59,59)|(22,22)/(91,91)|(44,44)/(69,69)|(15,15)/(98,98)|(52,52)/(61,61)|(19,19)/(94,94)|(1,1)/(112,112)|(5,5)/(108,108)|(48,48)/(65,65)|(40,40)/(73,73)|(45,45)/(68,68)|(23,23)/(90,90)|(35,35)/(78,78)|(3,3)/(110,110)|(36,36)/(77,77)|(7,7)/(106,106)|(53,53)/(60,60)|(12,12)/(101,101)|(34,34)/(79,79)|(37,37)/(76,76)|(4,4)/(109,109)|(6,6)/(107,107)|(43,43)/(70,70)|(9,9)/(104,104)|(38,38)/(75,75)|(46,46)/(67,67)|(30,30)/(83,83)|(41,41)/(72,72)|(25,25)/(88,88)|(2,2)/(111,111)|(18,18)/(95,95)",1.0
subtraction_depth1_muon,1,muon,maximum_accuracy_reference,100000,checkpoints/subtraction_depth_1_muon_seed_0/step_100000.pt,1.0,1.0,channelwise,full_hidden,6,56,"(28,28)/(85,85)|(11,11)/(102,102)|(13,13)/(100,100)|(31,31)/(82,82)|(8,8)/(105,105)|(32,32)/(81,81)|(21,21)/(92,92)|(27,27)/(86,86)|(33,33)/(80,80)|(10,10)/(103,103)|(24,24)/(89,89)|(29,29)/(84,84)|(55,55)/(58,58)|(20,20)/(93,93)|(14,14)/(99,99)|(42,42)/(71,71)|(26,26)/(87,87)|(39,39)/(74,74)|(56,56)/(57,57)|(17,17)/(96,96)|(49,49)/(64,64)|(50,50)/(63,63)|(16,16)/(97,97)|(47,47)/(66,66)|(51,51)/(62,62)|(54,54)/(59,59)|(22,22)/(91,91)|(44,44)/(69,69)|(15,15)/(98,98)|(52,52)/(61,61)|(19,19)/(94,94)|(1,1)/(112,112)|(5,5)/(108,108)|(48,48)/(65,65)|(40,40)/(73,73)|(45,45)/(68,68)|(23,23)/(90,90)|(35,35)/(78,78)|(3,3)/(110,110)|(36,36)/(77,77)|(7,7)/(106,106)|(53,53)/(60,60)|(12,12)/(101,101)|(34,34)/(79,79)|(37,37)/(76,76)|(4,4)/(109,109)|(6,6)/(107,107)|(43,43)/(70,70)|(9,9)/(104,104)|(38,38)/(75,75)|(46,46)/(67,67)|(30,30)/(83,83)|(41,41)/(72,72)|(25,25)/(88,88)|(2,2)/(111,111)|(18,18)/(95,95)",1.0
subtraction_depth1_muon,1,muon,maximum_accuracy_reference,100000,checkpoints/subtraction_depth_1_muon_seed_0/step_100000.pt,1.0,1.0,channelwise,full_hidden,7,56,"(28,28)/(85,85)|(11,11)/(102,102)|(13,13)/(100,100)|(31,31)/(82,82)|(8,8)/(105,105)|(32,32)/(81,81)|(21,21)/(92,92)|(27,27)/(86,86)|(33,33)/(80,80)|(10,10)/(103,103)|(24,24)/(89,89)|(29,29)/(84,84)|(55,55)/(58,58)|(20,20)/(93,93)|(14,14)/(99,99)|(42,42)/(71,71)|(26,26)/(87,87)|(39,39)/(74,74)|(56,56)/(57,57)|(17,17)/(96,96)|(49,49)/(64,64)|(50,50)/(63,63)|(16,16)/(97,97)|(47,47)/(66,66)|(51,51)/(62,62)|(54,54)/(59,59)|(22,22)/(91,91)|(44,44)/(69,69)|(15,15)/(98,98)|(52,52)/(61,61)|(19,19)/(94,94)|(1,1)/(112,112)|(5,5)/(108,108)|(48,48)/(65,65)|(40,40)/(73,73)|(45,45)/(68,68)|(23,23)/(90,90)|(35,35)/(78,78)|(3,3)/(110,110)|(36,36)/(77,77)|(7,7)/(106,106)|(53,53)/(60,60)|(12,12)/(101,101)|(34,34)/(79,79)|(37,37)/(76,76)|(4,4)/(109,109)|(6,6)/(107,107)|(43,43)/(70,70)|(9,9)/(104,104)|(38,38)/(75,75)|(46,46)/(67,67)|(30,30)/(83,83)|(41,41)/(72,72)|(25,25)/(88,88)|(2,2)/(111,111)|(18,18)/(95,95)",1.0
subtraction_depth1_muon,1,muon,maximum_accuracy_reference,100000,checkpoints/subtraction_depth_1_muon_seed_0/step_100000.pt,1.0,1.0,channelwise,full_hidden,8,56,"(28,28)/(85,85)|(11,11)/(102,102)|(13,13)/(100,100)|(31,31)/(82,82)|(8,8)/(105,105)|(32,32)/(81,81)|(21,21)/(92,92)|(27,27)/(86,86)|(33,33)/(80,80)|(10,10)/(103,103)|(24,24)/(89,89)|(29,29)/(84,84)|(55,55)/(58,58)|(20,20)/(93,93)|(14,14)/(99,99)|(42,42)/(71,71)|(26,26)/(87,87)|(39,39)/(74,74)|(56,56)/(57,57)|(17,17)/(96,96)|(49,49)/(64,64)|(50,50)/(63,63)|(16,16)/(97,97)|(47,47)/(66,66)|(51,51)/(62,62)|(54,54)/(59,59)|(22,22)/(91,91)|(44,44)/(69,69)|(15,15)/(98,98)|(52,52)/(61,61)|(19,19)/(94,94)|(1,1)/(112,112)|(5,5)/(108,108)|(48,48)/(65,65)|(40,40)/(73,73)|(45,45)/(68,68)|(23,23)/(90,90)|(35,35)/(78,78)|(3,3)/(110,110)|(36,36)/(77,77)|(7,7)/(106,106)|(53,53)/(60,60)|(12,12)/(101,101)|(34,34)/(79,79)|(37,37)/(76,76)|(4,4)/(109,109)|(6,6)/(107,107)|(43,43)/(70,70)|(9,9)/(104,104)|(38,38)/(75,75)|(46,46)/(67,67)|(30,30)/(83,83)|(41,41)/(72,72)|(25,25)/(88,88)|(2,2)/(111,111)|(18,18)/(95,95)",1.0
subtraction_depth1_muon,1,muon,maximum_accuracy_reference,100000,checkpoints/subtraction_depth_1_muon_seed_0/step_100000.pt,1.0,1.0,channelwise,full_hidden,9,56,"(28,28)/(85,85)|(11,11)/(102,102)|(13,13)/(100,100)|(31,31)/(82,82)|(8,8)/(105,105)|(32,32)/(81,81)|(21,21)/(92,92)|(27,27)/(86,86)|(33,33)/(80,80)|(10,10)/(103,103)|(24,24)/(89,89)|(29,29)/(84,84)|(55,55)/(58,58)|(20,20)/(93,93)|(14,14)/(99,99)|(42,42)/(71,71)|(26,26)/(87,87)|(39,39)/(74,74)|(56,56)/(57,57)|(17,17)/(96,96)|(49,49)/(64,64)|(50,50)/(63,63)|(16,16)/(97,97)|(47,47)/(66,66)|(51,51)/(62,62)|(54,54)/(59,59)|(22,22)/(91,91)|(44,44)/(69,69)|(15,15)/(98,98)|(52,52)/(61,61)|(19,19)/(94,94)|(1,1)/(112,112)|(5,5)/(108,108)|(48,48)/(65,65)|(40,40)/(73,73)|(45,45)/(68,68)|(23,23)/(90,90)|(35,35)/(78,78)|(3,3)/(110,110)|(36,36)/(77,77)|(7,7)/(106,106)|(53,53)/(60,60)|(12,12)/(101,101)|(34,34)/(79,79)|(37,37)/(76,76)|(4,4)/(109,109)|(6,6)/(107,107)|(43,43)/(70,70)|(9,9)/(104,104)|(38,38)/(75,75)|(46,46)/(67,67)|(30,30)/(83,83)|(41,41)/(72,72)|(25,25)/(88,88)|(2,2)/(111,111)|(18,18)/(95,95)",1.0
subtraction_depth1_adamw,1,adamw,maximum_accuracy_reference,9000,checkpoints/subtraction_depth_1_adamw_seed_0/step_009000.pt,1.0,0.9,pair_global,addition_only,0,4,"(42,42)/(71,71)|(25,25)/(88,88)|(39,39)/(74,74)|(29,29)/(84,84)",0.008849557489156723
subtraction_depth1_adamw,1,adamw,maximum_accuracy_reference,9000,checkpoints/subtraction_depth_1_adamw_seed_0/step_009000.pt,1.0,0.9,pair_global,addition_only,1,4,"(42,42)/(71,71)|(25,25)/(88,88)|(39,39)/(74,74)|(29,29)/(84,84)",0.008849557489156723
subtraction_depth1_adamw,1,adamw,maximum_accuracy_reference,9000,checkpoints/subtraction_depth_1_adamw_seed_0/step_009000.pt,1.0,0.9,pair_global,addition_only,2,4,"(42,42)/(71,71)|(25,25)/(88,88)|(39,39)/(74,74)|(29,29)/(84,84)",0.008849557489156723
subtraction_depth1_adamw,1,adamw,maximum_accuracy_reference,9000,checkpoints/subtraction_depth_1_adamw_seed_0/step_009000.pt,1.0,0.9,pair_global,addition_only,3,4,"(42,42)/(71,71)|(25,25)/(88,88)|(39,39)/(74,74)|(29,29)/(84,84)",0.008849557489156723
subtraction_depth1_adamw,1,adamw,maximum_accuracy_reference,9000,checkpoints/subtraction_depth_1_adamw_seed_0/step_009000.pt,1.0,0.9,pair_global,addition_only,4,4,"(42,42)/(71,71)|(25,25)/(88,88)|(39,39)/(74,74)|(29,29)/(84,84)",0.008849557489156723
subtraction_depth1_adamw,1,adamw,maximum_accuracy_reference,9000,checkpoints/subtraction_depth_1_adamw_seed_0/step_009000.pt,1.0,0.9,pair_global,addition_only,5,4,"(42,42)/(71,71)|(25,25)/(88,88)|(39,39)/(74,74)|(29,29)/(84,84)",0.008849557489156723
subtraction_depth1_adamw,1,adamw,maximum_accuracy_reference,9000,checkpoints/subtraction_depth_1_adamw_seed_0/step_009000.pt,1.0,0.9,pair_global,addition_only,6,4,"(42,42)/(71,71)|(25,25)/(88,88)|(39,39)/(74,74)|(29,29)/(84,84)",0.008849557489156723
subtraction_depth1_adamw,1,adamw,maximum_accuracy_reference,9000,checkpoints/subtraction_depth_1_adamw_seed_0/step_009000.pt,1.0,0.9,pair_global,addition_only,7,4,"(42,42)/(71,71)|(25,25)/(88,88)|(39,39)/(74,74)|(29,29)/(84,84)",0.008849557489156723
subtraction_depth1_adamw,1,adamw,maximum_accuracy_reference,9000,checkpoints/subtraction_depth_1_adamw_seed_0/step_009000.pt,1.0,0.9,pair_global,addition_only,8,4,"(42,42)/(71,71)|(25,25)/(88,88)|(39,39)/(74,74)|(29,29)/(84,84)",0.008849557489156723
subtraction_depth1_adamw,1,adamw,maximum_accuracy_reference,9000,checkpoints/subtraction_depth_1_adamw_seed_0/step_009000.pt,1.0,0.9,pair_global,addition_only,9,4,"(42,42)/(71,71)|(25,25)/(88,88)|(39,39)/(74,74)|(29,29)/(84,84)",0.008849557489156723
subtraction_depth1_adamw,1,adamw,maximum_accuracy_reference,9000,checkpoints/subtraction_depth_1_adamw_seed_0/step_009000.pt,1.0,0.9,pair_global,full_hidden,0,4,"(42,42)/(71,71)|(25,25)/(88,88)|(39,39)/(74,74)|(29,29)/(84,84)",1.0
subtraction_depth1_adamw,1,adamw,maximum_accuracy_reference,9000,checkpoints/subtraction_depth_1_adamw_seed_0/step_009000.pt,1.0,0.9,pair_global,full_hidden,1,4,"(42,42)/(71,71)|(25,25)/(88,88)|(39,39)/(74,74)|(29,29)/(84,84)",1.0
subtraction_depth1_adamw,1,adamw,maximum_accuracy_reference,9000,checkpoints/subtraction_depth_1_adamw_seed_0/step_009000.pt,1.0,0.9,pair_global,full_hidden,2,4,"(42,42)/(71,71)|(25,25)/(88,88)|(39,39)/(74,74)|(29,29)/(84,84)",1.0
subtraction_depth1_adamw,1,adamw,maximum_accuracy_reference,9000,checkpoints/subtraction_depth_1_adamw_seed_0/step_009000.pt,1.0,0.9,pair_global,full_hidden,3,4,"(42,42)/(71,71)|(25,25)/(88,88)|(39,39)/(74,74)|(29,29)/(84,84)",1.0
subtraction_depth1_adamw,1,adamw,maximum_accuracy_reference,9000,checkpoints/subtraction_depth_1_adamw_seed_0/step_009000.pt,1.0,0.9,pair_global,full_hidden,4,4,"(42,42)/(71,71)|(25,25)/(88,88)|(39,39)/(74,74)|(29,29)/(84,84)",1.0
subtraction_depth1_adamw,1,adamw,maximum_accuracy_reference,9000,checkpoints/subtraction_depth_1_adamw_seed_0/step_009000.pt,1.0,0.9,pair_global,full_hidden,5,4,"(42,42)/(71,71)|(25,25)/(88,88)|(39,39)/(74,74)|(29,29)/(84,84)",1.0
subtraction_depth1_adamw,1,adamw,maximum_accuracy_reference,9000,checkpoints/subtraction_depth_1_adamw_seed_0/step_009000.pt,1.0,0.9,pair_global,full_hidden,6,4,"(42,42)/(71,71)|(25,25)/(88,88)|(39,39)/(74,74)|(29,29)/(84,84)",1.0
subtraction_depth1_adamw,1,adamw,maximum_accuracy_reference,9000,checkpoints/subtraction_depth_1_adamw_seed_0/step_009000.pt,1.0,0.9,pair_global,full_hidden,7,4,"(42,42)/(71,71)|(25,25)/(88,88)|(39,39)/(74,74)|(29,29)/(84,84)",1.0
subtraction_depth1_adamw,1,adamw,maximum_accuracy_reference,9000,checkpoints/subtraction_depth_1_adamw_seed_0/step_009000.pt,1.0,0.9,pair_global,full_hidden,8,4,"(42,42)/(71,71)|(25,25)/(88,88)|(39,39)/(74,74)|(29,29)/(84,84)",1.0
subtraction_depth1_adamw,1,adamw,maximum_accuracy_reference,9000,checkpoints/subtraction_depth_1_adamw_seed_0/step_009000.pt,1.0,0.9,pair_global,full_hidden,9,4,"(42,42)/(71,71)|(25,25)/(88,88)|(39,39)/(74,74)|(29,29)/(84,84)",1.0
subtraction_depth1_adamw,1,adamw,maximum_accuracy_reference,9000,checkpoints/subtraction_depth_1_adamw_seed_0/step_009000.pt,1.0,0.9,channelwise,addition_only,0,4,"(42,42)/(71,71)|(25,25)/(88,88)|(39,39)/(74,74)|(29,29)/(84,84)",0.008849557489156723
subtraction_depth1_adamw,1,adamw,maximum_accuracy_reference,9000,checkpoints/subtraction_depth_1_adamw_seed_0/step_009000.pt,1.0,0.9,channelwise,addition_only,1,4,"(42,42)/(71,71)|(25,25)/(88,88)|(39,39)/(74,74)|(29,29)/(84,84)",0.008849557489156723
subtraction_depth1_adamw,1,adamw,maximum_accuracy_reference,9000,checkpoints/subtraction_depth_1_adamw_seed_0/step_009000.pt,1.0,0.9,channelwise,addition_only,2,4,"(42,42)/(71,71)|(25,25)/(88,88)|(39,39)/(74,74)|(29,29)/(84,84)",0.008849557489156723
subtraction_depth1_adamw,1,adamw,maximum_accuracy_reference,9000,checkpoints/subtraction_depth_1_adamw_seed_0/step_009000.pt,1.0,0.9,channelwise,addition_only,3,4,"(42,42)/(71,71)|(25,25)/(88,88)|(39,39)/(74,74)|(29,29)/(84,84)",0.008849557489156723
subtraction_depth1_adamw,1,adamw,maximum_accuracy_reference,9000,checkpoints/subtraction_depth_1_adamw_seed_0/step_009000.pt,1.0,0.9,channelwise,addition_only,4,4,"(42,42)/(71,71)|(25,25)/(88,88)|(39,39)/(74,74)|(29,29)/(84,84)",0.008849557489156723
subtraction_depth1_adamw,1,adamw,maximum_accuracy_reference,9000,checkpoints/subtraction_depth_1_adamw_seed_0/step_009000.pt,1.0,0.9,channelwise,addition_only,5,4,"(42,42)/(71,71)|(25,25)/(88,88)|(39,39)/(74,74)|(29,29)/(84,84)",0.008849557489156723
subtraction_depth1_adamw,1,adamw,maximum_accuracy_reference,9000,checkpoints/subtraction_depth_1_adamw_seed_0/step_009000.pt,1.0,0.9,channelwise,addition_only,6,4,"(42,42)/(71,71)|(25,25)/(88,88)|(39,39)/(74,74)|(29,29)/(84,84)",0.008849557489156723
subtraction_depth1_adamw,1,adamw,maximum_accuracy_reference,9000,checkpoints/subtraction_depth_1_adamw_seed_0/step_009000.pt,1.0,0.9,channelwise,addition_only,7,4,"(42,42)/(71,71)|(25,25)/(88,88)|(39,39)/(74,74)|(29,29)/(84,84)",0.008849557489156723
subtraction_depth1_adamw,1,adamw,maximum_accuracy_reference,9000,checkpoints/subtraction_depth_1_adamw_seed_0/step_009000.pt,1.0,0.9,channelwise,addition_only,8,4,"(42,42)/(71,71)|(25,25)/(88,88)|(39,39)/(74,74)|(29,29)/(84,84)",0.008849557489156723
subtraction_depth1_adamw,1,adamw,maximum_accuracy_reference,9000,checkpoints/subtraction_depth_1_adamw_seed_0/step_009000.pt,1.0,0.9,channelwise,addition_only,9,4,"(42,42)/(71,71)|(25,25)/(88,88)|(39,39)/(74,74)|(29,29)/(84,84)",0.008849557489156723
subtraction_depth1_adamw,1,adamw,maximum_accuracy_reference,9000,checkpoints/subtraction_depth_1_adamw_seed_0/step_009000.pt,1.0,0.9,channelwise,full_hidden,0,4,"(42,42)/(71,71)|(25,25)/(88,88)|(39,39)/(74,74)|(29,29)/(84,84)",1.0
subtraction_depth1_adamw,1,adamw,maximum_accuracy_reference,9000,checkpoints/subtraction_depth_1_adamw_seed_0/step_009000.pt,1.0,0.9,channelwise,full_hidden,1,4,"(42,42)/(71,71)|(25,25)/(88,88)|(39,39)/(74,74)|(29,29)/(84,84)",1.0
subtraction_depth1_adamw,1,adamw,maximum_accuracy_reference,9000,checkpoints/subtraction_depth_1_adamw_seed_0/step_009000.pt,1.0,0.9,channelwise,full_hidden,2,4,"(42,42)/(71,71)|(25,25)/(88,88)|(39,39)/(74,74)|(29,29)/(84,84)",1.0
subtraction_depth1_adamw,1,adamw,maximum_accuracy_reference,9000,checkpoints/subtraction_depth_1_adamw_seed_0/step_009000.pt,1.0,0.9,channelwise,full_hidden,3,4,"(42,42)/(71,71)|(25,25)/(88,88)|(39,39)/(74,74)|(29,29)/(84,84)",1.0
subtraction_depth1_adamw,1,adamw,maximum_accuracy_reference,9000,checkpoints/subtraction_depth_1_adamw_seed_0/step_009000.pt,1.0,0.9,channelwise,full_hidden,4,4,"(42,42)/(71,71)|(25,25)/(88,88)|(39,39)/(74,74)|(29,29)/(84,84)",1.0
subtraction_depth1_adamw,1,adamw,maximum_accuracy_reference,9000,checkpoints/subtraction_depth_1_adamw_seed_0/step_009000.pt,1.0,0.9,channelwise,full_hidden,5,4,"(42,42)/(71,71)|(25,25)/(88,88)|(39,39)/(74,74)|(29,29)/(84,84)",1.0
subtraction_depth1_adamw,1,adamw,maximum_accuracy_reference,9000,checkpoints/subtraction_depth_1_adamw_seed_0/step_009000.pt,1.0,0.9,channelwise,full_hidden,6,4,"(42,42)/(71,71)|(25,25)/(88,88)|(39,39)/(74,74)|(29,29)/(84,84)",1.0
subtraction_depth1_adamw,1,adamw,maximum_accuracy_reference,9000,checkpoints/subtraction_depth_1_adamw_seed_0/step_009000.pt,1.0,0.9,channelwise,full_hidden,7,4,"(42,42)/(71,71)|(25,25)/(88,88)|(39,39)/(74,74)|(29,29)/(84,84)",1.0
subtraction_depth1_adamw,1,adamw,maximum_accuracy_reference,9000,checkpoints/subtraction_depth_1_adamw_seed_0/step_009000.pt,1.0,0.9,channelwise,full_hidden,8,4,"(42,42)/(71,71)|(25,25)/(88,88)|(39,39)/(74,74)|(29,29)/(84,84)",1.0
subtraction_depth1_adamw,1,adamw,maximum_accuracy_reference,9000,checkpoints/subtraction_depth_1_adamw_seed_0/step_009000.pt,1.0,0.9,channelwise,full_hidden,9,4,"(42,42)/(71,71)|(25,25)/(88,88)|(39,39)/(74,74)|(29,29)/(84,84)",1.0
subtraction_depth1_adamw,1,adamw,maximum_accuracy_reference,9000,checkpoints/subtraction_depth_1_adamw_seed_0/step_009000.pt,1.0,1.0,pair_global,addition_only,0,56,"(42,42)/(71,71)|(25,25)/(88,88)|(39,39)/(74,74)|(29,29)/(84,84)|(13,13)/(100,100)|(55,55)/(58,58)|(26,26)/(87,87)|(16,16)/(97,97)|(50,50)/(63,63)|(35,35)/(78,78)|(38,38)/(75,75)|(4,4)/(109,109)|(37,37)/(76,76)|(43,43)/(70,70)|(12,12)/(101,101)|(45,45)/(68,68)|(10,10)/(103,103)|(3,3)/(110,110)|(51,51)/(62,62)|(32,32)/(81,81)|(24,24)/(89,89)|(19,19)/(94,94)|(52,52)/(61,61)|(8,8)/(105,105)|(6,6)/(107,107)|(48,48)/(65,65)|(36,36)/(77,77)|(31,31)/(82,82)|(7,7)/(106,106)|(1,1)/(112,112)|(23,23)/(90,90)|(49,49)/(64,64)|(14,14)/(99,99)|(22,22)/(91,91)|(27,27)/(86,86)|(20,20)/(93,93)|(54,54)/(59,59)|(33,33)/(80,80)|(47,47)/(66,66)|(11,11)/(102,102)|(9,9)/(104,104)|(17,17)/(96,96)|(15,15)/(98,98)|(46,46)/(67,67)|(2,2)/(111,111)|(41,41)/(72,72)|(56,56)/(57,57)|(40,40)/(73,73)|(28,28)/(85,85)|(30,30)/(83,83)|(21,21)/(92,92)|(53,53)/(60,60)|(44,44)/(69,69)|(18,18)/(95,95)|(34,34)/(79,79)|(5,5)/(108,108)",0.008849557489156723
subtraction_depth1_adamw,1,adamw,maximum_accuracy_reference,9000,checkpoints/subtraction_depth_1_adamw_seed_0/step_009000.pt,1.0,1.0,pair_global,addition_only,1,56,"(42,42)/(71,71)|(25,25)/(88,88)|(39,39)/(74,74)|(29,29)/(84,84)|(13,13)/(100,100)|(55,55)/(58,58)|(26,26)/(87,87)|(16,16)/(97,97)|(50,50)/(63,63)|(35,35)/(78,78)|(38,38)/(75,75)|(4,4)/(109,109)|(37,37)/(76,76)|(43,43)/(70,70)|(12,12)/(101,101)|(45,45)/(68,68)|(10,10)/(103,103)|(3,3)/(110,110)|(51,51)/(62,62)|(32,32)/(81,81)|(24,24)/(89,89)|(19,19)/(94,94)|(52,52)/(61,61)|(8,8)/(105,105)|(6,6)/(107,107)|(48,48)/(65,65)|(36,36)/(77,77)|(31,31)/(82,82)|(7,7)/(106,106)|(1,1)/(112,112)|(23,23)/(90,90)|(49,49)/(64,64)|(14,14)/(99,99)|(22,22)/(91,91)|(27,27)/(86,86)|(20,20)/(93,93)|(54,54)/(59,59)|(33,33)/(80,80)|(47,47)/(66,66)|(11,11)/(102,102)|(9,9)/(104,104)|(17,17)/(96,96)|(15,15)/(98,98)|(46,46)/(67,67)|(2,2)/(111,111)|(41,41)/(72,72)|(56,56)/(57,57)|(40,40)/(73,73)|(28,28)/(85,85)|(30,30)/(83,83)|(21,21)/(92,92)|(53,53)/(60,60)|(44,44)/(69,69)|(18,18)/(95,95)|(34,34)/(79,79)|(5,5)/(108,108)",0.008849557489156723
subtraction_depth1_adamw,1,adamw,maximum_accuracy_reference,9000,checkpoints/subtraction_depth_1_adamw_seed_0/step_009000.pt,1.0,1.0,pair_global,addition_only,2,56,"(42,42)/(71,71)|(25,25)/(88,88)|(39,39)/(74,74)|(29,29)/(84,84)|(13,13)/(100,100)|(55,55)/(58,58)|(26,26)/(87,87)|(16,16)/(97,97)|(50,50)/(63,63)|(35,35)/(78,78)|(38,38)/(75,75)|(4,4)/(109,109)|(37,37)/(76,76)|(43,43)/(70,70)|(12,12)/(101,101)|(45,45)/(68,68)|(10,10)/(103,103)|(3,3)/(110,110)|(51,51)/(62,62)|(32,32)/(81,81)|(24,24)/(89,89)|(19,19)/(94,94)|(52,52)/(61,61)|(8,8)/(105,105)|(6,6)/(107,107)|(48,48)/(65,65)|(36,36)/(77,77)|(31,31)/(82,82)|(7,7)/(106,106)|(1,1)/(112,112)|(23,23)/(90,90)|(49,49)/(64,64)|(14,14)/(99,99)|(22,22)/(91,91)|(27,27)/(86,86)|(20,20)/(93,93)|(54,54)/(59,59)|(33,33)/(80,80)|(47,47)/(66,66)|(11,11)/(102,102)|(9,9)/(104,104)|(17,17)/(96,96)|(15,15)/(98,98)|(46,46)/(67,67)|(2,2)/(111,111)|(41,41)/(72,72)|(56,56)/(57,57)|(40,40)/(73,73)|(28,28)/(85,85)|(30,30)/(83,83)|(21,21)/(92,92)|(53,53)/(60,60)|(44,44)/(69,69)|(18,18)/(95,95)|(34,34)/(79,79)|(5,5)/(108,108)",0.008849557489156723
subtraction_depth1_adamw,1,adamw,maximum_accuracy_reference,9000,checkpoints/subtraction_depth_1_adamw_seed_0/step_009000.pt,1.0,1.0,pair_global,addition_only,3,56,"(42,42)/(71,71)|(25,25)/(88,88)|(39,39)/(74,74)|(29,29)/(84,84)|(13,13)/(100,100)|(55,55)/(58,58)|(26,26)/(87,87)|(16,16)/(97,97)|(50,50)/(63,63)|(35,35)/(78,78)|(38,38)/(75,75)|(4,4)/(109,109)|(37,37)/(76,76)|(43,43)/(70,70)|(12,12)/(101,101)|(45,45)/(68,68)|(10,10)/(103,103)|(3,3)/(110,110)|(51,51)/(62,62)|(32,32)/(81,81)|(24,24)/(89,89)|(19,19)/(94,94)|(52,52)/(61,61)|(8,8)/(105,105)|(6,6)/(107,107)|(48,48)/(65,65)|(36,36)/(77,77)|(31,31)/(82,82)|(7,7)/(106,106)|(1,1)/(112,112)|(23,23)/(90,90)|(49,49)/(64,64)|(14,14)/(99,99)|(22,22)/(91,91)|(27,27)/(86,86)|(20,20)/(93,93)|(54,54)/(59,59)|(33,33)/(80,80)|(47,47)/(66,66)|(11,11)/(102,102)|(9,9)/(104,104)|(17,17)/(96,96)|(15,15)/(98,98)|(46,46)/(67,67)|(2,2)/(111,111)|(41,41)/(72,72)|(56,56)/(57,57)|(40,40)/(73,73)|(28,28)/(85,85)|(30,30)/(83,83)|(21,21)/(92,92)|(53,53)/(60,60)|(44,44)/(69,69)|(18,18)/(95,95)|(34,34)/(79,79)|(5,5)/(108,108)",0.008849557489156723
subtraction_depth1_adamw,1,adamw,maximum_accuracy_reference,9000,checkpoints/subtraction_depth_1_adamw_seed_0/step_009000.pt,1.0,1.0,pair_global,addition_only,4,56,"(42,42)/(71,71)|(25,25)/(88,88)|(39,39)/(74,74)|(29,29)/(84,84)|(13,13)/(100,100)|(55,55)/(58,58)|(26,26)/(87,87)|(16,16)/(97,97)|(50,50)/(63,63)|(35,35)/(78,78)|(38,38)/(75,75)|(4,4)/(109,109)|(37,37)/(76,76)|(43,43)/(70,70)|(12,12)/(101,101)|(45,45)/(68,68)|(10,10)/(103,103)|(3,3)/(110,110)|(51,51)/(62,62)|(32,32)/(81,81)|(24,24)/(89,89)|(19,19)/(94,94)|(52,52)/(61,61)|(8,8)/(105,105)|(6,6)/(107,107)|(48,48)/(65,65)|(36,36)/(77,77)|(31,31)/(82,82)|(7,7)/(106,106)|(1,1)/(112,112)|(23,23)/(90,90)|(49,49)/(64,64)|(14,14)/(99,99)|(22,22)/(91,91)|(27,27)/(86,86)|(20,20)/(93,93)|(54,54)/(59,59)|(33,33)/(80,80)|(47,47)/(66,66)|(11,11)/(102,102)|(9,9)/(104,104)|(17,17)/(96,96)|(15,15)/(98,98)|(46,46)/(67,67)|(2,2)/(111,111)|(41,41)/(72,72)|(56,56)/(57,57)|(40,40)/(73,73)|(28,28)/(85,85)|(30,30)/(83,83)|(21,21)/(92,92)|(53,53)/(60,60)|(44,44)/(69,69)|(18,18)/(95,95)|(34,34)/(79,79)|(5,5)/(108,108)",0.008849557489156723
subtraction_depth1_adamw,1,adamw,maximum_accuracy_reference,9000,checkpoints/subtraction_depth_1_adamw_seed_0/step_009000.pt,1.0,1.0,pair_global,addition_only,5,56,"(42,42)/(71,71)|(25,25)/(88,88)|(39,39)/(74,74)|(29,29)/(84,84)|(13,13)/(100,100)|(55,55)/(58,58)|(26,26)/(87,87)|(16,16)/(97,97)|(50,50)/(63,63)|(35,35)/(78,78)|(38,38)/(75,75)|(4,4)/(109,109)|(37,37)/(76,76)|(43,43)/(70,70)|(12,12)/(101,101)|(45,45)/(68,68)|(10,10)/(103,103)|(3,3)/(110,110)|(51,51)/(62,62)|(32,32)/(81,81)|(24,24)/(89,89)|(19,19)/(94,94)|(52,52)/(61,61)|(8,8)/(105,105)|(6,6)/(107,107)|(48,48)/(65,65)|(36,36)/(77,77)|(31,31)/(82,82)|(7,7)/(106,106)|(1,1)/(112,112)|(23,23)/(90,90)|(49,49)/(64,64)|(14,14)/(99,99)|(22,22)/(91,91)|(27,27)/(86,86)|(20,20)/(93,93)|(54,54)/(59,59)|(33,33)/(80,80)|(47,47)/(66,66)|(11,11)/(102,102)|(9,9)/(104,104)|(17,17)/(96,96)|(15,15)/(98,98)|(46,46)/(67,67)|(2,2)/(111,111)|(41,41)/(72,72)|(56,56)/(57,57)|(40,40)/(73,73)|(28,28)/(85,85)|(30,30)/(83,83)|(21,21)/(92,92)|(53,53)/(60,60)|(44,44)/(69,69)|(18,18)/(95,95)|(34,34)/(79,79)|(5,5)/(108,108)",0.008849557489156723
subtraction_depth1_adamw,1,adamw,maximum_accuracy_reference,9000,checkpoints/subtraction_depth_1_adamw_seed_0/step_009000.pt,1.0,1.0,pair_global,addition_only,6,56,"(42,42)/(71,71)|(25,25)/(88,88)|(39,39)/(74,74)|(29,29)/(84,84)|(13,13)/(100,100)|(55,55)/(58,58)|(26,26)/(87,87)|(16,16)/(97,97)|(50,50)/(63,63)|(35,35)/(78,78)|(38,38)/(75,75)|(4,4)/(109,109)|(37,37)/(76,76)|(43,43)/(70,70)|(12,12)/(101,101)|(45,45)/(68,68)|(10,10)/(103,103)|(3,3)/(110,110)|(51,51)/(62,62)|(32,32)/(81,81)|(24,24)/(89,89)|(19,19)/(94,94)|(52,52)/(61,61)|(8,8)/(105,105)|(6,6)/(107,107)|(48,48)/(65,65)|(36,36)/(77,77)|(31,31)/(82,82)|(7,7)/(106,106)|(1,1)/(112,112)|(23,23)/(90,90)|(49,49)/(64,64)|(14,14)/(99,99)|(22,22)/(91,91)|(27,27)/(86,86)|(20,20)/(93,93)|(54,54)/(59,59)|(33,33)/(80,80)|(47,47)/(66,66)|(11,11)/(102,102)|(9,9)/(104,104)|(17,17)/(96,96)|(15,15)/(98,98)|(46,46)/(67,67)|(2,2)/(111,111)|(41,41)/(72,72)|(56,56)/(57,57)|(40,40)/(73,73)|(28,28)/(85,85)|(30,30)/(83,83)|(21,21)/(92,92)|(53,53)/(60,60)|(44,44)/(69,69)|(18,18)/(95,95)|(34,34)/(79,79)|(5,5)/(108,108)",0.008849557489156723
subtraction_depth1_adamw,1,adamw,maximum_accuracy_reference,9000,checkpoints/subtraction_depth_1_adamw_seed_0/step_009000.pt,1.0,1.0,pair_global,addition_only,7,56,"(42,42)/(71,71)|(25,25)/(88,88)|(39,39)/(74,74)|(29,29)/(84,84)|(13,13)/(100,100)|(55,55)/(58,58)|(26,26)/(87,87)|(16,16)/(97,97)|(50,50)/(63,63)|(35,35)/(78,78)|(38,38)/(75,75)|(4,4)/(109,109)|(37,37)/(76,76)|(43,43)/(70,70)|(12,12)/(101,101)|(45,45)/(68,68)|(10,10)/(103,103)|(3,3)/(110,110)|(51,51)/(62,62)|(32,32)/(81,81)|(24,24)/(89,89)|(19,19)/(94,94)|(52,52)/(61,61)|(8,8)/(105,105)|(6,6)/(107,107)|(48,48)/(65,65)|(36,36)/(77,77)|(31,31)/(82,82)|(7,7)/(106,106)|(1,1)/(112,112)|(23,23)/(90,90)|(49,49)/(64,64)|(14,14)/(99,99)|(22,22)/(91,91)|(27,27)/(86,86)|(20,20)/(93,93)|(54,54)/(59,59)|(33,33)/(80,80)|(47,47)/(66,66)|(11,11)/(102,102)|(9,9)/(104,104)|(17,17)/(96,96)|(15,15)/(98,98)|(46,46)/(67,67)|(2,2)/(111,111)|(41,41)/(72,72)|(56,56)/(57,57)|(40,40)/(73,73)|(28,28)/(85,85)|(30,30)/(83,83)|(21,21)/(92,92)|(53,53)/(60,60)|(44,44)/(69,69)|(18,18)/(95,95)|(34,34)/(79,79)|(5,5)/(108,108)",0.008849557489156723
subtraction_depth1_adamw,1,adamw,maximum_accuracy_reference,9000,checkpoints/subtraction_depth_1_adamw_seed_0/step_009000.pt,1.0,1.0,pair_global,addition_only,8,56,"(42,42)/(71,71)|(25,25)/(88,88)|(39,39)/(74,74)|(29,29)/(84,84)|(13,13)/(100,100)|(55,55)/(58,58)|(26,26)/(87,87)|(16,16)/(97,97)|(50,50)/(63,63)|(35,35)/(78,78)|(38,38)/(75,75)|(4,4)/(109,109)|(37,37)/(76,76)|(43,43)/(70,70)|(12,12)/(101,101)|(45,45)/(68,68)|(10,10)/(103,103)|(3,3)/(110,110)|(51,51)/(62,62)|(32,32)/(81,81)|(24,24)/(89,89)|(19,19)/(94,94)|(52,52)/(61,61)|(8,8)/(105,105)|(6,6)/(107,107)|(48,48)/(65,65)|(36,36)/(77,77)|(31,31)/(82,82)|(7,7)/(106,106)|(1,1)/(112,112)|(23,23)/(90,90)|(49,49)/(64,64)|(14,14)/(99,99)|(22,22)/(91,91)|(27,27)/(86,86)|(20,20)/(93,93)|(54,54)/(59,59)|(33,33)/(80,80)|(47,47)/(66,66)|(11,11)/(102,102)|(9,9)/(104,104)|(17,17)/(96,96)|(15,15)/(98,98)|(46,46)/(67,67)|(2,2)/(111,111)|(41,41)/(72,72)|(56,56)/(57,57)|(40,40)/(73,73)|(28,28)/(85,85)|(30,30)/(83,83)|(21,21)/(92,92)|(53,53)/(60,60)|(44,44)/(69,69)|(18,18)/(95,95)|(34,34)/(79,79)|(5,5)/(108,108)",0.008849557489156723
subtraction_depth1_adamw,1,adamw,maximum_accuracy_reference,9000,checkpoints/subtraction_depth_1_adamw_seed_0/step_009000.pt,1.0,1.0,pair_global,addition_only,9,56,"(42,42)/(71,71)|(25,25)/(88,88)|(39,39)/(74,74)|(29,29)/(84,84)|(13,13)/(100,100)|(55,55)/(58,58)|(26,26)/(87,87)|(16,16)/(97,97)|(50,50)/(63,63)|(35,35)/(78,78)|(38,38)/(75,75)|(4,4)/(109,109)|(37,37)/(76,76)|(43,43)/(70,70)|(12,12)/(101,101)|(45,45)/(68,68)|(10,10)/(103,103)|(3,3)/(110,110)|(51,51)/(62,62)|(32,32)/(81,81)|(24,24)/(89,89)|(19,19)/(94,94)|(52,52)/(61,61)|(8,8)/(105,105)|(6,6)/(107,107)|(48,48)/(65,65)|(36,36)/(77,77)|(31,31)/(82,82)|(7,7)/(106,106)|(1,1)/(112,112)|(23,23)/(90,90)|(49,49)/(64,64)|(14,14)/(99,99)|(22,22)/(91,91)|(27,27)/(86,86)|(20,20)/(93,93)|(54,54)/(59,59)|(33,33)/(80,80)|(47,47)/(66,66)|(11,11)/(102,102)|(9,9)/(104,104)|(17,17)/(96,96)|(15,15)/(98,98)|(46,46)/(67,67)|(2,2)/(111,111)|(41,41)/(72,72)|(56,56)/(57,57)|(40,40)/(73,73)|(28,28)/(85,85)|(30,30)/(83,83)|(21,21)/(92,92)|(53,53)/(60,60)|(44,44)/(69,69)|(18,18)/(95,95)|(34,34)/(79,79)|(5,5)/(108,108)",0.008849557489156723
subtraction_depth1_adamw,1,adamw,maximum_accuracy_reference,9000,checkpoints/subtraction_depth_1_adamw_seed_0/step_009000.pt,1.0,1.0,pair_global,full_hidden,0,56,"(42,42)/(71,71)|(25,25)/(88,88)|(39,39)/(74,74)|(29,29)/(84,84)|(13,13)/(100,100)|(55,55)/(58,58)|(26,26)/(87,87)|(16,16)/(97,97)|(50,50)/(63,63)|(35,35)/(78,78)|(38,38)/(75,75)|(4,4)/(109,109)|(37,37)/(76,76)|(43,43)/(70,70)|(12,12)/(101,101)|(45,45)/(68,68)|(10,10)/(103,103)|(3,3)/(110,110)|(51,51)/(62,62)|(32,32)/(81,81)|(24,24)/(89,89)|(19,19)/(94,94)|(52,52)/(61,61)|(8,8)/(105,105)|(6,6)/(107,107)|(48,48)/(65,65)|(36,36)/(77,77)|(31,31)/(82,82)|(7,7)/(106,106)|(1,1)/(112,112)|(23,23)/(90,90)|(49,49)/(64,64)|(14,14)/(99,99)|(22,22)/(91,91)|(27,27)/(86,86)|(20,20)/(93,93)|(54,54)/(59,59)|(33,33)/(80,80)|(47,47)/(66,66)|(11,11)/(102,102)|(9,9)/(104,104)|(17,17)/(96,96)|(15,15)/(98,98)|(46,46)/(67,67)|(2,2)/(111,111)|(41,41)/(72,72)|(56,56)/(57,57)|(40,40)/(73,73)|(28,28)/(85,85)|(30,30)/(83,83)|(21,21)/(92,92)|(53,53)/(60,60)|(44,44)/(69,69)|(18,18)/(95,95)|(34,34)/(79,79)|(5,5)/(108,108)",1.0
subtraction_depth1_adamw,1,adamw,maximum_accuracy_reference,9000,checkpoints/subtraction_depth_1_adamw_seed_0/step_009000.pt,1.0,1.0,pair_global,full_hidden,1,56,"(42,42)/(71,71)|(25,25)/(88,88)|(39,39)/(74,74)|(29,29)/(84,84)|(13,13)/(100,100)|(55,55)/(58,58)|(26,26)/(87,87)|(16,16)/(97,97)|(50,50)/(63,63)|(35,35)/(78,78)|(38,38)/(75,75)|(4,4)/(109,109)|(37,37)/(76,76)|(43,43)/(70,70)|(12,12)/(101,101)|(45,45)/(68,68)|(10,10)/(103,103)|(3,3)/(110,110)|(51,51)/(62,62)|(32,32)/(81,81)|(24,24)/(89,89)|(19,19)/(94,94)|(52,52)/(61,61)|(8,8)/(105,105)|(6,6)/(107,107)|(48,48)/(65,65)|(36,36)/(77,77)|(31,31)/(82,82)|(7,7)/(106,106)|(1,1)/(112,112)|(23,23)/(90,90)|(49,49)/(64,64)|(14,14)/(99,99)|(22,22)/(91,91)|(27,27)/(86,86)|(20,20)/(93,93)|(54,54)/(59,59)|(33,33)/(80,80)|(47,47)/(66,66)|(11,11)/(102,102)|(9,9)/(104,104)|(17,17)/(96,96)|(15,15)/(98,98)|(46,46)/(67,67)|(2,2)/(111,111)|(41,41)/(72,72)|(56,56)/(57,57)|(40,40)/(73,73)|(28,28)/(85,85)|(30,30)/(83,83)|(21,21)/(92,92)|(53,53)/(60,60)|(44,44)/(69,69)|(18,18)/(95,95)|(34,34)/(79,79)|(5,5)/(108,108)",1.0
subtraction_depth1_adamw,1,adamw,maximum_accuracy_reference,9000,checkpoints/subtraction_depth_1_adamw_seed_0/step_009000.pt,1.0,1.0,pair_global,full_hidden,2,56,"(42,42)/(71,71)|(25,25)/(88,88)|(39,39)/(74,74)|(29,29)/(84,84)|(13,13)/(100,100)|(55,55)/(58,58)|(26,26)/(87,87)|(16,16)/(97,97)|(50,50)/(63,63)|(35,35)/(78,78)|(38,38)/(75,75)|(4,4)/(109,109)|(37,37)/(76,76)|(43,43)/(70,70)|(12,12)/(101,101)|(45,45)/(68,68)|(10,10)/(103,103)|(3,3)/(110,110)|(51,51)/(62,62)|(32,32)/(81,81)|(24,24)/(89,89)|(19,19)/(94,94)|(52,52)/(61,61)|(8,8)/(105,105)|(6,6)/(107,107)|(48,48)/(65,65)|(36,36)/(77,77)|(31,31)/(82,82)|(7,7)/(106,106)|(1,1)/(112,112)|(23,23)/(90,90)|(49,49)/(64,64)|(14,14)/(99,99)|(22,22)/(91,91)|(27,27)/(86,86)|(20,20)/(93,93)|(54,54)/(59,59)|(33,33)/(80,80)|(47,47)/(66,66)|(11,11)/(102,102)|(9,9)/(104,104)|(17,17)/(96,96)|(15,15)/(98,98)|(46,46)/(67,67)|(2,2)/(111,111)|(41,41)/(72,72)|(56,56)/(57,57)|(40,40)/(73,73)|(28,28)/(85,85)|(30,30)/(83,83)|(21,21)/(92,92)|(53,53)/(60,60)|(44,44)/(69,69)|(18,18)/(95,95)|(34,34)/(79,79)|(5,5)/(108,108)",1.0
subtraction_depth1_adamw,1,adamw,maximum_accuracy_reference,9000,checkpoints/subtraction_depth_1_adamw_seed_0/step_009000.pt,1.0,1.0,pair_global,full_hidden,3,56,"(42,42)/(71,71)|(25,25)/(88,88)|(39,39)/(74,74)|(29,29)/(84,84)|(13,13)/(100,100)|(55,55)/(58,58)|(26,26)/(87,87)|(16,16)/(97,97)|(50,50)/(63,63)|(35,35)/(78,78)|(38,38)/(75,75)|(4,4)/(109,109)|(37,37)/(76,76)|(43,43)/(70,70)|(12,12)/(101,101)|(45,45)/(68,68)|(10,10)/(103,103)|(3,3)/(110,110)|(51,51)/(62,62)|(32,32)/(81,81)|(24,24)/(89,89)|(19,19)/(94,94)|(52,52)/(61,61)|(8,8)/(105,105)|(6,6)/(107,107)|(48,48)/(65,65)|(36,36)/(77,77)|(31,31)/(82,82)|(7,7)/(106,106)|(1,1)/(112,112)|(23,23)/(90,90)|(49,49)/(64,64)|(14,14)/(99,99)|(22,22)/(91,91)|(27,27)/(86,86)|(20,20)/(93,93)|(54,54)/(59,59)|(33,33)/(80,80)|(47,47)/(66,66)|(11,11)/(102,102)|(9,9)/(104,104)|(17,17)/(96,96)|(15,15)/(98,98)|(46,46)/(67,67)|(2,2)/(111,111)|(41,41)/(72,72)|(56,56)/(57,57)|(40,40)/(73,73)|(28,28)/(85,85)|(30,30)/(83,83)|(21,21)/(92,92)|(53,53)/(60,60)|(44,44)/(69,69)|(18,18)/(95,95)|(34,34)/(79,79)|(5,5)/(108,108)",1.0
subtraction_depth1_adamw,1,adamw,maximum_accuracy_reference,9000,checkpoints/subtraction_depth_1_adamw_seed_0/step_009000.pt,1.0,1.0,pair_global,full_hidden,4,56,"(42,42)/(71,71)|(25,25)/(88,88)|(39,39)/(74,74)|(29,29)/(84,84)|(13,13)/(100,100)|(55,55)/(58,58)|(26,26)/(87,87)|(16,16)/(97,97)|(50,50)/(63,63)|(35,35)/(78,78)|(38,38)/(75,75)|(4,4)/(109,109)|(37,37)/(76,76)|(43,43)/(70,70)|(12,12)/(101,101)|(45,45)/(68,68)|(10,10)/(103,103)|(3,3)/(110,110)|(51,51)/(62,62)|(32,32)/(81,81)|(24,24)/(89,89)|(19,19)/(94,94)|(52,52)/(61,61)|(8,8)/(105,105)|(6,6)/(107,107)|(48,48)/(65,65)|(36,36)/(77,77)|(31,31)/(82,82)|(7,7)/(106,106)|(1,1)/(112,112)|(23,23)/(90,90)|(49,49)/(64,64)|(14,14)/(99,99)|(22,22)/(91,91)|(27,27)/(86,86)|(20,20)/(93,93)|(54,54)/(59,59)|(33,33)/(80,80)|(47,47)/(66,66)|(11,11)/(102,102)|(9,9)/(104,104)|(17,17)/(96,96)|(15,15)/(98,98)|(46,46)/(67,67)|(2,2)/(111,111)|(41,41)/(72,72)|(56,56)/(57,57)|(40,40)/(73,73)|(28,28)/(85,85)|(30,30)/(83,83)|(21,21)/(92,92)|(53,53)/(60,60)|(44,44)/(69,69)|(18,18)/(95,95)|(34,34)/(79,79)|(5,5)/(108,108)",1.0
subtraction_depth1_adamw,1,adamw,maximum_accuracy_reference,9000,checkpoints/subtraction_depth_1_adamw_seed_0/step_009000.pt,1.0,1.0,pair_global,full_hidden,5,56,"(42,42)/(71,71)|(25,25)/(88,88)|(39,39)/(74,74)|(29,29)/(84,84)|(13,13)/(100,100)|(55,55)/(58,58)|(26,26)/(87,87)|(16,16)/(97,97)|(50,50)/(63,63)|(35,35)/(78,78)|(38,38)/(75,75)|(4,4)/(109,109)|(37,37)/(76,76)|(43,43)/(70,70)|(12,12)/(101,101)|(45,45)/(68,68)|(10,10)/(103,103)|(3,3)/(110,110)|(51,51)/(62,62)|(32,32)/(81,81)|(24,24)/(89,89)|(19,19)/(94,94)|(52,52)/(61,61)|(8,8)/(105,105)|(6,6)/(107,107)|(48,48)/(65,65)|(36,36)/(77,77)|(31,31)/(82,82)|(7,7)/(106,106)|(1,1)/(112,112)|(23,23)/(90,90)|(49,49)/(64,64)|(14,14)/(99,99)|(22,22)/(91,91)|(27,27)/(86,86)|(20,20)/(93,93)|(54,54)/(59,59)|(33,33)/(80,80)|(47,47)/(66,66)|(11,11)/(102,102)|(9,9)/(104,104)|(17,17)/(96,96)|(15,15)/(98,98)|(46,46)/(67,67)|(2,2)/(111,111)|(41,41)/(72,72)|(56,56)/(57,57)|(40,40)/(73,73)|(28,28)/(85,85)|(30,30)/(83,83)|(21,21)/(92,92)|(53,53)/(60,60)|(44,44)/(69,69)|(18,18)/(95,95)|(34,34)/(79,79)|(5,5)/(108,108)",1.0
subtraction_depth1_adamw,1,adamw,maximum_accuracy_reference,9000,checkpoints/subtraction_depth_1_adamw_seed_0/step_009000.pt,1.0,1.0,pair_global,full_hidden,6,56,"(42,42)/(71,71)|(25,25)/(88,88)|(39,39)/(74,74)|(29,29)/(84,84)|(13,13)/(100,100)|(55,55)/(58,58)|(26,26)/(87,87)|(16,16)/(97,97)|(50,50)/(63,63)|(35,35)/(78,78)|(38,38)/(75,75)|(4,4)/(109,109)|(37,37)/(76,76)|(43,43)/(70,70)|(12,12)/(101,101)|(45,45)/(68,68)|(10,10)/(103,103)|(3,3)/(110,110)|(51,51)/(62,62)|(32,32)/(81,81)|(24,24)/(89,89)|(19,19)/(94,94)|(52,52)/(61,61)|(8,8)/(105,105)|(6,6)/(107,107)|(48,48)/(65,65)|(36,36)/(77,77)|(31,31)/(82,82)|(7,7)/(106,106)|(1,1)/(112,112)|(23,23)/(90,90)|(49,49)/(64,64)|(14,14)/(99,99)|(22,22)/(91,91)|(27,27)/(86,86)|(20,20)/(93,93)|(54,54)/(59,59)|(33,33)/(80,80)|(47,47)/(66,66)|(11,11)/(102,102)|(9,9)/(104,104)|(17,17)/(96,96)|(15,15)/(98,98)|(46,46)/(67,67)|(2,2)/(111,111)|(41,41)/(72,72)|(56,56)/(57,57)|(40,40)/(73,73)|(28,28)/(85,85)|(30,30)/(83,83)|(21,21)/(92,92)|(53,53)/(60,60)|(44,44)/(69,69)|(18,18)/(95,95)|(34,34)/(79,79)|(5,5)/(108,108)",1.0
subtraction_depth1_adamw,1,adamw,maximum_accuracy_reference,9000,checkpoints/subtraction_depth_1_adamw_seed_0/step_009000.pt,1.0,1.0,pair_global,full_hidden,7,56,"(42,42)/(71,71)|(25,25)/(88,88)|(39,39)/(74,74)|(29,29)/(84,84)|(13,13)/(100,100)|(55,55)/(58,58)|(26,26)/(87,87)|(16,16)/(97,97)|(50,50)/(63,63)|(35,35)/(78,78)|(38,38)/(75,75)|(4,4)/(109,109)|(37,37)/(76,76)|(43,43)/(70,70)|(12,12)/(101,101)|(45,45)/(68,68)|(10,10)/(103,103)|(3,3)/(110,110)|(51,51)/(62,62)|(32,32)/(81,81)|(24,24)/(89,89)|(19,19)/(94,94)|(52,52)/(61,61)|(8,8)/(105,105)|(6,6)/(107,107)|(48,48)/(65,65)|(36,36)/(77,77)|(31,31)/(82,82)|(7,7)/(106,106)|(1,1)/(112,112)|(23,23)/(90,90)|(49,49)/(64,64)|(14,14)/(99,99)|(22,22)/(91,91)|(27,27)/(86,86)|(20,20)/(93,93)|(54,54)/(59,59)|(33,33)/(80,80)|(47,47)/(66,66)|(11,11)/(102,102)|(9,9)/(104,104)|(17,17)/(96,96)|(15,15)/(98,98)|(46,46)/(67,67)|(2,2)/(111,111)|(41,41)/(72,72)|(56,56)/(57,57)|(40,40)/(73,73)|(28,28)/(85,85)|(30,30)/(83,83)|(21,21)/(92,92)|(53,53)/(60,60)|(44,44)/(69,69)|(18,18)/(95,95)|(34,34)/(79,79)|(5,5)/(108,108)",1.0
subtraction_depth1_adamw,1,adamw,maximum_accuracy_reference,9000,checkpoints/subtraction_depth_1_adamw_seed_0/step_009000.pt,1.0,1.0,pair_global,full_hidden,8,56,"(42,42)/(71,71)|(25,25)/(88,88)|(39,39)/(74,74)|(29,29)/(84,84)|(13,13)/(100,100)|(55,55)/(58,58)|(26,26)/(87,87)|(16,16)/(97,97)|(50,50)/(63,63)|(35,35)/(78,78)|(38,38)/(75,75)|(4,4)/(109,109)|(37,37)/(76,76)|(43,43)/(70,70)|(12,12)/(101,101)|(45,45)/(68,68)|(10,10)/(103,103)|(3,3)/(110,110)|(51,51)/(62,62)|(32,32)/(81,81)|(24,24)/(89,89)|(19,19)/(94,94)|(52,52)/(61,61)|(8,8)/(105,105)|(6,6)/(107,107)|(48,48)/(65,65)|(36,36)/(77,77)|(31,31)/(82,82)|(7,7)/(106,106)|(1,1)/(112,112)|(23,23)/(90,90)|(49,49)/(64,64)|(14,14)/(99,99)|(22,22)/(91,91)|(27,27)/(86,86)|(20,20)/(93,93)|(54,54)/(59,59)|(33,33)/(80,80)|(47,47)/(66,66)|(11,11)/(102,102)|(9,9)/(104,104)|(17,17)/(96,96)|(15,15)/(98,98)|(46,46)/(67,67)|(2,2)/(111,111)|(41,41)/(72,72)|(56,56)/(57,57)|(40,40)/(73,73)|(28,28)/(85,85)|(30,30)/(83,83)|(21,21)/(92,92)|(53,53)/(60,60)|(44,44)/(69,69)|(18,18)/(95,95)|(34,34)/(79,79)|(5,5)/(108,108)",1.0
subtraction_depth1_adamw,1,adamw,maximum_accuracy_reference,9000,checkpoints/subtraction_depth_1_adamw_seed_0/step_009000.pt,1.0,1.0,pair_global,full_hidden,9,56,"(42,42)/(71,71)|(25,25)/(88,88)|(39,39)/(74,74)|(29,29)/(84,84)|(13,13)/(100,100)|(55,55)/(58,58)|(26,26)/(87,87)|(16,16)/(97,97)|(50,50)/(63,63)|(35,35)/(78,78)|(38,38)/(75,75)|(4,4)/(109,109)|(37,37)/(76,76)|(43,43)/(70,70)|(12,12)/(101,101)|(45,45)/(68,68)|(10,10)/(103,103)|(3,3)/(110,110)|(51,51)/(62,62)|(32,32)/(81,81)|(24,24)/(89,89)|(19,19)/(94,94)|(52,52)/(61,61)|(8,8)/(105,105)|(6,6)/(107,107)|(48,48)/(65,65)|(36,36)/(77,77)|(31,31)/(82,82)|(7,7)/(106,106)|(1,1)/(112,112)|(23,23)/(90,90)|(49,49)/(64,64)|(14,14)/(99,99)|(22,22)/(91,91)|(27,27)/(86,86)|(20,20)/(93,93)|(54,54)/(59,59)|(33,33)/(80,80)|(47,47)/(66,66)|(11,11)/(102,102)|(9,9)/(104,104)|(17,17)/(96,96)|(15,15)/(98,98)|(46,46)/(67,67)|(2,2)/(111,111)|(41,41)/(72,72)|(56,56)/(57,57)|(40,40)/(73,73)|(28,28)/(85,85)|(30,30)/(83,83)|(21,21)/(92,92)|(53,53)/(60,60)|(44,44)/(69,69)|(18,18)/(95,95)|(34,34)/(79,79)|(5,5)/(108,108)",1.0
subtraction_depth1_adamw,1,adamw,maximum_accuracy_reference,9000,checkpoints/subtraction_depth_1_adamw_seed_0/step_009000.pt,1.0,1.0,channelwise,addition_only,0,56,"(42,42)/(71,71)|(25,25)/(88,88)|(39,39)/(74,74)|(29,29)/(84,84)|(13,13)/(100,100)|(55,55)/(58,58)|(26,26)/(87,87)|(16,16)/(97,97)|(50,50)/(63,63)|(35,35)/(78,78)|(38,38)/(75,75)|(4,4)/(109,109)|(37,37)/(76,76)|(43,43)/(70,70)|(12,12)/(101,101)|(45,45)/(68,68)|(10,10)/(103,103)|(3,3)/(110,110)|(51,51)/(62,62)|(32,32)/(81,81)|(24,24)/(89,89)|(19,19)/(94,94)|(52,52)/(61,61)|(8,8)/(105,105)|(6,6)/(107,107)|(48,48)/(65,65)|(36,36)/(77,77)|(31,31)/(82,82)|(7,7)/(106,106)|(1,1)/(112,112)|(23,23)/(90,90)|(49,49)/(64,64)|(14,14)/(99,99)|(22,22)/(91,91)|(27,27)/(86,86)|(20,20)/(93,93)|(54,54)/(59,59)|(33,33)/(80,80)|(47,47)/(66,66)|(11,11)/(102,102)|(9,9)/(104,104)|(17,17)/(96,96)|(15,15)/(98,98)|(46,46)/(67,67)|(2,2)/(111,111)|(41,41)/(72,72)|(56,56)/(57,57)|(40,40)/(73,73)|(28,28)/(85,85)|(30,30)/(83,83)|(21,21)/(92,92)|(53,53)/(60,60)|(44,44)/(69,69)|(18,18)/(95,95)|(34,34)/(79,79)|(5,5)/(108,108)",0.008849557489156723
subtraction_depth1_adamw,1,adamw,maximum_accuracy_reference,9000,checkpoints/subtraction_depth_1_adamw_seed_0/step_009000.pt,1.0,1.0,channelwise,addition_only,1,56,"(42,42)/(71,71)|(25,25)/(88,88)|(39,39)/(74,74)|(29,29)/(84,84)|(13,13)/(100,100)|(55,55)/(58,58)|(26,26)/(87,87)|(16,16)/(97,97)|(50,50)/(63,63)|(35,35)/(78,78)|(38,38)/(75,75)|(4,4)/(109,109)|(37,37)/(76,76)|(43,43)/(70,70)|(12,12)/(101,101)|(45,45)/(68,68)|(10,10)/(103,103)|(3,3)/(110,110)|(51,51)/(62,62)|(32,32)/(81,81)|(24,24)/(89,89)|(19,19)/(94,94)|(52,52)/(61,61)|(8,8)/(105,105)|(6,6)/(107,107)|(48,48)/(65,65)|(36,36)/(77,77)|(31,31)/(82,82)|(7,7)/(106,106)|(1,1)/(112,112)|(23,23)/(90,90)|(49,49)/(64,64)|(14,14)/(99,99)|(22,22)/(91,91)|(27,27)/(86,86)|(20,20)/(93,93)|(54,54)/(59,59)|(33,33)/(80,80)|(47,47)/(66,66)|(11,11)/(102,102)|(9,9)/(104,104)|(17,17)/(96,96)|(15,15)/(98,98)|(46,46)/(67,67)|(2,2)/(111,111)|(41,41)/(72,72)|(56,56)/(57,57)|(40,40)/(73,73)|(28,28)/(85,85)|(30,30)/(83,83)|(21,21)/(92,92)|(53,53)/(60,60)|(44,44)/(69,69)|(18,18)/(95,95)|(34,34)/(79,79)|(5,5)/(108,108)",0.008849557489156723
subtraction_depth1_adamw,1,adamw,maximum_accuracy_reference,9000,checkpoints/subtraction_depth_1_adamw_seed_0/step_009000.pt,1.0,1.0,channelwise,addition_only,2,56,"(42,42)/(71,71)|(25,25)/(88,88)|(39,39)/(74,74)|(29,29)/(84,84)|(13,13)/(100,100)|(55,55)/(58,58)|(26,26)/(87,87)|(16,16)/(97,97)|(50,50)/(63,63)|(35,35)/(78,78)|(38,38)/(75,75)|(4,4)/(109,109)|(37,37)/(76,76)|(43,43)/(70,70)|(12,12)/(101,101)|(45,45)/(68,68)|(10,10)/(103,103)|(3,3)/(110,110)|(51,51)/(62,62)|(32,32)/(81,81)|(24,24)/(89,89)|(19,19)/(94,94)|(52,52)/(61,61)|(8,8)/(105,105)|(6,6)/(107,107)|(48,48)/(65,65)|(36,36)/(77,77)|(31,31)/(82,82)|(7,7)/(106,106)|(1,1)/(112,112)|(23,23)/(90,90)|(49,49)/(64,64)|(14,14)/(99,99)|(22,22)/(91,91)|(27,27)/(86,86)|(20,20)/(93,93)|(54,54)/(59,59)|(33,33)/(80,80)|(47,47)/(66,66)|(11,11)/(102,102)|(9,9)/(104,104)|(17,17)/(96,96)|(15,15)/(98,98)|(46,46)/(67,67)|(2,2)/(111,111)|(41,41)/(72,72)|(56,56)/(57,57)|(40,40)/(73,73)|(28,28)/(85,85)|(30,30)/(83,83)|(21,21)/(92,92)|(53,53)/(60,60)|(44,44)/(69,69)|(18,18)/(95,95)|(34,34)/(79,79)|(5,5)/(108,108)",0.008849557489156723
subtraction_depth1_adamw,1,adamw,maximum_accuracy_reference,9000,checkpoints/subtraction_depth_1_adamw_seed_0/step_009000.pt,1.0,1.0,channelwise,addition_only,3,56,"(42,42)/(71,71)|(25,25)/(88,88)|(39,39)/(74,74)|(29,29)/(84,84)|(13,13)/(100,100)|(55,55)/(58,58)|(26,26)/(87,87)|(16,16)/(97,97)|(50,50)/(63,63)|(35,35)/(78,78)|(38,38)/(75,75)|(4,4)/(109,109)|(37,37)/(76,76)|(43,43)/(70,70)|(12,12)/(101,101)|(45,45)/(68,68)|(10,10)/(103,103)|(3,3)/(110,110)|(51,51)/(62,62)|(32,32)/(81,81)|(24,24)/(89,89)|(19,19)/(94,94)|(52,52)/(61,61)|(8,8)/(105,105)|(6,6)/(107,107)|(48,48)/(65,65)|(36,36)/(77,77)|(31,31)/(82,82)|(7,7)/(106,106)|(1,1)/(112,112)|(23,23)/(90,90)|(49,49)/(64,64)|(14,14)/(99,99)|(22,22)/(91,91)|(27,27)/(86,86)|(20,20)/(93,93)|(54,54)/(59,59)|(33,33)/(80,80)|(47,47)/(66,66)|(11,11)/(102,102)|(9,9)/(104,104)|(17,17)/(96,96)|(15,15)/(98,98)|(46,46)/(67,67)|(2,2)/(111,111)|(41,41)/(72,72)|(56,56)/(57,57)|(40,40)/(73,73)|(28,28)/(85,85)|(30,30)/(83,83)|(21,21)/(92,92)|(53,53)/(60,60)|(44,44)/(69,69)|(18,18)/(95,95)|(34,34)/(79,79)|(5,5)/(108,108)",0.008849557489156723
subtraction_depth1_adamw,1,adamw,maximum_accuracy_reference,9000,checkpoints/subtraction_depth_1_adamw_seed_0/step_009000.pt,1.0,1.0,channelwise,addition_only,4,56,"(42,42)/(71,71)|(25,25)/(88,88)|(39,39)/(74,74)|(29,29)/(84,84)|(13,13)/(100,100)|(55,55)/(58,58)|(26,26)/(87,87)|(16,16)/(97,97)|(50,50)/(63,63)|(35,35)/(78,78)|(38,38)/(75,75)|(4,4)/(109,109)|(37,37)/(76,76)|(43,43)/(70,70)|(12,12)/(101,101)|(45,45)/(68,68)|(10,10)/(103,103)|(3,3)/(110,110)|(51,51)/(62,62)|(32,32)/(81,81)|(24,24)/(89,89)|(19,19)/(94,94)|(52,52)/(61,61)|(8,8)/(105,105)|(6,6)/(107,107)|(48,48)/(65,65)|(36,36)/(77,77)|(31,31)/(82,82)|(7,7)/(106,106)|(1,1)/(112,112)|(23,23)/(90,90)|(49,49)/(64,64)|(14,14)/(99,99)|(22,22)/(91,91)|(27,27)/(86,86)|(20,20)/(93,93)|(54,54)/(59,59)|(33,33)/(80,80)|(47,47)/(66,66)|(11,11)/(102,102)|(9,9)/(104,104)|(17,17)/(96,96)|(15,15)/(98,98)|(46,46)/(67,67)|(2,2)/(111,111)|(41,41)/(72,72)|(56,56)/(57,57)|(40,40)/(73,73)|(28,28)/(85,85)|(30,30)/(83,83)|(21,21)/(92,92)|(53,53)/(60,60)|(44,44)/(69,69)|(18,18)/(95,95)|(34,34)/(79,79)|(5,5)/(108,108)",0.008849557489156723
subtraction_depth1_adamw,1,adamw,maximum_accuracy_reference,9000,checkpoints/subtraction_depth_1_adamw_seed_0/step_009000.pt,1.0,1.0,channelwise,addition_only,5,56,"(42,42)/(71,71)|(25,25)/(88,88)|(39,39)/(74,74)|(29,29)/(84,84)|(13,13)/(100,100)|(55,55)/(58,58)|(26,26)/(87,87)|(16,16)/(97,97)|(50,50)/(63,63)|(35,35)/(78,78)|(38,38)/(75,75)|(4,4)/(109,109)|(37,37)/(76,76)|(43,43)/(70,70)|(12,12)/(101,101)|(45,45)/(68,68)|(10,10)/(103,103)|(3,3)/(110,110)|(51,51)/(62,62)|(32,32)/(81,81)|(24,24)/(89,89)|(19,19)/(94,94)|(52,52)/(61,61)|(8,8)/(105,105)|(6,6)/(107,107)|(48,48)/(65,65)|(36,36)/(77,77)|(31,31)/(82,82)|(7,7)/(106,106)|(1,1)/(112,112)|(23,23)/(90,90)|(49,49)/(64,64)|(14,14)/(99,99)|(22,22)/(91,91)|(27,27)/(86,86)|(20,20)/(93,93)|(54,54)/(59,59)|(33,33)/(80,80)|(47,47)/(66,66)|(11,11)/(102,102)|(9,9)/(104,104)|(17,17)/(96,96)|(15,15)/(98,98)|(46,46)/(67,67)|(2,2)/(111,111)|(41,41)/(72,72)|(56,56)/(57,57)|(40,40)/(73,73)|(28,28)/(85,85)|(30,30)/(83,83)|(21,21)/(92,92)|(53,53)/(60,60)|(44,44)/(69,69)|(18,18)/(95,95)|(34,34)/(79,79)|(5,5)/(108,108)",0.008849557489156723
subtraction_depth1_adamw,1,adamw,maximum_accuracy_reference,9000,checkpoints/subtraction_depth_1_adamw_seed_0/step_009000.pt,1.0,1.0,channelwise,addition_only,6,56,"(42,42)/(71,71)|(25,25)/(88,88)|(39,39)/(74,74)|(29,29)/(84,84)|(13,13)/(100,100)|(55,55)/(58,58)|(26,26)/(87,87)|(16,16)/(97,97)|(50,50)/(63,63)|(35,35)/(78,78)|(38,38)/(75,75)|(4,4)/(109,109)|(37,37)/(76,76)|(43,43)/(70,70)|(12,12)/(101,101)|(45,45)/(68,68)|(10,10)/(103,103)|(3,3)/(110,110)|(51,51)/(62,62)|(32,32)/(81,81)|(24,24)/(89,89)|(19,19)/(94,94)|(52,52)/(61,61)|(8,8)/(105,105)|(6,6)/(107,107)|(48,48)/(65,65)|(36,36)/(77,77)|(31,31)/(82,82)|(7,7)/(106,106)|(1,1)/(112,112)|(23,23)/(90,90)|(49,49)/(64,64)|(14,14)/(99,99)|(22,22)/(91,91)|(27,27)/(86,86)|(20,20)/(93,93)|(54,54)/(59,59)|(33,33)/(80,80)|(47,47)/(66,66)|(11,11)/(102,102)|(9,9)/(104,104)|(17,17)/(96,96)|(15,15)/(98,98)|(46,46)/(67,67)|(2,2)/(111,111)|(41,41)/(72,72)|(56,56)/(57,57)|(40,40)/(73,73)|(28,28)/(85,85)|(30,30)/(83,83)|(21,21)/(92,92)|(53,53)/(60,60)|(44,44)/(69,69)|(18,18)/(95,95)|(34,34)/(79,79)|(5,5)/(108,108)",0.008849557489156723
subtraction_depth1_adamw,1,adamw,maximum_accuracy_reference,9000,checkpoints/subtraction_depth_1_adamw_seed_0/step_009000.pt,1.0,1.0,channelwise,addition_only,7,56,"(42,42)/(71,71)|(25,25)/(88,88)|(39,39)/(74,74)|(29,29)/(84,84)|(13,13)/(100,100)|(55,55)/(58,58)|(26,26)/(87,87)|(16,16)/(97,97)|(50,50)/(63,63)|(35,35)/(78,78)|(38,38)/(75,75)|(4,4)/(109,109)|(37,37)/(76,76)|(43,43)/(70,70)|(12,12)/(101,101)|(45,45)/(68,68)|(10,10)/(103,103)|(3,3)/(110,110)|(51,51)/(62,62)|(32,32)/(81,81)|(24,24)/(89,89)|(19,19)/(94,94)|(52,52)/(61,61)|(8,8)/(105,105)|(6,6)/(107,107)|(48,48)/(65,65)|(36,36)/(77,77)|(31,31)/(82,82)|(7,7)/(106,106)|(1,1)/(112,112)|(23,23)/(90,90)|(49,49)/(64,64)|(14,14)/(99,99)|(22,22)/(91,91)|(27,27)/(86,86)|(20,20)/(93,93)|(54,54)/(59,59)|(33,33)/(80,80)|(47,47)/(66,66)|(11,11)/(102,102)|(9,9)/(104,104)|(17,17)/(96,96)|(15,15)/(98,98)|(46,46)/(67,67)|(2,2)/(111,111)|(41,41)/(72,72)|(56,56)/(57,57)|(40,40)/(73,73)|(28,28)/(85,85)|(30,30)/(83,83)|(21,21)/(92,92)|(53,53)/(60,60)|(44,44)/(69,69)|(18,18)/(95,95)|(34,34)/(79,79)|(5,5)/(108,108)",0.008849557489156723
subtraction_depth1_adamw,1,adamw,maximum_accuracy_reference,9000,checkpoints/subtraction_depth_1_adamw_seed_0/step_009000.pt,1.0,1.0,channelwise,addition_only,8,56,"(42,42)/(71,71)|(25,25)/(88,88)|(39,39)/(74,74)|(29,29)/(84,84)|(13,13)/(100,100)|(55,55)/(58,58)|(26,26)/(87,87)|(16,16)/(97,97)|(50,50)/(63,63)|(35,35)/(78,78)|(38,38)/(75,75)|(4,4)/(109,109)|(37,37)/(76,76)|(43,43)/(70,70)|(12,12)/(101,101)|(45,45)/(68,68)|(10,10)/(103,103)|(3,3)/(110,110)|(51,51)/(62,62)|(32,32)/(81,81)|(24,24)/(89,89)|(19,19)/(94,94)|(52,52)/(61,61)|(8,8)/(105,105)|(6,6)/(107,107)|(48,48)/(65,65)|(36,36)/(77,77)|(31,31)/(82,82)|(7,7)/(106,106)|(1,1)/(112,112)|(23,23)/(90,90)|(49,49)/(64,64)|(14,14)/(99,99)|(22,22)/(91,91)|(27,27)/(86,86)|(20,20)/(93,93)|(54,54)/(59,59)|(33,33)/(80,80)|(47,47)/(66,66)|(11,11)/(102,102)|(9,9)/(104,104)|(17,17)/(96,96)|(15,15)/(98,98)|(46,46)/(67,67)|(2,2)/(111,111)|(41,41)/(72,72)|(56,56)/(57,57)|(40,40)/(73,73)|(28,28)/(85,85)|(30,30)/(83,83)|(21,21)/(92,92)|(53,53)/(60,60)|(44,44)/(69,69)|(18,18)/(95,95)|(34,34)/(79,79)|(5,5)/(108,108)",0.008849557489156723
subtraction_depth1_adamw,1,adamw,maximum_accuracy_reference,9000,checkpoints/subtraction_depth_1_adamw_seed_0/step_009000.pt,1.0,1.0,channelwise,addition_only,9,56,"(42,42)/(71,71)|(25,25)/(88,88)|(39,39)/(74,74)|(29,29)/(84,84)|(13,13)/(100,100)|(55,55)/(58,58)|(26,26)/(87,87)|(16,16)/(97,97)|(50,50)/(63,63)|(35,35)/(78,78)|(38,38)/(75,75)|(4,4)/(109,109)|(37,37)/(76,76)|(43,43)/(70,70)|(12,12)/(101,101)|(45,45)/(68,68)|(10,10)/(103,103)|(3,3)/(110,110)|(51,51)/(62,62)|(32,32)/(81,81)|(24,24)/(89,89)|(19,19)/(94,94)|(52,52)/(61,61)|(8,8)/(105,105)|(6,6)/(107,107)|(48,48)/(65,65)|(36,36)/(77,77)|(31,31)/(82,82)|(7,7)/(106,106)|(1,1)/(112,112)|(23,23)/(90,90)|(49,49)/(64,64)|(14,14)/(99,99)|(22,22)/(91,91)|(27,27)/(86,86)|(20,20)/(93,93)|(54,54)/(59,59)|(33,33)/(80,80)|(47,47)/(66,66)|(11,11)/(102,102)|(9,9)/(104,104)|(17,17)/(96,96)|(15,15)/(98,98)|(46,46)/(67,67)|(2,2)/(111,111)|(41,41)/(72,72)|(56,56)/(57,57)|(40,40)/(73,73)|(28,28)/(85,85)|(30,30)/(83,83)|(21,21)/(92,92)|(53,53)/(60,60)|(44,44)/(69,69)|(18,18)/(95,95)|(34,34)/(79,79)|(5,5)/(108,108)",0.008849557489156723
subtraction_depth1_adamw,1,adamw,maximum_accuracy_reference,9000,checkpoints/subtraction_depth_1_adamw_seed_0/step_009000.pt,1.0,1.0,channelwise,full_hidden,0,56,"(42,42)/(71,71)|(25,25)/(88,88)|(39,39)/(74,74)|(29,29)/(84,84)|(13,13)/(100,100)|(55,55)/(58,58)|(26,26)/(87,87)|(16,16)/(97,97)|(50,50)/(63,63)|(35,35)/(78,78)|(38,38)/(75,75)|(4,4)/(109,109)|(37,37)/(76,76)|(43,43)/(70,70)|(12,12)/(101,101)|(45,45)/(68,68)|(10,10)/(103,103)|(3,3)/(110,110)|(51,51)/(62,62)|(32,32)/(81,81)|(24,24)/(89,89)|(19,19)/(94,94)|(52,52)/(61,61)|(8,8)/(105,105)|(6,6)/(107,107)|(48,48)/(65,65)|(36,36)/(77,77)|(31,31)/(82,82)|(7,7)/(106,106)|(1,1)/(112,112)|(23,23)/(90,90)|(49,49)/(64,64)|(14,14)/(99,99)|(22,22)/(91,91)|(27,27)/(86,86)|(20,20)/(93,93)|(54,54)/(59,59)|(33,33)/(80,80)|(47,47)/(66,66)|(11,11)/(102,102)|(9,9)/(104,104)|(17,17)/(96,96)|(15,15)/(98,98)|(46,46)/(67,67)|(2,2)/(111,111)|(41,41)/(72,72)|(56,56)/(57,57)|(40,40)/(73,73)|(28,28)/(85,85)|(30,30)/(83,83)|(21,21)/(92,92)|(53,53)/(60,60)|(44,44)/(69,69)|(18,18)/(95,95)|(34,34)/(79,79)|(5,5)/(108,108)",1.0
subtraction_depth1_adamw,1,adamw,maximum_accuracy_reference,9000,checkpoints/subtraction_depth_1_adamw_seed_0/step_009000.pt,1.0,1.0,channelwise,full_hidden,1,56,"(42,42)/(71,71)|(25,25)/(88,88)|(39,39)/(74,74)|(29,29)/(84,84)|(13,13)/(100,100)|(55,55)/(58,58)|(26,26)/(87,87)|(16,16)/(97,97)|(50,50)/(63,63)|(35,35)/(78,78)|(38,38)/(75,75)|(4,4)/(109,109)|(37,37)/(76,76)|(43,43)/(70,70)|(12,12)/(101,101)|(45,45)/(68,68)|(10,10)/(103,103)|(3,3)/(110,110)|(51,51)/(62,62)|(32,32)/(81,81)|(24,24)/(89,89)|(19,19)/(94,94)|(52,52)/(61,61)|(8,8)/(105,105)|(6,6)/(107,107)|(48,48)/(65,65)|(36,36)/(77,77)|(31,31)/(82,82)|(7,7)/(106,106)|(1,1)/(112,112)|(23,23)/(90,90)|(49,49)/(64,64)|(14,14)/(99,99)|(22,22)/(91,91)|(27,27)/(86,86)|(20,20)/(93,93)|(54,54)/(59,59)|(33,33)/(80,80)|(47,47)/(66,66)|(11,11)/(102,102)|(9,9)/(104,104)|(17,17)/(96,96)|(15,15)/(98,98)|(46,46)/(67,67)|(2,2)/(111,111)|(41,41)/(72,72)|(56,56)/(57,57)|(40,40)/(73,73)|(28,28)/(85,85)|(30,30)/(83,83)|(21,21)/(92,92)|(53,53)/(60,60)|(44,44)/(69,69)|(18,18)/(95,95)|(34,34)/(79,79)|(5,5)/(108,108)",1.0
subtraction_depth1_adamw,1,adamw,maximum_accuracy_reference,9000,checkpoints/subtraction_depth_1_adamw_seed_0/step_009000.pt,1.0,1.0,channelwise,full_hidden,2,56,"(42,42)/(71,71)|(25,25)/(88,88)|(39,39)/(74,74)|(29,29)/(84,84)|(13,13)/(100,100)|(55,55)/(58,58)|(26,26)/(87,87)|(16,16)/(97,97)|(50,50)/(63,63)|(35,35)/(78,78)|(38,38)/(75,75)|(4,4)/(109,109)|(37,37)/(76,76)|(43,43)/(70,70)|(12,12)/(101,101)|(45,45)/(68,68)|(10,10)/(103,103)|(3,3)/(110,110)|(51,51)/(62,62)|(32,32)/(81,81)|(24,24)/(89,89)|(19,19)/(94,94)|(52,52)/(61,61)|(8,8)/(105,105)|(6,6)/(107,107)|(48,48)/(65,65)|(36,36)/(77,77)|(31,31)/(82,82)|(7,7)/(106,106)|(1,1)/(112,112)|(23,23)/(90,90)|(49,49)/(64,64)|(14,14)/(99,99)|(22,22)/(91,91)|(27,27)/(86,86)|(20,20)/(93,93)|(54,54)/(59,59)|(33,33)/(80,80)|(47,47)/(66,66)|(11,11)/(102,102)|(9,9)/(104,104)|(17,17)/(96,96)|(15,15)/(98,98)|(46,46)/(67,67)|(2,2)/(111,111)|(41,41)/(72,72)|(56,56)/(57,57)|(40,40)/(73,73)|(28,28)/(85,85)|(30,30)/(83,83)|(21,21)/(92,92)|(53,53)/(60,60)|(44,44)/(69,69)|(18,18)/(95,95)|(34,34)/(79,79)|(5,5)/(108,108)",1.0
subtraction_depth1_adamw,1,adamw,maximum_accuracy_reference,9000,checkpoints/subtraction_depth_1_adamw_seed_0/step_009000.pt,1.0,1.0,channelwise,full_hidden,3,56,"(42,42)/(71,71)|(25,25)/(88,88)|(39,39)/(74,74)|(29,29)/(84,84)|(13,13)/(100,100)|(55,55)/(58,58)|(26,26)/(87,87)|(16,16)/(97,97)|(50,50)/(63,63)|(35,35)/(78,78)|(38,38)/(75,75)|(4,4)/(109,109)|(37,37)/(76,76)|(43,43)/(70,70)|(12,12)/(101,101)|(45,45)/(68,68)|(10,10)/(103,103)|(3,3)/(110,110)|(51,51)/(62,62)|(32,32)/(81,81)|(24,24)/(89,89)|(19,19)/(94,94)|(52,52)/(61,61)|(8,8)/(105,105)|(6,6)/(107,107)|(48,48)/(65,65)|(36,36)/(77,77)|(31,31)/(82,82)|(7,7)/(106,106)|(1,1)/(112,112)|(23,23)/(90,90)|(49,49)/(64,64)|(14,14)/(99,99)|(22,22)/(91,91)|(27,27)/(86,86)|(20,20)/(93,93)|(54,54)/(59,59)|(33,33)/(80,80)|(47,47)/(66,66)|(11,11)/(102,102)|(9,9)/(104,104)|(17,17)/(96,96)|(15,15)/(98,98)|(46,46)/(67,67)|(2,2)/(111,111)|(41,41)/(72,72)|(56,56)/(57,57)|(40,40)/(73,73)|(28,28)/(85,85)|(30,30)/(83,83)|(21,21)/(92,92)|(53,53)/(60,60)|(44,44)/(69,69)|(18,18)/(95,95)|(34,34)/(79,79)|(5,5)/(108,108)",1.0
subtraction_depth1_adamw,1,adamw,maximum_accuracy_reference,9000,checkpoints/subtraction_depth_1_adamw_seed_0/step_009000.pt,1.0,1.0,channelwise,full_hidden,4,56,"(42,42)/(71,71)|(25,25)/(88,88)|(39,39)/(74,74)|(29,29)/(84,84)|(13,13)/(100,100)|(55,55)/(58,58)|(26,26)/(87,87)|(16,16)/(97,97)|(50,50)/(63,63)|(35,35)/(78,78)|(38,38)/(75,75)|(4,4)/(109,109)|(37,37)/(76,76)|(43,43)/(70,70)|(12,12)/(101,101)|(45,45)/(68,68)|(10,10)/(103,103)|(3,3)/(110,110)|(51,51)/(62,62)|(32,32)/(81,81)|(24,24)/(89,89)|(19,19)/(94,94)|(52,52)/(61,61)|(8,8)/(105,105)|(6,6)/(107,107)|(48,48)/(65,65)|(36,36)/(77,77)|(31,31)/(82,82)|(7,7)/(106,106)|(1,1)/(112,112)|(23,23)/(90,90)|(49,49)/(64,64)|(14,14)/(99,99)|(22,22)/(91,91)|(27,27)/(86,86)|(20,20)/(93,93)|(54,54)/(59,59)|(33,33)/(80,80)|(47,47)/(66,66)|(11,11)/(102,102)|(9,9)/(104,104)|(17,17)/(96,96)|(15,15)/(98,98)|(46,46)/(67,67)|(2,2)/(111,111)|(41,41)/(72,72)|(56,56)/(57,57)|(40,40)/(73,73)|(28,28)/(85,85)|(30,30)/(83,83)|(21,21)/(92,92)|(53,53)/(60,60)|(44,44)/(69,69)|(18,18)/(95,95)|(34,34)/(79,79)|(5,5)/(108,108)",1.0
subtraction_depth1_adamw,1,adamw,maximum_accuracy_reference,9000,checkpoints/subtraction_depth_1_adamw_seed_0/step_009000.pt,1.0,1.0,channelwise,full_hidden,5,56,"(42,42)/(71,71)|(25,25)/(88,88)|(39,39)/(74,74)|(29,29)/(84,84)|(13,13)/(100,100)|(55,55)/(58,58)|(26,26)/(87,87)|(16,16)/(97,97)|(50,50)/(63,63)|(35,35)/(78,78)|(38,38)/(75,75)|(4,4)/(109,109)|(37,37)/(76,76)|(43,43)/(70,70)|(12,12)/(101,101)|(45,45)/(68,68)|(10,10)/(103,103)|(3,3)/(110,110)|(51,51)/(62,62)|(32,32)/(81,81)|(24,24)/(89,89)|(19,19)/(94,94)|(52,52)/(61,61)|(8,8)/(105,105)|(6,6)/(107,107)|(48,48)/(65,65)|(36,36)/(77,77)|(31,31)/(82,82)|(7,7)/(106,106)|(1,1)/(112,112)|(23,23)/(90,90)|(49,49)/(64,64)|(14,14)/(99,99)|(22,22)/(91,91)|(27,27)/(86,86)|(20,20)/(93,93)|(54,54)/(59,59)|(33,33)/(80,80)|(47,47)/(66,66)|(11,11)/(102,102)|(9,9)/(104,104)|(17,17)/(96,96)|(15,15)/(98,98)|(46,46)/(67,67)|(2,2)/(111,111)|(41,41)/(72,72)|(56,56)/(57,57)|(40,40)/(73,73)|(28,28)/(85,85)|(30,30)/(83,83)|(21,21)/(92,92)|(53,53)/(60,60)|(44,44)/(69,69)|(18,18)/(95,95)|(34,34)/(79,79)|(5,5)/(108,108)",1.0
subtraction_depth1_adamw,1,adamw,maximum_accuracy_reference,9000,checkpoints/subtraction_depth_1_adamw_seed_0/step_009000.pt,1.0,1.0,channelwise,full_hidden,6,56,"(42,42)/(71,71)|(25,25)/(88,88)|(39,39)/(74,74)|(29,29)/(84,84)|(13,13)/(100,100)|(55,55)/(58,58)|(26,26)/(87,87)|(16,16)/(97,97)|(50,50)/(63,63)|(35,35)/(78,78)|(38,38)/(75,75)|(4,4)/(109,109)|(37,37)/(76,76)|(43,43)/(70,70)|(12,12)/(101,101)|(45,45)/(68,68)|(10,10)/(103,103)|(3,3)/(110,110)|(51,51)/(62,62)|(32,32)/(81,81)|(24,24)/(89,89)|(19,19)/(94,94)|(52,52)/(61,61)|(8,8)/(105,105)|(6,6)/(107,107)|(48,48)/(65,65)|(36,36)/(77,77)|(31,31)/(82,82)|(7,7)/(106,106)|(1,1)/(112,112)|(23,23)/(90,90)|(49,49)/(64,64)|(14,14)/(99,99)|(22,22)/(91,91)|(27,27)/(86,86)|(20,20)/(93,93)|(54,54)/(59,59)|(33,33)/(80,80)|(47,47)/(66,66)|(11,11)/(102,102)|(9,9)/(104,104)|(17,17)/(96,96)|(15,15)/(98,98)|(46,46)/(67,67)|(2,2)/(111,111)|(41,41)/(72,72)|(56,56)/(57,57)|(40,40)/(73,73)|(28,28)/(85,85)|(30,30)/(83,83)|(21,21)/(92,92)|(53,53)/(60,60)|(44,44)/(69,69)|(18,18)/(95,95)|(34,34)/(79,79)|(5,5)/(108,108)",1.0
subtraction_depth1_adamw,1,adamw,maximum_accuracy_reference,9000,checkpoints/subtraction_depth_1_adamw_seed_0/step_009000.pt,1.0,1.0,channelwise,full_hidden,7,56,"(42,42)/(71,71)|(25,25)/(88,88)|(39,39)/(74,74)|(29,29)/(84,84)|(13,13)/(100,100)|(55,55)/(58,58)|(26,26)/(87,87)|(16,16)/(97,97)|(50,50)/(63,63)|(35,35)/(78,78)|(38,38)/(75,75)|(4,4)/(109,109)|(37,37)/(76,76)|(43,43)/(70,70)|(12,12)/(101,101)|(45,45)/(68,68)|(10,10)/(103,103)|(3,3)/(110,110)|(51,51)/(62,62)|(32,32)/(81,81)|(24,24)/(89,89)|(19,19)/(94,94)|(52,52)/(61,61)|(8,8)/(105,105)|(6,6)/(107,107)|(48,48)/(65,65)|(36,36)/(77,77)|(31,31)/(82,82)|(7,7)/(106,106)|(1,1)/(112,112)|(23,23)/(90,90)|(49,49)/(64,64)|(14,14)/(99,99)|(22,22)/(91,91)|(27,27)/(86,86)|(20,20)/(93,93)|(54,54)/(59,59)|(33,33)/(80,80)|(47,47)/(66,66)|(11,11)/(102,102)|(9,9)/(104,104)|(17,17)/(96,96)|(15,15)/(98,98)|(46,46)/(67,67)|(2,2)/(111,111)|(41,41)/(72,72)|(56,56)/(57,57)|(40,40)/(73,73)|(28,28)/(85,85)|(30,30)/(83,83)|(21,21)/(92,92)|(53,53)/(60,60)|(44,44)/(69,69)|(18,18)/(95,95)|(34,34)/(79,79)|(5,5)/(108,108)",1.0
subtraction_depth1_adamw,1,adamw,maximum_accuracy_reference,9000,checkpoints/subtraction_depth_1_adamw_seed_0/step_009000.pt,1.0,1.0,channelwise,full_hidden,8,56,"(42,42)/(71,71)|(25,25)/(88,88)|(39,39)/(74,74)|(29,29)/(84,84)|(13,13)/(100,100)|(55,55)/(58,58)|(26,26)/(87,87)|(16,16)/(97,97)|(50,50)/(63,63)|(35,35)/(78,78)|(38,38)/(75,75)|(4,4)/(109,109)|(37,37)/(76,76)|(43,43)/(70,70)|(12,12)/(101,101)|(45,45)/(68,68)|(10,10)/(103,103)|(3,3)/(110,110)|(51,51)/(62,62)|(32,32)/(81,81)|(24,24)/(89,89)|(19,19)/(94,94)|(52,52)/(61,61)|(8,8)/(105,105)|(6,6)/(107,107)|(48,48)/(65,65)|(36,36)/(77,77)|(31,31)/(82,82)|(7,7)/(106,106)|(1,1)/(112,112)|(23,23)/(90,90)|(49,49)/(64,64)|(14,14)/(99,99)|(22,22)/(91,91)|(27,27)/(86,86)|(20,20)/(93,93)|(54,54)/(59,59)|(33,33)/(80,80)|(47,47)/(66,66)|(11,11)/(102,102)|(9,9)/(104,104)|(17,17)/(96,96)|(15,15)/(98,98)|(46,46)/(67,67)|(2,2)/(111,111)|(41,41)/(72,72)|(56,56)/(57,57)|(40,40)/(73,73)|(28,28)/(85,85)|(30,30)/(83,83)|(21,21)/(92,92)|(53,53)/(60,60)|(44,44)/(69,69)|(18,18)/(95,95)|(34,34)/(79,79)|(5,5)/(108,108)",1.0
subtraction_depth1_adamw,1,adamw,maximum_accuracy_reference,9000,checkpoints/subtraction_depth_1_adamw_seed_0/step_009000.pt,1.0,1.0,channelwise,full_hidden,9,56,"(42,42)/(71,71)|(25,25)/(88,88)|(39,39)/(74,74)|(29,29)/(84,84)|(13,13)/(100,100)|(55,55)/(58,58)|(26,26)/(87,87)|(16,16)/(97,97)|(50,50)/(63,63)|(35,35)/(78,78)|(38,38)/(75,75)|(4,4)/(109,109)|(37,37)/(76,76)|(43,43)/(70,70)|(12,12)/(101,101)|(45,45)/(68,68)|(10,10)/(103,103)|(3,3)/(110,110)|(51,51)/(62,62)|(32,32)/(81,81)|(24,24)/(89,89)|(19,19)/(94,94)|(52,52)/(61,61)|(8,8)/(105,105)|(6,6)/(107,107)|(48,48)/(65,65)|(36,36)/(77,77)|(31,31)/(82,82)|(7,7)/(106,106)|(1,1)/(112,112)|(23,23)/(90,90)|(49,49)/(64,64)|(14,14)/(99,99)|(22,22)/(91,91)|(27,27)/(86,86)|(20,20)/(93,93)|(54,54)/(59,59)|(33,33)/(80,80)|(47,47)/(66,66)|(11,11)/(102,102)|(9,9)/(104,104)|(17,17)/(96,96)|(15,15)/(98,98)|(46,46)/(67,67)|(2,2)/(111,111)|(41,41)/(72,72)|(56,56)/(57,57)|(40,40)/(73,73)|(28,28)/(85,85)|(30,30)/(83,83)|(21,21)/(92,92)|(53,53)/(60,60)|(44,44)/(69,69)|(18,18)/(95,95)|(34,34)/(79,79)|(5,5)/(108,108)",1.0
subtraction_depth1_adamw,1,adamw,final,100000,checkpoints/subtraction_depth_1_adamw_seed_0/step_100000.pt,1.0,0.9,pair_global,addition_only,0,3,"(42,42)/(71,71)|(25,25)/(88,88)|(39,39)/(74,74)",0.008849557489156723
subtraction_depth1_adamw,1,adamw,final,100000,checkpoints/subtraction_depth_1_adamw_seed_0/step_100000.pt,1.0,0.9,pair_global,addition_only,1,3,"(42,42)/(71,71)|(25,25)/(88,88)|(39,39)/(74,74)",0.008849557489156723
subtraction_depth1_adamw,1,adamw,final,100000,checkpoints/subtraction_depth_1_adamw_seed_0/step_100000.pt,1.0,0.9,pair_global,addition_only,2,3,"(42,42)/(71,71)|(25,25)/(88,88)|(39,39)/(74,74)",0.008849557489156723
subtraction_depth1_adamw,1,adamw,final,100000,checkpoints/subtraction_depth_1_adamw_seed_0/step_100000.pt,1.0,0.9,pair_global,addition_only,3,3,"(42,42)/(71,71)|(25,25)/(88,88)|(39,39)/(74,74)",0.008849557489156723
subtraction_depth1_adamw,1,adamw,final,100000,checkpoints/subtraction_depth_1_adamw_seed_0/step_100000.pt,1.0,0.9,pair_global,addition_only,4,3,"(42,42)/(71,71)|(25,25)/(88,88)|(39,39)/(74,74)",0.008849557489156723
subtraction_depth1_adamw,1,adamw,final,100000,checkpoints/subtraction_depth_1_adamw_seed_0/step_100000.pt,1.0,0.9,pair_global,addition_only,5,3,"(42,42)/(71,71)|(25,25)/(88,88)|(39,39)/(74,74)",0.008849557489156723
subtraction_depth1_adamw,1,adamw,final,100000,checkpoints/subtraction_depth_1_adamw_seed_0/step_100000.pt,1.0,0.9,pair_global,addition_only,6,3,"(42,42)/(71,71)|(25,25)/(88,88)|(39,39)/(74,74)",0.008849557489156723
subtraction_depth1_adamw,1,adamw,final,100000,checkpoints/subtraction_depth_1_adamw_seed_0/step_100000.pt,1.0,0.9,pair_global,addition_only,7,3,"(42,42)/(71,71)|(25,25)/(88,88)|(39,39)/(74,74)",0.008849557489156723
subtraction_depth1_adamw,1,adamw,final,100000,checkpoints/subtraction_depth_1_adamw_seed_0/step_100000.pt,1.0,0.9,pair_global,addition_only,8,3,"(42,42)/(71,71)|(25,25)/(88,88)|(39,39)/(74,74)",0.008849557489156723
subtraction_depth1_adamw,1,adamw,final,100000,checkpoints/subtraction_depth_1_adamw_seed_0/step_100000.pt,1.0,0.9,pair_global,addition_only,9,3,"(42,42)/(71,71)|(25,25)/(88,88)|(39,39)/(74,74)",0.008849557489156723
subtraction_depth1_adamw,1,adamw,final,100000,checkpoints/subtraction_depth_1_adamw_seed_0/step_100000.pt,1.0,0.9,pair_global,full_hidden,0,3,"(42,42)/(71,71)|(25,25)/(88,88)|(39,39)/(74,74)",1.0
subtraction_depth1_adamw,1,adamw,final,100000,checkpoints/subtraction_depth_1_adamw_seed_0/step_100000.pt,1.0,0.9,pair_global,full_hidden,1,3,"(42,42)/(71,71)|(25,25)/(88,88)|(39,39)/(74,74)",1.0
subtraction_depth1_adamw,1,adamw,final,100000,checkpoints/subtraction_depth_1_adamw_seed_0/step_100000.pt,1.0,0.9,pair_global,full_hidden,2,3,"(42,42)/(71,71)|(25,25)/(88,88)|(39,39)/(74,74)",1.0
subtraction_depth1_adamw,1,adamw,final,100000,checkpoints/subtraction_depth_1_adamw_seed_0/step_100000.pt,1.0,0.9,pair_global,full_hidden,3,3,"(42,42)/(71,71)|(25,25)/(88,88)|(39,39)/(74,74)",1.0
subtraction_depth1_adamw,1,adamw,final,100000,checkpoints/subtraction_depth_1_adamw_seed_0/step_100000.pt,1.0,0.9,pair_global,full_hidden,4,3,"(42,42)/(71,71)|(25,25)/(88,88)|(39,39)/(74,74)",1.0
subtraction_depth1_adamw,1,adamw,final,100000,checkpoints/subtraction_depth_1_adamw_seed_0/step_100000.pt,1.0,0.9,pair_global,full_hidden,5,3,"(42,42)/(71,71)|(25,25)/(88,88)|(39,39)/(74,74)",1.0
subtraction_depth1_adamw,1,adamw,final,100000,checkpoints/subtraction_depth_1_adamw_seed_0/step_100000.pt,1.0,0.9,pair_global,full_hidden,6,3,"(42,42)/(71,71)|(25,25)/(88,88)|(39,39)/(74,74)",1.0
subtraction_depth1_adamw,1,adamw,final,100000,checkpoints/subtraction_depth_1_adamw_seed_0/step_100000.pt,1.0,0.9,pair_global,full_hidden,7,3,"(42,42)/(71,71)|(25,25)/(88,88)|(39,39)/(74,74)",1.0
subtraction_depth1_adamw,1,adamw,final,100000,checkpoints/subtraction_depth_1_adamw_seed_0/step_100000.pt,1.0,0.9,pair_global,full_hidden,8,3,"(42,42)/(71,71)|(25,25)/(88,88)|(39,39)/(74,74)",1.0
subtraction_depth1_adamw,1,adamw,final,100000,checkpoints/subtraction_depth_1_adamw_seed_0/step_100000.pt,1.0,0.9,pair_global,full_hidden,9,3,"(42,42)/(71,71)|(25,25)/(88,88)|(39,39)/(74,74)",1.0
subtraction_depth1_adamw,1,adamw,final,100000,checkpoints/subtraction_depth_1_adamw_seed_0/step_100000.pt,1.0,0.9,channelwise,addition_only,0,3,"(42,42)/(71,71)|(25,25)/(88,88)|(39,39)/(74,74)",0.008849557489156723
subtraction_depth1_adamw,1,adamw,final,100000,checkpoints/subtraction_depth_1_adamw_seed_0/step_100000.pt,1.0,0.9,channelwise,addition_only,1,3,"(42,42)/(71,71)|(25,25)/(88,88)|(39,39)/(74,74)",0.008849557489156723
subtraction_depth1_adamw,1,adamw,final,100000,checkpoints/subtraction_depth_1_adamw_seed_0/step_100000.pt,1.0,0.9,channelwise,addition_only,2,3,"(42,42)/(71,71)|(25,25)/(88,88)|(39,39)/(74,74)",0.008849557489156723
subtraction_depth1_adamw,1,adamw,final,100000,checkpoints/subtraction_depth_1_adamw_seed_0/step_100000.pt,1.0,0.9,channelwise,addition_only,3,3,"(42,42)/(71,71)|(25,25)/(88,88)|(39,39)/(74,74)",0.008849557489156723
subtraction_depth1_adamw,1,adamw,final,100000,checkpoints/subtraction_depth_1_adamw_seed_0/step_100000.pt,1.0,0.9,channelwise,addition_only,4,3,"(42,42)/(71,71)|(25,25)/(88,88)|(39,39)/(74,74)",0.008849557489156723
subtraction_depth1_adamw,1,adamw,final,100000,checkpoints/subtraction_depth_1_adamw_seed_0/step_100000.pt,1.0,0.9,channelwise,addition_only,5,3,"(42,42)/(71,71)|(25,25)/(88,88)|(39,39)/(74,74)",0.008849557489156723
subtraction_depth1_adamw,1,adamw,final,100000,checkpoints/subtraction_depth_1_adamw_seed_0/step_100000.pt,1.0,0.9,channelwise,addition_only,6,3,"(42,42)/(71,71)|(25,25)/(88,88)|(39,39)/(74,74)",0.008849557489156723
subtraction_depth1_adamw,1,adamw,final,100000,checkpoints/subtraction_depth_1_adamw_seed_0/step_100000.pt,1.0,0.9,channelwise,addition_only,7,3,"(42,42)/(71,71)|(25,25)/(88,88)|(39,39)/(74,74)",0.008849557489156723
subtraction_depth1_adamw,1,adamw,final,100000,checkpoints/subtraction_depth_1_adamw_seed_0/step_100000.pt,1.0,0.9,channelwise,addition_only,8,3,"(42,42)/(71,71)|(25,25)/(88,88)|(39,39)/(74,74)",0.008849557489156723
subtraction_depth1_adamw,1,adamw,final,100000,checkpoints/subtraction_depth_1_adamw_seed_0/step_100000.pt,1.0,0.9,channelwise,addition_only,9,3,"(42,42)/(71,71)|(25,25)/(88,88)|(39,39)/(74,74)",0.008849557489156723
subtraction_depth1_adamw,1,adamw,final,100000,checkpoints/subtraction_depth_1_adamw_seed_0/step_100000.pt,1.0,0.9,channelwise,full_hidden,0,3,"(42,42)/(71,71)|(25,25)/(88,88)|(39,39)/(74,74)",1.0
subtraction_depth1_adamw,1,adamw,final,100000,checkpoints/subtraction_depth_1_adamw_seed_0/step_100000.pt,1.0,0.9,channelwise,full_hidden,1,3,"(42,42)/(71,71)|(25,25)/(88,88)|(39,39)/(74,74)",1.0
subtraction_depth1_adamw,1,adamw,final,100000,checkpoints/subtraction_depth_1_adamw_seed_0/step_100000.pt,1.0,0.9,channelwise,full_hidden,2,3,"(42,42)/(71,71)|(25,25)/(88,88)|(39,39)/(74,74)",1.0
subtraction_depth1_adamw,1,adamw,final,100000,checkpoints/subtraction_depth_1_adamw_seed_0/step_100000.pt,1.0,0.9,channelwise,full_hidden,3,3,"(42,42)/(71,71)|(25,25)/(88,88)|(39,39)/(74,74)",1.0
subtraction_depth1_adamw,1,adamw,final,100000,checkpoints/subtraction_depth_1_adamw_seed_0/step_100000.pt,1.0,0.9,channelwise,full_hidden,4,3,"(42,42)/(71,71)|(25,25)/(88,88)|(39,39)/(74,74)",1.0
subtraction_depth1_adamw,1,adamw,final,100000,checkpoints/subtraction_depth_1_adamw_seed_0/step_100000.pt,1.0,0.9,channelwise,full_hidden,5,3,"(42,42)/(71,71)|(25,25)/(88,88)|(39,39)/(74,74)",1.0
subtraction_depth1_adamw,1,adamw,final,100000,checkpoints/subtraction_depth_1_adamw_seed_0/step_100000.pt,1.0,0.9,channelwise,full_hidden,6,3,"(42,42)/(71,71)|(25,25)/(88,88)|(39,39)/(74,74)",1.0
subtraction_depth1_adamw,1,adamw,final,100000,checkpoints/subtraction_depth_1_adamw_seed_0/step_100000.pt,1.0,0.9,channelwise,full_hidden,7,3,"(42,42)/(71,71)|(25,25)/(88,88)|(39,39)/(74,74)",1.0
subtraction_depth1_adamw,1,adamw,final,100000,checkpoints/subtraction_depth_1_adamw_seed_0/step_100000.pt,1.0,0.9,channelwise,full_hidden,8,3,"(42,42)/(71,71)|(25,25)/(88,88)|(39,39)/(74,74)",1.0
subtraction_depth1_adamw,1,adamw,final,100000,checkpoints/subtraction_depth_1_adamw_seed_0/step_100000.pt,1.0,0.9,channelwise,full_hidden,9,3,"(42,42)/(71,71)|(25,25)/(88,88)|(39,39)/(74,74)",1.0
subtraction_depth1_adamw,1,adamw,final,100000,checkpoints/subtraction_depth_1_adamw_seed_0/step_100000.pt,1.0,1.0,pair_global,addition_only,0,56,"(42,42)/(71,71)|(25,25)/(88,88)|(39,39)/(74,74)|(29,29)/(84,84)|(55,55)/(58,58)|(32,32)/(81,81)|(16,16)/(97,97)|(13,13)/(100,100)|(26,26)/(87,87)|(45,45)/(68,68)|(52,52)/(61,61)|(50,50)/(63,63)|(43,43)/(70,70)|(10,10)/(103,103)|(35,35)/(78,78)|(12,12)/(101,101)|(3,3)/(110,110)|(47,47)/(66,66)|(23,23)/(90,90)|(8,8)/(105,105)|(4,4)/(109,109)|(36,36)/(77,77)|(19,19)/(94,94)|(38,38)/(75,75)|(6,6)/(107,107)|(51,51)/(62,62)|(1,1)/(112,112)|(49,49)/(64,64)|(7,7)/(106,106)|(31,31)/(82,82)|(48,48)/(65,65)|(24,24)/(89,89)|(27,27)/(86,86)|(37,37)/(76,76)|(20,20)/(93,93)|(54,54)/(59,59)|(11,11)/(102,102)|(33,33)/(80,80)|(30,30)/(83,83)|(9,9)/(104,104)|(22,22)/(91,91)|(46,46)/(67,67)|(14,14)/(99,99)|(2,2)/(111,111)|(15,15)/(98,98)|(41,41)/(72,72)|(40,40)/(73,73)|(53,53)/(60,60)|(28,28)/(85,85)|(17,17)/(96,96)|(34,34)/(79,79)|(44,44)/(69,69)|(5,5)/(108,108)|(21,21)/(92,92)|(56,56)/(57,57)|(18,18)/(95,95)",0.008849557489156723
subtraction_depth1_adamw,1,adamw,final,100000,checkpoints/subtraction_depth_1_adamw_seed_0/step_100000.pt,1.0,1.0,pair_global,addition_only,1,56,"(42,42)/(71,71)|(25,25)/(88,88)|(39,39)/(74,74)|(29,29)/(84,84)|(55,55)/(58,58)|(32,32)/(81,81)|(16,16)/(97,97)|(13,13)/(100,100)|(26,26)/(87,87)|(45,45)/(68,68)|(52,52)/(61,61)|(50,50)/(63,63)|(43,43)/(70,70)|(10,10)/(103,103)|(35,35)/(78,78)|(12,12)/(101,101)|(3,3)/(110,110)|(47,47)/(66,66)|(23,23)/(90,90)|(8,8)/(105,105)|(4,4)/(109,109)|(36,36)/(77,77)|(19,19)/(94,94)|(38,38)/(75,75)|(6,6)/(107,107)|(51,51)/(62,62)|(1,1)/(112,112)|(49,49)/(64,64)|(7,7)/(106,106)|(31,31)/(82,82)|(48,48)/(65,65)|(24,24)/(89,89)|(27,27)/(86,86)|(37,37)/(76,76)|(20,20)/(93,93)|(54,54)/(59,59)|(11,11)/(102,102)|(33,33)/(80,80)|(30,30)/(83,83)|(9,9)/(104,104)|(22,22)/(91,91)|(46,46)/(67,67)|(14,14)/(99,99)|(2,2)/(111,111)|(15,15)/(98,98)|(41,41)/(72,72)|(40,40)/(73,73)|(53,53)/(60,60)|(28,28)/(85,85)|(17,17)/(96,96)|(34,34)/(79,79)|(44,44)/(69,69)|(5,5)/(108,108)|(21,21)/(92,92)|(56,56)/(57,57)|(18,18)/(95,95)",0.008849557489156723
subtraction_depth1_adamw,1,adamw,final,100000,checkpoints/subtraction_depth_1_adamw_seed_0/step_100000.pt,1.0,1.0,pair_global,addition_only,2,56,"(42,42)/(71,71)|(25,25)/(88,88)|(39,39)/(74,74)|(29,29)/(84,84)|(55,55)/(58,58)|(32,32)/(81,81)|(16,16)/(97,97)|(13,13)/(100,100)|(26,26)/(87,87)|(45,45)/(68,68)|(52,52)/(61,61)|(50,50)/(63,63)|(43,43)/(70,70)|(10,10)/(103,103)|(35,35)/(78,78)|(12,12)/(101,101)|(3,3)/(110,110)|(47,47)/(66,66)|(23,23)/(90,90)|(8,8)/(105,105)|(4,4)/(109,109)|(36,36)/(77,77)|(19,19)/(94,94)|(38,38)/(75,75)|(6,6)/(107,107)|(51,51)/(62,62)|(1,1)/(112,112)|(49,49)/(64,64)|(7,7)/(106,106)|(31,31)/(82,82)|(48,48)/(65,65)|(24,24)/(89,89)|(27,27)/(86,86)|(37,37)/(76,76)|(20,20)/(93,93)|(54,54)/(59,59)|(11,11)/(102,102)|(33,33)/(80,80)|(30,30)/(83,83)|(9,9)/(104,104)|(22,22)/(91,91)|(46,46)/(67,67)|(14,14)/(99,99)|(2,2)/(111,111)|(15,15)/(98,98)|(41,41)/(72,72)|(40,40)/(73,73)|(53,53)/(60,60)|(28,28)/(85,85)|(17,17)/(96,96)|(34,34)/(79,79)|(44,44)/(69,69)|(5,5)/(108,108)|(21,21)/(92,92)|(56,56)/(57,57)|(18,18)/(95,95)",0.008849557489156723
subtraction_depth1_adamw,1,adamw,final,100000,checkpoints/subtraction_depth_1_adamw_seed_0/step_100000.pt,1.0,1.0,pair_global,addition_only,3,56,"(42,42)/(71,71)|(25,25)/(88,88)|(39,39)/(74,74)|(29,29)/(84,84)|(55,55)/(58,58)|(32,32)/(81,81)|(16,16)/(97,97)|(13,13)/(100,100)|(26,26)/(87,87)|(45,45)/(68,68)|(52,52)/(61,61)|(50,50)/(63,63)|(43,43)/(70,70)|(10,10)/(103,103)|(35,35)/(78,78)|(12,12)/(101,101)|(3,3)/(110,110)|(47,47)/(66,66)|(23,23)/(90,90)|(8,8)/(105,105)|(4,4)/(109,109)|(36,36)/(77,77)|(19,19)/(94,94)|(38,38)/(75,75)|(6,6)/(107,107)|(51,51)/(62,62)|(1,1)/(112,112)|(49,49)/(64,64)|(7,7)/(106,106)|(31,31)/(82,82)|(48,48)/(65,65)|(24,24)/(89,89)|(27,27)/(86,86)|(37,37)/(76,76)|(20,20)/(93,93)|(54,54)/(59,59)|(11,11)/(102,102)|(33,33)/(80,80)|(30,30)/(83,83)|(9,9)/(104,104)|(22,22)/(91,91)|(46,46)/(67,67)|(14,14)/(99,99)|(2,2)/(111,111)|(15,15)/(98,98)|(41,41)/(72,72)|(40,40)/(73,73)|(53,53)/(60,60)|(28,28)/(85,85)|(17,17)/(96,96)|(34,34)/(79,79)|(44,44)/(69,69)|(5,5)/(108,108)|(21,21)/(92,92)|(56,56)/(57,57)|(18,18)/(95,95)",0.008849557489156723
subtraction_depth1_adamw,1,adamw,final,100000,checkpoints/subtraction_depth_1_adamw_seed_0/step_100000.pt,1.0,1.0,pair_global,addition_only,4,56,"(42,42)/(71,71)|(25,25)/(88,88)|(39,39)/(74,74)|(29,29)/(84,84)|(55,55)/(58,58)|(32,32)/(81,81)|(16,16)/(97,97)|(13,13)/(100,100)|(26,26)/(87,87)|(45,45)/(68,68)|(52,52)/(61,61)|(50,50)/(63,63)|(43,43)/(70,70)|(10,10)/(103,103)|(35,35)/(78,78)|(12,12)/(101,101)|(3,3)/(110,110)|(47,47)/(66,66)|(23,23)/(90,90)|(8,8)/(105,105)|(4,4)/(109,109)|(36,36)/(77,77)|(19,19)/(94,94)|(38,38)/(75,75)|(6,6)/(107,107)|(51,51)/(62,62)|(1,1)/(112,112)|(49,49)/(64,64)|(7,7)/(106,106)|(31,31)/(82,82)|(48,48)/(65,65)|(24,24)/(89,89)|(27,27)/(86,86)|(37,37)/(76,76)|(20,20)/(93,93)|(54,54)/(59,59)|(11,11)/(102,102)|(33,33)/(80,80)|(30,30)/(83,83)|(9,9)/(104,104)|(22,22)/(91,91)|(46,46)/(67,67)|(14,14)/(99,99)|(2,2)/(111,111)|(15,15)/(98,98)|(41,41)/(72,72)|(40,40)/(73,73)|(53,53)/(60,60)|(28,28)/(85,85)|(17,17)/(96,96)|(34,34)/(79,79)|(44,44)/(69,69)|(5,5)/(108,108)|(21,21)/(92,92)|(56,56)/(57,57)|(18,18)/(95,95)",0.008849557489156723
subtraction_depth1_adamw,1,adamw,final,100000,checkpoints/subtraction_depth_1_adamw_seed_0/step_100000.pt,1.0,1.0,pair_global,addition_only,5,56,"(42,42)/(71,71)|(25,25)/(88,88)|(39,39)/(74,74)|(29,29)/(84,84)|(55,55)/(58,58)|(32,32)/(81,81)|(16,16)/(97,97)|(13,13)/(100,100)|(26,26)/(87,87)|(45,45)/(68,68)|(52,52)/(61,61)|(50,50)/(63,63)|(43,43)/(70,70)|(10,10)/(103,103)|(35,35)/(78,78)|(12,12)/(101,101)|(3,3)/(110,110)|(47,47)/(66,66)|(23,23)/(90,90)|(8,8)/(105,105)|(4,4)/(109,109)|(36,36)/(77,77)|(19,19)/(94,94)|(38,38)/(75,75)|(6,6)/(107,107)|(51,51)/(62,62)|(1,1)/(112,112)|(49,49)/(64,64)|(7,7)/(106,106)|(31,31)/(82,82)|(48,48)/(65,65)|(24,24)/(89,89)|(27,27)/(86,86)|(37,37)/(76,76)|(20,20)/(93,93)|(54,54)/(59,59)|(11,11)/(102,102)|(33,33)/(80,80)|(30,30)/(83,83)|(9,9)/(104,104)|(22,22)/(91,91)|(46,46)/(67,67)|(14,14)/(99,99)|(2,2)/(111,111)|(15,15)/(98,98)|(41,41)/(72,72)|(40,40)/(73,73)|(53,53)/(60,60)|(28,28)/(85,85)|(17,17)/(96,96)|(34,34)/(79,79)|(44,44)/(69,69)|(5,5)/(108,108)|(21,21)/(92,92)|(56,56)/(57,57)|(18,18)/(95,95)",0.008849557489156723
subtraction_depth1_adamw,1,adamw,final,100000,checkpoints/subtraction_depth_1_adamw_seed_0/step_100000.pt,1.0,1.0,pair_global,addition_only,6,56,"(42,42)/(71,71)|(25,25)/(88,88)|(39,39)/(74,74)|(29,29)/(84,84)|(55,55)/(58,58)|(32,32)/(81,81)|(16,16)/(97,97)|(13,13)/(100,100)|(26,26)/(87,87)|(45,45)/(68,68)|(52,52)/(61,61)|(50,50)/(63,63)|(43,43)/(70,70)|(10,10)/(103,103)|(35,35)/(78,78)|(12,12)/(101,101)|(3,3)/(110,110)|(47,47)/(66,66)|(23,23)/(90,90)|(8,8)/(105,105)|(4,4)/(109,109)|(36,36)/(77,77)|(19,19)/(94,94)|(38,38)/(75,75)|(6,6)/(107,107)|(51,51)/(62,62)|(1,1)/(112,112)|(49,49)/(64,64)|(7,7)/(106,106)|(31,31)/(82,82)|(48,48)/(65,65)|(24,24)/(89,89)|(27,27)/(86,86)|(37,37)/(76,76)|(20,20)/(93,93)|(54,54)/(59,59)|(11,11)/(102,102)|(33,33)/(80,80)|(30,30)/(83,83)|(9,9)/(104,104)|(22,22)/(91,91)|(46,46)/(67,67)|(14,14)/(99,99)|(2,2)/(111,111)|(15,15)/(98,98)|(41,41)/(72,72)|(40,40)/(73,73)|(53,53)/(60,60)|(28,28)/(85,85)|(17,17)/(96,96)|(34,34)/(79,79)|(44,44)/(69,69)|(5,5)/(108,108)|(21,21)/(92,92)|(56,56)/(57,57)|(18,18)/(95,95)",0.008849557489156723
subtraction_depth1_adamw,1,adamw,final,100000,checkpoints/subtraction_depth_1_adamw_seed_0/step_100000.pt,1.0,1.0,pair_global,addition_only,7,56,"(42,42)/(71,71)|(25,25)/(88,88)|(39,39)/(74,74)|(29,29)/(84,84)|(55,55)/(58,58)|(32,32)/(81,81)|(16,16)/(97,97)|(13,13)/(100,100)|(26,26)/(87,87)|(45,45)/(68,68)|(52,52)/(61,61)|(50,50)/(63,63)|(43,43)/(70,70)|(10,10)/(103,103)|(35,35)/(78,78)|(12,12)/(101,101)|(3,3)/(110,110)|(47,47)/(66,66)|(23,23)/(90,90)|(8,8)/(105,105)|(4,4)/(109,109)|(36,36)/(77,77)|(19,19)/(94,94)|(38,38)/(75,75)|(6,6)/(107,107)|(51,51)/(62,62)|(1,1)/(112,112)|(49,49)/(64,64)|(7,7)/(106,106)|(31,31)/(82,82)|(48,48)/(65,65)|(24,24)/(89,89)|(27,27)/(86,86)|(37,37)/(76,76)|(20,20)/(93,93)|(54,54)/(59,59)|(11,11)/(102,102)|(33,33)/(80,80)|(30,30)/(83,83)|(9,9)/(104,104)|(22,22)/(91,91)|(46,46)/(67,67)|(14,14)/(99,99)|(2,2)/(111,111)|(15,15)/(98,98)|(41,41)/(72,72)|(40,40)/(73,73)|(53,53)/(60,60)|(28,28)/(85,85)|(17,17)/(96,96)|(34,34)/(79,79)|(44,44)/(69,69)|(5,5)/(108,108)|(21,21)/(92,92)|(56,56)/(57,57)|(18,18)/(95,95)",0.008849557489156723
subtraction_depth1_adamw,1,adamw,final,100000,checkpoints/subtraction_depth_1_adamw_seed_0/step_100000.pt,1.0,1.0,pair_global,addition_only,8,56,"(42,42)/(71,71)|(25,25)/(88,88)|(39,39)/(74,74)|(29,29)/(84,84)|(55,55)/(58,58)|(32,32)/(81,81)|(16,16)/(97,97)|(13,13)/(100,100)|(26,26)/(87,87)|(45,45)/(68,68)|(52,52)/(61,61)|(50,50)/(63,63)|(43,43)/(70,70)|(10,10)/(103,103)|(35,35)/(78,78)|(12,12)/(101,101)|(3,3)/(110,110)|(47,47)/(66,66)|(23,23)/(90,90)|(8,8)/(105,105)|(4,4)/(109,109)|(36,36)/(77,77)|(19,19)/(94,94)|(38,38)/(75,75)|(6,6)/(107,107)|(51,51)/(62,62)|(1,1)/(112,112)|(49,49)/(64,64)|(7,7)/(106,106)|(31,31)/(82,82)|(48,48)/(65,65)|(24,24)/(89,89)|(27,27)/(86,86)|(37,37)/(76,76)|(20,20)/(93,93)|(54,54)/(59,59)|(11,11)/(102,102)|(33,33)/(80,80)|(30,30)/(83,83)|(9,9)/(104,104)|(22,22)/(91,91)|(46,46)/(67,67)|(14,14)/(99,99)|(2,2)/(111,111)|(15,15)/(98,98)|(41,41)/(72,72)|(40,40)/(73,73)|(53,53)/(60,60)|(28,28)/(85,85)|(17,17)/(96,96)|(34,34)/(79,79)|(44,44)/(69,69)|(5,5)/(108,108)|(21,21)/(92,92)|(56,56)/(57,57)|(18,18)/(95,95)",0.008849557489156723
subtraction_depth1_adamw,1,adamw,final,100000,checkpoints/subtraction_depth_1_adamw_seed_0/step_100000.pt,1.0,1.0,pair_global,addition_only,9,56,"(42,42)/(71,71)|(25,25)/(88,88)|(39,39)/(74,74)|(29,29)/(84,84)|(55,55)/(58,58)|(32,32)/(81,81)|(16,16)/(97,97)|(13,13)/(100,100)|(26,26)/(87,87)|(45,45)/(68,68)|(52,52)/(61,61)|(50,50)/(63,63)|(43,43)/(70,70)|(10,10)/(103,103)|(35,35)/(78,78)|(12,12)/(101,101)|(3,3)/(110,110)|(47,47)/(66,66)|(23,23)/(90,90)|(8,8)/(105,105)|(4,4)/(109,109)|(36,36)/(77,77)|(19,19)/(94,94)|(38,38)/(75,75)|(6,6)/(107,107)|(51,51)/(62,62)|(1,1)/(112,112)|(49,49)/(64,64)|(7,7)/(106,106)|(31,31)/(82,82)|(48,48)/(65,65)|(24,24)/(89,89)|(27,27)/(86,86)|(37,37)/(76,76)|(20,20)/(93,93)|(54,54)/(59,59)|(11,11)/(102,102)|(33,33)/(80,80)|(30,30)/(83,83)|(9,9)/(104,104)|(22,22)/(91,91)|(46,46)/(67,67)|(14,14)/(99,99)|(2,2)/(111,111)|(15,15)/(98,98)|(41,41)/(72,72)|(40,40)/(73,73)|(53,53)/(60,60)|(28,28)/(85,85)|(17,17)/(96,96)|(34,34)/(79,79)|(44,44)/(69,69)|(5,5)/(108,108)|(21,21)/(92,92)|(56,56)/(57,57)|(18,18)/(95,95)",0.008849557489156723
subtraction_depth1_adamw,1,adamw,final,100000,checkpoints/subtraction_depth_1_adamw_seed_0/step_100000.pt,1.0,1.0,pair_global,full_hidden,0,56,"(42,42)/(71,71)|(25,25)/(88,88)|(39,39)/(74,74)|(29,29)/(84,84)|(55,55)/(58,58)|(32,32)/(81,81)|(16,16)/(97,97)|(13,13)/(100,100)|(26,26)/(87,87)|(45,45)/(68,68)|(52,52)/(61,61)|(50,50)/(63,63)|(43,43)/(70,70)|(10,10)/(103,103)|(35,35)/(78,78)|(12,12)/(101,101)|(3,3)/(110,110)|(47,47)/(66,66)|(23,23)/(90,90)|(8,8)/(105,105)|(4,4)/(109,109)|(36,36)/(77,77)|(19,19)/(94,94)|(38,38)/(75,75)|(6,6)/(107,107)|(51,51)/(62,62)|(1,1)/(112,112)|(49,49)/(64,64)|(7,7)/(106,106)|(31,31)/(82,82)|(48,48)/(65,65)|(24,24)/(89,89)|(27,27)/(86,86)|(37,37)/(76,76)|(20,20)/(93,93)|(54,54)/(59,59)|(11,11)/(102,102)|(33,33)/(80,80)|(30,30)/(83,83)|(9,9)/(104,104)|(22,22)/(91,91)|(46,46)/(67,67)|(14,14)/(99,99)|(2,2)/(111,111)|(15,15)/(98,98)|(41,41)/(72,72)|(40,40)/(73,73)|(53,53)/(60,60)|(28,28)/(85,85)|(17,17)/(96,96)|(34,34)/(79,79)|(44,44)/(69,69)|(5,5)/(108,108)|(21,21)/(92,92)|(56,56)/(57,57)|(18,18)/(95,95)",1.0
subtraction_depth1_adamw,1,adamw,final,100000,checkpoints/subtraction_depth_1_adamw_seed_0/step_100000.pt,1.0,1.0,pair_global,full_hidden,1,56,"(42,42)/(71,71)|(25,25)/(88,88)|(39,39)/(74,74)|(29,29)/(84,84)|(55,55)/(58,58)|(32,32)/(81,81)|(16,16)/(97,97)|(13,13)/(100,100)|(26,26)/(87,87)|(45,45)/(68,68)|(52,52)/(61,61)|(50,50)/(63,63)|(43,43)/(70,70)|(10,10)/(103,103)|(35,35)/(78,78)|(12,12)/(101,101)|(3,3)/(110,110)|(47,47)/(66,66)|(23,23)/(90,90)|(8,8)/(105,105)|(4,4)/(109,109)|(36,36)/(77,77)|(19,19)/(94,94)|(38,38)/(75,75)|(6,6)/(107,107)|(51,51)/(62,62)|(1,1)/(112,112)|(49,49)/(64,64)|(7,7)/(106,106)|(31,31)/(82,82)|(48,48)/(65,65)|(24,24)/(89,89)|(27,27)/(86,86)|(37,37)/(76,76)|(20,20)/(93,93)|(54,54)/(59,59)|(11,11)/(102,102)|(33,33)/(80,80)|(30,30)/(83,83)|(9,9)/(104,104)|(22,22)/(91,91)|(46,46)/(67,67)|(14,14)/(99,99)|(2,2)/(111,111)|(15,15)/(98,98)|(41,41)/(72,72)|(40,40)/(73,73)|(53,53)/(60,60)|(28,28)/(85,85)|(17,17)/(96,96)|(34,34)/(79,79)|(44,44)/(69,69)|(5,5)/(108,108)|(21,21)/(92,92)|(56,56)/(57,57)|(18,18)/(95,95)",1.0
subtraction_depth1_adamw,1,adamw,final,100000,checkpoints/subtraction_depth_1_adamw_seed_0/step_100000.pt,1.0,1.0,pair_global,full_hidden,2,56,"(42,42)/(71,71)|(25,25)/(88,88)|(39,39)/(74,74)|(29,29)/(84,84)|(55,55)/(58,58)|(32,32)/(81,81)|(16,16)/(97,97)|(13,13)/(100,100)|(26,26)/(87,87)|(45,45)/(68,68)|(52,52)/(61,61)|(50,50)/(63,63)|(43,43)/(70,70)|(10,10)/(103,103)|(35,35)/(78,78)|(12,12)/(101,101)|(3,3)/(110,110)|(47,47)/(66,66)|(23,23)/(90,90)|(8,8)/(105,105)|(4,4)/(109,109)|(36,36)/(77,77)|(19,19)/(94,94)|(38,38)/(75,75)|(6,6)/(107,107)|(51,51)/(62,62)|(1,1)/(112,112)|(49,49)/(64,64)|(7,7)/(106,106)|(31,31)/(82,82)|(48,48)/(65,65)|(24,24)/(89,89)|(27,27)/(86,86)|(37,37)/(76,76)|(20,20)/(93,93)|(54,54)/(59,59)|(11,11)/(102,102)|(33,33)/(80,80)|(30,30)/(83,83)|(9,9)/(104,104)|(22,22)/(91,91)|(46,46)/(67,67)|(14,14)/(99,99)|(2,2)/(111,111)|(15,15)/(98,98)|(41,41)/(72,72)|(40,40)/(73,73)|(53,53)/(60,60)|(28,28)/(85,85)|(17,17)/(96,96)|(34,34)/(79,79)|(44,44)/(69,69)|(5,5)/(108,108)|(21,21)/(92,92)|(56,56)/(57,57)|(18,18)/(95,95)",1.0
subtraction_depth1_adamw,1,adamw,final,100000,checkpoints/subtraction_depth_1_adamw_seed_0/step_100000.pt,1.0,1.0,pair_global,full_hidden,3,56,"(42,42)/(71,71)|(25,25)/(88,88)|(39,39)/(74,74)|(29,29)/(84,84)|(55,55)/(58,58)|(32,32)/(81,81)|(16,16)/(97,97)|(13,13)/(100,100)|(26,26)/(87,87)|(45,45)/(68,68)|(52,52)/(61,61)|(50,50)/(63,63)|(43,43)/(70,70)|(10,10)/(103,103)|(35,35)/(78,78)|(12,12)/(101,101)|(3,3)/(110,110)|(47,47)/(66,66)|(23,23)/(90,90)|(8,8)/(105,105)|(4,4)/(109,109)|(36,36)/(77,77)|(19,19)/(94,94)|(38,38)/(75,75)|(6,6)/(107,107)|(51,51)/(62,62)|(1,1)/(112,112)|(49,49)/(64,64)|(7,7)/(106,106)|(31,31)/(82,82)|(48,48)/(65,65)|(24,24)/(89,89)|(27,27)/(86,86)|(37,37)/(76,76)|(20,20)/(93,93)|(54,54)/(59,59)|(11,11)/(102,102)|(33,33)/(80,80)|(30,30)/(83,83)|(9,9)/(104,104)|(22,22)/(91,91)|(46,46)/(67,67)|(14,14)/(99,99)|(2,2)/(111,111)|(15,15)/(98,98)|(41,41)/(72,72)|(40,40)/(73,73)|(53,53)/(60,60)|(28,28)/(85,85)|(17,17)/(96,96)|(34,34)/(79,79)|(44,44)/(69,69)|(5,5)/(108,108)|(21,21)/(92,92)|(56,56)/(57,57)|(18,18)/(95,95)",1.0
subtraction_depth1_adamw,1,adamw,final,100000,checkpoints/subtraction_depth_1_adamw_seed_0/step_100000.pt,1.0,1.0,pair_global,full_hidden,4,56,"(42,42)/(71,71)|(25,25)/(88,88)|(39,39)/(74,74)|(29,29)/(84,84)|(55,55)/(58,58)|(32,32)/(81,81)|(16,16)/(97,97)|(13,13)/(100,100)|(26,26)/(87,87)|(45,45)/(68,68)|(52,52)/(61,61)|(50,50)/(63,63)|(43,43)/(70,70)|(10,10)/(103,103)|(35,35)/(78,78)|(12,12)/(101,101)|(3,3)/(110,110)|(47,47)/(66,66)|(23,23)/(90,90)|(8,8)/(105,105)|(4,4)/(109,109)|(36,36)/(77,77)|(19,19)/(94,94)|(38,38)/(75,75)|(6,6)/(107,107)|(51,51)/(62,62)|(1,1)/(112,112)|(49,49)/(64,64)|(7,7)/(106,106)|(31,31)/(82,82)|(48,48)/(65,65)|(24,24)/(89,89)|(27,27)/(86,86)|(37,37)/(76,76)|(20,20)/(93,93)|(54,54)/(59,59)|(11,11)/(102,102)|(33,33)/(80,80)|(30,30)/(83,83)|(9,9)/(104,104)|(22,22)/(91,91)|(46,46)/(67,67)|(14,14)/(99,99)|(2,2)/(111,111)|(15,15)/(98,98)|(41,41)/(72,72)|(40,40)/(73,73)|(53,53)/(60,60)|(28,28)/(85,85)|(17,17)/(96,96)|(34,34)/(79,79)|(44,44)/(69,69)|(5,5)/(108,108)|(21,21)/(92,92)|(56,56)/(57,57)|(18,18)/(95,95)",1.0
subtraction_depth1_adamw,1,adamw,final,100000,checkpoints/subtraction_depth_1_adamw_seed_0/step_100000.pt,1.0,1.0,pair_global,full_hidden,5,56,"(42,42)/(71,71)|(25,25)/(88,88)|(39,39)/(74,74)|(29,29)/(84,84)|(55,55)/(58,58)|(32,32)/(81,81)|(16,16)/(97,97)|(13,13)/(100,100)|(26,26)/(87,87)|(45,45)/(68,68)|(52,52)/(61,61)|(50,50)/(63,63)|(43,43)/(70,70)|(10,10)/(103,103)|(35,35)/(78,78)|(12,12)/(101,101)|(3,3)/(110,110)|(47,47)/(66,66)|(23,23)/(90,90)|(8,8)/(105,105)|(4,4)/(109,109)|(36,36)/(77,77)|(19,19)/(94,94)|(38,38)/(75,75)|(6,6)/(107,107)|(51,51)/(62,62)|(1,1)/(112,112)|(49,49)/(64,64)|(7,7)/(106,106)|(31,31)/(82,82)|(48,48)/(65,65)|(24,24)/(89,89)|(27,27)/(86,86)|(37,37)/(76,76)|(20,20)/(93,93)|(54,54)/(59,59)|(11,11)/(102,102)|(33,33)/(80,80)|(30,30)/(83,83)|(9,9)/(104,104)|(22,22)/(91,91)|(46,46)/(67,67)|(14,14)/(99,99)|(2,2)/(111,111)|(15,15)/(98,98)|(41,41)/(72,72)|(40,40)/(73,73)|(53,53)/(60,60)|(28,28)/(85,85)|(17,17)/(96,96)|(34,34)/(79,79)|(44,44)/(69,69)|(5,5)/(108,108)|(21,21)/(92,92)|(56,56)/(57,57)|(18,18)/(95,95)",1.0
subtraction_depth1_adamw,1,adamw,final,100000,checkpoints/subtraction_depth_1_adamw_seed_0/step_100000.pt,1.0,1.0,pair_global,full_hidden,6,56,"(42,42)/(71,71)|(25,25)/(88,88)|(39,39)/(74,74)|(29,29)/(84,84)|(55,55)/(58,58)|(32,32)/(81,81)|(16,16)/(97,97)|(13,13)/(100,100)|(26,26)/(87,87)|(45,45)/(68,68)|(52,52)/(61,61)|(50,50)/(63,63)|(43,43)/(70,70)|(10,10)/(103,103)|(35,35)/(78,78)|(12,12)/(101,101)|(3,3)/(110,110)|(47,47)/(66,66)|(23,23)/(90,90)|(8,8)/(105,105)|(4,4)/(109,109)|(36,36)/(77,77)|(19,19)/(94,94)|(38,38)/(75,75)|(6,6)/(107,107)|(51,51)/(62,62)|(1,1)/(112,112)|(49,49)/(64,64)|(7,7)/(106,106)|(31,31)/(82,82)|(48,48)/(65,65)|(24,24)/(89,89)|(27,27)/(86,86)|(37,37)/(76,76)|(20,20)/(93,93)|(54,54)/(59,59)|(11,11)/(102,102)|(33,33)/(80,80)|(30,30)/(83,83)|(9,9)/(104,104)|(22,22)/(91,91)|(46,46)/(67,67)|(14,14)/(99,99)|(2,2)/(111,111)|(15,15)/(98,98)|(41,41)/(72,72)|(40,40)/(73,73)|(53,53)/(60,60)|(28,28)/(85,85)|(17,17)/(96,96)|(34,34)/(79,79)|(44,44)/(69,69)|(5,5)/(108,108)|(21,21)/(92,92)|(56,56)/(57,57)|(18,18)/(95,95)",1.0
subtraction_depth1_adamw,1,adamw,final,100000,checkpoints/subtraction_depth_1_adamw_seed_0/step_100000.pt,1.0,1.0,pair_global,full_hidden,7,56,"(42,42)/(71,71)|(25,25)/(88,88)|(39,39)/(74,74)|(29,29)/(84,84)|(55,55)/(58,58)|(32,32)/(81,81)|(16,16)/(97,97)|(13,13)/(100,100)|(26,26)/(87,87)|(45,45)/(68,68)|(52,52)/(61,61)|(50,50)/(63,63)|(43,43)/(70,70)|(10,10)/(103,103)|(35,35)/(78,78)|(12,12)/(101,101)|(3,3)/(110,110)|(47,47)/(66,66)|(23,23)/(90,90)|(8,8)/(105,105)|(4,4)/(109,109)|(36,36)/(77,77)|(19,19)/(94,94)|(38,38)/(75,75)|(6,6)/(107,107)|(51,51)/(62,62)|(1,1)/(112,112)|(49,49)/(64,64)|(7,7)/(106,106)|(31,31)/(82,82)|(48,48)/(65,65)|(24,24)/(89,89)|(27,27)/(86,86)|(37,37)/(76,76)|(20,20)/(93,93)|(54,54)/(59,59)|(11,11)/(102,102)|(33,33)/(80,80)|(30,30)/(83,83)|(9,9)/(104,104)|(22,22)/(91,91)|(46,46)/(67,67)|(14,14)/(99,99)|(2,2)/(111,111)|(15,15)/(98,98)|(41,41)/(72,72)|(40,40)/(73,73)|(53,53)/(60,60)|(28,28)/(85,85)|(17,17)/(96,96)|(34,34)/(79,79)|(44,44)/(69,69)|(5,5)/(108,108)|(21,21)/(92,92)|(56,56)/(57,57)|(18,18)/(95,95)",1.0
subtraction_depth1_adamw,1,adamw,final,100000,checkpoints/subtraction_depth_1_adamw_seed_0/step_100000.pt,1.0,1.0,pair_global,full_hidden,8,56,"(42,42)/(71,71)|(25,25)/(88,88)|(39,39)/(74,74)|(29,29)/(84,84)|(55,55)/(58,58)|(32,32)/(81,81)|(16,16)/(97,97)|(13,13)/(100,100)|(26,26)/(87,87)|(45,45)/(68,68)|(52,52)/(61,61)|(50,50)/(63,63)|(43,43)/(70,70)|(10,10)/(103,103)|(35,35)/(78,78)|(12,12)/(101,101)|(3,3)/(110,110)|(47,47)/(66,66)|(23,23)/(90,90)|(8,8)/(105,105)|(4,4)/(109,109)|(36,36)/(77,77)|(19,19)/(94,94)|(38,38)/(75,75)|(6,6)/(107,107)|(51,51)/(62,62)|(1,1)/(112,112)|(49,49)/(64,64)|(7,7)/(106,106)|(31,31)/(82,82)|(48,48)/(65,65)|(24,24)/(89,89)|(27,27)/(86,86)|(37,37)/(76,76)|(20,20)/(93,93)|(54,54)/(59,59)|(11,11)/(102,102)|(33,33)/(80,80)|(30,30)/(83,83)|(9,9)/(104,104)|(22,22)/(91,91)|(46,46)/(67,67)|(14,14)/(99,99)|(2,2)/(111,111)|(15,15)/(98,98)|(41,41)/(72,72)|(40,40)/(73,73)|(53,53)/(60,60)|(28,28)/(85,85)|(17,17)/(96,96)|(34,34)/(79,79)|(44,44)/(69,69)|(5,5)/(108,108)|(21,21)/(92,92)|(56,56)/(57,57)|(18,18)/(95,95)",1.0
subtraction_depth1_adamw,1,adamw,final,100000,checkpoints/subtraction_depth_1_adamw_seed_0/step_100000.pt,1.0,1.0,pair_global,full_hidden,9,56,"(42,42)/(71,71)|(25,25)/(88,88)|(39,39)/(74,74)|(29,29)/(84,84)|(55,55)/(58,58)|(32,32)/(81,81)|(16,16)/(97,97)|(13,13)/(100,100)|(26,26)/(87,87)|(45,45)/(68,68)|(52,52)/(61,61)|(50,50)/(63,63)|(43,43)/(70,70)|(10,10)/(103,103)|(35,35)/(78,78)|(12,12)/(101,101)|(3,3)/(110,110)|(47,47)/(66,66)|(23,23)/(90,90)|(8,8)/(105,105)|(4,4)/(109,109)|(36,36)/(77,77)|(19,19)/(94,94)|(38,38)/(75,75)|(6,6)/(107,107)|(51,51)/(62,62)|(1,1)/(112,112)|(49,49)/(64,64)|(7,7)/(106,106)|(31,31)/(82,82)|(48,48)/(65,65)|(24,24)/(89,89)|(27,27)/(86,86)|(37,37)/(76,76)|(20,20)/(93,93)|(54,54)/(59,59)|(11,11)/(102,102)|(33,33)/(80,80)|(30,30)/(83,83)|(9,9)/(104,104)|(22,22)/(91,91)|(46,46)/(67,67)|(14,14)/(99,99)|(2,2)/(111,111)|(15,15)/(98,98)|(41,41)/(72,72)|(40,40)/(73,73)|(53,53)/(60,60)|(28,28)/(85,85)|(17,17)/(96,96)|(34,34)/(79,79)|(44,44)/(69,69)|(5,5)/(108,108)|(21,21)/(92,92)|(56,56)/(57,57)|(18,18)/(95,95)",1.0
subtraction_depth1_adamw,1,adamw,final,100000,checkpoints/subtraction_depth_1_adamw_seed_0/step_100000.pt,1.0,1.0,channelwise,addition_only,0,56,"(42,42)/(71,71)|(25,25)/(88,88)|(39,39)/(74,74)|(29,29)/(84,84)|(55,55)/(58,58)|(32,32)/(81,81)|(16,16)/(97,97)|(13,13)/(100,100)|(26,26)/(87,87)|(45,45)/(68,68)|(52,52)/(61,61)|(50,50)/(63,63)|(43,43)/(70,70)|(10,10)/(103,103)|(35,35)/(78,78)|(12,12)/(101,101)|(3,3)/(110,110)|(47,47)/(66,66)|(23,23)/(90,90)|(8,8)/(105,105)|(4,4)/(109,109)|(36,36)/(77,77)|(19,19)/(94,94)|(38,38)/(75,75)|(6,6)/(107,107)|(51,51)/(62,62)|(1,1)/(112,112)|(49,49)/(64,64)|(7,7)/(106,106)|(31,31)/(82,82)|(48,48)/(65,65)|(24,24)/(89,89)|(27,27)/(86,86)|(37,37)/(76,76)|(20,20)/(93,93)|(54,54)/(59,59)|(11,11)/(102,102)|(33,33)/(80,80)|(30,30)/(83,83)|(9,9)/(104,104)|(22,22)/(91,91)|(46,46)/(67,67)|(14,14)/(99,99)|(2,2)/(111,111)|(15,15)/(98,98)|(41,41)/(72,72)|(40,40)/(73,73)|(53,53)/(60,60)|(28,28)/(85,85)|(17,17)/(96,96)|(34,34)/(79,79)|(44,44)/(69,69)|(5,5)/(108,108)|(21,21)/(92,92)|(56,56)/(57,57)|(18,18)/(95,95)",0.008849557489156723
subtraction_depth1_adamw,1,adamw,final,100000,checkpoints/subtraction_depth_1_adamw_seed_0/step_100000.pt,1.0,1.0,channelwise,addition_only,1,56,"(42,42)/(71,71)|(25,25)/(88,88)|(39,39)/(74,74)|(29,29)/(84,84)|(55,55)/(58,58)|(32,32)/(81,81)|(16,16)/(97,97)|(13,13)/(100,100)|(26,26)/(87,87)|(45,45)/(68,68)|(52,52)/(61,61)|(50,50)/(63,63)|(43,43)/(70,70)|(10,10)/(103,103)|(35,35)/(78,78)|(12,12)/(101,101)|(3,3)/(110,110)|(47,47)/(66,66)|(23,23)/(90,90)|(8,8)/(105,105)|(4,4)/(109,109)|(36,36)/(77,77)|(19,19)/(94,94)|(38,38)/(75,75)|(6,6)/(107,107)|(51,51)/(62,62)|(1,1)/(112,112)|(49,49)/(64,64)|(7,7)/(106,106)|(31,31)/(82,82)|(48,48)/(65,65)|(24,24)/(89,89)|(27,27)/(86,86)|(37,37)/(76,76)|(20,20)/(93,93)|(54,54)/(59,59)|(11,11)/(102,102)|(33,33)/(80,80)|(30,30)/(83,83)|(9,9)/(104,104)|(22,22)/(91,91)|(46,46)/(67,67)|(14,14)/(99,99)|(2,2)/(111,111)|(15,15)/(98,98)|(41,41)/(72,72)|(40,40)/(73,73)|(53,53)/(60,60)|(28,28)/(85,85)|(17,17)/(96,96)|(34,34)/(79,79)|(44,44)/(69,69)|(5,5)/(108,108)|(21,21)/(92,92)|(56,56)/(57,57)|(18,18)/(95,95)",0.008849557489156723
subtraction_depth1_adamw,1,adamw,final,100000,checkpoints/subtraction_depth_1_adamw_seed_0/step_100000.pt,1.0,1.0,channelwise,addition_only,2,56,"(42,42)/(71,71)|(25,25)/(88,88)|(39,39)/(74,74)|(29,29)/(84,84)|(55,55)/(58,58)|(32,32)/(81,81)|(16,16)/(97,97)|(13,13)/(100,100)|(26,26)/(87,87)|(45,45)/(68,68)|(52,52)/(61,61)|(50,50)/(63,63)|(43,43)/(70,70)|(10,10)/(103,103)|(35,35)/(78,78)|(12,12)/(101,101)|(3,3)/(110,110)|(47,47)/(66,66)|(23,23)/(90,90)|(8,8)/(105,105)|(4,4)/(109,109)|(36,36)/(77,77)|(19,19)/(94,94)|(38,38)/(75,75)|(6,6)/(107,107)|(51,51)/(62,62)|(1,1)/(112,112)|(49,49)/(64,64)|(7,7)/(106,106)|(31,31)/(82,82)|(48,48)/(65,65)|(24,24)/(89,89)|(27,27)/(86,86)|(37,37)/(76,76)|(20,20)/(93,93)|(54,54)/(59,59)|(11,11)/(102,102)|(33,33)/(80,80)|(30,30)/(83,83)|(9,9)/(104,104)|(22,22)/(91,91)|(46,46)/(67,67)|(14,14)/(99,99)|(2,2)/(111,111)|(15,15)/(98,98)|(41,41)/(72,72)|(40,40)/(73,73)|(53,53)/(60,60)|(28,28)/(85,85)|(17,17)/(96,96)|(34,34)/(79,79)|(44,44)/(69,69)|(5,5)/(108,108)|(21,21)/(92,92)|(56,56)/(57,57)|(18,18)/(95,95)",0.008849557489156723
subtraction_depth1_adamw,1,adamw,final,100000,checkpoints/subtraction_depth_1_adamw_seed_0/step_100000.pt,1.0,1.0,channelwise,addition_only,3,56,"(42,42)/(71,71)|(25,25)/(88,88)|(39,39)/(74,74)|(29,29)/(84,84)|(55,55)/(58,58)|(32,32)/(81,81)|(16,16)/(97,97)|(13,13)/(100,100)|(26,26)/(87,87)|(45,45)/(68,68)|(52,52)/(61,61)|(50,50)/(63,63)|(43,43)/(70,70)|(10,10)/(103,103)|(35,35)/(78,78)|(12,12)/(101,101)|(3,3)/(110,110)|(47,47)/(66,66)|(23,23)/(90,90)|(8,8)/(105,105)|(4,4)/(109,109)|(36,36)/(77,77)|(19,19)/(94,94)|(38,38)/(75,75)|(6,6)/(107,107)|(51,51)/(62,62)|(1,1)/(112,112)|(49,49)/(64,64)|(7,7)/(106,106)|(31,31)/(82,82)|(48,48)/(65,65)|(24,24)/(89,89)|(27,27)/(86,86)|(37,37)/(76,76)|(20,20)/(93,93)|(54,54)/(59,59)|(11,11)/(102,102)|(33,33)/(80,80)|(30,30)/(83,83)|(9,9)/(104,104)|(22,22)/(91,91)|(46,46)/(67,67)|(14,14)/(99,99)|(2,2)/(111,111)|(15,15)/(98,98)|(41,41)/(72,72)|(40,40)/(73,73)|(53,53)/(60,60)|(28,28)/(85,85)|(17,17)/(96,96)|(34,34)/(79,79)|(44,44)/(69,69)|(5,5)/(108,108)|(21,21)/(92,92)|(56,56)/(57,57)|(18,18)/(95,95)",0.008849557489156723
subtraction_depth1_adamw,1,adamw,final,100000,checkpoints/subtraction_depth_1_adamw_seed_0/step_100000.pt,1.0,1.0,channelwise,addition_only,4,56,"(42,42)/(71,71)|(25,25)/(88,88)|(39,39)/(74,74)|(29,29)/(84,84)|(55,55)/(58,58)|(32,32)/(81,81)|(16,16)/(97,97)|(13,13)/(100,100)|(26,26)/(87,87)|(45,45)/(68,68)|(52,52)/(61,61)|(50,50)/(63,63)|(43,43)/(70,70)|(10,10)/(103,103)|(35,35)/(78,78)|(12,12)/(101,101)|(3,3)/(110,110)|(47,47)/(66,66)|(23,23)/(90,90)|(8,8)/(105,105)|(4,4)/(109,109)|(36,36)/(77,77)|(19,19)/(94,94)|(38,38)/(75,75)|(6,6)/(107,107)|(51,51)/(62,62)|(1,1)/(112,112)|(49,49)/(64,64)|(7,7)/(106,106)|(31,31)/(82,82)|(48,48)/(65,65)|(24,24)/(89,89)|(27,27)/(86,86)|(37,37)/(76,76)|(20,20)/(93,93)|(54,54)/(59,59)|(11,11)/(102,102)|(33,33)/(80,80)|(30,30)/(83,83)|(9,9)/(104,104)|(22,22)/(91,91)|(46,46)/(67,67)|(14,14)/(99,99)|(2,2)/(111,111)|(15,15)/(98,98)|(41,41)/(72,72)|(40,40)/(73,73)|(53,53)/(60,60)|(28,28)/(85,85)|(17,17)/(96,96)|(34,34)/(79,79)|(44,44)/(69,69)|(5,5)/(108,108)|(21,21)/(92,92)|(56,56)/(57,57)|(18,18)/(95,95)",0.008849557489156723
subtraction_depth1_adamw,1,adamw,final,100000,checkpoints/subtraction_depth_1_adamw_seed_0/step_100000.pt,1.0,1.0,channelwise,addition_only,5,56,"(42,42)/(71,71)|(25,25)/(88,88)|(39,39)/(74,74)|(29,29)/(84,84)|(55,55)/(58,58)|(32,32)/(81,81)|(16,16)/(97,97)|(13,13)/(100,100)|(26,26)/(87,87)|(45,45)/(68,68)|(52,52)/(61,61)|(50,50)/(63,63)|(43,43)/(70,70)|(10,10)/(103,103)|(35,35)/(78,78)|(12,12)/(101,101)|(3,3)/(110,110)|(47,47)/(66,66)|(23,23)/(90,90)|(8,8)/(105,105)|(4,4)/(109,109)|(36,36)/(77,77)|(19,19)/(94,94)|(38,38)/(75,75)|(6,6)/(107,107)|(51,51)/(62,62)|(1,1)/(112,112)|(49,49)/(64,64)|(7,7)/(106,106)|(31,31)/(82,82)|(48,48)/(65,65)|(24,24)/(89,89)|(27,27)/(86,86)|(37,37)/(76,76)|(20,20)/(93,93)|(54,54)/(59,59)|(11,11)/(102,102)|(33,33)/(80,80)|(30,30)/(83,83)|(9,9)/(104,104)|(22,22)/(91,91)|(46,46)/(67,67)|(14,14)/(99,99)|(2,2)/(111,111)|(15,15)/(98,98)|(41,41)/(72,72)|(40,40)/(73,73)|(53,53)/(60,60)|(28,28)/(85,85)|(17,17)/(96,96)|(34,34)/(79,79)|(44,44)/(69,69)|(5,5)/(108,108)|(21,21)/(92,92)|(56,56)/(57,57)|(18,18)/(95,95)",0.008849557489156723
subtraction_depth1_adamw,1,adamw,final,100000,checkpoints/subtraction_depth_1_adamw_seed_0/step_100000.pt,1.0,1.0,channelwise,addition_only,6,56,"(42,42)/(71,71)|(25,25)/(88,88)|(39,39)/(74,74)|(29,29)/(84,84)|(55,55)/(58,58)|(32,32)/(81,81)|(16,16)/(97,97)|(13,13)/(100,100)|(26,26)/(87,87)|(45,45)/(68,68)|(52,52)/(61,61)|(50,50)/(63,63)|(43,43)/(70,70)|(10,10)/(103,103)|(35,35)/(78,78)|(12,12)/(101,101)|(3,3)/(110,110)|(47,47)/(66,66)|(23,23)/(90,90)|(8,8)/(105,105)|(4,4)/(109,109)|(36,36)/(77,77)|(19,19)/(94,94)|(38,38)/(75,75)|(6,6)/(107,107)|(51,51)/(62,62)|(1,1)/(112,112)|(49,49)/(64,64)|(7,7)/(106,106)|(31,31)/(82,82)|(48,48)/(65,65)|(24,24)/(89,89)|(27,27)/(86,86)|(37,37)/(76,76)|(20,20)/(93,93)|(54,54)/(59,59)|(11,11)/(102,102)|(33,33)/(80,80)|(30,30)/(83,83)|(9,9)/(104,104)|(22,22)/(91,91)|(46,46)/(67,67)|(14,14)/(99,99)|(2,2)/(111,111)|(15,15)/(98,98)|(41,41)/(72,72)|(40,40)/(73,73)|(53,53)/(60,60)|(28,28)/(85,85)|(17,17)/(96,96)|(34,34)/(79,79)|(44,44)/(69,69)|(5,5)/(108,108)|(21,21)/(92,92)|(56,56)/(57,57)|(18,18)/(95,95)",0.008849557489156723
subtraction_depth1_adamw,1,adamw,final,100000,checkpoints/subtraction_depth_1_adamw_seed_0/step_100000.pt,1.0,1.0,channelwise,addition_only,7,56,"(42,42)/(71,71)|(25,25)/(88,88)|(39,39)/(74,74)|(29,29)/(84,84)|(55,55)/(58,58)|(32,32)/(81,81)|(16,16)/(97,97)|(13,13)/(100,100)|(26,26)/(87,87)|(45,45)/(68,68)|(52,52)/(61,61)|(50,50)/(63,63)|(43,43)/(70,70)|(10,10)/(103,103)|(35,35)/(78,78)|(12,12)/(101,101)|(3,3)/(110,110)|(47,47)/(66,66)|(23,23)/(90,90)|(8,8)/(105,105)|(4,4)/(109,109)|(36,36)/(77,77)|(19,19)/(94,94)|(38,38)/(75,75)|(6,6)/(107,107)|(51,51)/(62,62)|(1,1)/(112,112)|(49,49)/(64,64)|(7,7)/(106,106)|(31,31)/(82,82)|(48,48)/(65,65)|(24,24)/(89,89)|(27,27)/(86,86)|(37,37)/(76,76)|(20,20)/(93,93)|(54,54)/(59,59)|(11,11)/(102,102)|(33,33)/(80,80)|(30,30)/(83,83)|(9,9)/(104,104)|(22,22)/(91,91)|(46,46)/(67,67)|(14,14)/(99,99)|(2,2)/(111,111)|(15,15)/(98,98)|(41,41)/(72,72)|(40,40)/(73,73)|(53,53)/(60,60)|(28,28)/(85,85)|(17,17)/(96,96)|(34,34)/(79,79)|(44,44)/(69,69)|(5,5)/(108,108)|(21,21)/(92,92)|(56,56)/(57,57)|(18,18)/(95,95)",0.008849557489156723
subtraction_depth1_adamw,1,adamw,final,100000,checkpoints/subtraction_depth_1_adamw_seed_0/step_100000.pt,1.0,1.0,channelwise,addition_only,8,56,"(42,42)/(71,71)|(25,25)/(88,88)|(39,39)/(74,74)|(29,29)/(84,84)|(55,55)/(58,58)|(32,32)/(81,81)|(16,16)/(97,97)|(13,13)/(100,100)|(26,26)/(87,87)|(45,45)/(68,68)|(52,52)/(61,61)|(50,50)/(63,63)|(43,43)/(70,70)|(10,10)/(103,103)|(35,35)/(78,78)|(12,12)/(101,101)|(3,3)/(110,110)|(47,47)/(66,66)|(23,23)/(90,90)|(8,8)/(105,105)|(4,4)/(109,109)|(36,36)/(77,77)|(19,19)/(94,94)|(38,38)/(75,75)|(6,6)/(107,107)|(51,51)/(62,62)|(1,1)/(112,112)|(49,49)/(64,64)|(7,7)/(106,106)|(31,31)/(82,82)|(48,48)/(65,65)|(24,24)/(89,89)|(27,27)/(86,86)|(37,37)/(76,76)|(20,20)/(93,93)|(54,54)/(59,59)|(11,11)/(102,102)|(33,33)/(80,80)|(30,30)/(83,83)|(9,9)/(104,104)|(22,22)/(91,91)|(46,46)/(67,67)|(14,14)/(99,99)|(2,2)/(111,111)|(15,15)/(98,98)|(41,41)/(72,72)|(40,40)/(73,73)|(53,53)/(60,60)|(28,28)/(85,85)|(17,17)/(96,96)|(34,34)/(79,79)|(44,44)/(69,69)|(5,5)/(108,108)|(21,21)/(92,92)|(56,56)/(57,57)|(18,18)/(95,95)",0.008849557489156723
subtraction_depth1_adamw,1,adamw,final,100000,checkpoints/subtraction_depth_1_adamw_seed_0/step_100000.pt,1.0,1.0,channelwise,addition_only,9,56,"(42,42)/(71,71)|(25,25)/(88,88)|(39,39)/(74,74)|(29,29)/(84,84)|(55,55)/(58,58)|(32,32)/(81,81)|(16,16)/(97,97)|(13,13)/(100,100)|(26,26)/(87,87)|(45,45)/(68,68)|(52,52)/(61,61)|(50,50)/(63,63)|(43,43)/(70,70)|(10,10)/(103,103)|(35,35)/(78,78)|(12,12)/(101,101)|(3,3)/(110,110)|(47,47)/(66,66)|(23,23)/(90,90)|(8,8)/(105,105)|(4,4)/(109,109)|(36,36)/(77,77)|(19,19)/(94,94)|(38,38)/(75,75)|(6,6)/(107,107)|(51,51)/(62,62)|(1,1)/(112,112)|(49,49)/(64,64)|(7,7)/(106,106)|(31,31)/(82,82)|(48,48)/(65,65)|(24,24)/(89,89)|(27,27)/(86,86)|(37,37)/(76,76)|(20,20)/(93,93)|(54,54)/(59,59)|(11,11)/(102,102)|(33,33)/(80,80)|(30,30)/(83,83)|(9,9)/(104,104)|(22,22)/(91,91)|(46,46)/(67,67)|(14,14)/(99,99)|(2,2)/(111,111)|(15,15)/(98,98)|(41,41)/(72,72)|(40,40)/(73,73)|(53,53)/(60,60)|(28,28)/(85,85)|(17,17)/(96,96)|(34,34)/(79,79)|(44,44)/(69,69)|(5,5)/(108,108)|(21,21)/(92,92)|(56,56)/(57,57)|(18,18)/(95,95)",0.008849557489156723
subtraction_depth1_adamw,1,adamw,final,100000,checkpoints/subtraction_depth_1_adamw_seed_0/step_100000.pt,1.0,1.0,channelwise,full_hidden,0,56,"(42,42)/(71,71)|(25,25)/(88,88)|(39,39)/(74,74)|(29,29)/(84,84)|(55,55)/(58,58)|(32,32)/(81,81)|(16,16)/(97,97)|(13,13)/(100,100)|(26,26)/(87,87)|(45,45)/(68,68)|(52,52)/(61,61)|(50,50)/(63,63)|(43,43)/(70,70)|(10,10)/(103,103)|(35,35)/(78,78)|(12,12)/(101,101)|(3,3)/(110,110)|(47,47)/(66,66)|(23,23)/(90,90)|(8,8)/(105,105)|(4,4)/(109,109)|(36,36)/(77,77)|(19,19)/(94,94)|(38,38)/(75,75)|(6,6)/(107,107)|(51,51)/(62,62)|(1,1)/(112,112)|(49,49)/(64,64)|(7,7)/(106,106)|(31,31)/(82,82)|(48,48)/(65,65)|(24,24)/(89,89)|(27,27)/(86,86)|(37,37)/(76,76)|(20,20)/(93,93)|(54,54)/(59,59)|(11,11)/(102,102)|(33,33)/(80,80)|(30,30)/(83,83)|(9,9)/(104,104)|(22,22)/(91,91)|(46,46)/(67,67)|(14,14)/(99,99)|(2,2)/(111,111)|(15,15)/(98,98)|(41,41)/(72,72)|(40,40)/(73,73)|(53,53)/(60,60)|(28,28)/(85,85)|(17,17)/(96,96)|(34,34)/(79,79)|(44,44)/(69,69)|(5,5)/(108,108)|(21,21)/(92,92)|(56,56)/(57,57)|(18,18)/(95,95)",1.0
subtraction_depth1_adamw,1,adamw,final,100000,checkpoints/subtraction_depth_1_adamw_seed_0/step_100000.pt,1.0,1.0,channelwise,full_hidden,1,56,"(42,42)/(71,71)|(25,25)/(88,88)|(39,39)/(74,74)|(29,29)/(84,84)|(55,55)/(58,58)|(32,32)/(81,81)|(16,16)/(97,97)|(13,13)/(100,100)|(26,26)/(87,87)|(45,45)/(68,68)|(52,52)/(61,61)|(50,50)/(63,63)|(43,43)/(70,70)|(10,10)/(103,103)|(35,35)/(78,78)|(12,12)/(101,101)|(3,3)/(110,110)|(47,47)/(66,66)|(23,23)/(90,90)|(8,8)/(105,105)|(4,4)/(109,109)|(36,36)/(77,77)|(19,19)/(94,94)|(38,38)/(75,75)|(6,6)/(107,107)|(51,51)/(62,62)|(1,1)/(112,112)|(49,49)/(64,64)|(7,7)/(106,106)|(31,31)/(82,82)|(48,48)/(65,65)|(24,24)/(89,89)|(27,27)/(86,86)|(37,37)/(76,76)|(20,20)/(93,93)|(54,54)/(59,59)|(11,11)/(102,102)|(33,33)/(80,80)|(30,30)/(83,83)|(9,9)/(104,104)|(22,22)/(91,91)|(46,46)/(67,67)|(14,14)/(99,99)|(2,2)/(111,111)|(15,15)/(98,98)|(41,41)/(72,72)|(40,40)/(73,73)|(53,53)/(60,60)|(28,28)/(85,85)|(17,17)/(96,96)|(34,34)/(79,79)|(44,44)/(69,69)|(5,5)/(108,108)|(21,21)/(92,92)|(56,56)/(57,57)|(18,18)/(95,95)",1.0
subtraction_depth1_adamw,1,adamw,final,100000,checkpoints/subtraction_depth_1_adamw_seed_0/step_100000.pt,1.0,1.0,channelwise,full_hidden,2,56,"(42,42)/(71,71)|(25,25)/(88,88)|(39,39)/(74,74)|(29,29)/(84,84)|(55,55)/(58,58)|(32,32)/(81,81)|(16,16)/(97,97)|(13,13)/(100,100)|(26,26)/(87,87)|(45,45)/(68,68)|(52,52)/(61,61)|(50,50)/(63,63)|(43,43)/(70,70)|(10,10)/(103,103)|(35,35)/(78,78)|(12,12)/(101,101)|(3,3)/(110,110)|(47,47)/(66,66)|(23,23)/(90,90)|(8,8)/(105,105)|(4,4)/(109,109)|(36,36)/(77,77)|(19,19)/(94,94)|(38,38)/(75,75)|(6,6)/(107,107)|(51,51)/(62,62)|(1,1)/(112,112)|(49,49)/(64,64)|(7,7)/(106,106)|(31,31)/(82,82)|(48,48)/(65,65)|(24,24)/(89,89)|(27,27)/(86,86)|(37,37)/(76,76)|(20,20)/(93,93)|(54,54)/(59,59)|(11,11)/(102,102)|(33,33)/(80,80)|(30,30)/(83,83)|(9,9)/(104,104)|(22,22)/(91,91)|(46,46)/(67,67)|(14,14)/(99,99)|(2,2)/(111,111)|(15,15)/(98,98)|(41,41)/(72,72)|(40,40)/(73,73)|(53,53)/(60,60)|(28,28)/(85,85)|(17,17)/(96,96)|(34,34)/(79,79)|(44,44)/(69,69)|(5,5)/(108,108)|(21,21)/(92,92)|(56,56)/(57,57)|(18,18)/(95,95)",1.0
subtraction_depth1_adamw,1,adamw,final,100000,checkpoints/subtraction_depth_1_adamw_seed_0/step_100000.pt,1.0,1.0,channelwise,full_hidden,3,56,"(42,42)/(71,71)|(25,25)/(88,88)|(39,39)/(74,74)|(29,29)/(84,84)|(55,55)/(58,58)|(32,32)/(81,81)|(16,16)/(97,97)|(13,13)/(100,100)|(26,26)/(87,87)|(45,45)/(68,68)|(52,52)/(61,61)|(50,50)/(63,63)|(43,43)/(70,70)|(10,10)/(103,103)|(35,35)/(78,78)|(12,12)/(101,101)|(3,3)/(110,110)|(47,47)/(66,66)|(23,23)/(90,90)|(8,8)/(105,105)|(4,4)/(109,109)|(36,36)/(77,77)|(19,19)/(94,94)|(38,38)/(75,75)|(6,6)/(107,107)|(51,51)/(62,62)|(1,1)/(112,112)|(49,49)/(64,64)|(7,7)/(106,106)|(31,31)/(82,82)|(48,48)/(65,65)|(24,24)/(89,89)|(27,27)/(86,86)|(37,37)/(76,76)|(20,20)/(93,93)|(54,54)/(59,59)|(11,11)/(102,102)|(33,33)/(80,80)|(30,30)/(83,83)|(9,9)/(104,104)|(22,22)/(91,91)|(46,46)/(67,67)|(14,14)/(99,99)|(2,2)/(111,111)|(15,15)/(98,98)|(41,41)/(72,72)|(40,40)/(73,73)|(53,53)/(60,60)|(28,28)/(85,85)|(17,17)/(96,96)|(34,34)/(79,79)|(44,44)/(69,69)|(5,5)/(108,108)|(21,21)/(92,92)|(56,56)/(57,57)|(18,18)/(95,95)",1.0
subtraction_depth1_adamw,1,adamw,final,100000,checkpoints/subtraction_depth_1_adamw_seed_0/step_100000.pt,1.0,1.0,channelwise,full_hidden,4,56,"(42,42)/(71,71)|(25,25)/(88,88)|(39,39)/(74,74)|(29,29)/(84,84)|(55,55)/(58,58)|(32,32)/(81,81)|(16,16)/(97,97)|(13,13)/(100,100)|(26,26)/(87,87)|(45,45)/(68,68)|(52,52)/(61,61)|(50,50)/(63,63)|(43,43)/(70,70)|(10,10)/(103,103)|(35,35)/(78,78)|(12,12)/(101,101)|(3,3)/(110,110)|(47,47)/(66,66)|(23,23)/(90,90)|(8,8)/(105,105)|(4,4)/(109,109)|(36,36)/(77,77)|(19,19)/(94,94)|(38,38)/(75,75)|(6,6)/(107,107)|(51,51)/(62,62)|(1,1)/(112,112)|(49,49)/(64,64)|(7,7)/(106,106)|(31,31)/(82,82)|(48,48)/(65,65)|(24,24)/(89,89)|(27,27)/(86,86)|(37,37)/(76,76)|(20,20)/(93,93)|(54,54)/(59,59)|(11,11)/(102,102)|(33,33)/(80,80)|(30,30)/(83,83)|(9,9)/(104,104)|(22,22)/(91,91)|(46,46)/(67,67)|(14,14)/(99,99)|(2,2)/(111,111)|(15,15)/(98,98)|(41,41)/(72,72)|(40,40)/(73,73)|(53,53)/(60,60)|(28,28)/(85,85)|(17,17)/(96,96)|(34,34)/(79,79)|(44,44)/(69,69)|(5,5)/(108,108)|(21,21)/(92,92)|(56,56)/(57,57)|(18,18)/(95,95)",1.0
subtraction_depth1_adamw,1,adamw,final,100000,checkpoints/subtraction_depth_1_adamw_seed_0/step_100000.pt,1.0,1.0,channelwise,full_hidden,5,56,"(42,42)/(71,71)|(25,25)/(88,88)|(39,39)/(74,74)|(29,29)/(84,84)|(55,55)/(58,58)|(32,32)/(81,81)|(16,16)/(97,97)|(13,13)/(100,100)|(26,26)/(87,87)|(45,45)/(68,68)|(52,52)/(61,61)|(50,50)/(63,63)|(43,43)/(70,70)|(10,10)/(103,103)|(35,35)/(78,78)|(12,12)/(101,101)|(3,3)/(110,110)|(47,47)/(66,66)|(23,23)/(90,90)|(8,8)/(105,105)|(4,4)/(109,109)|(36,36)/(77,77)|(19,19)/(94,94)|(38,38)/(75,75)|(6,6)/(107,107)|(51,51)/(62,62)|(1,1)/(112,112)|(49,49)/(64,64)|(7,7)/(106,106)|(31,31)/(82,82)|(48,48)/(65,65)|(24,24)/(89,89)|(27,27)/(86,86)|(37,37)/(76,76)|(20,20)/(93,93)|(54,54)/(59,59)|(11,11)/(102,102)|(33,33)/(80,80)|(30,30)/(83,83)|(9,9)/(104,104)|(22,22)/(91,91)|(46,46)/(67,67)|(14,14)/(99,99)|(2,2)/(111,111)|(15,15)/(98,98)|(41,41)/(72,72)|(40,40)/(73,73)|(53,53)/(60,60)|(28,28)/(85,85)|(17,17)/(96,96)|(34,34)/(79,79)|(44,44)/(69,69)|(5,5)/(108,108)|(21,21)/(92,92)|(56,56)/(57,57)|(18,18)/(95,95)",1.0
subtraction_depth1_adamw,1,adamw,final,100000,checkpoints/subtraction_depth_1_adamw_seed_0/step_100000.pt,1.0,1.0,channelwise,full_hidden,6,56,"(42,42)/(71,71)|(25,25)/(88,88)|(39,39)/(74,74)|(29,29)/(84,84)|(55,55)/(58,58)|(32,32)/(81,81)|(16,16)/(97,97)|(13,13)/(100,100)|(26,26)/(87,87)|(45,45)/(68,68)|(52,52)/(61,61)|(50,50)/(63,63)|(43,43)/(70,70)|(10,10)/(103,103)|(35,35)/(78,78)|(12,12)/(101,101)|(3,3)/(110,110)|(47,47)/(66,66)|(23,23)/(90,90)|(8,8)/(105,105)|(4,4)/(109,109)|(36,36)/(77,77)|(19,19)/(94,94)|(38,38)/(75,75)|(6,6)/(107,107)|(51,51)/(62,62)|(1,1)/(112,112)|(49,49)/(64,64)|(7,7)/(106,106)|(31,31)/(82,82)|(48,48)/(65,65)|(24,24)/(89,89)|(27,27)/(86,86)|(37,37)/(76,76)|(20,20)/(93,93)|(54,54)/(59,59)|(11,11)/(102,102)|(33,33)/(80,80)|(30,30)/(83,83)|(9,9)/(104,104)|(22,22)/(91,91)|(46,46)/(67,67)|(14,14)/(99,99)|(2,2)/(111,111)|(15,15)/(98,98)|(41,41)/(72,72)|(40,40)/(73,73)|(53,53)/(60,60)|(28,28)/(85,85)|(17,17)/(96,96)|(34,34)/(79,79)|(44,44)/(69,69)|(5,5)/(108,108)|(21,21)/(92,92)|(56,56)/(57,57)|(18,18)/(95,95)",1.0
subtraction_depth1_adamw,1,adamw,final,100000,checkpoints/subtraction_depth_1_adamw_seed_0/step_100000.pt,1.0,1.0,channelwise,full_hidden,7,56,"(42,42)/(71,71)|(25,25)/(88,88)|(39,39)/(74,74)|(29,29)/(84,84)|(55,55)/(58,58)|(32,32)/(81,81)|(16,16)/(97,97)|(13,13)/(100,100)|(26,26)/(87,87)|(45,45)/(68,68)|(52,52)/(61,61)|(50,50)/(63,63)|(43,43)/(70,70)|(10,10)/(103,103)|(35,35)/(78,78)|(12,12)/(101,101)|(3,3)/(110,110)|(47,47)/(66,66)|(23,23)/(90,90)|(8,8)/(105,105)|(4,4)/(109,109)|(36,36)/(77,77)|(19,19)/(94,94)|(38,38)/(75,75)|(6,6)/(107,107)|(51,51)/(62,62)|(1,1)/(112,112)|(49,49)/(64,64)|(7,7)/(106,106)|(31,31)/(82,82)|(48,48)/(65,65)|(24,24)/(89,89)|(27,27)/(86,86)|(37,37)/(76,76)|(20,20)/(93,93)|(54,54)/(59,59)|(11,11)/(102,102)|(33,33)/(80,80)|(30,30)/(83,83)|(9,9)/(104,104)|(22,22)/(91,91)|(46,46)/(67,67)|(14,14)/(99,99)|(2,2)/(111,111)|(15,15)/(98,98)|(41,41)/(72,72)|(40,40)/(73,73)|(53,53)/(60,60)|(28,28)/(85,85)|(17,17)/(96,96)|(34,34)/(79,79)|(44,44)/(69,69)|(5,5)/(108,108)|(21,21)/(92,92)|(56,56)/(57,57)|(18,18)/(95,95)",1.0
subtraction_depth1_adamw,1,adamw,final,100000,checkpoints/subtraction_depth_1_adamw_seed_0/step_100000.pt,1.0,1.0,channelwise,full_hidden,8,56,"(42,42)/(71,71)|(25,25)/(88,88)|(39,39)/(74,74)|(29,29)/(84,84)|(55,55)/(58,58)|(32,32)/(81,81)|(16,16)/(97,97)|(13,13)/(100,100)|(26,26)/(87,87)|(45,45)/(68,68)|(52,52)/(61,61)|(50,50)/(63,63)|(43,43)/(70,70)|(10,10)/(103,103)|(35,35)/(78,78)|(12,12)/(101,101)|(3,3)/(110,110)|(47,47)/(66,66)|(23,23)/(90,90)|(8,8)/(105,105)|(4,4)/(109,109)|(36,36)/(77,77)|(19,19)/(94,94)|(38,38)/(75,75)|(6,6)/(107,107)|(51,51)/(62,62)|(1,1)/(112,112)|(49,49)/(64,64)|(7,7)/(106,106)|(31,31)/(82,82)|(48,48)/(65,65)|(24,24)/(89,89)|(27,27)/(86,86)|(37,37)/(76,76)|(20,20)/(93,93)|(54,54)/(59,59)|(11,11)/(102,102)|(33,33)/(80,80)|(30,30)/(83,83)|(9,9)/(104,104)|(22,22)/(91,91)|(46,46)/(67,67)|(14,14)/(99,99)|(2,2)/(111,111)|(15,15)/(98,98)|(41,41)/(72,72)|(40,40)/(73,73)|(53,53)/(60,60)|(28,28)/(85,85)|(17,17)/(96,96)|(34,34)/(79,79)|(44,44)/(69,69)|(5,5)/(108,108)|(21,21)/(92,92)|(56,56)/(57,57)|(18,18)/(95,95)",1.0
subtraction_depth1_adamw,1,adamw,final,100000,checkpoints/subtraction_depth_1_adamw_seed_0/step_100000.pt,1.0,1.0,channelwise,full_hidden,9,56,"(42,42)/(71,71)|(25,25)/(88,88)|(39,39)/(74,74)|(29,29)/(84,84)|(55,55)/(58,58)|(32,32)/(81,81)|(16,16)/(97,97)|(13,13)/(100,100)|(26,26)/(87,87)|(45,45)/(68,68)|(52,52)/(61,61)|(50,50)/(63,63)|(43,43)/(70,70)|(10,10)/(103,103)|(35,35)/(78,78)|(12,12)/(101,101)|(3,3)/(110,110)|(47,47)/(66,66)|(23,23)/(90,90)|(8,8)/(105,105)|(4,4)/(109,109)|(36,36)/(77,77)|(19,19)/(94,94)|(38,38)/(75,75)|(6,6)/(107,107)|(51,51)/(62,62)|(1,1)/(112,112)|(49,49)/(64,64)|(7,7)/(106,106)|(31,31)/(82,82)|(48,48)/(65,65)|(24,24)/(89,89)|(27,27)/(86,86)|(37,37)/(76,76)|(20,20)/(93,93)|(54,54)/(59,59)|(11,11)/(102,102)|(33,33)/(80,80)|(30,30)/(83,83)|(9,9)/(104,104)|(22,22)/(91,91)|(46,46)/(67,67)|(14,14)/(99,99)|(2,2)/(111,111)|(15,15)/(98,98)|(41,41)/(72,72)|(40,40)/(73,73)|(53,53)/(60,60)|(28,28)/(85,85)|(17,17)/(96,96)|(34,34)/(79,79)|(44,44)/(69,69)|(5,5)/(108,108)|(21,21)/(92,92)|(56,56)/(57,57)|(18,18)/(95,95)",1.0
