run,depth,regime,role,step,checkpoint,baseline_full_accuracy,requested_addition_power_threshold,control,replicate,selected_pair_count,source_pairs,control_pairs,target_selected_power,control_native_power,scale_factor,context,intervention_accuracy
subtraction_depth1_muon,1,muon,first_generalized,9000,checkpoints/subtraction_depth_1_muon_seed_0/step_009000.pt,0.965149998664856,0.5,random_native_addition_subset,0,17,"(39,39)/(74,74)|(56,56)/(57,57)|(23,23)/(90,90)|(21,21)/(92,92)|(7,7)/(106,106)|(6,6)/(107,107)|(35,35)/(78,78)|(52,52)/(61,61)|(42,42)/(71,71)|(48,48)/(65,65)|(20,20)/(93,93)|(1,1)/(112,112)|(10,10)/(103,103)|(45,45)/(68,68)|(53,53)/(60,60)|(50,50)/(63,63)|(19,19)/(94,94)","(45,45)/(68,68)|(37,37)/(76,76)|(48,48)/(65,65)|(42,42)/(71,71)|(56,56)/(57,57)|(12,12)/(101,101)|(30,30)/(83,83)|(25,25)/(88,88)|(27,27)/(86,86)|(53,53)/(60,60)|(20,20)/(93,93)|(3,3)/(110,110)|(10,10)/(103,103)|(44,44)/(69,69)|(17,17)/(96,96)|(28,28)/(85,85)|(39,39)/(74,74)",303898988.0,211108805.0,1.0,addition_only,0.008849557489156723
subtraction_depth1_muon,1,muon,first_generalized,9000,checkpoints/subtraction_depth_1_muon_seed_0/step_009000.pt,0.965149998664856,0.5,equal_power_frequency_relocation,0,17,"(39,39)/(74,74)|(56,56)/(57,57)|(23,23)/(90,90)|(21,21)/(92,92)|(7,7)/(106,106)|(6,6)/(107,107)|(35,35)/(78,78)|(52,52)/(61,61)|(42,42)/(71,71)|(48,48)/(65,65)|(20,20)/(93,93)|(1,1)/(112,112)|(10,10)/(103,103)|(45,45)/(68,68)|(53,53)/(60,60)|(50,50)/(63,63)|(19,19)/(94,94)","(28,28)/(85,85)|(52,52)/(61,61)|(13,13)/(100,100)|(54,54)/(59,59)|(20,20)/(93,93)|(36,36)/(77,77)|(50,50)/(63,63)|(3,3)/(110,110)|(21,21)/(92,92)|(35,35)/(78,78)|(8,8)/(105,105)|(25,25)/(88,88)|(17,17)/(96,96)|(5,5)/(108,108)|(24,24)/(89,89)|(48,48)/(65,65)|(42,42)/(71,71)",303898988.0,303898988.0,1.0,addition_only,0.008849557489156723
subtraction_depth1_muon,1,muon,first_generalized,9000,checkpoints/subtraction_depth_1_muon_seed_0/step_009000.pt,0.965149998664856,0.5,random_native_addition_subset,1,17,"(39,39)/(74,74)|(56,56)/(57,57)|(23,23)/(90,90)|(21,21)/(92,92)|(7,7)/(106,106)|(6,6)/(107,107)|(35,35)/(78,78)|(52,52)/(61,61)|(42,42)/(71,71)|(48,48)/(65,65)|(20,20)/(93,93)|(1,1)/(112,112)|(10,10)/(103,103)|(45,45)/(68,68)|(53,53)/(60,60)|(50,50)/(63,63)|(19,19)/(94,94)","(31,31)/(82,82)|(49,49)/(64,64)|(47,47)/(66,66)|(48,48)/(65,65)|(21,21)/(92,92)|(11,11)/(102,102)|(50,50)/(63,63)|(27,27)/(86,86)|(4,4)/(109,109)|(56,56)/(57,57)|(26,26)/(87,87)|(28,28)/(85,85)|(35,35)/(78,78)|(46,46)/(67,67)|(52,52)/(61,61)|(45,45)/(68,68)|(51,51)/(62,62)",303898988.0,210620943.5,1.0,addition_only,0.008849557489156723
subtraction_depth1_muon,1,muon,first_generalized,9000,checkpoints/subtraction_depth_1_muon_seed_0/step_009000.pt,0.965149998664856,0.5,equal_power_frequency_relocation,1,17,"(39,39)/(74,74)|(56,56)/(57,57)|(23,23)/(90,90)|(21,21)/(92,92)|(7,7)/(106,106)|(6,6)/(107,107)|(35,35)/(78,78)|(52,52)/(61,61)|(42,42)/(71,71)|(48,48)/(65,65)|(20,20)/(93,93)|(1,1)/(112,112)|(10,10)/(103,103)|(45,45)/(68,68)|(53,53)/(60,60)|(50,50)/(63,63)|(19,19)/(94,94)","(55,55)/(58,58)|(5,5)/(108,108)|(47,47)/(66,66)|(20,20)/(93,93)|(12,12)/(101,101)|(36,36)/(77,77)|(4,4)/(109,109)|(29,29)/(84,84)|(6,6)/(107,107)|(17,17)/(96,96)|(23,23)/(90,90)|(24,24)/(89,89)|(49,49)/(64,64)|(22,22)/(91,91)|(54,54)/(59,59)|(39,39)/(74,74)|(2,2)/(111,111)",303898988.0,303898988.0,1.0,addition_only,0.008849557489156723
subtraction_depth1_muon,1,muon,first_generalized,9000,checkpoints/subtraction_depth_1_muon_seed_0/step_009000.pt,0.965149998664856,0.5,random_native_addition_subset,2,17,"(39,39)/(74,74)|(56,56)/(57,57)|(23,23)/(90,90)|(21,21)/(92,92)|(7,7)/(106,106)|(6,6)/(107,107)|(35,35)/(78,78)|(52,52)/(61,61)|(42,42)/(71,71)|(48,48)/(65,65)|(20,20)/(93,93)|(1,1)/(112,112)|(10,10)/(103,103)|(45,45)/(68,68)|(53,53)/(60,60)|(50,50)/(63,63)|(19,19)/(94,94)","(12,12)/(101,101)|(56,56)/(57,57)|(34,34)/(79,79)|(36,36)/(77,77)|(26,26)/(87,87)|(1,1)/(112,112)|(55,55)/(58,58)|(19,19)/(94,94)|(51,51)/(62,62)|(16,16)/(97,97)|(14,14)/(99,99)|(33,33)/(80,80)|(53,53)/(60,60)|(31,31)/(82,82)|(20,20)/(93,93)|(32,32)/(81,81)|(25,25)/(88,88)",303898988.0,163735770.0,1.0,addition_only,0.008849557489156723
subtraction_depth1_muon,1,muon,first_generalized,9000,checkpoints/subtraction_depth_1_muon_seed_0/step_009000.pt,0.965149998664856,0.5,equal_power_frequency_relocation,2,17,"(39,39)/(74,74)|(56,56)/(57,57)|(23,23)/(90,90)|(21,21)/(92,92)|(7,7)/(106,106)|(6,6)/(107,107)|(35,35)/(78,78)|(52,52)/(61,61)|(42,42)/(71,71)|(48,48)/(65,65)|(20,20)/(93,93)|(1,1)/(112,112)|(10,10)/(103,103)|(45,45)/(68,68)|(53,53)/(60,60)|(50,50)/(63,63)|(19,19)/(94,94)","(5,5)/(108,108)|(30,30)/(83,83)|(3,3)/(110,110)|(52,52)/(61,61)|(41,41)/(72,72)|(38,38)/(75,75)|(16,16)/(97,97)|(21,21)/(92,92)|(15,15)/(98,98)|(44,44)/(69,69)|(26,26)/(87,87)|(33,33)/(80,80)|(55,55)/(58,58)|(8,8)/(105,105)|(51,51)/(62,62)|(18,18)/(95,95)|(7,7)/(106,106)",303898988.0,303898988.0,1.0,addition_only,0.008849557489156723
subtraction_depth1_muon,1,muon,first_generalized,9000,checkpoints/subtraction_depth_1_muon_seed_0/step_009000.pt,0.965149998664856,0.5,random_native_addition_subset,3,17,"(39,39)/(74,74)|(56,56)/(57,57)|(23,23)/(90,90)|(21,21)/(92,92)|(7,7)/(106,106)|(6,6)/(107,107)|(35,35)/(78,78)|(52,52)/(61,61)|(42,42)/(71,71)|(48,48)/(65,65)|(20,20)/(93,93)|(1,1)/(112,112)|(10,10)/(103,103)|(45,45)/(68,68)|(53,53)/(60,60)|(50,50)/(63,63)|(19,19)/(94,94)","(37,37)/(76,76)|(1,1)/(112,112)|(34,34)/(79,79)|(13,13)/(100,100)|(35,35)/(78,78)|(47,47)/(66,66)|(14,14)/(99,99)|(8,8)/(105,105)|(16,16)/(97,97)|(5,5)/(108,108)|(48,48)/(65,65)|(32,32)/(81,81)|(9,9)/(104,104)|(24,24)/(89,89)|(12,12)/(101,101)|(18,18)/(95,95)|(56,56)/(57,57)",303898988.0,181301228.5,1.0,addition_only,0.008849557489156723
subtraction_depth1_muon,1,muon,first_generalized,9000,checkpoints/subtraction_depth_1_muon_seed_0/step_009000.pt,0.965149998664856,0.5,equal_power_frequency_relocation,3,17,"(39,39)/(74,74)|(56,56)/(57,57)|(23,23)/(90,90)|(21,21)/(92,92)|(7,7)/(106,106)|(6,6)/(107,107)|(35,35)/(78,78)|(52,52)/(61,61)|(42,42)/(71,71)|(48,48)/(65,65)|(20,20)/(93,93)|(1,1)/(112,112)|(10,10)/(103,103)|(45,45)/(68,68)|(53,53)/(60,60)|(50,50)/(63,63)|(19,19)/(94,94)","(54,54)/(59,59)|(49,49)/(64,64)|(51,51)/(62,62)|(55,55)/(58,58)|(29,29)/(84,84)|(1,1)/(112,112)|(45,45)/(68,68)|(16,16)/(97,97)|(13,13)/(100,100)|(37,37)/(76,76)|(5,5)/(108,108)|(41,41)/(72,72)|(56,56)/(57,57)|(6,6)/(107,107)|(21,21)/(92,92)|(18,18)/(95,95)|(46,46)/(67,67)",303898988.0,303898988.0,1.0,addition_only,0.008849557489156723
subtraction_depth1_muon,1,muon,first_generalized,9000,checkpoints/subtraction_depth_1_muon_seed_0/step_009000.pt,0.965149998664856,0.5,random_native_addition_subset,4,17,"(39,39)/(74,74)|(56,56)/(57,57)|(23,23)/(90,90)|(21,21)/(92,92)|(7,7)/(106,106)|(6,6)/(107,107)|(35,35)/(78,78)|(52,52)/(61,61)|(42,42)/(71,71)|(48,48)/(65,65)|(20,20)/(93,93)|(1,1)/(112,112)|(10,10)/(103,103)|(45,45)/(68,68)|(53,53)/(60,60)|(50,50)/(63,63)|(19,19)/(94,94)","(25,25)/(88,88)|(20,20)/(93,93)|(31,31)/(82,82)|(23,23)/(90,90)|(38,38)/(75,75)|(34,34)/(79,79)|(33,33)/(80,80)|(17,17)/(96,96)|(44,44)/(69,69)|(5,5)/(108,108)|(9,9)/(104,104)|(42,42)/(71,71)|(19,19)/(94,94)|(1,1)/(112,112)|(51,51)/(62,62)|(2,2)/(111,111)|(52,52)/(61,61)",303898988.0,191335965.0,1.0,addition_only,0.008849557489156723
subtraction_depth1_muon,1,muon,first_generalized,9000,checkpoints/subtraction_depth_1_muon_seed_0/step_009000.pt,0.965149998664856,0.5,equal_power_frequency_relocation,4,17,"(39,39)/(74,74)|(56,56)/(57,57)|(23,23)/(90,90)|(21,21)/(92,92)|(7,7)/(106,106)|(6,6)/(107,107)|(35,35)/(78,78)|(52,52)/(61,61)|(42,42)/(71,71)|(48,48)/(65,65)|(20,20)/(93,93)|(1,1)/(112,112)|(10,10)/(103,103)|(45,45)/(68,68)|(53,53)/(60,60)|(50,50)/(63,63)|(19,19)/(94,94)","(32,32)/(81,81)|(29,29)/(84,84)|(5,5)/(108,108)|(15,15)/(98,98)|(35,35)/(78,78)|(13,13)/(100,100)|(2,2)/(111,111)|(49,49)/(64,64)|(6,6)/(107,107)|(8,8)/(105,105)|(28,28)/(85,85)|(23,23)/(90,90)|(46,46)/(67,67)|(38,38)/(75,75)|(43,43)/(70,70)|(22,22)/(91,91)|(27,27)/(86,86)",303898988.0,303898988.0,1.0,addition_only,0.008849557489156723
subtraction_depth1_muon,1,muon,first_generalized,9000,checkpoints/subtraction_depth_1_muon_seed_0/step_009000.pt,0.965149998664856,0.5,random_native_addition_subset,5,17,"(39,39)/(74,74)|(56,56)/(57,57)|(23,23)/(90,90)|(21,21)/(92,92)|(7,7)/(106,106)|(6,6)/(107,107)|(35,35)/(78,78)|(52,52)/(61,61)|(42,42)/(71,71)|(48,48)/(65,65)|(20,20)/(93,93)|(1,1)/(112,112)|(10,10)/(103,103)|(45,45)/(68,68)|(53,53)/(60,60)|(50,50)/(63,63)|(19,19)/(94,94)","(55,55)/(58,58)|(48,48)/(65,65)|(36,36)/(77,77)|(56,56)/(57,57)|(38,38)/(75,75)|(17,17)/(96,96)|(54,54)/(59,59)|(53,53)/(60,60)|(46,46)/(67,67)|(37,37)/(76,76)|(10,10)/(103,103)|(1,1)/(112,112)|(51,51)/(62,62)|(9,9)/(104,104)|(7,7)/(106,106)|(44,44)/(69,69)|(27,27)/(86,86)",303898988.0,170066985.0,1.0,addition_only,0.008849557489156723
subtraction_depth1_muon,1,muon,first_generalized,9000,checkpoints/subtraction_depth_1_muon_seed_0/step_009000.pt,0.965149998664856,0.5,equal_power_frequency_relocation,5,17,"(39,39)/(74,74)|(56,56)/(57,57)|(23,23)/(90,90)|(21,21)/(92,92)|(7,7)/(106,106)|(6,6)/(107,107)|(35,35)/(78,78)|(52,52)/(61,61)|(42,42)/(71,71)|(48,48)/(65,65)|(20,20)/(93,93)|(1,1)/(112,112)|(10,10)/(103,103)|(45,45)/(68,68)|(53,53)/(60,60)|(50,50)/(63,63)|(19,19)/(94,94)","(54,54)/(59,59)|(48,48)/(65,65)|(41,41)/(72,72)|(30,30)/(83,83)|(5,5)/(108,108)|(56,56)/(57,57)|(49,49)/(64,64)|(4,4)/(109,109)|(24,24)/(89,89)|(23,23)/(90,90)|(15,15)/(98,98)|(26,26)/(87,87)|(50,50)/(63,63)|(14,14)/(99,99)|(12,12)/(101,101)|(43,43)/(70,70)|(28,28)/(85,85)",303898988.0,303898988.0,1.0,addition_only,0.008849557489156723
subtraction_depth1_muon,1,muon,first_generalized,9000,checkpoints/subtraction_depth_1_muon_seed_0/step_009000.pt,0.965149998664856,0.5,random_native_addition_subset,6,17,"(39,39)/(74,74)|(56,56)/(57,57)|(23,23)/(90,90)|(21,21)/(92,92)|(7,7)/(106,106)|(6,6)/(107,107)|(35,35)/(78,78)|(52,52)/(61,61)|(42,42)/(71,71)|(48,48)/(65,65)|(20,20)/(93,93)|(1,1)/(112,112)|(10,10)/(103,103)|(45,45)/(68,68)|(53,53)/(60,60)|(50,50)/(63,63)|(19,19)/(94,94)","(54,54)/(59,59)|(52,52)/(61,61)|(9,9)/(104,104)|(17,17)/(96,96)|(13,13)/(100,100)|(44,44)/(69,69)|(12,12)/(101,101)|(30,30)/(83,83)|(45,45)/(68,68)|(6,6)/(107,107)|(36,36)/(77,77)|(56,56)/(57,57)|(18,18)/(95,95)|(27,27)/(86,86)|(1,1)/(112,112)|(40,40)/(73,73)|(33,33)/(80,80)",303898988.0,164902777.0,1.0,addition_only,0.008849557489156723
subtraction_depth1_muon,1,muon,first_generalized,9000,checkpoints/subtraction_depth_1_muon_seed_0/step_009000.pt,0.965149998664856,0.5,equal_power_frequency_relocation,6,17,"(39,39)/(74,74)|(56,56)/(57,57)|(23,23)/(90,90)|(21,21)/(92,92)|(7,7)/(106,106)|(6,6)/(107,107)|(35,35)/(78,78)|(52,52)/(61,61)|(42,42)/(71,71)|(48,48)/(65,65)|(20,20)/(93,93)|(1,1)/(112,112)|(10,10)/(103,103)|(45,45)/(68,68)|(53,53)/(60,60)|(50,50)/(63,63)|(19,19)/(94,94)","(53,53)/(60,60)|(22,22)/(91,91)|(19,19)/(94,94)|(38,38)/(75,75)|(5,5)/(108,108)|(8,8)/(105,105)|(23,23)/(90,90)|(41,41)/(72,72)|(29,29)/(84,84)|(45,45)/(68,68)|(39,39)/(74,74)|(52,52)/(61,61)|(40,40)/(73,73)|(20,20)/(93,93)|(34,34)/(79,79)|(16,16)/(97,97)|(48,48)/(65,65)",303898988.0,303898988.0,1.0,addition_only,0.008849557489156723
subtraction_depth1_muon,1,muon,first_generalized,9000,checkpoints/subtraction_depth_1_muon_seed_0/step_009000.pt,0.965149998664856,0.5,random_native_addition_subset,7,17,"(39,39)/(74,74)|(56,56)/(57,57)|(23,23)/(90,90)|(21,21)/(92,92)|(7,7)/(106,106)|(6,6)/(107,107)|(35,35)/(78,78)|(52,52)/(61,61)|(42,42)/(71,71)|(48,48)/(65,65)|(20,20)/(93,93)|(1,1)/(112,112)|(10,10)/(103,103)|(45,45)/(68,68)|(53,53)/(60,60)|(50,50)/(63,63)|(19,19)/(94,94)","(33,33)/(80,80)|(40,40)/(73,73)|(8,8)/(105,105)|(21,21)/(92,92)|(38,38)/(75,75)|(11,11)/(102,102)|(27,27)/(86,86)|(50,50)/(63,63)|(22,22)/(91,91)|(51,51)/(62,62)|(6,6)/(107,107)|(52,52)/(61,61)|(42,42)/(71,71)|(25,25)/(88,88)|(28,28)/(85,85)|(39,39)/(74,74)|(48,48)/(65,65)",303898988.0,212222280.5,1.0,addition_only,0.008849557489156723
subtraction_depth1_muon,1,muon,first_generalized,9000,checkpoints/subtraction_depth_1_muon_seed_0/step_009000.pt,0.965149998664856,0.5,equal_power_frequency_relocation,7,17,"(39,39)/(74,74)|(56,56)/(57,57)|(23,23)/(90,90)|(21,21)/(92,92)|(7,7)/(106,106)|(6,6)/(107,107)|(35,35)/(78,78)|(52,52)/(61,61)|(42,42)/(71,71)|(48,48)/(65,65)|(20,20)/(93,93)|(1,1)/(112,112)|(10,10)/(103,103)|(45,45)/(68,68)|(53,53)/(60,60)|(50,50)/(63,63)|(19,19)/(94,94)","(43,43)/(70,70)|(35,35)/(78,78)|(15,15)/(98,98)|(28,28)/(85,85)|(56,56)/(57,57)|(46,46)/(67,67)|(13,13)/(100,100)|(2,2)/(111,111)|(9,9)/(104,104)|(29,29)/(84,84)|(21,21)/(92,92)|(8,8)/(105,105)|(22,22)/(91,91)|(51,51)/(62,62)|(31,31)/(82,82)|(16,16)/(97,97)|(34,34)/(79,79)",303898988.0,303898988.0,1.0,addition_only,0.008849557489156723
subtraction_depth1_muon,1,muon,first_generalized,9000,checkpoints/subtraction_depth_1_muon_seed_0/step_009000.pt,0.965149998664856,0.5,random_native_addition_subset,8,17,"(39,39)/(74,74)|(56,56)/(57,57)|(23,23)/(90,90)|(21,21)/(92,92)|(7,7)/(106,106)|(6,6)/(107,107)|(35,35)/(78,78)|(52,52)/(61,61)|(42,42)/(71,71)|(48,48)/(65,65)|(20,20)/(93,93)|(1,1)/(112,112)|(10,10)/(103,103)|(45,45)/(68,68)|(53,53)/(60,60)|(50,50)/(63,63)|(19,19)/(94,94)","(29,29)/(84,84)|(6,6)/(107,107)|(48,48)/(65,65)|(2,2)/(111,111)|(17,17)/(96,96)|(47,47)/(66,66)|(32,32)/(81,81)|(33,33)/(80,80)|(14,14)/(99,99)|(45,45)/(68,68)|(53,53)/(60,60)|(7,7)/(106,106)|(18,18)/(95,95)|(21,21)/(92,92)|(4,4)/(109,109)|(23,23)/(90,90)|(39,39)/(74,74)",303898988.0,224477152.0,1.0,addition_only,0.008849557489156723
subtraction_depth1_muon,1,muon,first_generalized,9000,checkpoints/subtraction_depth_1_muon_seed_0/step_009000.pt,0.965149998664856,0.5,equal_power_frequency_relocation,8,17,"(39,39)/(74,74)|(56,56)/(57,57)|(23,23)/(90,90)|(21,21)/(92,92)|(7,7)/(106,106)|(6,6)/(107,107)|(35,35)/(78,78)|(52,52)/(61,61)|(42,42)/(71,71)|(48,48)/(65,65)|(20,20)/(93,93)|(1,1)/(112,112)|(10,10)/(103,103)|(45,45)/(68,68)|(53,53)/(60,60)|(50,50)/(63,63)|(19,19)/(94,94)","(28,28)/(85,85)|(48,48)/(65,65)|(4,4)/(109,109)|(5,5)/(108,108)|(37,37)/(76,76)|(43,43)/(70,70)|(6,6)/(107,107)|(46,46)/(67,67)|(14,14)/(99,99)|(47,47)/(66,66)|(26,26)/(87,87)|(7,7)/(106,106)|(13,13)/(100,100)|(27,27)/(86,86)|(52,52)/(61,61)|(34,34)/(79,79)|(53,53)/(60,60)",303898988.0,303898988.0,1.0,addition_only,0.008849557489156723
subtraction_depth1_muon,1,muon,first_generalized,9000,checkpoints/subtraction_depth_1_muon_seed_0/step_009000.pt,0.965149998664856,0.5,random_native_addition_subset,9,17,"(39,39)/(74,74)|(56,56)/(57,57)|(23,23)/(90,90)|(21,21)/(92,92)|(7,7)/(106,106)|(6,6)/(107,107)|(35,35)/(78,78)|(52,52)/(61,61)|(42,42)/(71,71)|(48,48)/(65,65)|(20,20)/(93,93)|(1,1)/(112,112)|(10,10)/(103,103)|(45,45)/(68,68)|(53,53)/(60,60)|(50,50)/(63,63)|(19,19)/(94,94)","(47,47)/(66,66)|(5,5)/(108,108)|(7,7)/(106,106)|(56,56)/(57,57)|(20,20)/(93,93)|(13,13)/(100,100)|(31,31)/(82,82)|(22,22)/(91,91)|(53,53)/(60,60)|(38,38)/(75,75)|(8,8)/(105,105)|(33,33)/(80,80)|(55,55)/(58,58)|(39,39)/(74,74)|(10,10)/(103,103)|(49,49)/(64,64)|(14,14)/(99,99)",303898988.0,201334971.5,1.0,addition_only,0.008849557489156723
subtraction_depth1_muon,1,muon,first_generalized,9000,checkpoints/subtraction_depth_1_muon_seed_0/step_009000.pt,0.965149998664856,0.5,equal_power_frequency_relocation,9,17,"(39,39)/(74,74)|(56,56)/(57,57)|(23,23)/(90,90)|(21,21)/(92,92)|(7,7)/(106,106)|(6,6)/(107,107)|(35,35)/(78,78)|(52,52)/(61,61)|(42,42)/(71,71)|(48,48)/(65,65)|(20,20)/(93,93)|(1,1)/(112,112)|(10,10)/(103,103)|(45,45)/(68,68)|(53,53)/(60,60)|(50,50)/(63,63)|(19,19)/(94,94)","(35,35)/(78,78)|(24,24)/(89,89)|(19,19)/(94,94)|(23,23)/(90,90)|(55,55)/(58,58)|(21,21)/(92,92)|(33,33)/(80,80)|(42,42)/(71,71)|(27,27)/(86,86)|(20,20)/(93,93)|(44,44)/(69,69)|(30,30)/(83,83)|(51,51)/(62,62)|(1,1)/(112,112)|(25,25)/(88,88)|(5,5)/(108,108)|(48,48)/(65,65)",303898988.0,303898988.0,1.0,addition_only,0.008849557489156723
subtraction_depth1_muon,1,muon,first_generalized,9000,checkpoints/subtraction_depth_1_muon_seed_0/step_009000.pt,0.965149998664856,0.75,random_native_addition_subset,0,32,"(39,39)/(74,74)|(56,56)/(57,57)|(23,23)/(90,90)|(21,21)/(92,92)|(7,7)/(106,106)|(6,6)/(107,107)|(35,35)/(78,78)|(52,52)/(61,61)|(42,42)/(71,71)|(48,48)/(65,65)|(20,20)/(93,93)|(1,1)/(112,112)|(10,10)/(103,103)|(45,45)/(68,68)|(53,53)/(60,60)|(50,50)/(63,63)|(19,19)/(94,94)|(8,8)/(105,105)|(14,14)/(99,99)|(5,5)/(108,108)|(18,18)/(95,95)|(46,46)/(67,67)|(43,43)/(70,70)|(34,34)/(79,79)|(2,2)/(111,111)|(49,49)/(64,64)|(29,29)/(84,84)|(3,3)/(110,110)|(28,28)/(85,85)|(25,25)/(88,88)|(31,31)/(82,82)|(44,44)/(69,69)","(47,47)/(66,66)|(15,15)/(98,98)|(39,39)/(74,74)|(1,1)/(112,112)|(16,16)/(97,97)|(3,3)/(110,110)|(38,38)/(75,75)|(13,13)/(100,100)|(55,55)/(58,58)|(32,32)/(81,81)|(11,11)/(102,102)|(44,44)/(69,69)|(27,27)/(86,86)|(49,49)/(64,64)|(25,25)/(88,88)|(36,36)/(77,77)|(6,6)/(107,107)|(26,26)/(87,87)|(14,14)/(99,99)|(42,42)/(71,71)|(34,34)/(79,79)|(40,40)/(73,73)|(4,4)/(109,109)|(56,56)/(57,57)|(22,22)/(91,91)|(54,54)/(59,59)|(7,7)/(106,106)|(46,46)/(67,67)|(28,28)/(85,85)|(24,24)/(89,89)|(9,9)/(104,104)|(37,37)/(76,76)",454534552.0,308399765.5,1.0,addition_only,0.008849557489156723
subtraction_depth1_muon,1,muon,first_generalized,9000,checkpoints/subtraction_depth_1_muon_seed_0/step_009000.pt,0.965149998664856,0.75,equal_power_frequency_relocation,0,32,"(39,39)/(74,74)|(56,56)/(57,57)|(23,23)/(90,90)|(21,21)/(92,92)|(7,7)/(106,106)|(6,6)/(107,107)|(35,35)/(78,78)|(52,52)/(61,61)|(42,42)/(71,71)|(48,48)/(65,65)|(20,20)/(93,93)|(1,1)/(112,112)|(10,10)/(103,103)|(45,45)/(68,68)|(53,53)/(60,60)|(50,50)/(63,63)|(19,19)/(94,94)|(8,8)/(105,105)|(14,14)/(99,99)|(5,5)/(108,108)|(18,18)/(95,95)|(46,46)/(67,67)|(43,43)/(70,70)|(34,34)/(79,79)|(2,2)/(111,111)|(49,49)/(64,64)|(29,29)/(84,84)|(3,3)/(110,110)|(28,28)/(85,85)|(25,25)/(88,88)|(31,31)/(82,82)|(44,44)/(69,69)","(2,2)/(111,111)|(3,3)/(110,110)|(55,55)/(58,58)|(52,52)/(61,61)|(35,35)/(78,78)|(33,33)/(80,80)|(51,51)/(62,62)|(10,10)/(103,103)|(36,36)/(77,77)|(39,39)/(74,74)|(56,56)/(57,57)|(45,45)/(68,68)|(54,54)/(59,59)|(50,50)/(63,63)|(18,18)/(95,95)|(15,15)/(98,98)|(31,31)/(82,82)|(37,37)/(76,76)|(21,21)/(92,92)|(25,25)/(88,88)|(6,6)/(107,107)|(49,49)/(64,64)|(4,4)/(109,109)|(20,20)/(93,93)|(7,7)/(106,106)|(11,11)/(102,102)|(34,34)/(79,79)|(38,38)/(75,75)|(16,16)/(97,97)|(48,48)/(65,65)|(13,13)/(100,100)|(41,41)/(72,72)",454534552.0,454534552.0,1.0,addition_only,0.008849557489156723
subtraction_depth1_muon,1,muon,first_generalized,9000,checkpoints/subtraction_depth_1_muon_seed_0/step_009000.pt,0.965149998664856,0.75,random_native_addition_subset,1,32,"(39,39)/(74,74)|(56,56)/(57,57)|(23,23)/(90,90)|(21,21)/(92,92)|(7,7)/(106,106)|(6,6)/(107,107)|(35,35)/(78,78)|(52,52)/(61,61)|(42,42)/(71,71)|(48,48)/(65,65)|(20,20)/(93,93)|(1,1)/(112,112)|(10,10)/(103,103)|(45,45)/(68,68)|(53,53)/(60,60)|(50,50)/(63,63)|(19,19)/(94,94)|(8,8)/(105,105)|(14,14)/(99,99)|(5,5)/(108,108)|(18,18)/(95,95)|(46,46)/(67,67)|(43,43)/(70,70)|(34,34)/(79,79)|(2,2)/(111,111)|(49,49)/(64,64)|(29,29)/(84,84)|(3,3)/(110,110)|(28,28)/(85,85)|(25,25)/(88,88)|(31,31)/(82,82)|(44,44)/(69,69)","(29,29)/(84,84)|(47,47)/(66,66)|(21,21)/(92,92)|(15,15)/(98,98)|(43,43)/(70,70)|(31,31)/(82,82)|(5,5)/(108,108)|(46,46)/(67,67)|(14,14)/(99,99)|(45,45)/(68,68)|(40,40)/(73,73)|(32,32)/(81,81)|(28,28)/(85,85)|(8,8)/(105,105)|(20,20)/(93,93)|(9,9)/(104,104)|(42,42)/(71,71)|(18,18)/(95,95)|(3,3)/(110,110)|(25,25)/(88,88)|(22,22)/(91,91)|(39,39)/(74,74)|(50,50)/(63,63)|(26,26)/(87,87)|(49,49)/(64,64)|(55,55)/(58,58)|(12,12)/(101,101)|(52,52)/(61,61)|(37,37)/(76,76)|(6,6)/(107,107)|(34,34)/(79,79)|(36,36)/(77,77)",454534552.0,345198167.0,1.0,addition_only,0.008849557489156723
subtraction_depth1_muon,1,muon,first_generalized,9000,checkpoints/subtraction_depth_1_muon_seed_0/step_009000.pt,0.965149998664856,0.75,equal_power_frequency_relocation,1,32,"(39,39)/(74,74)|(56,56)/(57,57)|(23,23)/(90,90)|(21,21)/(92,92)|(7,7)/(106,106)|(6,6)/(107,107)|(35,35)/(78,78)|(52,52)/(61,61)|(42,42)/(71,71)|(48,48)/(65,65)|(20,20)/(93,93)|(1,1)/(112,112)|(10,10)/(103,103)|(45,45)/(68,68)|(53,53)/(60,60)|(50,50)/(63,63)|(19,19)/(94,94)|(8,8)/(105,105)|(14,14)/(99,99)|(5,5)/(108,108)|(18,18)/(95,95)|(46,46)/(67,67)|(43,43)/(70,70)|(34,34)/(79,79)|(2,2)/(111,111)|(49,49)/(64,64)|(29,29)/(84,84)|(3,3)/(110,110)|(28,28)/(85,85)|(25,25)/(88,88)|(31,31)/(82,82)|(44,44)/(69,69)","(50,50)/(63,63)|(1,1)/(112,112)|(34,34)/(79,79)|(13,13)/(100,100)|(9,9)/(104,104)|(14,14)/(99,99)|(28,28)/(85,85)|(18,18)/(95,95)|(20,20)/(93,93)|(39,39)/(74,74)|(6,6)/(107,107)|(19,19)/(94,94)|(23,23)/(90,90)|(41,41)/(72,72)|(46,46)/(67,67)|(30,30)/(83,83)|(43,43)/(70,70)|(32,32)/(81,81)|(12,12)/(101,101)|(4,4)/(109,109)|(16,16)/(97,97)|(53,53)/(60,60)|(15,15)/(98,98)|(8,8)/(105,105)|(52,52)/(61,61)|(27,27)/(86,86)|(2,2)/(111,111)|(26,26)/(87,87)|(31,31)/(82,82)|(10,10)/(103,103)|(36,36)/(77,77)|(25,25)/(88,88)",454534552.0,454534552.0,1.0,addition_only,0.008849557489156723
subtraction_depth1_muon,1,muon,first_generalized,9000,checkpoints/subtraction_depth_1_muon_seed_0/step_009000.pt,0.965149998664856,0.75,random_native_addition_subset,2,32,"(39,39)/(74,74)|(56,56)/(57,57)|(23,23)/(90,90)|(21,21)/(92,92)|(7,7)/(106,106)|(6,6)/(107,107)|(35,35)/(78,78)|(52,52)/(61,61)|(42,42)/(71,71)|(48,48)/(65,65)|(20,20)/(93,93)|(1,1)/(112,112)|(10,10)/(103,103)|(45,45)/(68,68)|(53,53)/(60,60)|(50,50)/(63,63)|(19,19)/(94,94)|(8,8)/(105,105)|(14,14)/(99,99)|(5,5)/(108,108)|(18,18)/(95,95)|(46,46)/(67,67)|(43,43)/(70,70)|(34,34)/(79,79)|(2,2)/(111,111)|(49,49)/(64,64)|(29,29)/(84,84)|(3,3)/(110,110)|(28,28)/(85,85)|(25,25)/(88,88)|(31,31)/(82,82)|(44,44)/(69,69)","(32,32)/(81,81)|(24,24)/(89,89)|(29,29)/(84,84)|(8,8)/(105,105)|(40,40)/(73,73)|(39,39)/(74,74)|(19,19)/(94,94)|(26,26)/(87,87)|(45,45)/(68,68)|(51,51)/(62,62)|(41,41)/(72,72)|(37,37)/(76,76)|(28,28)/(85,85)|(15,15)/(98,98)|(12,12)/(101,101)|(46,46)/(67,67)|(43,43)/(70,70)|(3,3)/(110,110)|(30,30)/(83,83)|(56,56)/(57,57)|(21,21)/(92,92)|(11,11)/(102,102)|(2,2)/(111,111)|(33,33)/(80,80)|(42,42)/(71,71)|(10,10)/(103,103)|(27,27)/(86,86)|(14,14)/(99,99)|(18,18)/(95,95)|(7,7)/(106,106)|(13,13)/(100,100)|(50,50)/(63,63)",454534552.0,347657680.0,1.0,addition_only,0.008849557489156723
subtraction_depth1_muon,1,muon,first_generalized,9000,checkpoints/subtraction_depth_1_muon_seed_0/step_009000.pt,0.965149998664856,0.75,equal_power_frequency_relocation,2,32,"(39,39)/(74,74)|(56,56)/(57,57)|(23,23)/(90,90)|(21,21)/(92,92)|(7,7)/(106,106)|(6,6)/(107,107)|(35,35)/(78,78)|(52,52)/(61,61)|(42,42)/(71,71)|(48,48)/(65,65)|(20,20)/(93,93)|(1,1)/(112,112)|(10,10)/(103,103)|(45,45)/(68,68)|(53,53)/(60,60)|(50,50)/(63,63)|(19,19)/(94,94)|(8,8)/(105,105)|(14,14)/(99,99)|(5,5)/(108,108)|(18,18)/(95,95)|(46,46)/(67,67)|(43,43)/(70,70)|(34,34)/(79,79)|(2,2)/(111,111)|(49,49)/(64,64)|(29,29)/(84,84)|(3,3)/(110,110)|(28,28)/(85,85)|(25,25)/(88,88)|(31,31)/(82,82)|(44,44)/(69,69)","(42,42)/(71,71)|(39,39)/(74,74)|(32,32)/(81,81)|(27,27)/(86,86)|(30,30)/(83,83)|(5,5)/(108,108)|(48,48)/(65,65)|(50,50)/(63,63)|(26,26)/(87,87)|(31,31)/(82,82)|(21,21)/(92,92)|(25,25)/(88,88)|(41,41)/(72,72)|(24,24)/(89,89)|(9,9)/(104,104)|(15,15)/(98,98)|(1,1)/(112,112)|(28,28)/(85,85)|(56,56)/(57,57)|(35,35)/(78,78)|(22,22)/(91,91)|(12,12)/(101,101)|(49,49)/(64,64)|(45,45)/(68,68)|(34,34)/(79,79)|(17,17)/(96,96)|(13,13)/(100,100)|(4,4)/(109,109)|(54,54)/(59,59)|(20,20)/(93,93)|(29,29)/(84,84)|(40,40)/(73,73)",454534552.0,454534552.0,1.0,addition_only,0.008849557489156723
subtraction_depth1_muon,1,muon,first_generalized,9000,checkpoints/subtraction_depth_1_muon_seed_0/step_009000.pt,0.965149998664856,0.75,random_native_addition_subset,3,32,"(39,39)/(74,74)|(56,56)/(57,57)|(23,23)/(90,90)|(21,21)/(92,92)|(7,7)/(106,106)|(6,6)/(107,107)|(35,35)/(78,78)|(52,52)/(61,61)|(42,42)/(71,71)|(48,48)/(65,65)|(20,20)/(93,93)|(1,1)/(112,112)|(10,10)/(103,103)|(45,45)/(68,68)|(53,53)/(60,60)|(50,50)/(63,63)|(19,19)/(94,94)|(8,8)/(105,105)|(14,14)/(99,99)|(5,5)/(108,108)|(18,18)/(95,95)|(46,46)/(67,67)|(43,43)/(70,70)|(34,34)/(79,79)|(2,2)/(111,111)|(49,49)/(64,64)|(29,29)/(84,84)|(3,3)/(110,110)|(28,28)/(85,85)|(25,25)/(88,88)|(31,31)/(82,82)|(44,44)/(69,69)","(47,47)/(66,66)|(36,36)/(77,77)|(30,30)/(83,83)|(24,24)/(89,89)|(48,48)/(65,65)|(27,27)/(86,86)|(5,5)/(108,108)|(52,52)/(61,61)|(25,25)/(88,88)|(9,9)/(104,104)|(33,33)/(80,80)|(7,7)/(106,106)|(43,43)/(70,70)|(11,11)/(102,102)|(55,55)/(58,58)|(53,53)/(60,60)|(35,35)/(78,78)|(15,15)/(98,98)|(28,28)/(85,85)|(37,37)/(76,76)|(40,40)/(73,73)|(44,44)/(69,69)|(26,26)/(87,87)|(12,12)/(101,101)|(16,16)/(97,97)|(19,19)/(94,94)|(18,18)/(95,95)|(2,2)/(111,111)|(3,3)/(110,110)|(51,51)/(62,62)|(20,20)/(93,93)|(22,22)/(91,91)",454534552.0,300904657.0,1.0,addition_only,0.008849557489156723
subtraction_depth1_muon,1,muon,first_generalized,9000,checkpoints/subtraction_depth_1_muon_seed_0/step_009000.pt,0.965149998664856,0.75,equal_power_frequency_relocation,3,32,"(39,39)/(74,74)|(56,56)/(57,57)|(23,23)/(90,90)|(21,21)/(92,92)|(7,7)/(106,106)|(6,6)/(107,107)|(35,35)/(78,78)|(52,52)/(61,61)|(42,42)/(71,71)|(48,48)/(65,65)|(20,20)/(93,93)|(1,1)/(112,112)|(10,10)/(103,103)|(45,45)/(68,68)|(53,53)/(60,60)|(50,50)/(63,63)|(19,19)/(94,94)|(8,8)/(105,105)|(14,14)/(99,99)|(5,5)/(108,108)|(18,18)/(95,95)|(46,46)/(67,67)|(43,43)/(70,70)|(34,34)/(79,79)|(2,2)/(111,111)|(49,49)/(64,64)|(29,29)/(84,84)|(3,3)/(110,110)|(28,28)/(85,85)|(25,25)/(88,88)|(31,31)/(82,82)|(44,44)/(69,69)","(14,14)/(99,99)|(52,52)/(61,61)|(3,3)/(110,110)|(20,20)/(93,93)|(5,5)/(108,108)|(41,41)/(72,72)|(26,26)/(87,87)|(21,21)/(92,92)|(6,6)/(107,107)|(55,55)/(58,58)|(4,4)/(109,109)|(25,25)/(88,88)|(29,29)/(84,84)|(44,44)/(69,69)|(32,32)/(81,81)|(36,36)/(77,77)|(30,30)/(83,83)|(23,23)/(90,90)|(1,1)/(112,112)|(47,47)/(66,66)|(7,7)/(106,106)|(34,34)/(79,79)|(17,17)/(96,96)|(19,19)/(94,94)|(49,49)/(64,64)|(31,31)/(82,82)|(50,50)/(63,63)|(11,11)/(102,102)|(35,35)/(78,78)|(51,51)/(62,62)|(37,37)/(76,76)|(13,13)/(100,100)",454534552.0,454534552.0,1.0,addition_only,0.008849557489156723
subtraction_depth1_muon,1,muon,first_generalized,9000,checkpoints/subtraction_depth_1_muon_seed_0/step_009000.pt,0.965149998664856,0.75,random_native_addition_subset,4,32,"(39,39)/(74,74)|(56,56)/(57,57)|(23,23)/(90,90)|(21,21)/(92,92)|(7,7)/(106,106)|(6,6)/(107,107)|(35,35)/(78,78)|(52,52)/(61,61)|(42,42)/(71,71)|(48,48)/(65,65)|(20,20)/(93,93)|(1,1)/(112,112)|(10,10)/(103,103)|(45,45)/(68,68)|(53,53)/(60,60)|(50,50)/(63,63)|(19,19)/(94,94)|(8,8)/(105,105)|(14,14)/(99,99)|(5,5)/(108,108)|(18,18)/(95,95)|(46,46)/(67,67)|(43,43)/(70,70)|(34,34)/(79,79)|(2,2)/(111,111)|(49,49)/(64,64)|(29,29)/(84,84)|(3,3)/(110,110)|(28,28)/(85,85)|(25,25)/(88,88)|(31,31)/(82,82)|(44,44)/(69,69)","(23,23)/(90,90)|(44,44)/(69,69)|(52,52)/(61,61)|(50,50)/(63,63)|(48,48)/(65,65)|(54,54)/(59,59)|(56,56)/(57,57)|(31,31)/(82,82)|(9,9)/(104,104)|(6,6)/(107,107)|(32,32)/(81,81)|(39,39)/(74,74)|(36,36)/(77,77)|(3,3)/(110,110)|(30,30)/(83,83)|(8,8)/(105,105)|(35,35)/(78,78)|(2,2)/(111,111)|(4,4)/(109,109)|(25,25)/(88,88)|(15,15)/(98,98)|(29,29)/(84,84)|(37,37)/(76,76)|(20,20)/(93,93)|(47,47)/(66,66)|(28,28)/(85,85)|(55,55)/(58,58)|(18,18)/(95,95)|(19,19)/(94,94)|(46,46)/(67,67)|(7,7)/(106,106)|(1,1)/(112,112)",454534552.0,372929436.0,1.0,addition_only,0.008849557489156723
subtraction_depth1_muon,1,muon,first_generalized,9000,checkpoints/subtraction_depth_1_muon_seed_0/step_009000.pt,0.965149998664856,0.75,equal_power_frequency_relocation,4,32,"(39,39)/(74,74)|(56,56)/(57,57)|(23,23)/(90,90)|(21,21)/(92,92)|(7,7)/(106,106)|(6,6)/(107,107)|(35,35)/(78,78)|(52,52)/(61,61)|(42,42)/(71,71)|(48,48)/(65,65)|(20,20)/(93,93)|(1,1)/(112,112)|(10,10)/(103,103)|(45,45)/(68,68)|(53,53)/(60,60)|(50,50)/(63,63)|(19,19)/(94,94)|(8,8)/(105,105)|(14,14)/(99,99)|(5,5)/(108,108)|(18,18)/(95,95)|(46,46)/(67,67)|(43,43)/(70,70)|(34,34)/(79,79)|(2,2)/(111,111)|(49,49)/(64,64)|(29,29)/(84,84)|(3,3)/(110,110)|(28,28)/(85,85)|(25,25)/(88,88)|(31,31)/(82,82)|(44,44)/(69,69)","(23,23)/(90,90)|(43,43)/(70,70)|(47,47)/(66,66)|(49,49)/(64,64)|(45,45)/(68,68)|(31,31)/(82,82)|(54,54)/(59,59)|(7,7)/(106,106)|(20,20)/(93,93)|(1,1)/(112,112)|(51,51)/(62,62)|(53,53)/(60,60)|(41,41)/(72,72)|(15,15)/(98,98)|(34,34)/(79,79)|(29,29)/(84,84)|(55,55)/(58,58)|(35,35)/(78,78)|(12,12)/(101,101)|(39,39)/(74,74)|(28,28)/(85,85)|(42,42)/(71,71)|(50,50)/(63,63)|(27,27)/(86,86)|(33,33)/(80,80)|(13,13)/(100,100)|(38,38)/(75,75)|(10,10)/(103,103)|(46,46)/(67,67)|(37,37)/(76,76)|(11,11)/(102,102)|(19,19)/(94,94)",454534552.0,454534552.0,1.0,addition_only,0.008849557489156723
subtraction_depth1_muon,1,muon,first_generalized,9000,checkpoints/subtraction_depth_1_muon_seed_0/step_009000.pt,0.965149998664856,0.75,random_native_addition_subset,5,32,"(39,39)/(74,74)|(56,56)/(57,57)|(23,23)/(90,90)|(21,21)/(92,92)|(7,7)/(106,106)|(6,6)/(107,107)|(35,35)/(78,78)|(52,52)/(61,61)|(42,42)/(71,71)|(48,48)/(65,65)|(20,20)/(93,93)|(1,1)/(112,112)|(10,10)/(103,103)|(45,45)/(68,68)|(53,53)/(60,60)|(50,50)/(63,63)|(19,19)/(94,94)|(8,8)/(105,105)|(14,14)/(99,99)|(5,5)/(108,108)|(18,18)/(95,95)|(46,46)/(67,67)|(43,43)/(70,70)|(34,34)/(79,79)|(2,2)/(111,111)|(49,49)/(64,64)|(29,29)/(84,84)|(3,3)/(110,110)|(28,28)/(85,85)|(25,25)/(88,88)|(31,31)/(82,82)|(44,44)/(69,69)","(39,39)/(74,74)|(1,1)/(112,112)|(14,14)/(99,99)|(38,38)/(75,75)|(17,17)/(96,96)|(27,27)/(86,86)|(42,42)/(71,71)|(6,6)/(107,107)|(30,30)/(83,83)|(52,52)/(61,61)|(21,21)/(92,92)|(9,9)/(104,104)|(25,25)/(88,88)|(47,47)/(66,66)|(37,37)/(76,76)|(54,54)/(59,59)|(44,44)/(69,69)|(36,36)/(77,77)|(50,50)/(63,63)|(41,41)/(72,72)|(15,15)/(98,98)|(22,22)/(91,91)|(40,40)/(73,73)|(51,51)/(62,62)|(12,12)/(101,101)|(13,13)/(100,100)|(32,32)/(81,81)|(35,35)/(78,78)|(34,34)/(79,79)|(23,23)/(90,90)|(33,33)/(80,80)|(49,49)/(64,64)",454534552.0,331593108.0,1.0,addition_only,0.008849557489156723
subtraction_depth1_muon,1,muon,first_generalized,9000,checkpoints/subtraction_depth_1_muon_seed_0/step_009000.pt,0.965149998664856,0.75,equal_power_frequency_relocation,5,32,"(39,39)/(74,74)|(56,56)/(57,57)|(23,23)/(90,90)|(21,21)/(92,92)|(7,7)/(106,106)|(6,6)/(107,107)|(35,35)/(78,78)|(52,52)/(61,61)|(42,42)/(71,71)|(48,48)/(65,65)|(20,20)/(93,93)|(1,1)/(112,112)|(10,10)/(103,103)|(45,45)/(68,68)|(53,53)/(60,60)|(50,50)/(63,63)|(19,19)/(94,94)|(8,8)/(105,105)|(14,14)/(99,99)|(5,5)/(108,108)|(18,18)/(95,95)|(46,46)/(67,67)|(43,43)/(70,70)|(34,34)/(79,79)|(2,2)/(111,111)|(49,49)/(64,64)|(29,29)/(84,84)|(3,3)/(110,110)|(28,28)/(85,85)|(25,25)/(88,88)|(31,31)/(82,82)|(44,44)/(69,69)","(22,22)/(91,91)|(51,51)/(62,62)|(36,36)/(77,77)|(43,43)/(70,70)|(49,49)/(64,64)|(45,45)/(68,68)|(29,29)/(84,84)|(6,6)/(107,107)|(20,20)/(93,93)|(46,46)/(67,67)|(41,41)/(72,72)|(47,47)/(66,66)|(1,1)/(112,112)|(24,24)/(89,89)|(16,16)/(97,97)|(28,28)/(85,85)|(13,13)/(100,100)|(56,56)/(57,57)|(8,8)/(105,105)|(19,19)/(94,94)|(11,11)/(102,102)|(5,5)/(108,108)|(21,21)/(92,92)|(33,33)/(80,80)|(7,7)/(106,106)|(9,9)/(104,104)|(15,15)/(98,98)|(10,10)/(103,103)|(4,4)/(109,109)|(44,44)/(69,69)|(53,53)/(60,60)|(12,12)/(101,101)",454534552.0,454534552.0,1.0,addition_only,0.008849557489156723
subtraction_depth1_muon,1,muon,first_generalized,9000,checkpoints/subtraction_depth_1_muon_seed_0/step_009000.pt,0.965149998664856,0.75,random_native_addition_subset,6,32,"(39,39)/(74,74)|(56,56)/(57,57)|(23,23)/(90,90)|(21,21)/(92,92)|(7,7)/(106,106)|(6,6)/(107,107)|(35,35)/(78,78)|(52,52)/(61,61)|(42,42)/(71,71)|(48,48)/(65,65)|(20,20)/(93,93)|(1,1)/(112,112)|(10,10)/(103,103)|(45,45)/(68,68)|(53,53)/(60,60)|(50,50)/(63,63)|(19,19)/(94,94)|(8,8)/(105,105)|(14,14)/(99,99)|(5,5)/(108,108)|(18,18)/(95,95)|(46,46)/(67,67)|(43,43)/(70,70)|(34,34)/(79,79)|(2,2)/(111,111)|(49,49)/(64,64)|(29,29)/(84,84)|(3,3)/(110,110)|(28,28)/(85,85)|(25,25)/(88,88)|(31,31)/(82,82)|(44,44)/(69,69)","(16,16)/(97,97)|(22,22)/(91,91)|(50,50)/(63,63)|(26,26)/(87,87)|(18,18)/(95,95)|(46,46)/(67,67)|(19,19)/(94,94)|(4,4)/(109,109)|(51,51)/(62,62)|(53,53)/(60,60)|(24,24)/(89,89)|(29,29)/(84,84)|(42,42)/(71,71)|(15,15)/(98,98)|(14,14)/(99,99)|(38,38)/(75,75)|(52,52)/(61,61)|(9,9)/(104,104)|(5,5)/(108,108)|(33,33)/(80,80)|(10,10)/(103,103)|(36,36)/(77,77)|(21,21)/(92,92)|(43,43)/(70,70)|(31,31)/(82,82)|(12,12)/(101,101)|(45,45)/(68,68)|(6,6)/(107,107)|(34,34)/(79,79)|(49,49)/(64,64)|(37,37)/(76,76)|(27,27)/(86,86)",454534552.0,318781841.0,1.0,addition_only,0.008849557489156723
subtraction_depth1_muon,1,muon,first_generalized,9000,checkpoints/subtraction_depth_1_muon_seed_0/step_009000.pt,0.965149998664856,0.75,equal_power_frequency_relocation,6,32,"(39,39)/(74,74)|(56,56)/(57,57)|(23,23)/(90,90)|(21,21)/(92,92)|(7,7)/(106,106)|(6,6)/(107,107)|(35,35)/(78,78)|(52,52)/(61,61)|(42,42)/(71,71)|(48,48)/(65,65)|(20,20)/(93,93)|(1,1)/(112,112)|(10,10)/(103,103)|(45,45)/(68,68)|(53,53)/(60,60)|(50,50)/(63,63)|(19,19)/(94,94)|(8,8)/(105,105)|(14,14)/(99,99)|(5,5)/(108,108)|(18,18)/(95,95)|(46,46)/(67,67)|(43,43)/(70,70)|(34,34)/(79,79)|(2,2)/(111,111)|(49,49)/(64,64)|(29,29)/(84,84)|(3,3)/(110,110)|(28,28)/(85,85)|(25,25)/(88,88)|(31,31)/(82,82)|(44,44)/(69,69)","(8,8)/(105,105)|(35,35)/(78,78)|(25,25)/(88,88)|(15,15)/(98,98)|(32,32)/(81,81)|(39,39)/(74,74)|(27,27)/(86,86)|(46,46)/(67,67)|(51,51)/(62,62)|(31,31)/(82,82)|(22,22)/(91,91)|(2,2)/(111,111)|(53,53)/(60,60)|(40,40)/(73,73)|(14,14)/(99,99)|(44,44)/(69,69)|(5,5)/(108,108)|(50,50)/(63,63)|(6,6)/(107,107)|(16,16)/(97,97)|(52,52)/(61,61)|(7,7)/(106,106)|(20,20)/(93,93)|(17,17)/(96,96)|(49,49)/(64,64)|(28,28)/(85,85)|(36,36)/(77,77)|(56,56)/(57,57)|(45,45)/(68,68)|(12,12)/(101,101)|(43,43)/(70,70)|(10,10)/(103,103)",454534552.0,454534552.0,1.0,addition_only,0.008849557489156723
subtraction_depth1_muon,1,muon,first_generalized,9000,checkpoints/subtraction_depth_1_muon_seed_0/step_009000.pt,0.965149998664856,0.75,random_native_addition_subset,7,32,"(39,39)/(74,74)|(56,56)/(57,57)|(23,23)/(90,90)|(21,21)/(92,92)|(7,7)/(106,106)|(6,6)/(107,107)|(35,35)/(78,78)|(52,52)/(61,61)|(42,42)/(71,71)|(48,48)/(65,65)|(20,20)/(93,93)|(1,1)/(112,112)|(10,10)/(103,103)|(45,45)/(68,68)|(53,53)/(60,60)|(50,50)/(63,63)|(19,19)/(94,94)|(8,8)/(105,105)|(14,14)/(99,99)|(5,5)/(108,108)|(18,18)/(95,95)|(46,46)/(67,67)|(43,43)/(70,70)|(34,34)/(79,79)|(2,2)/(111,111)|(49,49)/(64,64)|(29,29)/(84,84)|(3,3)/(110,110)|(28,28)/(85,85)|(25,25)/(88,88)|(31,31)/(82,82)|(44,44)/(69,69)","(17,17)/(96,96)|(39,39)/(74,74)|(16,16)/(97,97)|(23,23)/(90,90)|(47,47)/(66,66)|(54,54)/(59,59)|(48,48)/(65,65)|(36,36)/(77,77)|(24,24)/(89,89)|(20,20)/(93,93)|(41,41)/(72,72)|(55,55)/(58,58)|(34,34)/(79,79)|(40,40)/(73,73)|(29,29)/(84,84)|(52,52)/(61,61)|(50,50)/(63,63)|(4,4)/(109,109)|(3,3)/(110,110)|(6,6)/(107,107)|(15,15)/(98,98)|(45,45)/(68,68)|(51,51)/(62,62)|(18,18)/(95,95)|(46,46)/(67,67)|(32,32)/(81,81)|(42,42)/(71,71)|(49,49)/(64,64)|(26,26)/(87,87)|(1,1)/(112,112)|(21,21)/(92,92)|(30,30)/(83,83)",454534552.0,353934951.5,1.0,addition_only,0.008849557489156723
subtraction_depth1_muon,1,muon,first_generalized,9000,checkpoints/subtraction_depth_1_muon_seed_0/step_009000.pt,0.965149998664856,0.75,equal_power_frequency_relocation,7,32,"(39,39)/(74,74)|(56,56)/(57,57)|(23,23)/(90,90)|(21,21)/(92,92)|(7,7)/(106,106)|(6,6)/(107,107)|(35,35)/(78,78)|(52,52)/(61,61)|(42,42)/(71,71)|(48,48)/(65,65)|(20,20)/(93,93)|(1,1)/(112,112)|(10,10)/(103,103)|(45,45)/(68,68)|(53,53)/(60,60)|(50,50)/(63,63)|(19,19)/(94,94)|(8,8)/(105,105)|(14,14)/(99,99)|(5,5)/(108,108)|(18,18)/(95,95)|(46,46)/(67,67)|(43,43)/(70,70)|(34,34)/(79,79)|(2,2)/(111,111)|(49,49)/(64,64)|(29,29)/(84,84)|(3,3)/(110,110)|(28,28)/(85,85)|(25,25)/(88,88)|(31,31)/(82,82)|(44,44)/(69,69)","(2,2)/(111,111)|(47,47)/(66,66)|(18,18)/(95,95)|(17,17)/(96,96)|(46,46)/(67,67)|(4,4)/(109,109)|(16,16)/(97,97)|(35,35)/(78,78)|(8,8)/(105,105)|(39,39)/(74,74)|(50,50)/(63,63)|(21,21)/(92,92)|(32,32)/(81,81)|(29,29)/(84,84)|(9,9)/(104,104)|(45,45)/(68,68)|(36,36)/(77,77)|(6,6)/(107,107)|(19,19)/(94,94)|(27,27)/(86,86)|(25,25)/(88,88)|(23,23)/(90,90)|(42,42)/(71,71)|(55,55)/(58,58)|(40,40)/(73,73)|(41,41)/(72,72)|(49,49)/(64,64)|(30,30)/(83,83)|(1,1)/(112,112)|(13,13)/(100,100)|(38,38)/(75,75)|(37,37)/(76,76)",454534552.0,454534552.0,1.0,addition_only,0.008849557489156723
subtraction_depth1_muon,1,muon,first_generalized,9000,checkpoints/subtraction_depth_1_muon_seed_0/step_009000.pt,0.965149998664856,0.75,random_native_addition_subset,8,32,"(39,39)/(74,74)|(56,56)/(57,57)|(23,23)/(90,90)|(21,21)/(92,92)|(7,7)/(106,106)|(6,6)/(107,107)|(35,35)/(78,78)|(52,52)/(61,61)|(42,42)/(71,71)|(48,48)/(65,65)|(20,20)/(93,93)|(1,1)/(112,112)|(10,10)/(103,103)|(45,45)/(68,68)|(53,53)/(60,60)|(50,50)/(63,63)|(19,19)/(94,94)|(8,8)/(105,105)|(14,14)/(99,99)|(5,5)/(108,108)|(18,18)/(95,95)|(46,46)/(67,67)|(43,43)/(70,70)|(34,34)/(79,79)|(2,2)/(111,111)|(49,49)/(64,64)|(29,29)/(84,84)|(3,3)/(110,110)|(28,28)/(85,85)|(25,25)/(88,88)|(31,31)/(82,82)|(44,44)/(69,69)","(11,11)/(102,102)|(18,18)/(95,95)|(26,26)/(87,87)|(52,52)/(61,61)|(45,45)/(68,68)|(46,46)/(67,67)|(6,6)/(107,107)|(20,20)/(93,93)|(35,35)/(78,78)|(28,28)/(85,85)|(33,33)/(80,80)|(7,7)/(106,106)|(55,55)/(58,58)|(15,15)/(98,98)|(24,24)/(89,89)|(19,19)/(94,94)|(9,9)/(104,104)|(29,29)/(84,84)|(38,38)/(75,75)|(56,56)/(57,57)|(40,40)/(73,73)|(31,31)/(82,82)|(44,44)/(69,69)|(5,5)/(108,108)|(22,22)/(91,91)|(39,39)/(74,74)|(1,1)/(112,112)|(32,32)/(81,81)|(16,16)/(97,97)|(27,27)/(86,86)|(47,47)/(66,66)|(14,14)/(99,99)",454534552.0,349177945.0,1.0,addition_only,0.008849557489156723
subtraction_depth1_muon,1,muon,first_generalized,9000,checkpoints/subtraction_depth_1_muon_seed_0/step_009000.pt,0.965149998664856,0.75,equal_power_frequency_relocation,8,32,"(39,39)/(74,74)|(56,56)/(57,57)|(23,23)/(90,90)|(21,21)/(92,92)|(7,7)/(106,106)|(6,6)/(107,107)|(35,35)/(78,78)|(52,52)/(61,61)|(42,42)/(71,71)|(48,48)/(65,65)|(20,20)/(93,93)|(1,1)/(112,112)|(10,10)/(103,103)|(45,45)/(68,68)|(53,53)/(60,60)|(50,50)/(63,63)|(19,19)/(94,94)|(8,8)/(105,105)|(14,14)/(99,99)|(5,5)/(108,108)|(18,18)/(95,95)|(46,46)/(67,67)|(43,43)/(70,70)|(34,34)/(79,79)|(2,2)/(111,111)|(49,49)/(64,64)|(29,29)/(84,84)|(3,3)/(110,110)|(28,28)/(85,85)|(25,25)/(88,88)|(31,31)/(82,82)|(44,44)/(69,69)","(3,3)/(110,110)|(28,28)/(85,85)|(34,34)/(79,79)|(23,23)/(90,90)|(15,15)/(98,98)|(35,35)/(78,78)|(49,49)/(64,64)|(36,36)/(77,77)|(25,25)/(88,88)|(29,29)/(84,84)|(24,24)/(89,89)|(44,44)/(69,69)|(50,50)/(63,63)|(51,51)/(62,62)|(13,13)/(100,100)|(31,31)/(82,82)|(7,7)/(106,106)|(19,19)/(94,94)|(38,38)/(75,75)|(26,26)/(87,87)|(42,42)/(71,71)|(8,8)/(105,105)|(40,40)/(73,73)|(10,10)/(103,103)|(11,11)/(102,102)|(43,43)/(70,70)|(2,2)/(111,111)|(12,12)/(101,101)|(55,55)/(58,58)|(22,22)/(91,91)|(27,27)/(86,86)|(16,16)/(97,97)",454534552.0,454534552.0,1.0,addition_only,0.008849557489156723
subtraction_depth1_muon,1,muon,first_generalized,9000,checkpoints/subtraction_depth_1_muon_seed_0/step_009000.pt,0.965149998664856,0.75,random_native_addition_subset,9,32,"(39,39)/(74,74)|(56,56)/(57,57)|(23,23)/(90,90)|(21,21)/(92,92)|(7,7)/(106,106)|(6,6)/(107,107)|(35,35)/(78,78)|(52,52)/(61,61)|(42,42)/(71,71)|(48,48)/(65,65)|(20,20)/(93,93)|(1,1)/(112,112)|(10,10)/(103,103)|(45,45)/(68,68)|(53,53)/(60,60)|(50,50)/(63,63)|(19,19)/(94,94)|(8,8)/(105,105)|(14,14)/(99,99)|(5,5)/(108,108)|(18,18)/(95,95)|(46,46)/(67,67)|(43,43)/(70,70)|(34,34)/(79,79)|(2,2)/(111,111)|(49,49)/(64,64)|(29,29)/(84,84)|(3,3)/(110,110)|(28,28)/(85,85)|(25,25)/(88,88)|(31,31)/(82,82)|(44,44)/(69,69)","(16,16)/(97,97)|(48,48)/(65,65)|(23,23)/(90,90)|(12,12)/(101,101)|(32,32)/(81,81)|(47,47)/(66,66)|(14,14)/(99,99)|(18,18)/(95,95)|(56,56)/(57,57)|(50,50)/(63,63)|(26,26)/(87,87)|(25,25)/(88,88)|(43,43)/(70,70)|(54,54)/(59,59)|(53,53)/(60,60)|(11,11)/(102,102)|(6,6)/(107,107)|(39,39)/(74,74)|(31,31)/(82,82)|(41,41)/(72,72)|(7,7)/(106,106)|(24,24)/(89,89)|(22,22)/(91,91)|(30,30)/(83,83)|(19,19)/(94,94)|(8,8)/(105,105)|(17,17)/(96,96)|(5,5)/(108,108)|(36,36)/(77,77)|(45,45)/(68,68)|(34,34)/(79,79)|(13,13)/(100,100)",454534552.0,351220941.0,1.0,addition_only,0.008849557489156723
subtraction_depth1_muon,1,muon,first_generalized,9000,checkpoints/subtraction_depth_1_muon_seed_0/step_009000.pt,0.965149998664856,0.75,equal_power_frequency_relocation,9,32,"(39,39)/(74,74)|(56,56)/(57,57)|(23,23)/(90,90)|(21,21)/(92,92)|(7,7)/(106,106)|(6,6)/(107,107)|(35,35)/(78,78)|(52,52)/(61,61)|(42,42)/(71,71)|(48,48)/(65,65)|(20,20)/(93,93)|(1,1)/(112,112)|(10,10)/(103,103)|(45,45)/(68,68)|(53,53)/(60,60)|(50,50)/(63,63)|(19,19)/(94,94)|(8,8)/(105,105)|(14,14)/(99,99)|(5,5)/(108,108)|(18,18)/(95,95)|(46,46)/(67,67)|(43,43)/(70,70)|(34,34)/(79,79)|(2,2)/(111,111)|(49,49)/(64,64)|(29,29)/(84,84)|(3,3)/(110,110)|(28,28)/(85,85)|(25,25)/(88,88)|(31,31)/(82,82)|(44,44)/(69,69)","(37,37)/(76,76)|(31,31)/(82,82)|(35,35)/(78,78)|(20,20)/(93,93)|(8,8)/(105,105)|(46,46)/(67,67)|(36,36)/(77,77)|(22,22)/(91,91)|(3,3)/(110,110)|(55,55)/(58,58)|(48,48)/(65,65)|(27,27)/(86,86)|(24,24)/(89,89)|(49,49)/(64,64)|(12,12)/(101,101)|(29,29)/(84,84)|(15,15)/(98,98)|(28,28)/(85,85)|(50,50)/(63,63)|(45,45)/(68,68)|(44,44)/(69,69)|(42,42)/(71,71)|(34,34)/(79,79)|(26,26)/(87,87)|(17,17)/(96,96)|(54,54)/(59,59)|(56,56)/(57,57)|(30,30)/(83,83)|(33,33)/(80,80)|(19,19)/(94,94)|(43,43)/(70,70)|(21,21)/(92,92)",454534552.0,454534552.0,1.0,addition_only,0.008849557489156723
subtraction_depth1_muon,1,muon,first_generalized,9000,checkpoints/subtraction_depth_1_muon_seed_0/step_009000.pt,0.965149998664856,0.9,random_native_addition_subset,0,44,"(39,39)/(74,74)|(56,56)/(57,57)|(23,23)/(90,90)|(21,21)/(92,92)|(7,7)/(106,106)|(6,6)/(107,107)|(35,35)/(78,78)|(52,52)/(61,61)|(42,42)/(71,71)|(48,48)/(65,65)|(20,20)/(93,93)|(1,1)/(112,112)|(10,10)/(103,103)|(45,45)/(68,68)|(53,53)/(60,60)|(50,50)/(63,63)|(19,19)/(94,94)|(8,8)/(105,105)|(14,14)/(99,99)|(5,5)/(108,108)|(18,18)/(95,95)|(46,46)/(67,67)|(43,43)/(70,70)|(34,34)/(79,79)|(2,2)/(111,111)|(49,49)/(64,64)|(29,29)/(84,84)|(3,3)/(110,110)|(28,28)/(85,85)|(25,25)/(88,88)|(31,31)/(82,82)|(44,44)/(69,69)|(51,51)/(62,62)|(11,11)/(102,102)|(41,41)/(72,72)|(26,26)/(87,87)|(13,13)/(100,100)|(47,47)/(66,66)|(12,12)/(101,101)|(22,22)/(91,91)|(40,40)/(73,73)|(37,37)/(76,76)|(17,17)/(96,96)|(24,24)/(89,89)","(52,52)/(61,61)|(39,39)/(74,74)|(3,3)/(110,110)|(47,47)/(66,66)|(6,6)/(107,107)|(16,16)/(97,97)|(30,30)/(83,83)|(5,5)/(108,108)|(9,9)/(104,104)|(18,18)/(95,95)|(24,24)/(89,89)|(22,22)/(91,91)|(8,8)/(105,105)|(45,45)/(68,68)|(26,26)/(87,87)|(1,1)/(112,112)|(54,54)/(59,59)|(29,29)/(84,84)|(14,14)/(99,99)|(20,20)/(93,93)|(46,46)/(67,67)|(48,48)/(65,65)|(50,50)/(63,63)|(21,21)/(92,92)|(12,12)/(101,101)|(32,32)/(81,81)|(41,41)/(72,72)|(2,2)/(111,111)|(7,7)/(106,106)|(13,13)/(100,100)|(4,4)/(109,109)|(37,37)/(76,76)|(42,42)/(71,71)|(27,27)/(86,86)|(40,40)/(73,73)|(15,15)/(98,98)|(53,53)/(60,60)|(49,49)/(64,64)|(55,55)/(58,58)|(56,56)/(57,57)|(10,10)/(103,103)|(33,33)/(80,80)|(31,31)/(82,82)|(43,43)/(70,70)",545931000.0,483528926.5,1.0,addition_only,0.008849557489156723
subtraction_depth1_muon,1,muon,first_generalized,9000,checkpoints/subtraction_depth_1_muon_seed_0/step_009000.pt,0.965149998664856,0.9,equal_power_frequency_relocation,0,44,"(39,39)/(74,74)|(56,56)/(57,57)|(23,23)/(90,90)|(21,21)/(92,92)|(7,7)/(106,106)|(6,6)/(107,107)|(35,35)/(78,78)|(52,52)/(61,61)|(42,42)/(71,71)|(48,48)/(65,65)|(20,20)/(93,93)|(1,1)/(112,112)|(10,10)/(103,103)|(45,45)/(68,68)|(53,53)/(60,60)|(50,50)/(63,63)|(19,19)/(94,94)|(8,8)/(105,105)|(14,14)/(99,99)|(5,5)/(108,108)|(18,18)/(95,95)|(46,46)/(67,67)|(43,43)/(70,70)|(34,34)/(79,79)|(2,2)/(111,111)|(49,49)/(64,64)|(29,29)/(84,84)|(3,3)/(110,110)|(28,28)/(85,85)|(25,25)/(88,88)|(31,31)/(82,82)|(44,44)/(69,69)|(51,51)/(62,62)|(11,11)/(102,102)|(41,41)/(72,72)|(26,26)/(87,87)|(13,13)/(100,100)|(47,47)/(66,66)|(12,12)/(101,101)|(22,22)/(91,91)|(40,40)/(73,73)|(37,37)/(76,76)|(17,17)/(96,96)|(24,24)/(89,89)","(30,30)/(83,83)|(25,25)/(88,88)|(16,16)/(97,97)|(26,26)/(87,87)|(41,41)/(72,72)|(9,9)/(104,104)|(27,27)/(86,86)|(39,39)/(74,74)|(32,32)/(81,81)|(24,24)/(89,89)|(10,10)/(103,103)|(31,31)/(82,82)|(38,38)/(75,75)|(3,3)/(110,110)|(46,46)/(67,67)|(54,54)/(59,59)|(2,2)/(111,111)|(19,19)/(94,94)|(50,50)/(63,63)|(43,43)/(70,70)|(45,45)/(68,68)|(6,6)/(107,107)|(5,5)/(108,108)|(1,1)/(112,112)|(33,33)/(80,80)|(23,23)/(90,90)|(40,40)/(73,73)|(35,35)/(78,78)|(44,44)/(69,69)|(29,29)/(84,84)|(12,12)/(101,101)|(15,15)/(98,98)|(13,13)/(100,100)|(22,22)/(91,91)|(42,42)/(71,71)|(49,49)/(64,64)|(47,47)/(66,66)|(52,52)/(61,61)|(55,55)/(58,58)|(37,37)/(76,76)|(34,34)/(79,79)|(51,51)/(62,62)|(53,53)/(60,60)|(17,17)/(96,96)",545931000.0,545931000.0,1.0,addition_only,0.008849557489156723
subtraction_depth1_muon,1,muon,first_generalized,9000,checkpoints/subtraction_depth_1_muon_seed_0/step_009000.pt,0.965149998664856,0.9,random_native_addition_subset,1,44,"(39,39)/(74,74)|(56,56)/(57,57)|(23,23)/(90,90)|(21,21)/(92,92)|(7,7)/(106,106)|(6,6)/(107,107)|(35,35)/(78,78)|(52,52)/(61,61)|(42,42)/(71,71)|(48,48)/(65,65)|(20,20)/(93,93)|(1,1)/(112,112)|(10,10)/(103,103)|(45,45)/(68,68)|(53,53)/(60,60)|(50,50)/(63,63)|(19,19)/(94,94)|(8,8)/(105,105)|(14,14)/(99,99)|(5,5)/(108,108)|(18,18)/(95,95)|(46,46)/(67,67)|(43,43)/(70,70)|(34,34)/(79,79)|(2,2)/(111,111)|(49,49)/(64,64)|(29,29)/(84,84)|(3,3)/(110,110)|(28,28)/(85,85)|(25,25)/(88,88)|(31,31)/(82,82)|(44,44)/(69,69)|(51,51)/(62,62)|(11,11)/(102,102)|(41,41)/(72,72)|(26,26)/(87,87)|(13,13)/(100,100)|(47,47)/(66,66)|(12,12)/(101,101)|(22,22)/(91,91)|(40,40)/(73,73)|(37,37)/(76,76)|(17,17)/(96,96)|(24,24)/(89,89)","(40,40)/(73,73)|(51,51)/(62,62)|(28,28)/(85,85)|(15,15)/(98,98)|(33,33)/(80,80)|(27,27)/(86,86)|(26,26)/(87,87)|(3,3)/(110,110)|(17,17)/(96,96)|(52,52)/(61,61)|(39,39)/(74,74)|(21,21)/(92,92)|(43,43)/(70,70)|(9,9)/(104,104)|(12,12)/(101,101)|(56,56)/(57,57)|(31,31)/(82,82)|(45,45)/(68,68)|(22,22)/(91,91)|(42,42)/(71,71)|(2,2)/(111,111)|(32,32)/(81,81)|(1,1)/(112,112)|(13,13)/(100,100)|(47,47)/(66,66)|(48,48)/(65,65)|(11,11)/(102,102)|(7,7)/(106,106)|(24,24)/(89,89)|(38,38)/(75,75)|(49,49)/(64,64)|(37,37)/(76,76)|(23,23)/(90,90)|(20,20)/(93,93)|(41,41)/(72,72)|(19,19)/(94,94)|(36,36)/(77,77)|(53,53)/(60,60)|(35,35)/(78,78)|(16,16)/(97,97)|(10,10)/(103,103)|(54,54)/(59,59)|(29,29)/(84,84)|(4,4)/(109,109)",545931000.0,477420495.0,1.0,addition_only,0.008849557489156723
subtraction_depth1_muon,1,muon,first_generalized,9000,checkpoints/subtraction_depth_1_muon_seed_0/step_009000.pt,0.965149998664856,0.9,equal_power_frequency_relocation,1,44,"(39,39)/(74,74)|(56,56)/(57,57)|(23,23)/(90,90)|(21,21)/(92,92)|(7,7)/(106,106)|(6,6)/(107,107)|(35,35)/(78,78)|(52,52)/(61,61)|(42,42)/(71,71)|(48,48)/(65,65)|(20,20)/(93,93)|(1,1)/(112,112)|(10,10)/(103,103)|(45,45)/(68,68)|(53,53)/(60,60)|(50,50)/(63,63)|(19,19)/(94,94)|(8,8)/(105,105)|(14,14)/(99,99)|(5,5)/(108,108)|(18,18)/(95,95)|(46,46)/(67,67)|(43,43)/(70,70)|(34,34)/(79,79)|(2,2)/(111,111)|(49,49)/(64,64)|(29,29)/(84,84)|(3,3)/(110,110)|(28,28)/(85,85)|(25,25)/(88,88)|(31,31)/(82,82)|(44,44)/(69,69)|(51,51)/(62,62)|(11,11)/(102,102)|(41,41)/(72,72)|(26,26)/(87,87)|(13,13)/(100,100)|(47,47)/(66,66)|(12,12)/(101,101)|(22,22)/(91,91)|(40,40)/(73,73)|(37,37)/(76,76)|(17,17)/(96,96)|(24,24)/(89,89)","(12,12)/(101,101)|(37,37)/(76,76)|(3,3)/(110,110)|(53,53)/(60,60)|(36,36)/(77,77)|(4,4)/(109,109)|(44,44)/(69,69)|(9,9)/(104,104)|(8,8)/(105,105)|(20,20)/(93,93)|(30,30)/(83,83)|(24,24)/(89,89)|(18,18)/(95,95)|(13,13)/(100,100)|(45,45)/(68,68)|(46,46)/(67,67)|(41,41)/(72,72)|(23,23)/(90,90)|(29,29)/(84,84)|(39,39)/(74,74)|(26,26)/(87,87)|(34,34)/(79,79)|(50,50)/(63,63)|(43,43)/(70,70)|(49,49)/(64,64)|(48,48)/(65,65)|(47,47)/(66,66)|(21,21)/(92,92)|(22,22)/(91,91)|(55,55)/(58,58)|(7,7)/(106,106)|(33,33)/(80,80)|(17,17)/(96,96)|(51,51)/(62,62)|(19,19)/(94,94)|(6,6)/(107,107)|(1,1)/(112,112)|(54,54)/(59,59)|(14,14)/(99,99)|(28,28)/(85,85)|(31,31)/(82,82)|(25,25)/(88,88)|(10,10)/(103,103)|(27,27)/(86,86)",545931000.0,545931000.0,1.0,addition_only,0.008849557489156723
subtraction_depth1_muon,1,muon,first_generalized,9000,checkpoints/subtraction_depth_1_muon_seed_0/step_009000.pt,0.965149998664856,0.9,random_native_addition_subset,2,44,"(39,39)/(74,74)|(56,56)/(57,57)|(23,23)/(90,90)|(21,21)/(92,92)|(7,7)/(106,106)|(6,6)/(107,107)|(35,35)/(78,78)|(52,52)/(61,61)|(42,42)/(71,71)|(48,48)/(65,65)|(20,20)/(93,93)|(1,1)/(112,112)|(10,10)/(103,103)|(45,45)/(68,68)|(53,53)/(60,60)|(50,50)/(63,63)|(19,19)/(94,94)|(8,8)/(105,105)|(14,14)/(99,99)|(5,5)/(108,108)|(18,18)/(95,95)|(46,46)/(67,67)|(43,43)/(70,70)|(34,34)/(79,79)|(2,2)/(111,111)|(49,49)/(64,64)|(29,29)/(84,84)|(3,3)/(110,110)|(28,28)/(85,85)|(25,25)/(88,88)|(31,31)/(82,82)|(44,44)/(69,69)|(51,51)/(62,62)|(11,11)/(102,102)|(41,41)/(72,72)|(26,26)/(87,87)|(13,13)/(100,100)|(47,47)/(66,66)|(12,12)/(101,101)|(22,22)/(91,91)|(40,40)/(73,73)|(37,37)/(76,76)|(17,17)/(96,96)|(24,24)/(89,89)","(42,42)/(71,71)|(1,1)/(112,112)|(37,37)/(76,76)|(49,49)/(64,64)|(16,16)/(97,97)|(25,25)/(88,88)|(6,6)/(107,107)|(24,24)/(89,89)|(18,18)/(95,95)|(31,31)/(82,82)|(11,11)/(102,102)|(12,12)/(101,101)|(41,41)/(72,72)|(15,15)/(98,98)|(2,2)/(111,111)|(9,9)/(104,104)|(35,35)/(78,78)|(26,26)/(87,87)|(21,21)/(92,92)|(53,53)/(60,60)|(46,46)/(67,67)|(23,23)/(90,90)|(17,17)/(96,96)|(56,56)/(57,57)|(48,48)/(65,65)|(8,8)/(105,105)|(20,20)/(93,93)|(34,34)/(79,79)|(5,5)/(108,108)|(28,28)/(85,85)|(10,10)/(103,103)|(33,33)/(80,80)|(27,27)/(86,86)|(7,7)/(106,106)|(47,47)/(66,66)|(40,40)/(73,73)|(19,19)/(94,94)|(55,55)/(58,58)|(3,3)/(110,110)|(4,4)/(109,109)|(44,44)/(69,69)|(45,45)/(68,68)|(39,39)/(74,74)|(50,50)/(63,63)",545931000.0,507201866.0,1.0,addition_only,0.008849557489156723
subtraction_depth1_muon,1,muon,first_generalized,9000,checkpoints/subtraction_depth_1_muon_seed_0/step_009000.pt,0.965149998664856,0.9,equal_power_frequency_relocation,2,44,"(39,39)/(74,74)|(56,56)/(57,57)|(23,23)/(90,90)|(21,21)/(92,92)|(7,7)/(106,106)|(6,6)/(107,107)|(35,35)/(78,78)|(52,52)/(61,61)|(42,42)/(71,71)|(48,48)/(65,65)|(20,20)/(93,93)|(1,1)/(112,112)|(10,10)/(103,103)|(45,45)/(68,68)|(53,53)/(60,60)|(50,50)/(63,63)|(19,19)/(94,94)|(8,8)/(105,105)|(14,14)/(99,99)|(5,5)/(108,108)|(18,18)/(95,95)|(46,46)/(67,67)|(43,43)/(70,70)|(34,34)/(79,79)|(2,2)/(111,111)|(49,49)/(64,64)|(29,29)/(84,84)|(3,3)/(110,110)|(28,28)/(85,85)|(25,25)/(88,88)|(31,31)/(82,82)|(44,44)/(69,69)|(51,51)/(62,62)|(11,11)/(102,102)|(41,41)/(72,72)|(26,26)/(87,87)|(13,13)/(100,100)|(47,47)/(66,66)|(12,12)/(101,101)|(22,22)/(91,91)|(40,40)/(73,73)|(37,37)/(76,76)|(17,17)/(96,96)|(24,24)/(89,89)","(43,43)/(70,70)|(47,47)/(66,66)|(26,26)/(87,87)|(54,54)/(59,59)|(8,8)/(105,105)|(38,38)/(75,75)|(37,37)/(76,76)|(24,24)/(89,89)|(34,34)/(79,79)|(9,9)/(104,104)|(16,16)/(97,97)|(50,50)/(63,63)|(22,22)/(91,91)|(25,25)/(88,88)|(1,1)/(112,112)|(18,18)/(95,95)|(13,13)/(100,100)|(23,23)/(90,90)|(20,20)/(93,93)|(3,3)/(110,110)|(4,4)/(109,109)|(45,45)/(68,68)|(21,21)/(92,92)|(15,15)/(98,98)|(46,46)/(67,67)|(36,36)/(77,77)|(48,48)/(65,65)|(10,10)/(103,103)|(5,5)/(108,108)|(51,51)/(62,62)|(12,12)/(101,101)|(39,39)/(74,74)|(35,35)/(78,78)|(7,7)/(106,106)|(27,27)/(86,86)|(44,44)/(69,69)|(53,53)/(60,60)|(29,29)/(84,84)|(56,56)/(57,57)|(2,2)/(111,111)|(55,55)/(58,58)|(19,19)/(94,94)|(40,40)/(73,73)|(42,42)/(71,71)",545931000.0,545931000.0,1.0,addition_only,0.008849557489156723
subtraction_depth1_muon,1,muon,first_generalized,9000,checkpoints/subtraction_depth_1_muon_seed_0/step_009000.pt,0.965149998664856,0.9,random_native_addition_subset,3,44,"(39,39)/(74,74)|(56,56)/(57,57)|(23,23)/(90,90)|(21,21)/(92,92)|(7,7)/(106,106)|(6,6)/(107,107)|(35,35)/(78,78)|(52,52)/(61,61)|(42,42)/(71,71)|(48,48)/(65,65)|(20,20)/(93,93)|(1,1)/(112,112)|(10,10)/(103,103)|(45,45)/(68,68)|(53,53)/(60,60)|(50,50)/(63,63)|(19,19)/(94,94)|(8,8)/(105,105)|(14,14)/(99,99)|(5,5)/(108,108)|(18,18)/(95,95)|(46,46)/(67,67)|(43,43)/(70,70)|(34,34)/(79,79)|(2,2)/(111,111)|(49,49)/(64,64)|(29,29)/(84,84)|(3,3)/(110,110)|(28,28)/(85,85)|(25,25)/(88,88)|(31,31)/(82,82)|(44,44)/(69,69)|(51,51)/(62,62)|(11,11)/(102,102)|(41,41)/(72,72)|(26,26)/(87,87)|(13,13)/(100,100)|(47,47)/(66,66)|(12,12)/(101,101)|(22,22)/(91,91)|(40,40)/(73,73)|(37,37)/(76,76)|(17,17)/(96,96)|(24,24)/(89,89)","(38,38)/(75,75)|(14,14)/(99,99)|(3,3)/(110,110)|(29,29)/(84,84)|(7,7)/(106,106)|(47,47)/(66,66)|(17,17)/(96,96)|(12,12)/(101,101)|(26,26)/(87,87)|(19,19)/(94,94)|(13,13)/(100,100)|(8,8)/(105,105)|(46,46)/(67,67)|(55,55)/(58,58)|(30,30)/(83,83)|(27,27)/(86,86)|(43,43)/(70,70)|(52,52)/(61,61)|(1,1)/(112,112)|(41,41)/(72,72)|(18,18)/(95,95)|(22,22)/(91,91)|(25,25)/(88,88)|(45,45)/(68,68)|(16,16)/(97,97)|(4,4)/(109,109)|(37,37)/(76,76)|(35,35)/(78,78)|(36,36)/(77,77)|(21,21)/(92,92)|(48,48)/(65,65)|(53,53)/(60,60)|(39,39)/(74,74)|(24,24)/(89,89)|(10,10)/(103,103)|(56,56)/(57,57)|(34,34)/(79,79)|(33,33)/(80,80)|(49,49)/(64,64)|(6,6)/(107,107)|(2,2)/(111,111)|(20,20)/(93,93)|(44,44)/(69,69)|(50,50)/(63,63)",545931000.0,488944357.0,1.0,addition_only,0.008849557489156723
subtraction_depth1_muon,1,muon,first_generalized,9000,checkpoints/subtraction_depth_1_muon_seed_0/step_009000.pt,0.965149998664856,0.9,equal_power_frequency_relocation,3,44,"(39,39)/(74,74)|(56,56)/(57,57)|(23,23)/(90,90)|(21,21)/(92,92)|(7,7)/(106,106)|(6,6)/(107,107)|(35,35)/(78,78)|(52,52)/(61,61)|(42,42)/(71,71)|(48,48)/(65,65)|(20,20)/(93,93)|(1,1)/(112,112)|(10,10)/(103,103)|(45,45)/(68,68)|(53,53)/(60,60)|(50,50)/(63,63)|(19,19)/(94,94)|(8,8)/(105,105)|(14,14)/(99,99)|(5,5)/(108,108)|(18,18)/(95,95)|(46,46)/(67,67)|(43,43)/(70,70)|(34,34)/(79,79)|(2,2)/(111,111)|(49,49)/(64,64)|(29,29)/(84,84)|(3,3)/(110,110)|(28,28)/(85,85)|(25,25)/(88,88)|(31,31)/(82,82)|(44,44)/(69,69)|(51,51)/(62,62)|(11,11)/(102,102)|(41,41)/(72,72)|(26,26)/(87,87)|(13,13)/(100,100)|(47,47)/(66,66)|(12,12)/(101,101)|(22,22)/(91,91)|(40,40)/(73,73)|(37,37)/(76,76)|(17,17)/(96,96)|(24,24)/(89,89)","(45,45)/(68,68)|(5,5)/(108,108)|(18,18)/(95,95)|(3,3)/(110,110)|(38,38)/(75,75)|(53,53)/(60,60)|(23,23)/(90,90)|(37,37)/(76,76)|(15,15)/(98,98)|(25,25)/(88,88)|(14,14)/(99,99)|(20,20)/(93,93)|(26,26)/(87,87)|(19,19)/(94,94)|(44,44)/(69,69)|(51,51)/(62,62)|(29,29)/(84,84)|(17,17)/(96,96)|(41,41)/(72,72)|(6,6)/(107,107)|(28,28)/(85,85)|(31,31)/(82,82)|(46,46)/(67,67)|(32,32)/(81,81)|(54,54)/(59,59)|(8,8)/(105,105)|(22,22)/(91,91)|(35,35)/(78,78)|(55,55)/(58,58)|(42,42)/(71,71)|(43,43)/(70,70)|(9,9)/(104,104)|(1,1)/(112,112)|(10,10)/(103,103)|(48,48)/(65,65)|(39,39)/(74,74)|(2,2)/(111,111)|(16,16)/(97,97)|(4,4)/(109,109)|(30,30)/(83,83)|(36,36)/(77,77)|(13,13)/(100,100)|(11,11)/(102,102)|(49,49)/(64,64)",545931000.0,545931000.0,1.0,addition_only,0.008849557489156723
subtraction_depth1_muon,1,muon,first_generalized,9000,checkpoints/subtraction_depth_1_muon_seed_0/step_009000.pt,0.965149998664856,0.9,random_native_addition_subset,4,44,"(39,39)/(74,74)|(56,56)/(57,57)|(23,23)/(90,90)|(21,21)/(92,92)|(7,7)/(106,106)|(6,6)/(107,107)|(35,35)/(78,78)|(52,52)/(61,61)|(42,42)/(71,71)|(48,48)/(65,65)|(20,20)/(93,93)|(1,1)/(112,112)|(10,10)/(103,103)|(45,45)/(68,68)|(53,53)/(60,60)|(50,50)/(63,63)|(19,19)/(94,94)|(8,8)/(105,105)|(14,14)/(99,99)|(5,5)/(108,108)|(18,18)/(95,95)|(46,46)/(67,67)|(43,43)/(70,70)|(34,34)/(79,79)|(2,2)/(111,111)|(49,49)/(64,64)|(29,29)/(84,84)|(3,3)/(110,110)|(28,28)/(85,85)|(25,25)/(88,88)|(31,31)/(82,82)|(44,44)/(69,69)|(51,51)/(62,62)|(11,11)/(102,102)|(41,41)/(72,72)|(26,26)/(87,87)|(13,13)/(100,100)|(47,47)/(66,66)|(12,12)/(101,101)|(22,22)/(91,91)|(40,40)/(73,73)|(37,37)/(76,76)|(17,17)/(96,96)|(24,24)/(89,89)","(49,49)/(64,64)|(38,38)/(75,75)|(37,37)/(76,76)|(50,50)/(63,63)|(48,48)/(65,65)|(14,14)/(99,99)|(45,45)/(68,68)|(22,22)/(91,91)|(5,5)/(108,108)|(44,44)/(69,69)|(27,27)/(86,86)|(19,19)/(94,94)|(24,24)/(89,89)|(15,15)/(98,98)|(51,51)/(62,62)|(31,31)/(82,82)|(56,56)/(57,57)|(9,9)/(104,104)|(20,20)/(93,93)|(29,29)/(84,84)|(42,42)/(71,71)|(52,52)/(61,61)|(26,26)/(87,87)|(36,36)/(77,77)|(13,13)/(100,100)|(39,39)/(74,74)|(25,25)/(88,88)|(7,7)/(106,106)|(55,55)/(58,58)|(54,54)/(59,59)|(11,11)/(102,102)|(53,53)/(60,60)|(18,18)/(95,95)|(41,41)/(72,72)|(33,33)/(80,80)|(1,1)/(112,112)|(12,12)/(101,101)|(4,4)/(109,109)|(43,43)/(70,70)|(16,16)/(97,97)|(8,8)/(105,105)|(34,34)/(79,79)|(46,46)/(67,67)|(35,35)/(78,78)",545931000.0,464606184.0,1.0,addition_only,0.008849557489156723
subtraction_depth1_muon,1,muon,first_generalized,9000,checkpoints/subtraction_depth_1_muon_seed_0/step_009000.pt,0.965149998664856,0.9,equal_power_frequency_relocation,4,44,"(39,39)/(74,74)|(56,56)/(57,57)|(23,23)/(90,90)|(21,21)/(92,92)|(7,7)/(106,106)|(6,6)/(107,107)|(35,35)/(78,78)|(52,52)/(61,61)|(42,42)/(71,71)|(48,48)/(65,65)|(20,20)/(93,93)|(1,1)/(112,112)|(10,10)/(103,103)|(45,45)/(68,68)|(53,53)/(60,60)|(50,50)/(63,63)|(19,19)/(94,94)|(8,8)/(105,105)|(14,14)/(99,99)|(5,5)/(108,108)|(18,18)/(95,95)|(46,46)/(67,67)|(43,43)/(70,70)|(34,34)/(79,79)|(2,2)/(111,111)|(49,49)/(64,64)|(29,29)/(84,84)|(3,3)/(110,110)|(28,28)/(85,85)|(25,25)/(88,88)|(31,31)/(82,82)|(44,44)/(69,69)|(51,51)/(62,62)|(11,11)/(102,102)|(41,41)/(72,72)|(26,26)/(87,87)|(13,13)/(100,100)|(47,47)/(66,66)|(12,12)/(101,101)|(22,22)/(91,91)|(40,40)/(73,73)|(37,37)/(76,76)|(17,17)/(96,96)|(24,24)/(89,89)","(35,35)/(78,78)|(28,28)/(85,85)|(26,26)/(87,87)|(7,7)/(106,106)|(29,29)/(84,84)|(17,17)/(96,96)|(24,24)/(89,89)|(32,32)/(81,81)|(47,47)/(66,66)|(12,12)/(101,101)|(34,34)/(79,79)|(44,44)/(69,69)|(41,41)/(72,72)|(40,40)/(73,73)|(33,33)/(80,80)|(21,21)/(92,92)|(46,46)/(67,67)|(13,13)/(100,100)|(8,8)/(105,105)|(42,42)/(71,71)|(19,19)/(94,94)|(6,6)/(107,107)|(31,31)/(82,82)|(16,16)/(97,97)|(51,51)/(62,62)|(43,43)/(70,70)|(36,36)/(77,77)|(50,50)/(63,63)|(5,5)/(108,108)|(1,1)/(112,112)|(30,30)/(83,83)|(9,9)/(104,104)|(10,10)/(103,103)|(56,56)/(57,57)|(55,55)/(58,58)|(52,52)/(61,61)|(20,20)/(93,93)|(23,23)/(90,90)|(18,18)/(95,95)|(53,53)/(60,60)|(15,15)/(98,98)|(25,25)/(88,88)|(37,37)/(76,76)|(48,48)/(65,65)",545931000.0,545931000.0,1.0,addition_only,0.008849557489156723
subtraction_depth1_muon,1,muon,first_generalized,9000,checkpoints/subtraction_depth_1_muon_seed_0/step_009000.pt,0.965149998664856,0.9,random_native_addition_subset,5,44,"(39,39)/(74,74)|(56,56)/(57,57)|(23,23)/(90,90)|(21,21)/(92,92)|(7,7)/(106,106)|(6,6)/(107,107)|(35,35)/(78,78)|(52,52)/(61,61)|(42,42)/(71,71)|(48,48)/(65,65)|(20,20)/(93,93)|(1,1)/(112,112)|(10,10)/(103,103)|(45,45)/(68,68)|(53,53)/(60,60)|(50,50)/(63,63)|(19,19)/(94,94)|(8,8)/(105,105)|(14,14)/(99,99)|(5,5)/(108,108)|(18,18)/(95,95)|(46,46)/(67,67)|(43,43)/(70,70)|(34,34)/(79,79)|(2,2)/(111,111)|(49,49)/(64,64)|(29,29)/(84,84)|(3,3)/(110,110)|(28,28)/(85,85)|(25,25)/(88,88)|(31,31)/(82,82)|(44,44)/(69,69)|(51,51)/(62,62)|(11,11)/(102,102)|(41,41)/(72,72)|(26,26)/(87,87)|(13,13)/(100,100)|(47,47)/(66,66)|(12,12)/(101,101)|(22,22)/(91,91)|(40,40)/(73,73)|(37,37)/(76,76)|(17,17)/(96,96)|(24,24)/(89,89)","(54,54)/(59,59)|(47,47)/(66,66)|(24,24)/(89,89)|(31,31)/(82,82)|(8,8)/(105,105)|(13,13)/(100,100)|(23,23)/(90,90)|(14,14)/(99,99)|(25,25)/(88,88)|(52,52)/(61,61)|(29,29)/(84,84)|(4,4)/(109,109)|(17,17)/(96,96)|(46,46)/(67,67)|(3,3)/(110,110)|(53,53)/(60,60)|(7,7)/(106,106)|(16,16)/(97,97)|(49,49)/(64,64)|(28,28)/(85,85)|(37,37)/(76,76)|(56,56)/(57,57)|(20,20)/(93,93)|(43,43)/(70,70)|(19,19)/(94,94)|(12,12)/(101,101)|(5,5)/(108,108)|(40,40)/(73,73)|(36,36)/(77,77)|(48,48)/(65,65)|(55,55)/(58,58)|(41,41)/(72,72)|(45,45)/(68,68)|(18,18)/(95,95)|(9,9)/(104,104)|(39,39)/(74,74)|(34,34)/(79,79)|(6,6)/(107,107)|(42,42)/(71,71)|(10,10)/(103,103)|(38,38)/(75,75)|(44,44)/(69,69)|(1,1)/(112,112)|(33,33)/(80,80)",545931000.0,487094721.5,1.0,addition_only,0.008849557489156723
subtraction_depth1_muon,1,muon,first_generalized,9000,checkpoints/subtraction_depth_1_muon_seed_0/step_009000.pt,0.965149998664856,0.9,equal_power_frequency_relocation,5,44,"(39,39)/(74,74)|(56,56)/(57,57)|(23,23)/(90,90)|(21,21)/(92,92)|(7,7)/(106,106)|(6,6)/(107,107)|(35,35)/(78,78)|(52,52)/(61,61)|(42,42)/(71,71)|(48,48)/(65,65)|(20,20)/(93,93)|(1,1)/(112,112)|(10,10)/(103,103)|(45,45)/(68,68)|(53,53)/(60,60)|(50,50)/(63,63)|(19,19)/(94,94)|(8,8)/(105,105)|(14,14)/(99,99)|(5,5)/(108,108)|(18,18)/(95,95)|(46,46)/(67,67)|(43,43)/(70,70)|(34,34)/(79,79)|(2,2)/(111,111)|(49,49)/(64,64)|(29,29)/(84,84)|(3,3)/(110,110)|(28,28)/(85,85)|(25,25)/(88,88)|(31,31)/(82,82)|(44,44)/(69,69)|(51,51)/(62,62)|(11,11)/(102,102)|(41,41)/(72,72)|(26,26)/(87,87)|(13,13)/(100,100)|(47,47)/(66,66)|(12,12)/(101,101)|(22,22)/(91,91)|(40,40)/(73,73)|(37,37)/(76,76)|(17,17)/(96,96)|(24,24)/(89,89)","(53,53)/(60,60)|(19,19)/(94,94)|(17,17)/(96,96)|(12,12)/(101,101)|(8,8)/(105,105)|(49,49)/(64,64)|(2,2)/(111,111)|(45,45)/(68,68)|(18,18)/(95,95)|(40,40)/(73,73)|(44,44)/(69,69)|(9,9)/(104,104)|(52,52)/(61,61)|(36,36)/(77,77)|(29,29)/(84,84)|(41,41)/(72,72)|(24,24)/(89,89)|(56,56)/(57,57)|(38,38)/(75,75)|(21,21)/(92,92)|(50,50)/(63,63)|(3,3)/(110,110)|(15,15)/(98,98)|(35,35)/(78,78)|(14,14)/(99,99)|(48,48)/(65,65)|(1,1)/(112,112)|(22,22)/(91,91)|(5,5)/(108,108)|(11,11)/(102,102)|(39,39)/(74,74)|(46,46)/(67,67)|(23,23)/(90,90)|(42,42)/(71,71)|(26,26)/(87,87)|(7,7)/(106,106)|(20,20)/(93,93)|(6,6)/(107,107)|(55,55)/(58,58)|(27,27)/(86,86)|(16,16)/(97,97)|(10,10)/(103,103)|(33,33)/(80,80)|(34,34)/(79,79)",545931000.0,545931000.0,1.0,addition_only,0.008849557489156723
subtraction_depth1_muon,1,muon,first_generalized,9000,checkpoints/subtraction_depth_1_muon_seed_0/step_009000.pt,0.965149998664856,0.9,random_native_addition_subset,6,44,"(39,39)/(74,74)|(56,56)/(57,57)|(23,23)/(90,90)|(21,21)/(92,92)|(7,7)/(106,106)|(6,6)/(107,107)|(35,35)/(78,78)|(52,52)/(61,61)|(42,42)/(71,71)|(48,48)/(65,65)|(20,20)/(93,93)|(1,1)/(112,112)|(10,10)/(103,103)|(45,45)/(68,68)|(53,53)/(60,60)|(50,50)/(63,63)|(19,19)/(94,94)|(8,8)/(105,105)|(14,14)/(99,99)|(5,5)/(108,108)|(18,18)/(95,95)|(46,46)/(67,67)|(43,43)/(70,70)|(34,34)/(79,79)|(2,2)/(111,111)|(49,49)/(64,64)|(29,29)/(84,84)|(3,3)/(110,110)|(28,28)/(85,85)|(25,25)/(88,88)|(31,31)/(82,82)|(44,44)/(69,69)|(51,51)/(62,62)|(11,11)/(102,102)|(41,41)/(72,72)|(26,26)/(87,87)|(13,13)/(100,100)|(47,47)/(66,66)|(12,12)/(101,101)|(22,22)/(91,91)|(40,40)/(73,73)|(37,37)/(76,76)|(17,17)/(96,96)|(24,24)/(89,89)","(42,42)/(71,71)|(23,23)/(90,90)|(18,18)/(95,95)|(35,35)/(78,78)|(48,48)/(65,65)|(33,33)/(80,80)|(1,1)/(112,112)|(31,31)/(82,82)|(52,52)/(61,61)|(2,2)/(111,111)|(16,16)/(97,97)|(13,13)/(100,100)|(43,43)/(70,70)|(37,37)/(76,76)|(26,26)/(87,87)|(36,36)/(77,77)|(40,40)/(73,73)|(45,45)/(68,68)|(50,50)/(63,63)|(5,5)/(108,108)|(21,21)/(92,92)|(49,49)/(64,64)|(51,51)/(62,62)|(24,24)/(89,89)|(34,34)/(79,79)|(46,46)/(67,67)|(41,41)/(72,72)|(19,19)/(94,94)|(30,30)/(83,83)|(25,25)/(88,88)|(56,56)/(57,57)|(22,22)/(91,91)|(47,47)/(66,66)|(7,7)/(106,106)|(29,29)/(84,84)|(55,55)/(58,58)|(54,54)/(59,59)|(38,38)/(75,75)|(9,9)/(104,104)|(32,32)/(81,81)|(14,14)/(99,99)|(15,15)/(98,98)|(8,8)/(105,105)|(11,11)/(102,102)",545931000.0,462263888.0,1.0,addition_only,0.008849557489156723
subtraction_depth1_muon,1,muon,first_generalized,9000,checkpoints/subtraction_depth_1_muon_seed_0/step_009000.pt,0.965149998664856,0.9,equal_power_frequency_relocation,6,44,"(39,39)/(74,74)|(56,56)/(57,57)|(23,23)/(90,90)|(21,21)/(92,92)|(7,7)/(106,106)|(6,6)/(107,107)|(35,35)/(78,78)|(52,52)/(61,61)|(42,42)/(71,71)|(48,48)/(65,65)|(20,20)/(93,93)|(1,1)/(112,112)|(10,10)/(103,103)|(45,45)/(68,68)|(53,53)/(60,60)|(50,50)/(63,63)|(19,19)/(94,94)|(8,8)/(105,105)|(14,14)/(99,99)|(5,5)/(108,108)|(18,18)/(95,95)|(46,46)/(67,67)|(43,43)/(70,70)|(34,34)/(79,79)|(2,2)/(111,111)|(49,49)/(64,64)|(29,29)/(84,84)|(3,3)/(110,110)|(28,28)/(85,85)|(25,25)/(88,88)|(31,31)/(82,82)|(44,44)/(69,69)|(51,51)/(62,62)|(11,11)/(102,102)|(41,41)/(72,72)|(26,26)/(87,87)|(13,13)/(100,100)|(47,47)/(66,66)|(12,12)/(101,101)|(22,22)/(91,91)|(40,40)/(73,73)|(37,37)/(76,76)|(17,17)/(96,96)|(24,24)/(89,89)","(55,55)/(58,58)|(43,43)/(70,70)|(21,21)/(92,92)|(47,47)/(66,66)|(36,36)/(77,77)|(41,41)/(72,72)|(2,2)/(111,111)|(15,15)/(98,98)|(56,56)/(57,57)|(51,51)/(62,62)|(40,40)/(73,73)|(5,5)/(108,108)|(26,26)/(87,87)|(37,37)/(76,76)|(50,50)/(63,63)|(33,33)/(80,80)|(39,39)/(74,74)|(52,52)/(61,61)|(6,6)/(107,107)|(11,11)/(102,102)|(22,22)/(91,91)|(44,44)/(69,69)|(3,3)/(110,110)|(10,10)/(103,103)|(49,49)/(64,64)|(18,18)/(95,95)|(8,8)/(105,105)|(32,32)/(81,81)|(13,13)/(100,100)|(14,14)/(99,99)|(1,1)/(112,112)|(4,4)/(109,109)|(9,9)/(104,104)|(31,31)/(82,82)|(29,29)/(84,84)|(24,24)/(89,89)|(46,46)/(67,67)|(30,30)/(83,83)|(48,48)/(65,65)|(25,25)/(88,88)|(34,34)/(79,79)|(42,42)/(71,71)|(28,28)/(85,85)|(27,27)/(86,86)",545931000.0,545931000.0,1.0,addition_only,0.008849557489156723
subtraction_depth1_muon,1,muon,first_generalized,9000,checkpoints/subtraction_depth_1_muon_seed_0/step_009000.pt,0.965149998664856,0.9,random_native_addition_subset,7,44,"(39,39)/(74,74)|(56,56)/(57,57)|(23,23)/(90,90)|(21,21)/(92,92)|(7,7)/(106,106)|(6,6)/(107,107)|(35,35)/(78,78)|(52,52)/(61,61)|(42,42)/(71,71)|(48,48)/(65,65)|(20,20)/(93,93)|(1,1)/(112,112)|(10,10)/(103,103)|(45,45)/(68,68)|(53,53)/(60,60)|(50,50)/(63,63)|(19,19)/(94,94)|(8,8)/(105,105)|(14,14)/(99,99)|(5,5)/(108,108)|(18,18)/(95,95)|(46,46)/(67,67)|(43,43)/(70,70)|(34,34)/(79,79)|(2,2)/(111,111)|(49,49)/(64,64)|(29,29)/(84,84)|(3,3)/(110,110)|(28,28)/(85,85)|(25,25)/(88,88)|(31,31)/(82,82)|(44,44)/(69,69)|(51,51)/(62,62)|(11,11)/(102,102)|(41,41)/(72,72)|(26,26)/(87,87)|(13,13)/(100,100)|(47,47)/(66,66)|(12,12)/(101,101)|(22,22)/(91,91)|(40,40)/(73,73)|(37,37)/(76,76)|(17,17)/(96,96)|(24,24)/(89,89)","(43,43)/(70,70)|(46,46)/(67,67)|(51,51)/(62,62)|(17,17)/(96,96)|(16,16)/(97,97)|(52,52)/(61,61)|(45,45)/(68,68)|(22,22)/(91,91)|(6,6)/(107,107)|(23,23)/(90,90)|(53,53)/(60,60)|(28,28)/(85,85)|(11,11)/(102,102)|(47,47)/(66,66)|(24,24)/(89,89)|(2,2)/(111,111)|(30,30)/(83,83)|(31,31)/(82,82)|(39,39)/(74,74)|(21,21)/(92,92)|(33,33)/(80,80)|(40,40)/(73,73)|(55,55)/(58,58)|(13,13)/(100,100)|(38,38)/(75,75)|(29,29)/(84,84)|(50,50)/(63,63)|(12,12)/(101,101)|(34,34)/(79,79)|(4,4)/(109,109)|(54,54)/(59,59)|(37,37)/(76,76)|(56,56)/(57,57)|(35,35)/(78,78)|(5,5)/(108,108)|(27,27)/(86,86)|(7,7)/(106,106)|(3,3)/(110,110)|(15,15)/(98,98)|(32,32)/(81,81)|(1,1)/(112,112)|(49,49)/(64,64)|(41,41)/(72,72)|(10,10)/(103,103)",545931000.0,475203243.5,1.0,addition_only,0.008849557489156723
subtraction_depth1_muon,1,muon,first_generalized,9000,checkpoints/subtraction_depth_1_muon_seed_0/step_009000.pt,0.965149998664856,0.9,equal_power_frequency_relocation,7,44,"(39,39)/(74,74)|(56,56)/(57,57)|(23,23)/(90,90)|(21,21)/(92,92)|(7,7)/(106,106)|(6,6)/(107,107)|(35,35)/(78,78)|(52,52)/(61,61)|(42,42)/(71,71)|(48,48)/(65,65)|(20,20)/(93,93)|(1,1)/(112,112)|(10,10)/(103,103)|(45,45)/(68,68)|(53,53)/(60,60)|(50,50)/(63,63)|(19,19)/(94,94)|(8,8)/(105,105)|(14,14)/(99,99)|(5,5)/(108,108)|(18,18)/(95,95)|(46,46)/(67,67)|(43,43)/(70,70)|(34,34)/(79,79)|(2,2)/(111,111)|(49,49)/(64,64)|(29,29)/(84,84)|(3,3)/(110,110)|(28,28)/(85,85)|(25,25)/(88,88)|(31,31)/(82,82)|(44,44)/(69,69)|(51,51)/(62,62)|(11,11)/(102,102)|(41,41)/(72,72)|(26,26)/(87,87)|(13,13)/(100,100)|(47,47)/(66,66)|(12,12)/(101,101)|(22,22)/(91,91)|(40,40)/(73,73)|(37,37)/(76,76)|(17,17)/(96,96)|(24,24)/(89,89)","(54,54)/(59,59)|(8,8)/(105,105)|(34,34)/(79,79)|(47,47)/(66,66)|(15,15)/(98,98)|(37,37)/(76,76)|(53,53)/(60,60)|(1,1)/(112,112)|(6,6)/(107,107)|(41,41)/(72,72)|(46,46)/(67,67)|(17,17)/(96,96)|(55,55)/(58,58)|(23,23)/(90,90)|(12,12)/(101,101)|(16,16)/(97,97)|(5,5)/(108,108)|(32,32)/(81,81)|(24,24)/(89,89)|(28,28)/(85,85)|(36,36)/(77,77)|(40,40)/(73,73)|(45,45)/(68,68)|(38,38)/(75,75)|(13,13)/(100,100)|(39,39)/(74,74)|(51,51)/(62,62)|(18,18)/(95,95)|(42,42)/(71,71)|(30,30)/(83,83)|(56,56)/(57,57)|(10,10)/(103,103)|(43,43)/(70,70)|(25,25)/(88,88)|(20,20)/(93,93)|(48,48)/(65,65)|(9,9)/(104,104)|(2,2)/(111,111)|(52,52)/(61,61)|(50,50)/(63,63)|(44,44)/(69,69)|(7,7)/(106,106)|(3,3)/(110,110)|(49,49)/(64,64)",545931000.0,545931000.0,1.0,addition_only,0.008849557489156723
subtraction_depth1_muon,1,muon,first_generalized,9000,checkpoints/subtraction_depth_1_muon_seed_0/step_009000.pt,0.965149998664856,0.9,random_native_addition_subset,8,44,"(39,39)/(74,74)|(56,56)/(57,57)|(23,23)/(90,90)|(21,21)/(92,92)|(7,7)/(106,106)|(6,6)/(107,107)|(35,35)/(78,78)|(52,52)/(61,61)|(42,42)/(71,71)|(48,48)/(65,65)|(20,20)/(93,93)|(1,1)/(112,112)|(10,10)/(103,103)|(45,45)/(68,68)|(53,53)/(60,60)|(50,50)/(63,63)|(19,19)/(94,94)|(8,8)/(105,105)|(14,14)/(99,99)|(5,5)/(108,108)|(18,18)/(95,95)|(46,46)/(67,67)|(43,43)/(70,70)|(34,34)/(79,79)|(2,2)/(111,111)|(49,49)/(64,64)|(29,29)/(84,84)|(3,3)/(110,110)|(28,28)/(85,85)|(25,25)/(88,88)|(31,31)/(82,82)|(44,44)/(69,69)|(51,51)/(62,62)|(11,11)/(102,102)|(41,41)/(72,72)|(26,26)/(87,87)|(13,13)/(100,100)|(47,47)/(66,66)|(12,12)/(101,101)|(22,22)/(91,91)|(40,40)/(73,73)|(37,37)/(76,76)|(17,17)/(96,96)|(24,24)/(89,89)","(45,45)/(68,68)|(33,33)/(80,80)|(7,7)/(106,106)|(17,17)/(96,96)|(5,5)/(108,108)|(40,40)/(73,73)|(23,23)/(90,90)|(8,8)/(105,105)|(46,46)/(67,67)|(27,27)/(86,86)|(28,28)/(85,85)|(32,32)/(81,81)|(10,10)/(103,103)|(52,52)/(61,61)|(55,55)/(58,58)|(51,51)/(62,62)|(35,35)/(78,78)|(21,21)/(92,92)|(20,20)/(93,93)|(2,2)/(111,111)|(3,3)/(110,110)|(48,48)/(65,65)|(13,13)/(100,100)|(34,34)/(79,79)|(31,31)/(82,82)|(24,24)/(89,89)|(54,54)/(59,59)|(22,22)/(91,91)|(49,49)/(64,64)|(9,9)/(104,104)|(30,30)/(83,83)|(56,56)/(57,57)|(29,29)/(84,84)|(36,36)/(77,77)|(16,16)/(97,97)|(38,38)/(75,75)|(6,6)/(107,107)|(19,19)/(94,94)|(43,43)/(70,70)|(12,12)/(101,101)|(37,37)/(76,76)|(50,50)/(63,63)|(1,1)/(112,112)|(41,41)/(72,72)",545931000.0,472367549.0,1.0,addition_only,0.008849557489156723
subtraction_depth1_muon,1,muon,first_generalized,9000,checkpoints/subtraction_depth_1_muon_seed_0/step_009000.pt,0.965149998664856,0.9,equal_power_frequency_relocation,8,44,"(39,39)/(74,74)|(56,56)/(57,57)|(23,23)/(90,90)|(21,21)/(92,92)|(7,7)/(106,106)|(6,6)/(107,107)|(35,35)/(78,78)|(52,52)/(61,61)|(42,42)/(71,71)|(48,48)/(65,65)|(20,20)/(93,93)|(1,1)/(112,112)|(10,10)/(103,103)|(45,45)/(68,68)|(53,53)/(60,60)|(50,50)/(63,63)|(19,19)/(94,94)|(8,8)/(105,105)|(14,14)/(99,99)|(5,5)/(108,108)|(18,18)/(95,95)|(46,46)/(67,67)|(43,43)/(70,70)|(34,34)/(79,79)|(2,2)/(111,111)|(49,49)/(64,64)|(29,29)/(84,84)|(3,3)/(110,110)|(28,28)/(85,85)|(25,25)/(88,88)|(31,31)/(82,82)|(44,44)/(69,69)|(51,51)/(62,62)|(11,11)/(102,102)|(41,41)/(72,72)|(26,26)/(87,87)|(13,13)/(100,100)|(47,47)/(66,66)|(12,12)/(101,101)|(22,22)/(91,91)|(40,40)/(73,73)|(37,37)/(76,76)|(17,17)/(96,96)|(24,24)/(89,89)","(6,6)/(107,107)|(15,15)/(98,98)|(16,16)/(97,97)|(18,18)/(95,95)|(40,40)/(73,73)|(12,12)/(101,101)|(55,55)/(58,58)|(36,36)/(77,77)|(3,3)/(110,110)|(37,37)/(76,76)|(52,52)/(61,61)|(7,7)/(106,106)|(49,49)/(64,64)|(17,17)/(96,96)|(32,32)/(81,81)|(34,34)/(79,79)|(48,48)/(65,65)|(42,42)/(71,71)|(23,23)/(90,90)|(1,1)/(112,112)|(53,53)/(60,60)|(41,41)/(72,72)|(33,33)/(80,80)|(27,27)/(86,86)|(10,10)/(103,103)|(46,46)/(67,67)|(26,26)/(87,87)|(56,56)/(57,57)|(43,43)/(70,70)|(5,5)/(108,108)|(35,35)/(78,78)|(13,13)/(100,100)|(19,19)/(94,94)|(39,39)/(74,74)|(47,47)/(66,66)|(21,21)/(92,92)|(9,9)/(104,104)|(11,11)/(102,102)|(29,29)/(84,84)|(38,38)/(75,75)|(22,22)/(91,91)|(4,4)/(109,109)|(8,8)/(105,105)|(31,31)/(82,82)",545931000.0,545931000.0,1.0,addition_only,0.008849557489156723
subtraction_depth1_muon,1,muon,first_generalized,9000,checkpoints/subtraction_depth_1_muon_seed_0/step_009000.pt,0.965149998664856,0.9,random_native_addition_subset,9,44,"(39,39)/(74,74)|(56,56)/(57,57)|(23,23)/(90,90)|(21,21)/(92,92)|(7,7)/(106,106)|(6,6)/(107,107)|(35,35)/(78,78)|(52,52)/(61,61)|(42,42)/(71,71)|(48,48)/(65,65)|(20,20)/(93,93)|(1,1)/(112,112)|(10,10)/(103,103)|(45,45)/(68,68)|(53,53)/(60,60)|(50,50)/(63,63)|(19,19)/(94,94)|(8,8)/(105,105)|(14,14)/(99,99)|(5,5)/(108,108)|(18,18)/(95,95)|(46,46)/(67,67)|(43,43)/(70,70)|(34,34)/(79,79)|(2,2)/(111,111)|(49,49)/(64,64)|(29,29)/(84,84)|(3,3)/(110,110)|(28,28)/(85,85)|(25,25)/(88,88)|(31,31)/(82,82)|(44,44)/(69,69)|(51,51)/(62,62)|(11,11)/(102,102)|(41,41)/(72,72)|(26,26)/(87,87)|(13,13)/(100,100)|(47,47)/(66,66)|(12,12)/(101,101)|(22,22)/(91,91)|(40,40)/(73,73)|(37,37)/(76,76)|(17,17)/(96,96)|(24,24)/(89,89)","(16,16)/(97,97)|(48,48)/(65,65)|(24,24)/(89,89)|(34,34)/(79,79)|(45,45)/(68,68)|(3,3)/(110,110)|(33,33)/(80,80)|(37,37)/(76,76)|(49,49)/(64,64)|(9,9)/(104,104)|(30,30)/(83,83)|(10,10)/(103,103)|(46,46)/(67,67)|(38,38)/(75,75)|(27,27)/(86,86)|(5,5)/(108,108)|(26,26)/(87,87)|(7,7)/(106,106)|(14,14)/(99,99)|(52,52)/(61,61)|(6,6)/(107,107)|(55,55)/(58,58)|(29,29)/(84,84)|(31,31)/(82,82)|(32,32)/(81,81)|(19,19)/(94,94)|(50,50)/(63,63)|(15,15)/(98,98)|(12,12)/(101,101)|(20,20)/(93,93)|(22,22)/(91,91)|(28,28)/(85,85)|(13,13)/(100,100)|(8,8)/(105,105)|(44,44)/(69,69)|(51,51)/(62,62)|(40,40)/(73,73)|(53,53)/(60,60)|(4,4)/(109,109)|(21,21)/(92,92)|(39,39)/(74,74)|(23,23)/(90,90)|(17,17)/(96,96)|(54,54)/(59,59)",545931000.0,461421467.0,1.0,addition_only,0.008849557489156723
subtraction_depth1_muon,1,muon,first_generalized,9000,checkpoints/subtraction_depth_1_muon_seed_0/step_009000.pt,0.965149998664856,0.9,equal_power_frequency_relocation,9,44,"(39,39)/(74,74)|(56,56)/(57,57)|(23,23)/(90,90)|(21,21)/(92,92)|(7,7)/(106,106)|(6,6)/(107,107)|(35,35)/(78,78)|(52,52)/(61,61)|(42,42)/(71,71)|(48,48)/(65,65)|(20,20)/(93,93)|(1,1)/(112,112)|(10,10)/(103,103)|(45,45)/(68,68)|(53,53)/(60,60)|(50,50)/(63,63)|(19,19)/(94,94)|(8,8)/(105,105)|(14,14)/(99,99)|(5,5)/(108,108)|(18,18)/(95,95)|(46,46)/(67,67)|(43,43)/(70,70)|(34,34)/(79,79)|(2,2)/(111,111)|(49,49)/(64,64)|(29,29)/(84,84)|(3,3)/(110,110)|(28,28)/(85,85)|(25,25)/(88,88)|(31,31)/(82,82)|(44,44)/(69,69)|(51,51)/(62,62)|(11,11)/(102,102)|(41,41)/(72,72)|(26,26)/(87,87)|(13,13)/(100,100)|(47,47)/(66,66)|(12,12)/(101,101)|(22,22)/(91,91)|(40,40)/(73,73)|(37,37)/(76,76)|(17,17)/(96,96)|(24,24)/(89,89)","(43,43)/(70,70)|(37,37)/(76,76)|(16,16)/(97,97)|(18,18)/(95,95)|(29,29)/(84,84)|(14,14)/(99,99)|(54,54)/(59,59)|(4,4)/(109,109)|(49,49)/(64,64)|(2,2)/(111,111)|(35,35)/(78,78)|(23,23)/(90,90)|(47,47)/(66,66)|(3,3)/(110,110)|(33,33)/(80,80)|(10,10)/(103,103)|(24,24)/(89,89)|(38,38)/(75,75)|(25,25)/(88,88)|(1,1)/(112,112)|(6,6)/(107,107)|(31,31)/(82,82)|(36,36)/(77,77)|(30,30)/(83,83)|(12,12)/(101,101)|(48,48)/(65,65)|(22,22)/(91,91)|(5,5)/(108,108)|(17,17)/(96,96)|(41,41)/(72,72)|(34,34)/(79,79)|(50,50)/(63,63)|(8,8)/(105,105)|(56,56)/(57,57)|(39,39)/(74,74)|(11,11)/(102,102)|(44,44)/(69,69)|(7,7)/(106,106)|(19,19)/(94,94)|(45,45)/(68,68)|(13,13)/(100,100)|(52,52)/(61,61)|(55,55)/(58,58)|(51,51)/(62,62)",545931000.0,545931000.0,1.0,addition_only,0.008849557489156723
subtraction_depth1_muon,1,muon,first_generalized,9000,checkpoints/subtraction_depth_1_muon_seed_0/step_009000.pt,0.965149998664856,0.9,equal_power_other_family,-1,44,"(39,39)/(74,74)|(56,56)/(57,57)|(23,23)/(90,90)|(21,21)/(92,92)|(7,7)/(106,106)|(6,6)/(107,107)|(35,35)/(78,78)|(52,52)/(61,61)|(42,42)/(71,71)|(48,48)/(65,65)|(20,20)/(93,93)|(1,1)/(112,112)|(10,10)/(103,103)|(45,45)/(68,68)|(53,53)/(60,60)|(50,50)/(63,63)|(19,19)/(94,94)|(8,8)/(105,105)|(14,14)/(99,99)|(5,5)/(108,108)|(18,18)/(95,95)|(46,46)/(67,67)|(43,43)/(70,70)|(34,34)/(79,79)|(2,2)/(111,111)|(49,49)/(64,64)|(29,29)/(84,84)|(3,3)/(110,110)|(28,28)/(85,85)|(25,25)/(88,88)|(31,31)/(82,82)|(44,44)/(69,69)|(51,51)/(62,62)|(11,11)/(102,102)|(41,41)/(72,72)|(26,26)/(87,87)|(13,13)/(100,100)|(47,47)/(66,66)|(12,12)/(101,101)|(22,22)/(91,91)|(40,40)/(73,73)|(37,37)/(76,76)|(17,17)/(96,96)|(24,24)/(89,89)","(28,0)/(85,0)|(13,0)/(100,0)|(11,0)/(102,0)|(8,0)/(105,0)|(27,0)/(86,0)|(42,0)/(71,0)|(20,0)/(93,0)|(37,0)/(76,0)|(10,0)/(103,0)|(24,0)/(89,0)|(23,0)/(90,0)|(31,0)/(82,0)|(7,0)/(106,0)|(50,0)/(63,0)|(52,0)/(61,0)|(48,0)/(65,0)|(53,0)/(60,0)|(35,0)/(78,0)|(15,0)/(98,0)|(19,0)/(94,0)|(56,0)/(57,0)|(12,0)/(101,0)|(1,0)/(112,0)|(6,0)/(107,0)|(25,0)/(88,0)|(39,0)/(74,0)|(45,0)/(68,0)|(21,0)/(92,0)|(9,0)/(104,0)|(54,0)/(59,0)|(33,0)/(80,0)|(51,0)/(62,0)|(16,0)/(97,0)|(2,0)/(111,0)|(55,0)/(58,0)|(38,0)/(75,0)|(14,0)/(99,0)|(22,0)/(91,0)|(17,0)/(96,0)|(34,0)/(79,0)|(44,0)/(69,0)|(3,0)/(110,0)|(32,0)/(81,0)|(46,0)/(67,0)",545931000.0,792191573.0,0.830144641284254,a_only_only,0.008849557489156723
subtraction_depth1_muon,1,muon,first_generalized,9000,checkpoints/subtraction_depth_1_muon_seed_0/step_009000.pt,0.965149998664856,0.9,equal_power_other_family,-1,44,"(39,39)/(74,74)|(56,56)/(57,57)|(23,23)/(90,90)|(21,21)/(92,92)|(7,7)/(106,106)|(6,6)/(107,107)|(35,35)/(78,78)|(52,52)/(61,61)|(42,42)/(71,71)|(48,48)/(65,65)|(20,20)/(93,93)|(1,1)/(112,112)|(10,10)/(103,103)|(45,45)/(68,68)|(53,53)/(60,60)|(50,50)/(63,63)|(19,19)/(94,94)|(8,8)/(105,105)|(14,14)/(99,99)|(5,5)/(108,108)|(18,18)/(95,95)|(46,46)/(67,67)|(43,43)/(70,70)|(34,34)/(79,79)|(2,2)/(111,111)|(49,49)/(64,64)|(29,29)/(84,84)|(3,3)/(110,110)|(28,28)/(85,85)|(25,25)/(88,88)|(31,31)/(82,82)|(44,44)/(69,69)|(51,51)/(62,62)|(11,11)/(102,102)|(41,41)/(72,72)|(26,26)/(87,87)|(13,13)/(100,100)|(47,47)/(66,66)|(12,12)/(101,101)|(22,22)/(91,91)|(40,40)/(73,73)|(37,37)/(76,76)|(17,17)/(96,96)|(24,24)/(89,89)","(0,11)/(0,102)|(0,8)/(0,105)|(0,28)/(0,85)|(0,13)/(0,100)|(0,27)/(0,86)|(0,48)/(0,65)|(0,56)/(0,57)|(0,10)/(0,103)|(0,50)/(0,63)|(0,23)/(0,90)|(0,39)/(0,74)|(0,35)/(0,78)|(0,1)/(0,112)|(0,24)/(0,89)|(0,31)/(0,82)|(0,19)/(0,94)|(0,42)/(0,71)|(0,9)/(0,104)|(0,45)/(0,68)|(0,15)/(0,98)|(0,52)/(0,61)|(0,20)/(0,93)|(0,37)/(0,76)|(0,7)/(0,106)|(0,44)/(0,69)|(0,6)/(0,107)|(0,12)/(0,101)|(0,25)/(0,88)|(0,21)/(0,92)|(0,33)/(0,80)|(0,2)/(0,111)|(0,55)/(0,58)|(0,22)/(0,91)|(0,32)/(0,81)|(0,53)/(0,60)|(0,54)/(0,59)|(0,3)/(0,110)|(0,17)/(0,96)|(0,51)/(0,62)|(0,14)/(0,99)|(0,4)/(0,109)|(0,30)/(0,83)|(0,38)/(0,75)|(0,41)/(0,72)",545931000.0,769843036.0,0.8421079845387354,b_only_only,0.008849557489156723
subtraction_depth1_muon,1,muon,first_generalized,9000,checkpoints/subtraction_depth_1_muon_seed_0/step_009000.pt,0.965149998664856,0.9,equal_power_other_family,-1,44,"(39,39)/(74,74)|(56,56)/(57,57)|(23,23)/(90,90)|(21,21)/(92,92)|(7,7)/(106,106)|(6,6)/(107,107)|(35,35)/(78,78)|(52,52)/(61,61)|(42,42)/(71,71)|(48,48)/(65,65)|(20,20)/(93,93)|(1,1)/(112,112)|(10,10)/(103,103)|(45,45)/(68,68)|(53,53)/(60,60)|(50,50)/(63,63)|(19,19)/(94,94)|(8,8)/(105,105)|(14,14)/(99,99)|(5,5)/(108,108)|(18,18)/(95,95)|(46,46)/(67,67)|(43,43)/(70,70)|(34,34)/(79,79)|(2,2)/(111,111)|(49,49)/(64,64)|(29,29)/(84,84)|(3,3)/(110,110)|(28,28)/(85,85)|(25,25)/(88,88)|(31,31)/(82,82)|(44,44)/(69,69)|(51,51)/(62,62)|(11,11)/(102,102)|(41,41)/(72,72)|(26,26)/(87,87)|(13,13)/(100,100)|(47,47)/(66,66)|(12,12)/(101,101)|(22,22)/(91,91)|(40,40)/(73,73)|(37,37)/(76,76)|(17,17)/(96,96)|(24,24)/(89,89)","(28,85)/(85,28)|(8,105)/(105,8)|(13,100)/(100,13)|(11,102)/(102,11)|(31,82)/(82,31)|(24,89)/(89,24)|(56,57)/(57,56)|(39,74)/(74,39)|(42,71)/(71,42)|(7,106)/(106,7)|(23,90)/(90,23)|(35,78)/(78,35)|(21,92)/(92,21)|(1,112)/(112,1)|(52,61)/(61,52)|(6,107)/(107,6)|(10,103)/(103,10)|(27,86)/(86,27)|(20,93)/(93,20)|(45,68)/(68,45)|(48,65)/(65,48)|(50,63)/(63,50)|(19,94)/(94,19)|(9,104)/(104,9)|(53,60)/(60,53)|(22,91)/(91,22)|(15,98)/(98,15)|(37,76)/(76,37)|(25,88)/(88,25)|(12,101)/(101,12)|(34,79)/(79,34)|(5,108)/(108,5)|(14,99)/(99,14)|(18,95)/(95,18)|(46,67)/(67,46)|(3,110)/(110,3)|(43,70)/(70,43)|(49,64)/(64,49)|(44,69)/(69,44)|(29,84)/(84,29)|(2,111)/(111,2)|(26,87)/(87,26)|(51,62)/(62,51)|(4,109)/(109,4)",545931000.0,893654418.0,0.7815991430721052,subtraction_only,1.0
subtraction_depth1_muon,1,muon,first_generalized,9000,checkpoints/subtraction_depth_1_muon_seed_0/step_009000.pt,0.965149998664856,0.9,equal_power_other_family,-1,44,"(39,39)/(74,74)|(56,56)/(57,57)|(23,23)/(90,90)|(21,21)/(92,92)|(7,7)/(106,106)|(6,6)/(107,107)|(35,35)/(78,78)|(52,52)/(61,61)|(42,42)/(71,71)|(48,48)/(65,65)|(20,20)/(93,93)|(1,1)/(112,112)|(10,10)/(103,103)|(45,45)/(68,68)|(53,53)/(60,60)|(50,50)/(63,63)|(19,19)/(94,94)|(8,8)/(105,105)|(14,14)/(99,99)|(5,5)/(108,108)|(18,18)/(95,95)|(46,46)/(67,67)|(43,43)/(70,70)|(34,34)/(79,79)|(2,2)/(111,111)|(49,49)/(64,64)|(29,29)/(84,84)|(3,3)/(110,110)|(28,28)/(85,85)|(25,25)/(88,88)|(31,31)/(82,82)|(44,44)/(69,69)|(51,51)/(62,62)|(11,11)/(102,102)|(41,41)/(72,72)|(26,26)/(87,87)|(13,13)/(100,100)|(47,47)/(66,66)|(12,12)/(101,101)|(22,22)/(91,91)|(40,40)/(73,73)|(37,37)/(76,76)|(17,17)/(96,96)|(24,24)/(89,89)","(8,24)/(105,89)|(8,89)/(105,24)|(29,85)/(84,28)|(42,100)/(71,13)|(50,92)/(63,21)|(28,56)/(85,57)|(50,21)/(63,92)|(23,44)/(90,69)|(28,29)/(85,84)|(21,50)/(92,63)|(21,63)/(92,50)|(28,84)/(85,29)|(56,28)/(57,85)|(16,43)/(97,70)|(47,28)/(66,85)|(47,85)/(66,28)|(16,70)/(97,43)|(23,69)/(90,44)|(2,107)/(111,6)|(56,19)/(57,94)|(24,105)/(89,8)|(29,28)/(84,85)|(54,95)/(59,18)|(54,18)/(59,95)|(11,33)/(102,80)|(46,88)/(67,25)|(18,59)/(95,54)|(2,6)/(111,107)|(44,23)/(69,90)|(26,35)/(87,78)|(43,97)/(70,16)|(46,25)/(67,88)|(18,54)/(95,59)|(49,34)/(64,79)|(43,16)/(70,97)|(44,90)/(69,23)|(25,67)/(88,46)|(49,79)/(64,34)|(25,46)/(88,67)|(50,37)/(63,76)|(26,78)/(87,35)|(29,26)/(84,87)|(44,94)/(69,19)|(21,106)/(92,7)",545931000.0,19756963.75,5.256646547818008,generic_interaction_only,0.014566528610885143
subtraction_depth1_muon,1,muon,first_generalized,9000,checkpoints/subtraction_depth_1_muon_seed_0/step_009000.pt,0.965149998664856,1.0,complete_addition_frequency_derangement,0,56,"(39,39)/(74,74)|(56,56)/(57,57)|(23,23)/(90,90)|(21,21)/(92,92)|(7,7)/(106,106)|(6,6)/(107,107)|(35,35)/(78,78)|(52,52)/(61,61)|(42,42)/(71,71)|(48,48)/(65,65)|(20,20)/(93,93)|(1,1)/(112,112)|(10,10)/(103,103)|(45,45)/(68,68)|(53,53)/(60,60)|(50,50)/(63,63)|(19,19)/(94,94)|(8,8)/(105,105)|(14,14)/(99,99)|(5,5)/(108,108)|(18,18)/(95,95)|(46,46)/(67,67)|(43,43)/(70,70)|(34,34)/(79,79)|(2,2)/(111,111)|(49,49)/(64,64)|(29,29)/(84,84)|(3,3)/(110,110)|(28,28)/(85,85)|(25,25)/(88,88)|(31,31)/(82,82)|(44,44)/(69,69)|(51,51)/(62,62)|(11,11)/(102,102)|(41,41)/(72,72)|(26,26)/(87,87)|(13,13)/(100,100)|(47,47)/(66,66)|(12,12)/(101,101)|(22,22)/(91,91)|(40,40)/(73,73)|(37,37)/(76,76)|(17,17)/(96,96)|(24,24)/(89,89)|(4,4)/(109,109)|(32,32)/(81,81)|(55,55)/(58,58)|(54,54)/(59,59)|(38,38)/(75,75)|(30,30)/(83,83)|(27,27)/(86,86)|(33,33)/(80,80)|(16,16)/(97,97)|(15,15)/(98,98)|(9,9)/(104,104)|(36,36)/(77,77)","(38,38)/(75,75)|(21,21)/(92,92)|(43,43)/(70,70)|(23,23)/(90,90)|(52,52)/(61,61)|(54,54)/(59,59)|(30,30)/(83,83)|(55,55)/(58,58)|(3,3)/(110,110)|(17,17)/(96,96)|(13,13)/(100,100)|(51,51)/(62,62)|(4,4)/(109,109)|(32,32)/(81,81)|(45,45)/(68,68)|(20,20)/(93,93)|(10,10)/(103,103)|(7,7)/(106,106)|(35,35)/(78,78)|(47,47)/(66,66)|(34,34)/(79,79)|(49,49)/(64,64)|(25,25)/(88,88)|(39,39)/(74,74)|(5,5)/(108,108)|(56,56)/(57,57)|(26,26)/(87,87)|(1,1)/(112,112)|(19,19)/(94,94)|(37,37)/(76,76)|(12,12)/(101,101)|(16,16)/(97,97)|(15,15)/(98,98)|(48,48)/(65,65)|(33,33)/(80,80)|(9,9)/(104,104)|(27,27)/(86,86)|(36,36)/(77,77)|(50,50)/(63,63)|(18,18)/(95,95)|(28,28)/(85,85)|(42,42)/(71,71)|(8,8)/(105,105)|(14,14)/(99,99)|(31,31)/(82,82)|(41,41)/(72,72)|(40,40)/(73,73)|(29,29)/(84,84)|(44,44)/(69,69)|(53,53)/(60,60)|(22,22)/(91,91)|(11,11)/(102,102)|(24,24)/(89,89)|(6,6)/(107,107)|(46,46)/(67,67)|(2,2)/(111,111)",603288978.0,603288978.0,1.0,addition_only,0.008849557489156723
subtraction_depth1_muon,1,muon,first_generalized,9000,checkpoints/subtraction_depth_1_muon_seed_0/step_009000.pt,0.965149998664856,1.0,complete_addition_frequency_derangement,0,56,"(39,39)/(74,74)|(56,56)/(57,57)|(23,23)/(90,90)|(21,21)/(92,92)|(7,7)/(106,106)|(6,6)/(107,107)|(35,35)/(78,78)|(52,52)/(61,61)|(42,42)/(71,71)|(48,48)/(65,65)|(20,20)/(93,93)|(1,1)/(112,112)|(10,10)/(103,103)|(45,45)/(68,68)|(53,53)/(60,60)|(50,50)/(63,63)|(19,19)/(94,94)|(8,8)/(105,105)|(14,14)/(99,99)|(5,5)/(108,108)|(18,18)/(95,95)|(46,46)/(67,67)|(43,43)/(70,70)|(34,34)/(79,79)|(2,2)/(111,111)|(49,49)/(64,64)|(29,29)/(84,84)|(3,3)/(110,110)|(28,28)/(85,85)|(25,25)/(88,88)|(31,31)/(82,82)|(44,44)/(69,69)|(51,51)/(62,62)|(11,11)/(102,102)|(41,41)/(72,72)|(26,26)/(87,87)|(13,13)/(100,100)|(47,47)/(66,66)|(12,12)/(101,101)|(22,22)/(91,91)|(40,40)/(73,73)|(37,37)/(76,76)|(17,17)/(96,96)|(24,24)/(89,89)|(4,4)/(109,109)|(32,32)/(81,81)|(55,55)/(58,58)|(54,54)/(59,59)|(38,38)/(75,75)|(30,30)/(83,83)|(27,27)/(86,86)|(33,33)/(80,80)|(16,16)/(97,97)|(15,15)/(98,98)|(9,9)/(104,104)|(36,36)/(77,77)","(11,11)/(102,102)|(38,38)/(75,75)|(41,41)/(72,72)|(27,27)/(86,86)|(5,5)/(108,108)|(21,21)/(92,92)|(10,10)/(103,103)|(23,23)/(90,90)|(44,44)/(69,69)|(29,29)/(84,84)|(3,3)/(110,110)|(33,33)/(80,80)|(26,26)/(87,87)|(55,55)/(58,58)|(47,47)/(66,66)|(52,52)/(61,61)|(14,14)/(99,99)|(22,22)/(91,91)|(15,15)/(98,98)|(42,42)/(71,71)|(25,25)/(88,88)|(30,30)/(83,83)|(53,53)/(60,60)|(56,56)/(57,57)|(32,32)/(81,81)|(13,13)/(100,100)|(18,18)/(95,95)|(54,54)/(59,59)|(50,50)/(63,63)|(46,46)/(67,67)|(7,7)/(106,106)|(24,24)/(89,89)|(31,31)/(82,82)|(49,49)/(64,64)|(35,35)/(78,78)|(12,12)/(101,101)|(43,43)/(70,70)|(8,8)/(105,105)|(51,51)/(62,62)|(4,4)/(109,109)|(19,19)/(94,94)|(16,16)/(97,97)|(45,45)/(68,68)|(37,37)/(76,76)|(40,40)/(73,73)|(6,6)/(107,107)|(34,34)/(79,79)|(20,20)/(93,93)|(9,9)/(104,104)|(17,17)/(96,96)|(1,1)/(112,112)|(36,36)/(77,77)|(39,39)/(74,74)|(28,28)/(85,85)|(48,48)/(65,65)|(2,2)/(111,111)",603288978.0,603288978.0,1.0,full_hidden,0.9689090847969055
subtraction_depth1_muon,1,muon,first_generalized,9000,checkpoints/subtraction_depth_1_muon_seed_0/step_009000.pt,0.965149998664856,1.0,complete_addition_frequency_derangement,1,56,"(39,39)/(74,74)|(56,56)/(57,57)|(23,23)/(90,90)|(21,21)/(92,92)|(7,7)/(106,106)|(6,6)/(107,107)|(35,35)/(78,78)|(52,52)/(61,61)|(42,42)/(71,71)|(48,48)/(65,65)|(20,20)/(93,93)|(1,1)/(112,112)|(10,10)/(103,103)|(45,45)/(68,68)|(53,53)/(60,60)|(50,50)/(63,63)|(19,19)/(94,94)|(8,8)/(105,105)|(14,14)/(99,99)|(5,5)/(108,108)|(18,18)/(95,95)|(46,46)/(67,67)|(43,43)/(70,70)|(34,34)/(79,79)|(2,2)/(111,111)|(49,49)/(64,64)|(29,29)/(84,84)|(3,3)/(110,110)|(28,28)/(85,85)|(25,25)/(88,88)|(31,31)/(82,82)|(44,44)/(69,69)|(51,51)/(62,62)|(11,11)/(102,102)|(41,41)/(72,72)|(26,26)/(87,87)|(13,13)/(100,100)|(47,47)/(66,66)|(12,12)/(101,101)|(22,22)/(91,91)|(40,40)/(73,73)|(37,37)/(76,76)|(17,17)/(96,96)|(24,24)/(89,89)|(4,4)/(109,109)|(32,32)/(81,81)|(55,55)/(58,58)|(54,54)/(59,59)|(38,38)/(75,75)|(30,30)/(83,83)|(27,27)/(86,86)|(33,33)/(80,80)|(16,16)/(97,97)|(15,15)/(98,98)|(9,9)/(104,104)|(36,36)/(77,77)","(43,43)/(70,70)|(9,9)/(104,104)|(34,34)/(79,79)|(2,2)/(111,111)|(27,27)/(86,86)|(55,55)/(58,58)|(13,13)/(100,100)|(45,45)/(68,68)|(24,24)/(89,89)|(42,42)/(71,71)|(10,10)/(103,103)|(53,53)/(60,60)|(19,19)/(94,94)|(6,6)/(107,107)|(40,40)/(73,73)|(5,5)/(108,108)|(15,15)/(98,98)|(37,37)/(76,76)|(31,31)/(82,82)|(21,21)/(92,92)|(38,38)/(75,75)|(50,50)/(63,63)|(18,18)/(95,95)|(46,46)/(67,67)|(39,39)/(74,74)|(3,3)/(110,110)|(30,30)/(83,83)|(28,28)/(85,85)|(32,32)/(81,81)|(47,47)/(66,66)|(26,26)/(87,87)|(11,11)/(102,102)|(54,54)/(59,59)|(20,20)/(93,93)|(8,8)/(105,105)|(16,16)/(97,97)|(33,33)/(80,80)|(22,22)/(91,91)|(44,44)/(69,69)|(25,25)/(88,88)|(12,12)/(101,101)|(49,49)/(64,64)|(7,7)/(106,106)|(52,52)/(61,61)|(14,14)/(99,99)|(4,4)/(109,109)|(1,1)/(112,112)|(56,56)/(57,57)|(35,35)/(78,78)|(36,36)/(77,77)|(41,41)/(72,72)|(29,29)/(84,84)|(23,23)/(90,90)|(17,17)/(96,96)|(48,48)/(65,65)|(51,51)/(62,62)",603288978.0,603288978.0,1.0,addition_only,0.008849557489156723
subtraction_depth1_muon,1,muon,first_generalized,9000,checkpoints/subtraction_depth_1_muon_seed_0/step_009000.pt,0.965149998664856,1.0,complete_addition_frequency_derangement,1,56,"(39,39)/(74,74)|(56,56)/(57,57)|(23,23)/(90,90)|(21,21)/(92,92)|(7,7)/(106,106)|(6,6)/(107,107)|(35,35)/(78,78)|(52,52)/(61,61)|(42,42)/(71,71)|(48,48)/(65,65)|(20,20)/(93,93)|(1,1)/(112,112)|(10,10)/(103,103)|(45,45)/(68,68)|(53,53)/(60,60)|(50,50)/(63,63)|(19,19)/(94,94)|(8,8)/(105,105)|(14,14)/(99,99)|(5,5)/(108,108)|(18,18)/(95,95)|(46,46)/(67,67)|(43,43)/(70,70)|(34,34)/(79,79)|(2,2)/(111,111)|(49,49)/(64,64)|(29,29)/(84,84)|(3,3)/(110,110)|(28,28)/(85,85)|(25,25)/(88,88)|(31,31)/(82,82)|(44,44)/(69,69)|(51,51)/(62,62)|(11,11)/(102,102)|(41,41)/(72,72)|(26,26)/(87,87)|(13,13)/(100,100)|(47,47)/(66,66)|(12,12)/(101,101)|(22,22)/(91,91)|(40,40)/(73,73)|(37,37)/(76,76)|(17,17)/(96,96)|(24,24)/(89,89)|(4,4)/(109,109)|(32,32)/(81,81)|(55,55)/(58,58)|(54,54)/(59,59)|(38,38)/(75,75)|(30,30)/(83,83)|(27,27)/(86,86)|(33,33)/(80,80)|(16,16)/(97,97)|(15,15)/(98,98)|(9,9)/(104,104)|(36,36)/(77,77)","(36,36)/(77,77)|(20,20)/(93,93)|(16,16)/(97,97)|(19,19)/(94,94)|(18,18)/(95,95)|(42,42)/(71,71)|(5,5)/(108,108)|(55,55)/(58,58)|(10,10)/(103,103)|(2,2)/(111,111)|(17,17)/(96,96)|(37,37)/(76,76)|(39,39)/(74,74)|(46,46)/(67,67)|(15,15)/(98,98)|(13,13)/(100,100)|(21,21)/(92,92)|(7,7)/(106,106)|(32,32)/(81,81)|(53,53)/(60,60)|(54,54)/(59,59)|(25,25)/(88,88)|(50,50)/(63,63)|(8,8)/(105,105)|(35,35)/(78,78)|(31,31)/(82,82)|(22,22)/(91,91)|(27,27)/(86,86)|(38,38)/(75,75)|(14,14)/(99,99)|(56,56)/(57,57)|(33,33)/(80,80)|(1,1)/(112,112)|(43,43)/(70,70)|(11,11)/(102,102)|(40,40)/(73,73)|(52,52)/(61,61)|(34,34)/(79,79)|(6,6)/(107,107)|(26,26)/(87,87)|(44,44)/(69,69)|(3,3)/(110,110)|(51,51)/(62,62)|(48,48)/(65,65)|(12,12)/(101,101)|(30,30)/(83,83)|(24,24)/(89,89)|(47,47)/(66,66)|(23,23)/(90,90)|(28,28)/(85,85)|(4,4)/(109,109)|(41,41)/(72,72)|(9,9)/(104,104)|(29,29)/(84,84)|(45,45)/(68,68)|(49,49)/(64,64)",603288978.0,603288978.0,1.0,full_hidden,0.9687524437904358
subtraction_depth1_muon,1,muon,first_generalized,9000,checkpoints/subtraction_depth_1_muon_seed_0/step_009000.pt,0.965149998664856,1.0,complete_addition_frequency_derangement,2,56,"(39,39)/(74,74)|(56,56)/(57,57)|(23,23)/(90,90)|(21,21)/(92,92)|(7,7)/(106,106)|(6,6)/(107,107)|(35,35)/(78,78)|(52,52)/(61,61)|(42,42)/(71,71)|(48,48)/(65,65)|(20,20)/(93,93)|(1,1)/(112,112)|(10,10)/(103,103)|(45,45)/(68,68)|(53,53)/(60,60)|(50,50)/(63,63)|(19,19)/(94,94)|(8,8)/(105,105)|(14,14)/(99,99)|(5,5)/(108,108)|(18,18)/(95,95)|(46,46)/(67,67)|(43,43)/(70,70)|(34,34)/(79,79)|(2,2)/(111,111)|(49,49)/(64,64)|(29,29)/(84,84)|(3,3)/(110,110)|(28,28)/(85,85)|(25,25)/(88,88)|(31,31)/(82,82)|(44,44)/(69,69)|(51,51)/(62,62)|(11,11)/(102,102)|(41,41)/(72,72)|(26,26)/(87,87)|(13,13)/(100,100)|(47,47)/(66,66)|(12,12)/(101,101)|(22,22)/(91,91)|(40,40)/(73,73)|(37,37)/(76,76)|(17,17)/(96,96)|(24,24)/(89,89)|(4,4)/(109,109)|(32,32)/(81,81)|(55,55)/(58,58)|(54,54)/(59,59)|(38,38)/(75,75)|(30,30)/(83,83)|(27,27)/(86,86)|(33,33)/(80,80)|(16,16)/(97,97)|(15,15)/(98,98)|(9,9)/(104,104)|(36,36)/(77,77)","(22,22)/(91,91)|(4,4)/(109,109)|(42,42)/(71,71)|(5,5)/(108,108)|(24,24)/(89,89)|(45,45)/(68,68)|(37,37)/(76,76)|(28,28)/(85,85)|(53,53)/(60,60)|(9,9)/(104,104)|(46,46)/(67,67)|(2,2)/(111,111)|(55,55)/(58,58)|(40,40)/(73,73)|(19,19)/(94,94)|(38,38)/(75,75)|(27,27)/(86,86)|(20,20)/(93,93)|(23,23)/(90,90)|(51,51)/(62,62)|(49,49)/(64,64)|(10,10)/(103,103)|(26,26)/(87,87)|(44,44)/(69,69)|(47,47)/(66,66)|(11,11)/(102,102)|(14,14)/(99,99)|(8,8)/(105,105)|(50,50)/(63,63)|(7,7)/(106,106)|(13,13)/(100,100)|(54,54)/(59,59)|(15,15)/(98,98)|(36,36)/(77,77)|(33,33)/(80,80)|(17,17)/(96,96)|(1,1)/(112,112)|(56,56)/(57,57)|(31,31)/(82,82)|(25,25)/(88,88)|(18,18)/(95,95)|(21,21)/(92,92)|(30,30)/(83,83)|(41,41)/(72,72)|(52,52)/(61,61)|(16,16)/(97,97)|(6,6)/(107,107)|(35,35)/(78,78)|(32,32)/(81,81)|(48,48)/(65,65)|(29,29)/(84,84)|(3,3)/(110,110)|(12,12)/(101,101)|(39,39)/(74,74)|(43,43)/(70,70)|(34,34)/(79,79)",603288978.0,603288978.0,1.0,addition_only,0.008849557489156723
subtraction_depth1_muon,1,muon,first_generalized,9000,checkpoints/subtraction_depth_1_muon_seed_0/step_009000.pt,0.965149998664856,1.0,complete_addition_frequency_derangement,2,56,"(39,39)/(74,74)|(56,56)/(57,57)|(23,23)/(90,90)|(21,21)/(92,92)|(7,7)/(106,106)|(6,6)/(107,107)|(35,35)/(78,78)|(52,52)/(61,61)|(42,42)/(71,71)|(48,48)/(65,65)|(20,20)/(93,93)|(1,1)/(112,112)|(10,10)/(103,103)|(45,45)/(68,68)|(53,53)/(60,60)|(50,50)/(63,63)|(19,19)/(94,94)|(8,8)/(105,105)|(14,14)/(99,99)|(5,5)/(108,108)|(18,18)/(95,95)|(46,46)/(67,67)|(43,43)/(70,70)|(34,34)/(79,79)|(2,2)/(111,111)|(49,49)/(64,64)|(29,29)/(84,84)|(3,3)/(110,110)|(28,28)/(85,85)|(25,25)/(88,88)|(31,31)/(82,82)|(44,44)/(69,69)|(51,51)/(62,62)|(11,11)/(102,102)|(41,41)/(72,72)|(26,26)/(87,87)|(13,13)/(100,100)|(47,47)/(66,66)|(12,12)/(101,101)|(22,22)/(91,91)|(40,40)/(73,73)|(37,37)/(76,76)|(17,17)/(96,96)|(24,24)/(89,89)|(4,4)/(109,109)|(32,32)/(81,81)|(55,55)/(58,58)|(54,54)/(59,59)|(38,38)/(75,75)|(30,30)/(83,83)|(27,27)/(86,86)|(33,33)/(80,80)|(16,16)/(97,97)|(15,15)/(98,98)|(9,9)/(104,104)|(36,36)/(77,77)","(24,24)/(89,89)|(40,40)/(73,73)|(21,21)/(92,92)|(8,8)/(105,105)|(44,44)/(69,69)|(33,33)/(80,80)|(32,32)/(81,81)|(13,13)/(100,100)|(48,48)/(65,65)|(7,7)/(106,106)|(10,10)/(103,103)|(20,20)/(93,93)|(52,52)/(61,61)|(11,11)/(102,102)|(31,31)/(82,82)|(43,43)/(70,70)|(56,56)/(57,57)|(28,28)/(85,85)|(51,51)/(62,62)|(38,38)/(75,75)|(41,41)/(72,72)|(50,50)/(63,63)|(17,17)/(96,96)|(1,1)/(112,112)|(47,47)/(66,66)|(53,53)/(60,60)|(42,42)/(71,71)|(55,55)/(58,58)|(23,23)/(90,90)|(12,12)/(101,101)|(54,54)/(59,59)|(35,35)/(78,78)|(36,36)/(77,77)|(5,5)/(108,108)|(34,34)/(79,79)|(25,25)/(88,88)|(19,19)/(94,94)|(18,18)/(95,95)|(6,6)/(107,107)|(37,37)/(76,76)|(26,26)/(87,87)|(3,3)/(110,110)|(16,16)/(97,97)|(29,29)/(84,84)|(39,39)/(74,74)|(2,2)/(111,111)|(4,4)/(109,109)|(9,9)/(104,104)|(15,15)/(98,98)|(49,49)/(64,64)|(14,14)/(99,99)|(45,45)/(68,68)|(46,46)/(67,67)|(27,27)/(86,86)|(22,22)/(91,91)|(30,30)/(83,83)",603288978.0,603288978.0,1.0,full_hidden,0.9688307642936707
subtraction_depth1_muon,1,muon,first_generalized,9000,checkpoints/subtraction_depth_1_muon_seed_0/step_009000.pt,0.965149998664856,1.0,complete_addition_frequency_derangement,3,56,"(39,39)/(74,74)|(56,56)/(57,57)|(23,23)/(90,90)|(21,21)/(92,92)|(7,7)/(106,106)|(6,6)/(107,107)|(35,35)/(78,78)|(52,52)/(61,61)|(42,42)/(71,71)|(48,48)/(65,65)|(20,20)/(93,93)|(1,1)/(112,112)|(10,10)/(103,103)|(45,45)/(68,68)|(53,53)/(60,60)|(50,50)/(63,63)|(19,19)/(94,94)|(8,8)/(105,105)|(14,14)/(99,99)|(5,5)/(108,108)|(18,18)/(95,95)|(46,46)/(67,67)|(43,43)/(70,70)|(34,34)/(79,79)|(2,2)/(111,111)|(49,49)/(64,64)|(29,29)/(84,84)|(3,3)/(110,110)|(28,28)/(85,85)|(25,25)/(88,88)|(31,31)/(82,82)|(44,44)/(69,69)|(51,51)/(62,62)|(11,11)/(102,102)|(41,41)/(72,72)|(26,26)/(87,87)|(13,13)/(100,100)|(47,47)/(66,66)|(12,12)/(101,101)|(22,22)/(91,91)|(40,40)/(73,73)|(37,37)/(76,76)|(17,17)/(96,96)|(24,24)/(89,89)|(4,4)/(109,109)|(32,32)/(81,81)|(55,55)/(58,58)|(54,54)/(59,59)|(38,38)/(75,75)|(30,30)/(83,83)|(27,27)/(86,86)|(33,33)/(80,80)|(16,16)/(97,97)|(15,15)/(98,98)|(9,9)/(104,104)|(36,36)/(77,77)","(52,52)/(61,61)|(23,23)/(90,90)|(43,43)/(70,70)|(35,35)/(78,78)|(11,11)/(102,102)|(54,54)/(59,59)|(53,53)/(60,60)|(51,51)/(62,62)|(44,44)/(69,69)|(40,40)/(73,73)|(49,49)/(64,64)|(19,19)/(94,94)|(38,38)/(75,75)|(9,9)/(104,104)|(32,32)/(81,81)|(7,7)/(106,106)|(2,2)/(111,111)|(28,28)/(85,85)|(24,24)/(89,89)|(3,3)/(110,110)|(5,5)/(108,108)|(36,36)/(77,77)|(6,6)/(107,107)|(22,22)/(91,91)|(41,41)/(72,72)|(10,10)/(103,103)|(33,33)/(80,80)|(46,46)/(67,67)|(21,21)/(92,92)|(30,30)/(83,83)|(20,20)/(93,93)|(56,56)/(57,57)|(8,8)/(105,105)|(42,42)/(71,71)|(25,25)/(88,88)|(18,18)/(95,95)|(45,45)/(68,68)|(16,16)/(97,97)|(13,13)/(100,100)|(27,27)/(86,86)|(26,26)/(87,87)|(4,4)/(109,109)|(15,15)/(98,98)|(12,12)/(101,101)|(17,17)/(96,96)|(47,47)/(66,66)|(1,1)/(112,112)|(31,31)/(82,82)|(37,37)/(76,76)|(14,14)/(99,99)|(34,34)/(79,79)|(39,39)/(74,74)|(48,48)/(65,65)|(29,29)/(84,84)|(50,50)/(63,63)|(55,55)/(58,58)",603288978.0,603288978.0,1.0,addition_only,0.008849557489156723
subtraction_depth1_muon,1,muon,first_generalized,9000,checkpoints/subtraction_depth_1_muon_seed_0/step_009000.pt,0.965149998664856,1.0,complete_addition_frequency_derangement,3,56,"(39,39)/(74,74)|(56,56)/(57,57)|(23,23)/(90,90)|(21,21)/(92,92)|(7,7)/(106,106)|(6,6)/(107,107)|(35,35)/(78,78)|(52,52)/(61,61)|(42,42)/(71,71)|(48,48)/(65,65)|(20,20)/(93,93)|(1,1)/(112,112)|(10,10)/(103,103)|(45,45)/(68,68)|(53,53)/(60,60)|(50,50)/(63,63)|(19,19)/(94,94)|(8,8)/(105,105)|(14,14)/(99,99)|(5,5)/(108,108)|(18,18)/(95,95)|(46,46)/(67,67)|(43,43)/(70,70)|(34,34)/(79,79)|(2,2)/(111,111)|(49,49)/(64,64)|(29,29)/(84,84)|(3,3)/(110,110)|(28,28)/(85,85)|(25,25)/(88,88)|(31,31)/(82,82)|(44,44)/(69,69)|(51,51)/(62,62)|(11,11)/(102,102)|(41,41)/(72,72)|(26,26)/(87,87)|(13,13)/(100,100)|(47,47)/(66,66)|(12,12)/(101,101)|(22,22)/(91,91)|(40,40)/(73,73)|(37,37)/(76,76)|(17,17)/(96,96)|(24,24)/(89,89)|(4,4)/(109,109)|(32,32)/(81,81)|(55,55)/(58,58)|(54,54)/(59,59)|(38,38)/(75,75)|(30,30)/(83,83)|(27,27)/(86,86)|(33,33)/(80,80)|(16,16)/(97,97)|(15,15)/(98,98)|(9,9)/(104,104)|(36,36)/(77,77)","(32,32)/(81,81)|(35,35)/(78,78)|(28,28)/(85,85)|(9,9)/(104,104)|(20,20)/(93,93)|(7,7)/(106,106)|(38,38)/(75,75)|(34,34)/(79,79)|(15,15)/(98,98)|(24,24)/(89,89)|(51,51)/(62,62)|(26,26)/(87,87)|(48,48)/(65,65)|(56,56)/(57,57)|(49,49)/(64,64)|(47,47)/(66,66)|(50,50)/(63,63)|(42,42)/(71,71)|(23,23)/(90,90)|(31,31)/(82,82)|(21,21)/(92,92)|(30,30)/(83,83)|(5,5)/(108,108)|(19,19)/(94,94)|(53,53)/(60,60)|(55,55)/(58,58)|(25,25)/(88,88)|(52,52)/(61,61)|(6,6)/(107,107)|(2,2)/(111,111)|(36,36)/(77,77)|(40,40)/(73,73)|(8,8)/(105,105)|(17,17)/(96,96)|(33,33)/(80,80)|(12,12)/(101,101)|(16,16)/(97,97)|(54,54)/(59,59)|(46,46)/(67,67)|(14,14)/(99,99)|(4,4)/(109,109)|(11,11)/(102,102)|(37,37)/(76,76)|(1,1)/(112,112)|(10,10)/(103,103)|(18,18)/(95,95)|(45,45)/(68,68)|(43,43)/(70,70)|(22,22)/(91,91)|(3,3)/(110,110)|(44,44)/(69,69)|(29,29)/(84,84)|(39,39)/(74,74)|(27,27)/(86,86)|(13,13)/(100,100)|(41,41)/(72,72)",603288978.0,603288978.0,1.0,full_hidden,0.9678909778594971
subtraction_depth1_muon,1,muon,first_generalized,9000,checkpoints/subtraction_depth_1_muon_seed_0/step_009000.pt,0.965149998664856,1.0,complete_addition_frequency_derangement,4,56,"(39,39)/(74,74)|(56,56)/(57,57)|(23,23)/(90,90)|(21,21)/(92,92)|(7,7)/(106,106)|(6,6)/(107,107)|(35,35)/(78,78)|(52,52)/(61,61)|(42,42)/(71,71)|(48,48)/(65,65)|(20,20)/(93,93)|(1,1)/(112,112)|(10,10)/(103,103)|(45,45)/(68,68)|(53,53)/(60,60)|(50,50)/(63,63)|(19,19)/(94,94)|(8,8)/(105,105)|(14,14)/(99,99)|(5,5)/(108,108)|(18,18)/(95,95)|(46,46)/(67,67)|(43,43)/(70,70)|(34,34)/(79,79)|(2,2)/(111,111)|(49,49)/(64,64)|(29,29)/(84,84)|(3,3)/(110,110)|(28,28)/(85,85)|(25,25)/(88,88)|(31,31)/(82,82)|(44,44)/(69,69)|(51,51)/(62,62)|(11,11)/(102,102)|(41,41)/(72,72)|(26,26)/(87,87)|(13,13)/(100,100)|(47,47)/(66,66)|(12,12)/(101,101)|(22,22)/(91,91)|(40,40)/(73,73)|(37,37)/(76,76)|(17,17)/(96,96)|(24,24)/(89,89)|(4,4)/(109,109)|(32,32)/(81,81)|(55,55)/(58,58)|(54,54)/(59,59)|(38,38)/(75,75)|(30,30)/(83,83)|(27,27)/(86,86)|(33,33)/(80,80)|(16,16)/(97,97)|(15,15)/(98,98)|(9,9)/(104,104)|(36,36)/(77,77)","(45,45)/(68,68)|(36,36)/(77,77)|(9,9)/(104,104)|(28,28)/(85,85)|(4,4)/(109,109)|(37,37)/(76,76)|(24,24)/(89,89)|(13,13)/(100,100)|(54,54)/(59,59)|(30,30)/(83,83)|(25,25)/(88,88)|(48,48)/(65,65)|(22,22)/(91,91)|(2,2)/(111,111)|(40,40)/(73,73)|(14,14)/(99,99)|(29,29)/(84,84)|(47,47)/(66,66)|(51,51)/(62,62)|(39,39)/(74,74)|(32,32)/(81,81)|(1,1)/(112,112)|(17,17)/(96,96)|(38,38)/(75,75)|(7,7)/(106,106)|(26,26)/(87,87)|(12,12)/(101,101)|(31,31)/(82,82)|(18,18)/(95,95)|(19,19)/(94,94)|(5,5)/(108,108)|(50,50)/(63,63)|(10,10)/(103,103)|(52,52)/(61,61)|(46,46)/(67,67)|(15,15)/(98,98)|(41,41)/(72,72)|(53,53)/(60,60)|(43,43)/(70,70)|(6,6)/(107,107)|(49,49)/(64,64)|(44,44)/(69,69)|(56,56)/(57,57)|(34,34)/(79,79)|(42,42)/(71,71)|(33,33)/(80,80)|(35,35)/(78,78)|(3,3)/(110,110)|(21,21)/(92,92)|(23,23)/(90,90)|(16,16)/(97,97)|(8,8)/(105,105)|(20,20)/(93,93)|(55,55)/(58,58)|(11,11)/(102,102)|(27,27)/(86,86)",603288978.0,603288978.0,1.0,addition_only,0.008849557489156723
subtraction_depth1_muon,1,muon,first_generalized,9000,checkpoints/subtraction_depth_1_muon_seed_0/step_009000.pt,0.965149998664856,1.0,complete_addition_frequency_derangement,4,56,"(39,39)/(74,74)|(56,56)/(57,57)|(23,23)/(90,90)|(21,21)/(92,92)|(7,7)/(106,106)|(6,6)/(107,107)|(35,35)/(78,78)|(52,52)/(61,61)|(42,42)/(71,71)|(48,48)/(65,65)|(20,20)/(93,93)|(1,1)/(112,112)|(10,10)/(103,103)|(45,45)/(68,68)|(53,53)/(60,60)|(50,50)/(63,63)|(19,19)/(94,94)|(8,8)/(105,105)|(14,14)/(99,99)|(5,5)/(108,108)|(18,18)/(95,95)|(46,46)/(67,67)|(43,43)/(70,70)|(34,34)/(79,79)|(2,2)/(111,111)|(49,49)/(64,64)|(29,29)/(84,84)|(3,3)/(110,110)|(28,28)/(85,85)|(25,25)/(88,88)|(31,31)/(82,82)|(44,44)/(69,69)|(51,51)/(62,62)|(11,11)/(102,102)|(41,41)/(72,72)|(26,26)/(87,87)|(13,13)/(100,100)|(47,47)/(66,66)|(12,12)/(101,101)|(22,22)/(91,91)|(40,40)/(73,73)|(37,37)/(76,76)|(17,17)/(96,96)|(24,24)/(89,89)|(4,4)/(109,109)|(32,32)/(81,81)|(55,55)/(58,58)|(54,54)/(59,59)|(38,38)/(75,75)|(30,30)/(83,83)|(27,27)/(86,86)|(33,33)/(80,80)|(16,16)/(97,97)|(15,15)/(98,98)|(9,9)/(104,104)|(36,36)/(77,77)","(6,6)/(107,107)|(49,49)/(64,64)|(11,11)/(102,102)|(45,45)/(68,68)|(3,3)/(110,110)|(39,39)/(74,74)|(56,56)/(57,57)|(34,34)/(79,79)|(31,31)/(82,82)|(25,25)/(88,88)|(12,12)/(101,101)|(29,29)/(84,84)|(44,44)/(69,69)|(51,51)/(62,62)|(36,36)/(77,77)|(52,52)/(61,61)|(50,50)/(63,63)|(13,13)/(100,100)|(9,9)/(104,104)|(21,21)/(92,92)|(22,22)/(91,91)|(43,43)/(70,70)|(19,19)/(94,94)|(55,55)/(58,58)|(28,28)/(85,85)|(41,41)/(72,72)|(18,18)/(95,95)|(33,33)/(80,80)|(8,8)/(105,105)|(24,24)/(89,89)|(48,48)/(65,65)|(14,14)/(99,99)|(7,7)/(106,106)|(32,32)/(81,81)|(2,2)/(111,111)|(20,20)/(93,93)|(27,27)/(86,86)|(30,30)/(83,83)|(37,37)/(76,76)|(42,42)/(71,71)|(54,54)/(59,59)|(15,15)/(98,98)|(1,1)/(112,112)|(16,16)/(97,97)|(47,47)/(66,66)|(46,46)/(67,67)|(53,53)/(60,60)|(35,35)/(78,78)|(5,5)/(108,108)|(23,23)/(90,90)|(40,40)/(73,73)|(38,38)/(75,75)|(17,17)/(96,96)|(4,4)/(109,109)|(26,26)/(87,87)|(10,10)/(103,103)",603288978.0,603288978.0,1.0,full_hidden,0.9664813280105591
subtraction_depth1_muon,1,muon,first_generalized,9000,checkpoints/subtraction_depth_1_muon_seed_0/step_009000.pt,0.965149998664856,1.0,complete_addition_frequency_derangement,5,56,"(39,39)/(74,74)|(56,56)/(57,57)|(23,23)/(90,90)|(21,21)/(92,92)|(7,7)/(106,106)|(6,6)/(107,107)|(35,35)/(78,78)|(52,52)/(61,61)|(42,42)/(71,71)|(48,48)/(65,65)|(20,20)/(93,93)|(1,1)/(112,112)|(10,10)/(103,103)|(45,45)/(68,68)|(53,53)/(60,60)|(50,50)/(63,63)|(19,19)/(94,94)|(8,8)/(105,105)|(14,14)/(99,99)|(5,5)/(108,108)|(18,18)/(95,95)|(46,46)/(67,67)|(43,43)/(70,70)|(34,34)/(79,79)|(2,2)/(111,111)|(49,49)/(64,64)|(29,29)/(84,84)|(3,3)/(110,110)|(28,28)/(85,85)|(25,25)/(88,88)|(31,31)/(82,82)|(44,44)/(69,69)|(51,51)/(62,62)|(11,11)/(102,102)|(41,41)/(72,72)|(26,26)/(87,87)|(13,13)/(100,100)|(47,47)/(66,66)|(12,12)/(101,101)|(22,22)/(91,91)|(40,40)/(73,73)|(37,37)/(76,76)|(17,17)/(96,96)|(24,24)/(89,89)|(4,4)/(109,109)|(32,32)/(81,81)|(55,55)/(58,58)|(54,54)/(59,59)|(38,38)/(75,75)|(30,30)/(83,83)|(27,27)/(86,86)|(33,33)/(80,80)|(16,16)/(97,97)|(15,15)/(98,98)|(9,9)/(104,104)|(36,36)/(77,77)","(13,13)/(100,100)|(6,6)/(107,107)|(7,7)/(106,106)|(26,26)/(87,87)|(3,3)/(110,110)|(55,55)/(58,58)|(50,50)/(63,63)|(21,21)/(92,92)|(51,51)/(62,62)|(2,2)/(111,111)|(18,18)/(95,95)|(35,35)/(78,78)|(36,36)/(77,77)|(1,1)/(112,112)|(4,4)/(109,109)|(17,17)/(96,96)|(12,12)/(101,101)|(29,29)/(84,84)|(8,8)/(105,105)|(30,30)/(83,83)|(53,53)/(60,60)|(47,47)/(66,66)|(56,56)/(57,57)|(22,22)/(91,91)|(38,38)/(75,75)|(27,27)/(86,86)|(42,42)/(71,71)|(28,28)/(85,85)|(40,40)/(73,73)|(9,9)/(104,104)|(15,15)/(98,98)|(46,46)/(67,67)|(48,48)/(65,65)|(19,19)/(94,94)|(33,33)/(80,80)|(49,49)/(64,64)|(31,31)/(82,82)|(44,44)/(69,69)|(54,54)/(59,59)|(16,16)/(97,97)|(37,37)/(76,76)|(43,43)/(70,70)|(20,20)/(93,93)|(11,11)/(102,102)|(5,5)/(108,108)|(41,41)/(72,72)|(10,10)/(103,103)|(34,34)/(79,79)|(32,32)/(81,81)|(39,39)/(74,74)|(23,23)/(90,90)|(24,24)/(89,89)|(14,14)/(99,99)|(25,25)/(88,88)|(52,52)/(61,61)|(45,45)/(68,68)",603288978.0,603288978.0,1.0,addition_only,0.008849557489156723
subtraction_depth1_muon,1,muon,first_generalized,9000,checkpoints/subtraction_depth_1_muon_seed_0/step_009000.pt,0.965149998664856,1.0,complete_addition_frequency_derangement,5,56,"(39,39)/(74,74)|(56,56)/(57,57)|(23,23)/(90,90)|(21,21)/(92,92)|(7,7)/(106,106)|(6,6)/(107,107)|(35,35)/(78,78)|(52,52)/(61,61)|(42,42)/(71,71)|(48,48)/(65,65)|(20,20)/(93,93)|(1,1)/(112,112)|(10,10)/(103,103)|(45,45)/(68,68)|(53,53)/(60,60)|(50,50)/(63,63)|(19,19)/(94,94)|(8,8)/(105,105)|(14,14)/(99,99)|(5,5)/(108,108)|(18,18)/(95,95)|(46,46)/(67,67)|(43,43)/(70,70)|(34,34)/(79,79)|(2,2)/(111,111)|(49,49)/(64,64)|(29,29)/(84,84)|(3,3)/(110,110)|(28,28)/(85,85)|(25,25)/(88,88)|(31,31)/(82,82)|(44,44)/(69,69)|(51,51)/(62,62)|(11,11)/(102,102)|(41,41)/(72,72)|(26,26)/(87,87)|(13,13)/(100,100)|(47,47)/(66,66)|(12,12)/(101,101)|(22,22)/(91,91)|(40,40)/(73,73)|(37,37)/(76,76)|(17,17)/(96,96)|(24,24)/(89,89)|(4,4)/(109,109)|(32,32)/(81,81)|(55,55)/(58,58)|(54,54)/(59,59)|(38,38)/(75,75)|(30,30)/(83,83)|(27,27)/(86,86)|(33,33)/(80,80)|(16,16)/(97,97)|(15,15)/(98,98)|(9,9)/(104,104)|(36,36)/(77,77)","(5,5)/(108,108)|(13,13)/(100,100)|(54,54)/(59,59)|(29,29)/(84,84)|(55,55)/(58,58)|(52,52)/(61,61)|(15,15)/(98,98)|(45,45)/(68,68)|(53,53)/(60,60)|(37,37)/(76,76)|(1,1)/(112,112)|(30,30)/(83,83)|(50,50)/(63,63)|(33,33)/(80,80)|(35,35)/(78,78)|(42,42)/(71,71)|(40,40)/(73,73)|(18,18)/(95,95)|(2,2)/(111,111)|(32,32)/(81,81)|(10,10)/(103,103)|(28,28)/(85,85)|(14,14)/(99,99)|(11,11)/(102,102)|(8,8)/(105,105)|(48,48)/(65,65)|(31,31)/(82,82)|(17,17)/(96,96)|(3,3)/(110,110)|(43,43)/(70,70)|(49,49)/(64,64)|(38,38)/(75,75)|(34,34)/(79,79)|(25,25)/(88,88)|(22,22)/(91,91)|(4,4)/(109,109)|(51,51)/(62,62)|(36,36)/(77,77)|(24,24)/(89,89)|(39,39)/(74,74)|(41,41)/(72,72)|(26,26)/(87,87)|(19,19)/(94,94)|(21,21)/(92,92)|(9,9)/(104,104)|(16,16)/(97,97)|(23,23)/(90,90)|(56,56)/(57,57)|(47,47)/(66,66)|(27,27)/(86,86)|(20,20)/(93,93)|(46,46)/(67,67)|(44,44)/(69,69)|(12,12)/(101,101)|(6,6)/(107,107)|(7,7)/(106,106)",603288978.0,603288978.0,1.0,full_hidden,0.9664813280105591
subtraction_depth1_muon,1,muon,first_generalized,9000,checkpoints/subtraction_depth_1_muon_seed_0/step_009000.pt,0.965149998664856,1.0,complete_addition_frequency_derangement,6,56,"(39,39)/(74,74)|(56,56)/(57,57)|(23,23)/(90,90)|(21,21)/(92,92)|(7,7)/(106,106)|(6,6)/(107,107)|(35,35)/(78,78)|(52,52)/(61,61)|(42,42)/(71,71)|(48,48)/(65,65)|(20,20)/(93,93)|(1,1)/(112,112)|(10,10)/(103,103)|(45,45)/(68,68)|(53,53)/(60,60)|(50,50)/(63,63)|(19,19)/(94,94)|(8,8)/(105,105)|(14,14)/(99,99)|(5,5)/(108,108)|(18,18)/(95,95)|(46,46)/(67,67)|(43,43)/(70,70)|(34,34)/(79,79)|(2,2)/(111,111)|(49,49)/(64,64)|(29,29)/(84,84)|(3,3)/(110,110)|(28,28)/(85,85)|(25,25)/(88,88)|(31,31)/(82,82)|(44,44)/(69,69)|(51,51)/(62,62)|(11,11)/(102,102)|(41,41)/(72,72)|(26,26)/(87,87)|(13,13)/(100,100)|(47,47)/(66,66)|(12,12)/(101,101)|(22,22)/(91,91)|(40,40)/(73,73)|(37,37)/(76,76)|(17,17)/(96,96)|(24,24)/(89,89)|(4,4)/(109,109)|(32,32)/(81,81)|(55,55)/(58,58)|(54,54)/(59,59)|(38,38)/(75,75)|(30,30)/(83,83)|(27,27)/(86,86)|(33,33)/(80,80)|(16,16)/(97,97)|(15,15)/(98,98)|(9,9)/(104,104)|(36,36)/(77,77)","(44,44)/(69,69)|(12,12)/(101,101)|(48,48)/(65,65)|(16,16)/(97,97)|(51,51)/(62,62)|(37,37)/(76,76)|(36,36)/(77,77)|(33,33)/(80,80)|(40,40)/(73,73)|(21,21)/(92,92)|(4,4)/(109,109)|(17,17)/(96,96)|(6,6)/(107,107)|(19,19)/(94,94)|(35,35)/(78,78)|(39,39)/(74,74)|(22,22)/(91,91)|(3,3)/(110,110)|(11,11)/(102,102)|(31,31)/(82,82)|(25,25)/(88,88)|(30,30)/(83,83)|(50,50)/(63,63)|(38,38)/(75,75)|(20,20)/(93,93)|(41,41)/(72,72)|(56,56)/(57,57)|(8,8)/(105,105)|(43,43)/(70,70)|(47,47)/(66,66)|(9,9)/(104,104)|(29,29)/(84,84)|(23,23)/(90,90)|(42,42)/(71,71)|(13,13)/(100,100)|(55,55)/(58,58)|(34,34)/(79,79)|(28,28)/(85,85)|(24,24)/(89,89)|(15,15)/(98,98)|(27,27)/(86,86)|(46,46)/(67,67)|(26,26)/(87,87)|(2,2)/(111,111)|(52,52)/(61,61)|(54,54)/(59,59)|(10,10)/(103,103)|(45,45)/(68,68)|(53,53)/(60,60)|(1,1)/(112,112)|(32,32)/(81,81)|(7,7)/(106,106)|(49,49)/(64,64)|(18,18)/(95,95)|(14,14)/(99,99)|(5,5)/(108,108)",603288978.0,603288978.0,1.0,addition_only,0.008849557489156723
subtraction_depth1_muon,1,muon,first_generalized,9000,checkpoints/subtraction_depth_1_muon_seed_0/step_009000.pt,0.965149998664856,1.0,complete_addition_frequency_derangement,6,56,"(39,39)/(74,74)|(56,56)/(57,57)|(23,23)/(90,90)|(21,21)/(92,92)|(7,7)/(106,106)|(6,6)/(107,107)|(35,35)/(78,78)|(52,52)/(61,61)|(42,42)/(71,71)|(48,48)/(65,65)|(20,20)/(93,93)|(1,1)/(112,112)|(10,10)/(103,103)|(45,45)/(68,68)|(53,53)/(60,60)|(50,50)/(63,63)|(19,19)/(94,94)|(8,8)/(105,105)|(14,14)/(99,99)|(5,5)/(108,108)|(18,18)/(95,95)|(46,46)/(67,67)|(43,43)/(70,70)|(34,34)/(79,79)|(2,2)/(111,111)|(49,49)/(64,64)|(29,29)/(84,84)|(3,3)/(110,110)|(28,28)/(85,85)|(25,25)/(88,88)|(31,31)/(82,82)|(44,44)/(69,69)|(51,51)/(62,62)|(11,11)/(102,102)|(41,41)/(72,72)|(26,26)/(87,87)|(13,13)/(100,100)|(47,47)/(66,66)|(12,12)/(101,101)|(22,22)/(91,91)|(40,40)/(73,73)|(37,37)/(76,76)|(17,17)/(96,96)|(24,24)/(89,89)|(4,4)/(109,109)|(32,32)/(81,81)|(55,55)/(58,58)|(54,54)/(59,59)|(38,38)/(75,75)|(30,30)/(83,83)|(27,27)/(86,86)|(33,33)/(80,80)|(16,16)/(97,97)|(15,15)/(98,98)|(9,9)/(104,104)|(36,36)/(77,77)","(9,9)/(104,104)|(39,39)/(74,74)|(54,54)/(59,59)|(43,43)/(70,70)|(2,2)/(111,111)|(51,51)/(62,62)|(38,38)/(75,75)|(18,18)/(95,95)|(49,49)/(64,64)|(34,34)/(79,79)|(55,55)/(58,58)|(47,47)/(66,66)|(22,22)/(91,91)|(7,7)/(106,106)|(45,45)/(68,68)|(13,13)/(100,100)|(53,53)/(60,60)|(30,30)/(83,83)|(11,11)/(102,102)|(48,48)/(65,65)|(46,46)/(67,67)|(1,1)/(112,112)|(19,19)/(94,94)|(50,50)/(63,63)|(42,42)/(71,71)|(52,52)/(61,61)|(16,16)/(97,97)|(33,33)/(80,80)|(27,27)/(86,86)|(20,20)/(93,93)|(35,35)/(78,78)|(17,17)/(96,96)|(5,5)/(108,108)|(14,14)/(99,99)|(6,6)/(107,107)|(8,8)/(105,105)|(56,56)/(57,57)|(31,31)/(82,82)|(36,36)/(77,77)|(24,24)/(89,89)|(37,37)/(76,76)|(12,12)/(101,101)|(4,4)/(109,109)|(25,25)/(88,88)|(3,3)/(110,110)|(28,28)/(85,85)|(23,23)/(90,90)|(29,29)/(84,84)|(32,32)/(81,81)|(44,44)/(69,69)|(21,21)/(92,92)|(40,40)/(73,73)|(15,15)/(98,98)|(41,41)/(72,72)|(10,10)/(103,103)|(26,26)/(87,87)",603288978.0,603288978.0,1.0,full_hidden,0.9688307642936707
subtraction_depth1_muon,1,muon,first_generalized,9000,checkpoints/subtraction_depth_1_muon_seed_0/step_009000.pt,0.965149998664856,1.0,complete_addition_frequency_derangement,7,56,"(39,39)/(74,74)|(56,56)/(57,57)|(23,23)/(90,90)|(21,21)/(92,92)|(7,7)/(106,106)|(6,6)/(107,107)|(35,35)/(78,78)|(52,52)/(61,61)|(42,42)/(71,71)|(48,48)/(65,65)|(20,20)/(93,93)|(1,1)/(112,112)|(10,10)/(103,103)|(45,45)/(68,68)|(53,53)/(60,60)|(50,50)/(63,63)|(19,19)/(94,94)|(8,8)/(105,105)|(14,14)/(99,99)|(5,5)/(108,108)|(18,18)/(95,95)|(46,46)/(67,67)|(43,43)/(70,70)|(34,34)/(79,79)|(2,2)/(111,111)|(49,49)/(64,64)|(29,29)/(84,84)|(3,3)/(110,110)|(28,28)/(85,85)|(25,25)/(88,88)|(31,31)/(82,82)|(44,44)/(69,69)|(51,51)/(62,62)|(11,11)/(102,102)|(41,41)/(72,72)|(26,26)/(87,87)|(13,13)/(100,100)|(47,47)/(66,66)|(12,12)/(101,101)|(22,22)/(91,91)|(40,40)/(73,73)|(37,37)/(76,76)|(17,17)/(96,96)|(24,24)/(89,89)|(4,4)/(109,109)|(32,32)/(81,81)|(55,55)/(58,58)|(54,54)/(59,59)|(38,38)/(75,75)|(30,30)/(83,83)|(27,27)/(86,86)|(33,33)/(80,80)|(16,16)/(97,97)|(15,15)/(98,98)|(9,9)/(104,104)|(36,36)/(77,77)","(46,46)/(67,67)|(54,54)/(59,59)|(32,32)/(81,81)|(43,43)/(70,70)|(8,8)/(105,105)|(41,41)/(72,72)|(21,21)/(92,92)|(51,51)/(62,62)|(35,35)/(78,78)|(4,4)/(109,109)|(3,3)/(110,110)|(44,44)/(69,69)|(14,14)/(99,99)|(26,26)/(87,87)|(23,23)/(90,90)|(9,9)/(104,104)|(50,50)/(63,63)|(53,53)/(60,60)|(47,47)/(66,66)|(27,27)/(86,86)|(42,42)/(71,71)|(13,13)/(100,100)|(52,52)/(61,61)|(49,49)/(64,64)|(55,55)/(58,58)|(10,10)/(103,103)|(24,24)/(89,89)|(33,33)/(80,80)|(18,18)/(95,95)|(30,30)/(83,83)|(28,28)/(85,85)|(31,31)/(82,82)|(34,34)/(79,79)|(56,56)/(57,57)|(6,6)/(107,107)|(20,20)/(93,93)|(1,1)/(112,112)|(38,38)/(75,75)|(17,17)/(96,96)|(36,36)/(77,77)|(15,15)/(98,98)|(2,2)/(111,111)|(16,16)/(97,97)|(48,48)/(65,65)|(37,37)/(76,76)|(19,19)/(94,94)|(29,29)/(84,84)|(5,5)/(108,108)|(12,12)/(101,101)|(40,40)/(73,73)|(11,11)/(102,102)|(7,7)/(106,106)|(45,45)/(68,68)|(25,25)/(88,88)|(22,22)/(91,91)|(39,39)/(74,74)",603288978.0,603288978.0,1.0,addition_only,0.008849557489156723
subtraction_depth1_muon,1,muon,first_generalized,9000,checkpoints/subtraction_depth_1_muon_seed_0/step_009000.pt,0.965149998664856,1.0,complete_addition_frequency_derangement,7,56,"(39,39)/(74,74)|(56,56)/(57,57)|(23,23)/(90,90)|(21,21)/(92,92)|(7,7)/(106,106)|(6,6)/(107,107)|(35,35)/(78,78)|(52,52)/(61,61)|(42,42)/(71,71)|(48,48)/(65,65)|(20,20)/(93,93)|(1,1)/(112,112)|(10,10)/(103,103)|(45,45)/(68,68)|(53,53)/(60,60)|(50,50)/(63,63)|(19,19)/(94,94)|(8,8)/(105,105)|(14,14)/(99,99)|(5,5)/(108,108)|(18,18)/(95,95)|(46,46)/(67,67)|(43,43)/(70,70)|(34,34)/(79,79)|(2,2)/(111,111)|(49,49)/(64,64)|(29,29)/(84,84)|(3,3)/(110,110)|(28,28)/(85,85)|(25,25)/(88,88)|(31,31)/(82,82)|(44,44)/(69,69)|(51,51)/(62,62)|(11,11)/(102,102)|(41,41)/(72,72)|(26,26)/(87,87)|(13,13)/(100,100)|(47,47)/(66,66)|(12,12)/(101,101)|(22,22)/(91,91)|(40,40)/(73,73)|(37,37)/(76,76)|(17,17)/(96,96)|(24,24)/(89,89)|(4,4)/(109,109)|(32,32)/(81,81)|(55,55)/(58,58)|(54,54)/(59,59)|(38,38)/(75,75)|(30,30)/(83,83)|(27,27)/(86,86)|(33,33)/(80,80)|(16,16)/(97,97)|(15,15)/(98,98)|(9,9)/(104,104)|(36,36)/(77,77)","(34,34)/(79,79)|(13,13)/(100,100)|(11,11)/(102,102)|(44,44)/(69,69)|(20,20)/(93,93)|(51,51)/(62,62)|(31,31)/(82,82)|(35,35)/(78,78)|(5,5)/(108,108)|(53,53)/(60,60)|(47,47)/(66,66)|(15,15)/(98,98)|(14,14)/(99,99)|(30,30)/(83,83)|(38,38)/(75,75)|(45,45)/(68,68)|(22,22)/(91,91)|(41,41)/(72,72)|(3,3)/(110,110)|(8,8)/(105,105)|(39,39)/(74,74)|(55,55)/(58,58)|(42,42)/(71,71)|(29,29)/(84,84)|(25,25)/(88,88)|(10,10)/(103,103)|(4,4)/(109,109)|(1,1)/(112,112)|(6,6)/(107,107)|(27,27)/(86,86)|(21,21)/(92,92)|(48,48)/(65,65)|(28,28)/(85,85)|(33,33)/(80,80)|(9,9)/(104,104)|(46,46)/(67,67)|(40,40)/(73,73)|(36,36)/(77,77)|(2,2)/(111,111)|(50,50)/(63,63)|(19,19)/(94,94)|(26,26)/(87,87)|(52,52)/(61,61)|(23,23)/(90,90)|(18,18)/(95,95)|(43,43)/(70,70)|(17,17)/(96,96)|(32,32)/(81,81)|(37,37)/(76,76)|(12,12)/(101,101)|(24,24)/(89,89)|(49,49)/(64,64)|(56,56)/(57,57)|(7,7)/(106,106)|(16,16)/(97,97)|(54,54)/(59,59)",603288978.0,603288978.0,1.0,full_hidden,0.9667162895202637
subtraction_depth1_muon,1,muon,first_generalized,9000,checkpoints/subtraction_depth_1_muon_seed_0/step_009000.pt,0.965149998664856,1.0,complete_addition_frequency_derangement,8,56,"(39,39)/(74,74)|(56,56)/(57,57)|(23,23)/(90,90)|(21,21)/(92,92)|(7,7)/(106,106)|(6,6)/(107,107)|(35,35)/(78,78)|(52,52)/(61,61)|(42,42)/(71,71)|(48,48)/(65,65)|(20,20)/(93,93)|(1,1)/(112,112)|(10,10)/(103,103)|(45,45)/(68,68)|(53,53)/(60,60)|(50,50)/(63,63)|(19,19)/(94,94)|(8,8)/(105,105)|(14,14)/(99,99)|(5,5)/(108,108)|(18,18)/(95,95)|(46,46)/(67,67)|(43,43)/(70,70)|(34,34)/(79,79)|(2,2)/(111,111)|(49,49)/(64,64)|(29,29)/(84,84)|(3,3)/(110,110)|(28,28)/(85,85)|(25,25)/(88,88)|(31,31)/(82,82)|(44,44)/(69,69)|(51,51)/(62,62)|(11,11)/(102,102)|(41,41)/(72,72)|(26,26)/(87,87)|(13,13)/(100,100)|(47,47)/(66,66)|(12,12)/(101,101)|(22,22)/(91,91)|(40,40)/(73,73)|(37,37)/(76,76)|(17,17)/(96,96)|(24,24)/(89,89)|(4,4)/(109,109)|(32,32)/(81,81)|(55,55)/(58,58)|(54,54)/(59,59)|(38,38)/(75,75)|(30,30)/(83,83)|(27,27)/(86,86)|(33,33)/(80,80)|(16,16)/(97,97)|(15,15)/(98,98)|(9,9)/(104,104)|(36,36)/(77,77)","(11,11)/(102,102)|(27,27)/(86,86)|(45,45)/(68,68)|(51,51)/(62,62)|(34,34)/(79,79)|(18,18)/(95,95)|(23,23)/(90,90)|(3,3)/(110,110)|(40,40)/(73,73)|(26,26)/(87,87)|(33,33)/(80,80)|(6,6)/(107,107)|(54,54)/(59,59)|(35,35)/(78,78)|(1,1)/(112,112)|(28,28)/(85,85)|(10,10)/(103,103)|(14,14)/(99,99)|(25,25)/(88,88)|(22,22)/(91,91)|(17,17)/(96,96)|(12,12)/(101,101)|(4,4)/(109,109)|(30,30)/(83,83)|(49,49)/(64,64)|(55,55)/(58,58)|(15,15)/(98,98)|(24,24)/(89,89)|(46,46)/(67,67)|(8,8)/(105,105)|(43,43)/(70,70)|(48,48)/(65,65)|(29,29)/(84,84)|(44,44)/(69,69)|(37,37)/(76,76)|(20,20)/(93,93)|(53,53)/(60,60)|(38,38)/(75,75)|(2,2)/(111,111)|(21,21)/(92,92)|(41,41)/(72,72)|(5,5)/(108,108)|(32,32)/(81,81)|(7,7)/(106,106)|(39,39)/(74,74)|(56,56)/(57,57)|(36,36)/(77,77)|(47,47)/(66,66)|(9,9)/(104,104)|(16,16)/(97,97)|(31,31)/(82,82)|(50,50)/(63,63)|(52,52)/(61,61)|(42,42)/(71,71)|(13,13)/(100,100)|(19,19)/(94,94)",603288978.0,603288978.0,1.0,addition_only,0.008849557489156723
subtraction_depth1_muon,1,muon,first_generalized,9000,checkpoints/subtraction_depth_1_muon_seed_0/step_009000.pt,0.965149998664856,1.0,complete_addition_frequency_derangement,8,56,"(39,39)/(74,74)|(56,56)/(57,57)|(23,23)/(90,90)|(21,21)/(92,92)|(7,7)/(106,106)|(6,6)/(107,107)|(35,35)/(78,78)|(52,52)/(61,61)|(42,42)/(71,71)|(48,48)/(65,65)|(20,20)/(93,93)|(1,1)/(112,112)|(10,10)/(103,103)|(45,45)/(68,68)|(53,53)/(60,60)|(50,50)/(63,63)|(19,19)/(94,94)|(8,8)/(105,105)|(14,14)/(99,99)|(5,5)/(108,108)|(18,18)/(95,95)|(46,46)/(67,67)|(43,43)/(70,70)|(34,34)/(79,79)|(2,2)/(111,111)|(49,49)/(64,64)|(29,29)/(84,84)|(3,3)/(110,110)|(28,28)/(85,85)|(25,25)/(88,88)|(31,31)/(82,82)|(44,44)/(69,69)|(51,51)/(62,62)|(11,11)/(102,102)|(41,41)/(72,72)|(26,26)/(87,87)|(13,13)/(100,100)|(47,47)/(66,66)|(12,12)/(101,101)|(22,22)/(91,91)|(40,40)/(73,73)|(37,37)/(76,76)|(17,17)/(96,96)|(24,24)/(89,89)|(4,4)/(109,109)|(32,32)/(81,81)|(55,55)/(58,58)|(54,54)/(59,59)|(38,38)/(75,75)|(30,30)/(83,83)|(27,27)/(86,86)|(33,33)/(80,80)|(16,16)/(97,97)|(15,15)/(98,98)|(9,9)/(104,104)|(36,36)/(77,77)","(29,29)/(84,84)|(52,52)/(61,61)|(26,26)/(87,87)|(49,49)/(64,64)|(33,33)/(80,80)|(12,12)/(101,101)|(25,25)/(88,88)|(39,39)/(74,74)|(5,5)/(108,108)|(41,41)/(72,72)|(45,45)/(68,68)|(34,34)/(79,79)|(28,28)/(85,85)|(51,51)/(62,62)|(3,3)/(110,110)|(30,30)/(83,83)|(53,53)/(60,60)|(17,17)/(96,96)|(27,27)/(86,86)|(48,48)/(65,65)|(47,47)/(66,66)|(9,9)/(104,104)|(20,20)/(93,93)|(2,2)/(111,111)|(54,54)/(59,59)|(56,56)/(57,57)|(19,19)/(94,94)|(55,55)/(58,58)|(15,15)/(98,98)|(4,4)/(109,109)|(43,43)/(70,70)|(1,1)/(112,112)|(18,18)/(95,95)|(13,13)/(100,100)|(36,36)/(77,77)|(6,6)/(107,107)|(32,32)/(81,81)|(24,24)/(89,89)|(35,35)/(78,78)|(50,50)/(63,63)|(7,7)/(106,106)|(46,46)/(67,67)|(31,31)/(82,82)|(42,42)/(71,71)|(16,16)/(97,97)|(22,22)/(91,91)|(44,44)/(69,69)|(11,11)/(102,102)|(37,37)/(76,76)|(8,8)/(105,105)|(14,14)/(99,99)|(10,10)/(103,103)|(40,40)/(73,73)|(38,38)/(75,75)|(21,21)/(92,92)|(23,23)/(90,90)",603288978.0,603288978.0,1.0,full_hidden,0.9670295119285583
subtraction_depth1_muon,1,muon,first_generalized,9000,checkpoints/subtraction_depth_1_muon_seed_0/step_009000.pt,0.965149998664856,1.0,complete_addition_frequency_derangement,9,56,"(39,39)/(74,74)|(56,56)/(57,57)|(23,23)/(90,90)|(21,21)/(92,92)|(7,7)/(106,106)|(6,6)/(107,107)|(35,35)/(78,78)|(52,52)/(61,61)|(42,42)/(71,71)|(48,48)/(65,65)|(20,20)/(93,93)|(1,1)/(112,112)|(10,10)/(103,103)|(45,45)/(68,68)|(53,53)/(60,60)|(50,50)/(63,63)|(19,19)/(94,94)|(8,8)/(105,105)|(14,14)/(99,99)|(5,5)/(108,108)|(18,18)/(95,95)|(46,46)/(67,67)|(43,43)/(70,70)|(34,34)/(79,79)|(2,2)/(111,111)|(49,49)/(64,64)|(29,29)/(84,84)|(3,3)/(110,110)|(28,28)/(85,85)|(25,25)/(88,88)|(31,31)/(82,82)|(44,44)/(69,69)|(51,51)/(62,62)|(11,11)/(102,102)|(41,41)/(72,72)|(26,26)/(87,87)|(13,13)/(100,100)|(47,47)/(66,66)|(12,12)/(101,101)|(22,22)/(91,91)|(40,40)/(73,73)|(37,37)/(76,76)|(17,17)/(96,96)|(24,24)/(89,89)|(4,4)/(109,109)|(32,32)/(81,81)|(55,55)/(58,58)|(54,54)/(59,59)|(38,38)/(75,75)|(30,30)/(83,83)|(27,27)/(86,86)|(33,33)/(80,80)|(16,16)/(97,97)|(15,15)/(98,98)|(9,9)/(104,104)|(36,36)/(77,77)","(32,32)/(81,81)|(53,53)/(60,60)|(56,56)/(57,57)|(54,54)/(59,59)|(48,48)/(65,65)|(34,34)/(79,79)|(45,45)/(68,68)|(44,44)/(69,69)|(36,36)/(77,77)|(3,3)/(110,110)|(7,7)/(106,106)|(37,37)/(76,76)|(22,22)/(91,91)|(52,52)/(61,61)|(26,26)/(87,87)|(16,16)/(97,97)|(15,15)/(98,98)|(55,55)/(58,58)|(8,8)/(105,105)|(47,47)/(66,66)|(19,19)/(94,94)|(42,42)/(71,71)|(12,12)/(101,101)|(14,14)/(99,99)|(31,31)/(82,82)|(11,11)/(102,102)|(39,39)/(74,74)|(30,30)/(83,83)|(51,51)/(62,62)|(10,10)/(103,103)|(41,41)/(72,72)|(4,4)/(109,109)|(6,6)/(107,107)|(18,18)/(95,95)|(49,49)/(64,64)|(35,35)/(78,78)|(46,46)/(67,67)|(40,40)/(73,73)|(43,43)/(70,70)|(23,23)/(90,90)|(20,20)/(93,93)|(50,50)/(63,63)|(29,29)/(84,84)|(28,28)/(85,85)|(13,13)/(100,100)|(21,21)/(92,92)|(1,1)/(112,112)|(2,2)/(111,111)|(25,25)/(88,88)|(5,5)/(108,108)|(33,33)/(80,80)|(17,17)/(96,96)|(24,24)/(89,89)|(9,9)/(104,104)|(38,38)/(75,75)|(27,27)/(86,86)",603288978.0,603288978.0,1.0,addition_only,0.008849557489156723
subtraction_depth1_muon,1,muon,first_generalized,9000,checkpoints/subtraction_depth_1_muon_seed_0/step_009000.pt,0.965149998664856,1.0,complete_addition_frequency_derangement,9,56,"(39,39)/(74,74)|(56,56)/(57,57)|(23,23)/(90,90)|(21,21)/(92,92)|(7,7)/(106,106)|(6,6)/(107,107)|(35,35)/(78,78)|(52,52)/(61,61)|(42,42)/(71,71)|(48,48)/(65,65)|(20,20)/(93,93)|(1,1)/(112,112)|(10,10)/(103,103)|(45,45)/(68,68)|(53,53)/(60,60)|(50,50)/(63,63)|(19,19)/(94,94)|(8,8)/(105,105)|(14,14)/(99,99)|(5,5)/(108,108)|(18,18)/(95,95)|(46,46)/(67,67)|(43,43)/(70,70)|(34,34)/(79,79)|(2,2)/(111,111)|(49,49)/(64,64)|(29,29)/(84,84)|(3,3)/(110,110)|(28,28)/(85,85)|(25,25)/(88,88)|(31,31)/(82,82)|(44,44)/(69,69)|(51,51)/(62,62)|(11,11)/(102,102)|(41,41)/(72,72)|(26,26)/(87,87)|(13,13)/(100,100)|(47,47)/(66,66)|(12,12)/(101,101)|(22,22)/(91,91)|(40,40)/(73,73)|(37,37)/(76,76)|(17,17)/(96,96)|(24,24)/(89,89)|(4,4)/(109,109)|(32,32)/(81,81)|(55,55)/(58,58)|(54,54)/(59,59)|(38,38)/(75,75)|(30,30)/(83,83)|(27,27)/(86,86)|(33,33)/(80,80)|(16,16)/(97,97)|(15,15)/(98,98)|(9,9)/(104,104)|(36,36)/(77,77)","(40,40)/(73,73)|(31,31)/(82,82)|(39,39)/(74,74)|(35,35)/(78,78)|(46,46)/(67,67)|(48,48)/(65,65)|(2,2)/(111,111)|(43,43)/(70,70)|(26,26)/(87,87)|(3,3)/(110,110)|(16,16)/(97,97)|(51,51)/(62,62)|(29,29)/(84,84)|(11,11)/(102,102)|(37,37)/(76,76)|(47,47)/(66,66)|(18,18)/(95,95)|(25,25)/(88,88)|(15,15)/(98,98)|(27,27)/(86,86)|(17,17)/(96,96)|(44,44)/(69,69)|(30,30)/(83,83)|(12,12)/(101,101)|(36,36)/(77,77)|(5,5)/(108,108)|(32,32)/(81,81)|(53,53)/(60,60)|(13,13)/(100,100)|(9,9)/(104,104)|(38,38)/(75,75)|(54,54)/(59,59)|(56,56)/(57,57)|(14,14)/(99,99)|(6,6)/(107,107)|(20,20)/(93,93)|(22,22)/(91,91)|(8,8)/(105,105)|(41,41)/(72,72)|(1,1)/(112,112)|(7,7)/(106,106)|(4,4)/(109,109)|(19,19)/(94,94)|(42,42)/(71,71)|(28,28)/(85,85)|(23,23)/(90,90)|(24,24)/(89,89)|(52,52)/(61,61)|(10,10)/(103,103)|(49,49)/(64,64)|(33,33)/(80,80)|(50,50)/(63,63)|(21,21)/(92,92)|(45,45)/(68,68)|(55,55)/(58,58)|(34,34)/(79,79)",603288978.0,603288978.0,1.0,full_hidden,0.9670295119285583
subtraction_depth1_muon,1,muon,minimum_after_first_generalized,17000,checkpoints/subtraction_depth_1_muon_seed_0/step_017000.pt,0.8509671688079834,0.5,random_native_addition_subset,0,9,"(28,28)/(85,85)|(11,11)/(102,102)|(56,56)/(57,57)|(48,48)/(65,65)|(25,25)/(88,88)|(19,19)/(94,94)|(31,31)/(82,82)|(1,1)/(112,112)|(53,53)/(60,60)","(37,37)/(76,76)|(43,43)/(70,70)|(23,23)/(90,90)|(29,29)/(84,84)|(44,44)/(69,69)|(39,39)/(74,74)|(36,36)/(77,77)|(48,48)/(65,65)|(15,15)/(98,98)",614410284.0,154526613.8125,1.0,addition_only,0.008849557489156723
subtraction_depth1_muon,1,muon,minimum_after_first_generalized,17000,checkpoints/subtraction_depth_1_muon_seed_0/step_017000.pt,0.8509671688079834,0.5,equal_power_frequency_relocation,0,9,"(28,28)/(85,85)|(11,11)/(102,102)|(56,56)/(57,57)|(48,48)/(65,65)|(25,25)/(88,88)|(19,19)/(94,94)|(31,31)/(82,82)|(1,1)/(112,112)|(53,53)/(60,60)","(5,5)/(108,108)|(19,19)/(94,94)|(26,26)/(87,87)|(4,4)/(109,109)|(52,52)/(61,61)|(1,1)/(112,112)|(46,46)/(67,67)|(55,55)/(58,58)|(43,43)/(70,70)",614410284.0,614410284.0,1.0,addition_only,0.008849557489156723
subtraction_depth1_muon,1,muon,minimum_after_first_generalized,17000,checkpoints/subtraction_depth_1_muon_seed_0/step_017000.pt,0.8509671688079834,0.5,random_native_addition_subset,1,9,"(28,28)/(85,85)|(11,11)/(102,102)|(56,56)/(57,57)|(48,48)/(65,65)|(25,25)/(88,88)|(19,19)/(94,94)|(31,31)/(82,82)|(1,1)/(112,112)|(53,53)/(60,60)","(16,16)/(97,97)|(50,50)/(63,63)|(5,5)/(108,108)|(47,47)/(66,66)|(54,54)/(59,59)|(56,56)/(57,57)|(11,11)/(102,102)|(1,1)/(112,112)|(24,24)/(89,89)",614410284.0,253738643.40625,1.0,addition_only,0.008849557489156723
subtraction_depth1_muon,1,muon,minimum_after_first_generalized,17000,checkpoints/subtraction_depth_1_muon_seed_0/step_017000.pt,0.8509671688079834,0.5,equal_power_frequency_relocation,1,9,"(28,28)/(85,85)|(11,11)/(102,102)|(56,56)/(57,57)|(48,48)/(65,65)|(25,25)/(88,88)|(19,19)/(94,94)|(31,31)/(82,82)|(1,1)/(112,112)|(53,53)/(60,60)","(22,22)/(91,91)|(21,21)/(92,92)|(11,11)/(102,102)|(52,52)/(61,61)|(35,35)/(78,78)|(31,31)/(82,82)|(50,50)/(63,63)|(38,38)/(75,75)|(54,54)/(59,59)",614410284.0,614410284.0,1.0,addition_only,0.008849557489156723
subtraction_depth1_muon,1,muon,minimum_after_first_generalized,17000,checkpoints/subtraction_depth_1_muon_seed_0/step_017000.pt,0.8509671688079834,0.5,random_native_addition_subset,2,9,"(28,28)/(85,85)|(11,11)/(102,102)|(56,56)/(57,57)|(48,48)/(65,65)|(25,25)/(88,88)|(19,19)/(94,94)|(31,31)/(82,82)|(1,1)/(112,112)|(53,53)/(60,60)","(21,21)/(92,92)|(3,3)/(110,110)|(5,5)/(108,108)|(23,23)/(90,90)|(42,42)/(71,71)|(44,44)/(69,69)|(53,53)/(60,60)|(54,54)/(59,59)|(22,22)/(91,91)",614410284.0,149881278.84375,1.0,addition_only,0.008849557489156723
subtraction_depth1_muon,1,muon,minimum_after_first_generalized,17000,checkpoints/subtraction_depth_1_muon_seed_0/step_017000.pt,0.8509671688079834,0.5,equal_power_frequency_relocation,2,9,"(28,28)/(85,85)|(11,11)/(102,102)|(56,56)/(57,57)|(48,48)/(65,65)|(25,25)/(88,88)|(19,19)/(94,94)|(31,31)/(82,82)|(1,1)/(112,112)|(53,53)/(60,60)","(49,49)/(64,64)|(10,10)/(103,103)|(28,28)/(85,85)|(14,14)/(99,99)|(44,44)/(69,69)|(24,24)/(89,89)|(7,7)/(106,106)|(21,21)/(92,92)|(26,26)/(87,87)",614410284.0,614410284.0,1.0,addition_only,0.008849557489156723
subtraction_depth1_muon,1,muon,minimum_after_first_generalized,17000,checkpoints/subtraction_depth_1_muon_seed_0/step_017000.pt,0.8509671688079834,0.5,random_native_addition_subset,3,9,"(28,28)/(85,85)|(11,11)/(102,102)|(56,56)/(57,57)|(48,48)/(65,65)|(25,25)/(88,88)|(19,19)/(94,94)|(31,31)/(82,82)|(1,1)/(112,112)|(53,53)/(60,60)","(18,18)/(95,95)|(7,7)/(106,106)|(52,52)/(61,61)|(43,43)/(70,70)|(20,20)/(93,93)|(37,37)/(76,76)|(17,17)/(96,96)|(11,11)/(102,102)|(41,41)/(72,72)",614410284.0,158051497.7265625,1.0,addition_only,0.008849557489156723
subtraction_depth1_muon,1,muon,minimum_after_first_generalized,17000,checkpoints/subtraction_depth_1_muon_seed_0/step_017000.pt,0.8509671688079834,0.5,equal_power_frequency_relocation,3,9,"(28,28)/(85,85)|(11,11)/(102,102)|(56,56)/(57,57)|(48,48)/(65,65)|(25,25)/(88,88)|(19,19)/(94,94)|(31,31)/(82,82)|(1,1)/(112,112)|(53,53)/(60,60)","(52,52)/(61,61)|(24,24)/(89,89)|(3,3)/(110,110)|(6,6)/(107,107)|(17,17)/(96,96)|(8,8)/(105,105)|(19,19)/(94,94)|(44,44)/(69,69)|(20,20)/(93,93)",614410284.0,614410284.0,1.0,addition_only,0.008849557489156723
subtraction_depth1_muon,1,muon,minimum_after_first_generalized,17000,checkpoints/subtraction_depth_1_muon_seed_0/step_017000.pt,0.8509671688079834,0.5,random_native_addition_subset,4,9,"(28,28)/(85,85)|(11,11)/(102,102)|(56,56)/(57,57)|(48,48)/(65,65)|(25,25)/(88,88)|(19,19)/(94,94)|(31,31)/(82,82)|(1,1)/(112,112)|(53,53)/(60,60)","(38,38)/(75,75)|(14,14)/(99,99)|(33,33)/(80,80)|(7,7)/(106,106)|(1,1)/(112,112)|(36,36)/(77,77)|(56,56)/(57,57)|(40,40)/(73,73)|(19,19)/(94,94)",614410284.0,198166842.0390625,1.0,addition_only,0.008849557489156723
subtraction_depth1_muon,1,muon,minimum_after_first_generalized,17000,checkpoints/subtraction_depth_1_muon_seed_0/step_017000.pt,0.8509671688079834,0.5,equal_power_frequency_relocation,4,9,"(28,28)/(85,85)|(11,11)/(102,102)|(56,56)/(57,57)|(48,48)/(65,65)|(25,25)/(88,88)|(19,19)/(94,94)|(31,31)/(82,82)|(1,1)/(112,112)|(53,53)/(60,60)","(5,5)/(108,108)|(16,16)/(97,97)|(43,43)/(70,70)|(9,9)/(104,104)|(2,2)/(111,111)|(49,49)/(64,64)|(21,21)/(92,92)|(38,38)/(75,75)|(51,51)/(62,62)",614410284.0,614410284.0,1.0,addition_only,0.008849557489156723
subtraction_depth1_muon,1,muon,minimum_after_first_generalized,17000,checkpoints/subtraction_depth_1_muon_seed_0/step_017000.pt,0.8509671688079834,0.5,random_native_addition_subset,5,9,"(28,28)/(85,85)|(11,11)/(102,102)|(56,56)/(57,57)|(48,48)/(65,65)|(25,25)/(88,88)|(19,19)/(94,94)|(31,31)/(82,82)|(1,1)/(112,112)|(53,53)/(60,60)","(7,7)/(106,106)|(3,3)/(110,110)|(27,27)/(86,86)|(52,52)/(61,61)|(20,20)/(93,93)|(44,44)/(69,69)|(16,16)/(97,97)|(12,12)/(101,101)|(41,41)/(72,72)",614410284.0,118671400.9453125,1.0,addition_only,0.008849557489156723
subtraction_depth1_muon,1,muon,minimum_after_first_generalized,17000,checkpoints/subtraction_depth_1_muon_seed_0/step_017000.pt,0.8509671688079834,0.5,equal_power_frequency_relocation,5,9,"(28,28)/(85,85)|(11,11)/(102,102)|(56,56)/(57,57)|(48,48)/(65,65)|(25,25)/(88,88)|(19,19)/(94,94)|(31,31)/(82,82)|(1,1)/(112,112)|(53,53)/(60,60)","(54,54)/(59,59)|(18,18)/(95,95)|(42,42)/(71,71)|(35,35)/(78,78)|(31,31)/(82,82)|(3,3)/(110,110)|(32,32)/(81,81)|(40,40)/(73,73)|(56,56)/(57,57)",614410284.0,614410284.0,1.0,addition_only,0.008849557489156723
subtraction_depth1_muon,1,muon,minimum_after_first_generalized,17000,checkpoints/subtraction_depth_1_muon_seed_0/step_017000.pt,0.8509671688079834,0.5,random_native_addition_subset,6,9,"(28,28)/(85,85)|(11,11)/(102,102)|(56,56)/(57,57)|(48,48)/(65,65)|(25,25)/(88,88)|(19,19)/(94,94)|(31,31)/(82,82)|(1,1)/(112,112)|(53,53)/(60,60)","(29,29)/(84,84)|(3,3)/(110,110)|(30,30)/(83,83)|(26,26)/(87,87)|(38,38)/(75,75)|(56,56)/(57,57)|(7,7)/(106,106)|(13,13)/(100,100)|(2,2)/(111,111)",614410284.0,129230229.09375,1.0,addition_only,0.008849557489156723
subtraction_depth1_muon,1,muon,minimum_after_first_generalized,17000,checkpoints/subtraction_depth_1_muon_seed_0/step_017000.pt,0.8509671688079834,0.5,equal_power_frequency_relocation,6,9,"(28,28)/(85,85)|(11,11)/(102,102)|(56,56)/(57,57)|(48,48)/(65,65)|(25,25)/(88,88)|(19,19)/(94,94)|(31,31)/(82,82)|(1,1)/(112,112)|(53,53)/(60,60)","(37,37)/(76,76)|(33,33)/(80,80)|(28,28)/(85,85)|(11,11)/(102,102)|(39,39)/(74,74)|(2,2)/(111,111)|(53,53)/(60,60)|(13,13)/(100,100)|(8,8)/(105,105)",614410284.0,614410284.0,1.0,addition_only,0.008849557489156723
subtraction_depth1_muon,1,muon,minimum_after_first_generalized,17000,checkpoints/subtraction_depth_1_muon_seed_0/step_017000.pt,0.8509671688079834,0.5,random_native_addition_subset,7,9,"(28,28)/(85,85)|(11,11)/(102,102)|(56,56)/(57,57)|(48,48)/(65,65)|(25,25)/(88,88)|(19,19)/(94,94)|(31,31)/(82,82)|(1,1)/(112,112)|(53,53)/(60,60)","(30,30)/(83,83)|(15,15)/(98,98)|(28,28)/(85,85)|(4,4)/(109,109)|(23,23)/(90,90)|(7,7)/(106,106)|(46,46)/(67,67)|(20,20)/(93,93)|(54,54)/(59,59)",614410284.0,263684517.75,1.0,addition_only,0.008849557489156723
subtraction_depth1_muon,1,muon,minimum_after_first_generalized,17000,checkpoints/subtraction_depth_1_muon_seed_0/step_017000.pt,0.8509671688079834,0.5,equal_power_frequency_relocation,7,9,"(28,28)/(85,85)|(11,11)/(102,102)|(56,56)/(57,57)|(48,48)/(65,65)|(25,25)/(88,88)|(19,19)/(94,94)|(31,31)/(82,82)|(1,1)/(112,112)|(53,53)/(60,60)","(6,6)/(107,107)|(32,32)/(81,81)|(39,39)/(74,74)|(29,29)/(84,84)|(8,8)/(105,105)|(41,41)/(72,72)|(2,2)/(111,111)|(18,18)/(95,95)|(38,38)/(75,75)",614410284.0,614410284.0,1.0,addition_only,0.008849557489156723
subtraction_depth1_muon,1,muon,minimum_after_first_generalized,17000,checkpoints/subtraction_depth_1_muon_seed_0/step_017000.pt,0.8509671688079834,0.5,random_native_addition_subset,8,9,"(28,28)/(85,85)|(11,11)/(102,102)|(56,56)/(57,57)|(48,48)/(65,65)|(25,25)/(88,88)|(19,19)/(94,94)|(31,31)/(82,82)|(1,1)/(112,112)|(53,53)/(60,60)","(20,20)/(93,93)|(3,3)/(110,110)|(42,42)/(71,71)|(32,32)/(81,81)|(8,8)/(105,105)|(12,12)/(101,101)|(33,33)/(80,80)|(48,48)/(65,65)|(30,30)/(83,83)",614410284.0,104166162.3671875,1.0,addition_only,0.008849557489156723
subtraction_depth1_muon,1,muon,minimum_after_first_generalized,17000,checkpoints/subtraction_depth_1_muon_seed_0/step_017000.pt,0.8509671688079834,0.5,equal_power_frequency_relocation,8,9,"(28,28)/(85,85)|(11,11)/(102,102)|(56,56)/(57,57)|(48,48)/(65,65)|(25,25)/(88,88)|(19,19)/(94,94)|(31,31)/(82,82)|(1,1)/(112,112)|(53,53)/(60,60)","(34,34)/(79,79)|(38,38)/(75,75)|(37,37)/(76,76)|(12,12)/(101,101)|(8,8)/(105,105)|(18,18)/(95,95)|(50,50)/(63,63)|(55,55)/(58,58)|(31,31)/(82,82)",614410284.0,614410284.0,1.0,addition_only,0.008849557489156723
subtraction_depth1_muon,1,muon,minimum_after_first_generalized,17000,checkpoints/subtraction_depth_1_muon_seed_0/step_017000.pt,0.8509671688079834,0.5,random_native_addition_subset,9,9,"(28,28)/(85,85)|(11,11)/(102,102)|(56,56)/(57,57)|(48,48)/(65,65)|(25,25)/(88,88)|(19,19)/(94,94)|(31,31)/(82,82)|(1,1)/(112,112)|(53,53)/(60,60)","(20,20)/(93,93)|(40,40)/(73,73)|(18,18)/(95,95)|(16,16)/(97,97)|(55,55)/(58,58)|(30,30)/(83,83)|(54,54)/(59,59)|(27,27)/(86,86)|(32,32)/(81,81)",614410284.0,30775983.5234375,1.0,addition_only,0.008849557489156723
subtraction_depth1_muon,1,muon,minimum_after_first_generalized,17000,checkpoints/subtraction_depth_1_muon_seed_0/step_017000.pt,0.8509671688079834,0.5,equal_power_frequency_relocation,9,9,"(28,28)/(85,85)|(11,11)/(102,102)|(56,56)/(57,57)|(48,48)/(65,65)|(25,25)/(88,88)|(19,19)/(94,94)|(31,31)/(82,82)|(1,1)/(112,112)|(53,53)/(60,60)","(40,40)/(73,73)|(51,51)/(62,62)|(25,25)/(88,88)|(53,53)/(60,60)|(24,24)/(89,89)|(41,41)/(72,72)|(12,12)/(101,101)|(29,29)/(84,84)|(3,3)/(110,110)",614410284.0,614410284.0,1.0,addition_only,0.008849557489156723
subtraction_depth1_muon,1,muon,minimum_after_first_generalized,17000,checkpoints/subtraction_depth_1_muon_seed_0/step_017000.pt,0.8509671688079834,0.75,random_native_addition_subset,0,18,"(28,28)/(85,85)|(11,11)/(102,102)|(56,56)/(57,57)|(48,48)/(65,65)|(25,25)/(88,88)|(19,19)/(94,94)|(31,31)/(82,82)|(1,1)/(112,112)|(53,53)/(60,60)|(35,35)/(78,78)|(21,21)/(92,92)|(7,7)/(106,106)|(6,6)/(107,107)|(10,10)/(103,103)|(50,50)/(63,63)|(12,12)/(101,101)|(13,13)/(100,100)|(44,44)/(69,69)","(33,33)/(80,80)|(22,22)/(91,91)|(34,34)/(79,79)|(38,38)/(75,75)|(12,12)/(101,101)|(15,15)/(98,98)|(19,19)/(94,94)|(41,41)/(72,72)|(6,6)/(107,107)|(48,48)/(65,65)|(13,13)/(100,100)|(1,1)/(112,112)|(20,20)/(93,93)|(23,23)/(90,90)|(53,53)/(60,60)|(37,37)/(76,76)|(42,42)/(71,71)|(18,18)/(95,95)",876130104.0,336772315.796875,1.0,addition_only,0.008849557489156723
subtraction_depth1_muon,1,muon,minimum_after_first_generalized,17000,checkpoints/subtraction_depth_1_muon_seed_0/step_017000.pt,0.8509671688079834,0.75,equal_power_frequency_relocation,0,18,"(28,28)/(85,85)|(11,11)/(102,102)|(56,56)/(57,57)|(48,48)/(65,65)|(25,25)/(88,88)|(19,19)/(94,94)|(31,31)/(82,82)|(1,1)/(112,112)|(53,53)/(60,60)|(35,35)/(78,78)|(21,21)/(92,92)|(7,7)/(106,106)|(6,6)/(107,107)|(10,10)/(103,103)|(50,50)/(63,63)|(12,12)/(101,101)|(13,13)/(100,100)|(44,44)/(69,69)","(23,23)/(90,90)|(9,9)/(104,104)|(30,30)/(83,83)|(34,34)/(79,79)|(20,20)/(93,93)|(12,12)/(101,101)|(35,35)/(78,78)|(56,56)/(57,57)|(42,42)/(71,71)|(46,46)/(67,67)|(6,6)/(107,107)|(37,37)/(76,76)|(15,15)/(98,98)|(44,44)/(69,69)|(49,49)/(64,64)|(38,38)/(75,75)|(22,22)/(91,91)|(55,55)/(58,58)",876130104.0,876130104.0,1.0,addition_only,0.008849557489156723
subtraction_depth1_muon,1,muon,minimum_after_first_generalized,17000,checkpoints/subtraction_depth_1_muon_seed_0/step_017000.pt,0.8509671688079834,0.75,random_native_addition_subset,1,18,"(28,28)/(85,85)|(11,11)/(102,102)|(56,56)/(57,57)|(48,48)/(65,65)|(25,25)/(88,88)|(19,19)/(94,94)|(31,31)/(82,82)|(1,1)/(112,112)|(53,53)/(60,60)|(35,35)/(78,78)|(21,21)/(92,92)|(7,7)/(106,106)|(6,6)/(107,107)|(10,10)/(103,103)|(50,50)/(63,63)|(12,12)/(101,101)|(13,13)/(100,100)|(44,44)/(69,69)","(17,17)/(96,96)|(15,15)/(98,98)|(31,31)/(82,82)|(20,20)/(93,93)|(33,33)/(80,80)|(34,34)/(79,79)|(46,46)/(67,67)|(3,3)/(110,110)|(16,16)/(97,97)|(38,38)/(75,75)|(48,48)/(65,65)|(29,29)/(84,84)|(12,12)/(101,101)|(14,14)/(99,99)|(37,37)/(76,76)|(41,41)/(72,72)|(55,55)/(58,58)|(27,27)/(86,86)",876130104.0,227335760.3671875,1.0,addition_only,0.008849557489156723
subtraction_depth1_muon,1,muon,minimum_after_first_generalized,17000,checkpoints/subtraction_depth_1_muon_seed_0/step_017000.pt,0.8509671688079834,0.75,equal_power_frequency_relocation,1,18,"(28,28)/(85,85)|(11,11)/(102,102)|(56,56)/(57,57)|(48,48)/(65,65)|(25,25)/(88,88)|(19,19)/(94,94)|(31,31)/(82,82)|(1,1)/(112,112)|(53,53)/(60,60)|(35,35)/(78,78)|(21,21)/(92,92)|(7,7)/(106,106)|(6,6)/(107,107)|(10,10)/(103,103)|(50,50)/(63,63)|(12,12)/(101,101)|(13,13)/(100,100)|(44,44)/(69,69)","(38,38)/(75,75)|(54,54)/(59,59)|(30,30)/(83,83)|(27,27)/(86,86)|(2,2)/(111,111)|(55,55)/(58,58)|(35,35)/(78,78)|(23,23)/(90,90)|(3,3)/(110,110)|(31,31)/(82,82)|(1,1)/(112,112)|(34,34)/(79,79)|(9,9)/(104,104)|(24,24)/(89,89)|(7,7)/(106,106)|(18,18)/(95,95)|(4,4)/(109,109)|(17,17)/(96,96)",876130104.0,876130104.0,1.0,addition_only,0.008849557489156723
subtraction_depth1_muon,1,muon,minimum_after_first_generalized,17000,checkpoints/subtraction_depth_1_muon_seed_0/step_017000.pt,0.8509671688079834,0.75,random_native_addition_subset,2,18,"(28,28)/(85,85)|(11,11)/(102,102)|(56,56)/(57,57)|(48,48)/(65,65)|(25,25)/(88,88)|(19,19)/(94,94)|(31,31)/(82,82)|(1,1)/(112,112)|(53,53)/(60,60)|(35,35)/(78,78)|(21,21)/(92,92)|(7,7)/(106,106)|(6,6)/(107,107)|(10,10)/(103,103)|(50,50)/(63,63)|(12,12)/(101,101)|(13,13)/(100,100)|(44,44)/(69,69)","(8,8)/(105,105)|(30,30)/(83,83)|(3,3)/(110,110)|(54,54)/(59,59)|(34,34)/(79,79)|(33,33)/(80,80)|(27,27)/(86,86)|(47,47)/(66,66)|(15,15)/(98,98)|(50,50)/(63,63)|(35,35)/(78,78)|(12,12)/(101,101)|(4,4)/(109,109)|(39,39)/(74,74)|(48,48)/(65,65)|(10,10)/(103,103)|(49,49)/(64,64)|(43,43)/(70,70)",876130104.0,281811167.41796875,1.0,addition_only,0.008849557489156723
subtraction_depth1_muon,1,muon,minimum_after_first_generalized,17000,checkpoints/subtraction_depth_1_muon_seed_0/step_017000.pt,0.8509671688079834,0.75,equal_power_frequency_relocation,2,18,"(28,28)/(85,85)|(11,11)/(102,102)|(56,56)/(57,57)|(48,48)/(65,65)|(25,25)/(88,88)|(19,19)/(94,94)|(31,31)/(82,82)|(1,1)/(112,112)|(53,53)/(60,60)|(35,35)/(78,78)|(21,21)/(92,92)|(7,7)/(106,106)|(6,6)/(107,107)|(10,10)/(103,103)|(50,50)/(63,63)|(12,12)/(101,101)|(13,13)/(100,100)|(44,44)/(69,69)","(53,53)/(60,60)|(49,49)/(64,64)|(12,12)/(101,101)|(34,34)/(79,79)|(6,6)/(107,107)|(46,46)/(67,67)|(52,52)/(61,61)|(36,36)/(77,77)|(19,19)/(94,94)|(43,43)/(70,70)|(29,29)/(84,84)|(13,13)/(100,100)|(17,17)/(96,96)|(18,18)/(95,95)|(24,24)/(89,89)|(50,50)/(63,63)|(2,2)/(111,111)|(38,38)/(75,75)",876130104.0,876130104.0,1.0,addition_only,0.008849557489156723
subtraction_depth1_muon,1,muon,minimum_after_first_generalized,17000,checkpoints/subtraction_depth_1_muon_seed_0/step_017000.pt,0.8509671688079834,0.75,random_native_addition_subset,3,18,"(28,28)/(85,85)|(11,11)/(102,102)|(56,56)/(57,57)|(48,48)/(65,65)|(25,25)/(88,88)|(19,19)/(94,94)|(31,31)/(82,82)|(1,1)/(112,112)|(53,53)/(60,60)|(35,35)/(78,78)|(21,21)/(92,92)|(7,7)/(106,106)|(6,6)/(107,107)|(10,10)/(103,103)|(50,50)/(63,63)|(12,12)/(101,101)|(13,13)/(100,100)|(44,44)/(69,69)","(13,13)/(100,100)|(20,20)/(93,93)|(36,36)/(77,77)|(34,34)/(79,79)|(29,29)/(84,84)|(50,50)/(63,63)|(52,52)/(61,61)|(9,9)/(104,104)|(23,23)/(90,90)|(42,42)/(71,71)|(49,49)/(64,64)|(33,33)/(80,80)|(40,40)/(73,73)|(38,38)/(75,75)|(22,22)/(91,91)|(19,19)/(94,94)|(12,12)/(101,101)|(51,51)/(62,62)",876130104.0,196165698.87109375,1.0,addition_only,0.008849557489156723
subtraction_depth1_muon,1,muon,minimum_after_first_generalized,17000,checkpoints/subtraction_depth_1_muon_seed_0/step_017000.pt,0.8509671688079834,0.75,equal_power_frequency_relocation,3,18,"(28,28)/(85,85)|(11,11)/(102,102)|(56,56)/(57,57)|(48,48)/(65,65)|(25,25)/(88,88)|(19,19)/(94,94)|(31,31)/(82,82)|(1,1)/(112,112)|(53,53)/(60,60)|(35,35)/(78,78)|(21,21)/(92,92)|(7,7)/(106,106)|(6,6)/(107,107)|(10,10)/(103,103)|(50,50)/(63,63)|(12,12)/(101,101)|(13,13)/(100,100)|(44,44)/(69,69)","(32,32)/(81,81)|(27,27)/(86,86)|(20,20)/(93,93)|(29,29)/(84,84)|(14,14)/(99,99)|(12,12)/(101,101)|(56,56)/(57,57)|(48,48)/(65,65)|(17,17)/(96,96)|(37,37)/(76,76)|(34,34)/(79,79)|(4,4)/(109,109)|(54,54)/(59,59)|(19,19)/(94,94)|(47,47)/(66,66)|(40,40)/(73,73)|(1,1)/(112,112)|(36,36)/(77,77)",876130104.0,876130104.0,1.0,addition_only,0.008849557489156723
subtraction_depth1_muon,1,muon,minimum_after_first_generalized,17000,checkpoints/subtraction_depth_1_muon_seed_0/step_017000.pt,0.8509671688079834,0.75,random_native_addition_subset,4,18,"(28,28)/(85,85)|(11,11)/(102,102)|(56,56)/(57,57)|(48,48)/(65,65)|(25,25)/(88,88)|(19,19)/(94,94)|(31,31)/(82,82)|(1,1)/(112,112)|(53,53)/(60,60)|(35,35)/(78,78)|(21,21)/(92,92)|(7,7)/(106,106)|(6,6)/(107,107)|(10,10)/(103,103)|(50,50)/(63,63)|(12,12)/(101,101)|(13,13)/(100,100)|(44,44)/(69,69)","(39,39)/(74,74)|(33,33)/(80,80)|(40,40)/(73,73)|(48,48)/(65,65)|(15,15)/(98,98)|(4,4)/(109,109)|(34,34)/(79,79)|(51,51)/(62,62)|(7,7)/(106,106)|(55,55)/(58,58)|(20,20)/(93,93)|(28,28)/(85,85)|(32,32)/(81,81)|(31,31)/(82,82)|(5,5)/(108,108)|(30,30)/(83,83)|(49,49)/(64,64)|(54,54)/(59,59)",876130104.0,391832319.83203125,1.0,addition_only,0.008849557489156723
subtraction_depth1_muon,1,muon,minimum_after_first_generalized,17000,checkpoints/subtraction_depth_1_muon_seed_0/step_017000.pt,0.8509671688079834,0.75,equal_power_frequency_relocation,4,18,"(28,28)/(85,85)|(11,11)/(102,102)|(56,56)/(57,57)|(48,48)/(65,65)|(25,25)/(88,88)|(19,19)/(94,94)|(31,31)/(82,82)|(1,1)/(112,112)|(53,53)/(60,60)|(35,35)/(78,78)|(21,21)/(92,92)|(7,7)/(106,106)|(6,6)/(107,107)|(10,10)/(103,103)|(50,50)/(63,63)|(12,12)/(101,101)|(13,13)/(100,100)|(44,44)/(69,69)","(1,1)/(112,112)|(55,55)/(58,58)|(29,29)/(84,84)|(7,7)/(106,106)|(39,39)/(74,74)|(50,50)/(63,63)|(45,45)/(68,68)|(56,56)/(57,57)|(25,25)/(88,88)|(5,5)/(108,108)|(34,34)/(79,79)|(15,15)/(98,98)|(14,14)/(99,99)|(41,41)/(72,72)|(31,31)/(82,82)|(53,53)/(60,60)|(49,49)/(64,64)|(20,20)/(93,93)",876130104.0,876130104.0,1.0,addition_only,0.008849557489156723
subtraction_depth1_muon,1,muon,minimum_after_first_generalized,17000,checkpoints/subtraction_depth_1_muon_seed_0/step_017000.pt,0.8509671688079834,0.75,random_native_addition_subset,5,18,"(28,28)/(85,85)|(11,11)/(102,102)|(56,56)/(57,57)|(48,48)/(65,65)|(25,25)/(88,88)|(19,19)/(94,94)|(31,31)/(82,82)|(1,1)/(112,112)|(53,53)/(60,60)|(35,35)/(78,78)|(21,21)/(92,92)|(7,7)/(106,106)|(6,6)/(107,107)|(10,10)/(103,103)|(50,50)/(63,63)|(12,12)/(101,101)|(13,13)/(100,100)|(44,44)/(69,69)","(37,37)/(76,76)|(1,1)/(112,112)|(25,25)/(88,88)|(48,48)/(65,65)|(7,7)/(106,106)|(49,49)/(64,64)|(38,38)/(75,75)|(46,46)/(67,67)|(23,23)/(90,90)|(11,11)/(102,102)|(22,22)/(91,91)|(44,44)/(69,69)|(43,43)/(70,70)|(41,41)/(72,72)|(30,30)/(83,83)|(34,34)/(79,79)|(56,56)/(57,57)|(15,15)/(98,98)",876130104.0,432151826.09765625,1.0,addition_only,0.008849557489156723
subtraction_depth1_muon,1,muon,minimum_after_first_generalized,17000,checkpoints/subtraction_depth_1_muon_seed_0/step_017000.pt,0.8509671688079834,0.75,equal_power_frequency_relocation,5,18,"(28,28)/(85,85)|(11,11)/(102,102)|(56,56)/(57,57)|(48,48)/(65,65)|(25,25)/(88,88)|(19,19)/(94,94)|(31,31)/(82,82)|(1,1)/(112,112)|(53,53)/(60,60)|(35,35)/(78,78)|(21,21)/(92,92)|(7,7)/(106,106)|(6,6)/(107,107)|(10,10)/(103,103)|(50,50)/(63,63)|(12,12)/(101,101)|(13,13)/(100,100)|(44,44)/(69,69)","(13,13)/(100,100)|(34,34)/(79,79)|(33,33)/(80,80)|(47,47)/(66,66)|(8,8)/(105,105)|(45,45)/(68,68)|(17,17)/(96,96)|(12,12)/(101,101)|(18,18)/(95,95)|(28,28)/(85,85)|(52,52)/(61,61)|(9,9)/(104,104)|(10,10)/(103,103)|(36,36)/(77,77)|(16,16)/(97,97)|(11,11)/(102,102)|(42,42)/(71,71)|(4,4)/(109,109)",876130104.0,876130104.0,1.0,addition_only,0.008849557489156723
subtraction_depth1_muon,1,muon,minimum_after_first_generalized,17000,checkpoints/subtraction_depth_1_muon_seed_0/step_017000.pt,0.8509671688079834,0.75,random_native_addition_subset,6,18,"(28,28)/(85,85)|(11,11)/(102,102)|(56,56)/(57,57)|(48,48)/(65,65)|(25,25)/(88,88)|(19,19)/(94,94)|(31,31)/(82,82)|(1,1)/(112,112)|(53,53)/(60,60)|(35,35)/(78,78)|(21,21)/(92,92)|(7,7)/(106,106)|(6,6)/(107,107)|(10,10)/(103,103)|(50,50)/(63,63)|(12,12)/(101,101)|(13,13)/(100,100)|(44,44)/(69,69)","(51,51)/(62,62)|(19,19)/(94,94)|(41,41)/(72,72)|(43,43)/(70,70)|(49,49)/(64,64)|(4,4)/(109,109)|(3,3)/(110,110)|(26,26)/(87,87)|(29,29)/(84,84)|(35,35)/(78,78)|(30,30)/(83,83)|(21,21)/(92,92)|(7,7)/(106,106)|(38,38)/(75,75)|(11,11)/(102,102)|(33,33)/(80,80)|(13,13)/(100,100)|(40,40)/(73,73)",876130104.0,302318141.49609375,1.0,addition_only,0.008849557489156723
subtraction_depth1_muon,1,muon,minimum_after_first_generalized,17000,checkpoints/subtraction_depth_1_muon_seed_0/step_017000.pt,0.8509671688079834,0.75,equal_power_frequency_relocation,6,18,"(28,28)/(85,85)|(11,11)/(102,102)|(56,56)/(57,57)|(48,48)/(65,65)|(25,25)/(88,88)|(19,19)/(94,94)|(31,31)/(82,82)|(1,1)/(112,112)|(53,53)/(60,60)|(35,35)/(78,78)|(21,21)/(92,92)|(7,7)/(106,106)|(6,6)/(107,107)|(10,10)/(103,103)|(50,50)/(63,63)|(12,12)/(101,101)|(13,13)/(100,100)|(44,44)/(69,69)","(22,22)/(91,91)|(20,20)/(93,93)|(27,27)/(86,86)|(41,41)/(72,72)|(1,1)/(112,112)|(18,18)/(95,95)|(47,47)/(66,66)|(24,24)/(89,89)|(8,8)/(105,105)|(38,38)/(75,75)|(19,19)/(94,94)|(43,43)/(70,70)|(36,36)/(77,77)|(21,21)/(92,92)|(12,12)/(101,101)|(54,54)/(59,59)|(48,48)/(65,65)|(46,46)/(67,67)",876130104.0,876130104.0,1.0,addition_only,0.008849557489156723
subtraction_depth1_muon,1,muon,minimum_after_first_generalized,17000,checkpoints/subtraction_depth_1_muon_seed_0/step_017000.pt,0.8509671688079834,0.75,random_native_addition_subset,7,18,"(28,28)/(85,85)|(11,11)/(102,102)|(56,56)/(57,57)|(48,48)/(65,65)|(25,25)/(88,88)|(19,19)/(94,94)|(31,31)/(82,82)|(1,1)/(112,112)|(53,53)/(60,60)|(35,35)/(78,78)|(21,21)/(92,92)|(7,7)/(106,106)|(6,6)/(107,107)|(10,10)/(103,103)|(50,50)/(63,63)|(12,12)/(101,101)|(13,13)/(100,100)|(44,44)/(69,69)","(39,39)/(74,74)|(53,53)/(60,60)|(10,10)/(103,103)|(1,1)/(112,112)|(52,52)/(61,61)|(28,28)/(85,85)|(22,22)/(91,91)|(18,18)/(95,95)|(17,17)/(96,96)|(32,32)/(81,81)|(54,54)/(59,59)|(31,31)/(82,82)|(44,44)/(69,69)|(37,37)/(76,76)|(15,15)/(98,98)|(16,16)/(97,97)|(7,7)/(106,106)|(8,8)/(105,105)",876130104.0,523348655.2734375,1.0,addition_only,0.008849557489156723
subtraction_depth1_muon,1,muon,minimum_after_first_generalized,17000,checkpoints/subtraction_depth_1_muon_seed_0/step_017000.pt,0.8509671688079834,0.75,equal_power_frequency_relocation,7,18,"(28,28)/(85,85)|(11,11)/(102,102)|(56,56)/(57,57)|(48,48)/(65,65)|(25,25)/(88,88)|(19,19)/(94,94)|(31,31)/(82,82)|(1,1)/(112,112)|(53,53)/(60,60)|(35,35)/(78,78)|(21,21)/(92,92)|(7,7)/(106,106)|(6,6)/(107,107)|(10,10)/(103,103)|(50,50)/(63,63)|(12,12)/(101,101)|(13,13)/(100,100)|(44,44)/(69,69)","(23,23)/(90,90)|(16,16)/(97,97)|(29,29)/(84,84)|(17,17)/(96,96)|(28,28)/(85,85)|(39,39)/(74,74)|(35,35)/(78,78)|(38,38)/(75,75)|(33,33)/(80,80)|(8,8)/(105,105)|(24,24)/(89,89)|(36,36)/(77,77)|(27,27)/(86,86)|(53,53)/(60,60)|(30,30)/(83,83)|(34,34)/(79,79)|(47,47)/(66,66)|(45,45)/(68,68)",876130104.0,876130104.0,1.0,addition_only,0.008849557489156723
subtraction_depth1_muon,1,muon,minimum_after_first_generalized,17000,checkpoints/subtraction_depth_1_muon_seed_0/step_017000.pt,0.8509671688079834,0.75,random_native_addition_subset,8,18,"(28,28)/(85,85)|(11,11)/(102,102)|(56,56)/(57,57)|(48,48)/(65,65)|(25,25)/(88,88)|(19,19)/(94,94)|(31,31)/(82,82)|(1,1)/(112,112)|(53,53)/(60,60)|(35,35)/(78,78)|(21,21)/(92,92)|(7,7)/(106,106)|(6,6)/(107,107)|(10,10)/(103,103)|(50,50)/(63,63)|(12,12)/(101,101)|(13,13)/(100,100)|(44,44)/(69,69)","(45,45)/(68,68)|(3,3)/(110,110)|(12,12)/(101,101)|(11,11)/(102,102)|(14,14)/(99,99)|(10,10)/(103,103)|(19,19)/(94,94)|(23,23)/(90,90)|(25,25)/(88,88)|(53,53)/(60,60)|(9,9)/(104,104)|(44,44)/(69,69)|(2,2)/(111,111)|(55,55)/(58,58)|(37,37)/(76,76)|(54,54)/(59,59)|(28,28)/(85,85)|(1,1)/(112,112)",876130104.0,572883756.5078125,1.0,addition_only,0.008849557489156723
subtraction_depth1_muon,1,muon,minimum_after_first_generalized,17000,checkpoints/subtraction_depth_1_muon_seed_0/step_017000.pt,0.8509671688079834,0.75,equal_power_frequency_relocation,8,18,"(28,28)/(85,85)|(11,11)/(102,102)|(56,56)/(57,57)|(48,48)/(65,65)|(25,25)/(88,88)|(19,19)/(94,94)|(31,31)/(82,82)|(1,1)/(112,112)|(53,53)/(60,60)|(35,35)/(78,78)|(21,21)/(92,92)|(7,7)/(106,106)|(6,6)/(107,107)|(10,10)/(103,103)|(50,50)/(63,63)|(12,12)/(101,101)|(13,13)/(100,100)|(44,44)/(69,69)","(12,12)/(101,101)|(38,38)/(75,75)|(29,29)/(84,84)|(40,40)/(73,73)|(24,24)/(89,89)|(27,27)/(86,86)|(4,4)/(109,109)|(48,48)/(65,65)|(32,32)/(81,81)|(13,13)/(100,100)|(39,39)/(74,74)|(35,35)/(78,78)|(56,56)/(57,57)|(6,6)/(107,107)|(54,54)/(59,59)|(50,50)/(63,63)|(11,11)/(102,102)|(1,1)/(112,112)",876130104.0,876130104.0,1.0,addition_only,0.008849557489156723
subtraction_depth1_muon,1,muon,minimum_after_first_generalized,17000,checkpoints/subtraction_depth_1_muon_seed_0/step_017000.pt,0.8509671688079834,0.75,random_native_addition_subset,9,18,"(28,28)/(85,85)|(11,11)/(102,102)|(56,56)/(57,57)|(48,48)/(65,65)|(25,25)/(88,88)|(19,19)/(94,94)|(31,31)/(82,82)|(1,1)/(112,112)|(53,53)/(60,60)|(35,35)/(78,78)|(21,21)/(92,92)|(7,7)/(106,106)|(6,6)/(107,107)|(10,10)/(103,103)|(50,50)/(63,63)|(12,12)/(101,101)|(13,13)/(100,100)|(44,44)/(69,69)","(15,15)/(98,98)|(39,39)/(74,74)|(30,30)/(83,83)|(29,29)/(84,84)|(17,17)/(96,96)|(54,54)/(59,59)|(9,9)/(104,104)|(6,6)/(107,107)|(10,10)/(103,103)|(40,40)/(73,73)|(43,43)/(70,70)|(16,16)/(97,97)|(38,38)/(75,75)|(31,31)/(82,82)|(56,56)/(57,57)|(41,41)/(72,72)|(49,49)/(64,64)|(45,45)/(68,68)",876130104.0,285327174.68359375,1.0,addition_only,0.008849557489156723
subtraction_depth1_muon,1,muon,minimum_after_first_generalized,17000,checkpoints/subtraction_depth_1_muon_seed_0/step_017000.pt,0.8509671688079834,0.75,equal_power_frequency_relocation,9,18,"(28,28)/(85,85)|(11,11)/(102,102)|(56,56)/(57,57)|(48,48)/(65,65)|(25,25)/(88,88)|(19,19)/(94,94)|(31,31)/(82,82)|(1,1)/(112,112)|(53,53)/(60,60)|(35,35)/(78,78)|(21,21)/(92,92)|(7,7)/(106,106)|(6,6)/(107,107)|(10,10)/(103,103)|(50,50)/(63,63)|(12,12)/(101,101)|(13,13)/(100,100)|(44,44)/(69,69)","(43,43)/(70,70)|(25,25)/(88,88)|(48,48)/(65,65)|(38,38)/(75,75)|(51,51)/(62,62)|(11,11)/(102,102)|(39,39)/(74,74)|(35,35)/(78,78)|(21,21)/(92,92)|(17,17)/(96,96)|(37,37)/(76,76)|(18,18)/(95,95)|(8,8)/(105,105)|(4,4)/(109,109)|(27,27)/(86,86)|(9,9)/(104,104)|(26,26)/(87,87)|(45,45)/(68,68)",876130104.0,876130104.0,1.0,addition_only,0.008849557489156723
subtraction_depth1_muon,1,muon,minimum_after_first_generalized,17000,checkpoints/subtraction_depth_1_muon_seed_0/step_017000.pt,0.8509671688079834,0.9,random_native_addition_subset,0,28,"(28,28)/(85,85)|(11,11)/(102,102)|(56,56)/(57,57)|(48,48)/(65,65)|(25,25)/(88,88)|(19,19)/(94,94)|(31,31)/(82,82)|(1,1)/(112,112)|(53,53)/(60,60)|(35,35)/(78,78)|(21,21)/(92,92)|(7,7)/(106,106)|(6,6)/(107,107)|(10,10)/(103,103)|(50,50)/(63,63)|(12,12)/(101,101)|(13,13)/(100,100)|(44,44)/(69,69)|(8,8)/(105,105)|(45,45)/(68,68)|(22,22)/(91,91)|(27,27)/(86,86)|(39,39)/(74,74)|(47,47)/(66,66)|(5,5)/(108,108)|(43,43)/(70,70)|(46,46)/(67,67)|(15,15)/(98,98)","(35,35)/(78,78)|(30,30)/(83,83)|(25,25)/(88,88)|(46,46)/(67,67)|(9,9)/(104,104)|(34,34)/(79,79)|(20,20)/(93,93)|(16,16)/(97,97)|(19,19)/(94,94)|(13,13)/(100,100)|(54,54)/(59,59)|(10,10)/(103,103)|(24,24)/(89,89)|(44,44)/(69,69)|(38,38)/(75,75)|(3,3)/(110,110)|(45,45)/(68,68)|(6,6)/(107,107)|(4,4)/(109,109)|(41,41)/(72,72)|(32,32)/(81,81)|(55,55)/(58,58)|(21,21)/(92,92)|(23,23)/(90,90)|(14,14)/(99,99)|(39,39)/(74,74)|(42,42)/(71,71)|(5,5)/(108,108)",1057873574.0,412025103.921875,1.0,addition_only,0.008849557489156723
subtraction_depth1_muon,1,muon,minimum_after_first_generalized,17000,checkpoints/subtraction_depth_1_muon_seed_0/step_017000.pt,0.8509671688079834,0.9,equal_power_frequency_relocation,0,28,"(28,28)/(85,85)|(11,11)/(102,102)|(56,56)/(57,57)|(48,48)/(65,65)|(25,25)/(88,88)|(19,19)/(94,94)|(31,31)/(82,82)|(1,1)/(112,112)|(53,53)/(60,60)|(35,35)/(78,78)|(21,21)/(92,92)|(7,7)/(106,106)|(6,6)/(107,107)|(10,10)/(103,103)|(50,50)/(63,63)|(12,12)/(101,101)|(13,13)/(100,100)|(44,44)/(69,69)|(8,8)/(105,105)|(45,45)/(68,68)|(22,22)/(91,91)|(27,27)/(86,86)|(39,39)/(74,74)|(47,47)/(66,66)|(5,5)/(108,108)|(43,43)/(70,70)|(46,46)/(67,67)|(15,15)/(98,98)","(39,39)/(74,74)|(26,26)/(87,87)|(27,27)/(86,86)|(56,56)/(57,57)|(34,34)/(79,79)|(4,4)/(109,109)|(10,10)/(103,103)|(55,55)/(58,58)|(8,8)/(105,105)|(11,11)/(102,102)|(41,41)/(72,72)|(25,25)/(88,88)|(2,2)/(111,111)|(37,37)/(76,76)|(43,43)/(70,70)|(18,18)/(95,95)|(6,6)/(107,107)|(3,3)/(110,110)|(38,38)/(75,75)|(29,29)/(84,84)|(5,5)/(108,108)|(15,15)/(98,98)|(45,45)/(68,68)|(19,19)/(94,94)|(35,35)/(78,78)|(46,46)/(67,67)|(51,51)/(62,62)|(52,52)/(61,61)",1057873574.0,1057873574.0,1.0,addition_only,0.008849557489156723
subtraction_depth1_muon,1,muon,minimum_after_first_generalized,17000,checkpoints/subtraction_depth_1_muon_seed_0/step_017000.pt,0.8509671688079834,0.9,random_native_addition_subset,1,28,"(28,28)/(85,85)|(11,11)/(102,102)|(56,56)/(57,57)|(48,48)/(65,65)|(25,25)/(88,88)|(19,19)/(94,94)|(31,31)/(82,82)|(1,1)/(112,112)|(53,53)/(60,60)|(35,35)/(78,78)|(21,21)/(92,92)|(7,7)/(106,106)|(6,6)/(107,107)|(10,10)/(103,103)|(50,50)/(63,63)|(12,12)/(101,101)|(13,13)/(100,100)|(44,44)/(69,69)|(8,8)/(105,105)|(45,45)/(68,68)|(22,22)/(91,91)|(27,27)/(86,86)|(39,39)/(74,74)|(47,47)/(66,66)|(5,5)/(108,108)|(43,43)/(70,70)|(46,46)/(67,67)|(15,15)/(98,98)","(25,25)/(88,88)|(20,20)/(93,93)|(28,28)/(85,85)|(51,51)/(62,62)|(26,26)/(87,87)|(9,9)/(104,104)|(14,14)/(99,99)|(40,40)/(73,73)|(15,15)/(98,98)|(31,31)/(82,82)|(2,2)/(111,111)|(49,49)/(64,64)|(23,23)/(90,90)|(12,12)/(101,101)|(34,34)/(79,79)|(10,10)/(103,103)|(8,8)/(105,105)|(50,50)/(63,63)|(38,38)/(75,75)|(16,16)/(97,97)|(48,48)/(65,65)|(43,43)/(70,70)|(52,52)/(61,61)|(11,11)/(102,102)|(29,29)/(84,84)|(53,53)/(60,60)|(22,22)/(91,91)|(6,6)/(107,107)",1057873574.0,705336928.5664062,1.0,addition_only,0.008849557489156723
subtraction_depth1_muon,1,muon,minimum_after_first_generalized,17000,checkpoints/subtraction_depth_1_muon_seed_0/step_017000.pt,0.8509671688079834,0.9,equal_power_frequency_relocation,1,28,"(28,28)/(85,85)|(11,11)/(102,102)|(56,56)/(57,57)|(48,48)/(65,65)|(25,25)/(88,88)|(19,19)/(94,94)|(31,31)/(82,82)|(1,1)/(112,112)|(53,53)/(60,60)|(35,35)/(78,78)|(21,21)/(92,92)|(7,7)/(106,106)|(6,6)/(107,107)|(10,10)/(103,103)|(50,50)/(63,63)|(12,12)/(101,101)|(13,13)/(100,100)|(44,44)/(69,69)|(8,8)/(105,105)|(45,45)/(68,68)|(22,22)/(91,91)|(27,27)/(86,86)|(39,39)/(74,74)|(47,47)/(66,66)|(5,5)/(108,108)|(43,43)/(70,70)|(46,46)/(67,67)|(15,15)/(98,98)","(3,3)/(110,110)|(32,32)/(81,81)|(38,38)/(75,75)|(46,46)/(67,67)|(2,2)/(111,111)|(47,47)/(66,66)|(41,41)/(72,72)|(11,11)/(102,102)|(43,43)/(70,70)|(23,23)/(90,90)|(28,28)/(85,85)|(45,45)/(68,68)|(22,22)/(91,91)|(24,24)/(89,89)|(53,53)/(60,60)|(51,51)/(62,62)|(42,42)/(71,71)|(7,7)/(106,106)|(44,44)/(69,69)|(21,21)/(92,92)|(31,31)/(82,82)|(54,54)/(59,59)|(20,20)/(93,93)|(13,13)/(100,100)|(55,55)/(58,58)|(39,39)/(74,74)|(18,18)/(95,95)|(56,56)/(57,57)",1057873574.0,1057873574.0,1.0,addition_only,0.008849557489156723
subtraction_depth1_muon,1,muon,minimum_after_first_generalized,17000,checkpoints/subtraction_depth_1_muon_seed_0/step_017000.pt,0.8509671688079834,0.9,random_native_addition_subset,2,28,"(28,28)/(85,85)|(11,11)/(102,102)|(56,56)/(57,57)|(48,48)/(65,65)|(25,25)/(88,88)|(19,19)/(94,94)|(31,31)/(82,82)|(1,1)/(112,112)|(53,53)/(60,60)|(35,35)/(78,78)|(21,21)/(92,92)|(7,7)/(106,106)|(6,6)/(107,107)|(10,10)/(103,103)|(50,50)/(63,63)|(12,12)/(101,101)|(13,13)/(100,100)|(44,44)/(69,69)|(8,8)/(105,105)|(45,45)/(68,68)|(22,22)/(91,91)|(27,27)/(86,86)|(39,39)/(74,74)|(47,47)/(66,66)|(5,5)/(108,108)|(43,43)/(70,70)|(46,46)/(67,67)|(15,15)/(98,98)","(25,25)/(88,88)|(17,17)/(96,96)|(33,33)/(80,80)|(52,52)/(61,61)|(34,34)/(79,79)|(30,30)/(83,83)|(35,35)/(78,78)|(4,4)/(109,109)|(46,46)/(67,67)|(27,27)/(86,86)|(14,14)/(99,99)|(55,55)/(58,58)|(29,29)/(84,84)|(19,19)/(94,94)|(15,15)/(98,98)|(21,21)/(92,92)|(5,5)/(108,108)|(38,38)/(75,75)|(23,23)/(90,90)|(37,37)/(76,76)|(18,18)/(95,95)|(31,31)/(82,82)|(40,40)/(73,73)|(36,36)/(77,77)|(44,44)/(69,69)|(10,10)/(103,103)|(8,8)/(105,105)|(7,7)/(106,106)",1057873574.0,465887244.390625,1.0,addition_only,0.008849557489156723
subtraction_depth1_muon,1,muon,minimum_after_first_generalized,17000,checkpoints/subtraction_depth_1_muon_seed_0/step_017000.pt,0.8509671688079834,0.9,equal_power_frequency_relocation,2,28,"(28,28)/(85,85)|(11,11)/(102,102)|(56,56)/(57,57)|(48,48)/(65,65)|(25,25)/(88,88)|(19,19)/(94,94)|(31,31)/(82,82)|(1,1)/(112,112)|(53,53)/(60,60)|(35,35)/(78,78)|(21,21)/(92,92)|(7,7)/(106,106)|(6,6)/(107,107)|(10,10)/(103,103)|(50,50)/(63,63)|(12,12)/(101,101)|(13,13)/(100,100)|(44,44)/(69,69)|(8,8)/(105,105)|(45,45)/(68,68)|(22,22)/(91,91)|(27,27)/(86,86)|(39,39)/(74,74)|(47,47)/(66,66)|(5,5)/(108,108)|(43,43)/(70,70)|(46,46)/(67,67)|(15,15)/(98,98)","(52,52)/(61,61)|(34,34)/(79,79)|(31,31)/(82,82)|(41,41)/(72,72)|(42,42)/(71,71)|(49,49)/(64,64)|(11,11)/(102,102)|(29,29)/(84,84)|(38,38)/(75,75)|(28,28)/(85,85)|(18,18)/(95,95)|(33,33)/(80,80)|(7,7)/(106,106)|(3,3)/(110,110)|(20,20)/(93,93)|(2,2)/(111,111)|(6,6)/(107,107)|(13,13)/(100,100)|(44,44)/(69,69)|(36,36)/(77,77)|(48,48)/(65,65)|(22,22)/(91,91)|(55,55)/(58,58)|(24,24)/(89,89)|(19,19)/(94,94)|(8,8)/(105,105)|(43,43)/(70,70)|(30,30)/(83,83)",1057873574.0,1057873574.0,1.0,addition_only,0.008849557489156723
subtraction_depth1_muon,1,muon,minimum_after_first_generalized,17000,checkpoints/subtraction_depth_1_muon_seed_0/step_017000.pt,0.8509671688079834,0.9,random_native_addition_subset,3,28,"(28,28)/(85,85)|(11,11)/(102,102)|(56,56)/(57,57)|(48,48)/(65,65)|(25,25)/(88,88)|(19,19)/(94,94)|(31,31)/(82,82)|(1,1)/(112,112)|(53,53)/(60,60)|(35,35)/(78,78)|(21,21)/(92,92)|(7,7)/(106,106)|(6,6)/(107,107)|(10,10)/(103,103)|(50,50)/(63,63)|(12,12)/(101,101)|(13,13)/(100,100)|(44,44)/(69,69)|(8,8)/(105,105)|(45,45)/(68,68)|(22,22)/(91,91)|(27,27)/(86,86)|(39,39)/(74,74)|(47,47)/(66,66)|(5,5)/(108,108)|(43,43)/(70,70)|(46,46)/(67,67)|(15,15)/(98,98)","(33,33)/(80,80)|(6,6)/(107,107)|(52,52)/(61,61)|(31,31)/(82,82)|(49,49)/(64,64)|(7,7)/(106,106)|(1,1)/(112,112)|(19,19)/(94,94)|(54,54)/(59,59)|(23,23)/(90,90)|(28,28)/(85,85)|(34,34)/(79,79)|(21,21)/(92,92)|(17,17)/(96,96)|(8,8)/(105,105)|(18,18)/(95,95)|(51,51)/(62,62)|(45,45)/(68,68)|(14,14)/(99,99)|(3,3)/(110,110)|(4,4)/(109,109)|(11,11)/(102,102)|(56,56)/(57,57)|(5,5)/(108,108)|(2,2)/(111,111)|(16,16)/(97,97)|(20,20)/(93,93)|(29,29)/(84,84)",1057873574.0,691588193.2226562,1.0,addition_only,0.008849557489156723
subtraction_depth1_muon,1,muon,minimum_after_first_generalized,17000,checkpoints/subtraction_depth_1_muon_seed_0/step_017000.pt,0.8509671688079834,0.9,equal_power_frequency_relocation,3,28,"(28,28)/(85,85)|(11,11)/(102,102)|(56,56)/(57,57)|(48,48)/(65,65)|(25,25)/(88,88)|(19,19)/(94,94)|(31,31)/(82,82)|(1,1)/(112,112)|(53,53)/(60,60)|(35,35)/(78,78)|(21,21)/(92,92)|(7,7)/(106,106)|(6,6)/(107,107)|(10,10)/(103,103)|(50,50)/(63,63)|(12,12)/(101,101)|(13,13)/(100,100)|(44,44)/(69,69)|(8,8)/(105,105)|(45,45)/(68,68)|(22,22)/(91,91)|(27,27)/(86,86)|(39,39)/(74,74)|(47,47)/(66,66)|(5,5)/(108,108)|(43,43)/(70,70)|(46,46)/(67,67)|(15,15)/(98,98)","(4,4)/(109,109)|(41,41)/(72,72)|(19,19)/(94,94)|(18,18)/(95,95)|(24,24)/(89,89)|(1,1)/(112,112)|(44,44)/(69,69)|(48,48)/(65,65)|(9,9)/(104,104)|(36,36)/(77,77)|(11,11)/(102,102)|(5,5)/(108,108)|(35,35)/(78,78)|(39,39)/(74,74)|(17,17)/(96,96)|(52,52)/(61,61)|(49,49)/(64,64)|(13,13)/(100,100)|(31,31)/(82,82)|(14,14)/(99,99)|(29,29)/(84,84)|(12,12)/(101,101)|(50,50)/(63,63)|(33,33)/(80,80)|(25,25)/(88,88)|(3,3)/(110,110)|(27,27)/(86,86)|(23,23)/(90,90)",1057873574.0,1057873574.0,1.0,addition_only,0.008849557489156723
subtraction_depth1_muon,1,muon,minimum_after_first_generalized,17000,checkpoints/subtraction_depth_1_muon_seed_0/step_017000.pt,0.8509671688079834,0.9,random_native_addition_subset,4,28,"(28,28)/(85,85)|(11,11)/(102,102)|(56,56)/(57,57)|(48,48)/(65,65)|(25,25)/(88,88)|(19,19)/(94,94)|(31,31)/(82,82)|(1,1)/(112,112)|(53,53)/(60,60)|(35,35)/(78,78)|(21,21)/(92,92)|(7,7)/(106,106)|(6,6)/(107,107)|(10,10)/(103,103)|(50,50)/(63,63)|(12,12)/(101,101)|(13,13)/(100,100)|(44,44)/(69,69)|(8,8)/(105,105)|(45,45)/(68,68)|(22,22)/(91,91)|(27,27)/(86,86)|(39,39)/(74,74)|(47,47)/(66,66)|(5,5)/(108,108)|(43,43)/(70,70)|(46,46)/(67,67)|(15,15)/(98,98)","(11,11)/(102,102)|(10,10)/(103,103)|(55,55)/(58,58)|(16,16)/(97,97)|(23,23)/(90,90)|(35,35)/(78,78)|(20,20)/(93,93)|(21,21)/(92,92)|(34,34)/(79,79)|(32,32)/(81,81)|(54,54)/(59,59)|(3,3)/(110,110)|(27,27)/(86,86)|(17,17)/(96,96)|(14,14)/(99,99)|(46,46)/(67,67)|(49,49)/(64,64)|(40,40)/(73,73)|(29,29)/(84,84)|(31,31)/(82,82)|(19,19)/(94,94)|(28,28)/(85,85)|(18,18)/(95,95)|(9,9)/(104,104)|(7,7)/(106,106)|(44,44)/(69,69)|(50,50)/(63,63)|(52,52)/(61,61)",1057873574.0,640498238.0429688,1.0,addition_only,0.008849557489156723
subtraction_depth1_muon,1,muon,minimum_after_first_generalized,17000,checkpoints/subtraction_depth_1_muon_seed_0/step_017000.pt,0.8509671688079834,0.9,equal_power_frequency_relocation,4,28,"(28,28)/(85,85)|(11,11)/(102,102)|(56,56)/(57,57)|(48,48)/(65,65)|(25,25)/(88,88)|(19,19)/(94,94)|(31,31)/(82,82)|(1,1)/(112,112)|(53,53)/(60,60)|(35,35)/(78,78)|(21,21)/(92,92)|(7,7)/(106,106)|(6,6)/(107,107)|(10,10)/(103,103)|(50,50)/(63,63)|(12,12)/(101,101)|(13,13)/(100,100)|(44,44)/(69,69)|(8,8)/(105,105)|(45,45)/(68,68)|(22,22)/(91,91)|(27,27)/(86,86)|(39,39)/(74,74)|(47,47)/(66,66)|(5,5)/(108,108)|(43,43)/(70,70)|(46,46)/(67,67)|(15,15)/(98,98)","(24,24)/(89,89)|(28,28)/(85,85)|(32,32)/(81,81)|(54,54)/(59,59)|(4,4)/(109,109)|(5,5)/(108,108)|(12,12)/(101,101)|(21,21)/(92,92)|(34,34)/(79,79)|(22,22)/(91,91)|(27,27)/(86,86)|(31,31)/(82,82)|(43,43)/(70,70)|(1,1)/(112,112)|(39,39)/(74,74)|(48,48)/(65,65)|(26,26)/(87,87)|(19,19)/(94,94)|(53,53)/(60,60)|(25,25)/(88,88)|(23,23)/(90,90)|(37,37)/(76,76)|(44,44)/(69,69)|(35,35)/(78,78)|(49,49)/(64,64)|(8,8)/(105,105)|(3,3)/(110,110)|(11,11)/(102,102)",1057873574.0,1057873574.0,1.0,addition_only,0.008849557489156723
subtraction_depth1_muon,1,muon,minimum_after_first_generalized,17000,checkpoints/subtraction_depth_1_muon_seed_0/step_017000.pt,0.8509671688079834,0.9,random_native_addition_subset,5,28,"(28,28)/(85,85)|(11,11)/(102,102)|(56,56)/(57,57)|(48,48)/(65,65)|(25,25)/(88,88)|(19,19)/(94,94)|(31,31)/(82,82)|(1,1)/(112,112)|(53,53)/(60,60)|(35,35)/(78,78)|(21,21)/(92,92)|(7,7)/(106,106)|(6,6)/(107,107)|(10,10)/(103,103)|(50,50)/(63,63)|(12,12)/(101,101)|(13,13)/(100,100)|(44,44)/(69,69)|(8,8)/(105,105)|(45,45)/(68,68)|(22,22)/(91,91)|(27,27)/(86,86)|(39,39)/(74,74)|(47,47)/(66,66)|(5,5)/(108,108)|(43,43)/(70,70)|(46,46)/(67,67)|(15,15)/(98,98)","(54,54)/(59,59)|(10,10)/(103,103)|(45,45)/(68,68)|(18,18)/(95,95)|(23,23)/(90,90)|(31,31)/(82,82)|(11,11)/(102,102)|(46,46)/(67,67)|(48,48)/(65,65)|(21,21)/(92,92)|(7,7)/(106,106)|(5,5)/(108,108)|(43,43)/(70,70)|(24,24)/(89,89)|(50,50)/(63,63)|(30,30)/(83,83)|(13,13)/(100,100)|(4,4)/(109,109)|(47,47)/(66,66)|(34,34)/(79,79)|(33,33)/(80,80)|(39,39)/(74,74)|(36,36)/(77,77)|(14,14)/(99,99)|(17,17)/(96,96)|(2,2)/(111,111)|(44,44)/(69,69)|(52,52)/(61,61)",1057873574.0,503524088.0625,1.0,addition_only,0.008849557489156723
subtraction_depth1_muon,1,muon,minimum_after_first_generalized,17000,checkpoints/subtraction_depth_1_muon_seed_0/step_017000.pt,0.8509671688079834,0.9,equal_power_frequency_relocation,5,28,"(28,28)/(85,85)|(11,11)/(102,102)|(56,56)/(57,57)|(48,48)/(65,65)|(25,25)/(88,88)|(19,19)/(94,94)|(31,31)/(82,82)|(1,1)/(112,112)|(53,53)/(60,60)|(35,35)/(78,78)|(21,21)/(92,92)|(7,7)/(106,106)|(6,6)/(107,107)|(10,10)/(103,103)|(50,50)/(63,63)|(12,12)/(101,101)|(13,13)/(100,100)|(44,44)/(69,69)|(8,8)/(105,105)|(45,45)/(68,68)|(22,22)/(91,91)|(27,27)/(86,86)|(39,39)/(74,74)|(47,47)/(66,66)|(5,5)/(108,108)|(43,43)/(70,70)|(46,46)/(67,67)|(15,15)/(98,98)","(27,27)/(86,86)|(18,18)/(95,95)|(54,54)/(59,59)|(50,50)/(63,63)|(2,2)/(111,111)|(36,36)/(77,77)|(33,33)/(80,80)|(22,22)/(91,91)|(38,38)/(75,75)|(13,13)/(100,100)|(17,17)/(96,96)|(43,43)/(70,70)|(12,12)/(101,101)|(40,40)/(73,73)|(42,42)/(71,71)|(23,23)/(90,90)|(9,9)/(104,104)|(29,29)/(84,84)|(37,37)/(76,76)|(28,28)/(85,85)|(56,56)/(57,57)|(39,39)/(74,74)|(25,25)/(88,88)|(48,48)/(65,65)|(46,46)/(67,67)|(3,3)/(110,110)|(7,7)/(106,106)|(49,49)/(64,64)",1057873574.0,1057873574.0,1.0,addition_only,0.008849557489156723
subtraction_depth1_muon,1,muon,minimum_after_first_generalized,17000,checkpoints/subtraction_depth_1_muon_seed_0/step_017000.pt,0.8509671688079834,0.9,random_native_addition_subset,6,28,"(28,28)/(85,85)|(11,11)/(102,102)|(56,56)/(57,57)|(48,48)/(65,65)|(25,25)/(88,88)|(19,19)/(94,94)|(31,31)/(82,82)|(1,1)/(112,112)|(53,53)/(60,60)|(35,35)/(78,78)|(21,21)/(92,92)|(7,7)/(106,106)|(6,6)/(107,107)|(10,10)/(103,103)|(50,50)/(63,63)|(12,12)/(101,101)|(13,13)/(100,100)|(44,44)/(69,69)|(8,8)/(105,105)|(45,45)/(68,68)|(22,22)/(91,91)|(27,27)/(86,86)|(39,39)/(74,74)|(47,47)/(66,66)|(5,5)/(108,108)|(43,43)/(70,70)|(46,46)/(67,67)|(15,15)/(98,98)","(42,42)/(71,71)|(54,54)/(59,59)|(5,5)/(108,108)|(37,37)/(76,76)|(13,13)/(100,100)|(4,4)/(109,109)|(48,48)/(65,65)|(23,23)/(90,90)|(39,39)/(74,74)|(50,50)/(63,63)|(49,49)/(64,64)|(32,32)/(81,81)|(11,11)/(102,102)|(14,14)/(99,99)|(7,7)/(106,106)|(33,33)/(80,80)|(26,26)/(87,87)|(38,38)/(75,75)|(34,34)/(79,79)|(46,46)/(67,67)|(20,20)/(93,93)|(24,24)/(89,89)|(30,30)/(83,83)|(19,19)/(94,94)|(53,53)/(60,60)|(52,52)/(61,61)|(10,10)/(103,103)|(6,6)/(107,107)",1057873574.0,472012980.63671875,1.0,addition_only,0.008849557489156723
subtraction_depth1_muon,1,muon,minimum_after_first_generalized,17000,checkpoints/subtraction_depth_1_muon_seed_0/step_017000.pt,0.8509671688079834,0.9,equal_power_frequency_relocation,6,28,"(28,28)/(85,85)|(11,11)/(102,102)|(56,56)/(57,57)|(48,48)/(65,65)|(25,25)/(88,88)|(19,19)/(94,94)|(31,31)/(82,82)|(1,1)/(112,112)|(53,53)/(60,60)|(35,35)/(78,78)|(21,21)/(92,92)|(7,7)/(106,106)|(6,6)/(107,107)|(10,10)/(103,103)|(50,50)/(63,63)|(12,12)/(101,101)|(13,13)/(100,100)|(44,44)/(69,69)|(8,8)/(105,105)|(45,45)/(68,68)|(22,22)/(91,91)|(27,27)/(86,86)|(39,39)/(74,74)|(47,47)/(66,66)|(5,5)/(108,108)|(43,43)/(70,70)|(46,46)/(67,67)|(15,15)/(98,98)","(27,27)/(86,86)|(7,7)/(106,106)|(45,45)/(68,68)|(42,42)/(71,71)|(47,47)/(66,66)|(51,51)/(62,62)|(33,33)/(80,80)|(5,5)/(108,108)|(23,23)/(90,90)|(15,15)/(98,98)|(50,50)/(63,63)|(19,19)/(94,94)|(44,44)/(69,69)|(37,37)/(76,76)|(4,4)/(109,109)|(2,2)/(111,111)|(48,48)/(65,65)|(10,10)/(103,103)|(31,31)/(82,82)|(1,1)/(112,112)|(53,53)/(60,60)|(54,54)/(59,59)|(6,6)/(107,107)|(25,25)/(88,88)|(21,21)/(92,92)|(8,8)/(105,105)|(20,20)/(93,93)|(26,26)/(87,87)",1057873574.0,1057873574.0,1.0,addition_only,0.008849557489156723
subtraction_depth1_muon,1,muon,minimum_after_first_generalized,17000,checkpoints/subtraction_depth_1_muon_seed_0/step_017000.pt,0.8509671688079834,0.9,random_native_addition_subset,7,28,"(28,28)/(85,85)|(11,11)/(102,102)|(56,56)/(57,57)|(48,48)/(65,65)|(25,25)/(88,88)|(19,19)/(94,94)|(31,31)/(82,82)|(1,1)/(112,112)|(53,53)/(60,60)|(35,35)/(78,78)|(21,21)/(92,92)|(7,7)/(106,106)|(6,6)/(107,107)|(10,10)/(103,103)|(50,50)/(63,63)|(12,12)/(101,101)|(13,13)/(100,100)|(44,44)/(69,69)|(8,8)/(105,105)|(45,45)/(68,68)|(22,22)/(91,91)|(27,27)/(86,86)|(39,39)/(74,74)|(47,47)/(66,66)|(5,5)/(108,108)|(43,43)/(70,70)|(46,46)/(67,67)|(15,15)/(98,98)","(48,48)/(65,65)|(41,41)/(72,72)|(14,14)/(99,99)|(24,24)/(89,89)|(32,32)/(81,81)|(26,26)/(87,87)|(55,55)/(58,58)|(25,25)/(88,88)|(40,40)/(73,73)|(34,34)/(79,79)|(7,7)/(106,106)|(1,1)/(112,112)|(27,27)/(86,86)|(21,21)/(92,92)|(45,45)/(68,68)|(56,56)/(57,57)|(50,50)/(63,63)|(31,31)/(82,82)|(39,39)/(74,74)|(22,22)/(91,91)|(16,16)/(97,97)|(35,35)/(78,78)|(28,28)/(85,85)|(42,42)/(71,71)|(49,49)/(64,64)|(37,37)/(76,76)|(11,11)/(102,102)|(51,51)/(62,62)",1057873574.0,775435733.5195312,1.0,addition_only,0.008849557489156723
subtraction_depth1_muon,1,muon,minimum_after_first_generalized,17000,checkpoints/subtraction_depth_1_muon_seed_0/step_017000.pt,0.8509671688079834,0.9,equal_power_frequency_relocation,7,28,"(28,28)/(85,85)|(11,11)/(102,102)|(56,56)/(57,57)|(48,48)/(65,65)|(25,25)/(88,88)|(19,19)/(94,94)|(31,31)/(82,82)|(1,1)/(112,112)|(53,53)/(60,60)|(35,35)/(78,78)|(21,21)/(92,92)|(7,7)/(106,106)|(6,6)/(107,107)|(10,10)/(103,103)|(50,50)/(63,63)|(12,12)/(101,101)|(13,13)/(100,100)|(44,44)/(69,69)|(8,8)/(105,105)|(45,45)/(68,68)|(22,22)/(91,91)|(27,27)/(86,86)|(39,39)/(74,74)|(47,47)/(66,66)|(5,5)/(108,108)|(43,43)/(70,70)|(46,46)/(67,67)|(15,15)/(98,98)","(9,9)/(104,104)|(3,3)/(110,110)|(25,25)/(88,88)|(46,46)/(67,67)|(44,44)/(69,69)|(17,17)/(96,96)|(56,56)/(57,57)|(19,19)/(94,94)|(22,22)/(91,91)|(4,4)/(109,109)|(15,15)/(98,98)|(32,32)/(81,81)|(27,27)/(86,86)|(8,8)/(105,105)|(20,20)/(93,93)|(26,26)/(87,87)|(48,48)/(65,65)|(7,7)/(106,106)|(42,42)/(71,71)|(47,47)/(66,66)|(13,13)/(100,100)|(14,14)/(99,99)|(31,31)/(82,82)|(51,51)/(62,62)|(43,43)/(70,70)|(23,23)/(90,90)|(5,5)/(108,108)|(18,18)/(95,95)",1057873574.0,1057873574.0,1.0,addition_only,0.008849557489156723
subtraction_depth1_muon,1,muon,minimum_after_first_generalized,17000,checkpoints/subtraction_depth_1_muon_seed_0/step_017000.pt,0.8509671688079834,0.9,random_native_addition_subset,8,28,"(28,28)/(85,85)|(11,11)/(102,102)|(56,56)/(57,57)|(48,48)/(65,65)|(25,25)/(88,88)|(19,19)/(94,94)|(31,31)/(82,82)|(1,1)/(112,112)|(53,53)/(60,60)|(35,35)/(78,78)|(21,21)/(92,92)|(7,7)/(106,106)|(6,6)/(107,107)|(10,10)/(103,103)|(50,50)/(63,63)|(12,12)/(101,101)|(13,13)/(100,100)|(44,44)/(69,69)|(8,8)/(105,105)|(45,45)/(68,68)|(22,22)/(91,91)|(27,27)/(86,86)|(39,39)/(74,74)|(47,47)/(66,66)|(5,5)/(108,108)|(43,43)/(70,70)|(46,46)/(67,67)|(15,15)/(98,98)","(4,4)/(109,109)|(32,32)/(81,81)|(10,10)/(103,103)|(29,29)/(84,84)|(40,40)/(73,73)|(39,39)/(74,74)|(34,34)/(79,79)|(56,56)/(57,57)|(13,13)/(100,100)|(52,52)/(61,61)|(18,18)/(95,95)|(48,48)/(65,65)|(45,45)/(68,68)|(25,25)/(88,88)|(51,51)/(62,62)|(47,47)/(66,66)|(35,35)/(78,78)|(54,54)/(59,59)|(1,1)/(112,112)|(53,53)/(60,60)|(24,24)/(89,89)|(31,31)/(82,82)|(19,19)/(94,94)|(14,14)/(99,99)|(27,27)/(86,86)|(38,38)/(75,75)|(16,16)/(97,97)|(23,23)/(90,90)",1057873574.0,586566597.6328125,1.0,addition_only,0.008849557489156723
subtraction_depth1_muon,1,muon,minimum_after_first_generalized,17000,checkpoints/subtraction_depth_1_muon_seed_0/step_017000.pt,0.8509671688079834,0.9,equal_power_frequency_relocation,8,28,"(28,28)/(85,85)|(11,11)/(102,102)|(56,56)/(57,57)|(48,48)/(65,65)|(25,25)/(88,88)|(19,19)/(94,94)|(31,31)/(82,82)|(1,1)/(112,112)|(53,53)/(60,60)|(35,35)/(78,78)|(21,21)/(92,92)|(7,7)/(106,106)|(6,6)/(107,107)|(10,10)/(103,103)|(50,50)/(63,63)|(12,12)/(101,101)|(13,13)/(100,100)|(44,44)/(69,69)|(8,8)/(105,105)|(45,45)/(68,68)|(22,22)/(91,91)|(27,27)/(86,86)|(39,39)/(74,74)|(47,47)/(66,66)|(5,5)/(108,108)|(43,43)/(70,70)|(46,46)/(67,67)|(15,15)/(98,98)","(12,12)/(101,101)|(13,13)/(100,100)|(33,33)/(80,80)|(5,5)/(108,108)|(1,1)/(112,112)|(20,20)/(93,93)|(36,36)/(77,77)|(2,2)/(111,111)|(29,29)/(84,84)|(53,53)/(60,60)|(15,15)/(98,98)|(4,4)/(109,109)|(52,52)/(61,61)|(46,46)/(67,67)|(9,9)/(104,104)|(56,56)/(57,57)|(50,50)/(63,63)|(34,34)/(79,79)|(10,10)/(103,103)|(27,27)/(86,86)|(25,25)/(88,88)|(54,54)/(59,59)|(47,47)/(66,66)|(7,7)/(106,106)|(24,24)/(89,89)|(23,23)/(90,90)|(19,19)/(94,94)|(42,42)/(71,71)",1057873574.0,1057873574.0,1.0,addition_only,0.008849557489156723
subtraction_depth1_muon,1,muon,minimum_after_first_generalized,17000,checkpoints/subtraction_depth_1_muon_seed_0/step_017000.pt,0.8509671688079834,0.9,random_native_addition_subset,9,28,"(28,28)/(85,85)|(11,11)/(102,102)|(56,56)/(57,57)|(48,48)/(65,65)|(25,25)/(88,88)|(19,19)/(94,94)|(31,31)/(82,82)|(1,1)/(112,112)|(53,53)/(60,60)|(35,35)/(78,78)|(21,21)/(92,92)|(7,7)/(106,106)|(6,6)/(107,107)|(10,10)/(103,103)|(50,50)/(63,63)|(12,12)/(101,101)|(13,13)/(100,100)|(44,44)/(69,69)|(8,8)/(105,105)|(45,45)/(68,68)|(22,22)/(91,91)|(27,27)/(86,86)|(39,39)/(74,74)|(47,47)/(66,66)|(5,5)/(108,108)|(43,43)/(70,70)|(46,46)/(67,67)|(15,15)/(98,98)","(35,35)/(78,78)|(27,27)/(86,86)|(54,54)/(59,59)|(48,48)/(65,65)|(31,31)/(82,82)|(34,34)/(79,79)|(5,5)/(108,108)|(6,6)/(107,107)|(53,53)/(60,60)|(25,25)/(88,88)|(36,36)/(77,77)|(8,8)/(105,105)|(24,24)/(89,89)|(2,2)/(111,111)|(11,11)/(102,102)|(17,17)/(96,96)|(7,7)/(106,106)|(26,26)/(87,87)|(50,50)/(63,63)|(28,28)/(85,85)|(45,45)/(68,68)|(9,9)/(104,104)|(32,32)/(81,81)|(55,55)/(58,58)|(4,4)/(109,109)|(51,51)/(62,62)|(39,39)/(74,74)|(21,21)/(92,92)",1057873574.0,773984585.984375,1.0,addition_only,0.008849557489156723
subtraction_depth1_muon,1,muon,minimum_after_first_generalized,17000,checkpoints/subtraction_depth_1_muon_seed_0/step_017000.pt,0.8509671688079834,0.9,equal_power_frequency_relocation,9,28,"(28,28)/(85,85)|(11,11)/(102,102)|(56,56)/(57,57)|(48,48)/(65,65)|(25,25)/(88,88)|(19,19)/(94,94)|(31,31)/(82,82)|(1,1)/(112,112)|(53,53)/(60,60)|(35,35)/(78,78)|(21,21)/(92,92)|(7,7)/(106,106)|(6,6)/(107,107)|(10,10)/(103,103)|(50,50)/(63,63)|(12,12)/(101,101)|(13,13)/(100,100)|(44,44)/(69,69)|(8,8)/(105,105)|(45,45)/(68,68)|(22,22)/(91,91)|(27,27)/(86,86)|(39,39)/(74,74)|(47,47)/(66,66)|(5,5)/(108,108)|(43,43)/(70,70)|(46,46)/(67,67)|(15,15)/(98,98)","(16,16)/(97,97)|(29,29)/(84,84)|(36,36)/(77,77)|(1,1)/(112,112)|(6,6)/(107,107)|(2,2)/(111,111)|(22,22)/(91,91)|(49,49)/(64,64)|(12,12)/(101,101)|(37,37)/(76,76)|(47,47)/(66,66)|(23,23)/(90,90)|(9,9)/(104,104)|(53,53)/(60,60)|(41,41)/(72,72)|(42,42)/(71,71)|(25,25)/(88,88)|(24,24)/(89,89)|(17,17)/(96,96)|(52,52)/(61,61)|(3,3)/(110,110)|(14,14)/(99,99)|(18,18)/(95,95)|(45,45)/(68,68)|(55,55)/(58,58)|(40,40)/(73,73)|(51,51)/(62,62)|(31,31)/(82,82)",1057873574.0,1057873574.0,1.0,addition_only,0.008849557489156723
subtraction_depth1_muon,1,muon,minimum_after_first_generalized,17000,checkpoints/subtraction_depth_1_muon_seed_0/step_017000.pt,0.8509671688079834,0.9,equal_power_other_family,-1,28,"(28,28)/(85,85)|(11,11)/(102,102)|(56,56)/(57,57)|(48,48)/(65,65)|(25,25)/(88,88)|(19,19)/(94,94)|(31,31)/(82,82)|(1,1)/(112,112)|(53,53)/(60,60)|(35,35)/(78,78)|(21,21)/(92,92)|(7,7)/(106,106)|(6,6)/(107,107)|(10,10)/(103,103)|(50,50)/(63,63)|(12,12)/(101,101)|(13,13)/(100,100)|(44,44)/(69,69)|(8,8)/(105,105)|(45,45)/(68,68)|(22,22)/(91,91)|(27,27)/(86,86)|(39,39)/(74,74)|(47,47)/(66,66)|(5,5)/(108,108)|(43,43)/(70,70)|(46,46)/(67,67)|(15,15)/(98,98)","(28,0)/(85,0)|(11,0)/(102,0)|(56,0)/(57,0)|(8,0)/(105,0)|(27,0)/(86,0)|(31,0)/(82,0)|(1,0)/(112,0)|(48,0)/(65,0)|(13,0)/(100,0)|(19,0)/(94,0)|(44,0)/(69,0)|(35,0)/(78,0)|(15,0)/(98,0)|(25,0)/(88,0)|(24,0)/(89,0)|(22,0)/(91,0)|(50,0)/(63,0)|(10,0)/(103,0)|(21,0)/(92,0)|(29,0)/(84,0)|(45,0)/(68,0)|(6,0)/(107,0)|(38,0)/(75,0)|(7,0)/(106,0)|(39,0)/(74,0)|(23,0)/(90,0)|(53,0)/(60,0)|(52,0)/(61,0)",1057873574.0,5248198824.0,0.4489642333901997,a_only_only,0.008849557489156723
subtraction_depth1_muon,1,muon,minimum_after_first_generalized,17000,checkpoints/subtraction_depth_1_muon_seed_0/step_017000.pt,0.8509671688079834,0.9,equal_power_other_family,-1,28,"(28,28)/(85,85)|(11,11)/(102,102)|(56,56)/(57,57)|(48,48)/(65,65)|(25,25)/(88,88)|(19,19)/(94,94)|(31,31)/(82,82)|(1,1)/(112,112)|(53,53)/(60,60)|(35,35)/(78,78)|(21,21)/(92,92)|(7,7)/(106,106)|(6,6)/(107,107)|(10,10)/(103,103)|(50,50)/(63,63)|(12,12)/(101,101)|(13,13)/(100,100)|(44,44)/(69,69)|(8,8)/(105,105)|(45,45)/(68,68)|(22,22)/(91,91)|(27,27)/(86,86)|(39,39)/(74,74)|(47,47)/(66,66)|(5,5)/(108,108)|(43,43)/(70,70)|(46,46)/(67,67)|(15,15)/(98,98)","(0,28)/(0,85)|(0,11)/(0,102)|(0,1)/(0,112)|(0,27)/(0,86)|(0,10)/(0,103)|(0,56)/(0,57)|(0,13)/(0,100)|(0,8)/(0,105)|(0,48)/(0,65)|(0,39)/(0,74)|(0,31)/(0,82)|(0,44)/(0,69)|(0,19)/(0,94)|(0,35)/(0,78)|(0,45)/(0,68)|(0,9)/(0,104)|(0,50)/(0,63)|(0,38)/(0,75)|(0,22)/(0,91)|(0,7)/(0,106)|(0,24)/(0,89)|(0,21)/(0,92)|(0,6)/(0,107)|(0,23)/(0,90)|(0,15)/(0,98)|(0,53)/(0,60)|(0,25)/(0,88)|(0,37)/(0,76)",1057873574.0,6938825128.0,0.39045762917367516,b_only_only,0.008849557489156723
subtraction_depth1_muon,1,muon,minimum_after_first_generalized,17000,checkpoints/subtraction_depth_1_muon_seed_0/step_017000.pt,0.8509671688079834,0.9,equal_power_other_family,-1,28,"(28,28)/(85,85)|(11,11)/(102,102)|(56,56)/(57,57)|(48,48)/(65,65)|(25,25)/(88,88)|(19,19)/(94,94)|(31,31)/(82,82)|(1,1)/(112,112)|(53,53)/(60,60)|(35,35)/(78,78)|(21,21)/(92,92)|(7,7)/(106,106)|(6,6)/(107,107)|(10,10)/(103,103)|(50,50)/(63,63)|(12,12)/(101,101)|(13,13)/(100,100)|(44,44)/(69,69)|(8,8)/(105,105)|(45,45)/(68,68)|(22,22)/(91,91)|(27,27)/(86,86)|(39,39)/(74,74)|(47,47)/(66,66)|(5,5)/(108,108)|(43,43)/(70,70)|(46,46)/(67,67)|(15,15)/(98,98)","(28,85)/(85,28)|(11,102)/(102,11)|(13,100)/(100,13)|(31,82)/(82,31)|(1,112)/(112,1)|(56,57)/(57,56)|(8,105)/(105,8)|(27,86)/(86,27)|(24,89)/(89,24)|(10,103)/(103,10)|(48,65)/(65,48)|(25,88)/(88,25)|(19,94)/(94,19)|(35,78)/(78,35)|(38,75)/(75,38)|(53,60)/(60,53)|(9,104)/(104,9)|(15,98)/(98,15)|(21,92)/(92,21)|(7,106)/(106,7)|(6,107)/(107,6)|(39,74)/(74,39)|(50,63)/(63,50)|(22,91)/(91,22)|(12,101)/(101,12)|(44,69)/(69,44)|(45,68)/(68,45)|(43,70)/(70,43)",1057873574.0,2658373498.0,0.6308249833142855,subtraction_only,0.752212405204773
subtraction_depth1_muon,1,muon,minimum_after_first_generalized,17000,checkpoints/subtraction_depth_1_muon_seed_0/step_017000.pt,0.8509671688079834,0.9,equal_power_other_family,-1,28,"(28,28)/(85,85)|(11,11)/(102,102)|(56,56)/(57,57)|(48,48)/(65,65)|(25,25)/(88,88)|(19,19)/(94,94)|(31,31)/(82,82)|(1,1)/(112,112)|(53,53)/(60,60)|(35,35)/(78,78)|(21,21)/(92,92)|(7,7)/(106,106)|(6,6)/(107,107)|(10,10)/(103,103)|(50,50)/(63,63)|(12,12)/(101,101)|(13,13)/(100,100)|(44,44)/(69,69)|(8,8)/(105,105)|(45,45)/(68,68)|(22,22)/(91,91)|(27,27)/(86,86)|(39,39)/(74,74)|(47,47)/(66,66)|(5,5)/(108,108)|(43,43)/(70,70)|(46,46)/(67,67)|(15,15)/(98,98)","(28,84)/(85,29)|(29,85)/(84,28)|(28,29)/(85,84)|(28,56)/(85,57)|(29,28)/(84,85)|(56,85)/(57,28)|(11,33)/(102,80)|(2,112)/(111,1)|(2,1)/(111,112)|(1,2)/(112,111)|(31,93)/(82,20)|(3,1)/(110,112)|(33,102)/(80,11)|(19,57)/(94,56)|(56,28)/(57,85)|(31,85)/(82,28)|(11,22)/(102,91)|(19,56)/(94,57)|(8,24)/(105,89)|(56,112)/(57,1)|(25,38)/(88,75)|(7,21)/(106,92)|(47,28)/(66,85)|(7,92)/(106,21)|(47,85)/(66,28)|(31,48)/(82,65)|(28,57)/(85,56)|(22,11)/(91,102)",1057873574.0,64915811.875,4.036840940870297,generic_interaction_only,0.008301354944705963
subtraction_depth1_muon,1,muon,minimum_after_first_generalized,17000,checkpoints/subtraction_depth_1_muon_seed_0/step_017000.pt,0.8509671688079834,1.0,complete_addition_frequency_derangement,0,56,"(28,28)/(85,85)|(11,11)/(102,102)|(56,56)/(57,57)|(48,48)/(65,65)|(25,25)/(88,88)|(19,19)/(94,94)|(31,31)/(82,82)|(1,1)/(112,112)|(53,53)/(60,60)|(35,35)/(78,78)|(21,21)/(92,92)|(7,7)/(106,106)|(6,6)/(107,107)|(10,10)/(103,103)|(50,50)/(63,63)|(12,12)/(101,101)|(13,13)/(100,100)|(44,44)/(69,69)|(8,8)/(105,105)|(45,45)/(68,68)|(22,22)/(91,91)|(27,27)/(86,86)|(39,39)/(74,74)|(47,47)/(66,66)|(5,5)/(108,108)|(43,43)/(70,70)|(46,46)/(67,67)|(15,15)/(98,98)|(17,17)/(96,96)|(24,24)/(89,89)|(52,52)/(61,61)|(23,23)/(90,90)|(16,16)/(97,97)|(37,37)/(76,76)|(51,51)/(62,62)|(38,38)/(75,75)|(9,9)/(104,104)|(29,29)/(84,84)|(33,33)/(80,80)|(20,20)/(93,93)|(26,26)/(87,87)|(54,54)/(59,59)|(2,2)/(111,111)|(42,42)/(71,71)|(55,55)/(58,58)|(18,18)/(95,95)|(30,30)/(83,83)|(14,14)/(99,99)|(3,3)/(110,110)|(32,32)/(81,81)|(40,40)/(73,73)|(34,34)/(79,79)|(4,4)/(109,109)|(41,41)/(72,72)|(36,36)/(77,77)|(49,49)/(64,64)","(20,20)/(93,93)|(2,2)/(111,111)|(36,36)/(77,77)|(29,29)/(84,84)|(44,44)/(69,69)|(55,55)/(58,58)|(22,22)/(91,91)|(30,30)/(83,83)|(51,51)/(62,62)|(52,52)/(61,61)|(3,3)/(110,110)|(12,12)/(101,101)|(15,15)/(98,98)|(43,43)/(70,70)|(5,5)/(108,108)|(27,27)/(86,86)|(54,54)/(59,59)|(28,28)/(85,85)|(7,7)/(106,106)|(41,41)/(72,72)|(6,6)/(107,107)|(23,23)/(90,90)|(31,31)/(82,82)|(17,17)/(96,96)|(46,46)/(67,67)|(33,33)/(80,80)|(42,42)/(71,71)|(40,40)/(73,73)|(49,49)/(64,64)|(19,19)/(94,94)|(18,18)/(95,95)|(24,24)/(89,89)|(35,35)/(78,78)|(45,45)/(68,68)|(10,10)/(103,103)|(1,1)/(112,112)|(16,16)/(97,97)|(26,26)/(87,87)|(25,25)/(88,88)|(4,4)/(109,109)|(21,21)/(92,92)|(56,56)/(57,57)|(32,32)/(81,81)|(13,13)/(100,100)|(8,8)/(105,105)|(9,9)/(104,104)|(34,34)/(79,79)|(47,47)/(66,66)|(38,38)/(75,75)|(14,14)/(99,99)|(39,39)/(74,74)|(53,53)/(60,60)|(37,37)/(76,76)|(50,50)/(63,63)|(48,48)/(65,65)|(11,11)/(102,102)",1161973766.8945312,1161973766.8945312,1.0,addition_only,0.008849557489156723
subtraction_depth1_muon,1,muon,minimum_after_first_generalized,17000,checkpoints/subtraction_depth_1_muon_seed_0/step_017000.pt,0.8509671688079834,1.0,complete_addition_frequency_derangement,0,56,"(28,28)/(85,85)|(11,11)/(102,102)|(56,56)/(57,57)|(48,48)/(65,65)|(25,25)/(88,88)|(19,19)/(94,94)|(31,31)/(82,82)|(1,1)/(112,112)|(53,53)/(60,60)|(35,35)/(78,78)|(21,21)/(92,92)|(7,7)/(106,106)|(6,6)/(107,107)|(10,10)/(103,103)|(50,50)/(63,63)|(12,12)/(101,101)|(13,13)/(100,100)|(44,44)/(69,69)|(8,8)/(105,105)|(45,45)/(68,68)|(22,22)/(91,91)|(27,27)/(86,86)|(39,39)/(74,74)|(47,47)/(66,66)|(5,5)/(108,108)|(43,43)/(70,70)|(46,46)/(67,67)|(15,15)/(98,98)|(17,17)/(96,96)|(24,24)/(89,89)|(52,52)/(61,61)|(23,23)/(90,90)|(16,16)/(97,97)|(37,37)/(76,76)|(51,51)/(62,62)|(38,38)/(75,75)|(9,9)/(104,104)|(29,29)/(84,84)|(33,33)/(80,80)|(20,20)/(93,93)|(26,26)/(87,87)|(54,54)/(59,59)|(2,2)/(111,111)|(42,42)/(71,71)|(55,55)/(58,58)|(18,18)/(95,95)|(30,30)/(83,83)|(14,14)/(99,99)|(3,3)/(110,110)|(32,32)/(81,81)|(40,40)/(73,73)|(34,34)/(79,79)|(4,4)/(109,109)|(41,41)/(72,72)|(36,36)/(77,77)|(49,49)/(64,64)","(31,31)/(82,82)|(17,17)/(96,96)|(5,5)/(108,108)|(55,55)/(58,58)|(34,34)/(79,79)|(1,1)/(112,112)|(36,36)/(77,77)|(43,43)/(70,70)|(4,4)/(109,109)|(10,10)/(103,103)|(6,6)/(107,107)|(16,16)/(97,97)|(54,54)/(59,59)|(38,38)/(75,75)|(29,29)/(84,84)|(20,20)/(93,93)|(21,21)/(92,92)|(19,19)/(94,94)|(49,49)/(64,64)|(50,50)/(63,63)|(2,2)/(111,111)|(39,39)/(74,74)|(18,18)/(95,95)|(48,48)/(65,65)|(40,40)/(73,73)|(45,45)/(68,68)|(25,25)/(88,88)|(22,22)/(91,91)|(15,15)/(98,98)|(51,51)/(62,62)|(27,27)/(86,86)|(52,52)/(61,61)|(24,24)/(89,89)|(13,13)/(100,100)|(56,56)/(57,57)|(30,30)/(83,83)|(28,28)/(85,85)|(32,32)/(81,81)|(46,46)/(67,67)|(9,9)/(104,104)|(47,47)/(66,66)|(11,11)/(102,102)|(8,8)/(105,105)|(7,7)/(106,106)|(14,14)/(99,99)|(12,12)/(101,101)|(33,33)/(80,80)|(53,53)/(60,60)|(37,37)/(76,76)|(3,3)/(110,110)|(41,41)/(72,72)|(26,26)/(87,87)|(42,42)/(71,71)|(44,44)/(69,69)|(35,35)/(78,78)|(23,23)/(90,90)",1161973766.8945312,1161973766.8945312,1.0,full_hidden,0.85316002368927
subtraction_depth1_muon,1,muon,minimum_after_first_generalized,17000,checkpoints/subtraction_depth_1_muon_seed_0/step_017000.pt,0.8509671688079834,1.0,complete_addition_frequency_derangement,1,56,"(28,28)/(85,85)|(11,11)/(102,102)|(56,56)/(57,57)|(48,48)/(65,65)|(25,25)/(88,88)|(19,19)/(94,94)|(31,31)/(82,82)|(1,1)/(112,112)|(53,53)/(60,60)|(35,35)/(78,78)|(21,21)/(92,92)|(7,7)/(106,106)|(6,6)/(107,107)|(10,10)/(103,103)|(50,50)/(63,63)|(12,12)/(101,101)|(13,13)/(100,100)|(44,44)/(69,69)|(8,8)/(105,105)|(45,45)/(68,68)|(22,22)/(91,91)|(27,27)/(86,86)|(39,39)/(74,74)|(47,47)/(66,66)|(5,5)/(108,108)|(43,43)/(70,70)|(46,46)/(67,67)|(15,15)/(98,98)|(17,17)/(96,96)|(24,24)/(89,89)|(52,52)/(61,61)|(23,23)/(90,90)|(16,16)/(97,97)|(37,37)/(76,76)|(51,51)/(62,62)|(38,38)/(75,75)|(9,9)/(104,104)|(29,29)/(84,84)|(33,33)/(80,80)|(20,20)/(93,93)|(26,26)/(87,87)|(54,54)/(59,59)|(2,2)/(111,111)|(42,42)/(71,71)|(55,55)/(58,58)|(18,18)/(95,95)|(30,30)/(83,83)|(14,14)/(99,99)|(3,3)/(110,110)|(32,32)/(81,81)|(40,40)/(73,73)|(34,34)/(79,79)|(4,4)/(109,109)|(41,41)/(72,72)|(36,36)/(77,77)|(49,49)/(64,64)","(21,21)/(92,92)|(14,14)/(99,99)|(28,28)/(85,85)|(4,4)/(109,109)|(12,12)/(101,101)|(13,13)/(100,100)|(5,5)/(108,108)|(23,23)/(90,90)|(40,40)/(73,73)|(15,15)/(98,98)|(18,18)/(95,95)|(3,3)/(110,110)|(31,31)/(82,82)|(8,8)/(105,105)|(49,49)/(64,64)|(17,17)/(96,96)|(24,24)/(89,89)|(56,56)/(57,57)|(20,20)/(93,93)|(50,50)/(63,63)|(38,38)/(75,75)|(55,55)/(58,58)|(52,52)/(61,61)|(37,37)/(76,76)|(10,10)/(103,103)|(30,30)/(83,83)|(54,54)/(59,59)|(16,16)/(97,97)|(39,39)/(74,74)|(29,29)/(84,84)|(25,25)/(88,88)|(19,19)/(94,94)|(9,9)/(104,104)|(42,42)/(71,71)|(44,44)/(69,69)|(7,7)/(106,106)|(33,33)/(80,80)|(11,11)/(102,102)|(41,41)/(72,72)|(26,26)/(87,87)|(1,1)/(112,112)|(48,48)/(65,65)|(34,34)/(79,79)|(53,53)/(60,60)|(6,6)/(107,107)|(36,36)/(77,77)|(22,22)/(91,91)|(32,32)/(81,81)|(27,27)/(86,86)|(51,51)/(62,62)|(46,46)/(67,67)|(2,2)/(111,111)|(35,35)/(78,78)|(43,43)/(70,70)|(45,45)/(68,68)|(47,47)/(66,66)",1161973766.8945312,1161973766.8945312,1.0,addition_only,0.008849557489156723
subtraction_depth1_muon,1,muon,minimum_after_first_generalized,17000,checkpoints/subtraction_depth_1_muon_seed_0/step_017000.pt,0.8509671688079834,1.0,complete_addition_frequency_derangement,1,56,"(28,28)/(85,85)|(11,11)/(102,102)|(56,56)/(57,57)|(48,48)/(65,65)|(25,25)/(88,88)|(19,19)/(94,94)|(31,31)/(82,82)|(1,1)/(112,112)|(53,53)/(60,60)|(35,35)/(78,78)|(21,21)/(92,92)|(7,7)/(106,106)|(6,6)/(107,107)|(10,10)/(103,103)|(50,50)/(63,63)|(12,12)/(101,101)|(13,13)/(100,100)|(44,44)/(69,69)|(8,8)/(105,105)|(45,45)/(68,68)|(22,22)/(91,91)|(27,27)/(86,86)|(39,39)/(74,74)|(47,47)/(66,66)|(5,5)/(108,108)|(43,43)/(70,70)|(46,46)/(67,67)|(15,15)/(98,98)|(17,17)/(96,96)|(24,24)/(89,89)|(52,52)/(61,61)|(23,23)/(90,90)|(16,16)/(97,97)|(37,37)/(76,76)|(51,51)/(62,62)|(38,38)/(75,75)|(9,9)/(104,104)|(29,29)/(84,84)|(33,33)/(80,80)|(20,20)/(93,93)|(26,26)/(87,87)|(54,54)/(59,59)|(2,2)/(111,111)|(42,42)/(71,71)|(55,55)/(58,58)|(18,18)/(95,95)|(30,30)/(83,83)|(14,14)/(99,99)|(3,3)/(110,110)|(32,32)/(81,81)|(40,40)/(73,73)|(34,34)/(79,79)|(4,4)/(109,109)|(41,41)/(72,72)|(36,36)/(77,77)|(49,49)/(64,64)","(34,34)/(79,79)|(50,50)/(63,63)|(37,37)/(76,76)|(31,31)/(82,82)|(17,17)/(96,96)|(10,10)/(103,103)|(36,36)/(77,77)|(47,47)/(66,66)|(12,12)/(101,101)|(2,2)/(111,111)|(39,39)/(74,74)|(44,44)/(69,69)|(11,11)/(102,102)|(13,13)/(100,100)|(28,28)/(85,85)|(35,35)/(78,78)|(56,56)/(57,57)|(20,20)/(93,93)|(53,53)/(60,60)|(24,24)/(89,89)|(5,5)/(108,108)|(23,23)/(90,90)|(48,48)/(65,65)|(18,18)/(95,95)|(21,21)/(92,92)|(55,55)/(58,58)|(32,32)/(81,81)|(1,1)/(112,112)|(52,52)/(61,61)|(26,26)/(87,87)|(45,45)/(68,68)|(8,8)/(105,105)|(27,27)/(86,86)|(14,14)/(99,99)|(40,40)/(73,73)|(41,41)/(72,72)|(54,54)/(59,59)|(43,43)/(70,70)|(49,49)/(64,64)|(7,7)/(106,106)|(15,15)/(98,98)|(6,6)/(107,107)|(4,4)/(109,109)|(30,30)/(83,83)|(51,51)/(62,62)|(33,33)/(80,80)|(22,22)/(91,91)|(3,3)/(110,110)|(25,25)/(88,88)|(19,19)/(94,94)|(9,9)/(104,104)|(16,16)/(97,97)|(29,29)/(84,84)|(42,42)/(71,71)|(38,38)/(75,75)|(46,46)/(67,67)",1161973766.8945312,1161973766.8945312,1.0,full_hidden,0.852611780166626
subtraction_depth1_muon,1,muon,minimum_after_first_generalized,17000,checkpoints/subtraction_depth_1_muon_seed_0/step_017000.pt,0.8509671688079834,1.0,complete_addition_frequency_derangement,2,56,"(28,28)/(85,85)|(11,11)/(102,102)|(56,56)/(57,57)|(48,48)/(65,65)|(25,25)/(88,88)|(19,19)/(94,94)|(31,31)/(82,82)|(1,1)/(112,112)|(53,53)/(60,60)|(35,35)/(78,78)|(21,21)/(92,92)|(7,7)/(106,106)|(6,6)/(107,107)|(10,10)/(103,103)|(50,50)/(63,63)|(12,12)/(101,101)|(13,13)/(100,100)|(44,44)/(69,69)|(8,8)/(105,105)|(45,45)/(68,68)|(22,22)/(91,91)|(27,27)/(86,86)|(39,39)/(74,74)|(47,47)/(66,66)|(5,5)/(108,108)|(43,43)/(70,70)|(46,46)/(67,67)|(15,15)/(98,98)|(17,17)/(96,96)|(24,24)/(89,89)|(52,52)/(61,61)|(23,23)/(90,90)|(16,16)/(97,97)|(37,37)/(76,76)|(51,51)/(62,62)|(38,38)/(75,75)|(9,9)/(104,104)|(29,29)/(84,84)|(33,33)/(80,80)|(20,20)/(93,93)|(26,26)/(87,87)|(54,54)/(59,59)|(2,2)/(111,111)|(42,42)/(71,71)|(55,55)/(58,58)|(18,18)/(95,95)|(30,30)/(83,83)|(14,14)/(99,99)|(3,3)/(110,110)|(32,32)/(81,81)|(40,40)/(73,73)|(34,34)/(79,79)|(4,4)/(109,109)|(41,41)/(72,72)|(36,36)/(77,77)|(49,49)/(64,64)","(17,17)/(96,96)|(54,54)/(59,59)|(21,21)/(92,92)|(10,10)/(103,103)|(39,39)/(74,74)|(3,3)/(110,110)|(49,49)/(64,64)|(38,38)/(75,75)|(46,46)/(67,67)|(24,24)/(89,89)|(55,55)/(58,58)|(14,14)/(99,99)|(45,45)/(68,68)|(37,37)/(76,76)|(13,13)/(100,100)|(40,40)/(73,73)|(26,26)/(87,87)|(22,22)/(91,91)|(23,23)/(90,90)|(27,27)/(86,86)|(4,4)/(109,109)|(16,16)/(97,97)|(48,48)/(65,65)|(8,8)/(105,105)|(41,41)/(72,72)|(33,33)/(80,80)|(56,56)/(57,57)|(51,51)/(62,62)|(35,35)/(78,78)|(6,6)/(107,107)|(25,25)/(88,88)|(2,2)/(111,111)|(36,36)/(77,77)|(52,52)/(61,61)|(42,42)/(71,71)|(11,11)/(102,102)|(53,53)/(60,60)|(32,32)/(81,81)|(30,30)/(83,83)|(44,44)/(69,69)|(7,7)/(106,106)|(18,18)/(95,95)|(1,1)/(112,112)|(9,9)/(104,104)|(28,28)/(85,85)|(31,31)/(82,82)|(47,47)/(66,66)|(20,20)/(93,93)|(29,29)/(84,84)|(5,5)/(108,108)|(15,15)/(98,98)|(43,43)/(70,70)|(34,34)/(79,79)|(19,19)/(94,94)|(50,50)/(63,63)|(12,12)/(101,101)",1161973766.8945312,1161973766.8945312,1.0,addition_only,0.008849557489156723
subtraction_depth1_muon,1,muon,minimum_after_first_generalized,17000,checkpoints/subtraction_depth_1_muon_seed_0/step_017000.pt,0.8509671688079834,1.0,complete_addition_frequency_derangement,2,56,"(28,28)/(85,85)|(11,11)/(102,102)|(56,56)/(57,57)|(48,48)/(65,65)|(25,25)/(88,88)|(19,19)/(94,94)|(31,31)/(82,82)|(1,1)/(112,112)|(53,53)/(60,60)|(35,35)/(78,78)|(21,21)/(92,92)|(7,7)/(106,106)|(6,6)/(107,107)|(10,10)/(103,103)|(50,50)/(63,63)|(12,12)/(101,101)|(13,13)/(100,100)|(44,44)/(69,69)|(8,8)/(105,105)|(45,45)/(68,68)|(22,22)/(91,91)|(27,27)/(86,86)|(39,39)/(74,74)|(47,47)/(66,66)|(5,5)/(108,108)|(43,43)/(70,70)|(46,46)/(67,67)|(15,15)/(98,98)|(17,17)/(96,96)|(24,24)/(89,89)|(52,52)/(61,61)|(23,23)/(90,90)|(16,16)/(97,97)|(37,37)/(76,76)|(51,51)/(62,62)|(38,38)/(75,75)|(9,9)/(104,104)|(29,29)/(84,84)|(33,33)/(80,80)|(20,20)/(93,93)|(26,26)/(87,87)|(54,54)/(59,59)|(2,2)/(111,111)|(42,42)/(71,71)|(55,55)/(58,58)|(18,18)/(95,95)|(30,30)/(83,83)|(14,14)/(99,99)|(3,3)/(110,110)|(32,32)/(81,81)|(40,40)/(73,73)|(34,34)/(79,79)|(4,4)/(109,109)|(41,41)/(72,72)|(36,36)/(77,77)|(49,49)/(64,64)","(20,20)/(93,93)|(56,56)/(57,57)|(42,42)/(71,71)|(15,15)/(98,98)|(27,27)/(86,86)|(52,52)/(61,61)|(17,17)/(96,96)|(48,48)/(65,65)|(35,35)/(78,78)|(24,24)/(89,89)|(43,43)/(70,70)|(49,49)/(64,64)|(45,45)/(68,68)|(19,19)/(94,94)|(16,16)/(97,97)|(21,21)/(92,92)|(32,32)/(81,81)|(30,30)/(83,83)|(47,47)/(66,66)|(31,31)/(82,82)|(34,34)/(79,79)|(1,1)/(112,112)|(46,46)/(67,67)|(8,8)/(105,105)|(11,11)/(102,102)|(29,29)/(84,84)|(50,50)/(63,63)|(4,4)/(109,109)|(26,26)/(87,87)|(55,55)/(58,58)|(28,28)/(85,85)|(14,14)/(99,99)|(3,3)/(110,110)|(22,22)/(91,91)|(9,9)/(104,104)|(44,44)/(69,69)|(53,53)/(60,60)|(33,33)/(80,80)|(38,38)/(75,75)|(54,54)/(59,59)|(37,37)/(76,76)|(23,23)/(90,90)|(36,36)/(77,77)|(40,40)/(73,73)|(10,10)/(103,103)|(5,5)/(108,108)|(13,13)/(100,100)|(25,25)/(88,88)|(2,2)/(111,111)|(12,12)/(101,101)|(41,41)/(72,72)|(18,18)/(95,95)|(51,51)/(62,62)|(39,39)/(74,74)|(7,7)/(106,106)|(6,6)/(107,107)",1161973766.8945312,1161973766.8945312,1.0,full_hidden,0.8512804508209229
subtraction_depth1_muon,1,muon,minimum_after_first_generalized,17000,checkpoints/subtraction_depth_1_muon_seed_0/step_017000.pt,0.8509671688079834,1.0,complete_addition_frequency_derangement,3,56,"(28,28)/(85,85)|(11,11)/(102,102)|(56,56)/(57,57)|(48,48)/(65,65)|(25,25)/(88,88)|(19,19)/(94,94)|(31,31)/(82,82)|(1,1)/(112,112)|(53,53)/(60,60)|(35,35)/(78,78)|(21,21)/(92,92)|(7,7)/(106,106)|(6,6)/(107,107)|(10,10)/(103,103)|(50,50)/(63,63)|(12,12)/(101,101)|(13,13)/(100,100)|(44,44)/(69,69)|(8,8)/(105,105)|(45,45)/(68,68)|(22,22)/(91,91)|(27,27)/(86,86)|(39,39)/(74,74)|(47,47)/(66,66)|(5,5)/(108,108)|(43,43)/(70,70)|(46,46)/(67,67)|(15,15)/(98,98)|(17,17)/(96,96)|(24,24)/(89,89)|(52,52)/(61,61)|(23,23)/(90,90)|(16,16)/(97,97)|(37,37)/(76,76)|(51,51)/(62,62)|(38,38)/(75,75)|(9,9)/(104,104)|(29,29)/(84,84)|(33,33)/(80,80)|(20,20)/(93,93)|(26,26)/(87,87)|(54,54)/(59,59)|(2,2)/(111,111)|(42,42)/(71,71)|(55,55)/(58,58)|(18,18)/(95,95)|(30,30)/(83,83)|(14,14)/(99,99)|(3,3)/(110,110)|(32,32)/(81,81)|(40,40)/(73,73)|(34,34)/(79,79)|(4,4)/(109,109)|(41,41)/(72,72)|(36,36)/(77,77)|(49,49)/(64,64)","(16,16)/(97,97)|(23,23)/(90,90)|(5,5)/(108,108)|(56,56)/(57,57)|(38,38)/(75,75)|(51,51)/(62,62)|(34,34)/(79,79)|(46,46)/(67,67)|(14,14)/(99,99)|(43,43)/(70,70)|(7,7)/(106,106)|(30,30)/(83,83)|(40,40)/(73,73)|(33,33)/(80,80)|(54,54)/(59,59)|(49,49)/(64,64)|(48,48)/(65,65)|(37,37)/(76,76)|(13,13)/(100,100)|(20,20)/(93,93)|(27,27)/(86,86)|(24,24)/(89,89)|(22,22)/(91,91)|(10,10)/(103,103)|(44,44)/(69,69)|(35,35)/(78,78)|(21,21)/(92,92)|(55,55)/(58,58)|(4,4)/(109,109)|(26,26)/(87,87)|(36,36)/(77,77)|(31,31)/(82,82)|(52,52)/(61,61)|(53,53)/(60,60)|(47,47)/(66,66)|(2,2)/(111,111)|(29,29)/(84,84)|(42,42)/(71,71)|(3,3)/(110,110)|(45,45)/(68,68)|(17,17)/(96,96)|(25,25)/(88,88)|(8,8)/(105,105)|(12,12)/(101,101)|(39,39)/(74,74)|(11,11)/(102,102)|(41,41)/(72,72)|(32,32)/(81,81)|(15,15)/(98,98)|(18,18)/(95,95)|(50,50)/(63,63)|(28,28)/(85,85)|(1,1)/(112,112)|(9,9)/(104,104)|(19,19)/(94,94)|(6,6)/(107,107)",1161973766.8945312,1161973766.8945312,1.0,addition_only,0.008849557489156723
subtraction_depth1_muon,1,muon,minimum_after_first_generalized,17000,checkpoints/subtraction_depth_1_muon_seed_0/step_017000.pt,0.8509671688079834,1.0,complete_addition_frequency_derangement,3,56,"(28,28)/(85,85)|(11,11)/(102,102)|(56,56)/(57,57)|(48,48)/(65,65)|(25,25)/(88,88)|(19,19)/(94,94)|(31,31)/(82,82)|(1,1)/(112,112)|(53,53)/(60,60)|(35,35)/(78,78)|(21,21)/(92,92)|(7,7)/(106,106)|(6,6)/(107,107)|(10,10)/(103,103)|(50,50)/(63,63)|(12,12)/(101,101)|(13,13)/(100,100)|(44,44)/(69,69)|(8,8)/(105,105)|(45,45)/(68,68)|(22,22)/(91,91)|(27,27)/(86,86)|(39,39)/(74,74)|(47,47)/(66,66)|(5,5)/(108,108)|(43,43)/(70,70)|(46,46)/(67,67)|(15,15)/(98,98)|(17,17)/(96,96)|(24,24)/(89,89)|(52,52)/(61,61)|(23,23)/(90,90)|(16,16)/(97,97)|(37,37)/(76,76)|(51,51)/(62,62)|(38,38)/(75,75)|(9,9)/(104,104)|(29,29)/(84,84)|(33,33)/(80,80)|(20,20)/(93,93)|(26,26)/(87,87)|(54,54)/(59,59)|(2,2)/(111,111)|(42,42)/(71,71)|(55,55)/(58,58)|(18,18)/(95,95)|(30,30)/(83,83)|(14,14)/(99,99)|(3,3)/(110,110)|(32,32)/(81,81)|(40,40)/(73,73)|(34,34)/(79,79)|(4,4)/(109,109)|(41,41)/(72,72)|(36,36)/(77,77)|(49,49)/(64,64)","(32,32)/(81,81)|(56,56)/(57,57)|(16,16)/(97,97)|(4,4)/(109,109)|(53,53)/(60,60)|(49,49)/(64,64)|(10,10)/(103,103)|(7,7)/(106,106)|(18,18)/(95,95)|(45,45)/(68,68)|(1,1)/(112,112)|(2,2)/(111,111)|(54,54)/(59,59)|(36,36)/(77,77)|(39,39)/(74,74)|(55,55)/(58,58)|(22,22)/(91,91)|(20,20)/(93,93)|(15,15)/(98,98)|(40,40)/(73,73)|(29,29)/(84,84)|(24,24)/(89,89)|(41,41)/(72,72)|(21,21)/(92,92)|(3,3)/(110,110)|(12,12)/(101,101)|(38,38)/(75,75)|(44,44)/(69,69)|(50,50)/(63,63)|(8,8)/(105,105)|(17,17)/(96,96)|(26,26)/(87,87)|(52,52)/(61,61)|(43,43)/(70,70)|(19,19)/(94,94)|(47,47)/(66,66)|(28,28)/(85,85)|(23,23)/(90,90)|(14,14)/(99,99)|(35,35)/(78,78)|(33,33)/(80,80)|(30,30)/(83,83)|(48,48)/(65,65)|(9,9)/(104,104)|(42,42)/(71,71)|(11,11)/(102,102)|(5,5)/(108,108)|(6,6)/(107,107)|(34,34)/(79,79)|(25,25)/(88,88)|(27,27)/(86,86)|(37,37)/(76,76)|(46,46)/(67,67)|(51,51)/(62,62)|(13,13)/(100,100)|(31,31)/(82,82)",1161973766.8945312,1161973766.8945312,1.0,full_hidden,0.8527684211730957
subtraction_depth1_muon,1,muon,minimum_after_first_generalized,17000,checkpoints/subtraction_depth_1_muon_seed_0/step_017000.pt,0.8509671688079834,1.0,complete_addition_frequency_derangement,4,56,"(28,28)/(85,85)|(11,11)/(102,102)|(56,56)/(57,57)|(48,48)/(65,65)|(25,25)/(88,88)|(19,19)/(94,94)|(31,31)/(82,82)|(1,1)/(112,112)|(53,53)/(60,60)|(35,35)/(78,78)|(21,21)/(92,92)|(7,7)/(106,106)|(6,6)/(107,107)|(10,10)/(103,103)|(50,50)/(63,63)|(12,12)/(101,101)|(13,13)/(100,100)|(44,44)/(69,69)|(8,8)/(105,105)|(45,45)/(68,68)|(22,22)/(91,91)|(27,27)/(86,86)|(39,39)/(74,74)|(47,47)/(66,66)|(5,5)/(108,108)|(43,43)/(70,70)|(46,46)/(67,67)|(15,15)/(98,98)|(17,17)/(96,96)|(24,24)/(89,89)|(52,52)/(61,61)|(23,23)/(90,90)|(16,16)/(97,97)|(37,37)/(76,76)|(51,51)/(62,62)|(38,38)/(75,75)|(9,9)/(104,104)|(29,29)/(84,84)|(33,33)/(80,80)|(20,20)/(93,93)|(26,26)/(87,87)|(54,54)/(59,59)|(2,2)/(111,111)|(42,42)/(71,71)|(55,55)/(58,58)|(18,18)/(95,95)|(30,30)/(83,83)|(14,14)/(99,99)|(3,3)/(110,110)|(32,32)/(81,81)|(40,40)/(73,73)|(34,34)/(79,79)|(4,4)/(109,109)|(41,41)/(72,72)|(36,36)/(77,77)|(49,49)/(64,64)","(42,42)/(71,71)|(20,20)/(93,93)|(8,8)/(105,105)|(19,19)/(94,94)|(1,1)/(112,112)|(49,49)/(64,64)|(45,45)/(68,68)|(46,46)/(67,67)|(2,2)/(111,111)|(34,34)/(79,79)|(53,53)/(60,60)|(27,27)/(86,86)|(40,40)/(73,73)|(33,33)/(80,80)|(10,10)/(103,103)|(54,54)/(59,59)|(12,12)/(101,101)|(14,14)/(99,99)|(55,55)/(58,58)|(5,5)/(108,108)|(4,4)/(109,109)|(13,13)/(100,100)|(32,32)/(81,81)|(22,22)/(91,91)|(43,43)/(70,70)|(35,35)/(78,78)|(39,39)/(74,74)|(36,36)/(77,77)|(47,47)/(66,66)|(29,29)/(84,84)|(51,51)/(62,62)|(25,25)/(88,88)|(3,3)/(110,110)|(48,48)/(65,65)|(16,16)/(97,97)|(56,56)/(57,57)|(30,30)/(83,83)|(6,6)/(107,107)|(41,41)/(72,72)|(44,44)/(69,69)|(21,21)/(92,92)|(38,38)/(75,75)|(31,31)/(82,82)|(11,11)/(102,102)|(50,50)/(63,63)|(15,15)/(98,98)|(17,17)/(96,96)|(7,7)/(106,106)|(9,9)/(104,104)|(24,24)/(89,89)|(37,37)/(76,76)|(28,28)/(85,85)|(18,18)/(95,95)|(26,26)/(87,87)|(23,23)/(90,90)|(52,52)/(61,61)",1161973766.8945312,1161973766.8945312,1.0,addition_only,0.008849557489156723
subtraction_depth1_muon,1,muon,minimum_after_first_generalized,17000,checkpoints/subtraction_depth_1_muon_seed_0/step_017000.pt,0.8509671688079834,1.0,complete_addition_frequency_derangement,4,56,"(28,28)/(85,85)|(11,11)/(102,102)|(56,56)/(57,57)|(48,48)/(65,65)|(25,25)/(88,88)|(19,19)/(94,94)|(31,31)/(82,82)|(1,1)/(112,112)|(53,53)/(60,60)|(35,35)/(78,78)|(21,21)/(92,92)|(7,7)/(106,106)|(6,6)/(107,107)|(10,10)/(103,103)|(50,50)/(63,63)|(12,12)/(101,101)|(13,13)/(100,100)|(44,44)/(69,69)|(8,8)/(105,105)|(45,45)/(68,68)|(22,22)/(91,91)|(27,27)/(86,86)|(39,39)/(74,74)|(47,47)/(66,66)|(5,5)/(108,108)|(43,43)/(70,70)|(46,46)/(67,67)|(15,15)/(98,98)|(17,17)/(96,96)|(24,24)/(89,89)|(52,52)/(61,61)|(23,23)/(90,90)|(16,16)/(97,97)|(37,37)/(76,76)|(51,51)/(62,62)|(38,38)/(75,75)|(9,9)/(104,104)|(29,29)/(84,84)|(33,33)/(80,80)|(20,20)/(93,93)|(26,26)/(87,87)|(54,54)/(59,59)|(2,2)/(111,111)|(42,42)/(71,71)|(55,55)/(58,58)|(18,18)/(95,95)|(30,30)/(83,83)|(14,14)/(99,99)|(3,3)/(110,110)|(32,32)/(81,81)|(40,40)/(73,73)|(34,34)/(79,79)|(4,4)/(109,109)|(41,41)/(72,72)|(36,36)/(77,77)|(49,49)/(64,64)","(39,39)/(74,74)|(5,5)/(108,108)|(19,19)/(94,94)|(20,20)/(93,93)|(38,38)/(75,75)|(24,24)/(89,89)|(22,22)/(91,91)|(6,6)/(107,107)|(23,23)/(90,90)|(50,50)/(63,63)|(2,2)/(111,111)|(11,11)/(102,102)|(14,14)/(99,99)|(31,31)/(82,82)|(12,12)/(101,101)|(4,4)/(109,109)|(51,51)/(62,62)|(37,37)/(76,76)|(7,7)/(106,106)|(15,15)/(98,98)|(17,17)/(96,96)|(35,35)/(78,78)|(32,32)/(81,81)|(40,40)/(73,73)|(49,49)/(64,64)|(29,29)/(84,84)|(3,3)/(110,110)|(42,42)/(71,71)|(9,9)/(104,104)|(55,55)/(58,58)|(13,13)/(100,100)|(28,28)/(85,85)|(53,53)/(60,60)|(27,27)/(86,86)|(30,30)/(83,83)|(44,44)/(69,69)|(41,41)/(72,72)|(56,56)/(57,57)|(46,46)/(67,67)|(8,8)/(105,105)|(52,52)/(61,61)|(48,48)/(65,65)|(45,45)/(68,68)|(54,54)/(59,59)|(47,47)/(66,66)|(10,10)/(103,103)|(36,36)/(77,77)|(1,1)/(112,112)|(34,34)/(79,79)|(43,43)/(70,70)|(25,25)/(88,88)|(16,16)/(97,97)|(18,18)/(95,95)|(21,21)/(92,92)|(26,26)/(87,87)|(33,33)/(80,80)",1161973766.8945312,1161973766.8945312,1.0,full_hidden,0.851202130317688
subtraction_depth1_muon,1,muon,minimum_after_first_generalized,17000,checkpoints/subtraction_depth_1_muon_seed_0/step_017000.pt,0.8509671688079834,1.0,complete_addition_frequency_derangement,5,56,"(28,28)/(85,85)|(11,11)/(102,102)|(56,56)/(57,57)|(48,48)/(65,65)|(25,25)/(88,88)|(19,19)/(94,94)|(31,31)/(82,82)|(1,1)/(112,112)|(53,53)/(60,60)|(35,35)/(78,78)|(21,21)/(92,92)|(7,7)/(106,106)|(6,6)/(107,107)|(10,10)/(103,103)|(50,50)/(63,63)|(12,12)/(101,101)|(13,13)/(100,100)|(44,44)/(69,69)|(8,8)/(105,105)|(45,45)/(68,68)|(22,22)/(91,91)|(27,27)/(86,86)|(39,39)/(74,74)|(47,47)/(66,66)|(5,5)/(108,108)|(43,43)/(70,70)|(46,46)/(67,67)|(15,15)/(98,98)|(17,17)/(96,96)|(24,24)/(89,89)|(52,52)/(61,61)|(23,23)/(90,90)|(16,16)/(97,97)|(37,37)/(76,76)|(51,51)/(62,62)|(38,38)/(75,75)|(9,9)/(104,104)|(29,29)/(84,84)|(33,33)/(80,80)|(20,20)/(93,93)|(26,26)/(87,87)|(54,54)/(59,59)|(2,2)/(111,111)|(42,42)/(71,71)|(55,55)/(58,58)|(18,18)/(95,95)|(30,30)/(83,83)|(14,14)/(99,99)|(3,3)/(110,110)|(32,32)/(81,81)|(40,40)/(73,73)|(34,34)/(79,79)|(4,4)/(109,109)|(41,41)/(72,72)|(36,36)/(77,77)|(49,49)/(64,64)","(39,39)/(74,74)|(12,12)/(101,101)|(7,7)/(106,106)|(40,40)/(73,73)|(54,54)/(59,59)|(44,44)/(69,69)|(20,20)/(93,93)|(13,13)/(100,100)|(1,1)/(112,112)|(53,53)/(60,60)|(52,52)/(61,61)|(9,9)/(104,104)|(38,38)/(75,75)|(31,31)/(82,82)|(37,37)/(76,76)|(23,23)/(90,90)|(45,45)/(68,68)|(19,19)/(94,94)|(5,5)/(108,108)|(22,22)/(91,91)|(3,3)/(110,110)|(4,4)/(109,109)|(26,26)/(87,87)|(42,42)/(71,71)|(10,10)/(103,103)|(27,27)/(86,86)|(17,17)/(96,96)|(32,32)/(81,81)|(6,6)/(107,107)|(46,46)/(67,67)|(36,36)/(77,77)|(35,35)/(78,78)|(21,21)/(92,92)|(28,28)/(85,85)|(30,30)/(83,83)|(34,34)/(79,79)|(33,33)/(80,80)|(14,14)/(99,99)|(11,11)/(102,102)|(8,8)/(105,105)|(25,25)/(88,88)|(2,2)/(111,111)|(49,49)/(64,64)|(18,18)/(95,95)|(48,48)/(65,65)|(51,51)/(62,62)|(41,41)/(72,72)|(16,16)/(97,97)|(29,29)/(84,84)|(15,15)/(98,98)|(56,56)/(57,57)|(47,47)/(66,66)|(43,43)/(70,70)|(50,50)/(63,63)|(24,24)/(89,89)|(55,55)/(58,58)",1161973766.8945312,1161973766.8945312,1.0,addition_only,0.008849557489156723
subtraction_depth1_muon,1,muon,minimum_after_first_generalized,17000,checkpoints/subtraction_depth_1_muon_seed_0/step_017000.pt,0.8509671688079834,1.0,complete_addition_frequency_derangement,5,56,"(28,28)/(85,85)|(11,11)/(102,102)|(56,56)/(57,57)|(48,48)/(65,65)|(25,25)/(88,88)|(19,19)/(94,94)|(31,31)/(82,82)|(1,1)/(112,112)|(53,53)/(60,60)|(35,35)/(78,78)|(21,21)/(92,92)|(7,7)/(106,106)|(6,6)/(107,107)|(10,10)/(103,103)|(50,50)/(63,63)|(12,12)/(101,101)|(13,13)/(100,100)|(44,44)/(69,69)|(8,8)/(105,105)|(45,45)/(68,68)|(22,22)/(91,91)|(27,27)/(86,86)|(39,39)/(74,74)|(47,47)/(66,66)|(5,5)/(108,108)|(43,43)/(70,70)|(46,46)/(67,67)|(15,15)/(98,98)|(17,17)/(96,96)|(24,24)/(89,89)|(52,52)/(61,61)|(23,23)/(90,90)|(16,16)/(97,97)|(37,37)/(76,76)|(51,51)/(62,62)|(38,38)/(75,75)|(9,9)/(104,104)|(29,29)/(84,84)|(33,33)/(80,80)|(20,20)/(93,93)|(26,26)/(87,87)|(54,54)/(59,59)|(2,2)/(111,111)|(42,42)/(71,71)|(55,55)/(58,58)|(18,18)/(95,95)|(30,30)/(83,83)|(14,14)/(99,99)|(3,3)/(110,110)|(32,32)/(81,81)|(40,40)/(73,73)|(34,34)/(79,79)|(4,4)/(109,109)|(41,41)/(72,72)|(36,36)/(77,77)|(49,49)/(64,64)","(42,42)/(71,71)|(46,46)/(67,67)|(12,12)/(101,101)|(51,51)/(62,62)|(50,50)/(63,63)|(3,3)/(110,110)|(24,24)/(89,89)|(26,26)/(87,87)|(38,38)/(75,75)|(30,30)/(83,83)|(7,7)/(106,106)|(4,4)/(109,109)|(10,10)/(103,103)|(27,27)/(86,86)|(18,18)/(95,95)|(48,48)/(65,65)|(23,23)/(90,90)|(25,25)/(88,88)|(20,20)/(93,93)|(49,49)/(64,64)|(53,53)/(60,60)|(44,44)/(69,69)|(55,55)/(58,58)|(19,19)/(94,94)|(17,17)/(96,96)|(5,5)/(108,108)|(37,37)/(76,76)|(14,14)/(99,99)|(34,34)/(79,79)|(36,36)/(77,77)|(8,8)/(105,105)|(52,52)/(61,61)|(35,35)/(78,78)|(2,2)/(111,111)|(43,43)/(70,70)|(16,16)/(97,97)|(54,54)/(59,59)|(6,6)/(107,107)|(29,29)/(84,84)|(41,41)/(72,72)|(39,39)/(74,74)|(32,32)/(81,81)|(47,47)/(66,66)|(33,33)/(80,80)|(31,31)/(82,82)|(21,21)/(92,92)|(56,56)/(57,57)|(28,28)/(85,85)|(1,1)/(112,112)|(45,45)/(68,68)|(9,9)/(104,104)|(11,11)/(102,102)|(13,13)/(100,100)|(22,22)/(91,91)|(15,15)/(98,98)|(40,40)/(73,73)",1161973766.8945312,1161973766.8945312,1.0,full_hidden,0.8515154123306274
subtraction_depth1_muon,1,muon,minimum_after_first_generalized,17000,checkpoints/subtraction_depth_1_muon_seed_0/step_017000.pt,0.8509671688079834,1.0,complete_addition_frequency_derangement,6,56,"(28,28)/(85,85)|(11,11)/(102,102)|(56,56)/(57,57)|(48,48)/(65,65)|(25,25)/(88,88)|(19,19)/(94,94)|(31,31)/(82,82)|(1,1)/(112,112)|(53,53)/(60,60)|(35,35)/(78,78)|(21,21)/(92,92)|(7,7)/(106,106)|(6,6)/(107,107)|(10,10)/(103,103)|(50,50)/(63,63)|(12,12)/(101,101)|(13,13)/(100,100)|(44,44)/(69,69)|(8,8)/(105,105)|(45,45)/(68,68)|(22,22)/(91,91)|(27,27)/(86,86)|(39,39)/(74,74)|(47,47)/(66,66)|(5,5)/(108,108)|(43,43)/(70,70)|(46,46)/(67,67)|(15,15)/(98,98)|(17,17)/(96,96)|(24,24)/(89,89)|(52,52)/(61,61)|(23,23)/(90,90)|(16,16)/(97,97)|(37,37)/(76,76)|(51,51)/(62,62)|(38,38)/(75,75)|(9,9)/(104,104)|(29,29)/(84,84)|(33,33)/(80,80)|(20,20)/(93,93)|(26,26)/(87,87)|(54,54)/(59,59)|(2,2)/(111,111)|(42,42)/(71,71)|(55,55)/(58,58)|(18,18)/(95,95)|(30,30)/(83,83)|(14,14)/(99,99)|(3,3)/(110,110)|(32,32)/(81,81)|(40,40)/(73,73)|(34,34)/(79,79)|(4,4)/(109,109)|(41,41)/(72,72)|(36,36)/(77,77)|(49,49)/(64,64)","(48,48)/(65,65)|(45,45)/(68,68)|(47,47)/(66,66)|(19,19)/(94,94)|(6,6)/(107,107)|(38,38)/(75,75)|(21,21)/(92,92)|(52,52)/(61,61)|(11,11)/(102,102)|(29,29)/(84,84)|(12,12)/(101,101)|(41,41)/(72,72)|(32,32)/(81,81)|(44,44)/(69,69)|(5,5)/(108,108)|(2,2)/(111,111)|(54,54)/(59,59)|(4,4)/(109,109)|(39,39)/(74,74)|(20,20)/(93,93)|(10,10)/(103,103)|(16,16)/(97,97)|(9,9)/(104,104)|(51,51)/(62,62)|(43,43)/(70,70)|(31,31)/(82,82)|(53,53)/(60,60)|(17,17)/(96,96)|(25,25)/(88,88)|(34,34)/(79,79)|(13,13)/(100,100)|(40,40)/(73,73)|(49,49)/(64,64)|(33,33)/(80,80)|(26,26)/(87,87)|(42,42)/(71,71)|(36,36)/(77,77)|(15,15)/(98,98)|(23,23)/(90,90)|(37,37)/(76,76)|(56,56)/(57,57)|(50,50)/(63,63)|(30,30)/(83,83)|(24,24)/(89,89)|(8,8)/(105,105)|(46,46)/(67,67)|(7,7)/(106,106)|(1,1)/(112,112)|(35,35)/(78,78)|(14,14)/(99,99)|(28,28)/(85,85)|(3,3)/(110,110)|(22,22)/(91,91)|(55,55)/(58,58)|(18,18)/(95,95)|(27,27)/(86,86)",1161973766.8945312,1161973766.8945312,1.0,addition_only,0.008849557489156723
subtraction_depth1_muon,1,muon,minimum_after_first_generalized,17000,checkpoints/subtraction_depth_1_muon_seed_0/step_017000.pt,0.8509671688079834,1.0,complete_addition_frequency_derangement,6,56,"(28,28)/(85,85)|(11,11)/(102,102)|(56,56)/(57,57)|(48,48)/(65,65)|(25,25)/(88,88)|(19,19)/(94,94)|(31,31)/(82,82)|(1,1)/(112,112)|(53,53)/(60,60)|(35,35)/(78,78)|(21,21)/(92,92)|(7,7)/(106,106)|(6,6)/(107,107)|(10,10)/(103,103)|(50,50)/(63,63)|(12,12)/(101,101)|(13,13)/(100,100)|(44,44)/(69,69)|(8,8)/(105,105)|(45,45)/(68,68)|(22,22)/(91,91)|(27,27)/(86,86)|(39,39)/(74,74)|(47,47)/(66,66)|(5,5)/(108,108)|(43,43)/(70,70)|(46,46)/(67,67)|(15,15)/(98,98)|(17,17)/(96,96)|(24,24)/(89,89)|(52,52)/(61,61)|(23,23)/(90,90)|(16,16)/(97,97)|(37,37)/(76,76)|(51,51)/(62,62)|(38,38)/(75,75)|(9,9)/(104,104)|(29,29)/(84,84)|(33,33)/(80,80)|(20,20)/(93,93)|(26,26)/(87,87)|(54,54)/(59,59)|(2,2)/(111,111)|(42,42)/(71,71)|(55,55)/(58,58)|(18,18)/(95,95)|(30,30)/(83,83)|(14,14)/(99,99)|(3,3)/(110,110)|(32,32)/(81,81)|(40,40)/(73,73)|(34,34)/(79,79)|(4,4)/(109,109)|(41,41)/(72,72)|(36,36)/(77,77)|(49,49)/(64,64)","(37,37)/(76,76)|(30,30)/(83,83)|(23,23)/(90,90)|(41,41)/(72,72)|(39,39)/(74,74)|(31,31)/(82,82)|(55,55)/(58,58)|(20,20)/(93,93)|(10,10)/(103,103)|(43,43)/(70,70)|(49,49)/(64,64)|(6,6)/(107,107)|(17,17)/(96,96)|(34,34)/(79,79)|(51,51)/(62,62)|(29,29)/(84,84)|(56,56)/(57,57)|(18,18)/(95,95)|(9,9)/(104,104)|(15,15)/(98,98)|(45,45)/(68,68)|(50,50)/(63,63)|(32,32)/(81,81)|(12,12)/(101,101)|(42,42)/(71,71)|(25,25)/(88,88)|(40,40)/(73,73)|(36,36)/(77,77)|(38,38)/(75,75)|(3,3)/(110,110)|(54,54)/(59,59)|(22,22)/(91,91)|(19,19)/(94,94)|(26,26)/(87,87)|(48,48)/(65,65)|(46,46)/(67,67)|(1,1)/(112,112)|(24,24)/(89,89)|(35,35)/(78,78)|(7,7)/(106,106)|(13,13)/(100,100)|(8,8)/(105,105)|(53,53)/(60,60)|(21,21)/(92,92)|(4,4)/(109,109)|(5,5)/(108,108)|(11,11)/(102,102)|(52,52)/(61,61)|(28,28)/(85,85)|(33,33)/(80,80)|(16,16)/(97,97)|(47,47)/(66,66)|(2,2)/(111,111)|(44,44)/(69,69)|(14,14)/(99,99)|(27,27)/(86,86)",1161973766.8945312,1161973766.8945312,1.0,full_hidden,0.8514370918273926
subtraction_depth1_muon,1,muon,minimum_after_first_generalized,17000,checkpoints/subtraction_depth_1_muon_seed_0/step_017000.pt,0.8509671688079834,1.0,complete_addition_frequency_derangement,7,56,"(28,28)/(85,85)|(11,11)/(102,102)|(56,56)/(57,57)|(48,48)/(65,65)|(25,25)/(88,88)|(19,19)/(94,94)|(31,31)/(82,82)|(1,1)/(112,112)|(53,53)/(60,60)|(35,35)/(78,78)|(21,21)/(92,92)|(7,7)/(106,106)|(6,6)/(107,107)|(10,10)/(103,103)|(50,50)/(63,63)|(12,12)/(101,101)|(13,13)/(100,100)|(44,44)/(69,69)|(8,8)/(105,105)|(45,45)/(68,68)|(22,22)/(91,91)|(27,27)/(86,86)|(39,39)/(74,74)|(47,47)/(66,66)|(5,5)/(108,108)|(43,43)/(70,70)|(46,46)/(67,67)|(15,15)/(98,98)|(17,17)/(96,96)|(24,24)/(89,89)|(52,52)/(61,61)|(23,23)/(90,90)|(16,16)/(97,97)|(37,37)/(76,76)|(51,51)/(62,62)|(38,38)/(75,75)|(9,9)/(104,104)|(29,29)/(84,84)|(33,33)/(80,80)|(20,20)/(93,93)|(26,26)/(87,87)|(54,54)/(59,59)|(2,2)/(111,111)|(42,42)/(71,71)|(55,55)/(58,58)|(18,18)/(95,95)|(30,30)/(83,83)|(14,14)/(99,99)|(3,3)/(110,110)|(32,32)/(81,81)|(40,40)/(73,73)|(34,34)/(79,79)|(4,4)/(109,109)|(41,41)/(72,72)|(36,36)/(77,77)|(49,49)/(64,64)","(26,26)/(87,87)|(33,33)/(80,80)|(2,2)/(111,111)|(47,47)/(66,66)|(29,29)/(84,84)|(37,37)/(76,76)|(51,51)/(62,62)|(31,31)/(82,82)|(5,5)/(108,108)|(54,54)/(59,59)|(13,13)/(100,100)|(56,56)/(57,57)|(36,36)/(77,77)|(7,7)/(106,106)|(18,18)/(95,95)|(23,23)/(90,90)|(49,49)/(64,64)|(35,35)/(78,78)|(22,22)/(91,91)|(16,16)/(97,97)|(32,32)/(81,81)|(4,4)/(109,109)|(9,9)/(104,104)|(17,17)/(96,96)|(25,25)/(88,88)|(8,8)/(105,105)|(6,6)/(107,107)|(46,46)/(67,67)|(11,11)/(102,102)|(15,15)/(98,98)|(41,41)/(72,72)|(40,40)/(73,73)|(30,30)/(83,83)|(43,43)/(70,70)|(27,27)/(86,86)|(48,48)/(65,65)|(38,38)/(75,75)|(24,24)/(89,89)|(1,1)/(112,112)|(45,45)/(68,68)|(14,14)/(99,99)|(50,50)/(63,63)|(55,55)/(58,58)|(34,34)/(79,79)|(3,3)/(110,110)|(19,19)/(94,94)|(42,42)/(71,71)|(39,39)/(74,74)|(52,52)/(61,61)|(53,53)/(60,60)|(20,20)/(93,93)|(10,10)/(103,103)|(12,12)/(101,101)|(28,28)/(85,85)|(21,21)/(92,92)|(44,44)/(69,69)",1161973766.8945312,1161973766.8945312,1.0,addition_only,0.008849557489156723
subtraction_depth1_muon,1,muon,minimum_after_first_generalized,17000,checkpoints/subtraction_depth_1_muon_seed_0/step_017000.pt,0.8509671688079834,1.0,complete_addition_frequency_derangement,7,56,"(28,28)/(85,85)|(11,11)/(102,102)|(56,56)/(57,57)|(48,48)/(65,65)|(25,25)/(88,88)|(19,19)/(94,94)|(31,31)/(82,82)|(1,1)/(112,112)|(53,53)/(60,60)|(35,35)/(78,78)|(21,21)/(92,92)|(7,7)/(106,106)|(6,6)/(107,107)|(10,10)/(103,103)|(50,50)/(63,63)|(12,12)/(101,101)|(13,13)/(100,100)|(44,44)/(69,69)|(8,8)/(105,105)|(45,45)/(68,68)|(22,22)/(91,91)|(27,27)/(86,86)|(39,39)/(74,74)|(47,47)/(66,66)|(5,5)/(108,108)|(43,43)/(70,70)|(46,46)/(67,67)|(15,15)/(98,98)|(17,17)/(96,96)|(24,24)/(89,89)|(52,52)/(61,61)|(23,23)/(90,90)|(16,16)/(97,97)|(37,37)/(76,76)|(51,51)/(62,62)|(38,38)/(75,75)|(9,9)/(104,104)|(29,29)/(84,84)|(33,33)/(80,80)|(20,20)/(93,93)|(26,26)/(87,87)|(54,54)/(59,59)|(2,2)/(111,111)|(42,42)/(71,71)|(55,55)/(58,58)|(18,18)/(95,95)|(30,30)/(83,83)|(14,14)/(99,99)|(3,3)/(110,110)|(32,32)/(81,81)|(40,40)/(73,73)|(34,34)/(79,79)|(4,4)/(109,109)|(41,41)/(72,72)|(36,36)/(77,77)|(49,49)/(64,64)","(19,19)/(94,94)|(43,43)/(70,70)|(11,11)/(102,102)|(56,56)/(57,57)|(53,53)/(60,60)|(23,23)/(90,90)|(33,33)/(80,80)|(49,49)/(64,64)|(18,18)/(95,95)|(47,47)/(66,66)|(39,39)/(74,74)|(12,12)/(101,101)|(54,54)/(59,59)|(50,50)/(63,63)|(27,27)/(86,86)|(9,9)/(104,104)|(26,26)/(87,87)|(35,35)/(78,78)|(36,36)/(77,77)|(30,30)/(83,83)|(20,20)/(93,93)|(16,16)/(97,97)|(51,51)/(62,62)|(29,29)/(84,84)|(1,1)/(112,112)|(45,45)/(68,68)|(13,13)/(100,100)|(10,10)/(103,103)|(7,7)/(106,106)|(52,52)/(61,61)|(25,25)/(88,88)|(46,46)/(67,67)|(8,8)/(105,105)|(14,14)/(99,99)|(41,41)/(72,72)|(32,32)/(81,81)|(48,48)/(65,65)|(42,42)/(71,71)|(22,22)/(91,91)|(5,5)/(108,108)|(28,28)/(85,85)|(37,37)/(76,76)|(38,38)/(75,75)|(34,34)/(79,79)|(15,15)/(98,98)|(44,44)/(69,69)|(31,31)/(82,82)|(17,17)/(96,96)|(6,6)/(107,107)|(40,40)/(73,73)|(21,21)/(92,92)|(4,4)/(109,109)|(24,24)/(89,89)|(55,55)/(58,58)|(2,2)/(111,111)|(3,3)/(110,110)",1161973766.8945312,1161973766.8945312,1.0,full_hidden,0.8541780710220337
subtraction_depth1_muon,1,muon,minimum_after_first_generalized,17000,checkpoints/subtraction_depth_1_muon_seed_0/step_017000.pt,0.8509671688079834,1.0,complete_addition_frequency_derangement,8,56,"(28,28)/(85,85)|(11,11)/(102,102)|(56,56)/(57,57)|(48,48)/(65,65)|(25,25)/(88,88)|(19,19)/(94,94)|(31,31)/(82,82)|(1,1)/(112,112)|(53,53)/(60,60)|(35,35)/(78,78)|(21,21)/(92,92)|(7,7)/(106,106)|(6,6)/(107,107)|(10,10)/(103,103)|(50,50)/(63,63)|(12,12)/(101,101)|(13,13)/(100,100)|(44,44)/(69,69)|(8,8)/(105,105)|(45,45)/(68,68)|(22,22)/(91,91)|(27,27)/(86,86)|(39,39)/(74,74)|(47,47)/(66,66)|(5,5)/(108,108)|(43,43)/(70,70)|(46,46)/(67,67)|(15,15)/(98,98)|(17,17)/(96,96)|(24,24)/(89,89)|(52,52)/(61,61)|(23,23)/(90,90)|(16,16)/(97,97)|(37,37)/(76,76)|(51,51)/(62,62)|(38,38)/(75,75)|(9,9)/(104,104)|(29,29)/(84,84)|(33,33)/(80,80)|(20,20)/(93,93)|(26,26)/(87,87)|(54,54)/(59,59)|(2,2)/(111,111)|(42,42)/(71,71)|(55,55)/(58,58)|(18,18)/(95,95)|(30,30)/(83,83)|(14,14)/(99,99)|(3,3)/(110,110)|(32,32)/(81,81)|(40,40)/(73,73)|(34,34)/(79,79)|(4,4)/(109,109)|(41,41)/(72,72)|(36,36)/(77,77)|(49,49)/(64,64)","(30,30)/(83,83)|(39,39)/(74,74)|(13,13)/(100,100)|(14,14)/(99,99)|(5,5)/(108,108)|(26,26)/(87,87)|(32,32)/(81,81)|(36,36)/(77,77)|(45,45)/(68,68)|(55,55)/(58,58)|(7,7)/(106,106)|(51,51)/(62,62)|(34,34)/(79,79)|(52,52)/(61,61)|(6,6)/(107,107)|(16,16)/(97,97)|(4,4)/(109,109)|(37,37)/(76,76)|(38,38)/(75,75)|(17,17)/(96,96)|(42,42)/(71,71)|(43,43)/(70,70)|(12,12)/(101,101)|(29,29)/(84,84)|(18,18)/(95,95)|(22,22)/(91,91)|(47,47)/(66,66)|(49,49)/(64,64)|(20,20)/(93,93)|(3,3)/(110,110)|(24,24)/(89,89)|(25,25)/(88,88)|(2,2)/(111,111)|(41,41)/(72,72)|(33,33)/(80,80)|(50,50)/(63,63)|(53,53)/(60,60)|(10,10)/(103,103)|(9,9)/(104,104)|(27,27)/(86,86)|(46,46)/(67,67)|(11,11)/(102,102)|(35,35)/(78,78)|(31,31)/(82,82)|(54,54)/(59,59)|(21,21)/(92,92)|(23,23)/(90,90)|(19,19)/(94,94)|(8,8)/(105,105)|(28,28)/(85,85)|(56,56)/(57,57)|(40,40)/(73,73)|(48,48)/(65,65)|(1,1)/(112,112)|(15,15)/(98,98)|(44,44)/(69,69)",1161973766.8945312,1161973766.8945312,1.0,addition_only,0.008849557489156723
subtraction_depth1_muon,1,muon,minimum_after_first_generalized,17000,checkpoints/subtraction_depth_1_muon_seed_0/step_017000.pt,0.8509671688079834,1.0,complete_addition_frequency_derangement,8,56,"(28,28)/(85,85)|(11,11)/(102,102)|(56,56)/(57,57)|(48,48)/(65,65)|(25,25)/(88,88)|(19,19)/(94,94)|(31,31)/(82,82)|(1,1)/(112,112)|(53,53)/(60,60)|(35,35)/(78,78)|(21,21)/(92,92)|(7,7)/(106,106)|(6,6)/(107,107)|(10,10)/(103,103)|(50,50)/(63,63)|(12,12)/(101,101)|(13,13)/(100,100)|(44,44)/(69,69)|(8,8)/(105,105)|(45,45)/(68,68)|(22,22)/(91,91)|(27,27)/(86,86)|(39,39)/(74,74)|(47,47)/(66,66)|(5,5)/(108,108)|(43,43)/(70,70)|(46,46)/(67,67)|(15,15)/(98,98)|(17,17)/(96,96)|(24,24)/(89,89)|(52,52)/(61,61)|(23,23)/(90,90)|(16,16)/(97,97)|(37,37)/(76,76)|(51,51)/(62,62)|(38,38)/(75,75)|(9,9)/(104,104)|(29,29)/(84,84)|(33,33)/(80,80)|(20,20)/(93,93)|(26,26)/(87,87)|(54,54)/(59,59)|(2,2)/(111,111)|(42,42)/(71,71)|(55,55)/(58,58)|(18,18)/(95,95)|(30,30)/(83,83)|(14,14)/(99,99)|(3,3)/(110,110)|(32,32)/(81,81)|(40,40)/(73,73)|(34,34)/(79,79)|(4,4)/(109,109)|(41,41)/(72,72)|(36,36)/(77,77)|(49,49)/(64,64)","(6,6)/(107,107)|(29,29)/(84,84)|(39,39)/(74,74)|(37,37)/(76,76)|(1,1)/(112,112)|(46,46)/(67,67)|(30,30)/(83,83)|(4,4)/(109,109)|(47,47)/(66,66)|(3,3)/(110,110)|(33,33)/(80,80)|(35,35)/(78,78)|(43,43)/(70,70)|(16,16)/(97,97)|(48,48)/(65,65)|(25,25)/(88,88)|(19,19)/(94,94)|(55,55)/(58,58)|(31,31)/(82,82)|(22,22)/(91,91)|(17,17)/(96,96)|(9,9)/(104,104)|(52,52)/(61,61)|(34,34)/(79,79)|(7,7)/(106,106)|(49,49)/(64,64)|(56,56)/(57,57)|(51,51)/(62,62)|(12,12)/(101,101)|(28,28)/(85,85)|(38,38)/(75,75)|(18,18)/(95,95)|(14,14)/(99,99)|(44,44)/(69,69)|(20,20)/(93,93)|(27,27)/(86,86)|(10,10)/(103,103)|(2,2)/(111,111)|(11,11)/(102,102)|(50,50)/(63,63)|(5,5)/(108,108)|(36,36)/(77,77)|(24,24)/(89,89)|(26,26)/(87,87)|(45,45)/(68,68)|(15,15)/(98,98)|(40,40)/(73,73)|(21,21)/(92,92)|(42,42)/(71,71)|(13,13)/(100,100)|(23,23)/(90,90)|(54,54)/(59,59)|(41,41)/(72,72)|(8,8)/(105,105)|(53,53)/(60,60)|(32,32)/(81,81)",1161973766.8945312,1161973766.8945312,1.0,full_hidden,0.8530817031860352
subtraction_depth1_muon,1,muon,minimum_after_first_generalized,17000,checkpoints/subtraction_depth_1_muon_seed_0/step_017000.pt,0.8509671688079834,1.0,complete_addition_frequency_derangement,9,56,"(28,28)/(85,85)|(11,11)/(102,102)|(56,56)/(57,57)|(48,48)/(65,65)|(25,25)/(88,88)|(19,19)/(94,94)|(31,31)/(82,82)|(1,1)/(112,112)|(53,53)/(60,60)|(35,35)/(78,78)|(21,21)/(92,92)|(7,7)/(106,106)|(6,6)/(107,107)|(10,10)/(103,103)|(50,50)/(63,63)|(12,12)/(101,101)|(13,13)/(100,100)|(44,44)/(69,69)|(8,8)/(105,105)|(45,45)/(68,68)|(22,22)/(91,91)|(27,27)/(86,86)|(39,39)/(74,74)|(47,47)/(66,66)|(5,5)/(108,108)|(43,43)/(70,70)|(46,46)/(67,67)|(15,15)/(98,98)|(17,17)/(96,96)|(24,24)/(89,89)|(52,52)/(61,61)|(23,23)/(90,90)|(16,16)/(97,97)|(37,37)/(76,76)|(51,51)/(62,62)|(38,38)/(75,75)|(9,9)/(104,104)|(29,29)/(84,84)|(33,33)/(80,80)|(20,20)/(93,93)|(26,26)/(87,87)|(54,54)/(59,59)|(2,2)/(111,111)|(42,42)/(71,71)|(55,55)/(58,58)|(18,18)/(95,95)|(30,30)/(83,83)|(14,14)/(99,99)|(3,3)/(110,110)|(32,32)/(81,81)|(40,40)/(73,73)|(34,34)/(79,79)|(4,4)/(109,109)|(41,41)/(72,72)|(36,36)/(77,77)|(49,49)/(64,64)","(32,32)/(81,81)|(10,10)/(103,103)|(16,16)/(97,97)|(56,56)/(57,57)|(35,35)/(78,78)|(18,18)/(95,95)|(42,42)/(71,71)|(3,3)/(110,110)|(28,28)/(85,85)|(20,20)/(93,93)|(1,1)/(112,112)|(24,24)/(89,89)|(23,23)/(90,90)|(4,4)/(109,109)|(47,47)/(66,66)|(46,46)/(67,67)|(53,53)/(60,60)|(2,2)/(111,111)|(26,26)/(87,87)|(41,41)/(72,72)|(55,55)/(58,58)|(40,40)/(73,73)|(12,12)/(101,101)|(44,44)/(69,69)|(21,21)/(92,92)|(6,6)/(107,107)|(7,7)/(106,106)|(48,48)/(65,65)|(15,15)/(98,98)|(19,19)/(94,94)|(13,13)/(100,100)|(22,22)/(91,91)|(14,14)/(99,99)|(31,31)/(82,82)|(17,17)/(96,96)|(36,36)/(77,77)|(34,34)/(79,79)|(54,54)/(59,59)|(8,8)/(105,105)|(39,39)/(74,74)|(43,43)/(70,70)|(52,52)/(61,61)|(33,33)/(80,80)|(30,30)/(83,83)|(50,50)/(63,63)|(49,49)/(64,64)|(45,45)/(68,68)|(11,11)/(102,102)|(25,25)/(88,88)|(9,9)/(104,104)|(27,27)/(86,86)|(38,38)/(75,75)|(29,29)/(84,84)|(37,37)/(76,76)|(5,5)/(108,108)|(51,51)/(62,62)",1161973766.8945312,1161973766.8945312,1.0,addition_only,0.008849557489156723
subtraction_depth1_muon,1,muon,minimum_after_first_generalized,17000,checkpoints/subtraction_depth_1_muon_seed_0/step_017000.pt,0.8509671688079834,1.0,complete_addition_frequency_derangement,9,56,"(28,28)/(85,85)|(11,11)/(102,102)|(56,56)/(57,57)|(48,48)/(65,65)|(25,25)/(88,88)|(19,19)/(94,94)|(31,31)/(82,82)|(1,1)/(112,112)|(53,53)/(60,60)|(35,35)/(78,78)|(21,21)/(92,92)|(7,7)/(106,106)|(6,6)/(107,107)|(10,10)/(103,103)|(50,50)/(63,63)|(12,12)/(101,101)|(13,13)/(100,100)|(44,44)/(69,69)|(8,8)/(105,105)|(45,45)/(68,68)|(22,22)/(91,91)|(27,27)/(86,86)|(39,39)/(74,74)|(47,47)/(66,66)|(5,5)/(108,108)|(43,43)/(70,70)|(46,46)/(67,67)|(15,15)/(98,98)|(17,17)/(96,96)|(24,24)/(89,89)|(52,52)/(61,61)|(23,23)/(90,90)|(16,16)/(97,97)|(37,37)/(76,76)|(51,51)/(62,62)|(38,38)/(75,75)|(9,9)/(104,104)|(29,29)/(84,84)|(33,33)/(80,80)|(20,20)/(93,93)|(26,26)/(87,87)|(54,54)/(59,59)|(2,2)/(111,111)|(42,42)/(71,71)|(55,55)/(58,58)|(18,18)/(95,95)|(30,30)/(83,83)|(14,14)/(99,99)|(3,3)/(110,110)|(32,32)/(81,81)|(40,40)/(73,73)|(34,34)/(79,79)|(4,4)/(109,109)|(41,41)/(72,72)|(36,36)/(77,77)|(49,49)/(64,64)","(33,33)/(80,80)|(6,6)/(107,107)|(14,14)/(99,99)|(41,41)/(72,72)|(45,45)/(68,68)|(5,5)/(108,108)|(19,19)/(94,94)|(53,53)/(60,60)|(35,35)/(78,78)|(34,34)/(79,79)|(16,16)/(97,97)|(40,40)/(73,73)|(43,43)/(70,70)|(12,12)/(101,101)|(9,9)/(104,104)|(32,32)/(81,81)|(11,11)/(102,102)|(49,49)/(64,64)|(52,52)/(61,61)|(18,18)/(95,95)|(56,56)/(57,57)|(22,22)/(91,91)|(15,15)/(98,98)|(29,29)/(84,84)|(55,55)/(58,58)|(46,46)/(67,67)|(1,1)/(112,112)|(3,3)/(110,110)|(25,25)/(88,88)|(21,21)/(92,92)|(38,38)/(75,75)|(13,13)/(100,100)|(24,24)/(89,89)|(42,42)/(71,71)|(27,27)/(86,86)|(47,47)/(66,66)|(51,51)/(62,62)|(50,50)/(63,63)|(23,23)/(90,90)|(10,10)/(103,103)|(8,8)/(105,105)|(39,39)/(74,74)|(20,20)/(93,93)|(36,36)/(77,77)|(54,54)/(59,59)|(4,4)/(109,109)|(26,26)/(87,87)|(37,37)/(76,76)|(44,44)/(69,69)|(28,28)/(85,85)|(2,2)/(111,111)|(48,48)/(65,65)|(31,31)/(82,82)|(7,7)/(106,106)|(30,30)/(83,83)|(17,17)/(96,96)",1161973766.8945312,1161973766.8945312,1.0,full_hidden,0.8524551391601562
subtraction_depth1_muon,1,muon,maximum_accuracy_reference,100000,checkpoints/subtraction_depth_1_muon_seed_0/step_100000.pt,1.0,0.5,random_native_addition_subset,0,5,"(28,28)/(85,85)|(11,11)/(102,102)|(13,13)/(100,100)|(31,31)/(82,82)|(8,8)/(105,105)","(40,40)/(73,73)|(24,24)/(89,89)|(55,55)/(58,58)|(32,32)/(81,81)|(25,25)/(88,88)",2836442432.0,480460196.34375,1.0,addition_only,0.008849557489156723
subtraction_depth1_muon,1,muon,maximum_accuracy_reference,100000,checkpoints/subtraction_depth_1_muon_seed_0/step_100000.pt,1.0,0.5,equal_power_frequency_relocation,0,5,"(28,28)/(85,85)|(11,11)/(102,102)|(13,13)/(100,100)|(31,31)/(82,82)|(8,8)/(105,105)","(23,23)/(90,90)|(6,6)/(107,107)|(42,42)/(71,71)|(10,10)/(103,103)|(28,28)/(85,85)",2836442432.0,2836442432.0,1.0,addition_only,0.008849557489156723
subtraction_depth1_muon,1,muon,maximum_accuracy_reference,100000,checkpoints/subtraction_depth_1_muon_seed_0/step_100000.pt,1.0,0.5,random_native_addition_subset,1,5,"(28,28)/(85,85)|(11,11)/(102,102)|(13,13)/(100,100)|(31,31)/(82,82)|(8,8)/(105,105)","(20,20)/(93,93)|(15,15)/(98,98)|(45,45)/(68,68)|(12,12)/(101,101)|(53,53)/(60,60)",2836442432.0,42776213.0859375,1.0,addition_only,0.008849557489156723
subtraction_depth1_muon,1,muon,maximum_accuracy_reference,100000,checkpoints/subtraction_depth_1_muon_seed_0/step_100000.pt,1.0,0.5,equal_power_frequency_relocation,1,5,"(28,28)/(85,85)|(11,11)/(102,102)|(13,13)/(100,100)|(31,31)/(82,82)|(8,8)/(105,105)","(56,56)/(57,57)|(19,19)/(94,94)|(52,52)/(61,61)|(11,11)/(102,102)|(3,3)/(110,110)",2836442432.0,2836442432.0,1.0,addition_only,0.008849557489156723
subtraction_depth1_muon,1,muon,maximum_accuracy_reference,100000,checkpoints/subtraction_depth_1_muon_seed_0/step_100000.pt,1.0,0.5,random_native_addition_subset,2,5,"(28,28)/(85,85)|(11,11)/(102,102)|(13,13)/(100,100)|(31,31)/(82,82)|(8,8)/(105,105)","(37,37)/(76,76)|(47,47)/(66,66)|(13,13)/(100,100)|(52,52)/(61,61)|(55,55)/(58,58)",2836442432.0,588197400.859375,1.0,addition_only,0.008849557489156723
subtraction_depth1_muon,1,muon,maximum_accuracy_reference,100000,checkpoints/subtraction_depth_1_muon_seed_0/step_100000.pt,1.0,0.5,equal_power_frequency_relocation,2,5,"(28,28)/(85,85)|(11,11)/(102,102)|(13,13)/(100,100)|(31,31)/(82,82)|(8,8)/(105,105)","(45,45)/(68,68)|(36,36)/(77,77)|(16,16)/(97,97)|(20,20)/(93,93)|(55,55)/(58,58)",2836442432.0,2836442432.0,1.0,addition_only,0.008849557489156723
subtraction_depth1_muon,1,muon,maximum_accuracy_reference,100000,checkpoints/subtraction_depth_1_muon_seed_0/step_100000.pt,1.0,0.5,random_native_addition_subset,3,5,"(28,28)/(85,85)|(11,11)/(102,102)|(13,13)/(100,100)|(31,31)/(82,82)|(8,8)/(105,105)","(38,38)/(75,75)|(45,45)/(68,68)|(33,33)/(80,80)|(30,30)/(83,83)|(40,40)/(73,73)",2836442432.0,272854096.5625,1.0,addition_only,0.008849557489156723
subtraction_depth1_muon,1,muon,maximum_accuracy_reference,100000,checkpoints/subtraction_depth_1_muon_seed_0/step_100000.pt,1.0,0.5,equal_power_frequency_relocation,3,5,"(28,28)/(85,85)|(11,11)/(102,102)|(13,13)/(100,100)|(31,31)/(82,82)|(8,8)/(105,105)","(13,13)/(100,100)|(3,3)/(110,110)|(43,43)/(70,70)|(21,21)/(92,92)|(4,4)/(109,109)",2836442432.0,2836442432.0,1.0,addition_only,0.008849557489156723
subtraction_depth1_muon,1,muon,maximum_accuracy_reference,100000,checkpoints/subtraction_depth_1_muon_seed_0/step_100000.pt,1.0,0.5,random_native_addition_subset,4,5,"(28,28)/(85,85)|(11,11)/(102,102)|(13,13)/(100,100)|(31,31)/(82,82)|(8,8)/(105,105)","(6,6)/(107,107)|(46,46)/(67,67)|(55,55)/(58,58)|(20,20)/(93,93)|(10,10)/(103,103)",2836442432.0,259694233.265625,1.0,addition_only,0.008849557489156723
subtraction_depth1_muon,1,muon,maximum_accuracy_reference,100000,checkpoints/subtraction_depth_1_muon_seed_0/step_100000.pt,1.0,0.5,equal_power_frequency_relocation,4,5,"(28,28)/(85,85)|(11,11)/(102,102)|(13,13)/(100,100)|(31,31)/(82,82)|(8,8)/(105,105)","(44,44)/(69,69)|(7,7)/(106,106)|(40,40)/(73,73)|(25,25)/(88,88)|(32,32)/(81,81)",2836442432.0,2836442432.0,1.0,addition_only,0.008849557489156723
subtraction_depth1_muon,1,muon,maximum_accuracy_reference,100000,checkpoints/subtraction_depth_1_muon_seed_0/step_100000.pt,1.0,0.5,random_native_addition_subset,5,5,"(28,28)/(85,85)|(11,11)/(102,102)|(13,13)/(100,100)|(31,31)/(82,82)|(8,8)/(105,105)","(4,4)/(109,109)|(40,40)/(73,73)|(11,11)/(102,102)|(39,39)/(74,74)|(22,22)/(91,91)",2836442432.0,578002046.640625,1.0,addition_only,0.008849557489156723
subtraction_depth1_muon,1,muon,maximum_accuracy_reference,100000,checkpoints/subtraction_depth_1_muon_seed_0/step_100000.pt,1.0,0.5,equal_power_frequency_relocation,5,5,"(28,28)/(85,85)|(11,11)/(102,102)|(13,13)/(100,100)|(31,31)/(82,82)|(8,8)/(105,105)","(15,15)/(98,98)|(9,9)/(104,104)|(34,34)/(79,79)|(12,12)/(101,101)|(22,22)/(91,91)",2836442432.0,2836442432.0,1.0,addition_only,0.008849557489156723
subtraction_depth1_muon,1,muon,maximum_accuracy_reference,100000,checkpoints/subtraction_depth_1_muon_seed_0/step_100000.pt,1.0,0.5,random_native_addition_subset,6,5,"(28,28)/(85,85)|(11,11)/(102,102)|(13,13)/(100,100)|(31,31)/(82,82)|(8,8)/(105,105)","(36,36)/(77,77)|(24,24)/(89,89)|(46,46)/(67,67)|(15,15)/(98,98)|(19,19)/(94,94)",2836442432.0,65688578.15625,1.0,addition_only,0.008849557489156723
subtraction_depth1_muon,1,muon,maximum_accuracy_reference,100000,checkpoints/subtraction_depth_1_muon_seed_0/step_100000.pt,1.0,0.5,equal_power_frequency_relocation,6,5,"(28,28)/(85,85)|(11,11)/(102,102)|(13,13)/(100,100)|(31,31)/(82,82)|(8,8)/(105,105)","(3,3)/(110,110)|(16,16)/(97,97)|(56,56)/(57,57)|(5,5)/(108,108)|(2,2)/(111,111)",2836442432.0,2836442432.0,1.0,addition_only,0.008849557489156723
subtraction_depth1_muon,1,muon,maximum_accuracy_reference,100000,checkpoints/subtraction_depth_1_muon_seed_0/step_100000.pt,1.0,0.5,random_native_addition_subset,7,5,"(28,28)/(85,85)|(11,11)/(102,102)|(13,13)/(100,100)|(31,31)/(82,82)|(8,8)/(105,105)","(9,9)/(104,104)|(26,26)/(87,87)|(2,2)/(111,111)|(15,15)/(98,98)|(12,12)/(101,101)",2836442432.0,12270455.03515625,1.0,addition_only,0.008849557489156723
subtraction_depth1_muon,1,muon,maximum_accuracy_reference,100000,checkpoints/subtraction_depth_1_muon_seed_0/step_100000.pt,1.0,0.5,equal_power_frequency_relocation,7,5,"(28,28)/(85,85)|(11,11)/(102,102)|(13,13)/(100,100)|(31,31)/(82,82)|(8,8)/(105,105)","(31,31)/(82,82)|(52,52)/(61,61)|(3,3)/(110,110)|(34,34)/(79,79)|(10,10)/(103,103)",2836442432.0,2836442432.0,1.0,addition_only,0.008849557489156723
subtraction_depth1_muon,1,muon,maximum_accuracy_reference,100000,checkpoints/subtraction_depth_1_muon_seed_0/step_100000.pt,1.0,0.5,random_native_addition_subset,8,5,"(28,28)/(85,85)|(11,11)/(102,102)|(13,13)/(100,100)|(31,31)/(82,82)|(8,8)/(105,105)","(26,26)/(87,87)|(34,34)/(79,79)|(5,5)/(108,108)|(36,36)/(77,77)|(35,35)/(78,78)",2836442432.0,12047754.8125,1.0,addition_only,0.008849557489156723
subtraction_depth1_muon,1,muon,maximum_accuracy_reference,100000,checkpoints/subtraction_depth_1_muon_seed_0/step_100000.pt,1.0,0.5,equal_power_frequency_relocation,8,5,"(28,28)/(85,85)|(11,11)/(102,102)|(13,13)/(100,100)|(31,31)/(82,82)|(8,8)/(105,105)","(13,13)/(100,100)|(56,56)/(57,57)|(28,28)/(85,85)|(20,20)/(93,93)|(40,40)/(73,73)",2836442432.0,2836442432.0,1.0,addition_only,0.008849557489156723
subtraction_depth1_muon,1,muon,maximum_accuracy_reference,100000,checkpoints/subtraction_depth_1_muon_seed_0/step_100000.pt,1.0,0.5,random_native_addition_subset,9,5,"(28,28)/(85,85)|(11,11)/(102,102)|(13,13)/(100,100)|(31,31)/(82,82)|(8,8)/(105,105)","(35,35)/(78,78)|(4,4)/(109,109)|(27,27)/(86,86)|(47,47)/(66,66)|(56,56)/(57,57)",2836442432.0,380159533.53125,1.0,addition_only,0.008849557489156723
subtraction_depth1_muon,1,muon,maximum_accuracy_reference,100000,checkpoints/subtraction_depth_1_muon_seed_0/step_100000.pt,1.0,0.5,equal_power_frequency_relocation,9,5,"(28,28)/(85,85)|(11,11)/(102,102)|(13,13)/(100,100)|(31,31)/(82,82)|(8,8)/(105,105)","(7,7)/(106,106)|(6,6)/(107,107)|(34,34)/(79,79)|(35,35)/(78,78)|(38,38)/(75,75)",2836442432.0,2836442432.0,1.0,addition_only,0.008849557489156723
subtraction_depth1_muon,1,muon,maximum_accuracy_reference,100000,checkpoints/subtraction_depth_1_muon_seed_0/step_100000.pt,1.0,0.75,random_native_addition_subset,0,7,"(28,28)/(85,85)|(11,11)/(102,102)|(13,13)/(100,100)|(31,31)/(82,82)|(8,8)/(105,105)|(32,32)/(81,81)|(21,21)/(92,92)","(42,42)/(71,71)|(17,17)/(96,96)|(56,56)/(57,57)|(9,9)/(104,104)|(24,24)/(89,89)|(20,20)/(93,93)|(41,41)/(72,72)",3580385984.0,133434860.859375,1.0,addition_only,0.008849557489156723
subtraction_depth1_muon,1,muon,maximum_accuracy_reference,100000,checkpoints/subtraction_depth_1_muon_seed_0/step_100000.pt,1.0,0.75,equal_power_frequency_relocation,0,7,"(28,28)/(85,85)|(11,11)/(102,102)|(13,13)/(100,100)|(31,31)/(82,82)|(8,8)/(105,105)|(32,32)/(81,81)|(21,21)/(92,92)","(38,38)/(75,75)|(49,49)/(64,64)|(27,27)/(86,86)|(20,20)/(93,93)|(15,15)/(98,98)|(9,9)/(104,104)|(41,41)/(72,72)",3580385984.0,3580385984.0,1.0,addition_only,0.008849557489156723
subtraction_depth1_muon,1,muon,maximum_accuracy_reference,100000,checkpoints/subtraction_depth_1_muon_seed_0/step_100000.pt,1.0,0.75,random_native_addition_subset,1,7,"(28,28)/(85,85)|(11,11)/(102,102)|(13,13)/(100,100)|(31,31)/(82,82)|(8,8)/(105,105)|(32,32)/(81,81)|(21,21)/(92,92)","(36,36)/(77,77)|(8,8)/(105,105)|(9,9)/(104,104)|(7,7)/(106,106)|(14,14)/(99,99)|(21,21)/(92,92)|(51,51)/(62,62)",3580385984.0,901770627.21875,1.0,addition_only,0.008849557489156723
subtraction_depth1_muon,1,muon,maximum_accuracy_reference,100000,checkpoints/subtraction_depth_1_muon_seed_0/step_100000.pt,1.0,0.75,equal_power_frequency_relocation,1,7,"(28,28)/(85,85)|(11,11)/(102,102)|(13,13)/(100,100)|(31,31)/(82,82)|(8,8)/(105,105)|(32,32)/(81,81)|(21,21)/(92,92)","(38,38)/(75,75)|(14,14)/(99,99)|(41,41)/(72,72)|(16,16)/(97,97)|(43,43)/(70,70)|(51,51)/(62,62)|(5,5)/(108,108)",3580385984.0,3580385984.0,1.0,addition_only,0.008849557489156723
subtraction_depth1_muon,1,muon,maximum_accuracy_reference,100000,checkpoints/subtraction_depth_1_muon_seed_0/step_100000.pt,1.0,0.75,random_native_addition_subset,2,7,"(28,28)/(85,85)|(11,11)/(102,102)|(13,13)/(100,100)|(31,31)/(82,82)|(8,8)/(105,105)|(32,32)/(81,81)|(21,21)/(92,92)","(10,10)/(103,103)|(2,2)/(111,111)|(11,11)/(102,102)|(27,27)/(86,86)|(33,33)/(80,80)|(42,42)/(71,71)|(13,13)/(100,100)",3580385984.0,1937762039.6757812,1.0,addition_only,0.008849557489156723
subtraction_depth1_muon,1,muon,maximum_accuracy_reference,100000,checkpoints/subtraction_depth_1_muon_seed_0/step_100000.pt,1.0,0.75,equal_power_frequency_relocation,2,7,"(28,28)/(85,85)|(11,11)/(102,102)|(13,13)/(100,100)|(31,31)/(82,82)|(8,8)/(105,105)|(32,32)/(81,81)|(21,21)/(92,92)","(44,44)/(69,69)|(54,54)/(59,59)|(42,42)/(71,71)|(6,6)/(107,107)|(25,25)/(88,88)|(4,4)/(109,109)|(9,9)/(104,104)",3580385984.0,3580385984.0,1.0,addition_only,0.008849557489156723
subtraction_depth1_muon,1,muon,maximum_accuracy_reference,100000,checkpoints/subtraction_depth_1_muon_seed_0/step_100000.pt,1.0,0.75,random_native_addition_subset,3,7,"(28,28)/(85,85)|(11,11)/(102,102)|(13,13)/(100,100)|(31,31)/(82,82)|(8,8)/(105,105)|(32,32)/(81,81)|(21,21)/(92,92)","(31,31)/(82,82)|(53,53)/(60,60)|(22,22)/(91,91)|(12,12)/(101,101)|(4,4)/(109,109)|(14,14)/(99,99)|(13,13)/(100,100)",3580385984.0,1084351951.8984375,1.0,addition_only,0.008849557489156723
subtraction_depth1_muon,1,muon,maximum_accuracy_reference,100000,checkpoints/subtraction_depth_1_muon_seed_0/step_100000.pt,1.0,0.75,equal_power_frequency_relocation,3,7,"(28,28)/(85,85)|(11,11)/(102,102)|(13,13)/(100,100)|(31,31)/(82,82)|(8,8)/(105,105)|(32,32)/(81,81)|(21,21)/(92,92)","(38,38)/(75,75)|(52,52)/(61,61)|(18,18)/(95,95)|(30,30)/(83,83)|(5,5)/(108,108)|(1,1)/(112,112)|(7,7)/(106,106)",3580385984.0,3580385984.0,1.0,addition_only,0.008849557489156723
subtraction_depth1_muon,1,muon,maximum_accuracy_reference,100000,checkpoints/subtraction_depth_1_muon_seed_0/step_100000.pt,1.0,0.75,random_native_addition_subset,4,7,"(28,28)/(85,85)|(11,11)/(102,102)|(13,13)/(100,100)|(31,31)/(82,82)|(8,8)/(105,105)|(32,32)/(81,81)|(21,21)/(92,92)","(2,2)/(111,111)|(10,10)/(103,103)|(36,36)/(77,77)|(5,5)/(108,108)|(35,35)/(78,78)|(33,33)/(80,80)|(32,32)/(81,81)",3580385984.0,823702349.3007812,1.0,addition_only,0.008849557489156723
subtraction_depth1_muon,1,muon,maximum_accuracy_reference,100000,checkpoints/subtraction_depth_1_muon_seed_0/step_100000.pt,1.0,0.75,equal_power_frequency_relocation,4,7,"(28,28)/(85,85)|(11,11)/(102,102)|(13,13)/(100,100)|(31,31)/(82,82)|(8,8)/(105,105)|(32,32)/(81,81)|(21,21)/(92,92)","(31,31)/(82,82)|(41,41)/(72,72)|(12,12)/(101,101)|(6,6)/(107,107)|(7,7)/(106,106)|(38,38)/(75,75)|(22,22)/(91,91)",3580385984.0,3580385984.0,1.0,addition_only,0.008849557489156723
subtraction_depth1_muon,1,muon,maximum_accuracy_reference,100000,checkpoints/subtraction_depth_1_muon_seed_0/step_100000.pt,1.0,0.75,random_native_addition_subset,5,7,"(28,28)/(85,85)|(11,11)/(102,102)|(13,13)/(100,100)|(31,31)/(82,82)|(8,8)/(105,105)|(32,32)/(81,81)|(21,21)/(92,92)","(32,32)/(81,81)|(46,46)/(67,67)|(26,26)/(87,87)|(19,19)/(94,94)|(13,13)/(100,100)|(29,29)/(84,84)|(22,22)/(91,91)",3580385984.0,975577250.0625,1.0,addition_only,0.008849557489156723
subtraction_depth1_muon,1,muon,maximum_accuracy_reference,100000,checkpoints/subtraction_depth_1_muon_seed_0/step_100000.pt,1.0,0.75,equal_power_frequency_relocation,5,7,"(28,28)/(85,85)|(11,11)/(102,102)|(13,13)/(100,100)|(31,31)/(82,82)|(8,8)/(105,105)|(32,32)/(81,81)|(21,21)/(92,92)","(10,10)/(103,103)|(46,46)/(67,67)|(27,27)/(86,86)|(19,19)/(94,94)|(3,3)/(110,110)|(42,42)/(71,71)|(34,34)/(79,79)",3580385984.0,3580385984.0,1.0,addition_only,0.008849557489156723
subtraction_depth1_muon,1,muon,maximum_accuracy_reference,100000,checkpoints/subtraction_depth_1_muon_seed_0/step_100000.pt,1.0,0.75,random_native_addition_subset,6,7,"(28,28)/(85,85)|(11,11)/(102,102)|(13,13)/(100,100)|(31,31)/(82,82)|(8,8)/(105,105)|(32,32)/(81,81)|(21,21)/(92,92)","(23,23)/(90,90)|(25,25)/(88,88)|(44,44)/(69,69)|(37,37)/(76,76)|(32,32)/(81,81)|(54,54)/(59,59)|(10,10)/(103,103)",3580385984.0,553587517.09375,1.0,addition_only,0.008849557489156723
subtraction_depth1_muon,1,muon,maximum_accuracy_reference,100000,checkpoints/subtraction_depth_1_muon_seed_0/step_100000.pt,1.0,0.75,equal_power_frequency_relocation,6,7,"(28,28)/(85,85)|(11,11)/(102,102)|(13,13)/(100,100)|(31,31)/(82,82)|(8,8)/(105,105)|(32,32)/(81,81)|(21,21)/(92,92)","(5,5)/(108,108)|(13,13)/(100,100)|(21,21)/(92,92)|(41,41)/(72,72)|(3,3)/(110,110)|(14,14)/(99,99)|(24,24)/(89,89)",3580385984.0,3580385984.0,1.0,addition_only,0.008849557489156723
subtraction_depth1_muon,1,muon,maximum_accuracy_reference,100000,checkpoints/subtraction_depth_1_muon_seed_0/step_100000.pt,1.0,0.75,random_native_addition_subset,7,7,"(28,28)/(85,85)|(11,11)/(102,102)|(13,13)/(100,100)|(31,31)/(82,82)|(8,8)/(105,105)|(32,32)/(81,81)|(21,21)/(92,92)","(55,55)/(58,58)|(38,38)/(75,75)|(22,22)/(91,91)|(37,37)/(76,76)|(4,4)/(109,109)|(52,52)/(61,61)|(47,47)/(66,66)",3580385984.0,48993885.296875,1.0,addition_only,0.008849557489156723
subtraction_depth1_muon,1,muon,maximum_accuracy_reference,100000,checkpoints/subtraction_depth_1_muon_seed_0/step_100000.pt,1.0,0.75,equal_power_frequency_relocation,7,7,"(28,28)/(85,85)|(11,11)/(102,102)|(13,13)/(100,100)|(31,31)/(82,82)|(8,8)/(105,105)|(32,32)/(81,81)|(21,21)/(92,92)","(18,18)/(95,95)|(38,38)/(75,75)|(34,34)/(79,79)|(13,13)/(100,100)|(12,12)/(101,101)|(1,1)/(112,112)|(40,40)/(73,73)",3580385984.0,3580385984.0,1.0,addition_only,0.008849557489156723
subtraction_depth1_muon,1,muon,maximum_accuracy_reference,100000,checkpoints/subtraction_depth_1_muon_seed_0/step_100000.pt,1.0,0.75,random_native_addition_subset,8,7,"(28,28)/(85,85)|(11,11)/(102,102)|(13,13)/(100,100)|(31,31)/(82,82)|(8,8)/(105,105)|(32,32)/(81,81)|(21,21)/(92,92)","(42,42)/(71,71)|(14,14)/(99,99)|(25,25)/(88,88)|(35,35)/(78,78)|(10,10)/(103,103)|(40,40)/(73,73)|(9,9)/(104,104)",3580385984.0,214683392.9375,1.0,addition_only,0.008849557489156723
subtraction_depth1_muon,1,muon,maximum_accuracy_reference,100000,checkpoints/subtraction_depth_1_muon_seed_0/step_100000.pt,1.0,0.75,equal_power_frequency_relocation,8,7,"(28,28)/(85,85)|(11,11)/(102,102)|(13,13)/(100,100)|(31,31)/(82,82)|(8,8)/(105,105)|(32,32)/(81,81)|(21,21)/(92,92)","(26,26)/(87,87)|(13,13)/(100,100)|(21,21)/(92,92)|(5,5)/(108,108)|(43,43)/(70,70)|(46,46)/(67,67)|(10,10)/(103,103)",3580385984.0,3580385984.0,1.0,addition_only,0.008849557489156723
subtraction_depth1_muon,1,muon,maximum_accuracy_reference,100000,checkpoints/subtraction_depth_1_muon_seed_0/step_100000.pt,1.0,0.75,random_native_addition_subset,9,7,"(28,28)/(85,85)|(11,11)/(102,102)|(13,13)/(100,100)|(31,31)/(82,82)|(8,8)/(105,105)|(32,32)/(81,81)|(21,21)/(92,92)","(17,17)/(96,96)|(5,5)/(108,108)|(39,39)/(74,74)|(56,56)/(57,57)|(47,47)/(66,66)|(12,12)/(101,101)|(42,42)/(71,71)",3580385984.0,40877366.921875,1.0,addition_only,0.008849557489156723
subtraction_depth1_muon,1,muon,maximum_accuracy_reference,100000,checkpoints/subtraction_depth_1_muon_seed_0/step_100000.pt,1.0,0.75,equal_power_frequency_relocation,9,7,"(28,28)/(85,85)|(11,11)/(102,102)|(13,13)/(100,100)|(31,31)/(82,82)|(8,8)/(105,105)|(32,32)/(81,81)|(21,21)/(92,92)","(17,17)/(96,96)|(5,5)/(108,108)|(4,4)/(109,109)|(56,56)/(57,57)|(48,48)/(65,65)|(10,10)/(103,103)|(40,40)/(73,73)",3580385984.0,3580385984.0,1.0,addition_only,0.008849557489156723
subtraction_depth1_muon,1,muon,maximum_accuracy_reference,100000,checkpoints/subtraction_depth_1_muon_seed_0/step_100000.pt,1.0,0.9,random_native_addition_subset,0,10,"(28,28)/(85,85)|(11,11)/(102,102)|(13,13)/(100,100)|(31,31)/(82,82)|(8,8)/(105,105)|(32,32)/(81,81)|(21,21)/(92,92)|(27,27)/(86,86)|(33,33)/(80,80)|(10,10)/(103,103)","(15,15)/(98,98)|(40,40)/(73,73)|(32,32)/(81,81)|(29,29)/(84,84)|(27,27)/(86,86)|(20,20)/(93,93)|(46,46)/(67,67)|(54,54)/(59,59)|(28,28)/(85,85)|(41,41)/(72,72)",4396544944.0,1540835032.6875,1.0,addition_only,0.008849557489156723
subtraction_depth1_muon,1,muon,maximum_accuracy_reference,100000,checkpoints/subtraction_depth_1_muon_seed_0/step_100000.pt,1.0,0.9,equal_power_frequency_relocation,0,10,"(28,28)/(85,85)|(11,11)/(102,102)|(13,13)/(100,100)|(31,31)/(82,82)|(8,8)/(105,105)|(32,32)/(81,81)|(21,21)/(92,92)|(27,27)/(86,86)|(33,33)/(80,80)|(10,10)/(103,103)","(34,34)/(79,79)|(14,14)/(99,99)|(41,41)/(72,72)|(36,36)/(77,77)|(9,9)/(104,104)|(23,23)/(90,90)|(40,40)/(73,73)|(32,32)/(81,81)|(6,6)/(107,107)|(42,42)/(71,71)",4396544944.0,4396544944.0,1.0,addition_only,0.008849557489156723
subtraction_depth1_muon,1,muon,maximum_accuracy_reference,100000,checkpoints/subtraction_depth_1_muon_seed_0/step_100000.pt,1.0,0.9,random_native_addition_subset,1,10,"(28,28)/(85,85)|(11,11)/(102,102)|(13,13)/(100,100)|(31,31)/(82,82)|(8,8)/(105,105)|(32,32)/(81,81)|(21,21)/(92,92)|(27,27)/(86,86)|(33,33)/(80,80)|(10,10)/(103,103)","(39,39)/(74,74)|(46,46)/(67,67)|(4,4)/(109,109)|(42,42)/(71,71)|(52,52)/(61,61)|(54,54)/(59,59)|(9,9)/(104,104)|(55,55)/(58,58)|(8,8)/(105,105)|(12,12)/(101,101)",4396544944.0,569223915.421875,1.0,addition_only,0.008849557489156723
subtraction_depth1_muon,1,muon,maximum_accuracy_reference,100000,checkpoints/subtraction_depth_1_muon_seed_0/step_100000.pt,1.0,0.9,equal_power_frequency_relocation,1,10,"(28,28)/(85,85)|(11,11)/(102,102)|(13,13)/(100,100)|(31,31)/(82,82)|(8,8)/(105,105)|(32,32)/(81,81)|(21,21)/(92,92)|(27,27)/(86,86)|(33,33)/(80,80)|(10,10)/(103,103)","(31,31)/(82,82)|(10,10)/(103,103)|(16,16)/(97,97)|(46,46)/(67,67)|(43,43)/(70,70)|(38,38)/(75,75)|(40,40)/(73,73)|(56,56)/(57,57)|(35,35)/(78,78)|(49,49)/(64,64)",4396544944.0,4396544944.0,1.0,addition_only,0.008849557489156723
subtraction_depth1_muon,1,muon,maximum_accuracy_reference,100000,checkpoints/subtraction_depth_1_muon_seed_0/step_100000.pt,1.0,0.9,random_native_addition_subset,2,10,"(28,28)/(85,85)|(11,11)/(102,102)|(13,13)/(100,100)|(31,31)/(82,82)|(8,8)/(105,105)|(32,32)/(81,81)|(21,21)/(92,92)|(27,27)/(86,86)|(33,33)/(80,80)|(10,10)/(103,103)","(34,34)/(79,79)|(41,41)/(72,72)|(37,37)/(76,76)|(51,51)/(62,62)|(50,50)/(63,63)|(3,3)/(110,110)|(26,26)/(87,87)|(14,14)/(99,99)|(9,9)/(104,104)|(16,16)/(97,97)",4396544944.0,49941537.3125,1.0,addition_only,0.008849557489156723
subtraction_depth1_muon,1,muon,maximum_accuracy_reference,100000,checkpoints/subtraction_depth_1_muon_seed_0/step_100000.pt,1.0,0.9,equal_power_frequency_relocation,2,10,"(28,28)/(85,85)|(11,11)/(102,102)|(13,13)/(100,100)|(31,31)/(82,82)|(8,8)/(105,105)|(32,32)/(81,81)|(21,21)/(92,92)|(27,27)/(86,86)|(33,33)/(80,80)|(10,10)/(103,103)","(13,13)/(100,100)|(25,25)/(88,88)|(12,12)/(101,101)|(52,52)/(61,61)|(51,51)/(62,62)|(1,1)/(112,112)|(6,6)/(107,107)|(38,38)/(75,75)|(36,36)/(77,77)|(19,19)/(94,94)",4396544944.0,4396544944.0,1.0,addition_only,0.008849557489156723
subtraction_depth1_muon,1,muon,maximum_accuracy_reference,100000,checkpoints/subtraction_depth_1_muon_seed_0/step_100000.pt,1.0,0.9,random_native_addition_subset,3,10,"(28,28)/(85,85)|(11,11)/(102,102)|(13,13)/(100,100)|(31,31)/(82,82)|(8,8)/(105,105)|(32,32)/(81,81)|(21,21)/(92,92)|(27,27)/(86,86)|(33,33)/(80,80)|(10,10)/(103,103)","(3,3)/(110,110)|(49,49)/(64,64)|(31,31)/(82,82)|(43,43)/(70,70)|(40,40)/(73,73)|(4,4)/(109,109)|(45,45)/(68,68)|(21,21)/(92,92)|(35,35)/(78,78)|(46,46)/(67,67)",4396544944.0,892526652.375,1.0,addition_only,0.008849557489156723
subtraction_depth1_muon,1,muon,maximum_accuracy_reference,100000,checkpoints/subtraction_depth_1_muon_seed_0/step_100000.pt,1.0,0.9,equal_power_frequency_relocation,3,10,"(28,28)/(85,85)|(11,11)/(102,102)|(13,13)/(100,100)|(31,31)/(82,82)|(8,8)/(105,105)|(32,32)/(81,81)|(21,21)/(92,92)|(27,27)/(86,86)|(33,33)/(80,80)|(10,10)/(103,103)","(54,54)/(59,59)|(27,27)/(86,86)|(28,28)/(85,85)|(6,6)/(107,107)|(31,31)/(82,82)|(17,17)/(96,96)|(9,9)/(104,104)|(18,18)/(95,95)|(35,35)/(78,78)|(20,20)/(93,93)",4396544944.0,4396544944.0,1.0,addition_only,0.008849557489156723
subtraction_depth1_muon,1,muon,maximum_accuracy_reference,100000,checkpoints/subtraction_depth_1_muon_seed_0/step_100000.pt,1.0,0.9,random_native_addition_subset,4,10,"(28,28)/(85,85)|(11,11)/(102,102)|(13,13)/(100,100)|(31,31)/(82,82)|(8,8)/(105,105)|(32,32)/(81,81)|(21,21)/(92,92)|(27,27)/(86,86)|(33,33)/(80,80)|(10,10)/(103,103)","(34,34)/(79,79)|(21,21)/(92,92)|(11,11)/(102,102)|(44,44)/(69,69)|(13,13)/(100,100)|(35,35)/(78,78)|(4,4)/(109,109)|(47,47)/(66,66)|(42,42)/(71,71)|(54,54)/(59,59)",4396544944.0,1498601602.21875,1.0,addition_only,0.008849557489156723
subtraction_depth1_muon,1,muon,maximum_accuracy_reference,100000,checkpoints/subtraction_depth_1_muon_seed_0/step_100000.pt,1.0,0.9,equal_power_frequency_relocation,4,10,"(28,28)/(85,85)|(11,11)/(102,102)|(13,13)/(100,100)|(31,31)/(82,82)|(8,8)/(105,105)|(32,32)/(81,81)|(21,21)/(92,92)|(27,27)/(86,86)|(33,33)/(80,80)|(10,10)/(103,103)","(7,7)/(106,106)|(36,36)/(77,77)|(51,51)/(62,62)|(24,24)/(89,89)|(52,52)/(61,61)|(41,41)/(72,72)|(3,3)/(110,110)|(13,13)/(100,100)|(14,14)/(99,99)|(53,53)/(60,60)",4396544944.0,4396544944.0,1.0,addition_only,0.008849557489156723
subtraction_depth1_muon,1,muon,maximum_accuracy_reference,100000,checkpoints/subtraction_depth_1_muon_seed_0/step_100000.pt,1.0,0.9,random_native_addition_subset,5,10,"(28,28)/(85,85)|(11,11)/(102,102)|(13,13)/(100,100)|(31,31)/(82,82)|(8,8)/(105,105)|(32,32)/(81,81)|(21,21)/(92,92)|(27,27)/(86,86)|(33,33)/(80,80)|(10,10)/(103,103)","(39,39)/(74,74)|(44,44)/(69,69)|(56,56)/(57,57)|(20,20)/(93,93)|(18,18)/(95,95)|(17,17)/(96,96)|(55,55)/(58,58)|(21,21)/(92,92)|(16,16)/(97,97)|(31,31)/(82,82)",4396544944.0,997385801.53125,1.0,addition_only,0.008849557489156723
subtraction_depth1_muon,1,muon,maximum_accuracy_reference,100000,checkpoints/subtraction_depth_1_muon_seed_0/step_100000.pt,1.0,0.9,equal_power_frequency_relocation,5,10,"(28,28)/(85,85)|(11,11)/(102,102)|(13,13)/(100,100)|(31,31)/(82,82)|(8,8)/(105,105)|(32,32)/(81,81)|(21,21)/(92,92)|(27,27)/(86,86)|(33,33)/(80,80)|(10,10)/(103,103)","(33,33)/(80,80)|(24,24)/(89,89)|(4,4)/(109,109)|(34,34)/(79,79)|(35,35)/(78,78)|(23,23)/(90,90)|(9,9)/(104,104)|(46,46)/(67,67)|(12,12)/(101,101)|(52,52)/(61,61)",4396544944.0,4396544944.0,1.0,addition_only,0.008849557489156723
subtraction_depth1_muon,1,muon,maximum_accuracy_reference,100000,checkpoints/subtraction_depth_1_muon_seed_0/step_100000.pt,1.0,0.9,random_native_addition_subset,6,10,"(28,28)/(85,85)|(11,11)/(102,102)|(13,13)/(100,100)|(31,31)/(82,82)|(8,8)/(105,105)|(32,32)/(81,81)|(21,21)/(92,92)|(27,27)/(86,86)|(33,33)/(80,80)|(10,10)/(103,103)","(40,40)/(73,73)|(36,36)/(77,77)|(51,51)/(62,62)|(23,23)/(90,90)|(43,43)/(70,70)|(29,29)/(84,84)|(15,15)/(98,98)|(22,22)/(91,91)|(27,27)/(86,86)|(52,52)/(61,61)",4396544944.0,420951103.9375,1.0,addition_only,0.008849557489156723
subtraction_depth1_muon,1,muon,maximum_accuracy_reference,100000,checkpoints/subtraction_depth_1_muon_seed_0/step_100000.pt,1.0,0.9,equal_power_frequency_relocation,6,10,"(28,28)/(85,85)|(11,11)/(102,102)|(13,13)/(100,100)|(31,31)/(82,82)|(8,8)/(105,105)|(32,32)/(81,81)|(21,21)/(92,92)|(27,27)/(86,86)|(33,33)/(80,80)|(10,10)/(103,103)","(30,30)/(83,83)|(50,50)/(63,63)|(15,15)/(98,98)|(42,42)/(71,71)|(49,49)/(64,64)|(33,33)/(80,80)|(26,26)/(87,87)|(29,29)/(84,84)|(37,37)/(76,76)|(39,39)/(74,74)",4396544944.0,4396544944.0,1.0,addition_only,0.008849557489156723
subtraction_depth1_muon,1,muon,maximum_accuracy_reference,100000,checkpoints/subtraction_depth_1_muon_seed_0/step_100000.pt,1.0,0.9,random_native_addition_subset,7,10,"(28,28)/(85,85)|(11,11)/(102,102)|(13,13)/(100,100)|(31,31)/(82,82)|(8,8)/(105,105)|(32,32)/(81,81)|(21,21)/(92,92)|(27,27)/(86,86)|(33,33)/(80,80)|(10,10)/(103,103)","(45,45)/(68,68)|(56,56)/(57,57)|(55,55)/(58,58)|(4,4)/(109,109)|(26,26)/(87,87)|(39,39)/(74,74)|(52,52)/(61,61)|(10,10)/(103,103)|(46,46)/(67,67)|(51,51)/(62,62)",4396544944.0,249361127.875,1.0,addition_only,0.008849557489156723
subtraction_depth1_muon,1,muon,maximum_accuracy_reference,100000,checkpoints/subtraction_depth_1_muon_seed_0/step_100000.pt,1.0,0.9,equal_power_frequency_relocation,7,10,"(28,28)/(85,85)|(11,11)/(102,102)|(13,13)/(100,100)|(31,31)/(82,82)|(8,8)/(105,105)|(32,32)/(81,81)|(21,21)/(92,92)|(27,27)/(86,86)|(33,33)/(80,80)|(10,10)/(103,103)","(15,15)/(98,98)|(33,33)/(80,80)|(16,16)/(97,97)|(26,26)/(87,87)|(7,7)/(106,106)|(38,38)/(75,75)|(31,31)/(82,82)|(46,46)/(67,67)|(41,41)/(72,72)|(14,14)/(99,99)",4396544944.0,4396544944.0,1.0,addition_only,0.008849557489156723
subtraction_depth1_muon,1,muon,maximum_accuracy_reference,100000,checkpoints/subtraction_depth_1_muon_seed_0/step_100000.pt,1.0,0.9,random_native_addition_subset,8,10,"(28,28)/(85,85)|(11,11)/(102,102)|(13,13)/(100,100)|(31,31)/(82,82)|(8,8)/(105,105)|(32,32)/(81,81)|(21,21)/(92,92)|(27,27)/(86,86)|(33,33)/(80,80)|(10,10)/(103,103)","(25,25)/(88,88)|(51,51)/(62,62)|(44,44)/(69,69)|(18,18)/(95,95)|(6,6)/(107,107)|(17,17)/(96,96)|(27,27)/(86,86)|(52,52)/(61,61)|(8,8)/(105,105)|(10,10)/(103,103)",4396544944.0,1059495896.875,1.0,addition_only,0.008849557489156723
subtraction_depth1_muon,1,muon,maximum_accuracy_reference,100000,checkpoints/subtraction_depth_1_muon_seed_0/step_100000.pt,1.0,0.9,equal_power_frequency_relocation,8,10,"(28,28)/(85,85)|(11,11)/(102,102)|(13,13)/(100,100)|(31,31)/(82,82)|(8,8)/(105,105)|(32,32)/(81,81)|(21,21)/(92,92)|(27,27)/(86,86)|(33,33)/(80,80)|(10,10)/(103,103)","(16,16)/(97,97)|(3,3)/(110,110)|(32,32)/(81,81)|(2,2)/(111,111)|(56,56)/(57,57)|(37,37)/(76,76)|(53,53)/(60,60)|(25,25)/(88,88)|(24,24)/(89,89)|(40,40)/(73,73)",4396544944.0,4396544944.0,1.0,addition_only,0.008849557489156723
subtraction_depth1_muon,1,muon,maximum_accuracy_reference,100000,checkpoints/subtraction_depth_1_muon_seed_0/step_100000.pt,1.0,0.9,random_native_addition_subset,9,10,"(28,28)/(85,85)|(11,11)/(102,102)|(13,13)/(100,100)|(31,31)/(82,82)|(8,8)/(105,105)|(32,32)/(81,81)|(21,21)/(92,92)|(27,27)/(86,86)|(33,33)/(80,80)|(10,10)/(103,103)","(26,26)/(87,87)|(10,10)/(103,103)|(45,45)/(68,68)|(33,33)/(80,80)|(41,41)/(72,72)|(49,49)/(64,64)|(31,31)/(82,82)|(52,52)/(61,61)|(23,23)/(90,90)|(34,34)/(79,79)",4396544944.0,983067038.015625,1.0,addition_only,0.008849557489156723
subtraction_depth1_muon,1,muon,maximum_accuracy_reference,100000,checkpoints/subtraction_depth_1_muon_seed_0/step_100000.pt,1.0,0.9,equal_power_frequency_relocation,9,10,"(28,28)/(85,85)|(11,11)/(102,102)|(13,13)/(100,100)|(31,31)/(82,82)|(8,8)/(105,105)|(32,32)/(81,81)|(21,21)/(92,92)|(27,27)/(86,86)|(33,33)/(80,80)|(10,10)/(103,103)","(47,47)/(66,66)|(42,42)/(71,71)|(23,23)/(90,90)|(16,16)/(97,97)|(4,4)/(109,109)|(51,51)/(62,62)|(31,31)/(82,82)|(41,41)/(72,72)|(37,37)/(76,76)|(44,44)/(69,69)",4396544944.0,4396544944.0,1.0,addition_only,0.008849557489156723
subtraction_depth1_muon,1,muon,maximum_accuracy_reference,100000,checkpoints/subtraction_depth_1_muon_seed_0/step_100000.pt,1.0,0.9,equal_power_other_family,-1,10,"(28,28)/(85,85)|(11,11)/(102,102)|(13,13)/(100,100)|(31,31)/(82,82)|(8,8)/(105,105)|(32,32)/(81,81)|(21,21)/(92,92)|(27,27)/(86,86)|(33,33)/(80,80)|(10,10)/(103,103)","(13,0)/(100,0)|(28,0)/(85,0)|(11,0)/(102,0)|(8,0)/(105,0)|(21,0)/(92,0)|(31,0)/(82,0)|(32,0)/(81,0)|(33,0)/(80,0)|(27,0)/(86,0)|(14,0)/(99,0)",4396544944.0,16291353600.0,0.5194899779709893,a_only_only,0.008849557489156723
subtraction_depth1_muon,1,muon,maximum_accuracy_reference,100000,checkpoints/subtraction_depth_1_muon_seed_0/step_100000.pt,1.0,0.9,equal_power_other_family,-1,10,"(28,28)/(85,85)|(11,11)/(102,102)|(13,13)/(100,100)|(31,31)/(82,82)|(8,8)/(105,105)|(32,32)/(81,81)|(21,21)/(92,92)|(27,27)/(86,86)|(33,33)/(80,80)|(10,10)/(103,103)","(0,13)/(0,100)|(0,27)/(0,86)|(0,33)/(0,80)|(0,8)/(0,105)|(0,11)/(0,102)|(0,21)/(0,92)|(0,31)/(0,82)|(0,28)/(0,85)|(0,32)/(0,81)|(0,14)/(0,99)",4396544944.0,16124429504.0,0.5221719991953281,b_only_only,0.008849557489156723
subtraction_depth1_muon,1,muon,maximum_accuracy_reference,100000,checkpoints/subtraction_depth_1_muon_seed_0/step_100000.pt,1.0,0.9,equal_power_other_family,-1,10,"(28,28)/(85,85)|(11,11)/(102,102)|(13,13)/(100,100)|(31,31)/(82,82)|(8,8)/(105,105)|(32,32)/(81,81)|(21,21)/(92,92)|(27,27)/(86,86)|(33,33)/(80,80)|(10,10)/(103,103)","(8,105)/(105,8)|(13,100)/(100,13)|(28,85)/(85,28)|(11,102)/(102,11)|(21,92)/(92,21)|(32,81)/(81,32)|(27,86)/(86,27)|(31,82)/(82,31)|(33,80)/(80,33)|(29,84)/(84,29)",4396544944.0,18169294480.0,0.49191121790938136,subtraction_only,0.991150438785553
subtraction_depth1_muon,1,muon,maximum_accuracy_reference,100000,checkpoints/subtraction_depth_1_muon_seed_0/step_100000.pt,1.0,0.9,equal_power_other_family,-1,10,"(28,28)/(85,85)|(11,11)/(102,102)|(13,13)/(100,100)|(31,31)/(82,82)|(8,8)/(105,105)|(32,32)/(81,81)|(21,21)/(92,92)|(27,27)/(86,86)|(33,33)/(80,80)|(10,10)/(103,103)","(32,86)/(81,27)|(32,27)/(81,86)|(29,85)/(84,28)|(11,80)/(102,33)|(33,11)/(80,102)|(11,33)/(102,80)|(28,84)/(85,29)|(27,32)/(86,81)|(20,82)/(93,31)|(27,81)/(86,32)",4396544944.0,168883078.0,5.1022612359026525,generic_interaction_only,0.009084501303732395
subtraction_depth1_muon,1,muon,maximum_accuracy_reference,100000,checkpoints/subtraction_depth_1_muon_seed_0/step_100000.pt,1.0,1.0,complete_addition_frequency_derangement,0,56,"(28,28)/(85,85)|(11,11)/(102,102)|(13,13)/(100,100)|(31,31)/(82,82)|(8,8)/(105,105)|(32,32)/(81,81)|(21,21)/(92,92)|(27,27)/(86,86)|(33,33)/(80,80)|(10,10)/(103,103)|(24,24)/(89,89)|(29,29)/(84,84)|(55,55)/(58,58)|(20,20)/(93,93)|(14,14)/(99,99)|(42,42)/(71,71)|(26,26)/(87,87)|(39,39)/(74,74)|(56,56)/(57,57)|(17,17)/(96,96)|(49,49)/(64,64)|(50,50)/(63,63)|(16,16)/(97,97)|(47,47)/(66,66)|(51,51)/(62,62)|(54,54)/(59,59)|(22,22)/(91,91)|(44,44)/(69,69)|(15,15)/(98,98)|(52,52)/(61,61)|(19,19)/(94,94)|(1,1)/(112,112)|(5,5)/(108,108)|(48,48)/(65,65)|(40,40)/(73,73)|(45,45)/(68,68)|(23,23)/(90,90)|(35,35)/(78,78)|(3,3)/(110,110)|(36,36)/(77,77)|(7,7)/(106,106)|(53,53)/(60,60)|(12,12)/(101,101)|(34,34)/(79,79)|(37,37)/(76,76)|(4,4)/(109,109)|(6,6)/(107,107)|(43,43)/(70,70)|(9,9)/(104,104)|(38,38)/(75,75)|(46,46)/(67,67)|(30,30)/(83,83)|(41,41)/(72,72)|(25,25)/(88,88)|(2,2)/(111,111)|(18,18)/(95,95)","(46,46)/(67,67)|(25,25)/(88,88)|(5,5)/(108,108)|(32,32)/(81,81)|(26,26)/(87,87)|(9,9)/(104,104)|(54,54)/(59,59)|(45,45)/(68,68)|(31,31)/(82,82)|(4,4)/(109,109)|(53,53)/(60,60)|(34,34)/(79,79)|(2,2)/(111,111)|(6,6)/(107,107)|(17,17)/(96,96)|(7,7)/(106,106)|(33,33)/(80,80)|(50,50)/(63,63)|(23,23)/(90,90)|(40,40)/(73,73)|(1,1)/(112,112)|(24,24)/(89,89)|(29,29)/(84,84)|(51,51)/(62,62)|(12,12)/(101,101)|(56,56)/(57,57)|(20,20)/(93,93)|(30,30)/(83,83)|(52,52)/(61,61)|(15,15)/(98,98)|(37,37)/(76,76)|(11,11)/(102,102)|(18,18)/(95,95)|(47,47)/(66,66)|(35,35)/(78,78)|(42,42)/(71,71)|(21,21)/(92,92)|(44,44)/(69,69)|(55,55)/(58,58)|(48,48)/(65,65)|(39,39)/(74,74)|(3,3)/(110,110)|(8,8)/(105,105)|(16,16)/(97,97)|(10,10)/(103,103)|(36,36)/(77,77)|(28,28)/(85,85)|(41,41)/(72,72)|(49,49)/(64,64)|(22,22)/(91,91)|(14,14)/(99,99)|(38,38)/(75,75)|(19,19)/(94,94)|(43,43)/(70,70)|(13,13)/(100,100)|(27,27)/(86,86)",4695982389.808594,4695982389.808594,1.0,addition_only,0.008849557489156723
subtraction_depth1_muon,1,muon,maximum_accuracy_reference,100000,checkpoints/subtraction_depth_1_muon_seed_0/step_100000.pt,1.0,1.0,complete_addition_frequency_derangement,0,56,"(28,28)/(85,85)|(11,11)/(102,102)|(13,13)/(100,100)|(31,31)/(82,82)|(8,8)/(105,105)|(32,32)/(81,81)|(21,21)/(92,92)|(27,27)/(86,86)|(33,33)/(80,80)|(10,10)/(103,103)|(24,24)/(89,89)|(29,29)/(84,84)|(55,55)/(58,58)|(20,20)/(93,93)|(14,14)/(99,99)|(42,42)/(71,71)|(26,26)/(87,87)|(39,39)/(74,74)|(56,56)/(57,57)|(17,17)/(96,96)|(49,49)/(64,64)|(50,50)/(63,63)|(16,16)/(97,97)|(47,47)/(66,66)|(51,51)/(62,62)|(54,54)/(59,59)|(22,22)/(91,91)|(44,44)/(69,69)|(15,15)/(98,98)|(52,52)/(61,61)|(19,19)/(94,94)|(1,1)/(112,112)|(5,5)/(108,108)|(48,48)/(65,65)|(40,40)/(73,73)|(45,45)/(68,68)|(23,23)/(90,90)|(35,35)/(78,78)|(3,3)/(110,110)|(36,36)/(77,77)|(7,7)/(106,106)|(53,53)/(60,60)|(12,12)/(101,101)|(34,34)/(79,79)|(37,37)/(76,76)|(4,4)/(109,109)|(6,6)/(107,107)|(43,43)/(70,70)|(9,9)/(104,104)|(38,38)/(75,75)|(46,46)/(67,67)|(30,30)/(83,83)|(41,41)/(72,72)|(25,25)/(88,88)|(2,2)/(111,111)|(18,18)/(95,95)","(39,39)/(74,74)|(30,30)/(83,83)|(15,15)/(98,98)|(11,11)/(102,102)|(38,38)/(75,75)|(51,51)/(62,62)|(48,48)/(65,65)|(40,40)/(73,73)|(29,29)/(84,84)|(37,37)/(76,76)|(22,22)/(91,91)|(1,1)/(112,112)|(56,56)/(57,57)|(3,3)/(110,110)|(18,18)/(95,95)|(17,17)/(96,96)|(36,36)/(77,77)|(24,24)/(89,89)|(10,10)/(103,103)|(55,55)/(58,58)|(13,13)/(100,100)|(41,41)/(72,72)|(50,50)/(63,63)|(33,33)/(80,80)|(52,52)/(61,61)|(46,46)/(67,67)|(47,47)/(66,66)|(34,34)/(79,79)|(26,26)/(87,87)|(4,4)/(109,109)|(5,5)/(108,108)|(32,32)/(81,81)|(16,16)/(97,97)|(2,2)/(111,111)|(21,21)/(92,92)|(9,9)/(104,104)|(42,42)/(71,71)|(14,14)/(99,99)|(7,7)/(106,106)|(54,54)/(59,59)|(23,23)/(90,90)|(6,6)/(107,107)|(27,27)/(86,86)|(35,35)/(78,78)|(20,20)/(93,93)|(49,49)/(64,64)|(25,25)/(88,88)|(28,28)/(85,85)|(19,19)/(94,94)|(31,31)/(82,82)|(8,8)/(105,105)|(45,45)/(68,68)|(12,12)/(101,101)|(44,44)/(69,69)|(53,53)/(60,60)|(43,43)/(70,70)",4695982389.808594,4695982389.808594,1.0,full_hidden,1.0
subtraction_depth1_muon,1,muon,maximum_accuracy_reference,100000,checkpoints/subtraction_depth_1_muon_seed_0/step_100000.pt,1.0,1.0,complete_addition_frequency_derangement,1,56,"(28,28)/(85,85)|(11,11)/(102,102)|(13,13)/(100,100)|(31,31)/(82,82)|(8,8)/(105,105)|(32,32)/(81,81)|(21,21)/(92,92)|(27,27)/(86,86)|(33,33)/(80,80)|(10,10)/(103,103)|(24,24)/(89,89)|(29,29)/(84,84)|(55,55)/(58,58)|(20,20)/(93,93)|(14,14)/(99,99)|(42,42)/(71,71)|(26,26)/(87,87)|(39,39)/(74,74)|(56,56)/(57,57)|(17,17)/(96,96)|(49,49)/(64,64)|(50,50)/(63,63)|(16,16)/(97,97)|(47,47)/(66,66)|(51,51)/(62,62)|(54,54)/(59,59)|(22,22)/(91,91)|(44,44)/(69,69)|(15,15)/(98,98)|(52,52)/(61,61)|(19,19)/(94,94)|(1,1)/(112,112)|(5,5)/(108,108)|(48,48)/(65,65)|(40,40)/(73,73)|(45,45)/(68,68)|(23,23)/(90,90)|(35,35)/(78,78)|(3,3)/(110,110)|(36,36)/(77,77)|(7,7)/(106,106)|(53,53)/(60,60)|(12,12)/(101,101)|(34,34)/(79,79)|(37,37)/(76,76)|(4,4)/(109,109)|(6,6)/(107,107)|(43,43)/(70,70)|(9,9)/(104,104)|(38,38)/(75,75)|(46,46)/(67,67)|(30,30)/(83,83)|(41,41)/(72,72)|(25,25)/(88,88)|(2,2)/(111,111)|(18,18)/(95,95)","(24,24)/(89,89)|(48,48)/(65,65)|(17,17)/(96,96)|(19,19)/(94,94)|(25,25)/(88,88)|(8,8)/(105,105)|(12,12)/(101,101)|(38,38)/(75,75)|(34,34)/(79,79)|(46,46)/(67,67)|(42,42)/(71,71)|(35,35)/(78,78)|(20,20)/(93,93)|(47,47)/(66,66)|(3,3)/(110,110)|(10,10)/(103,103)|(50,50)/(63,63)|(22,22)/(91,91)|(13,13)/(100,100)|(11,11)/(102,102)|(45,45)/(68,68)|(18,18)/(95,95)|(53,53)/(60,60)|(1,1)/(112,112)|(56,56)/(57,57)|(15,15)/(98,98)|(32,32)/(81,81)|(16,16)/(97,97)|(4,4)/(109,109)|(21,21)/(92,92)|(43,43)/(70,70)|(54,54)/(59,59)|(27,27)/(86,86)|(14,14)/(99,99)|(36,36)/(77,77)|(7,7)/(106,106)|(5,5)/(108,108)|(31,31)/(82,82)|(29,29)/(84,84)|(26,26)/(87,87)|(9,9)/(104,104)|(39,39)/(74,74)|(30,30)/(83,83)|(6,6)/(107,107)|(55,55)/(58,58)|(33,33)/(80,80)|(23,23)/(90,90)|(52,52)/(61,61)|(40,40)/(73,73)|(2,2)/(111,111)|(51,51)/(62,62)|(37,37)/(76,76)|(28,28)/(85,85)|(49,49)/(64,64)|(44,44)/(69,69)|(41,41)/(72,72)",4695982389.808594,4695982389.808594,1.0,addition_only,0.008849557489156723
subtraction_depth1_muon,1,muon,maximum_accuracy_reference,100000,checkpoints/subtraction_depth_1_muon_seed_0/step_100000.pt,1.0,1.0,complete_addition_frequency_derangement,1,56,"(28,28)/(85,85)|(11,11)/(102,102)|(13,13)/(100,100)|(31,31)/(82,82)|(8,8)/(105,105)|(32,32)/(81,81)|(21,21)/(92,92)|(27,27)/(86,86)|(33,33)/(80,80)|(10,10)/(103,103)|(24,24)/(89,89)|(29,29)/(84,84)|(55,55)/(58,58)|(20,20)/(93,93)|(14,14)/(99,99)|(42,42)/(71,71)|(26,26)/(87,87)|(39,39)/(74,74)|(56,56)/(57,57)|(17,17)/(96,96)|(49,49)/(64,64)|(50,50)/(63,63)|(16,16)/(97,97)|(47,47)/(66,66)|(51,51)/(62,62)|(54,54)/(59,59)|(22,22)/(91,91)|(44,44)/(69,69)|(15,15)/(98,98)|(52,52)/(61,61)|(19,19)/(94,94)|(1,1)/(112,112)|(5,5)/(108,108)|(48,48)/(65,65)|(40,40)/(73,73)|(45,45)/(68,68)|(23,23)/(90,90)|(35,35)/(78,78)|(3,3)/(110,110)|(36,36)/(77,77)|(7,7)/(106,106)|(53,53)/(60,60)|(12,12)/(101,101)|(34,34)/(79,79)|(37,37)/(76,76)|(4,4)/(109,109)|(6,6)/(107,107)|(43,43)/(70,70)|(9,9)/(104,104)|(38,38)/(75,75)|(46,46)/(67,67)|(30,30)/(83,83)|(41,41)/(72,72)|(25,25)/(88,88)|(2,2)/(111,111)|(18,18)/(95,95)","(45,45)/(68,68)|(24,24)/(89,89)|(12,12)/(101,101)|(32,32)/(81,81)|(11,11)/(102,102)|(20,20)/(93,93)|(22,22)/(91,91)|(42,42)/(71,71)|(49,49)/(64,64)|(6,6)/(107,107)|(47,47)/(66,66)|(4,4)/(109,109)|(16,16)/(97,97)|(13,13)/(100,100)|(27,27)/(86,86)|(40,40)/(73,73)|(38,38)/(75,75)|(56,56)/(57,57)|(9,9)/(104,104)|(53,53)/(60,60)|(43,43)/(70,70)|(17,17)/(96,96)|(37,37)/(76,76)|(31,31)/(82,82)|(35,35)/(78,78)|(10,10)/(103,103)|(1,1)/(112,112)|(46,46)/(67,67)|(36,36)/(77,77)|(5,5)/(108,108)|(51,51)/(62,62)|(48,48)/(65,65)|(14,14)/(99,99)|(39,39)/(74,74)|(26,26)/(87,87)|(2,2)/(111,111)|(34,34)/(79,79)|(44,44)/(69,69)|(18,18)/(95,95)|(52,52)/(61,61)|(54,54)/(59,59)|(19,19)/(94,94)|(7,7)/(106,106)|(23,23)/(90,90)|(50,50)/(63,63)|(15,15)/(98,98)|(21,21)/(92,92)|(30,30)/(83,83)|(55,55)/(58,58)|(33,33)/(80,80)|(28,28)/(85,85)|(8,8)/(105,105)|(25,25)/(88,88)|(41,41)/(72,72)|(29,29)/(84,84)|(3,3)/(110,110)",4695982389.808594,4695982389.808594,1.0,full_hidden,0.9999216794967651
subtraction_depth1_muon,1,muon,maximum_accuracy_reference,100000,checkpoints/subtraction_depth_1_muon_seed_0/step_100000.pt,1.0,1.0,complete_addition_frequency_derangement,2,56,"(28,28)/(85,85)|(11,11)/(102,102)|(13,13)/(100,100)|(31,31)/(82,82)|(8,8)/(105,105)|(32,32)/(81,81)|(21,21)/(92,92)|(27,27)/(86,86)|(33,33)/(80,80)|(10,10)/(103,103)|(24,24)/(89,89)|(29,29)/(84,84)|(55,55)/(58,58)|(20,20)/(93,93)|(14,14)/(99,99)|(42,42)/(71,71)|(26,26)/(87,87)|(39,39)/(74,74)|(56,56)/(57,57)|(17,17)/(96,96)|(49,49)/(64,64)|(50,50)/(63,63)|(16,16)/(97,97)|(47,47)/(66,66)|(51,51)/(62,62)|(54,54)/(59,59)|(22,22)/(91,91)|(44,44)/(69,69)|(15,15)/(98,98)|(52,52)/(61,61)|(19,19)/(94,94)|(1,1)/(112,112)|(5,5)/(108,108)|(48,48)/(65,65)|(40,40)/(73,73)|(45,45)/(68,68)|(23,23)/(90,90)|(35,35)/(78,78)|(3,3)/(110,110)|(36,36)/(77,77)|(7,7)/(106,106)|(53,53)/(60,60)|(12,12)/(101,101)|(34,34)/(79,79)|(37,37)/(76,76)|(4,4)/(109,109)|(6,6)/(107,107)|(43,43)/(70,70)|(9,9)/(104,104)|(38,38)/(75,75)|(46,46)/(67,67)|(30,30)/(83,83)|(41,41)/(72,72)|(25,25)/(88,88)|(2,2)/(111,111)|(18,18)/(95,95)","(3,3)/(110,110)|(6,6)/(107,107)|(38,38)/(75,75)|(23,23)/(90,90)|(15,15)/(98,98)|(28,28)/(85,85)|(30,30)/(83,83)|(45,45)/(68,68)|(21,21)/(92,92)|(24,24)/(89,89)|(36,36)/(77,77)|(50,50)/(63,63)|(27,27)/(86,86)|(4,4)/(109,109)|(25,25)/(88,88)|(53,53)/(60,60)|(51,51)/(62,62)|(17,17)/(96,96)|(44,44)/(69,69)|(18,18)/(95,95)|(11,11)/(102,102)|(47,47)/(66,66)|(12,12)/(101,101)|(39,39)/(74,74)|(43,43)/(70,70)|(56,56)/(57,57)|(49,49)/(64,64)|(9,9)/(104,104)|(40,40)/(73,73)|(42,42)/(71,71)|(29,29)/(84,84)|(33,33)/(80,80)|(20,20)/(93,93)|(34,34)/(79,79)|(19,19)/(94,94)|(8,8)/(105,105)|(14,14)/(99,99)|(10,10)/(103,103)|(48,48)/(65,65)|(55,55)/(58,58)|(5,5)/(108,108)|(52,52)/(61,61)|(2,2)/(111,111)|(37,37)/(76,76)|(41,41)/(72,72)|(16,16)/(97,97)|(1,1)/(112,112)|(22,22)/(91,91)|(54,54)/(59,59)|(31,31)/(82,82)|(32,32)/(81,81)|(7,7)/(106,106)|(35,35)/(78,78)|(13,13)/(100,100)|(26,26)/(87,87)|(46,46)/(67,67)",4695982389.808594,4695982389.808594,1.0,addition_only,0.008849557489156723
subtraction_depth1_muon,1,muon,maximum_accuracy_reference,100000,checkpoints/subtraction_depth_1_muon_seed_0/step_100000.pt,1.0,1.0,complete_addition_frequency_derangement,2,56,"(28,28)/(85,85)|(11,11)/(102,102)|(13,13)/(100,100)|(31,31)/(82,82)|(8,8)/(105,105)|(32,32)/(81,81)|(21,21)/(92,92)|(27,27)/(86,86)|(33,33)/(80,80)|(10,10)/(103,103)|(24,24)/(89,89)|(29,29)/(84,84)|(55,55)/(58,58)|(20,20)/(93,93)|(14,14)/(99,99)|(42,42)/(71,71)|(26,26)/(87,87)|(39,39)/(74,74)|(56,56)/(57,57)|(17,17)/(96,96)|(49,49)/(64,64)|(50,50)/(63,63)|(16,16)/(97,97)|(47,47)/(66,66)|(51,51)/(62,62)|(54,54)/(59,59)|(22,22)/(91,91)|(44,44)/(69,69)|(15,15)/(98,98)|(52,52)/(61,61)|(19,19)/(94,94)|(1,1)/(112,112)|(5,5)/(108,108)|(48,48)/(65,65)|(40,40)/(73,73)|(45,45)/(68,68)|(23,23)/(90,90)|(35,35)/(78,78)|(3,3)/(110,110)|(36,36)/(77,77)|(7,7)/(106,106)|(53,53)/(60,60)|(12,12)/(101,101)|(34,34)/(79,79)|(37,37)/(76,76)|(4,4)/(109,109)|(6,6)/(107,107)|(43,43)/(70,70)|(9,9)/(104,104)|(38,38)/(75,75)|(46,46)/(67,67)|(30,30)/(83,83)|(41,41)/(72,72)|(25,25)/(88,88)|(2,2)/(111,111)|(18,18)/(95,95)","(9,9)/(104,104)|(37,37)/(76,76)|(24,24)/(89,89)|(5,5)/(108,108)|(47,47)/(66,66)|(43,43)/(70,70)|(56,56)/(57,57)|(34,34)/(79,79)|(15,15)/(98,98)|(38,38)/(75,75)|(33,33)/(80,80)|(36,36)/(77,77)|(48,48)/(65,65)|(23,23)/(90,90)|(21,21)/(92,92)|(54,54)/(59,59)|(22,22)/(91,91)|(51,51)/(62,62)|(8,8)/(105,105)|(31,31)/(82,82)|(55,55)/(58,58)|(52,52)/(61,61)|(39,39)/(74,74)|(1,1)/(112,112)|(50,50)/(63,63)|(20,20)/(93,93)|(14,14)/(99,99)|(49,49)/(64,64)|(3,3)/(110,110)|(27,27)/(86,86)|(42,42)/(71,71)|(30,30)/(83,83)|(16,16)/(97,97)|(18,18)/(95,95)|(29,29)/(84,84)|(41,41)/(72,72)|(40,40)/(73,73)|(19,19)/(94,94)|(12,12)/(101,101)|(26,26)/(87,87)|(10,10)/(103,103)|(2,2)/(111,111)|(13,13)/(100,100)|(45,45)/(68,68)|(25,25)/(88,88)|(53,53)/(60,60)|(7,7)/(106,106)|(4,4)/(109,109)|(46,46)/(67,67)|(35,35)/(78,78)|(28,28)/(85,85)|(6,6)/(107,107)|(17,17)/(96,96)|(11,11)/(102,102)|(32,32)/(81,81)|(44,44)/(69,69)",4695982389.808594,4695982389.808594,1.0,full_hidden,1.0
subtraction_depth1_muon,1,muon,maximum_accuracy_reference,100000,checkpoints/subtraction_depth_1_muon_seed_0/step_100000.pt,1.0,1.0,complete_addition_frequency_derangement,3,56,"(28,28)/(85,85)|(11,11)/(102,102)|(13,13)/(100,100)|(31,31)/(82,82)|(8,8)/(105,105)|(32,32)/(81,81)|(21,21)/(92,92)|(27,27)/(86,86)|(33,33)/(80,80)|(10,10)/(103,103)|(24,24)/(89,89)|(29,29)/(84,84)|(55,55)/(58,58)|(20,20)/(93,93)|(14,14)/(99,99)|(42,42)/(71,71)|(26,26)/(87,87)|(39,39)/(74,74)|(56,56)/(57,57)|(17,17)/(96,96)|(49,49)/(64,64)|(50,50)/(63,63)|(16,16)/(97,97)|(47,47)/(66,66)|(51,51)/(62,62)|(54,54)/(59,59)|(22,22)/(91,91)|(44,44)/(69,69)|(15,15)/(98,98)|(52,52)/(61,61)|(19,19)/(94,94)|(1,1)/(112,112)|(5,5)/(108,108)|(48,48)/(65,65)|(40,40)/(73,73)|(45,45)/(68,68)|(23,23)/(90,90)|(35,35)/(78,78)|(3,3)/(110,110)|(36,36)/(77,77)|(7,7)/(106,106)|(53,53)/(60,60)|(12,12)/(101,101)|(34,34)/(79,79)|(37,37)/(76,76)|(4,4)/(109,109)|(6,6)/(107,107)|(43,43)/(70,70)|(9,9)/(104,104)|(38,38)/(75,75)|(46,46)/(67,67)|(30,30)/(83,83)|(41,41)/(72,72)|(25,25)/(88,88)|(2,2)/(111,111)|(18,18)/(95,95)","(56,56)/(57,57)|(50,50)/(63,63)|(17,17)/(96,96)|(5,5)/(108,108)|(24,24)/(89,89)|(19,19)/(94,94)|(32,32)/(81,81)|(53,53)/(60,60)|(41,41)/(72,72)|(1,1)/(112,112)|(31,31)/(82,82)|(20,20)/(93,93)|(21,21)/(92,92)|(38,38)/(75,75)|(44,44)/(69,69)|(28,28)/(85,85)|(48,48)/(65,65)|(15,15)/(98,98)|(9,9)/(104,104)|(18,18)/(95,95)|(42,42)/(71,71)|(49,49)/(64,64)|(39,39)/(74,74)|(16,16)/(97,97)|(8,8)/(105,105)|(46,46)/(67,67)|(10,10)/(103,103)|(23,23)/(90,90)|(14,14)/(99,99)|(43,43)/(70,70)|(4,4)/(109,109)|(25,25)/(88,88)|(26,26)/(87,87)|(45,45)/(68,68)|(12,12)/(101,101)|(2,2)/(111,111)|(3,3)/(110,110)|(27,27)/(86,86)|(34,34)/(79,79)|(13,13)/(100,100)|(54,54)/(59,59)|(35,35)/(78,78)|(37,37)/(76,76)|(7,7)/(106,106)|(47,47)/(66,66)|(40,40)/(73,73)|(51,51)/(62,62)|(29,29)/(84,84)|(33,33)/(80,80)|(55,55)/(58,58)|(30,30)/(83,83)|(11,11)/(102,102)|(52,52)/(61,61)|(6,6)/(107,107)|(36,36)/(77,77)|(22,22)/(91,91)",4695982389.808594,4695982389.808594,1.0,addition_only,0.008849557489156723
subtraction_depth1_muon,1,muon,maximum_accuracy_reference,100000,checkpoints/subtraction_depth_1_muon_seed_0/step_100000.pt,1.0,1.0,complete_addition_frequency_derangement,3,56,"(28,28)/(85,85)|(11,11)/(102,102)|(13,13)/(100,100)|(31,31)/(82,82)|(8,8)/(105,105)|(32,32)/(81,81)|(21,21)/(92,92)|(27,27)/(86,86)|(33,33)/(80,80)|(10,10)/(103,103)|(24,24)/(89,89)|(29,29)/(84,84)|(55,55)/(58,58)|(20,20)/(93,93)|(14,14)/(99,99)|(42,42)/(71,71)|(26,26)/(87,87)|(39,39)/(74,74)|(56,56)/(57,57)|(17,17)/(96,96)|(49,49)/(64,64)|(50,50)/(63,63)|(16,16)/(97,97)|(47,47)/(66,66)|(51,51)/(62,62)|(54,54)/(59,59)|(22,22)/(91,91)|(44,44)/(69,69)|(15,15)/(98,98)|(52,52)/(61,61)|(19,19)/(94,94)|(1,1)/(112,112)|(5,5)/(108,108)|(48,48)/(65,65)|(40,40)/(73,73)|(45,45)/(68,68)|(23,23)/(90,90)|(35,35)/(78,78)|(3,3)/(110,110)|(36,36)/(77,77)|(7,7)/(106,106)|(53,53)/(60,60)|(12,12)/(101,101)|(34,34)/(79,79)|(37,37)/(76,76)|(4,4)/(109,109)|(6,6)/(107,107)|(43,43)/(70,70)|(9,9)/(104,104)|(38,38)/(75,75)|(46,46)/(67,67)|(30,30)/(83,83)|(41,41)/(72,72)|(25,25)/(88,88)|(2,2)/(111,111)|(18,18)/(95,95)","(56,56)/(57,57)|(47,47)/(66,66)|(35,35)/(78,78)|(3,3)/(110,110)|(21,21)/(92,92)|(42,42)/(71,71)|(40,40)/(73,73)|(11,11)/(102,102)|(20,20)/(93,93)|(45,45)/(68,68)|(36,36)/(77,77)|(34,34)/(79,79)|(25,25)/(88,88)|(27,27)/(86,86)|(18,18)/(95,95)|(51,51)/(62,62)|(22,22)/(91,91)|(7,7)/(106,106)|(19,19)/(94,94)|(46,46)/(67,67)|(38,38)/(75,75)|(48,48)/(65,65)|(24,24)/(89,89)|(12,12)/(101,101)|(2,2)/(111,111)|(30,30)/(83,83)|(13,13)/(100,100)|(39,39)/(74,74)|(14,14)/(99,99)|(29,29)/(84,84)|(52,52)/(61,61)|(15,15)/(98,98)|(17,17)/(96,96)|(49,49)/(64,64)|(16,16)/(97,97)|(50,50)/(63,63)|(43,43)/(70,70)|(10,10)/(103,103)|(9,9)/(104,104)|(54,54)/(59,59)|(33,33)/(80,80)|(31,31)/(82,82)|(23,23)/(90,90)|(32,32)/(81,81)|(1,1)/(112,112)|(5,5)/(108,108)|(8,8)/(105,105)|(41,41)/(72,72)|(44,44)/(69,69)|(28,28)/(85,85)|(55,55)/(58,58)|(37,37)/(76,76)|(4,4)/(109,109)|(53,53)/(60,60)|(6,6)/(107,107)|(26,26)/(87,87)",4695982389.808594,4695982389.808594,1.0,full_hidden,1.0
subtraction_depth1_muon,1,muon,maximum_accuracy_reference,100000,checkpoints/subtraction_depth_1_muon_seed_0/step_100000.pt,1.0,1.0,complete_addition_frequency_derangement,4,56,"(28,28)/(85,85)|(11,11)/(102,102)|(13,13)/(100,100)|(31,31)/(82,82)|(8,8)/(105,105)|(32,32)/(81,81)|(21,21)/(92,92)|(27,27)/(86,86)|(33,33)/(80,80)|(10,10)/(103,103)|(24,24)/(89,89)|(29,29)/(84,84)|(55,55)/(58,58)|(20,20)/(93,93)|(14,14)/(99,99)|(42,42)/(71,71)|(26,26)/(87,87)|(39,39)/(74,74)|(56,56)/(57,57)|(17,17)/(96,96)|(49,49)/(64,64)|(50,50)/(63,63)|(16,16)/(97,97)|(47,47)/(66,66)|(51,51)/(62,62)|(54,54)/(59,59)|(22,22)/(91,91)|(44,44)/(69,69)|(15,15)/(98,98)|(52,52)/(61,61)|(19,19)/(94,94)|(1,1)/(112,112)|(5,5)/(108,108)|(48,48)/(65,65)|(40,40)/(73,73)|(45,45)/(68,68)|(23,23)/(90,90)|(35,35)/(78,78)|(3,3)/(110,110)|(36,36)/(77,77)|(7,7)/(106,106)|(53,53)/(60,60)|(12,12)/(101,101)|(34,34)/(79,79)|(37,37)/(76,76)|(4,4)/(109,109)|(6,6)/(107,107)|(43,43)/(70,70)|(9,9)/(104,104)|(38,38)/(75,75)|(46,46)/(67,67)|(30,30)/(83,83)|(41,41)/(72,72)|(25,25)/(88,88)|(2,2)/(111,111)|(18,18)/(95,95)","(6,6)/(107,107)|(43,43)/(70,70)|(11,11)/(102,102)|(52,52)/(61,61)|(53,53)/(60,60)|(4,4)/(109,109)|(38,38)/(75,75)|(34,34)/(79,79)|(54,54)/(59,59)|(50,50)/(63,63)|(8,8)/(105,105)|(23,23)/(90,90)|(2,2)/(111,111)|(32,32)/(81,81)|(1,1)/(112,112)|(17,17)/(96,96)|(19,19)/(94,94)|(22,22)/(91,91)|(31,31)/(82,82)|(33,33)/(80,80)|(20,20)/(93,93)|(16,16)/(97,97)|(36,36)/(77,77)|(42,42)/(71,71)|(9,9)/(104,104)|(29,29)/(84,84)|(10,10)/(103,103)|(28,28)/(85,85)|(24,24)/(89,89)|(12,12)/(101,101)|(30,30)/(83,83)|(55,55)/(58,58)|(26,26)/(87,87)|(39,39)/(74,74)|(35,35)/(78,78)|(15,15)/(98,98)|(44,44)/(69,69)|(45,45)/(68,68)|(40,40)/(73,73)|(37,37)/(76,76)|(25,25)/(88,88)|(13,13)/(100,100)|(18,18)/(95,95)|(46,46)/(67,67)|(5,5)/(108,108)|(49,49)/(64,64)|(41,41)/(72,72)|(56,56)/(57,57)|(47,47)/(66,66)|(27,27)/(86,86)|(21,21)/(92,92)|(7,7)/(106,106)|(14,14)/(99,99)|(48,48)/(65,65)|(3,3)/(110,110)|(51,51)/(62,62)",4695982389.808594,4695982389.808594,1.0,addition_only,0.008849557489156723
subtraction_depth1_muon,1,muon,maximum_accuracy_reference,100000,checkpoints/subtraction_depth_1_muon_seed_0/step_100000.pt,1.0,1.0,complete_addition_frequency_derangement,4,56,"(28,28)/(85,85)|(11,11)/(102,102)|(13,13)/(100,100)|(31,31)/(82,82)|(8,8)/(105,105)|(32,32)/(81,81)|(21,21)/(92,92)|(27,27)/(86,86)|(33,33)/(80,80)|(10,10)/(103,103)|(24,24)/(89,89)|(29,29)/(84,84)|(55,55)/(58,58)|(20,20)/(93,93)|(14,14)/(99,99)|(42,42)/(71,71)|(26,26)/(87,87)|(39,39)/(74,74)|(56,56)/(57,57)|(17,17)/(96,96)|(49,49)/(64,64)|(50,50)/(63,63)|(16,16)/(97,97)|(47,47)/(66,66)|(51,51)/(62,62)|(54,54)/(59,59)|(22,22)/(91,91)|(44,44)/(69,69)|(15,15)/(98,98)|(52,52)/(61,61)|(19,19)/(94,94)|(1,1)/(112,112)|(5,5)/(108,108)|(48,48)/(65,65)|(40,40)/(73,73)|(45,45)/(68,68)|(23,23)/(90,90)|(35,35)/(78,78)|(3,3)/(110,110)|(36,36)/(77,77)|(7,7)/(106,106)|(53,53)/(60,60)|(12,12)/(101,101)|(34,34)/(79,79)|(37,37)/(76,76)|(4,4)/(109,109)|(6,6)/(107,107)|(43,43)/(70,70)|(9,9)/(104,104)|(38,38)/(75,75)|(46,46)/(67,67)|(30,30)/(83,83)|(41,41)/(72,72)|(25,25)/(88,88)|(2,2)/(111,111)|(18,18)/(95,95)","(9,9)/(104,104)|(27,27)/(86,86)|(42,42)/(71,71)|(48,48)/(65,65)|(18,18)/(95,95)|(11,11)/(102,102)|(51,51)/(62,62)|(39,39)/(74,74)|(49,49)/(64,64)|(14,14)/(99,99)|(5,5)/(108,108)|(43,43)/(70,70)|(24,24)/(89,89)|(56,56)/(57,57)|(20,20)/(93,93)|(23,23)/(90,90)|(25,25)/(88,88)|(1,1)/(112,112)|(46,46)/(67,67)|(3,3)/(110,110)|(10,10)/(103,103)|(13,13)/(100,100)|(26,26)/(87,87)|(36,36)/(77,77)|(45,45)/(68,68)|(38,38)/(75,75)|(34,34)/(79,79)|(8,8)/(105,105)|(30,30)/(83,83)|(12,12)/(101,101)|(15,15)/(98,98)|(41,41)/(72,72)|(22,22)/(91,91)|(2,2)/(111,111)|(16,16)/(97,97)|(52,52)/(61,61)|(33,33)/(80,80)|(31,31)/(82,82)|(50,50)/(63,63)|(47,47)/(66,66)|(53,53)/(60,60)|(32,32)/(81,81)|(7,7)/(106,106)|(54,54)/(59,59)|(29,29)/(84,84)|(19,19)/(94,94)|(21,21)/(92,92)|(40,40)/(73,73)|(17,17)/(96,96)|(37,37)/(76,76)|(35,35)/(78,78)|(44,44)/(69,69)|(28,28)/(85,85)|(6,6)/(107,107)|(55,55)/(58,58)|(4,4)/(109,109)",4695982389.808594,4695982389.808594,1.0,full_hidden,1.0
subtraction_depth1_muon,1,muon,maximum_accuracy_reference,100000,checkpoints/subtraction_depth_1_muon_seed_0/step_100000.pt,1.0,1.0,complete_addition_frequency_derangement,5,56,"(28,28)/(85,85)|(11,11)/(102,102)|(13,13)/(100,100)|(31,31)/(82,82)|(8,8)/(105,105)|(32,32)/(81,81)|(21,21)/(92,92)|(27,27)/(86,86)|(33,33)/(80,80)|(10,10)/(103,103)|(24,24)/(89,89)|(29,29)/(84,84)|(55,55)/(58,58)|(20,20)/(93,93)|(14,14)/(99,99)|(42,42)/(71,71)|(26,26)/(87,87)|(39,39)/(74,74)|(56,56)/(57,57)|(17,17)/(96,96)|(49,49)/(64,64)|(50,50)/(63,63)|(16,16)/(97,97)|(47,47)/(66,66)|(51,51)/(62,62)|(54,54)/(59,59)|(22,22)/(91,91)|(44,44)/(69,69)|(15,15)/(98,98)|(52,52)/(61,61)|(19,19)/(94,94)|(1,1)/(112,112)|(5,5)/(108,108)|(48,48)/(65,65)|(40,40)/(73,73)|(45,45)/(68,68)|(23,23)/(90,90)|(35,35)/(78,78)|(3,3)/(110,110)|(36,36)/(77,77)|(7,7)/(106,106)|(53,53)/(60,60)|(12,12)/(101,101)|(34,34)/(79,79)|(37,37)/(76,76)|(4,4)/(109,109)|(6,6)/(107,107)|(43,43)/(70,70)|(9,9)/(104,104)|(38,38)/(75,75)|(46,46)/(67,67)|(30,30)/(83,83)|(41,41)/(72,72)|(25,25)/(88,88)|(2,2)/(111,111)|(18,18)/(95,95)","(39,39)/(74,74)|(43,43)/(70,70)|(27,27)/(86,86)|(19,19)/(94,94)|(50,50)/(63,63)|(21,21)/(92,92)|(33,33)/(80,80)|(12,12)/(101,101)|(5,5)/(108,108)|(29,29)/(84,84)|(31,31)/(82,82)|(18,18)/(95,95)|(35,35)/(78,78)|(47,47)/(66,66)|(51,51)/(62,62)|(55,55)/(58,58)|(24,24)/(89,89)|(40,40)/(73,73)|(48,48)/(65,65)|(13,13)/(100,100)|(7,7)/(106,106)|(9,9)/(104,104)|(8,8)/(105,105)|(15,15)/(98,98)|(52,52)/(61,61)|(16,16)/(97,97)|(6,6)/(107,107)|(53,53)/(60,60)|(17,17)/(96,96)|(36,36)/(77,77)|(28,28)/(85,85)|(22,22)/(91,91)|(56,56)/(57,57)|(30,30)/(83,83)|(54,54)/(59,59)|(44,44)/(69,69)|(25,25)/(88,88)|(2,2)/(111,111)|(32,32)/(81,81)|(41,41)/(72,72)|(34,34)/(79,79)|(38,38)/(75,75)|(3,3)/(110,110)|(10,10)/(103,103)|(45,45)/(68,68)|(46,46)/(67,67)|(11,11)/(102,102)|(14,14)/(99,99)|(26,26)/(87,87)|(4,4)/(109,109)|(1,1)/(112,112)|(20,20)/(93,93)|(42,42)/(71,71)|(49,49)/(64,64)|(23,23)/(90,90)|(37,37)/(76,76)",4695982389.808594,4695982389.808594,1.0,addition_only,0.008849557489156723
subtraction_depth1_muon,1,muon,maximum_accuracy_reference,100000,checkpoints/subtraction_depth_1_muon_seed_0/step_100000.pt,1.0,1.0,complete_addition_frequency_derangement,5,56,"(28,28)/(85,85)|(11,11)/(102,102)|(13,13)/(100,100)|(31,31)/(82,82)|(8,8)/(105,105)|(32,32)/(81,81)|(21,21)/(92,92)|(27,27)/(86,86)|(33,33)/(80,80)|(10,10)/(103,103)|(24,24)/(89,89)|(29,29)/(84,84)|(55,55)/(58,58)|(20,20)/(93,93)|(14,14)/(99,99)|(42,42)/(71,71)|(26,26)/(87,87)|(39,39)/(74,74)|(56,56)/(57,57)|(17,17)/(96,96)|(49,49)/(64,64)|(50,50)/(63,63)|(16,16)/(97,97)|(47,47)/(66,66)|(51,51)/(62,62)|(54,54)/(59,59)|(22,22)/(91,91)|(44,44)/(69,69)|(15,15)/(98,98)|(52,52)/(61,61)|(19,19)/(94,94)|(1,1)/(112,112)|(5,5)/(108,108)|(48,48)/(65,65)|(40,40)/(73,73)|(45,45)/(68,68)|(23,23)/(90,90)|(35,35)/(78,78)|(3,3)/(110,110)|(36,36)/(77,77)|(7,7)/(106,106)|(53,53)/(60,60)|(12,12)/(101,101)|(34,34)/(79,79)|(37,37)/(76,76)|(4,4)/(109,109)|(6,6)/(107,107)|(43,43)/(70,70)|(9,9)/(104,104)|(38,38)/(75,75)|(46,46)/(67,67)|(30,30)/(83,83)|(41,41)/(72,72)|(25,25)/(88,88)|(2,2)/(111,111)|(18,18)/(95,95)","(47,47)/(66,66)|(22,22)/(91,91)|(25,25)/(88,88)|(43,43)/(70,70)|(15,15)/(98,98)|(9,9)/(104,104)|(2,2)/(111,111)|(49,49)/(64,64)|(30,30)/(83,83)|(28,28)/(85,85)|(45,45)/(68,68)|(55,55)/(58,58)|(39,39)/(74,74)|(27,27)/(86,86)|(26,26)/(87,87)|(8,8)/(105,105)|(29,29)/(84,84)|(37,37)/(76,76)|(31,31)/(82,82)|(52,52)/(61,61)|(41,41)/(72,72)|(56,56)/(57,57)|(4,4)/(109,109)|(6,6)/(107,107)|(36,36)/(77,77)|(34,34)/(79,79)|(32,32)/(81,81)|(12,12)/(101,101)|(42,42)/(71,71)|(20,20)/(93,93)|(14,14)/(99,99)|(23,23)/(90,90)|(24,24)/(89,89)|(33,33)/(80,80)|(48,48)/(65,65)|(7,7)/(106,106)|(51,51)/(62,62)|(54,54)/(59,59)|(10,10)/(103,103)|(44,44)/(69,69)|(19,19)/(94,94)|(21,21)/(92,92)|(50,50)/(63,63)|(11,11)/(102,102)|(35,35)/(78,78)|(17,17)/(96,96)|(5,5)/(108,108)|(53,53)/(60,60)|(3,3)/(110,110)|(18,18)/(95,95)|(13,13)/(100,100)|(38,38)/(75,75)|(40,40)/(73,73)|(16,16)/(97,97)|(46,46)/(67,67)|(1,1)/(112,112)",4695982389.808594,4695982389.808594,1.0,full_hidden,1.0
subtraction_depth1_muon,1,muon,maximum_accuracy_reference,100000,checkpoints/subtraction_depth_1_muon_seed_0/step_100000.pt,1.0,1.0,complete_addition_frequency_derangement,6,56,"(28,28)/(85,85)|(11,11)/(102,102)|(13,13)/(100,100)|(31,31)/(82,82)|(8,8)/(105,105)|(32,32)/(81,81)|(21,21)/(92,92)|(27,27)/(86,86)|(33,33)/(80,80)|(10,10)/(103,103)|(24,24)/(89,89)|(29,29)/(84,84)|(55,55)/(58,58)|(20,20)/(93,93)|(14,14)/(99,99)|(42,42)/(71,71)|(26,26)/(87,87)|(39,39)/(74,74)|(56,56)/(57,57)|(17,17)/(96,96)|(49,49)/(64,64)|(50,50)/(63,63)|(16,16)/(97,97)|(47,47)/(66,66)|(51,51)/(62,62)|(54,54)/(59,59)|(22,22)/(91,91)|(44,44)/(69,69)|(15,15)/(98,98)|(52,52)/(61,61)|(19,19)/(94,94)|(1,1)/(112,112)|(5,5)/(108,108)|(48,48)/(65,65)|(40,40)/(73,73)|(45,45)/(68,68)|(23,23)/(90,90)|(35,35)/(78,78)|(3,3)/(110,110)|(36,36)/(77,77)|(7,7)/(106,106)|(53,53)/(60,60)|(12,12)/(101,101)|(34,34)/(79,79)|(37,37)/(76,76)|(4,4)/(109,109)|(6,6)/(107,107)|(43,43)/(70,70)|(9,9)/(104,104)|(38,38)/(75,75)|(46,46)/(67,67)|(30,30)/(83,83)|(41,41)/(72,72)|(25,25)/(88,88)|(2,2)/(111,111)|(18,18)/(95,95)","(42,42)/(71,71)|(18,18)/(95,95)|(25,25)/(88,88)|(39,39)/(74,74)|(5,5)/(108,108)|(11,11)/(102,102)|(55,55)/(58,58)|(56,56)/(57,57)|(21,21)/(92,92)|(34,34)/(79,79)|(30,30)/(83,83)|(19,19)/(94,94)|(31,31)/(82,82)|(29,29)/(84,84)|(23,23)/(90,90)|(22,22)/(91,91)|(41,41)/(72,72)|(49,49)/(64,64)|(1,1)/(112,112)|(12,12)/(101,101)|(36,36)/(77,77)|(17,17)/(96,96)|(44,44)/(69,69)|(15,15)/(98,98)|(16,16)/(97,97)|(35,35)/(78,78)|(48,48)/(65,65)|(13,13)/(100,100)|(43,43)/(70,70)|(10,10)/(103,103)|(14,14)/(99,99)|(6,6)/(107,107)|(24,24)/(89,89)|(3,3)/(110,110)|(54,54)/(59,59)|(7,7)/(106,106)|(38,38)/(75,75)|(8,8)/(105,105)|(53,53)/(60,60)|(33,33)/(80,80)|(40,40)/(73,73)|(20,20)/(93,93)|(26,26)/(87,87)|(45,45)/(68,68)|(46,46)/(67,67)|(37,37)/(76,76)|(4,4)/(109,109)|(51,51)/(62,62)|(2,2)/(111,111)|(32,32)/(81,81)|(50,50)/(63,63)|(47,47)/(66,66)|(27,27)/(86,86)|(52,52)/(61,61)|(9,9)/(104,104)|(28,28)/(85,85)",4695982389.808594,4695982389.808594,1.0,addition_only,0.008849557489156723
subtraction_depth1_muon,1,muon,maximum_accuracy_reference,100000,checkpoints/subtraction_depth_1_muon_seed_0/step_100000.pt,1.0,1.0,complete_addition_frequency_derangement,6,56,"(28,28)/(85,85)|(11,11)/(102,102)|(13,13)/(100,100)|(31,31)/(82,82)|(8,8)/(105,105)|(32,32)/(81,81)|(21,21)/(92,92)|(27,27)/(86,86)|(33,33)/(80,80)|(10,10)/(103,103)|(24,24)/(89,89)|(29,29)/(84,84)|(55,55)/(58,58)|(20,20)/(93,93)|(14,14)/(99,99)|(42,42)/(71,71)|(26,26)/(87,87)|(39,39)/(74,74)|(56,56)/(57,57)|(17,17)/(96,96)|(49,49)/(64,64)|(50,50)/(63,63)|(16,16)/(97,97)|(47,47)/(66,66)|(51,51)/(62,62)|(54,54)/(59,59)|(22,22)/(91,91)|(44,44)/(69,69)|(15,15)/(98,98)|(52,52)/(61,61)|(19,19)/(94,94)|(1,1)/(112,112)|(5,5)/(108,108)|(48,48)/(65,65)|(40,40)/(73,73)|(45,45)/(68,68)|(23,23)/(90,90)|(35,35)/(78,78)|(3,3)/(110,110)|(36,36)/(77,77)|(7,7)/(106,106)|(53,53)/(60,60)|(12,12)/(101,101)|(34,34)/(79,79)|(37,37)/(76,76)|(4,4)/(109,109)|(6,6)/(107,107)|(43,43)/(70,70)|(9,9)/(104,104)|(38,38)/(75,75)|(46,46)/(67,67)|(30,30)/(83,83)|(41,41)/(72,72)|(25,25)/(88,88)|(2,2)/(111,111)|(18,18)/(95,95)","(50,50)/(63,63)|(26,26)/(87,87)|(45,45)/(68,68)|(24,24)/(89,89)|(28,28)/(85,85)|(1,1)/(112,112)|(11,11)/(102,102)|(13,13)/(100,100)|(47,47)/(66,66)|(18,18)/(95,95)|(15,15)/(98,98)|(35,35)/(78,78)|(48,48)/(65,65)|(54,54)/(59,59)|(7,7)/(106,106)|(17,17)/(96,96)|(4,4)/(109,109)|(44,44)/(69,69)|(22,22)/(91,91)|(6,6)/(107,107)|(39,39)/(74,74)|(42,42)/(71,71)|(32,32)/(81,81)|(41,41)/(72,72)|(27,27)/(86,86)|(52,52)/(61,61)|(51,51)/(62,62)|(38,38)/(75,75)|(37,37)/(76,76)|(43,43)/(70,70)|(20,20)/(93,93)|(3,3)/(110,110)|(23,23)/(90,90)|(34,34)/(79,79)|(8,8)/(105,105)|(55,55)/(58,58)|(30,30)/(83,83)|(31,31)/(82,82)|(25,25)/(88,88)|(29,29)/(84,84)|(33,33)/(80,80)|(49,49)/(64,64)|(16,16)/(97,97)|(2,2)/(111,111)|(56,56)/(57,57)|(36,36)/(77,77)|(10,10)/(103,103)|(19,19)/(94,94)|(12,12)/(101,101)|(14,14)/(99,99)|(40,40)/(73,73)|(21,21)/(92,92)|(46,46)/(67,67)|(5,5)/(108,108)|(53,53)/(60,60)|(9,9)/(104,104)",4695982389.808594,4695982389.808594,1.0,full_hidden,1.0
subtraction_depth1_muon,1,muon,maximum_accuracy_reference,100000,checkpoints/subtraction_depth_1_muon_seed_0/step_100000.pt,1.0,1.0,complete_addition_frequency_derangement,7,56,"(28,28)/(85,85)|(11,11)/(102,102)|(13,13)/(100,100)|(31,31)/(82,82)|(8,8)/(105,105)|(32,32)/(81,81)|(21,21)/(92,92)|(27,27)/(86,86)|(33,33)/(80,80)|(10,10)/(103,103)|(24,24)/(89,89)|(29,29)/(84,84)|(55,55)/(58,58)|(20,20)/(93,93)|(14,14)/(99,99)|(42,42)/(71,71)|(26,26)/(87,87)|(39,39)/(74,74)|(56,56)/(57,57)|(17,17)/(96,96)|(49,49)/(64,64)|(50,50)/(63,63)|(16,16)/(97,97)|(47,47)/(66,66)|(51,51)/(62,62)|(54,54)/(59,59)|(22,22)/(91,91)|(44,44)/(69,69)|(15,15)/(98,98)|(52,52)/(61,61)|(19,19)/(94,94)|(1,1)/(112,112)|(5,5)/(108,108)|(48,48)/(65,65)|(40,40)/(73,73)|(45,45)/(68,68)|(23,23)/(90,90)|(35,35)/(78,78)|(3,3)/(110,110)|(36,36)/(77,77)|(7,7)/(106,106)|(53,53)/(60,60)|(12,12)/(101,101)|(34,34)/(79,79)|(37,37)/(76,76)|(4,4)/(109,109)|(6,6)/(107,107)|(43,43)/(70,70)|(9,9)/(104,104)|(38,38)/(75,75)|(46,46)/(67,67)|(30,30)/(83,83)|(41,41)/(72,72)|(25,25)/(88,88)|(2,2)/(111,111)|(18,18)/(95,95)","(37,37)/(76,76)|(34,34)/(79,79)|(16,16)/(97,97)|(29,29)/(84,84)|(3,3)/(110,110)|(44,44)/(69,69)|(39,39)/(74,74)|(36,36)/(77,77)|(20,20)/(93,93)|(14,14)/(99,99)|(52,52)/(61,61)|(33,33)/(80,80)|(13,13)/(100,100)|(5,5)/(108,108)|(7,7)/(106,106)|(19,19)/(94,94)|(23,23)/(90,90)|(27,27)/(86,86)|(42,42)/(71,71)|(40,40)/(73,73)|(56,56)/(57,57)|(54,54)/(59,59)|(9,9)/(104,104)|(55,55)/(58,58)|(22,22)/(91,91)|(15,15)/(98,98)|(21,21)/(92,92)|(43,43)/(70,70)|(2,2)/(111,111)|(31,31)/(82,82)|(51,51)/(62,62)|(12,12)/(101,101)|(28,28)/(85,85)|(25,25)/(88,88)|(45,45)/(68,68)|(41,41)/(72,72)|(46,46)/(67,67)|(32,32)/(81,81)|(48,48)/(65,65)|(4,4)/(109,109)|(35,35)/(78,78)|(38,38)/(75,75)|(24,24)/(89,89)|(8,8)/(105,105)|(47,47)/(66,66)|(49,49)/(64,64)|(30,30)/(83,83)|(26,26)/(87,87)|(10,10)/(103,103)|(1,1)/(112,112)|(53,53)/(60,60)|(17,17)/(96,96)|(18,18)/(95,95)|(6,6)/(107,107)|(11,11)/(102,102)|(50,50)/(63,63)",4695982389.808594,4695982389.808594,1.0,addition_only,0.008849557489156723
subtraction_depth1_muon,1,muon,maximum_accuracy_reference,100000,checkpoints/subtraction_depth_1_muon_seed_0/step_100000.pt,1.0,1.0,complete_addition_frequency_derangement,7,56,"(28,28)/(85,85)|(11,11)/(102,102)|(13,13)/(100,100)|(31,31)/(82,82)|(8,8)/(105,105)|(32,32)/(81,81)|(21,21)/(92,92)|(27,27)/(86,86)|(33,33)/(80,80)|(10,10)/(103,103)|(24,24)/(89,89)|(29,29)/(84,84)|(55,55)/(58,58)|(20,20)/(93,93)|(14,14)/(99,99)|(42,42)/(71,71)|(26,26)/(87,87)|(39,39)/(74,74)|(56,56)/(57,57)|(17,17)/(96,96)|(49,49)/(64,64)|(50,50)/(63,63)|(16,16)/(97,97)|(47,47)/(66,66)|(51,51)/(62,62)|(54,54)/(59,59)|(22,22)/(91,91)|(44,44)/(69,69)|(15,15)/(98,98)|(52,52)/(61,61)|(19,19)/(94,94)|(1,1)/(112,112)|(5,5)/(108,108)|(48,48)/(65,65)|(40,40)/(73,73)|(45,45)/(68,68)|(23,23)/(90,90)|(35,35)/(78,78)|(3,3)/(110,110)|(36,36)/(77,77)|(7,7)/(106,106)|(53,53)/(60,60)|(12,12)/(101,101)|(34,34)/(79,79)|(37,37)/(76,76)|(4,4)/(109,109)|(6,6)/(107,107)|(43,43)/(70,70)|(9,9)/(104,104)|(38,38)/(75,75)|(46,46)/(67,67)|(30,30)/(83,83)|(41,41)/(72,72)|(25,25)/(88,88)|(2,2)/(111,111)|(18,18)/(95,95)","(5,5)/(108,108)|(53,53)/(60,60)|(19,19)/(94,94)|(14,14)/(99,99)|(22,22)/(91,91)|(3,3)/(110,110)|(33,33)/(80,80)|(20,20)/(93,93)|(21,21)/(92,92)|(50,50)/(63,63)|(38,38)/(75,75)|(35,35)/(78,78)|(44,44)/(69,69)|(15,15)/(98,98)|(4,4)/(109,109)|(37,37)/(76,76)|(8,8)/(105,105)|(10,10)/(103,103)|(41,41)/(72,72)|(26,26)/(87,87)|(16,16)/(97,97)|(27,27)/(86,86)|(1,1)/(112,112)|(34,34)/(79,79)|(25,25)/(88,88)|(51,51)/(62,62)|(43,43)/(70,70)|(23,23)/(90,90)|(40,40)/(73,73)|(46,46)/(67,67)|(17,17)/(96,96)|(49,49)/(64,64)|(31,31)/(82,82)|(2,2)/(111,111)|(45,45)/(68,68)|(12,12)/(101,101)|(32,32)/(81,81)|(6,6)/(107,107)|(52,52)/(61,61)|(24,24)/(89,89)|(47,47)/(66,66)|(9,9)/(104,104)|(11,11)/(102,102)|(39,39)/(74,74)|(55,55)/(58,58)|(7,7)/(106,106)|(36,36)/(77,77)|(56,56)/(57,57)|(13,13)/(100,100)|(18,18)/(95,95)|(30,30)/(83,83)|(42,42)/(71,71)|(28,28)/(85,85)|(29,29)/(84,84)|(48,48)/(65,65)|(54,54)/(59,59)",4695982389.808594,4695982389.808594,1.0,full_hidden,1.0
subtraction_depth1_muon,1,muon,maximum_accuracy_reference,100000,checkpoints/subtraction_depth_1_muon_seed_0/step_100000.pt,1.0,1.0,complete_addition_frequency_derangement,8,56,"(28,28)/(85,85)|(11,11)/(102,102)|(13,13)/(100,100)|(31,31)/(82,82)|(8,8)/(105,105)|(32,32)/(81,81)|(21,21)/(92,92)|(27,27)/(86,86)|(33,33)/(80,80)|(10,10)/(103,103)|(24,24)/(89,89)|(29,29)/(84,84)|(55,55)/(58,58)|(20,20)/(93,93)|(14,14)/(99,99)|(42,42)/(71,71)|(26,26)/(87,87)|(39,39)/(74,74)|(56,56)/(57,57)|(17,17)/(96,96)|(49,49)/(64,64)|(50,50)/(63,63)|(16,16)/(97,97)|(47,47)/(66,66)|(51,51)/(62,62)|(54,54)/(59,59)|(22,22)/(91,91)|(44,44)/(69,69)|(15,15)/(98,98)|(52,52)/(61,61)|(19,19)/(94,94)|(1,1)/(112,112)|(5,5)/(108,108)|(48,48)/(65,65)|(40,40)/(73,73)|(45,45)/(68,68)|(23,23)/(90,90)|(35,35)/(78,78)|(3,3)/(110,110)|(36,36)/(77,77)|(7,7)/(106,106)|(53,53)/(60,60)|(12,12)/(101,101)|(34,34)/(79,79)|(37,37)/(76,76)|(4,4)/(109,109)|(6,6)/(107,107)|(43,43)/(70,70)|(9,9)/(104,104)|(38,38)/(75,75)|(46,46)/(67,67)|(30,30)/(83,83)|(41,41)/(72,72)|(25,25)/(88,88)|(2,2)/(111,111)|(18,18)/(95,95)","(44,44)/(69,69)|(24,24)/(89,89)|(39,39)/(74,74)|(1,1)/(112,112)|(17,17)/(96,96)|(21,21)/(92,92)|(3,3)/(110,110)|(4,4)/(109,109)|(37,37)/(76,76)|(30,30)/(83,83)|(23,23)/(90,90)|(35,35)/(78,78)|(34,34)/(79,79)|(50,50)/(63,63)|(48,48)/(65,65)|(40,40)/(73,73)|(19,19)/(94,94)|(52,52)/(61,61)|(49,49)/(64,64)|(46,46)/(67,67)|(43,43)/(70,70)|(27,27)/(86,86)|(12,12)/(101,101)|(56,56)/(57,57)|(5,5)/(108,108)|(55,55)/(58,58)|(6,6)/(107,107)|(29,29)/(84,84)|(28,28)/(85,85)|(2,2)/(111,111)|(13,13)/(100,100)|(15,15)/(98,98)|(14,14)/(99,99)|(8,8)/(105,105)|(38,38)/(75,75)|(42,42)/(71,71)|(32,32)/(81,81)|(31,31)/(82,82)|(7,7)/(106,106)|(16,16)/(97,97)|(11,11)/(102,102)|(25,25)/(88,88)|(45,45)/(68,68)|(33,33)/(80,80)|(26,26)/(87,87)|(51,51)/(62,62)|(36,36)/(77,77)|(53,53)/(60,60)|(41,41)/(72,72)|(9,9)/(104,104)|(10,10)/(103,103)|(18,18)/(95,95)|(20,20)/(93,93)|(47,47)/(66,66)|(22,22)/(91,91)|(54,54)/(59,59)",4695982389.808594,4695982389.808594,1.0,addition_only,0.008849557489156723
subtraction_depth1_muon,1,muon,maximum_accuracy_reference,100000,checkpoints/subtraction_depth_1_muon_seed_0/step_100000.pt,1.0,1.0,complete_addition_frequency_derangement,8,56,"(28,28)/(85,85)|(11,11)/(102,102)|(13,13)/(100,100)|(31,31)/(82,82)|(8,8)/(105,105)|(32,32)/(81,81)|(21,21)/(92,92)|(27,27)/(86,86)|(33,33)/(80,80)|(10,10)/(103,103)|(24,24)/(89,89)|(29,29)/(84,84)|(55,55)/(58,58)|(20,20)/(93,93)|(14,14)/(99,99)|(42,42)/(71,71)|(26,26)/(87,87)|(39,39)/(74,74)|(56,56)/(57,57)|(17,17)/(96,96)|(49,49)/(64,64)|(50,50)/(63,63)|(16,16)/(97,97)|(47,47)/(66,66)|(51,51)/(62,62)|(54,54)/(59,59)|(22,22)/(91,91)|(44,44)/(69,69)|(15,15)/(98,98)|(52,52)/(61,61)|(19,19)/(94,94)|(1,1)/(112,112)|(5,5)/(108,108)|(48,48)/(65,65)|(40,40)/(73,73)|(45,45)/(68,68)|(23,23)/(90,90)|(35,35)/(78,78)|(3,3)/(110,110)|(36,36)/(77,77)|(7,7)/(106,106)|(53,53)/(60,60)|(12,12)/(101,101)|(34,34)/(79,79)|(37,37)/(76,76)|(4,4)/(109,109)|(6,6)/(107,107)|(43,43)/(70,70)|(9,9)/(104,104)|(38,38)/(75,75)|(46,46)/(67,67)|(30,30)/(83,83)|(41,41)/(72,72)|(25,25)/(88,88)|(2,2)/(111,111)|(18,18)/(95,95)","(38,38)/(75,75)|(7,7)/(106,106)|(2,2)/(111,111)|(39,39)/(74,74)|(35,35)/(78,78)|(25,25)/(88,88)|(24,24)/(89,89)|(33,33)/(80,80)|(32,32)/(81,81)|(43,43)/(70,70)|(46,46)/(67,67)|(3,3)/(110,110)|(17,17)/(96,96)|(19,19)/(94,94)|(45,45)/(68,68)|(23,23)/(90,90)|(51,51)/(62,62)|(21,21)/(92,92)|(55,55)/(58,58)|(40,40)/(73,73)|(37,37)/(76,76)|(13,13)/(100,100)|(15,15)/(98,98)|(56,56)/(57,57)|(16,16)/(97,97)|(50,50)/(63,63)|(11,11)/(102,102)|(30,30)/(83,83)|(12,12)/(101,101)|(28,28)/(85,85)|(8,8)/(105,105)|(44,44)/(69,69)|(20,20)/(93,93)|(9,9)/(104,104)|(41,41)/(72,72)|(53,53)/(60,60)|(48,48)/(65,65)|(6,6)/(107,107)|(31,31)/(82,82)|(10,10)/(103,103)|(42,42)/(71,71)|(14,14)/(99,99)|(34,34)/(79,79)|(29,29)/(84,84)|(1,1)/(112,112)|(49,49)/(64,64)|(52,52)/(61,61)|(22,22)/(91,91)|(4,4)/(109,109)|(26,26)/(87,87)|(27,27)/(86,86)|(18,18)/(95,95)|(5,5)/(108,108)|(47,47)/(66,66)|(54,54)/(59,59)|(36,36)/(77,77)",4695982389.808594,4695982389.808594,1.0,full_hidden,1.0
subtraction_depth1_muon,1,muon,maximum_accuracy_reference,100000,checkpoints/subtraction_depth_1_muon_seed_0/step_100000.pt,1.0,1.0,complete_addition_frequency_derangement,9,56,"(28,28)/(85,85)|(11,11)/(102,102)|(13,13)/(100,100)|(31,31)/(82,82)|(8,8)/(105,105)|(32,32)/(81,81)|(21,21)/(92,92)|(27,27)/(86,86)|(33,33)/(80,80)|(10,10)/(103,103)|(24,24)/(89,89)|(29,29)/(84,84)|(55,55)/(58,58)|(20,20)/(93,93)|(14,14)/(99,99)|(42,42)/(71,71)|(26,26)/(87,87)|(39,39)/(74,74)|(56,56)/(57,57)|(17,17)/(96,96)|(49,49)/(64,64)|(50,50)/(63,63)|(16,16)/(97,97)|(47,47)/(66,66)|(51,51)/(62,62)|(54,54)/(59,59)|(22,22)/(91,91)|(44,44)/(69,69)|(15,15)/(98,98)|(52,52)/(61,61)|(19,19)/(94,94)|(1,1)/(112,112)|(5,5)/(108,108)|(48,48)/(65,65)|(40,40)/(73,73)|(45,45)/(68,68)|(23,23)/(90,90)|(35,35)/(78,78)|(3,3)/(110,110)|(36,36)/(77,77)|(7,7)/(106,106)|(53,53)/(60,60)|(12,12)/(101,101)|(34,34)/(79,79)|(37,37)/(76,76)|(4,4)/(109,109)|(6,6)/(107,107)|(43,43)/(70,70)|(9,9)/(104,104)|(38,38)/(75,75)|(46,46)/(67,67)|(30,30)/(83,83)|(41,41)/(72,72)|(25,25)/(88,88)|(2,2)/(111,111)|(18,18)/(95,95)","(54,54)/(59,59)|(6,6)/(107,107)|(34,34)/(79,79)|(23,23)/(90,90)|(30,30)/(83,83)|(44,44)/(69,69)|(22,22)/(91,91)|(38,38)/(75,75)|(52,52)/(61,61)|(1,1)/(112,112)|(7,7)/(106,106)|(43,43)/(70,70)|(13,13)/(100,100)|(2,2)/(111,111)|(32,32)/(81,81)|(26,26)/(87,87)|(49,49)/(64,64)|(40,40)/(73,73)|(20,20)/(93,93)|(45,45)/(68,68)|(14,14)/(99,99)|(56,56)/(57,57)|(36,36)/(77,77)|(33,33)/(80,80)|(24,24)/(89,89)|(12,12)/(101,101)|(47,47)/(66,66)|(5,5)/(108,108)|(21,21)/(92,92)|(17,17)/(96,96)|(41,41)/(72,72)|(8,8)/(105,105)|(19,19)/(94,94)|(37,37)/(76,76)|(16,16)/(97,97)|(3,3)/(110,110)|(4,4)/(109,109)|(39,39)/(74,74)|(25,25)/(88,88)|(31,31)/(82,82)|(11,11)/(102,102)|(15,15)/(98,98)|(53,53)/(60,60)|(48,48)/(65,65)|(42,42)/(71,71)|(28,28)/(85,85)|(27,27)/(86,86)|(9,9)/(104,104)|(55,55)/(58,58)|(46,46)/(67,67)|(35,35)/(78,78)|(51,51)/(62,62)|(50,50)/(63,63)|(29,29)/(84,84)|(18,18)/(95,95)|(10,10)/(103,103)",4695982389.808594,4695982389.808594,1.0,addition_only,0.008849557489156723
subtraction_depth1_muon,1,muon,maximum_accuracy_reference,100000,checkpoints/subtraction_depth_1_muon_seed_0/step_100000.pt,1.0,1.0,complete_addition_frequency_derangement,9,56,"(28,28)/(85,85)|(11,11)/(102,102)|(13,13)/(100,100)|(31,31)/(82,82)|(8,8)/(105,105)|(32,32)/(81,81)|(21,21)/(92,92)|(27,27)/(86,86)|(33,33)/(80,80)|(10,10)/(103,103)|(24,24)/(89,89)|(29,29)/(84,84)|(55,55)/(58,58)|(20,20)/(93,93)|(14,14)/(99,99)|(42,42)/(71,71)|(26,26)/(87,87)|(39,39)/(74,74)|(56,56)/(57,57)|(17,17)/(96,96)|(49,49)/(64,64)|(50,50)/(63,63)|(16,16)/(97,97)|(47,47)/(66,66)|(51,51)/(62,62)|(54,54)/(59,59)|(22,22)/(91,91)|(44,44)/(69,69)|(15,15)/(98,98)|(52,52)/(61,61)|(19,19)/(94,94)|(1,1)/(112,112)|(5,5)/(108,108)|(48,48)/(65,65)|(40,40)/(73,73)|(45,45)/(68,68)|(23,23)/(90,90)|(35,35)/(78,78)|(3,3)/(110,110)|(36,36)/(77,77)|(7,7)/(106,106)|(53,53)/(60,60)|(12,12)/(101,101)|(34,34)/(79,79)|(37,37)/(76,76)|(4,4)/(109,109)|(6,6)/(107,107)|(43,43)/(70,70)|(9,9)/(104,104)|(38,38)/(75,75)|(46,46)/(67,67)|(30,30)/(83,83)|(41,41)/(72,72)|(25,25)/(88,88)|(2,2)/(111,111)|(18,18)/(95,95)","(27,27)/(86,86)|(36,36)/(77,77)|(29,29)/(84,84)|(46,46)/(67,67)|(31,31)/(82,82)|(34,34)/(79,79)|(20,20)/(93,93)|(50,50)/(63,63)|(1,1)/(112,112)|(17,17)/(96,96)|(19,19)/(94,94)|(41,41)/(72,72)|(6,6)/(107,107)|(40,40)/(73,73)|(42,42)/(71,71)|(10,10)/(103,103)|(12,12)/(101,101)|(55,55)/(58,58)|(44,44)/(69,69)|(18,18)/(95,95)|(15,15)/(98,98)|(37,37)/(76,76)|(23,23)/(90,90)|(16,16)/(97,97)|(14,14)/(99,99)|(9,9)/(104,104)|(47,47)/(66,66)|(30,30)/(83,83)|(25,25)/(88,88)|(28,28)/(85,85)|(22,22)/(91,91)|(51,51)/(62,62)|(4,4)/(109,109)|(49,49)/(64,64)|(13,13)/(100,100)|(26,26)/(87,87)|(8,8)/(105,105)|(11,11)/(102,102)|(45,45)/(68,68)|(52,52)/(61,61)|(48,48)/(65,65)|(43,43)/(70,70)|(24,24)/(89,89)|(33,33)/(80,80)|(39,39)/(74,74)|(35,35)/(78,78)|(5,5)/(108,108)|(21,21)/(92,92)|(54,54)/(59,59)|(3,3)/(110,110)|(56,56)/(57,57)|(53,53)/(60,60)|(7,7)/(106,106)|(38,38)/(75,75)|(32,32)/(81,81)|(2,2)/(111,111)",4695982389.808594,4695982389.808594,1.0,full_hidden,1.0
subtraction_depth1_adamw,1,adamw,maximum_accuracy_reference,9000,checkpoints/subtraction_depth_1_adamw_seed_0/step_009000.pt,1.0,0.5,random_native_addition_subset,0,1,"(42,42)/(71,71)","(43,43)/(70,70)",101001.546875,170.43035888671875,1.0,addition_only,0.008849557489156723
subtraction_depth1_adamw,1,adamw,maximum_accuracy_reference,9000,checkpoints/subtraction_depth_1_adamw_seed_0/step_009000.pt,1.0,0.5,equal_power_frequency_relocation,0,1,"(42,42)/(71,71)","(40,40)/(73,73)",101001.546875,101001.546875,1.0,addition_only,0.008849557489156723
subtraction_depth1_adamw,1,adamw,maximum_accuracy_reference,9000,checkpoints/subtraction_depth_1_adamw_seed_0/step_009000.pt,1.0,0.5,random_native_addition_subset,1,1,"(42,42)/(71,71)","(23,23)/(90,90)",101001.546875,13.08999252319336,1.0,addition_only,0.008849557489156723
subtraction_depth1_adamw,1,adamw,maximum_accuracy_reference,9000,checkpoints/subtraction_depth_1_adamw_seed_0/step_009000.pt,1.0,0.5,equal_power_frequency_relocation,1,1,"(42,42)/(71,71)","(8,8)/(105,105)",101001.546875,101001.546875,1.0,addition_only,0.008849557489156723
subtraction_depth1_adamw,1,adamw,maximum_accuracy_reference,9000,checkpoints/subtraction_depth_1_adamw_seed_0/step_009000.pt,1.0,0.5,random_native_addition_subset,2,1,"(42,42)/(71,71)","(47,47)/(66,66)",101001.546875,3.303215980529785,1.0,addition_only,0.008849557489156723
subtraction_depth1_adamw,1,adamw,maximum_accuracy_reference,9000,checkpoints/subtraction_depth_1_adamw_seed_0/step_009000.pt,1.0,0.5,equal_power_frequency_relocation,2,1,"(42,42)/(71,71)","(6,6)/(107,107)",101001.546875,101001.546875,1.0,addition_only,0.008849557489156723
subtraction_depth1_adamw,1,adamw,maximum_accuracy_reference,9000,checkpoints/subtraction_depth_1_adamw_seed_0/step_009000.pt,1.0,0.5,random_native_addition_subset,3,1,"(42,42)/(71,71)","(17,17)/(96,96)",101001.546875,0.8593098521232605,1.0,addition_only,0.008849557489156723
subtraction_depth1_adamw,1,adamw,maximum_accuracy_reference,9000,checkpoints/subtraction_depth_1_adamw_seed_0/step_009000.pt,1.0,0.5,equal_power_frequency_relocation,3,1,"(42,42)/(71,71)","(39,39)/(74,74)",101001.546875,101001.546875,1.0,addition_only,0.008849557489156723
subtraction_depth1_adamw,1,adamw,maximum_accuracy_reference,9000,checkpoints/subtraction_depth_1_adamw_seed_0/step_009000.pt,1.0,0.5,random_native_addition_subset,4,1,"(42,42)/(71,71)","(1,1)/(112,112)",101001.546875,13.583822250366211,1.0,addition_only,0.008849557489156723
subtraction_depth1_adamw,1,adamw,maximum_accuracy_reference,9000,checkpoints/subtraction_depth_1_adamw_seed_0/step_009000.pt,1.0,0.5,equal_power_frequency_relocation,4,1,"(42,42)/(71,71)","(52,52)/(61,61)",101001.546875,101001.546875,1.0,addition_only,0.008849557489156723
subtraction_depth1_adamw,1,adamw,maximum_accuracy_reference,9000,checkpoints/subtraction_depth_1_adamw_seed_0/step_009000.pt,1.0,0.5,random_native_addition_subset,5,1,"(42,42)/(71,71)","(56,56)/(57,57)",101001.546875,0.43384379148483276,1.0,addition_only,0.008849557489156723
subtraction_depth1_adamw,1,adamw,maximum_accuracy_reference,9000,checkpoints/subtraction_depth_1_adamw_seed_0/step_009000.pt,1.0,0.5,equal_power_frequency_relocation,5,1,"(42,42)/(71,71)","(21,21)/(92,92)",101001.546875,101001.546875,1.0,addition_only,0.008849557489156723
subtraction_depth1_adamw,1,adamw,maximum_accuracy_reference,9000,checkpoints/subtraction_depth_1_adamw_seed_0/step_009000.pt,1.0,0.5,random_native_addition_subset,6,1,"(42,42)/(71,71)","(40,40)/(73,73)",101001.546875,0.4202122092247009,1.0,addition_only,0.008849557489156723
subtraction_depth1_adamw,1,adamw,maximum_accuracy_reference,9000,checkpoints/subtraction_depth_1_adamw_seed_0/step_009000.pt,1.0,0.5,equal_power_frequency_relocation,6,1,"(42,42)/(71,71)","(44,44)/(69,69)",101001.546875,101001.546875,1.0,addition_only,0.008849557489156723
subtraction_depth1_adamw,1,adamw,maximum_accuracy_reference,9000,checkpoints/subtraction_depth_1_adamw_seed_0/step_009000.pt,1.0,0.5,random_native_addition_subset,7,1,"(42,42)/(71,71)","(53,53)/(60,60)",101001.546875,0.23054173588752747,1.0,addition_only,0.008849557489156723
subtraction_depth1_adamw,1,adamw,maximum_accuracy_reference,9000,checkpoints/subtraction_depth_1_adamw_seed_0/step_009000.pt,1.0,0.5,equal_power_frequency_relocation,7,1,"(42,42)/(71,71)","(48,48)/(65,65)",101001.546875,101001.546875,1.0,addition_only,0.008849557489156723
subtraction_depth1_adamw,1,adamw,maximum_accuracy_reference,9000,checkpoints/subtraction_depth_1_adamw_seed_0/step_009000.pt,1.0,0.5,random_native_addition_subset,8,1,"(42,42)/(71,71)","(36,36)/(77,77)",101001.546875,19.251808166503906,1.0,addition_only,0.008849557489156723
subtraction_depth1_adamw,1,adamw,maximum_accuracy_reference,9000,checkpoints/subtraction_depth_1_adamw_seed_0/step_009000.pt,1.0,0.5,equal_power_frequency_relocation,8,1,"(42,42)/(71,71)","(33,33)/(80,80)",101001.546875,101001.546875,1.0,addition_only,0.008849557489156723
subtraction_depth1_adamw,1,adamw,maximum_accuracy_reference,9000,checkpoints/subtraction_depth_1_adamw_seed_0/step_009000.pt,1.0,0.5,random_native_addition_subset,9,1,"(42,42)/(71,71)","(33,33)/(80,80)",101001.546875,4.9702348709106445,1.0,addition_only,0.008849557489156723
subtraction_depth1_adamw,1,adamw,maximum_accuracy_reference,9000,checkpoints/subtraction_depth_1_adamw_seed_0/step_009000.pt,1.0,0.5,equal_power_frequency_relocation,9,1,"(42,42)/(71,71)","(30,30)/(83,83)",101001.546875,101001.546875,1.0,addition_only,0.008849557489156723
subtraction_depth1_adamw,1,adamw,maximum_accuracy_reference,9000,checkpoints/subtraction_depth_1_adamw_seed_0/step_009000.pt,1.0,0.75,random_native_addition_subset,0,2,"(42,42)/(71,71)|(25,25)/(88,88)","(33,33)/(80,80)|(18,18)/(95,95)",123635.7265625,5.138045847415924,1.0,addition_only,0.008849557489156723
subtraction_depth1_adamw,1,adamw,maximum_accuracy_reference,9000,checkpoints/subtraction_depth_1_adamw_seed_0/step_009000.pt,1.0,0.75,equal_power_frequency_relocation,0,2,"(42,42)/(71,71)|(25,25)/(88,88)","(32,32)/(81,81)|(6,6)/(107,107)",123635.7265625,123635.7265625,1.0,addition_only,0.008849557489156723
subtraction_depth1_adamw,1,adamw,maximum_accuracy_reference,9000,checkpoints/subtraction_depth_1_adamw_seed_0/step_009000.pt,1.0,0.75,random_native_addition_subset,1,2,"(42,42)/(71,71)|(25,25)/(88,88)","(36,36)/(77,77)|(33,33)/(80,80)",123635.7265625,24.22204303741455,1.0,addition_only,0.008849557489156723
subtraction_depth1_adamw,1,adamw,maximum_accuracy_reference,9000,checkpoints/subtraction_depth_1_adamw_seed_0/step_009000.pt,1.0,0.75,equal_power_frequency_relocation,1,2,"(42,42)/(71,71)|(25,25)/(88,88)","(41,41)/(72,72)|(12,12)/(101,101)",123635.7265625,123635.7265625,1.0,addition_only,0.008849557489156723
subtraction_depth1_adamw,1,adamw,maximum_accuracy_reference,9000,checkpoints/subtraction_depth_1_adamw_seed_0/step_009000.pt,1.0,0.75,random_native_addition_subset,2,2,"(42,42)/(71,71)|(25,25)/(88,88)","(41,41)/(72,72)|(46,46)/(67,67)",123635.7265625,1.2325323820114136,1.0,addition_only,0.008849557489156723
subtraction_depth1_adamw,1,adamw,maximum_accuracy_reference,9000,checkpoints/subtraction_depth_1_adamw_seed_0/step_009000.pt,1.0,0.75,equal_power_frequency_relocation,2,2,"(42,42)/(71,71)|(25,25)/(88,88)","(29,29)/(84,84)|(44,44)/(69,69)",123635.7265625,123635.7265625,1.0,addition_only,0.008849557489156723
subtraction_depth1_adamw,1,adamw,maximum_accuracy_reference,9000,checkpoints/subtraction_depth_1_adamw_seed_0/step_009000.pt,1.0,0.75,random_native_addition_subset,3,2,"(42,42)/(71,71)|(25,25)/(88,88)","(33,33)/(80,80)|(34,34)/(79,79)",123635.7265625,5.046821914613247,1.0,addition_only,0.008849557489156723
subtraction_depth1_adamw,1,adamw,maximum_accuracy_reference,9000,checkpoints/subtraction_depth_1_adamw_seed_0/step_009000.pt,1.0,0.75,equal_power_frequency_relocation,3,2,"(42,42)/(71,71)|(25,25)/(88,88)","(19,19)/(94,94)|(8,8)/(105,105)",123635.7265625,123635.7265625,1.0,addition_only,0.008849557489156723
subtraction_depth1_adamw,1,adamw,maximum_accuracy_reference,9000,checkpoints/subtraction_depth_1_adamw_seed_0/step_009000.pt,1.0,0.75,random_native_addition_subset,4,2,"(42,42)/(71,71)|(25,25)/(88,88)","(39,39)/(74,74)|(49,49)/(64,64)",123635.7265625,10094.577716827393,1.0,addition_only,0.008849557489156723
subtraction_depth1_adamw,1,adamw,maximum_accuracy_reference,9000,checkpoints/subtraction_depth_1_adamw_seed_0/step_009000.pt,1.0,0.75,equal_power_frequency_relocation,4,2,"(42,42)/(71,71)|(25,25)/(88,88)","(24,24)/(89,89)|(41,41)/(72,72)",123635.7265625,123635.7265625,1.0,addition_only,0.008849557489156723
subtraction_depth1_adamw,1,adamw,maximum_accuracy_reference,9000,checkpoints/subtraction_depth_1_adamw_seed_0/step_009000.pt,1.0,0.75,random_native_addition_subset,5,2,"(42,42)/(71,71)|(25,25)/(88,88)","(42,42)/(71,71)|(4,4)/(109,109)",123635.7265625,101208.87451171875,1.0,addition_only,0.008849557489156723
subtraction_depth1_adamw,1,adamw,maximum_accuracy_reference,9000,checkpoints/subtraction_depth_1_adamw_seed_0/step_009000.pt,1.0,0.75,equal_power_frequency_relocation,5,2,"(42,42)/(71,71)|(25,25)/(88,88)","(8,8)/(105,105)|(23,23)/(90,90)",123635.7265625,123635.7265625,1.0,addition_only,0.008849557489156723
subtraction_depth1_adamw,1,adamw,maximum_accuracy_reference,9000,checkpoints/subtraction_depth_1_adamw_seed_0/step_009000.pt,1.0,0.75,random_native_addition_subset,6,2,"(42,42)/(71,71)|(25,25)/(88,88)","(44,44)/(69,69)|(11,11)/(102,102)",123635.7265625,2.83040452003479,1.0,addition_only,0.008849557489156723
subtraction_depth1_adamw,1,adamw,maximum_accuracy_reference,9000,checkpoints/subtraction_depth_1_adamw_seed_0/step_009000.pt,1.0,0.75,equal_power_frequency_relocation,6,2,"(42,42)/(71,71)|(25,25)/(88,88)","(14,14)/(99,99)|(6,6)/(107,107)",123635.7265625,123635.7265625,1.0,addition_only,0.008849557489156723
subtraction_depth1_adamw,1,adamw,maximum_accuracy_reference,9000,checkpoints/subtraction_depth_1_adamw_seed_0/step_009000.pt,1.0,0.75,random_native_addition_subset,7,2,"(42,42)/(71,71)|(25,25)/(88,88)","(15,15)/(98,98)|(42,42)/(71,71)",123635.7265625,101002.40099406242,1.0,addition_only,0.008849557489156723
subtraction_depth1_adamw,1,adamw,maximum_accuracy_reference,9000,checkpoints/subtraction_depth_1_adamw_seed_0/step_009000.pt,1.0,0.75,equal_power_frequency_relocation,7,2,"(42,42)/(71,71)|(25,25)/(88,88)","(17,17)/(96,96)|(9,9)/(104,104)",123635.7265625,123635.7265625,1.0,addition_only,0.008849557489156723
subtraction_depth1_adamw,1,adamw,maximum_accuracy_reference,9000,checkpoints/subtraction_depth_1_adamw_seed_0/step_009000.pt,1.0,0.75,random_native_addition_subset,8,2,"(42,42)/(71,71)|(25,25)/(88,88)","(22,22)/(91,91)|(24,24)/(89,89)",123635.7265625,50.06937599182129,1.0,addition_only,0.008849557489156723
subtraction_depth1_adamw,1,adamw,maximum_accuracy_reference,9000,checkpoints/subtraction_depth_1_adamw_seed_0/step_009000.pt,1.0,0.75,equal_power_frequency_relocation,8,2,"(42,42)/(71,71)|(25,25)/(88,88)","(22,22)/(91,91)|(49,49)/(64,64)",123635.7265625,123635.7265625,1.0,addition_only,0.008849557489156723
subtraction_depth1_adamw,1,adamw,maximum_accuracy_reference,9000,checkpoints/subtraction_depth_1_adamw_seed_0/step_009000.pt,1.0,0.75,random_native_addition_subset,9,2,"(42,42)/(71,71)|(25,25)/(88,88)","(44,44)/(69,69)|(35,35)/(78,78)",123635.7265625,445.78136372566223,1.0,addition_only,0.008849557489156723
subtraction_depth1_adamw,1,adamw,maximum_accuracy_reference,9000,checkpoints/subtraction_depth_1_adamw_seed_0/step_009000.pt,1.0,0.75,equal_power_frequency_relocation,9,2,"(42,42)/(71,71)|(25,25)/(88,88)","(11,11)/(102,102)|(56,56)/(57,57)",123635.7265625,123635.7265625,1.0,addition_only,0.008849557489156723
subtraction_depth1_adamw,1,adamw,maximum_accuracy_reference,9000,checkpoints/subtraction_depth_1_adamw_seed_0/step_009000.pt,1.0,0.9,random_native_addition_subset,0,4,"(42,42)/(71,71)|(25,25)/(88,88)|(39,39)/(74,74)|(29,29)/(84,84)","(16,16)/(97,97)|(42,42)/(71,71)|(31,31)/(82,82)|(33,33)/(80,80)",138352.6396484375,101952.23076343536,1.0,addition_only,0.008849557489156723
subtraction_depth1_adamw,1,adamw,maximum_accuracy_reference,9000,checkpoints/subtraction_depth_1_adamw_seed_0/step_009000.pt,1.0,0.9,equal_power_frequency_relocation,0,4,"(42,42)/(71,71)|(25,25)/(88,88)|(39,39)/(74,74)|(29,29)/(84,84)","(27,27)/(86,86)|(5,5)/(108,108)|(26,26)/(87,87)|(14,14)/(99,99)",138352.6396484375,138352.6396484375,1.0,addition_only,0.008849557489156723
subtraction_depth1_adamw,1,adamw,maximum_accuracy_reference,9000,checkpoints/subtraction_depth_1_adamw_seed_0/step_009000.pt,1.0,0.9,random_native_addition_subset,1,4,"(42,42)/(71,71)|(25,25)/(88,88)|(39,39)/(74,74)|(29,29)/(84,84)","(9,9)/(104,104)|(14,14)/(99,99)|(7,7)/(106,106)|(53,53)/(60,60)",138352.6396484375,25.135992914438248,1.0,addition_only,0.008849557489156723
subtraction_depth1_adamw,1,adamw,maximum_accuracy_reference,9000,checkpoints/subtraction_depth_1_adamw_seed_0/step_009000.pt,1.0,0.9,equal_power_frequency_relocation,1,4,"(42,42)/(71,71)|(25,25)/(88,88)|(39,39)/(74,74)|(29,29)/(84,84)","(24,24)/(89,89)|(54,54)/(59,59)|(36,36)/(77,77)|(55,55)/(58,58)",138352.6396484375,138352.6396484375,1.0,addition_only,0.008849557489156723
subtraction_depth1_adamw,1,adamw,maximum_accuracy_reference,9000,checkpoints/subtraction_depth_1_adamw_seed_0/step_009000.pt,1.0,0.9,random_native_addition_subset,2,4,"(42,42)/(71,71)|(25,25)/(88,88)|(39,39)/(74,74)|(29,29)/(84,84)","(50,50)/(63,63)|(4,4)/(109,109)|(17,17)/(96,96)|(48,48)/(65,65)",138352.6396484375,1045.3907315135002,1.0,addition_only,0.008849557489156723
subtraction_depth1_adamw,1,adamw,maximum_accuracy_reference,9000,checkpoints/subtraction_depth_1_adamw_seed_0/step_009000.pt,1.0,0.9,equal_power_frequency_relocation,2,4,"(42,42)/(71,71)|(25,25)/(88,88)|(39,39)/(74,74)|(29,29)/(84,84)","(26,26)/(87,87)|(36,36)/(77,77)|(19,19)/(94,94)|(35,35)/(78,78)",138352.6396484375,138352.6396484375,1.0,addition_only,0.008849557489156723
subtraction_depth1_adamw,1,adamw,maximum_accuracy_reference,9000,checkpoints/subtraction_depth_1_adamw_seed_0/step_009000.pt,1.0,0.9,random_native_addition_subset,3,4,"(42,42)/(71,71)|(25,25)/(88,88)|(39,39)/(74,74)|(29,29)/(84,84)","(28,28)/(85,85)|(51,51)/(62,62)|(31,31)/(82,82)|(36,36)/(77,77)",138352.6396484375,119.55413568019867,1.0,addition_only,0.008849557489156723
subtraction_depth1_adamw,1,adamw,maximum_accuracy_reference,9000,checkpoints/subtraction_depth_1_adamw_seed_0/step_009000.pt,1.0,0.9,equal_power_frequency_relocation,3,4,"(42,42)/(71,71)|(25,25)/(88,88)|(39,39)/(74,74)|(29,29)/(84,84)","(14,14)/(99,99)|(47,47)/(66,66)|(40,40)/(73,73)|(6,6)/(107,107)",138352.6396484375,138352.6396484375,1.0,addition_only,0.008849557489156723
subtraction_depth1_adamw,1,adamw,maximum_accuracy_reference,9000,checkpoints/subtraction_depth_1_adamw_seed_0/step_009000.pt,1.0,0.9,random_native_addition_subset,4,4,"(42,42)/(71,71)|(25,25)/(88,88)|(39,39)/(74,74)|(29,29)/(84,84)","(48,48)/(65,65)|(28,28)/(85,85)|(17,17)/(96,96)|(45,45)/(68,68)",138352.6396484375,149.02415949106216,1.0,addition_only,0.008849557489156723
subtraction_depth1_adamw,1,adamw,maximum_accuracy_reference,9000,checkpoints/subtraction_depth_1_adamw_seed_0/step_009000.pt,1.0,0.9,equal_power_frequency_relocation,4,4,"(42,42)/(71,71)|(25,25)/(88,88)|(39,39)/(74,74)|(29,29)/(84,84)","(36,36)/(77,77)|(43,43)/(70,70)|(34,34)/(79,79)|(17,17)/(96,96)",138352.6396484375,138352.6396484375,1.0,addition_only,0.008849557489156723
subtraction_depth1_adamw,1,adamw,maximum_accuracy_reference,9000,checkpoints/subtraction_depth_1_adamw_seed_0/step_009000.pt,1.0,0.9,random_native_addition_subset,5,4,"(42,42)/(71,71)|(25,25)/(88,88)|(39,39)/(74,74)|(29,29)/(84,84)","(40,40)/(73,73)|(33,33)/(80,80)|(46,46)/(67,67)|(23,23)/(90,90)",138352.6396484375,19.210618138313293,1.0,addition_only,0.008849557489156723
subtraction_depth1_adamw,1,adamw,maximum_accuracy_reference,9000,checkpoints/subtraction_depth_1_adamw_seed_0/step_009000.pt,1.0,0.9,equal_power_frequency_relocation,5,4,"(42,42)/(71,71)|(25,25)/(88,88)|(39,39)/(74,74)|(29,29)/(84,84)","(30,30)/(83,83)|(46,46)/(67,67)|(32,32)/(81,81)|(12,12)/(101,101)",138352.6396484375,138352.6396484375,1.0,addition_only,0.008849557489156723
subtraction_depth1_adamw,1,adamw,maximum_accuracy_reference,9000,checkpoints/subtraction_depth_1_adamw_seed_0/step_009000.pt,1.0,0.9,random_native_addition_subset,6,4,"(42,42)/(71,71)|(25,25)/(88,88)|(39,39)/(74,74)|(29,29)/(84,84)","(50,50)/(63,63)|(39,39)/(74,74)|(24,24)/(89,89)|(26,26)/(87,87)",138352.6396484375,12378.11824798584,1.0,addition_only,0.008849557489156723
subtraction_depth1_adamw,1,adamw,maximum_accuracy_reference,9000,checkpoints/subtraction_depth_1_adamw_seed_0/step_009000.pt,1.0,0.9,equal_power_frequency_relocation,6,4,"(42,42)/(71,71)|(25,25)/(88,88)|(39,39)/(74,74)|(29,29)/(84,84)","(51,51)/(62,62)|(24,24)/(89,89)|(18,18)/(95,95)|(37,37)/(76,76)",138352.6396484375,138352.6396484375,1.0,addition_only,0.008849557489156723
subtraction_depth1_adamw,1,adamw,maximum_accuracy_reference,9000,checkpoints/subtraction_depth_1_adamw_seed_0/step_009000.pt,1.0,0.9,random_native_addition_subset,7,4,"(42,42)/(71,71)|(25,25)/(88,88)|(39,39)/(74,74)|(29,29)/(84,84)","(52,52)/(61,61)|(19,19)/(94,94)|(14,14)/(99,99)|(15,15)/(98,98)",138352.6396484375,90.9655454158783,1.0,addition_only,0.008849557489156723
subtraction_depth1_adamw,1,adamw,maximum_accuracy_reference,9000,checkpoints/subtraction_depth_1_adamw_seed_0/step_009000.pt,1.0,0.9,equal_power_frequency_relocation,7,4,"(42,42)/(71,71)|(25,25)/(88,88)|(39,39)/(74,74)|(29,29)/(84,84)","(46,46)/(67,67)|(22,22)/(91,91)|(28,28)/(85,85)|(24,24)/(89,89)",138352.6396484375,138352.6396484375,1.0,addition_only,0.008849557489156723
subtraction_depth1_adamw,1,adamw,maximum_accuracy_reference,9000,checkpoints/subtraction_depth_1_adamw_seed_0/step_009000.pt,1.0,0.9,random_native_addition_subset,8,4,"(42,42)/(71,71)|(25,25)/(88,88)|(39,39)/(74,74)|(29,29)/(84,84)","(43,43)/(70,70)|(53,53)/(60,60)|(34,34)/(79,79)|(13,13)/(100,100)",138352.6396484375,4107.143737666309,1.0,addition_only,0.008849557489156723
subtraction_depth1_adamw,1,adamw,maximum_accuracy_reference,9000,checkpoints/subtraction_depth_1_adamw_seed_0/step_009000.pt,1.0,0.9,equal_power_frequency_relocation,8,4,"(42,42)/(71,71)|(25,25)/(88,88)|(39,39)/(74,74)|(29,29)/(84,84)","(17,17)/(96,96)|(13,13)/(100,100)|(29,29)/(84,84)|(8,8)/(105,105)",138352.6396484375,138352.6396484375,1.0,addition_only,0.008849557489156723
subtraction_depth1_adamw,1,adamw,maximum_accuracy_reference,9000,checkpoints/subtraction_depth_1_adamw_seed_0/step_009000.pt,1.0,0.9,random_native_addition_subset,9,4,"(42,42)/(71,71)|(25,25)/(88,88)|(39,39)/(74,74)|(29,29)/(84,84)","(44,44)/(69,69)|(35,35)/(78,78)|(46,46)/(67,67)|(8,8)/(105,105)",138352.6396484375,486.1108426451683,1.0,addition_only,0.008849557489156723
subtraction_depth1_adamw,1,adamw,maximum_accuracy_reference,9000,checkpoints/subtraction_depth_1_adamw_seed_0/step_009000.pt,1.0,0.9,equal_power_frequency_relocation,9,4,"(42,42)/(71,71)|(25,25)/(88,88)|(39,39)/(74,74)|(29,29)/(84,84)","(23,23)/(90,90)|(41,41)/(72,72)|(56,56)/(57,57)|(14,14)/(99,99)",138352.6396484375,138352.6396484375,1.0,addition_only,0.008849557489156723
subtraction_depth1_adamw,1,adamw,maximum_accuracy_reference,9000,checkpoints/subtraction_depth_1_adamw_seed_0/step_009000.pt,1.0,0.9,equal_power_other_family,-1,4,"(42,42)/(71,71)|(25,25)/(88,88)|(39,39)/(74,74)|(29,29)/(84,84)","(42,0)/(71,0)|(25,0)/(88,0)|(39,0)/(74,0)|(29,0)/(84,0)",138352.6396484375,936025.384765625,0.38445889319450754,a_only_only,0.008849557489156723
subtraction_depth1_adamw,1,adamw,maximum_accuracy_reference,9000,checkpoints/subtraction_depth_1_adamw_seed_0/step_009000.pt,1.0,0.9,equal_power_other_family,-1,4,"(42,42)/(71,71)|(25,25)/(88,88)|(39,39)/(74,74)|(29,29)/(84,84)","(0,42)/(0,71)|(0,25)/(0,88)|(0,39)/(0,74)|(0,29)/(0,84)",138352.6396484375,889037.0830078125,0.3944879906415912,b_only_only,0.008849557489156723
subtraction_depth1_adamw,1,adamw,maximum_accuracy_reference,9000,checkpoints/subtraction_depth_1_adamw_seed_0/step_009000.pt,1.0,0.9,equal_power_other_family,-1,4,"(42,42)/(71,71)|(25,25)/(88,88)|(39,39)/(74,74)|(29,29)/(84,84)","(42,71)/(71,42)|(25,88)/(88,25)|(39,74)/(74,39)|(29,84)/(84,29)",138352.6396484375,41585662.25,0.05767955667811517,subtraction_only,0.008849557489156723
subtraction_depth1_adamw,1,adamw,maximum_accuracy_reference,9000,checkpoints/subtraction_depth_1_adamw_seed_0/step_009000.pt,1.0,0.9,equal_power_other_family,-1,4,"(42,42)/(71,71)|(25,25)/(88,88)|(39,39)/(74,74)|(29,29)/(84,84)","(55,84)/(58,29)|(29,58)/(84,55)|(42,13)/(71,100)|(13,42)/(100,71)",138352.6396484375,5086.3258056640625,5.215448207785243,generic_interaction_only,0.008692928589880466
subtraction_depth1_adamw,1,adamw,maximum_accuracy_reference,9000,checkpoints/subtraction_depth_1_adamw_seed_0/step_009000.pt,1.0,1.0,complete_addition_frequency_derangement,0,56,"(42,42)/(71,71)|(25,25)/(88,88)|(39,39)/(74,74)|(29,29)/(84,84)|(13,13)/(100,100)|(55,55)/(58,58)|(26,26)/(87,87)|(16,16)/(97,97)|(50,50)/(63,63)|(35,35)/(78,78)|(38,38)/(75,75)|(4,4)/(109,109)|(37,37)/(76,76)|(43,43)/(70,70)|(12,12)/(101,101)|(45,45)/(68,68)|(10,10)/(103,103)|(3,3)/(110,110)|(51,51)/(62,62)|(32,32)/(81,81)|(24,24)/(89,89)|(19,19)/(94,94)|(52,52)/(61,61)|(8,8)/(105,105)|(6,6)/(107,107)|(48,48)/(65,65)|(36,36)/(77,77)|(31,31)/(82,82)|(7,7)/(106,106)|(1,1)/(112,112)|(23,23)/(90,90)|(49,49)/(64,64)|(14,14)/(99,99)|(22,22)/(91,91)|(27,27)/(86,86)|(20,20)/(93,93)|(54,54)/(59,59)|(33,33)/(80,80)|(47,47)/(66,66)|(11,11)/(102,102)|(9,9)/(104,104)|(17,17)/(96,96)|(15,15)/(98,98)|(46,46)/(67,67)|(2,2)/(111,111)|(41,41)/(72,72)|(56,56)/(57,57)|(40,40)/(73,73)|(28,28)/(85,85)|(30,30)/(83,83)|(21,21)/(92,92)|(53,53)/(60,60)|(44,44)/(69,69)|(18,18)/(95,95)|(34,34)/(79,79)|(5,5)/(108,108)","(28,28)/(85,85)|(29,29)/(84,84)|(52,52)/(61,61)|(39,39)/(74,74)|(16,16)/(97,97)|(40,40)/(73,73)|(30,30)/(83,83)|(56,56)/(57,57)|(31,31)/(82,82)|(15,15)/(98,98)|(54,54)/(59,59)|(14,14)/(99,99)|(2,2)/(111,111)|(41,41)/(72,72)|(43,43)/(70,70)|(38,38)/(75,75)|(37,37)/(76,76)|(13,13)/(100,100)|(26,26)/(87,87)|(33,33)/(80,80)|(8,8)/(105,105)|(48,48)/(65,65)|(1,1)/(112,112)|(42,42)/(71,71)|(32,32)/(81,81)|(25,25)/(88,88)|(20,20)/(93,93)|(4,4)/(109,109)|(10,10)/(103,103)|(17,17)/(96,96)|(47,47)/(66,66)|(44,44)/(69,69)|(18,18)/(95,95)|(35,35)/(78,78)|(53,53)/(60,60)|(34,34)/(79,79)|(21,21)/(92,92)|(5,5)/(108,108)|(45,45)/(68,68)|(24,24)/(89,89)|(7,7)/(106,106)|(50,50)/(63,63)|(3,3)/(110,110)|(51,51)/(62,62)|(23,23)/(90,90)|(27,27)/(86,86)|(9,9)/(104,104)|(36,36)/(77,77)|(49,49)/(64,64)|(12,12)/(101,101)|(11,11)/(102,102)|(22,22)/(91,91)|(46,46)/(67,67)|(55,55)/(58,58)|(19,19)/(94,94)|(6,6)/(107,107)",149461.07826911658,149461.07826911658,1.0,addition_only,0.008849557489156723
subtraction_depth1_adamw,1,adamw,maximum_accuracy_reference,9000,checkpoints/subtraction_depth_1_adamw_seed_0/step_009000.pt,1.0,1.0,complete_addition_frequency_derangement,0,56,"(42,42)/(71,71)|(25,25)/(88,88)|(39,39)/(74,74)|(29,29)/(84,84)|(13,13)/(100,100)|(55,55)/(58,58)|(26,26)/(87,87)|(16,16)/(97,97)|(50,50)/(63,63)|(35,35)/(78,78)|(38,38)/(75,75)|(4,4)/(109,109)|(37,37)/(76,76)|(43,43)/(70,70)|(12,12)/(101,101)|(45,45)/(68,68)|(10,10)/(103,103)|(3,3)/(110,110)|(51,51)/(62,62)|(32,32)/(81,81)|(24,24)/(89,89)|(19,19)/(94,94)|(52,52)/(61,61)|(8,8)/(105,105)|(6,6)/(107,107)|(48,48)/(65,65)|(36,36)/(77,77)|(31,31)/(82,82)|(7,7)/(106,106)|(1,1)/(112,112)|(23,23)/(90,90)|(49,49)/(64,64)|(14,14)/(99,99)|(22,22)/(91,91)|(27,27)/(86,86)|(20,20)/(93,93)|(54,54)/(59,59)|(33,33)/(80,80)|(47,47)/(66,66)|(11,11)/(102,102)|(9,9)/(104,104)|(17,17)/(96,96)|(15,15)/(98,98)|(46,46)/(67,67)|(2,2)/(111,111)|(41,41)/(72,72)|(56,56)/(57,57)|(40,40)/(73,73)|(28,28)/(85,85)|(30,30)/(83,83)|(21,21)/(92,92)|(53,53)/(60,60)|(44,44)/(69,69)|(18,18)/(95,95)|(34,34)/(79,79)|(5,5)/(108,108)","(22,22)/(91,91)|(28,28)/(85,85)|(27,27)/(86,86)|(21,21)/(92,92)|(32,32)/(81,81)|(29,29)/(84,84)|(37,37)/(76,76)|(39,39)/(74,74)|(49,49)/(64,64)|(36,36)/(77,77)|(31,31)/(82,82)|(53,53)/(60,60)|(20,20)/(93,93)|(56,56)/(57,57)|(33,33)/(80,80)|(16,16)/(97,97)|(51,51)/(62,62)|(11,11)/(102,102)|(18,18)/(95,95)|(50,50)/(63,63)|(1,1)/(112,112)|(30,30)/(83,83)|(12,12)/(101,101)|(25,25)/(88,88)|(41,41)/(72,72)|(54,54)/(59,59)|(24,24)/(89,89)|(40,40)/(73,73)|(45,45)/(68,68)|(19,19)/(94,94)|(13,13)/(100,100)|(46,46)/(67,67)|(23,23)/(90,90)|(48,48)/(65,65)|(26,26)/(87,87)|(47,47)/(66,66)|(52,52)/(61,61)|(3,3)/(110,110)|(14,14)/(99,99)|(2,2)/(111,111)|(10,10)/(103,103)|(44,44)/(69,69)|(43,43)/(70,70)|(17,17)/(96,96)|(9,9)/(104,104)|(55,55)/(58,58)|(8,8)/(105,105)|(38,38)/(75,75)|(34,34)/(79,79)|(15,15)/(98,98)|(4,4)/(109,109)|(5,5)/(108,108)|(42,42)/(71,71)|(7,7)/(106,106)|(35,35)/(78,78)|(6,6)/(107,107)",149461.07826911658,149461.07826911658,1.0,full_hidden,1.0
subtraction_depth1_adamw,1,adamw,maximum_accuracy_reference,9000,checkpoints/subtraction_depth_1_adamw_seed_0/step_009000.pt,1.0,1.0,complete_addition_frequency_derangement,1,56,"(42,42)/(71,71)|(25,25)/(88,88)|(39,39)/(74,74)|(29,29)/(84,84)|(13,13)/(100,100)|(55,55)/(58,58)|(26,26)/(87,87)|(16,16)/(97,97)|(50,50)/(63,63)|(35,35)/(78,78)|(38,38)/(75,75)|(4,4)/(109,109)|(37,37)/(76,76)|(43,43)/(70,70)|(12,12)/(101,101)|(45,45)/(68,68)|(10,10)/(103,103)|(3,3)/(110,110)|(51,51)/(62,62)|(32,32)/(81,81)|(24,24)/(89,89)|(19,19)/(94,94)|(52,52)/(61,61)|(8,8)/(105,105)|(6,6)/(107,107)|(48,48)/(65,65)|(36,36)/(77,77)|(31,31)/(82,82)|(7,7)/(106,106)|(1,1)/(112,112)|(23,23)/(90,90)|(49,49)/(64,64)|(14,14)/(99,99)|(22,22)/(91,91)|(27,27)/(86,86)|(20,20)/(93,93)|(54,54)/(59,59)|(33,33)/(80,80)|(47,47)/(66,66)|(11,11)/(102,102)|(9,9)/(104,104)|(17,17)/(96,96)|(15,15)/(98,98)|(46,46)/(67,67)|(2,2)/(111,111)|(41,41)/(72,72)|(56,56)/(57,57)|(40,40)/(73,73)|(28,28)/(85,85)|(30,30)/(83,83)|(21,21)/(92,92)|(53,53)/(60,60)|(44,44)/(69,69)|(18,18)/(95,95)|(34,34)/(79,79)|(5,5)/(108,108)","(52,52)/(61,61)|(34,34)/(79,79)|(8,8)/(105,105)|(6,6)/(107,107)|(21,21)/(92,92)|(56,56)/(57,57)|(54,54)/(59,59)|(43,43)/(70,70)|(46,46)/(67,67)|(50,50)/(63,63)|(37,37)/(76,76)|(12,12)/(101,101)|(10,10)/(103,103)|(55,55)/(58,58)|(9,9)/(104,104)|(32,32)/(81,81)|(18,18)/(95,95)|(17,17)/(96,96)|(23,23)/(90,90)|(29,29)/(84,84)|(28,28)/(85,85)|(45,45)/(68,68)|(24,24)/(89,89)|(19,19)/(94,94)|(42,42)/(71,71)|(31,31)/(82,82)|(30,30)/(83,83)|(7,7)/(106,106)|(41,41)/(72,72)|(33,33)/(80,80)|(20,20)/(93,93)|(22,22)/(91,91)|(40,40)/(73,73)|(38,38)/(75,75)|(3,3)/(110,110)|(44,44)/(69,69)|(53,53)/(60,60)|(11,11)/(102,102)|(49,49)/(64,64)|(1,1)/(112,112)|(47,47)/(66,66)|(48,48)/(65,65)|(13,13)/(100,100)|(16,16)/(97,97)|(51,51)/(62,62)|(2,2)/(111,111)|(4,4)/(109,109)|(25,25)/(88,88)|(26,26)/(87,87)|(5,5)/(108,108)|(27,27)/(86,86)|(36,36)/(77,77)|(39,39)/(74,74)|(15,15)/(98,98)|(35,35)/(78,78)|(14,14)/(99,99)",149461.07826911658,149461.07826911658,1.0,addition_only,0.008849557489156723
subtraction_depth1_adamw,1,adamw,maximum_accuracy_reference,9000,checkpoints/subtraction_depth_1_adamw_seed_0/step_009000.pt,1.0,1.0,complete_addition_frequency_derangement,1,56,"(42,42)/(71,71)|(25,25)/(88,88)|(39,39)/(74,74)|(29,29)/(84,84)|(13,13)/(100,100)|(55,55)/(58,58)|(26,26)/(87,87)|(16,16)/(97,97)|(50,50)/(63,63)|(35,35)/(78,78)|(38,38)/(75,75)|(4,4)/(109,109)|(37,37)/(76,76)|(43,43)/(70,70)|(12,12)/(101,101)|(45,45)/(68,68)|(10,10)/(103,103)|(3,3)/(110,110)|(51,51)/(62,62)|(32,32)/(81,81)|(24,24)/(89,89)|(19,19)/(94,94)|(52,52)/(61,61)|(8,8)/(105,105)|(6,6)/(107,107)|(48,48)/(65,65)|(36,36)/(77,77)|(31,31)/(82,82)|(7,7)/(106,106)|(1,1)/(112,112)|(23,23)/(90,90)|(49,49)/(64,64)|(14,14)/(99,99)|(22,22)/(91,91)|(27,27)/(86,86)|(20,20)/(93,93)|(54,54)/(59,59)|(33,33)/(80,80)|(47,47)/(66,66)|(11,11)/(102,102)|(9,9)/(104,104)|(17,17)/(96,96)|(15,15)/(98,98)|(46,46)/(67,67)|(2,2)/(111,111)|(41,41)/(72,72)|(56,56)/(57,57)|(40,40)/(73,73)|(28,28)/(85,85)|(30,30)/(83,83)|(21,21)/(92,92)|(53,53)/(60,60)|(44,44)/(69,69)|(18,18)/(95,95)|(34,34)/(79,79)|(5,5)/(108,108)","(5,5)/(108,108)|(38,38)/(75,75)|(44,44)/(69,69)|(10,10)/(103,103)|(24,24)/(89,89)|(50,50)/(63,63)|(32,32)/(81,81)|(56,56)/(57,57)|(37,37)/(76,76)|(6,6)/(107,107)|(15,15)/(98,98)|(17,17)/(96,96)|(42,42)/(71,71)|(19,19)/(94,94)|(18,18)/(95,95)|(54,54)/(59,59)|(29,29)/(84,84)|(13,13)/(100,100)|(41,41)/(72,72)|(12,12)/(101,101)|(40,40)/(73,73)|(1,1)/(112,112)|(45,45)/(68,68)|(3,3)/(110,110)|(26,26)/(87,87)|(23,23)/(90,90)|(11,11)/(102,102)|(21,21)/(92,92)|(28,28)/(85,85)|(51,51)/(62,62)|(25,25)/(88,88)|(53,53)/(60,60)|(4,4)/(109,109)|(52,52)/(61,61)|(22,22)/(91,91)|(9,9)/(104,104)|(16,16)/(97,97)|(8,8)/(105,105)|(55,55)/(58,58)|(20,20)/(93,93)|(49,49)/(64,64)|(31,31)/(82,82)|(14,14)/(99,99)|(35,35)/(78,78)|(47,47)/(66,66)|(30,30)/(83,83)|(46,46)/(67,67)|(33,33)/(80,80)|(39,39)/(74,74)|(7,7)/(106,106)|(2,2)/(111,111)|(27,27)/(86,86)|(34,34)/(79,79)|(36,36)/(77,77)|(43,43)/(70,70)|(48,48)/(65,65)",149461.07826911658,149461.07826911658,1.0,full_hidden,1.0
subtraction_depth1_adamw,1,adamw,maximum_accuracy_reference,9000,checkpoints/subtraction_depth_1_adamw_seed_0/step_009000.pt,1.0,1.0,complete_addition_frequency_derangement,2,56,"(42,42)/(71,71)|(25,25)/(88,88)|(39,39)/(74,74)|(29,29)/(84,84)|(13,13)/(100,100)|(55,55)/(58,58)|(26,26)/(87,87)|(16,16)/(97,97)|(50,50)/(63,63)|(35,35)/(78,78)|(38,38)/(75,75)|(4,4)/(109,109)|(37,37)/(76,76)|(43,43)/(70,70)|(12,12)/(101,101)|(45,45)/(68,68)|(10,10)/(103,103)|(3,3)/(110,110)|(51,51)/(62,62)|(32,32)/(81,81)|(24,24)/(89,89)|(19,19)/(94,94)|(52,52)/(61,61)|(8,8)/(105,105)|(6,6)/(107,107)|(48,48)/(65,65)|(36,36)/(77,77)|(31,31)/(82,82)|(7,7)/(106,106)|(1,1)/(112,112)|(23,23)/(90,90)|(49,49)/(64,64)|(14,14)/(99,99)|(22,22)/(91,91)|(27,27)/(86,86)|(20,20)/(93,93)|(54,54)/(59,59)|(33,33)/(80,80)|(47,47)/(66,66)|(11,11)/(102,102)|(9,9)/(104,104)|(17,17)/(96,96)|(15,15)/(98,98)|(46,46)/(67,67)|(2,2)/(111,111)|(41,41)/(72,72)|(56,56)/(57,57)|(40,40)/(73,73)|(28,28)/(85,85)|(30,30)/(83,83)|(21,21)/(92,92)|(53,53)/(60,60)|(44,44)/(69,69)|(18,18)/(95,95)|(34,34)/(79,79)|(5,5)/(108,108)","(11,11)/(102,102)|(2,2)/(111,111)|(50,50)/(63,63)|(32,32)/(81,81)|(46,46)/(67,67)|(43,43)/(70,70)|(17,17)/(96,96)|(7,7)/(106,106)|(12,12)/(101,101)|(34,34)/(79,79)|(19,19)/(94,94)|(6,6)/(107,107)|(56,56)/(57,57)|(9,9)/(104,104)|(10,10)/(103,103)|(28,28)/(85,85)|(21,21)/(92,92)|(38,38)/(75,75)|(39,39)/(74,74)|(14,14)/(99,99)|(48,48)/(65,65)|(37,37)/(76,76)|(20,20)/(93,93)|(49,49)/(64,64)|(33,33)/(80,80)|(22,22)/(91,91)|(51,51)/(62,62)|(3,3)/(110,110)|(45,45)/(68,68)|(13,13)/(100,100)|(54,54)/(59,59)|(40,40)/(73,73)|(18,18)/(95,95)|(5,5)/(108,108)|(53,53)/(60,60)|(15,15)/(98,98)|(4,4)/(109,109)|(25,25)/(88,88)|(23,23)/(90,90)|(1,1)/(112,112)|(24,24)/(89,89)|(29,29)/(84,84)|(30,30)/(83,83)|(27,27)/(86,86)|(16,16)/(97,97)|(44,44)/(69,69)|(55,55)/(58,58)|(26,26)/(87,87)|(41,41)/(72,72)|(35,35)/(78,78)|(36,36)/(77,77)|(31,31)/(82,82)|(47,47)/(66,66)|(42,42)/(71,71)|(52,52)/(61,61)|(8,8)/(105,105)",149461.07826911658,149461.07826911658,1.0,addition_only,0.008849557489156723
subtraction_depth1_adamw,1,adamw,maximum_accuracy_reference,9000,checkpoints/subtraction_depth_1_adamw_seed_0/step_009000.pt,1.0,1.0,complete_addition_frequency_derangement,2,56,"(42,42)/(71,71)|(25,25)/(88,88)|(39,39)/(74,74)|(29,29)/(84,84)|(13,13)/(100,100)|(55,55)/(58,58)|(26,26)/(87,87)|(16,16)/(97,97)|(50,50)/(63,63)|(35,35)/(78,78)|(38,38)/(75,75)|(4,4)/(109,109)|(37,37)/(76,76)|(43,43)/(70,70)|(12,12)/(101,101)|(45,45)/(68,68)|(10,10)/(103,103)|(3,3)/(110,110)|(51,51)/(62,62)|(32,32)/(81,81)|(24,24)/(89,89)|(19,19)/(94,94)|(52,52)/(61,61)|(8,8)/(105,105)|(6,6)/(107,107)|(48,48)/(65,65)|(36,36)/(77,77)|(31,31)/(82,82)|(7,7)/(106,106)|(1,1)/(112,112)|(23,23)/(90,90)|(49,49)/(64,64)|(14,14)/(99,99)|(22,22)/(91,91)|(27,27)/(86,86)|(20,20)/(93,93)|(54,54)/(59,59)|(33,33)/(80,80)|(47,47)/(66,66)|(11,11)/(102,102)|(9,9)/(104,104)|(17,17)/(96,96)|(15,15)/(98,98)|(46,46)/(67,67)|(2,2)/(111,111)|(41,41)/(72,72)|(56,56)/(57,57)|(40,40)/(73,73)|(28,28)/(85,85)|(30,30)/(83,83)|(21,21)/(92,92)|(53,53)/(60,60)|(44,44)/(69,69)|(18,18)/(95,95)|(34,34)/(79,79)|(5,5)/(108,108)","(46,46)/(67,67)|(9,9)/(104,104)|(29,29)/(84,84)|(3,3)/(110,110)|(49,49)/(64,64)|(53,53)/(60,60)|(41,41)/(72,72)|(54,54)/(59,59)|(35,35)/(78,78)|(13,13)/(100,100)|(37,37)/(76,76)|(38,38)/(75,75)|(16,16)/(97,97)|(22,22)/(91,91)|(23,23)/(90,90)|(52,52)/(61,61)|(25,25)/(88,88)|(7,7)/(106,106)|(14,14)/(99,99)|(28,28)/(85,85)|(27,27)/(86,86)|(45,45)/(68,68)|(15,15)/(98,98)|(4,4)/(109,109)|(33,33)/(80,80)|(12,12)/(101,101)|(50,50)/(63,63)|(56,56)/(57,57)|(39,39)/(74,74)|(47,47)/(66,66)|(40,40)/(73,73)|(26,26)/(87,87)|(5,5)/(108,108)|(32,32)/(81,81)|(8,8)/(105,105)|(1,1)/(112,112)|(10,10)/(103,103)|(24,24)/(89,89)|(55,55)/(58,58)|(17,17)/(96,96)|(20,20)/(93,93)|(31,31)/(82,82)|(44,44)/(69,69)|(36,36)/(77,77)|(42,42)/(71,71)|(6,6)/(107,107)|(2,2)/(111,111)|(34,34)/(79,79)|(18,18)/(95,95)|(48,48)/(65,65)|(51,51)/(62,62)|(43,43)/(70,70)|(19,19)/(94,94)|(21,21)/(92,92)|(11,11)/(102,102)|(30,30)/(83,83)",149461.07826911658,149461.07826911658,1.0,full_hidden,1.0
subtraction_depth1_adamw,1,adamw,maximum_accuracy_reference,9000,checkpoints/subtraction_depth_1_adamw_seed_0/step_009000.pt,1.0,1.0,complete_addition_frequency_derangement,3,56,"(42,42)/(71,71)|(25,25)/(88,88)|(39,39)/(74,74)|(29,29)/(84,84)|(13,13)/(100,100)|(55,55)/(58,58)|(26,26)/(87,87)|(16,16)/(97,97)|(50,50)/(63,63)|(35,35)/(78,78)|(38,38)/(75,75)|(4,4)/(109,109)|(37,37)/(76,76)|(43,43)/(70,70)|(12,12)/(101,101)|(45,45)/(68,68)|(10,10)/(103,103)|(3,3)/(110,110)|(51,51)/(62,62)|(32,32)/(81,81)|(24,24)/(89,89)|(19,19)/(94,94)|(52,52)/(61,61)|(8,8)/(105,105)|(6,6)/(107,107)|(48,48)/(65,65)|(36,36)/(77,77)|(31,31)/(82,82)|(7,7)/(106,106)|(1,1)/(112,112)|(23,23)/(90,90)|(49,49)/(64,64)|(14,14)/(99,99)|(22,22)/(91,91)|(27,27)/(86,86)|(20,20)/(93,93)|(54,54)/(59,59)|(33,33)/(80,80)|(47,47)/(66,66)|(11,11)/(102,102)|(9,9)/(104,104)|(17,17)/(96,96)|(15,15)/(98,98)|(46,46)/(67,67)|(2,2)/(111,111)|(41,41)/(72,72)|(56,56)/(57,57)|(40,40)/(73,73)|(28,28)/(85,85)|(30,30)/(83,83)|(21,21)/(92,92)|(53,53)/(60,60)|(44,44)/(69,69)|(18,18)/(95,95)|(34,34)/(79,79)|(5,5)/(108,108)","(16,16)/(97,97)|(39,39)/(74,74)|(52,52)/(61,61)|(26,26)/(87,87)|(22,22)/(91,91)|(40,40)/(73,73)|(12,12)/(101,101)|(14,14)/(99,99)|(49,49)/(64,64)|(9,9)/(104,104)|(48,48)/(65,65)|(10,10)/(103,103)|(28,28)/(85,85)|(34,34)/(79,79)|(41,41)/(72,72)|(13,13)/(100,100)|(6,6)/(107,107)|(7,7)/(106,106)|(46,46)/(67,67)|(31,31)/(82,82)|(32,32)/(81,81)|(5,5)/(108,108)|(55,55)/(58,58)|(11,11)/(102,102)|(27,27)/(86,86)|(37,37)/(76,76)|(53,53)/(60,60)|(19,19)/(94,94)|(29,29)/(84,84)|(30,30)/(83,83)|(38,38)/(75,75)|(25,25)/(88,88)|(3,3)/(110,110)|(50,50)/(63,63)|(1,1)/(112,112)|(24,24)/(89,89)|(43,43)/(70,70)|(44,44)/(69,69)|(54,54)/(59,59)|(21,21)/(92,92)|(20,20)/(93,93)|(2,2)/(111,111)|(18,18)/(95,95)|(47,47)/(66,66)|(15,15)/(98,98)|(33,33)/(80,80)|(4,4)/(109,109)|(23,23)/(90,90)|(17,17)/(96,96)|(51,51)/(62,62)|(8,8)/(105,105)|(42,42)/(71,71)|(35,35)/(78,78)|(36,36)/(77,77)|(45,45)/(68,68)|(56,56)/(57,57)",149461.07826911658,149461.07826911658,1.0,addition_only,0.008849557489156723
subtraction_depth1_adamw,1,adamw,maximum_accuracy_reference,9000,checkpoints/subtraction_depth_1_adamw_seed_0/step_009000.pt,1.0,1.0,complete_addition_frequency_derangement,3,56,"(42,42)/(71,71)|(25,25)/(88,88)|(39,39)/(74,74)|(29,29)/(84,84)|(13,13)/(100,100)|(55,55)/(58,58)|(26,26)/(87,87)|(16,16)/(97,97)|(50,50)/(63,63)|(35,35)/(78,78)|(38,38)/(75,75)|(4,4)/(109,109)|(37,37)/(76,76)|(43,43)/(70,70)|(12,12)/(101,101)|(45,45)/(68,68)|(10,10)/(103,103)|(3,3)/(110,110)|(51,51)/(62,62)|(32,32)/(81,81)|(24,24)/(89,89)|(19,19)/(94,94)|(52,52)/(61,61)|(8,8)/(105,105)|(6,6)/(107,107)|(48,48)/(65,65)|(36,36)/(77,77)|(31,31)/(82,82)|(7,7)/(106,106)|(1,1)/(112,112)|(23,23)/(90,90)|(49,49)/(64,64)|(14,14)/(99,99)|(22,22)/(91,91)|(27,27)/(86,86)|(20,20)/(93,93)|(54,54)/(59,59)|(33,33)/(80,80)|(47,47)/(66,66)|(11,11)/(102,102)|(9,9)/(104,104)|(17,17)/(96,96)|(15,15)/(98,98)|(46,46)/(67,67)|(2,2)/(111,111)|(41,41)/(72,72)|(56,56)/(57,57)|(40,40)/(73,73)|(28,28)/(85,85)|(30,30)/(83,83)|(21,21)/(92,92)|(53,53)/(60,60)|(44,44)/(69,69)|(18,18)/(95,95)|(34,34)/(79,79)|(5,5)/(108,108)","(41,41)/(72,72)|(26,26)/(87,87)|(7,7)/(106,106)|(34,34)/(79,79)|(38,38)/(75,75)|(13,13)/(100,100)|(28,28)/(85,85)|(8,8)/(105,105)|(18,18)/(95,95)|(46,46)/(67,67)|(14,14)/(99,99)|(20,20)/(93,93)|(35,35)/(78,78)|(25,25)/(88,88)|(48,48)/(65,65)|(33,33)/(80,80)|(45,45)/(68,68)|(50,50)/(63,63)|(39,39)/(74,74)|(23,23)/(90,90)|(29,29)/(84,84)|(30,30)/(83,83)|(32,32)/(81,81)|(10,10)/(103,103)|(12,12)/(101,101)|(56,56)/(57,57)|(1,1)/(112,112)|(16,16)/(97,97)|(55,55)/(58,58)|(6,6)/(107,107)|(5,5)/(108,108)|(9,9)/(104,104)|(3,3)/(110,110)|(15,15)/(98,98)|(53,53)/(60,60)|(47,47)/(66,66)|(44,44)/(69,69)|(40,40)/(73,73)|(19,19)/(94,94)|(51,51)/(62,62)|(2,2)/(111,111)|(22,22)/(91,91)|(17,17)/(96,96)|(4,4)/(109,109)|(37,37)/(76,76)|(24,24)/(89,89)|(43,43)/(70,70)|(52,52)/(61,61)|(11,11)/(102,102)|(31,31)/(82,82)|(49,49)/(64,64)|(36,36)/(77,77)|(42,42)/(71,71)|(21,21)/(92,92)|(54,54)/(59,59)|(27,27)/(86,86)",149461.07826911658,149461.07826911658,1.0,full_hidden,1.0
subtraction_depth1_adamw,1,adamw,maximum_accuracy_reference,9000,checkpoints/subtraction_depth_1_adamw_seed_0/step_009000.pt,1.0,1.0,complete_addition_frequency_derangement,4,56,"(42,42)/(71,71)|(25,25)/(88,88)|(39,39)/(74,74)|(29,29)/(84,84)|(13,13)/(100,100)|(55,55)/(58,58)|(26,26)/(87,87)|(16,16)/(97,97)|(50,50)/(63,63)|(35,35)/(78,78)|(38,38)/(75,75)|(4,4)/(109,109)|(37,37)/(76,76)|(43,43)/(70,70)|(12,12)/(101,101)|(45,45)/(68,68)|(10,10)/(103,103)|(3,3)/(110,110)|(51,51)/(62,62)|(32,32)/(81,81)|(24,24)/(89,89)|(19,19)/(94,94)|(52,52)/(61,61)|(8,8)/(105,105)|(6,6)/(107,107)|(48,48)/(65,65)|(36,36)/(77,77)|(31,31)/(82,82)|(7,7)/(106,106)|(1,1)/(112,112)|(23,23)/(90,90)|(49,49)/(64,64)|(14,14)/(99,99)|(22,22)/(91,91)|(27,27)/(86,86)|(20,20)/(93,93)|(54,54)/(59,59)|(33,33)/(80,80)|(47,47)/(66,66)|(11,11)/(102,102)|(9,9)/(104,104)|(17,17)/(96,96)|(15,15)/(98,98)|(46,46)/(67,67)|(2,2)/(111,111)|(41,41)/(72,72)|(56,56)/(57,57)|(40,40)/(73,73)|(28,28)/(85,85)|(30,30)/(83,83)|(21,21)/(92,92)|(53,53)/(60,60)|(44,44)/(69,69)|(18,18)/(95,95)|(34,34)/(79,79)|(5,5)/(108,108)","(43,43)/(70,70)|(5,5)/(108,108)|(34,34)/(79,79)|(7,7)/(106,106)|(2,2)/(111,111)|(17,17)/(96,96)|(46,46)/(67,67)|(54,54)/(59,59)|(40,40)/(73,73)|(30,30)/(83,83)|(1,1)/(112,112)|(35,35)/(78,78)|(11,11)/(102,102)|(6,6)/(107,107)|(9,9)/(104,104)|(51,51)/(62,62)|(36,36)/(77,77)|(33,33)/(80,80)|(14,14)/(99,99)|(42,42)/(71,71)|(41,41)/(72,72)|(4,4)/(109,109)|(15,15)/(98,98)|(28,28)/(85,85)|(13,13)/(100,100)|(20,20)/(93,93)|(47,47)/(66,66)|(23,23)/(90,90)|(24,24)/(89,89)|(10,10)/(103,103)|(32,32)/(81,81)|(45,45)/(68,68)|(37,37)/(76,76)|(16,16)/(97,97)|(19,19)/(94,94)|(18,18)/(95,95)|(27,27)/(86,86)|(12,12)/(101,101)|(52,52)/(61,61)|(55,55)/(58,58)|(48,48)/(65,65)|(49,49)/(64,64)|(25,25)/(88,88)|(8,8)/(105,105)|(50,50)/(63,63)|(53,53)/(60,60)|(26,26)/(87,87)|(31,31)/(82,82)|(29,29)/(84,84)|(39,39)/(74,74)|(44,44)/(69,69)|(3,3)/(110,110)|(38,38)/(75,75)|(56,56)/(57,57)|(22,22)/(91,91)|(21,21)/(92,92)",149461.07826911658,149461.07826911658,1.0,addition_only,0.008849557489156723
subtraction_depth1_adamw,1,adamw,maximum_accuracy_reference,9000,checkpoints/subtraction_depth_1_adamw_seed_0/step_009000.pt,1.0,1.0,complete_addition_frequency_derangement,4,56,"(42,42)/(71,71)|(25,25)/(88,88)|(39,39)/(74,74)|(29,29)/(84,84)|(13,13)/(100,100)|(55,55)/(58,58)|(26,26)/(87,87)|(16,16)/(97,97)|(50,50)/(63,63)|(35,35)/(78,78)|(38,38)/(75,75)|(4,4)/(109,109)|(37,37)/(76,76)|(43,43)/(70,70)|(12,12)/(101,101)|(45,45)/(68,68)|(10,10)/(103,103)|(3,3)/(110,110)|(51,51)/(62,62)|(32,32)/(81,81)|(24,24)/(89,89)|(19,19)/(94,94)|(52,52)/(61,61)|(8,8)/(105,105)|(6,6)/(107,107)|(48,48)/(65,65)|(36,36)/(77,77)|(31,31)/(82,82)|(7,7)/(106,106)|(1,1)/(112,112)|(23,23)/(90,90)|(49,49)/(64,64)|(14,14)/(99,99)|(22,22)/(91,91)|(27,27)/(86,86)|(20,20)/(93,93)|(54,54)/(59,59)|(33,33)/(80,80)|(47,47)/(66,66)|(11,11)/(102,102)|(9,9)/(104,104)|(17,17)/(96,96)|(15,15)/(98,98)|(46,46)/(67,67)|(2,2)/(111,111)|(41,41)/(72,72)|(56,56)/(57,57)|(40,40)/(73,73)|(28,28)/(85,85)|(30,30)/(83,83)|(21,21)/(92,92)|(53,53)/(60,60)|(44,44)/(69,69)|(18,18)/(95,95)|(34,34)/(79,79)|(5,5)/(108,108)","(55,55)/(58,58)|(48,48)/(65,65)|(22,22)/(91,91)|(43,43)/(70,70)|(31,31)/(82,82)|(42,42)/(71,71)|(25,25)/(88,88)|(8,8)/(105,105)|(23,23)/(90,90)|(1,1)/(112,112)|(47,47)/(66,66)|(36,36)/(77,77)|(49,49)/(64,64)|(14,14)/(99,99)|(5,5)/(108,108)|(16,16)/(97,97)|(45,45)/(68,68)|(54,54)/(59,59)|(34,34)/(79,79)|(29,29)/(84,84)|(11,11)/(102,102)|(52,52)/(61,61)|(10,10)/(103,103)|(56,56)/(57,57)|(7,7)/(106,106)|(27,27)/(86,86)|(24,24)/(89,89)|(53,53)/(60,60)|(3,3)/(110,110)|(46,46)/(67,67)|(35,35)/(78,78)|(51,51)/(62,62)|(13,13)/(100,100)|(41,41)/(72,72)|(6,6)/(107,107)|(38,38)/(75,75)|(21,21)/(92,92)|(30,30)/(83,83)|(17,17)/(96,96)|(50,50)/(63,63)|(40,40)/(73,73)|(18,18)/(95,95)|(4,4)/(109,109)|(44,44)/(69,69)|(33,33)/(80,80)|(19,19)/(94,94)|(12,12)/(101,101)|(26,26)/(87,87)|(32,32)/(81,81)|(39,39)/(74,74)|(9,9)/(104,104)|(28,28)/(85,85)|(15,15)/(98,98)|(2,2)/(111,111)|(20,20)/(93,93)|(37,37)/(76,76)",149461.07826911658,149461.07826911658,1.0,full_hidden,1.0
subtraction_depth1_adamw,1,adamw,maximum_accuracy_reference,9000,checkpoints/subtraction_depth_1_adamw_seed_0/step_009000.pt,1.0,1.0,complete_addition_frequency_derangement,5,56,"(42,42)/(71,71)|(25,25)/(88,88)|(39,39)/(74,74)|(29,29)/(84,84)|(13,13)/(100,100)|(55,55)/(58,58)|(26,26)/(87,87)|(16,16)/(97,97)|(50,50)/(63,63)|(35,35)/(78,78)|(38,38)/(75,75)|(4,4)/(109,109)|(37,37)/(76,76)|(43,43)/(70,70)|(12,12)/(101,101)|(45,45)/(68,68)|(10,10)/(103,103)|(3,3)/(110,110)|(51,51)/(62,62)|(32,32)/(81,81)|(24,24)/(89,89)|(19,19)/(94,94)|(52,52)/(61,61)|(8,8)/(105,105)|(6,6)/(107,107)|(48,48)/(65,65)|(36,36)/(77,77)|(31,31)/(82,82)|(7,7)/(106,106)|(1,1)/(112,112)|(23,23)/(90,90)|(49,49)/(64,64)|(14,14)/(99,99)|(22,22)/(91,91)|(27,27)/(86,86)|(20,20)/(93,93)|(54,54)/(59,59)|(33,33)/(80,80)|(47,47)/(66,66)|(11,11)/(102,102)|(9,9)/(104,104)|(17,17)/(96,96)|(15,15)/(98,98)|(46,46)/(67,67)|(2,2)/(111,111)|(41,41)/(72,72)|(56,56)/(57,57)|(40,40)/(73,73)|(28,28)/(85,85)|(30,30)/(83,83)|(21,21)/(92,92)|(53,53)/(60,60)|(44,44)/(69,69)|(18,18)/(95,95)|(34,34)/(79,79)|(5,5)/(108,108)","(54,54)/(59,59)|(55,55)/(58,58)|(13,13)/(100,100)|(20,20)/(93,93)|(31,31)/(82,82)|(56,56)/(57,57)|(45,45)/(68,68)|(29,29)/(84,84)|(14,14)/(99,99)|(6,6)/(107,107)|(24,24)/(89,89)|(26,26)/(87,87)|(5,5)/(108,108)|(4,4)/(109,109)|(2,2)/(111,111)|(15,15)/(98,98)|(47,47)/(66,66)|(36,36)/(77,77)|(3,3)/(110,110)|(30,30)/(83,83)|(12,12)/(101,101)|(33,33)/(80,80)|(25,25)/(88,88)|(11,11)/(102,102)|(28,28)/(85,85)|(21,21)/(92,92)|(50,50)/(63,63)|(7,7)/(106,106)|(9,9)/(104,104)|(34,34)/(79,79)|(18,18)/(95,95)|(19,19)/(94,94)|(35,35)/(78,78)|(10,10)/(103,103)|(53,53)/(60,60)|(48,48)/(65,65)|(23,23)/(90,90)|(49,49)/(64,64)|(40,40)/(73,73)|(44,44)/(69,69)|(17,17)/(96,96)|(52,52)/(61,61)|(38,38)/(75,75)|(22,22)/(91,91)|(32,32)/(81,81)|(27,27)/(86,86)|(37,37)/(76,76)|(8,8)/(105,105)|(41,41)/(72,72)|(42,42)/(71,71)|(39,39)/(74,74)|(46,46)/(67,67)|(51,51)/(62,62)|(1,1)/(112,112)|(16,16)/(97,97)|(43,43)/(70,70)",149461.07826911658,149461.07826911658,1.0,addition_only,0.008849557489156723
subtraction_depth1_adamw,1,adamw,maximum_accuracy_reference,9000,checkpoints/subtraction_depth_1_adamw_seed_0/step_009000.pt,1.0,1.0,complete_addition_frequency_derangement,5,56,"(42,42)/(71,71)|(25,25)/(88,88)|(39,39)/(74,74)|(29,29)/(84,84)|(13,13)/(100,100)|(55,55)/(58,58)|(26,26)/(87,87)|(16,16)/(97,97)|(50,50)/(63,63)|(35,35)/(78,78)|(38,38)/(75,75)|(4,4)/(109,109)|(37,37)/(76,76)|(43,43)/(70,70)|(12,12)/(101,101)|(45,45)/(68,68)|(10,10)/(103,103)|(3,3)/(110,110)|(51,51)/(62,62)|(32,32)/(81,81)|(24,24)/(89,89)|(19,19)/(94,94)|(52,52)/(61,61)|(8,8)/(105,105)|(6,6)/(107,107)|(48,48)/(65,65)|(36,36)/(77,77)|(31,31)/(82,82)|(7,7)/(106,106)|(1,1)/(112,112)|(23,23)/(90,90)|(49,49)/(64,64)|(14,14)/(99,99)|(22,22)/(91,91)|(27,27)/(86,86)|(20,20)/(93,93)|(54,54)/(59,59)|(33,33)/(80,80)|(47,47)/(66,66)|(11,11)/(102,102)|(9,9)/(104,104)|(17,17)/(96,96)|(15,15)/(98,98)|(46,46)/(67,67)|(2,2)/(111,111)|(41,41)/(72,72)|(56,56)/(57,57)|(40,40)/(73,73)|(28,28)/(85,85)|(30,30)/(83,83)|(21,21)/(92,92)|(53,53)/(60,60)|(44,44)/(69,69)|(18,18)/(95,95)|(34,34)/(79,79)|(5,5)/(108,108)","(32,32)/(81,81)|(54,54)/(59,59)|(40,40)/(73,73)|(36,36)/(77,77)|(56,56)/(57,57)|(16,16)/(97,97)|(18,18)/(95,95)|(43,43)/(70,70)|(12,12)/(101,101)|(17,17)/(96,96)|(4,4)/(109,109)|(30,30)/(83,83)|(45,45)/(68,68)|(53,53)/(60,60)|(26,26)/(87,87)|(50,50)/(63,63)|(9,9)/(104,104)|(24,24)/(89,89)|(6,6)/(107,107)|(41,41)/(72,72)|(37,37)/(76,76)|(7,7)/(106,106)|(51,51)/(62,62)|(22,22)/(91,91)|(3,3)/(110,110)|(35,35)/(78,78)|(23,23)/(90,90)|(15,15)/(98,98)|(31,31)/(82,82)|(52,52)/(61,61)|(48,48)/(65,65)|(28,28)/(85,85)|(8,8)/(105,105)|(1,1)/(112,112)|(11,11)/(102,102)|(2,2)/(111,111)|(14,14)/(99,99)|(5,5)/(108,108)|(46,46)/(67,67)|(42,42)/(71,71)|(27,27)/(86,86)|(20,20)/(93,93)|(10,10)/(103,103)|(29,29)/(84,84)|(34,34)/(79,79)|(44,44)/(69,69)|(39,39)/(74,74)|(25,25)/(88,88)|(33,33)/(80,80)|(21,21)/(92,92)|(38,38)/(75,75)|(19,19)/(94,94)|(49,49)/(64,64)|(47,47)/(66,66)|(55,55)/(58,58)|(13,13)/(100,100)",149461.07826911658,149461.07826911658,1.0,full_hidden,1.0
subtraction_depth1_adamw,1,adamw,maximum_accuracy_reference,9000,checkpoints/subtraction_depth_1_adamw_seed_0/step_009000.pt,1.0,1.0,complete_addition_frequency_derangement,6,56,"(42,42)/(71,71)|(25,25)/(88,88)|(39,39)/(74,74)|(29,29)/(84,84)|(13,13)/(100,100)|(55,55)/(58,58)|(26,26)/(87,87)|(16,16)/(97,97)|(50,50)/(63,63)|(35,35)/(78,78)|(38,38)/(75,75)|(4,4)/(109,109)|(37,37)/(76,76)|(43,43)/(70,70)|(12,12)/(101,101)|(45,45)/(68,68)|(10,10)/(103,103)|(3,3)/(110,110)|(51,51)/(62,62)|(32,32)/(81,81)|(24,24)/(89,89)|(19,19)/(94,94)|(52,52)/(61,61)|(8,8)/(105,105)|(6,6)/(107,107)|(48,48)/(65,65)|(36,36)/(77,77)|(31,31)/(82,82)|(7,7)/(106,106)|(1,1)/(112,112)|(23,23)/(90,90)|(49,49)/(64,64)|(14,14)/(99,99)|(22,22)/(91,91)|(27,27)/(86,86)|(20,20)/(93,93)|(54,54)/(59,59)|(33,33)/(80,80)|(47,47)/(66,66)|(11,11)/(102,102)|(9,9)/(104,104)|(17,17)/(96,96)|(15,15)/(98,98)|(46,46)/(67,67)|(2,2)/(111,111)|(41,41)/(72,72)|(56,56)/(57,57)|(40,40)/(73,73)|(28,28)/(85,85)|(30,30)/(83,83)|(21,21)/(92,92)|(53,53)/(60,60)|(44,44)/(69,69)|(18,18)/(95,95)|(34,34)/(79,79)|(5,5)/(108,108)","(49,49)/(64,64)|(47,47)/(66,66)|(35,35)/(78,78)|(44,44)/(69,69)|(14,14)/(99,99)|(17,17)/(96,96)|(5,5)/(108,108)|(53,53)/(60,60)|(9,9)/(104,104)|(29,29)/(84,84)|(2,2)/(111,111)|(15,15)/(98,98)|(55,55)/(58,58)|(10,10)/(103,103)|(26,26)/(87,87)|(42,42)/(71,71)|(11,11)/(102,102)|(31,31)/(82,82)|(22,22)/(91,91)|(23,23)/(90,90)|(1,1)/(112,112)|(30,30)/(83,83)|(45,45)/(68,68)|(28,28)/(85,85)|(38,38)/(75,75)|(27,27)/(86,86)|(25,25)/(88,88)|(3,3)/(110,110)|(52,52)/(61,61)|(33,33)/(80,80)|(34,34)/(79,79)|(36,36)/(77,77)|(39,39)/(74,74)|(50,50)/(63,63)|(54,54)/(59,59)|(56,56)/(57,57)|(8,8)/(105,105)|(7,7)/(106,106)|(46,46)/(67,67)|(18,18)/(95,95)|(21,21)/(92,92)|(19,19)/(94,94)|(20,20)/(93,93)|(6,6)/(107,107)|(16,16)/(97,97)|(40,40)/(73,73)|(37,37)/(76,76)|(43,43)/(70,70)|(12,12)/(101,101)|(4,4)/(109,109)|(41,41)/(72,72)|(13,13)/(100,100)|(48,48)/(65,65)|(24,24)/(89,89)|(51,51)/(62,62)|(32,32)/(81,81)",149461.07826911658,149461.07826911658,1.0,addition_only,0.008849557489156723
subtraction_depth1_adamw,1,adamw,maximum_accuracy_reference,9000,checkpoints/subtraction_depth_1_adamw_seed_0/step_009000.pt,1.0,1.0,complete_addition_frequency_derangement,6,56,"(42,42)/(71,71)|(25,25)/(88,88)|(39,39)/(74,74)|(29,29)/(84,84)|(13,13)/(100,100)|(55,55)/(58,58)|(26,26)/(87,87)|(16,16)/(97,97)|(50,50)/(63,63)|(35,35)/(78,78)|(38,38)/(75,75)|(4,4)/(109,109)|(37,37)/(76,76)|(43,43)/(70,70)|(12,12)/(101,101)|(45,45)/(68,68)|(10,10)/(103,103)|(3,3)/(110,110)|(51,51)/(62,62)|(32,32)/(81,81)|(24,24)/(89,89)|(19,19)/(94,94)|(52,52)/(61,61)|(8,8)/(105,105)|(6,6)/(107,107)|(48,48)/(65,65)|(36,36)/(77,77)|(31,31)/(82,82)|(7,7)/(106,106)|(1,1)/(112,112)|(23,23)/(90,90)|(49,49)/(64,64)|(14,14)/(99,99)|(22,22)/(91,91)|(27,27)/(86,86)|(20,20)/(93,93)|(54,54)/(59,59)|(33,33)/(80,80)|(47,47)/(66,66)|(11,11)/(102,102)|(9,9)/(104,104)|(17,17)/(96,96)|(15,15)/(98,98)|(46,46)/(67,67)|(2,2)/(111,111)|(41,41)/(72,72)|(56,56)/(57,57)|(40,40)/(73,73)|(28,28)/(85,85)|(30,30)/(83,83)|(21,21)/(92,92)|(53,53)/(60,60)|(44,44)/(69,69)|(18,18)/(95,95)|(34,34)/(79,79)|(5,5)/(108,108)","(34,34)/(79,79)|(42,42)/(71,71)|(40,40)/(73,73)|(52,52)/(61,61)|(6,6)/(107,107)|(14,14)/(99,99)|(28,28)/(85,85)|(24,24)/(89,89)|(48,48)/(65,65)|(8,8)/(105,105)|(56,56)/(57,57)|(33,33)/(80,80)|(11,11)/(102,102)|(13,13)/(100,100)|(43,43)/(70,70)|(54,54)/(59,59)|(12,12)/(101,101)|(30,30)/(83,83)|(22,22)/(91,91)|(35,35)/(78,78)|(19,19)/(94,94)|(4,4)/(109,109)|(10,10)/(103,103)|(45,45)/(68,68)|(50,50)/(63,63)|(16,16)/(97,97)|(44,44)/(69,69)|(53,53)/(60,60)|(21,21)/(92,92)|(38,38)/(75,75)|(26,26)/(87,87)|(15,15)/(98,98)|(32,32)/(81,81)|(51,51)/(62,62)|(55,55)/(58,58)|(3,3)/(110,110)|(25,25)/(88,88)|(23,23)/(90,90)|(5,5)/(108,108)|(46,46)/(67,67)|(17,17)/(96,96)|(47,47)/(66,66)|(2,2)/(111,111)|(1,1)/(112,112)|(31,31)/(82,82)|(7,7)/(106,106)|(39,39)/(74,74)|(36,36)/(77,77)|(41,41)/(72,72)|(49,49)/(64,64)|(29,29)/(84,84)|(9,9)/(104,104)|(18,18)/(95,95)|(27,27)/(86,86)|(37,37)/(76,76)|(20,20)/(93,93)",149461.07826911658,149461.07826911658,1.0,full_hidden,1.0
subtraction_depth1_adamw,1,adamw,maximum_accuracy_reference,9000,checkpoints/subtraction_depth_1_adamw_seed_0/step_009000.pt,1.0,1.0,complete_addition_frequency_derangement,7,56,"(42,42)/(71,71)|(25,25)/(88,88)|(39,39)/(74,74)|(29,29)/(84,84)|(13,13)/(100,100)|(55,55)/(58,58)|(26,26)/(87,87)|(16,16)/(97,97)|(50,50)/(63,63)|(35,35)/(78,78)|(38,38)/(75,75)|(4,4)/(109,109)|(37,37)/(76,76)|(43,43)/(70,70)|(12,12)/(101,101)|(45,45)/(68,68)|(10,10)/(103,103)|(3,3)/(110,110)|(51,51)/(62,62)|(32,32)/(81,81)|(24,24)/(89,89)|(19,19)/(94,94)|(52,52)/(61,61)|(8,8)/(105,105)|(6,6)/(107,107)|(48,48)/(65,65)|(36,36)/(77,77)|(31,31)/(82,82)|(7,7)/(106,106)|(1,1)/(112,112)|(23,23)/(90,90)|(49,49)/(64,64)|(14,14)/(99,99)|(22,22)/(91,91)|(27,27)/(86,86)|(20,20)/(93,93)|(54,54)/(59,59)|(33,33)/(80,80)|(47,47)/(66,66)|(11,11)/(102,102)|(9,9)/(104,104)|(17,17)/(96,96)|(15,15)/(98,98)|(46,46)/(67,67)|(2,2)/(111,111)|(41,41)/(72,72)|(56,56)/(57,57)|(40,40)/(73,73)|(28,28)/(85,85)|(30,30)/(83,83)|(21,21)/(92,92)|(53,53)/(60,60)|(44,44)/(69,69)|(18,18)/(95,95)|(34,34)/(79,79)|(5,5)/(108,108)","(19,19)/(94,94)|(40,40)/(73,73)|(41,41)/(72,72)|(52,52)/(61,61)|(3,3)/(110,110)|(27,27)/(86,86)|(29,29)/(84,84)|(14,14)/(99,99)|(26,26)/(87,87)|(2,2)/(111,111)|(31,31)/(82,82)|(49,49)/(64,64)|(51,51)/(62,62)|(20,20)/(93,93)|(39,39)/(74,74)|(34,34)/(79,79)|(45,45)/(68,68)|(12,12)/(101,101)|(33,33)/(80,80)|(21,21)/(92,92)|(50,50)/(63,63)|(54,54)/(59,59)|(16,16)/(97,97)|(48,48)/(65,65)|(56,56)/(57,57)|(37,37)/(76,76)|(46,46)/(67,67)|(53,53)/(60,60)|(24,24)/(89,89)|(30,30)/(83,83)|(7,7)/(106,106)|(23,23)/(90,90)|(8,8)/(105,105)|(25,25)/(88,88)|(55,55)/(58,58)|(38,38)/(75,75)|(4,4)/(109,109)|(28,28)/(85,85)|(15,15)/(98,98)|(5,5)/(108,108)|(18,18)/(95,95)|(6,6)/(107,107)|(44,44)/(69,69)|(35,35)/(78,78)|(17,17)/(96,96)|(10,10)/(103,103)|(36,36)/(77,77)|(32,32)/(81,81)|(47,47)/(66,66)|(9,9)/(104,104)|(22,22)/(91,91)|(13,13)/(100,100)|(43,43)/(70,70)|(1,1)/(112,112)|(11,11)/(102,102)|(42,42)/(71,71)",149461.07826911658,149461.07826911658,1.0,addition_only,0.008849557489156723
subtraction_depth1_adamw,1,adamw,maximum_accuracy_reference,9000,checkpoints/subtraction_depth_1_adamw_seed_0/step_009000.pt,1.0,1.0,complete_addition_frequency_derangement,7,56,"(42,42)/(71,71)|(25,25)/(88,88)|(39,39)/(74,74)|(29,29)/(84,84)|(13,13)/(100,100)|(55,55)/(58,58)|(26,26)/(87,87)|(16,16)/(97,97)|(50,50)/(63,63)|(35,35)/(78,78)|(38,38)/(75,75)|(4,4)/(109,109)|(37,37)/(76,76)|(43,43)/(70,70)|(12,12)/(101,101)|(45,45)/(68,68)|(10,10)/(103,103)|(3,3)/(110,110)|(51,51)/(62,62)|(32,32)/(81,81)|(24,24)/(89,89)|(19,19)/(94,94)|(52,52)/(61,61)|(8,8)/(105,105)|(6,6)/(107,107)|(48,48)/(65,65)|(36,36)/(77,77)|(31,31)/(82,82)|(7,7)/(106,106)|(1,1)/(112,112)|(23,23)/(90,90)|(49,49)/(64,64)|(14,14)/(99,99)|(22,22)/(91,91)|(27,27)/(86,86)|(20,20)/(93,93)|(54,54)/(59,59)|(33,33)/(80,80)|(47,47)/(66,66)|(11,11)/(102,102)|(9,9)/(104,104)|(17,17)/(96,96)|(15,15)/(98,98)|(46,46)/(67,67)|(2,2)/(111,111)|(41,41)/(72,72)|(56,56)/(57,57)|(40,40)/(73,73)|(28,28)/(85,85)|(30,30)/(83,83)|(21,21)/(92,92)|(53,53)/(60,60)|(44,44)/(69,69)|(18,18)/(95,95)|(34,34)/(79,79)|(5,5)/(108,108)","(8,8)/(105,105)|(54,54)/(59,59)|(22,22)/(91,91)|(49,49)/(64,64)|(38,38)/(75,75)|(14,14)/(99,99)|(23,23)/(90,90)|(26,26)/(87,87)|(32,32)/(81,81)|(12,12)/(101,101)|(33,33)/(80,80)|(18,18)/(95,95)|(51,51)/(62,62)|(30,30)/(83,83)|(28,28)/(85,85)|(43,43)/(70,70)|(11,11)/(102,102)|(27,27)/(86,86)|(31,31)/(82,82)|(3,3)/(110,110)|(42,42)/(71,71)|(56,56)/(57,57)|(50,50)/(63,63)|(36,36)/(77,77)|(1,1)/(112,112)|(37,37)/(76,76)|(2,2)/(111,111)|(4,4)/(109,109)|(55,55)/(58,58)|(21,21)/(92,92)|(29,29)/(84,84)|(35,35)/(78,78)|(7,7)/(106,106)|(53,53)/(60,60)|(34,34)/(79,79)|(19,19)/(94,94)|(9,9)/(104,104)|(5,5)/(108,108)|(6,6)/(107,107)|(45,45)/(68,68)|(10,10)/(103,103)|(20,20)/(93,93)|(16,16)/(97,97)|(39,39)/(74,74)|(24,24)/(89,89)|(52,52)/(61,61)|(15,15)/(98,98)|(41,41)/(72,72)|(17,17)/(96,96)|(47,47)/(66,66)|(46,46)/(67,67)|(48,48)/(65,65)|(25,25)/(88,88)|(13,13)/(100,100)|(44,44)/(69,69)|(40,40)/(73,73)",149461.07826911658,149461.07826911658,1.0,full_hidden,1.0
subtraction_depth1_adamw,1,adamw,maximum_accuracy_reference,9000,checkpoints/subtraction_depth_1_adamw_seed_0/step_009000.pt,1.0,1.0,complete_addition_frequency_derangement,8,56,"(42,42)/(71,71)|(25,25)/(88,88)|(39,39)/(74,74)|(29,29)/(84,84)|(13,13)/(100,100)|(55,55)/(58,58)|(26,26)/(87,87)|(16,16)/(97,97)|(50,50)/(63,63)|(35,35)/(78,78)|(38,38)/(75,75)|(4,4)/(109,109)|(37,37)/(76,76)|(43,43)/(70,70)|(12,12)/(101,101)|(45,45)/(68,68)|(10,10)/(103,103)|(3,3)/(110,110)|(51,51)/(62,62)|(32,32)/(81,81)|(24,24)/(89,89)|(19,19)/(94,94)|(52,52)/(61,61)|(8,8)/(105,105)|(6,6)/(107,107)|(48,48)/(65,65)|(36,36)/(77,77)|(31,31)/(82,82)|(7,7)/(106,106)|(1,1)/(112,112)|(23,23)/(90,90)|(49,49)/(64,64)|(14,14)/(99,99)|(22,22)/(91,91)|(27,27)/(86,86)|(20,20)/(93,93)|(54,54)/(59,59)|(33,33)/(80,80)|(47,47)/(66,66)|(11,11)/(102,102)|(9,9)/(104,104)|(17,17)/(96,96)|(15,15)/(98,98)|(46,46)/(67,67)|(2,2)/(111,111)|(41,41)/(72,72)|(56,56)/(57,57)|(40,40)/(73,73)|(28,28)/(85,85)|(30,30)/(83,83)|(21,21)/(92,92)|(53,53)/(60,60)|(44,44)/(69,69)|(18,18)/(95,95)|(34,34)/(79,79)|(5,5)/(108,108)","(22,22)/(91,91)|(21,21)/(92,92)|(43,43)/(70,70)|(14,14)/(99,99)|(8,8)/(105,105)|(24,24)/(89,89)|(39,39)/(74,74)|(31,31)/(82,82)|(9,9)/(104,104)|(20,20)/(93,93)|(53,53)/(60,60)|(55,55)/(58,58)|(40,40)/(73,73)|(26,26)/(87,87)|(4,4)/(109,109)|(7,7)/(106,106)|(37,37)/(76,76)|(51,51)/(62,62)|(1,1)/(112,112)|(11,11)/(102,102)|(15,15)/(98,98)|(47,47)/(66,66)|(2,2)/(111,111)|(30,30)/(83,83)|(48,48)/(65,65)|(56,56)/(57,57)|(18,18)/(95,95)|(46,46)/(67,67)|(19,19)/(94,94)|(3,3)/(110,110)|(52,52)/(61,61)|(35,35)/(78,78)|(36,36)/(77,77)|(49,49)/(64,64)|(17,17)/(96,96)|(38,38)/(75,75)|(12,12)/(101,101)|(28,28)/(85,85)|(6,6)/(107,107)|(29,29)/(84,84)|(27,27)/(86,86)|(32,32)/(81,81)|(41,41)/(72,72)|(13,13)/(100,100)|(42,42)/(71,71)|(25,25)/(88,88)|(5,5)/(108,108)|(33,33)/(80,80)|(34,34)/(79,79)|(44,44)/(69,69)|(23,23)/(90,90)|(45,45)/(68,68)|(16,16)/(97,97)|(50,50)/(63,63)|(54,54)/(59,59)|(10,10)/(103,103)",149461.07826911658,149461.07826911658,1.0,addition_only,0.008849557489156723
subtraction_depth1_adamw,1,adamw,maximum_accuracy_reference,9000,checkpoints/subtraction_depth_1_adamw_seed_0/step_009000.pt,1.0,1.0,complete_addition_frequency_derangement,8,56,"(42,42)/(71,71)|(25,25)/(88,88)|(39,39)/(74,74)|(29,29)/(84,84)|(13,13)/(100,100)|(55,55)/(58,58)|(26,26)/(87,87)|(16,16)/(97,97)|(50,50)/(63,63)|(35,35)/(78,78)|(38,38)/(75,75)|(4,4)/(109,109)|(37,37)/(76,76)|(43,43)/(70,70)|(12,12)/(101,101)|(45,45)/(68,68)|(10,10)/(103,103)|(3,3)/(110,110)|(51,51)/(62,62)|(32,32)/(81,81)|(24,24)/(89,89)|(19,19)/(94,94)|(52,52)/(61,61)|(8,8)/(105,105)|(6,6)/(107,107)|(48,48)/(65,65)|(36,36)/(77,77)|(31,31)/(82,82)|(7,7)/(106,106)|(1,1)/(112,112)|(23,23)/(90,90)|(49,49)/(64,64)|(14,14)/(99,99)|(22,22)/(91,91)|(27,27)/(86,86)|(20,20)/(93,93)|(54,54)/(59,59)|(33,33)/(80,80)|(47,47)/(66,66)|(11,11)/(102,102)|(9,9)/(104,104)|(17,17)/(96,96)|(15,15)/(98,98)|(46,46)/(67,67)|(2,2)/(111,111)|(41,41)/(72,72)|(56,56)/(57,57)|(40,40)/(73,73)|(28,28)/(85,85)|(30,30)/(83,83)|(21,21)/(92,92)|(53,53)/(60,60)|(44,44)/(69,69)|(18,18)/(95,95)|(34,34)/(79,79)|(5,5)/(108,108)","(36,36)/(77,77)|(16,16)/(97,97)|(20,20)/(93,93)|(48,48)/(65,65)|(53,53)/(60,60)|(47,47)/(66,66)|(1,1)/(112,112)|(42,42)/(71,71)|(32,32)/(81,81)|(27,27)/(86,86)|(43,43)/(70,70)|(8,8)/(105,105)|(7,7)/(106,106)|(14,14)/(99,99)|(31,31)/(82,82)|(30,30)/(83,83)|(12,12)/(101,101)|(15,15)/(98,98)|(21,21)/(92,92)|(35,35)/(78,78)|(33,33)/(80,80)|(34,34)/(79,79)|(38,38)/(75,75)|(6,6)/(107,107)|(40,40)/(73,73)|(25,25)/(88,88)|(10,10)/(103,103)|(56,56)/(57,57)|(18,18)/(95,95)|(2,2)/(111,111)|(52,52)/(61,61)|(4,4)/(109,109)|(24,24)/(89,89)|(54,54)/(59,59)|(5,5)/(108,108)|(55,55)/(58,58)|(41,41)/(72,72)|(46,46)/(67,67)|(26,26)/(87,87)|(45,45)/(68,68)|(13,13)/(100,100)|(19,19)/(94,94)|(23,23)/(90,90)|(50,50)/(63,63)|(44,44)/(69,69)|(11,11)/(102,102)|(49,49)/(64,64)|(22,22)/(91,91)|(17,17)/(96,96)|(3,3)/(110,110)|(51,51)/(62,62)|(37,37)/(76,76)|(9,9)/(104,104)|(28,28)/(85,85)|(29,29)/(84,84)|(39,39)/(74,74)",149461.07826911658,149461.07826911658,1.0,full_hidden,1.0
subtraction_depth1_adamw,1,adamw,maximum_accuracy_reference,9000,checkpoints/subtraction_depth_1_adamw_seed_0/step_009000.pt,1.0,1.0,complete_addition_frequency_derangement,9,56,"(42,42)/(71,71)|(25,25)/(88,88)|(39,39)/(74,74)|(29,29)/(84,84)|(13,13)/(100,100)|(55,55)/(58,58)|(26,26)/(87,87)|(16,16)/(97,97)|(50,50)/(63,63)|(35,35)/(78,78)|(38,38)/(75,75)|(4,4)/(109,109)|(37,37)/(76,76)|(43,43)/(70,70)|(12,12)/(101,101)|(45,45)/(68,68)|(10,10)/(103,103)|(3,3)/(110,110)|(51,51)/(62,62)|(32,32)/(81,81)|(24,24)/(89,89)|(19,19)/(94,94)|(52,52)/(61,61)|(8,8)/(105,105)|(6,6)/(107,107)|(48,48)/(65,65)|(36,36)/(77,77)|(31,31)/(82,82)|(7,7)/(106,106)|(1,1)/(112,112)|(23,23)/(90,90)|(49,49)/(64,64)|(14,14)/(99,99)|(22,22)/(91,91)|(27,27)/(86,86)|(20,20)/(93,93)|(54,54)/(59,59)|(33,33)/(80,80)|(47,47)/(66,66)|(11,11)/(102,102)|(9,9)/(104,104)|(17,17)/(96,96)|(15,15)/(98,98)|(46,46)/(67,67)|(2,2)/(111,111)|(41,41)/(72,72)|(56,56)/(57,57)|(40,40)/(73,73)|(28,28)/(85,85)|(30,30)/(83,83)|(21,21)/(92,92)|(53,53)/(60,60)|(44,44)/(69,69)|(18,18)/(95,95)|(34,34)/(79,79)|(5,5)/(108,108)","(41,41)/(72,72)|(12,12)/(101,101)|(25,25)/(88,88)|(40,40)/(73,73)|(35,35)/(78,78)|(8,8)/(105,105)|(43,43)/(70,70)|(49,49)/(64,64)|(5,5)/(108,108)|(31,31)/(82,82)|(13,13)/(100,100)|(17,17)/(96,96)|(11,11)/(102,102)|(16,16)/(97,97)|(20,20)/(93,93)|(44,44)/(69,69)|(18,18)/(95,95)|(56,56)/(57,57)|(3,3)/(110,110)|(33,33)/(80,80)|(10,10)/(103,103)|(50,50)/(63,63)|(47,47)/(66,66)|(51,51)/(62,62)|(23,23)/(90,90)|(22,22)/(91,91)|(42,42)/(71,71)|(30,30)/(83,83)|(14,14)/(99,99)|(37,37)/(76,76)|(27,27)/(86,86)|(2,2)/(111,111)|(55,55)/(58,58)|(24,24)/(89,89)|(48,48)/(65,65)|(26,26)/(87,87)|(19,19)/(94,94)|(9,9)/(104,104)|(52,52)/(61,61)|(39,39)/(74,74)|(38,38)/(75,75)|(45,45)/(68,68)|(36,36)/(77,77)|(7,7)/(106,106)|(54,54)/(59,59)|(29,29)/(84,84)|(4,4)/(109,109)|(6,6)/(107,107)|(1,1)/(112,112)|(32,32)/(81,81)|(53,53)/(60,60)|(15,15)/(98,98)|(46,46)/(67,67)|(34,34)/(79,79)|(28,28)/(85,85)|(21,21)/(92,92)",149461.07826911658,149461.07826911658,1.0,addition_only,0.008849557489156723
subtraction_depth1_adamw,1,adamw,maximum_accuracy_reference,9000,checkpoints/subtraction_depth_1_adamw_seed_0/step_009000.pt,1.0,1.0,complete_addition_frequency_derangement,9,56,"(42,42)/(71,71)|(25,25)/(88,88)|(39,39)/(74,74)|(29,29)/(84,84)|(13,13)/(100,100)|(55,55)/(58,58)|(26,26)/(87,87)|(16,16)/(97,97)|(50,50)/(63,63)|(35,35)/(78,78)|(38,38)/(75,75)|(4,4)/(109,109)|(37,37)/(76,76)|(43,43)/(70,70)|(12,12)/(101,101)|(45,45)/(68,68)|(10,10)/(103,103)|(3,3)/(110,110)|(51,51)/(62,62)|(32,32)/(81,81)|(24,24)/(89,89)|(19,19)/(94,94)|(52,52)/(61,61)|(8,8)/(105,105)|(6,6)/(107,107)|(48,48)/(65,65)|(36,36)/(77,77)|(31,31)/(82,82)|(7,7)/(106,106)|(1,1)/(112,112)|(23,23)/(90,90)|(49,49)/(64,64)|(14,14)/(99,99)|(22,22)/(91,91)|(27,27)/(86,86)|(20,20)/(93,93)|(54,54)/(59,59)|(33,33)/(80,80)|(47,47)/(66,66)|(11,11)/(102,102)|(9,9)/(104,104)|(17,17)/(96,96)|(15,15)/(98,98)|(46,46)/(67,67)|(2,2)/(111,111)|(41,41)/(72,72)|(56,56)/(57,57)|(40,40)/(73,73)|(28,28)/(85,85)|(30,30)/(83,83)|(21,21)/(92,92)|(53,53)/(60,60)|(44,44)/(69,69)|(18,18)/(95,95)|(34,34)/(79,79)|(5,5)/(108,108)","(9,9)/(104,104)|(23,23)/(90,90)|(42,42)/(71,71)|(26,26)/(87,87)|(19,19)/(94,94)|(35,35)/(78,78)|(6,6)/(107,107)|(52,52)/(61,61)|(20,20)/(93,93)|(31,31)/(82,82)|(44,44)/(69,69)|(14,14)/(99,99)|(36,36)/(77,77)|(22,22)/(91,91)|(17,17)/(96,96)|(33,33)/(80,80)|(24,24)/(89,89)|(1,1)/(112,112)|(18,18)/(95,95)|(21,21)/(92,92)|(15,15)/(98,98)|(49,49)/(64,64)|(30,30)/(83,83)|(47,47)/(66,66)|(5,5)/(108,108)|(32,32)/(81,81)|(41,41)/(72,72)|(12,12)/(101,101)|(54,54)/(59,59)|(34,34)/(79,79)|(28,28)/(85,85)|(40,40)/(73,73)|(25,25)/(88,88)|(51,51)/(62,62)|(55,55)/(58,58)|(38,38)/(75,75)|(11,11)/(102,102)|(3,3)/(110,110)|(27,27)/(86,86)|(4,4)/(109,109)|(13,13)/(100,100)|(2,2)/(111,111)|(10,10)/(103,103)|(50,50)/(63,63)|(7,7)/(106,106)|(39,39)/(74,74)|(46,46)/(67,67)|(16,16)/(97,97)|(37,37)/(76,76)|(48,48)/(65,65)|(53,53)/(60,60)|(45,45)/(68,68)|(29,29)/(84,84)|(43,43)/(70,70)|(56,56)/(57,57)|(8,8)/(105,105)",149461.07826911658,149461.07826911658,1.0,full_hidden,1.0
subtraction_depth1_adamw,1,adamw,final,100000,checkpoints/subtraction_depth_1_adamw_seed_0/step_100000.pt,1.0,0.5,random_native_addition_subset,0,1,"(42,42)/(71,71)","(20,20)/(93,93)",25076.220703125,4.8659467697143555,1.0,addition_only,0.008849557489156723
subtraction_depth1_adamw,1,adamw,final,100000,checkpoints/subtraction_depth_1_adamw_seed_0/step_100000.pt,1.0,0.5,equal_power_frequency_relocation,0,1,"(42,42)/(71,71)","(4,4)/(109,109)",25076.220703125,25076.220703125,1.0,addition_only,0.008849557489156723
subtraction_depth1_adamw,1,adamw,final,100000,checkpoints/subtraction_depth_1_adamw_seed_0/step_100000.pt,1.0,0.5,random_native_addition_subset,1,1,"(42,42)/(71,71)","(10,10)/(103,103)",25076.220703125,58.67863464355469,1.0,addition_only,0.008849557489156723
subtraction_depth1_adamw,1,adamw,final,100000,checkpoints/subtraction_depth_1_adamw_seed_0/step_100000.pt,1.0,0.5,equal_power_frequency_relocation,1,1,"(42,42)/(71,71)","(25,25)/(88,88)",25076.220703125,25076.220703125,1.0,addition_only,0.008849557489156723
subtraction_depth1_adamw,1,adamw,final,100000,checkpoints/subtraction_depth_1_adamw_seed_0/step_100000.pt,1.0,0.5,random_native_addition_subset,2,1,"(42,42)/(71,71)","(15,15)/(98,98)",25076.220703125,1.1445989608764648,1.0,addition_only,0.008849557489156723
subtraction_depth1_adamw,1,adamw,final,100000,checkpoints/subtraction_depth_1_adamw_seed_0/step_100000.pt,1.0,0.5,equal_power_frequency_relocation,2,1,"(42,42)/(71,71)","(54,54)/(59,59)",25076.220703125,25076.220703125,1.0,addition_only,0.008849557489156723
subtraction_depth1_adamw,1,adamw,final,100000,checkpoints/subtraction_depth_1_adamw_seed_0/step_100000.pt,1.0,0.5,random_native_addition_subset,3,1,"(42,42)/(71,71)","(17,17)/(96,96)",25076.220703125,0.36788204312324524,1.0,addition_only,0.008849557489156723
subtraction_depth1_adamw,1,adamw,final,100000,checkpoints/subtraction_depth_1_adamw_seed_0/step_100000.pt,1.0,0.5,equal_power_frequency_relocation,3,1,"(42,42)/(71,71)","(3,3)/(110,110)",25076.220703125,25076.220703125,1.0,addition_only,0.008849557489156723
subtraction_depth1_adamw,1,adamw,final,100000,checkpoints/subtraction_depth_1_adamw_seed_0/step_100000.pt,1.0,0.5,random_native_addition_subset,4,1,"(42,42)/(71,71)","(40,40)/(73,73)",25076.220703125,0.6014848947525024,1.0,addition_only,0.008849557489156723
subtraction_depth1_adamw,1,adamw,final,100000,checkpoints/subtraction_depth_1_adamw_seed_0/step_100000.pt,1.0,0.5,equal_power_frequency_relocation,4,1,"(42,42)/(71,71)","(3,3)/(110,110)",25076.220703125,25076.220703125,1.0,addition_only,0.008849557489156723
subtraction_depth1_adamw,1,adamw,final,100000,checkpoints/subtraction_depth_1_adamw_seed_0/step_100000.pt,1.0,0.5,random_native_addition_subset,5,1,"(42,42)/(71,71)","(41,41)/(72,72)",25076.220703125,0.7340881824493408,1.0,addition_only,0.008849557489156723
subtraction_depth1_adamw,1,adamw,final,100000,checkpoints/subtraction_depth_1_adamw_seed_0/step_100000.pt,1.0,0.5,equal_power_frequency_relocation,5,1,"(42,42)/(71,71)","(43,43)/(70,70)",25076.220703125,25076.220703125,1.0,addition_only,0.008849557489156723
subtraction_depth1_adamw,1,adamw,final,100000,checkpoints/subtraction_depth_1_adamw_seed_0/step_100000.pt,1.0,0.5,random_native_addition_subset,6,1,"(42,42)/(71,71)","(9,9)/(104,104)",25076.220703125,2.2855474948883057,1.0,addition_only,0.008849557489156723
subtraction_depth1_adamw,1,adamw,final,100000,checkpoints/subtraction_depth_1_adamw_seed_0/step_100000.pt,1.0,0.5,equal_power_frequency_relocation,6,1,"(42,42)/(71,71)","(41,41)/(72,72)",25076.220703125,25076.220703125,1.0,addition_only,0.008849557489156723
subtraction_depth1_adamw,1,adamw,final,100000,checkpoints/subtraction_depth_1_adamw_seed_0/step_100000.pt,1.0,0.5,random_native_addition_subset,7,1,"(42,42)/(71,71)","(28,28)/(85,85)",25076.220703125,0.5193880796432495,1.0,addition_only,0.008849557489156723
subtraction_depth1_adamw,1,adamw,final,100000,checkpoints/subtraction_depth_1_adamw_seed_0/step_100000.pt,1.0,0.5,equal_power_frequency_relocation,7,1,"(42,42)/(71,71)","(29,29)/(84,84)",25076.220703125,25076.220703125,1.0,addition_only,0.008849557489156723
subtraction_depth1_adamw,1,adamw,final,100000,checkpoints/subtraction_depth_1_adamw_seed_0/step_100000.pt,1.0,0.5,random_native_addition_subset,8,1,"(42,42)/(71,71)","(3,3)/(110,110)",25076.220703125,46.9783935546875,1.0,addition_only,0.008849557489156723
subtraction_depth1_adamw,1,adamw,final,100000,checkpoints/subtraction_depth_1_adamw_seed_0/step_100000.pt,1.0,0.5,equal_power_frequency_relocation,8,1,"(42,42)/(71,71)","(19,19)/(94,94)",25076.220703125,25076.220703125,1.0,addition_only,0.008849557489156723
subtraction_depth1_adamw,1,adamw,final,100000,checkpoints/subtraction_depth_1_adamw_seed_0/step_100000.pt,1.0,0.5,random_native_addition_subset,9,1,"(42,42)/(71,71)","(33,33)/(80,80)",25076.220703125,3.353175640106201,1.0,addition_only,0.008849557489156723
subtraction_depth1_adamw,1,adamw,final,100000,checkpoints/subtraction_depth_1_adamw_seed_0/step_100000.pt,1.0,0.5,equal_power_frequency_relocation,9,1,"(42,42)/(71,71)","(47,47)/(66,66)",25076.220703125,25076.220703125,1.0,addition_only,0.008849557489156723
subtraction_depth1_adamw,1,adamw,final,100000,checkpoints/subtraction_depth_1_adamw_seed_0/step_100000.pt,1.0,0.75,random_native_addition_subset,0,1,"(42,42)/(71,71)","(12,12)/(101,101)",25076.220703125,50.724395751953125,1.0,addition_only,0.008849557489156723
subtraction_depth1_adamw,1,adamw,final,100000,checkpoints/subtraction_depth_1_adamw_seed_0/step_100000.pt,1.0,0.75,equal_power_frequency_relocation,0,1,"(42,42)/(71,71)","(15,15)/(98,98)",25076.220703125,25076.220703125,1.0,addition_only,0.008849557489156723
subtraction_depth1_adamw,1,adamw,final,100000,checkpoints/subtraction_depth_1_adamw_seed_0/step_100000.pt,1.0,0.75,random_native_addition_subset,1,1,"(42,42)/(71,71)","(9,9)/(104,104)",25076.220703125,2.2855474948883057,1.0,addition_only,0.008849557489156723
subtraction_depth1_adamw,1,adamw,final,100000,checkpoints/subtraction_depth_1_adamw_seed_0/step_100000.pt,1.0,0.75,equal_power_frequency_relocation,1,1,"(42,42)/(71,71)","(17,17)/(96,96)",25076.220703125,25076.220703125,1.0,addition_only,0.008849557489156723
subtraction_depth1_adamw,1,adamw,final,100000,checkpoints/subtraction_depth_1_adamw_seed_0/step_100000.pt,1.0,0.75,random_native_addition_subset,2,1,"(42,42)/(71,71)","(45,45)/(68,68)",25076.220703125,97.52498626708984,1.0,addition_only,0.008849557489156723
subtraction_depth1_adamw,1,adamw,final,100000,checkpoints/subtraction_depth_1_adamw_seed_0/step_100000.pt,1.0,0.75,equal_power_frequency_relocation,2,1,"(42,42)/(71,71)","(46,46)/(67,67)",25076.220703125,25076.220703125,1.0,addition_only,0.008849557489156723
subtraction_depth1_adamw,1,adamw,final,100000,checkpoints/subtraction_depth_1_adamw_seed_0/step_100000.pt,1.0,0.75,random_native_addition_subset,3,1,"(42,42)/(71,71)","(29,29)/(84,84)",25076.220703125,298.73333740234375,1.0,addition_only,0.008849557489156723
subtraction_depth1_adamw,1,adamw,final,100000,checkpoints/subtraction_depth_1_adamw_seed_0/step_100000.pt,1.0,0.75,equal_power_frequency_relocation,3,1,"(42,42)/(71,71)","(15,15)/(98,98)",25076.220703125,25076.220703125,1.0,addition_only,0.008849557489156723
subtraction_depth1_adamw,1,adamw,final,100000,checkpoints/subtraction_depth_1_adamw_seed_0/step_100000.pt,1.0,0.75,random_native_addition_subset,4,1,"(42,42)/(71,71)","(56,56)/(57,57)",25076.220703125,0.1131628155708313,1.0,addition_only,0.008849557489156723
subtraction_depth1_adamw,1,adamw,final,100000,checkpoints/subtraction_depth_1_adamw_seed_0/step_100000.pt,1.0,0.75,equal_power_frequency_relocation,4,1,"(42,42)/(71,71)","(29,29)/(84,84)",25076.220703125,25076.220703125,1.0,addition_only,0.008849557489156723
subtraction_depth1_adamw,1,adamw,final,100000,checkpoints/subtraction_depth_1_adamw_seed_0/step_100000.pt,1.0,0.75,random_native_addition_subset,5,1,"(42,42)/(71,71)","(32,32)/(81,81)",25076.220703125,199.01702880859375,1.0,addition_only,0.008849557489156723
subtraction_depth1_adamw,1,adamw,final,100000,checkpoints/subtraction_depth_1_adamw_seed_0/step_100000.pt,1.0,0.75,equal_power_frequency_relocation,5,1,"(42,42)/(71,71)","(16,16)/(97,97)",25076.220703125,25076.220703125,1.0,addition_only,0.008849557489156723
subtraction_depth1_adamw,1,adamw,final,100000,checkpoints/subtraction_depth_1_adamw_seed_0/step_100000.pt,1.0,0.75,random_native_addition_subset,6,1,"(42,42)/(71,71)","(11,11)/(102,102)",25076.220703125,3.785708427429199,1.0,addition_only,0.008849557489156723
subtraction_depth1_adamw,1,adamw,final,100000,checkpoints/subtraction_depth_1_adamw_seed_0/step_100000.pt,1.0,0.75,equal_power_frequency_relocation,6,1,"(42,42)/(71,71)","(3,3)/(110,110)",25076.220703125,25076.220703125,1.0,addition_only,0.008849557489156723
subtraction_depth1_adamw,1,adamw,final,100000,checkpoints/subtraction_depth_1_adamw_seed_0/step_100000.pt,1.0,0.75,random_native_addition_subset,7,1,"(42,42)/(71,71)","(43,43)/(70,70)",25076.220703125,63.260738372802734,1.0,addition_only,0.008849557489156723
subtraction_depth1_adamw,1,adamw,final,100000,checkpoints/subtraction_depth_1_adamw_seed_0/step_100000.pt,1.0,0.75,equal_power_frequency_relocation,7,1,"(42,42)/(71,71)","(3,3)/(110,110)",25076.220703125,25076.220703125,1.0,addition_only,0.008849557489156723
subtraction_depth1_adamw,1,adamw,final,100000,checkpoints/subtraction_depth_1_adamw_seed_0/step_100000.pt,1.0,0.75,random_native_addition_subset,8,1,"(42,42)/(71,71)","(12,12)/(101,101)",25076.220703125,50.724395751953125,1.0,addition_only,0.008849557489156723
subtraction_depth1_adamw,1,adamw,final,100000,checkpoints/subtraction_depth_1_adamw_seed_0/step_100000.pt,1.0,0.75,equal_power_frequency_relocation,8,1,"(42,42)/(71,71)","(23,23)/(90,90)",25076.220703125,25076.220703125,1.0,addition_only,0.008849557489156723
subtraction_depth1_adamw,1,adamw,final,100000,checkpoints/subtraction_depth_1_adamw_seed_0/step_100000.pt,1.0,0.75,random_native_addition_subset,9,1,"(42,42)/(71,71)","(8,8)/(105,105)",25076.220703125,32.801597595214844,1.0,addition_only,0.008849557489156723
subtraction_depth1_adamw,1,adamw,final,100000,checkpoints/subtraction_depth_1_adamw_seed_0/step_100000.pt,1.0,0.75,equal_power_frequency_relocation,9,1,"(42,42)/(71,71)","(38,38)/(75,75)",25076.220703125,25076.220703125,1.0,addition_only,0.008849557489156723
subtraction_depth1_adamw,1,adamw,final,100000,checkpoints/subtraction_depth_1_adamw_seed_0/step_100000.pt,1.0,0.9,random_native_addition_subset,0,3,"(42,42)/(71,71)|(25,25)/(88,88)|(39,39)/(74,74)","(7,7)/(106,106)|(20,20)/(93,93)|(32,32)/(81,81)",30098.578247070312,217.67989253997803,1.0,addition_only,0.008849557489156723
subtraction_depth1_adamw,1,adamw,final,100000,checkpoints/subtraction_depth_1_adamw_seed_0/step_100000.pt,1.0,0.9,equal_power_frequency_relocation,0,3,"(42,42)/(71,71)|(25,25)/(88,88)|(39,39)/(74,74)","(44,44)/(69,69)|(48,48)/(65,65)|(45,45)/(68,68)",30098.578247070312,30098.578247070312,1.0,addition_only,0.008849557489156723
subtraction_depth1_adamw,1,adamw,final,100000,checkpoints/subtraction_depth_1_adamw_seed_0/step_100000.pt,1.0,0.9,random_native_addition_subset,1,3,"(42,42)/(71,71)|(25,25)/(88,88)|(39,39)/(74,74)","(47,47)/(66,66)|(34,34)/(79,79)|(41,41)/(72,72)",30098.578247070312,43.14942806959152,1.0,addition_only,0.008849557489156723
subtraction_depth1_adamw,1,adamw,final,100000,checkpoints/subtraction_depth_1_adamw_seed_0/step_100000.pt,1.0,0.9,equal_power_frequency_relocation,1,3,"(42,42)/(71,71)|(25,25)/(88,88)|(39,39)/(74,74)","(44,44)/(69,69)|(46,46)/(67,67)|(29,29)/(84,84)",30098.578247070312,30098.578247070312,1.0,addition_only,0.008849557489156723
subtraction_depth1_adamw,1,adamw,final,100000,checkpoints/subtraction_depth_1_adamw_seed_0/step_100000.pt,1.0,0.9,random_native_addition_subset,2,3,"(42,42)/(71,71)|(25,25)/(88,88)|(39,39)/(74,74)","(2,2)/(111,111)|(5,5)/(108,108)|(15,15)/(98,98)",30098.578247070312,2.610175609588623,1.0,addition_only,0.008849557489156723
subtraction_depth1_adamw,1,adamw,final,100000,checkpoints/subtraction_depth_1_adamw_seed_0/step_100000.pt,1.0,0.9,equal_power_frequency_relocation,2,3,"(42,42)/(71,71)|(25,25)/(88,88)|(39,39)/(74,74)","(8,8)/(105,105)|(43,43)/(70,70)|(26,26)/(87,87)",30098.578247070312,30098.578247070312,1.0,addition_only,0.008849557489156723
subtraction_depth1_adamw,1,adamw,final,100000,checkpoints/subtraction_depth_1_adamw_seed_0/step_100000.pt,1.0,0.9,random_native_addition_subset,3,3,"(42,42)/(71,71)|(25,25)/(88,88)|(39,39)/(74,74)","(30,30)/(83,83)|(4,4)/(109,109)|(29,29)/(84,84)",30098.578247070312,330.6138346195221,1.0,addition_only,0.008849557489156723
subtraction_depth1_adamw,1,adamw,final,100000,checkpoints/subtraction_depth_1_adamw_seed_0/step_100000.pt,1.0,0.9,equal_power_frequency_relocation,3,3,"(42,42)/(71,71)|(25,25)/(88,88)|(39,39)/(74,74)","(51,51)/(62,62)|(13,13)/(100,100)|(42,42)/(71,71)",30098.578247070312,30098.578247070312,1.0,addition_only,0.008849557489156723
subtraction_depth1_adamw,1,adamw,final,100000,checkpoints/subtraction_depth_1_adamw_seed_0/step_100000.pt,1.0,0.9,random_native_addition_subset,4,3,"(42,42)/(71,71)|(25,25)/(88,88)|(39,39)/(74,74)","(2,2)/(111,111)|(16,16)/(97,97)|(25,25)/(88,88)",30098.578247070312,3180.353149652481,1.0,addition_only,0.008849557489156723
subtraction_depth1_adamw,1,adamw,final,100000,checkpoints/subtraction_depth_1_adamw_seed_0/step_100000.pt,1.0,0.9,equal_power_frequency_relocation,4,3,"(42,42)/(71,71)|(25,25)/(88,88)|(39,39)/(74,74)","(13,13)/(100,100)|(22,22)/(91,91)|(46,46)/(67,67)",30098.578247070312,30098.578247070312,1.0,addition_only,0.008849557489156723
subtraction_depth1_adamw,1,adamw,final,100000,checkpoints/subtraction_depth_1_adamw_seed_0/step_100000.pt,1.0,0.9,random_native_addition_subset,5,3,"(42,42)/(71,71)|(25,25)/(88,88)|(39,39)/(74,74)","(47,47)/(66,66)|(49,49)/(64,64)|(23,23)/(90,90)",30098.578247070312,97.32612991333008,1.0,addition_only,0.008849557489156723
subtraction_depth1_adamw,1,adamw,final,100000,checkpoints/subtraction_depth_1_adamw_seed_0/step_100000.pt,1.0,0.9,equal_power_frequency_relocation,5,3,"(42,42)/(71,71)|(25,25)/(88,88)|(39,39)/(74,74)","(18,18)/(95,95)|(37,37)/(76,76)|(31,31)/(82,82)",30098.578247070312,30098.578247070312,1.0,addition_only,0.008849557489156723
subtraction_depth1_adamw,1,adamw,final,100000,checkpoints/subtraction_depth_1_adamw_seed_0/step_100000.pt,1.0,0.9,random_native_addition_subset,6,3,"(42,42)/(71,71)|(25,25)/(88,88)|(39,39)/(74,74)","(20,20)/(93,93)|(9,9)/(104,104)|(6,6)/(107,107)",30098.578247070312,28.993104219436646,1.0,addition_only,0.008849557489156723
subtraction_depth1_adamw,1,adamw,final,100000,checkpoints/subtraction_depth_1_adamw_seed_0/step_100000.pt,1.0,0.9,equal_power_frequency_relocation,6,3,"(42,42)/(71,71)|(25,25)/(88,88)|(39,39)/(74,74)","(44,44)/(69,69)|(36,36)/(77,77)|(7,7)/(106,106)",30098.578247070312,30098.578247070312,1.0,addition_only,0.008849557489156723
subtraction_depth1_adamw,1,adamw,final,100000,checkpoints/subtraction_depth_1_adamw_seed_0/step_100000.pt,1.0,0.9,random_native_addition_subset,7,3,"(42,42)/(71,71)|(25,25)/(88,88)|(39,39)/(74,74)","(54,54)/(59,59)|(23,23)/(90,90)|(43,43)/(70,70)",30098.578247070312,107.00890445709229,1.0,addition_only,0.008849557489156723
subtraction_depth1_adamw,1,adamw,final,100000,checkpoints/subtraction_depth_1_adamw_seed_0/step_100000.pt,1.0,0.9,equal_power_frequency_relocation,7,3,"(42,42)/(71,71)|(25,25)/(88,88)|(39,39)/(74,74)","(19,19)/(94,94)|(7,7)/(106,106)|(29,29)/(84,84)",30098.578247070312,30098.578247070312,1.0,addition_only,0.008849557489156723
subtraction_depth1_adamw,1,adamw,final,100000,checkpoints/subtraction_depth_1_adamw_seed_0/step_100000.pt,1.0,0.9,random_native_addition_subset,8,3,"(42,42)/(71,71)|(25,25)/(88,88)|(39,39)/(74,74)","(21,21)/(92,92)|(6,6)/(107,107)|(49,49)/(64,64)",30098.578247070312,38.25695513188839,1.0,addition_only,0.008849557489156723
subtraction_depth1_adamw,1,adamw,final,100000,checkpoints/subtraction_depth_1_adamw_seed_0/step_100000.pt,1.0,0.9,equal_power_frequency_relocation,8,3,"(42,42)/(71,71)|(25,25)/(88,88)|(39,39)/(74,74)","(45,45)/(68,68)|(23,23)/(90,90)|(30,30)/(83,83)",30098.578247070312,30098.578247070312,1.0,addition_only,0.008849557489156723
subtraction_depth1_adamw,1,adamw,final,100000,checkpoints/subtraction_depth_1_adamw_seed_0/step_100000.pt,1.0,0.9,random_native_addition_subset,9,3,"(42,42)/(71,71)|(25,25)/(88,88)|(39,39)/(74,74)","(3,3)/(110,110)|(45,45)/(68,68)|(54,54)/(59,59)",30098.578247070312,149.27196216583252,1.0,addition_only,0.008849557489156723
subtraction_depth1_adamw,1,adamw,final,100000,checkpoints/subtraction_depth_1_adamw_seed_0/step_100000.pt,1.0,0.9,equal_power_frequency_relocation,9,3,"(42,42)/(71,71)|(25,25)/(88,88)|(39,39)/(74,74)","(29,29)/(84,84)|(18,18)/(95,95)|(53,53)/(60,60)",30098.578247070312,30098.578247070312,1.0,addition_only,0.008849557489156723
subtraction_depth1_adamw,1,adamw,final,100000,checkpoints/subtraction_depth_1_adamw_seed_0/step_100000.pt,1.0,0.9,equal_power_other_family,-1,3,"(42,42)/(71,71)|(25,25)/(88,88)|(39,39)/(74,74)","(42,0)/(71,0)|(25,0)/(88,0)|(39,0)/(74,0)",30098.578247070312,2594060.78125,0.10771666947413884,a_only_only,0.008849557489156723
subtraction_depth1_adamw,1,adamw,final,100000,checkpoints/subtraction_depth_1_adamw_seed_0/step_100000.pt,1.0,0.9,equal_power_other_family,-1,3,"(42,42)/(71,71)|(25,25)/(88,88)|(39,39)/(74,74)","(0,42)/(0,71)|(0,25)/(0,88)|(0,39)/(0,74)",30098.578247070312,2422381.53125,0.11146838717584327,b_only_only,0.008849557489156723
subtraction_depth1_adamw,1,adamw,final,100000,checkpoints/subtraction_depth_1_adamw_seed_0/step_100000.pt,1.0,0.9,equal_power_other_family,-1,3,"(42,42)/(71,71)|(25,25)/(88,88)|(39,39)/(74,74)","(42,71)/(71,42)|(25,88)/(88,25)|(39,74)/(74,39)",30098.578247070312,95787688.0,0.017726302050954358,subtraction_only,0.017699114978313446
subtraction_depth1_adamw,1,adamw,final,100000,checkpoints/subtraction_depth_1_adamw_seed_0/step_100000.pt,1.0,0.9,equal_power_other_family,-1,3,"(42,42)/(71,71)|(25,25)/(88,88)|(39,39)/(74,74)","(42,13)/(71,100)|(39,71)/(74,42)|(13,42)/(100,71)",30098.578247070312,718.957275390625,6.470255779003951,generic_interaction_only,0.007753151934593916
subtraction_depth1_adamw,1,adamw,final,100000,checkpoints/subtraction_depth_1_adamw_seed_0/step_100000.pt,1.0,1.0,complete_addition_frequency_derangement,0,56,"(42,42)/(71,71)|(25,25)/(88,88)|(39,39)/(74,74)|(29,29)/(84,84)|(55,55)/(58,58)|(32,32)/(81,81)|(16,16)/(97,97)|(13,13)/(100,100)|(26,26)/(87,87)|(45,45)/(68,68)|(52,52)/(61,61)|(50,50)/(63,63)|(43,43)/(70,70)|(10,10)/(103,103)|(35,35)/(78,78)|(12,12)/(101,101)|(3,3)/(110,110)|(47,47)/(66,66)|(23,23)/(90,90)|(8,8)/(105,105)|(4,4)/(109,109)|(36,36)/(77,77)|(19,19)/(94,94)|(38,38)/(75,75)|(6,6)/(107,107)|(51,51)/(62,62)|(1,1)/(112,112)|(49,49)/(64,64)|(7,7)/(106,106)|(31,31)/(82,82)|(48,48)/(65,65)|(24,24)/(89,89)|(27,27)/(86,86)|(37,37)/(76,76)|(20,20)/(93,93)|(54,54)/(59,59)|(11,11)/(102,102)|(33,33)/(80,80)|(30,30)/(83,83)|(9,9)/(104,104)|(22,22)/(91,91)|(46,46)/(67,67)|(14,14)/(99,99)|(2,2)/(111,111)|(15,15)/(98,98)|(41,41)/(72,72)|(40,40)/(73,73)|(53,53)/(60,60)|(28,28)/(85,85)|(17,17)/(96,96)|(34,34)/(79,79)|(44,44)/(69,69)|(5,5)/(108,108)|(21,21)/(92,92)|(56,56)/(57,57)|(18,18)/(95,95)","(34,34)/(79,79)|(21,21)/(92,92)|(27,27)/(86,86)|(32,32)/(81,81)|(3,3)/(110,110)|(28,28)/(85,85)|(51,51)/(62,62)|(54,54)/(59,59)|(29,29)/(84,84)|(41,41)/(72,72)|(46,46)/(67,67)|(2,2)/(111,111)|(56,56)/(57,57)|(40,40)/(73,73)|(8,8)/(105,105)|(22,22)/(91,91)|(26,26)/(87,87)|(36,36)/(77,77)|(11,11)/(102,102)|(20,20)/(93,93)|(24,24)/(89,89)|(52,52)/(61,61)|(50,50)/(63,63)|(6,6)/(107,107)|(14,14)/(99,99)|(23,23)/(90,90)|(10,10)/(103,103)|(44,44)/(69,69)|(31,31)/(82,82)|(7,7)/(106,106)|(15,15)/(98,98)|(25,25)/(88,88)|(18,18)/(95,95)|(38,38)/(75,75)|(33,33)/(80,80)|(12,12)/(101,101)|(16,16)/(97,97)|(49,49)/(64,64)|(43,43)/(70,70)|(37,37)/(76,76)|(47,47)/(66,66)|(30,30)/(83,83)|(55,55)/(58,58)|(19,19)/(94,94)|(45,45)/(68,68)|(9,9)/(104,104)|(42,42)/(71,71)|(5,5)/(108,108)|(4,4)/(109,109)|(1,1)/(112,112)|(35,35)/(78,78)|(17,17)/(96,96)|(48,48)/(65,65)|(53,53)/(60,60)|(39,39)/(74,74)|(13,13)/(100,100)",32187.489447534084,32187.489447534084,1.0,addition_only,0.008849557489156723
subtraction_depth1_adamw,1,adamw,final,100000,checkpoints/subtraction_depth_1_adamw_seed_0/step_100000.pt,1.0,1.0,complete_addition_frequency_derangement,0,56,"(42,42)/(71,71)|(25,25)/(88,88)|(39,39)/(74,74)|(29,29)/(84,84)|(55,55)/(58,58)|(32,32)/(81,81)|(16,16)/(97,97)|(13,13)/(100,100)|(26,26)/(87,87)|(45,45)/(68,68)|(52,52)/(61,61)|(50,50)/(63,63)|(43,43)/(70,70)|(10,10)/(103,103)|(35,35)/(78,78)|(12,12)/(101,101)|(3,3)/(110,110)|(47,47)/(66,66)|(23,23)/(90,90)|(8,8)/(105,105)|(4,4)/(109,109)|(36,36)/(77,77)|(19,19)/(94,94)|(38,38)/(75,75)|(6,6)/(107,107)|(51,51)/(62,62)|(1,1)/(112,112)|(49,49)/(64,64)|(7,7)/(106,106)|(31,31)/(82,82)|(48,48)/(65,65)|(24,24)/(89,89)|(27,27)/(86,86)|(37,37)/(76,76)|(20,20)/(93,93)|(54,54)/(59,59)|(11,11)/(102,102)|(33,33)/(80,80)|(30,30)/(83,83)|(9,9)/(104,104)|(22,22)/(91,91)|(46,46)/(67,67)|(14,14)/(99,99)|(2,2)/(111,111)|(15,15)/(98,98)|(41,41)/(72,72)|(40,40)/(73,73)|(53,53)/(60,60)|(28,28)/(85,85)|(17,17)/(96,96)|(34,34)/(79,79)|(44,44)/(69,69)|(5,5)/(108,108)|(21,21)/(92,92)|(56,56)/(57,57)|(18,18)/(95,95)","(47,47)/(66,66)|(44,44)/(69,69)|(7,7)/(106,106)|(25,25)/(88,88)|(17,17)/(96,96)|(6,6)/(107,107)|(37,37)/(76,76)|(20,20)/(93,93)|(50,50)/(63,63)|(15,15)/(98,98)|(1,1)/(112,112)|(24,24)/(89,89)|(23,23)/(90,90)|(30,30)/(83,83)|(18,18)/(95,95)|(8,8)/(105,105)|(9,9)/(104,104)|(52,52)/(61,61)|(45,45)/(68,68)|(43,43)/(70,70)|(39,39)/(74,74)|(5,5)/(108,108)|(36,36)/(77,77)|(26,26)/(87,87)|(31,31)/(82,82)|(34,34)/(79,79)|(38,38)/(75,75)|(2,2)/(111,111)|(3,3)/(110,110)|(41,41)/(72,72)|(27,27)/(86,86)|(32,32)/(81,81)|(19,19)/(94,94)|(56,56)/(57,57)|(16,16)/(97,97)|(28,28)/(85,85)|(12,12)/(101,101)|(35,35)/(78,78)|(22,22)/(91,91)|(51,51)/(62,62)|(11,11)/(102,102)|(40,40)/(73,73)|(13,13)/(100,100)|(33,33)/(80,80)|(10,10)/(103,103)|(4,4)/(109,109)|(21,21)/(92,92)|(42,42)/(71,71)|(48,48)/(65,65)|(29,29)/(84,84)|(55,55)/(58,58)|(54,54)/(59,59)|(14,14)/(99,99)|(49,49)/(64,64)|(46,46)/(67,67)|(53,53)/(60,60)",32187.489447534084,32187.489447534084,1.0,full_hidden,1.0
subtraction_depth1_adamw,1,adamw,final,100000,checkpoints/subtraction_depth_1_adamw_seed_0/step_100000.pt,1.0,1.0,complete_addition_frequency_derangement,1,56,"(42,42)/(71,71)|(25,25)/(88,88)|(39,39)/(74,74)|(29,29)/(84,84)|(55,55)/(58,58)|(32,32)/(81,81)|(16,16)/(97,97)|(13,13)/(100,100)|(26,26)/(87,87)|(45,45)/(68,68)|(52,52)/(61,61)|(50,50)/(63,63)|(43,43)/(70,70)|(10,10)/(103,103)|(35,35)/(78,78)|(12,12)/(101,101)|(3,3)/(110,110)|(47,47)/(66,66)|(23,23)/(90,90)|(8,8)/(105,105)|(4,4)/(109,109)|(36,36)/(77,77)|(19,19)/(94,94)|(38,38)/(75,75)|(6,6)/(107,107)|(51,51)/(62,62)|(1,1)/(112,112)|(49,49)/(64,64)|(7,7)/(106,106)|(31,31)/(82,82)|(48,48)/(65,65)|(24,24)/(89,89)|(27,27)/(86,86)|(37,37)/(76,76)|(20,20)/(93,93)|(54,54)/(59,59)|(11,11)/(102,102)|(33,33)/(80,80)|(30,30)/(83,83)|(9,9)/(104,104)|(22,22)/(91,91)|(46,46)/(67,67)|(14,14)/(99,99)|(2,2)/(111,111)|(15,15)/(98,98)|(41,41)/(72,72)|(40,40)/(73,73)|(53,53)/(60,60)|(28,28)/(85,85)|(17,17)/(96,96)|(34,34)/(79,79)|(44,44)/(69,69)|(5,5)/(108,108)|(21,21)/(92,92)|(56,56)/(57,57)|(18,18)/(95,95)","(52,52)/(61,61)|(37,37)/(76,76)|(8,8)/(105,105)|(48,48)/(65,65)|(21,21)/(92,92)|(55,55)/(58,58)|(14,14)/(99,99)|(17,17)/(96,96)|(2,2)/(111,111)|(34,34)/(79,79)|(12,12)/(101,101)|(33,33)/(80,80)|(10,10)/(103,103)|(38,38)/(75,75)|(30,30)/(83,83)|(45,45)/(68,68)|(36,36)/(77,77)|(1,1)/(112,112)|(39,39)/(74,74)|(25,25)/(88,88)|(54,54)/(59,59)|(18,18)/(95,95)|(46,46)/(67,67)|(24,24)/(89,89)|(23,23)/(90,90)|(7,7)/(106,106)|(32,32)/(81,81)|(19,19)/(94,94)|(41,41)/(72,72)|(16,16)/(97,97)|(53,53)/(60,60)|(51,51)/(62,62)|(13,13)/(100,100)|(35,35)/(78,78)|(9,9)/(104,104)|(22,22)/(91,91)|(27,27)/(86,86)|(29,29)/(84,84)|(50,50)/(63,63)|(3,3)/(110,110)|(28,28)/(85,85)|(47,47)/(66,66)|(44,44)/(69,69)|(40,40)/(73,73)|(43,43)/(70,70)|(26,26)/(87,87)|(11,11)/(102,102)|(31,31)/(82,82)|(20,20)/(93,93)|(56,56)/(57,57)|(6,6)/(107,107)|(15,15)/(98,98)|(42,42)/(71,71)|(4,4)/(109,109)|(49,49)/(64,64)|(5,5)/(108,108)",32187.489447534084,32187.489447534084,1.0,addition_only,0.008849557489156723
subtraction_depth1_adamw,1,adamw,final,100000,checkpoints/subtraction_depth_1_adamw_seed_0/step_100000.pt,1.0,1.0,complete_addition_frequency_derangement,1,56,"(42,42)/(71,71)|(25,25)/(88,88)|(39,39)/(74,74)|(29,29)/(84,84)|(55,55)/(58,58)|(32,32)/(81,81)|(16,16)/(97,97)|(13,13)/(100,100)|(26,26)/(87,87)|(45,45)/(68,68)|(52,52)/(61,61)|(50,50)/(63,63)|(43,43)/(70,70)|(10,10)/(103,103)|(35,35)/(78,78)|(12,12)/(101,101)|(3,3)/(110,110)|(47,47)/(66,66)|(23,23)/(90,90)|(8,8)/(105,105)|(4,4)/(109,109)|(36,36)/(77,77)|(19,19)/(94,94)|(38,38)/(75,75)|(6,6)/(107,107)|(51,51)/(62,62)|(1,1)/(112,112)|(49,49)/(64,64)|(7,7)/(106,106)|(31,31)/(82,82)|(48,48)/(65,65)|(24,24)/(89,89)|(27,27)/(86,86)|(37,37)/(76,76)|(20,20)/(93,93)|(54,54)/(59,59)|(11,11)/(102,102)|(33,33)/(80,80)|(30,30)/(83,83)|(9,9)/(104,104)|(22,22)/(91,91)|(46,46)/(67,67)|(14,14)/(99,99)|(2,2)/(111,111)|(15,15)/(98,98)|(41,41)/(72,72)|(40,40)/(73,73)|(53,53)/(60,60)|(28,28)/(85,85)|(17,17)/(96,96)|(34,34)/(79,79)|(44,44)/(69,69)|(5,5)/(108,108)|(21,21)/(92,92)|(56,56)/(57,57)|(18,18)/(95,95)","(54,54)/(59,59)|(52,52)/(61,61)|(14,14)/(99,99)|(32,32)/(81,81)|(25,25)/(88,88)|(10,10)/(103,103)|(1,1)/(112,112)|(12,12)/(101,101)|(4,4)/(109,109)|(40,40)/(73,73)|(38,38)/(75,75)|(41,41)/(72,72)|(19,19)/(94,94)|(39,39)/(74,74)|(13,13)/(100,100)|(20,20)/(93,93)|(17,17)/(96,96)|(23,23)/(90,90)|(28,28)/(85,85)|(46,46)/(67,67)|(53,53)/(60,60)|(8,8)/(105,105)|(15,15)/(98,98)|(29,29)/(84,84)|(33,33)/(80,80)|(45,45)/(68,68)|(24,24)/(89,89)|(34,34)/(79,79)|(9,9)/(104,104)|(27,27)/(86,86)|(6,6)/(107,107)|(37,37)/(76,76)|(35,35)/(78,78)|(47,47)/(66,66)|(3,3)/(110,110)|(56,56)/(57,57)|(2,2)/(111,111)|(49,49)/(64,64)|(18,18)/(95,95)|(31,31)/(82,82)|(51,51)/(62,62)|(48,48)/(65,65)|(22,22)/(91,91)|(11,11)/(102,102)|(36,36)/(77,77)|(7,7)/(106,106)|(16,16)/(97,97)|(44,44)/(69,69)|(43,43)/(70,70)|(26,26)/(87,87)|(42,42)/(71,71)|(55,55)/(58,58)|(21,21)/(92,92)|(5,5)/(108,108)|(50,50)/(63,63)|(30,30)/(83,83)",32187.489447534084,32187.489447534084,1.0,full_hidden,1.0
subtraction_depth1_adamw,1,adamw,final,100000,checkpoints/subtraction_depth_1_adamw_seed_0/step_100000.pt,1.0,1.0,complete_addition_frequency_derangement,2,56,"(42,42)/(71,71)|(25,25)/(88,88)|(39,39)/(74,74)|(29,29)/(84,84)|(55,55)/(58,58)|(32,32)/(81,81)|(16,16)/(97,97)|(13,13)/(100,100)|(26,26)/(87,87)|(45,45)/(68,68)|(52,52)/(61,61)|(50,50)/(63,63)|(43,43)/(70,70)|(10,10)/(103,103)|(35,35)/(78,78)|(12,12)/(101,101)|(3,3)/(110,110)|(47,47)/(66,66)|(23,23)/(90,90)|(8,8)/(105,105)|(4,4)/(109,109)|(36,36)/(77,77)|(19,19)/(94,94)|(38,38)/(75,75)|(6,6)/(107,107)|(51,51)/(62,62)|(1,1)/(112,112)|(49,49)/(64,64)|(7,7)/(106,106)|(31,31)/(82,82)|(48,48)/(65,65)|(24,24)/(89,89)|(27,27)/(86,86)|(37,37)/(76,76)|(20,20)/(93,93)|(54,54)/(59,59)|(11,11)/(102,102)|(33,33)/(80,80)|(30,30)/(83,83)|(9,9)/(104,104)|(22,22)/(91,91)|(46,46)/(67,67)|(14,14)/(99,99)|(2,2)/(111,111)|(15,15)/(98,98)|(41,41)/(72,72)|(40,40)/(73,73)|(53,53)/(60,60)|(28,28)/(85,85)|(17,17)/(96,96)|(34,34)/(79,79)|(44,44)/(69,69)|(5,5)/(108,108)|(21,21)/(92,92)|(56,56)/(57,57)|(18,18)/(95,95)","(30,30)/(83,83)|(40,40)/(73,73)|(17,17)/(96,96)|(11,11)/(102,102)|(7,7)/(106,106)|(42,42)/(71,71)|(44,44)/(69,69)|(54,54)/(59,59)|(16,16)/(97,97)|(52,52)/(61,61)|(9,9)/(104,104)|(36,36)/(77,77)|(13,13)/(100,100)|(41,41)/(72,72)|(21,21)/(92,92)|(46,46)/(67,67)|(6,6)/(107,107)|(8,8)/(105,105)|(49,49)/(64,64)|(18,18)/(95,95)|(25,25)/(88,88)|(38,38)/(75,75)|(14,14)/(99,99)|(47,47)/(66,66)|(53,53)/(60,60)|(23,23)/(90,90)|(4,4)/(109,109)|(28,28)/(85,85)|(20,20)/(93,93)|(12,12)/(101,101)|(50,50)/(63,63)|(26,26)/(87,87)|(10,10)/(103,103)|(2,2)/(111,111)|(48,48)/(65,65)|(55,55)/(58,58)|(35,35)/(78,78)|(45,45)/(68,68)|(37,37)/(76,76)|(43,43)/(70,70)|(27,27)/(86,86)|(31,31)/(82,82)|(56,56)/(57,57)|(15,15)/(98,98)|(5,5)/(108,108)|(19,19)/(94,94)|(24,24)/(89,89)|(1,1)/(112,112)|(51,51)/(62,62)|(29,29)/(84,84)|(32,32)/(81,81)|(22,22)/(91,91)|(33,33)/(80,80)|(39,39)/(74,74)|(3,3)/(110,110)|(34,34)/(79,79)",32187.489447534084,32187.489447534084,1.0,addition_only,0.008849557489156723
subtraction_depth1_adamw,1,adamw,final,100000,checkpoints/subtraction_depth_1_adamw_seed_0/step_100000.pt,1.0,1.0,complete_addition_frequency_derangement,2,56,"(42,42)/(71,71)|(25,25)/(88,88)|(39,39)/(74,74)|(29,29)/(84,84)|(55,55)/(58,58)|(32,32)/(81,81)|(16,16)/(97,97)|(13,13)/(100,100)|(26,26)/(87,87)|(45,45)/(68,68)|(52,52)/(61,61)|(50,50)/(63,63)|(43,43)/(70,70)|(10,10)/(103,103)|(35,35)/(78,78)|(12,12)/(101,101)|(3,3)/(110,110)|(47,47)/(66,66)|(23,23)/(90,90)|(8,8)/(105,105)|(4,4)/(109,109)|(36,36)/(77,77)|(19,19)/(94,94)|(38,38)/(75,75)|(6,6)/(107,107)|(51,51)/(62,62)|(1,1)/(112,112)|(49,49)/(64,64)|(7,7)/(106,106)|(31,31)/(82,82)|(48,48)/(65,65)|(24,24)/(89,89)|(27,27)/(86,86)|(37,37)/(76,76)|(20,20)/(93,93)|(54,54)/(59,59)|(11,11)/(102,102)|(33,33)/(80,80)|(30,30)/(83,83)|(9,9)/(104,104)|(22,22)/(91,91)|(46,46)/(67,67)|(14,14)/(99,99)|(2,2)/(111,111)|(15,15)/(98,98)|(41,41)/(72,72)|(40,40)/(73,73)|(53,53)/(60,60)|(28,28)/(85,85)|(17,17)/(96,96)|(34,34)/(79,79)|(44,44)/(69,69)|(5,5)/(108,108)|(21,21)/(92,92)|(56,56)/(57,57)|(18,18)/(95,95)","(28,28)/(85,85)|(15,15)/(98,98)|(52,52)/(61,61)|(27,27)/(86,86)|(38,38)/(75,75)|(53,53)/(60,60)|(23,23)/(90,90)|(2,2)/(111,111)|(7,7)/(106,106)|(17,17)/(96,96)|(26,26)/(87,87)|(9,9)/(104,104)|(37,37)/(76,76)|(11,11)/(102,102)|(16,16)/(97,97)|(51,51)/(62,62)|(1,1)/(112,112)|(6,6)/(107,107)|(55,55)/(58,58)|(29,29)/(84,84)|(43,43)/(70,70)|(31,31)/(82,82)|(47,47)/(66,66)|(24,24)/(89,89)|(36,36)/(77,77)|(10,10)/(103,103)|(35,35)/(78,78)|(4,4)/(109,109)|(30,30)/(83,83)|(13,13)/(100,100)|(12,12)/(101,101)|(44,44)/(69,69)|(19,19)/(94,94)|(18,18)/(95,95)|(50,50)/(63,63)|(5,5)/(108,108)|(20,20)/(93,93)|(48,48)/(65,65)|(14,14)/(99,99)|(3,3)/(110,110)|(45,45)/(68,68)|(56,56)/(57,57)|(39,39)/(74,74)|(54,54)/(59,59)|(21,21)/(92,92)|(46,46)/(67,67)|(22,22)/(91,91)|(41,41)/(72,72)|(34,34)/(79,79)|(33,33)/(80,80)|(42,42)/(71,71)|(40,40)/(73,73)|(8,8)/(105,105)|(25,25)/(88,88)|(32,32)/(81,81)|(49,49)/(64,64)",32187.489447534084,32187.489447534084,1.0,full_hidden,1.0
subtraction_depth1_adamw,1,adamw,final,100000,checkpoints/subtraction_depth_1_adamw_seed_0/step_100000.pt,1.0,1.0,complete_addition_frequency_derangement,3,56,"(42,42)/(71,71)|(25,25)/(88,88)|(39,39)/(74,74)|(29,29)/(84,84)|(55,55)/(58,58)|(32,32)/(81,81)|(16,16)/(97,97)|(13,13)/(100,100)|(26,26)/(87,87)|(45,45)/(68,68)|(52,52)/(61,61)|(50,50)/(63,63)|(43,43)/(70,70)|(10,10)/(103,103)|(35,35)/(78,78)|(12,12)/(101,101)|(3,3)/(110,110)|(47,47)/(66,66)|(23,23)/(90,90)|(8,8)/(105,105)|(4,4)/(109,109)|(36,36)/(77,77)|(19,19)/(94,94)|(38,38)/(75,75)|(6,6)/(107,107)|(51,51)/(62,62)|(1,1)/(112,112)|(49,49)/(64,64)|(7,7)/(106,106)|(31,31)/(82,82)|(48,48)/(65,65)|(24,24)/(89,89)|(27,27)/(86,86)|(37,37)/(76,76)|(20,20)/(93,93)|(54,54)/(59,59)|(11,11)/(102,102)|(33,33)/(80,80)|(30,30)/(83,83)|(9,9)/(104,104)|(22,22)/(91,91)|(46,46)/(67,67)|(14,14)/(99,99)|(2,2)/(111,111)|(15,15)/(98,98)|(41,41)/(72,72)|(40,40)/(73,73)|(53,53)/(60,60)|(28,28)/(85,85)|(17,17)/(96,96)|(34,34)/(79,79)|(44,44)/(69,69)|(5,5)/(108,108)|(21,21)/(92,92)|(56,56)/(57,57)|(18,18)/(95,95)","(23,23)/(90,90)|(36,36)/(77,77)|(8,8)/(105,105)|(27,27)/(86,86)|(52,52)/(61,61)|(48,48)/(65,65)|(32,32)/(81,81)|(46,46)/(67,67)|(5,5)/(108,108)|(24,24)/(89,89)|(29,29)/(84,84)|(10,10)/(103,103)|(16,16)/(97,97)|(17,17)/(96,96)|(49,49)/(64,64)|(42,42)/(71,71)|(37,37)/(76,76)|(7,7)/(106,106)|(28,28)/(85,85)|(18,18)/(95,95)|(12,12)/(101,101)|(4,4)/(109,109)|(47,47)/(66,66)|(19,19)/(94,94)|(55,55)/(58,58)|(34,34)/(79,79)|(45,45)/(68,68)|(11,11)/(102,102)|(35,35)/(78,78)|(53,53)/(60,60)|(41,41)/(72,72)|(21,21)/(92,92)|(3,3)/(110,110)|(54,54)/(59,59)|(14,14)/(99,99)|(56,56)/(57,57)|(30,30)/(83,83)|(13,13)/(100,100)|(2,2)/(111,111)|(39,39)/(74,74)|(51,51)/(62,62)|(33,33)/(80,80)|(15,15)/(98,98)|(22,22)/(91,91)|(38,38)/(75,75)|(20,20)/(93,93)|(6,6)/(107,107)|(50,50)/(63,63)|(26,26)/(87,87)|(43,43)/(70,70)|(44,44)/(69,69)|(25,25)/(88,88)|(31,31)/(82,82)|(40,40)/(73,73)|(9,9)/(104,104)|(1,1)/(112,112)",32187.489447534084,32187.489447534084,1.0,addition_only,0.008849557489156723
subtraction_depth1_adamw,1,adamw,final,100000,checkpoints/subtraction_depth_1_adamw_seed_0/step_100000.pt,1.0,1.0,complete_addition_frequency_derangement,3,56,"(42,42)/(71,71)|(25,25)/(88,88)|(39,39)/(74,74)|(29,29)/(84,84)|(55,55)/(58,58)|(32,32)/(81,81)|(16,16)/(97,97)|(13,13)/(100,100)|(26,26)/(87,87)|(45,45)/(68,68)|(52,52)/(61,61)|(50,50)/(63,63)|(43,43)/(70,70)|(10,10)/(103,103)|(35,35)/(78,78)|(12,12)/(101,101)|(3,3)/(110,110)|(47,47)/(66,66)|(23,23)/(90,90)|(8,8)/(105,105)|(4,4)/(109,109)|(36,36)/(77,77)|(19,19)/(94,94)|(38,38)/(75,75)|(6,6)/(107,107)|(51,51)/(62,62)|(1,1)/(112,112)|(49,49)/(64,64)|(7,7)/(106,106)|(31,31)/(82,82)|(48,48)/(65,65)|(24,24)/(89,89)|(27,27)/(86,86)|(37,37)/(76,76)|(20,20)/(93,93)|(54,54)/(59,59)|(11,11)/(102,102)|(33,33)/(80,80)|(30,30)/(83,83)|(9,9)/(104,104)|(22,22)/(91,91)|(46,46)/(67,67)|(14,14)/(99,99)|(2,2)/(111,111)|(15,15)/(98,98)|(41,41)/(72,72)|(40,40)/(73,73)|(53,53)/(60,60)|(28,28)/(85,85)|(17,17)/(96,96)|(34,34)/(79,79)|(44,44)/(69,69)|(5,5)/(108,108)|(21,21)/(92,92)|(56,56)/(57,57)|(18,18)/(95,95)","(23,23)/(90,90)|(38,38)/(75,75)|(33,33)/(80,80)|(30,30)/(83,83)|(16,16)/(97,97)|(12,12)/(101,101)|(20,20)/(93,93)|(25,25)/(88,88)|(10,10)/(103,103)|(54,54)/(59,59)|(9,9)/(104,104)|(2,2)/(111,111)|(21,21)/(92,92)|(13,13)/(100,100)|(18,18)/(95,95)|(6,6)/(107,107)|(1,1)/(112,112)|(22,22)/(91,91)|(48,48)/(65,65)|(34,34)/(79,79)|(17,17)/(96,96)|(37,37)/(76,76)|(52,52)/(61,61)|(14,14)/(99,99)|(56,56)/(57,57)|(44,44)/(69,69)|(39,39)/(74,74)|(47,47)/(66,66)|(35,35)/(78,78)|(50,50)/(63,63)|(31,31)/(82,82)|(7,7)/(106,106)|(8,8)/(105,105)|(4,4)/(109,109)|(19,19)/(94,94)|(36,36)/(77,77)|(53,53)/(60,60)|(45,45)/(68,68)|(28,28)/(85,85)|(51,51)/(62,62)|(26,26)/(87,87)|(29,29)/(84,84)|(11,11)/(102,102)|(32,32)/(81,81)|(24,24)/(89,89)|(27,27)/(86,86)|(55,55)/(58,58)|(5,5)/(108,108)|(49,49)/(64,64)|(42,42)/(71,71)|(43,43)/(70,70)|(15,15)/(98,98)|(41,41)/(72,72)|(46,46)/(67,67)|(40,40)/(73,73)|(3,3)/(110,110)",32187.489447534084,32187.489447534084,1.0,full_hidden,1.0
subtraction_depth1_adamw,1,adamw,final,100000,checkpoints/subtraction_depth_1_adamw_seed_0/step_100000.pt,1.0,1.0,complete_addition_frequency_derangement,4,56,"(42,42)/(71,71)|(25,25)/(88,88)|(39,39)/(74,74)|(29,29)/(84,84)|(55,55)/(58,58)|(32,32)/(81,81)|(16,16)/(97,97)|(13,13)/(100,100)|(26,26)/(87,87)|(45,45)/(68,68)|(52,52)/(61,61)|(50,50)/(63,63)|(43,43)/(70,70)|(10,10)/(103,103)|(35,35)/(78,78)|(12,12)/(101,101)|(3,3)/(110,110)|(47,47)/(66,66)|(23,23)/(90,90)|(8,8)/(105,105)|(4,4)/(109,109)|(36,36)/(77,77)|(19,19)/(94,94)|(38,38)/(75,75)|(6,6)/(107,107)|(51,51)/(62,62)|(1,1)/(112,112)|(49,49)/(64,64)|(7,7)/(106,106)|(31,31)/(82,82)|(48,48)/(65,65)|(24,24)/(89,89)|(27,27)/(86,86)|(37,37)/(76,76)|(20,20)/(93,93)|(54,54)/(59,59)|(11,11)/(102,102)|(33,33)/(80,80)|(30,30)/(83,83)|(9,9)/(104,104)|(22,22)/(91,91)|(46,46)/(67,67)|(14,14)/(99,99)|(2,2)/(111,111)|(15,15)/(98,98)|(41,41)/(72,72)|(40,40)/(73,73)|(53,53)/(60,60)|(28,28)/(85,85)|(17,17)/(96,96)|(34,34)/(79,79)|(44,44)/(69,69)|(5,5)/(108,108)|(21,21)/(92,92)|(56,56)/(57,57)|(18,18)/(95,95)","(40,40)/(73,73)|(53,53)/(60,60)|(25,25)/(88,88)|(31,31)/(82,82)|(46,46)/(67,67)|(41,41)/(72,72)|(17,17)/(96,96)|(2,2)/(111,111)|(51,51)/(62,62)|(36,36)/(77,77)|(55,55)/(58,58)|(11,11)/(102,102)|(56,56)/(57,57)|(32,32)/(81,81)|(24,24)/(89,89)|(8,8)/(105,105)|(48,48)/(65,65)|(1,1)/(112,112)|(29,29)/(84,84)|(26,26)/(87,87)|(10,10)/(103,103)|(19,19)/(94,94)|(9,9)/(104,104)|(12,12)/(101,101)|(28,28)/(85,85)|(50,50)/(63,63)|(45,45)/(68,68)|(42,42)/(71,71)|(52,52)/(61,61)|(14,14)/(99,99)|(44,44)/(69,69)|(43,43)/(70,70)|(3,3)/(110,110)|(47,47)/(66,66)|(33,33)/(80,80)|(7,7)/(106,106)|(49,49)/(64,64)|(54,54)/(59,59)|(20,20)/(93,93)|(15,15)/(98,98)|(21,21)/(92,92)|(39,39)/(74,74)|(18,18)/(95,95)|(34,34)/(79,79)|(27,27)/(86,86)|(4,4)/(109,109)|(5,5)/(108,108)|(23,23)/(90,90)|(38,38)/(75,75)|(13,13)/(100,100)|(16,16)/(97,97)|(22,22)/(91,91)|(35,35)/(78,78)|(37,37)/(76,76)|(30,30)/(83,83)|(6,6)/(107,107)",32187.489447534084,32187.489447534084,1.0,addition_only,0.008849557489156723
subtraction_depth1_adamw,1,adamw,final,100000,checkpoints/subtraction_depth_1_adamw_seed_0/step_100000.pt,1.0,1.0,complete_addition_frequency_derangement,4,56,"(42,42)/(71,71)|(25,25)/(88,88)|(39,39)/(74,74)|(29,29)/(84,84)|(55,55)/(58,58)|(32,32)/(81,81)|(16,16)/(97,97)|(13,13)/(100,100)|(26,26)/(87,87)|(45,45)/(68,68)|(52,52)/(61,61)|(50,50)/(63,63)|(43,43)/(70,70)|(10,10)/(103,103)|(35,35)/(78,78)|(12,12)/(101,101)|(3,3)/(110,110)|(47,47)/(66,66)|(23,23)/(90,90)|(8,8)/(105,105)|(4,4)/(109,109)|(36,36)/(77,77)|(19,19)/(94,94)|(38,38)/(75,75)|(6,6)/(107,107)|(51,51)/(62,62)|(1,1)/(112,112)|(49,49)/(64,64)|(7,7)/(106,106)|(31,31)/(82,82)|(48,48)/(65,65)|(24,24)/(89,89)|(27,27)/(86,86)|(37,37)/(76,76)|(20,20)/(93,93)|(54,54)/(59,59)|(11,11)/(102,102)|(33,33)/(80,80)|(30,30)/(83,83)|(9,9)/(104,104)|(22,22)/(91,91)|(46,46)/(67,67)|(14,14)/(99,99)|(2,2)/(111,111)|(15,15)/(98,98)|(41,41)/(72,72)|(40,40)/(73,73)|(53,53)/(60,60)|(28,28)/(85,85)|(17,17)/(96,96)|(34,34)/(79,79)|(44,44)/(69,69)|(5,5)/(108,108)|(21,21)/(92,92)|(56,56)/(57,57)|(18,18)/(95,95)","(28,28)/(85,85)|(13,13)/(100,100)|(12,12)/(101,101)|(37,37)/(76,76)|(18,18)/(95,95)|(25,25)/(88,88)|(6,6)/(107,107)|(47,47)/(66,66)|(4,4)/(109,109)|(35,35)/(78,78)|(27,27)/(86,86)|(53,53)/(60,60)|(52,52)/(61,61)|(23,23)/(90,90)|(10,10)/(103,103)|(11,11)/(102,102)|(21,21)/(92,92)|(24,24)/(89,89)|(34,34)/(79,79)|(30,30)/(83,83)|(45,45)/(68,68)|(39,39)/(74,74)|(3,3)/(110,110)|(9,9)/(104,104)|(54,54)/(59,59)|(17,17)/(96,96)|(2,2)/(111,111)|(55,55)/(58,58)|(44,44)/(69,69)|(14,14)/(99,99)|(7,7)/(106,106)|(5,5)/(108,108)|(1,1)/(112,112)|(56,56)/(57,57)|(19,19)/(94,94)|(31,31)/(82,82)|(26,26)/(87,87)|(29,29)/(84,84)|(36,36)/(77,77)|(38,38)/(75,75)|(46,46)/(67,67)|(32,32)/(81,81)|(22,22)/(91,91)|(51,51)/(62,62)|(50,50)/(63,63)|(48,48)/(65,65)|(16,16)/(97,97)|(20,20)/(93,93)|(8,8)/(105,105)|(15,15)/(98,98)|(33,33)/(80,80)|(49,49)/(64,64)|(42,42)/(71,71)|(40,40)/(73,73)|(43,43)/(70,70)|(41,41)/(72,72)",32187.489447534084,32187.489447534084,1.0,full_hidden,1.0
subtraction_depth1_adamw,1,adamw,final,100000,checkpoints/subtraction_depth_1_adamw_seed_0/step_100000.pt,1.0,1.0,complete_addition_frequency_derangement,5,56,"(42,42)/(71,71)|(25,25)/(88,88)|(39,39)/(74,74)|(29,29)/(84,84)|(55,55)/(58,58)|(32,32)/(81,81)|(16,16)/(97,97)|(13,13)/(100,100)|(26,26)/(87,87)|(45,45)/(68,68)|(52,52)/(61,61)|(50,50)/(63,63)|(43,43)/(70,70)|(10,10)/(103,103)|(35,35)/(78,78)|(12,12)/(101,101)|(3,3)/(110,110)|(47,47)/(66,66)|(23,23)/(90,90)|(8,8)/(105,105)|(4,4)/(109,109)|(36,36)/(77,77)|(19,19)/(94,94)|(38,38)/(75,75)|(6,6)/(107,107)|(51,51)/(62,62)|(1,1)/(112,112)|(49,49)/(64,64)|(7,7)/(106,106)|(31,31)/(82,82)|(48,48)/(65,65)|(24,24)/(89,89)|(27,27)/(86,86)|(37,37)/(76,76)|(20,20)/(93,93)|(54,54)/(59,59)|(11,11)/(102,102)|(33,33)/(80,80)|(30,30)/(83,83)|(9,9)/(104,104)|(22,22)/(91,91)|(46,46)/(67,67)|(14,14)/(99,99)|(2,2)/(111,111)|(15,15)/(98,98)|(41,41)/(72,72)|(40,40)/(73,73)|(53,53)/(60,60)|(28,28)/(85,85)|(17,17)/(96,96)|(34,34)/(79,79)|(44,44)/(69,69)|(5,5)/(108,108)|(21,21)/(92,92)|(56,56)/(57,57)|(18,18)/(95,95)","(47,47)/(66,66)|(53,53)/(60,60)|(13,13)/(100,100)|(48,48)/(65,65)|(36,36)/(77,77)|(16,16)/(97,97)|(26,26)/(87,87)|(14,14)/(99,99)|(27,27)/(86,86)|(50,50)/(63,63)|(29,29)/(84,84)|(18,18)/(95,95)|(33,33)/(80,80)|(38,38)/(75,75)|(6,6)/(107,107)|(43,43)/(70,70)|(52,52)/(61,61)|(20,20)/(93,93)|(37,37)/(76,76)|(39,39)/(74,74)|(22,22)/(91,91)|(28,28)/(85,85)|(55,55)/(58,58)|(7,7)/(106,106)|(31,31)/(82,82)|(19,19)/(94,94)|(40,40)/(73,73)|(46,46)/(67,67)|(8,8)/(105,105)|(9,9)/(104,104)|(42,42)/(71,71)|(1,1)/(112,112)|(23,23)/(90,90)|(44,44)/(69,69)|(51,51)/(62,62)|(49,49)/(64,64)|(21,21)/(92,92)|(56,56)/(57,57)|(32,32)/(81,81)|(5,5)/(108,108)|(2,2)/(111,111)|(17,17)/(96,96)|(30,30)/(83,83)|(45,45)/(68,68)|(54,54)/(59,59)|(34,34)/(79,79)|(25,25)/(88,88)|(35,35)/(78,78)|(3,3)/(110,110)|(41,41)/(72,72)|(24,24)/(89,89)|(10,10)/(103,103)|(12,12)/(101,101)|(4,4)/(109,109)|(11,11)/(102,102)|(15,15)/(98,98)",32187.489447534084,32187.489447534084,1.0,addition_only,0.008849557489156723
subtraction_depth1_adamw,1,adamw,final,100000,checkpoints/subtraction_depth_1_adamw_seed_0/step_100000.pt,1.0,1.0,complete_addition_frequency_derangement,5,56,"(42,42)/(71,71)|(25,25)/(88,88)|(39,39)/(74,74)|(29,29)/(84,84)|(55,55)/(58,58)|(32,32)/(81,81)|(16,16)/(97,97)|(13,13)/(100,100)|(26,26)/(87,87)|(45,45)/(68,68)|(52,52)/(61,61)|(50,50)/(63,63)|(43,43)/(70,70)|(10,10)/(103,103)|(35,35)/(78,78)|(12,12)/(101,101)|(3,3)/(110,110)|(47,47)/(66,66)|(23,23)/(90,90)|(8,8)/(105,105)|(4,4)/(109,109)|(36,36)/(77,77)|(19,19)/(94,94)|(38,38)/(75,75)|(6,6)/(107,107)|(51,51)/(62,62)|(1,1)/(112,112)|(49,49)/(64,64)|(7,7)/(106,106)|(31,31)/(82,82)|(48,48)/(65,65)|(24,24)/(89,89)|(27,27)/(86,86)|(37,37)/(76,76)|(20,20)/(93,93)|(54,54)/(59,59)|(11,11)/(102,102)|(33,33)/(80,80)|(30,30)/(83,83)|(9,9)/(104,104)|(22,22)/(91,91)|(46,46)/(67,67)|(14,14)/(99,99)|(2,2)/(111,111)|(15,15)/(98,98)|(41,41)/(72,72)|(40,40)/(73,73)|(53,53)/(60,60)|(28,28)/(85,85)|(17,17)/(96,96)|(34,34)/(79,79)|(44,44)/(69,69)|(5,5)/(108,108)|(21,21)/(92,92)|(56,56)/(57,57)|(18,18)/(95,95)","(38,38)/(75,75)|(1,1)/(112,112)|(21,21)/(92,92)|(53,53)/(60,60)|(7,7)/(106,106)|(28,28)/(85,85)|(56,56)/(57,57)|(4,4)/(109,109)|(44,44)/(69,69)|(42,42)/(71,71)|(54,54)/(59,59)|(43,43)/(70,70)|(47,47)/(66,66)|(13,13)/(100,100)|(3,3)/(110,110)|(55,55)/(58,58)|(50,50)/(63,63)|(15,15)/(98,98)|(29,29)/(84,84)|(31,31)/(82,82)|(5,5)/(108,108)|(23,23)/(90,90)|(41,41)/(72,72)|(40,40)/(73,73)|(9,9)/(104,104)|(2,2)/(111,111)|(32,32)/(81,81)|(14,14)/(99,99)|(12,12)/(101,101)|(10,10)/(103,103)|(35,35)/(78,78)|(11,11)/(102,102)|(52,52)/(61,61)|(26,26)/(87,87)|(37,37)/(76,76)|(22,22)/(91,91)|(6,6)/(107,107)|(51,51)/(62,62)|(45,45)/(68,68)|(49,49)/(64,64)|(48,48)/(65,65)|(16,16)/(97,97)|(36,36)/(77,77)|(25,25)/(88,88)|(33,33)/(80,80)|(8,8)/(105,105)|(27,27)/(86,86)|(46,46)/(67,67)|(30,30)/(83,83)|(18,18)/(95,95)|(39,39)/(74,74)|(17,17)/(96,96)|(20,20)/(93,93)|(19,19)/(94,94)|(34,34)/(79,79)|(24,24)/(89,89)",32187.489447534084,32187.489447534084,1.0,full_hidden,1.0
subtraction_depth1_adamw,1,adamw,final,100000,checkpoints/subtraction_depth_1_adamw_seed_0/step_100000.pt,1.0,1.0,complete_addition_frequency_derangement,6,56,"(42,42)/(71,71)|(25,25)/(88,88)|(39,39)/(74,74)|(29,29)/(84,84)|(55,55)/(58,58)|(32,32)/(81,81)|(16,16)/(97,97)|(13,13)/(100,100)|(26,26)/(87,87)|(45,45)/(68,68)|(52,52)/(61,61)|(50,50)/(63,63)|(43,43)/(70,70)|(10,10)/(103,103)|(35,35)/(78,78)|(12,12)/(101,101)|(3,3)/(110,110)|(47,47)/(66,66)|(23,23)/(90,90)|(8,8)/(105,105)|(4,4)/(109,109)|(36,36)/(77,77)|(19,19)/(94,94)|(38,38)/(75,75)|(6,6)/(107,107)|(51,51)/(62,62)|(1,1)/(112,112)|(49,49)/(64,64)|(7,7)/(106,106)|(31,31)/(82,82)|(48,48)/(65,65)|(24,24)/(89,89)|(27,27)/(86,86)|(37,37)/(76,76)|(20,20)/(93,93)|(54,54)/(59,59)|(11,11)/(102,102)|(33,33)/(80,80)|(30,30)/(83,83)|(9,9)/(104,104)|(22,22)/(91,91)|(46,46)/(67,67)|(14,14)/(99,99)|(2,2)/(111,111)|(15,15)/(98,98)|(41,41)/(72,72)|(40,40)/(73,73)|(53,53)/(60,60)|(28,28)/(85,85)|(17,17)/(96,96)|(34,34)/(79,79)|(44,44)/(69,69)|(5,5)/(108,108)|(21,21)/(92,92)|(56,56)/(57,57)|(18,18)/(95,95)","(12,12)/(101,101)|(18,18)/(95,95)|(21,21)/(92,92)|(47,47)/(66,66)|(27,27)/(86,86)|(25,25)/(88,88)|(43,43)/(70,70)|(23,23)/(90,90)|(16,16)/(97,97)|(2,2)/(111,111)|(44,44)/(69,69)|(48,48)/(65,65)|(29,29)/(84,84)|(50,50)/(63,63)|(11,11)/(102,102)|(1,1)/(112,112)|(5,5)/(108,108)|(4,4)/(109,109)|(24,24)/(89,89)|(14,14)/(99,99)|(9,9)/(104,104)|(8,8)/(105,105)|(49,49)/(64,64)|(7,7)/(106,106)|(19,19)/(94,94)|(33,33)/(80,80)|(37,37)/(76,76)|(39,39)/(74,74)|(53,53)/(60,60)|(45,45)/(68,68)|(35,35)/(78,78)|(40,40)/(73,73)|(52,52)/(61,61)|(30,30)/(83,83)|(51,51)/(62,62)|(22,22)/(91,91)|(17,17)/(96,96)|(55,55)/(58,58)|(46,46)/(67,67)|(26,26)/(87,87)|(20,20)/(93,93)|(10,10)/(103,103)|(3,3)/(110,110)|(54,54)/(59,59)|(34,34)/(79,79)|(15,15)/(98,98)|(41,41)/(72,72)|(6,6)/(107,107)|(56,56)/(57,57)|(32,32)/(81,81)|(36,36)/(77,77)|(38,38)/(75,75)|(13,13)/(100,100)|(31,31)/(82,82)|(28,28)/(85,85)|(42,42)/(71,71)",32187.489447534084,32187.489447534084,1.0,addition_only,0.008849557489156723
subtraction_depth1_adamw,1,adamw,final,100000,checkpoints/subtraction_depth_1_adamw_seed_0/step_100000.pt,1.0,1.0,complete_addition_frequency_derangement,6,56,"(42,42)/(71,71)|(25,25)/(88,88)|(39,39)/(74,74)|(29,29)/(84,84)|(55,55)/(58,58)|(32,32)/(81,81)|(16,16)/(97,97)|(13,13)/(100,100)|(26,26)/(87,87)|(45,45)/(68,68)|(52,52)/(61,61)|(50,50)/(63,63)|(43,43)/(70,70)|(10,10)/(103,103)|(35,35)/(78,78)|(12,12)/(101,101)|(3,3)/(110,110)|(47,47)/(66,66)|(23,23)/(90,90)|(8,8)/(105,105)|(4,4)/(109,109)|(36,36)/(77,77)|(19,19)/(94,94)|(38,38)/(75,75)|(6,6)/(107,107)|(51,51)/(62,62)|(1,1)/(112,112)|(49,49)/(64,64)|(7,7)/(106,106)|(31,31)/(82,82)|(48,48)/(65,65)|(24,24)/(89,89)|(27,27)/(86,86)|(37,37)/(76,76)|(20,20)/(93,93)|(54,54)/(59,59)|(11,11)/(102,102)|(33,33)/(80,80)|(30,30)/(83,83)|(9,9)/(104,104)|(22,22)/(91,91)|(46,46)/(67,67)|(14,14)/(99,99)|(2,2)/(111,111)|(15,15)/(98,98)|(41,41)/(72,72)|(40,40)/(73,73)|(53,53)/(60,60)|(28,28)/(85,85)|(17,17)/(96,96)|(34,34)/(79,79)|(44,44)/(69,69)|(5,5)/(108,108)|(21,21)/(92,92)|(56,56)/(57,57)|(18,18)/(95,95)","(36,36)/(77,77)|(3,3)/(110,110)|(54,54)/(59,59)|(52,52)/(61,61)|(42,42)/(71,71)|(24,24)/(89,89)|(25,25)/(88,88)|(39,39)/(74,74)|(38,38)/(75,75)|(18,18)/(95,95)|(7,7)/(106,106)|(33,33)/(80,80)|(37,37)/(76,76)|(51,51)/(62,62)|(22,22)/(91,91)|(8,8)/(105,105)|(41,41)/(72,72)|(49,49)/(64,64)|(1,1)/(112,112)|(40,40)/(73,73)|(47,47)/(66,66)|(12,12)/(101,101)|(32,32)/(81,81)|(5,5)/(108,108)|(13,13)/(100,100)|(31,31)/(82,82)|(6,6)/(107,107)|(17,17)/(96,96)|(15,15)/(98,98)|(53,53)/(60,60)|(10,10)/(103,103)|(30,30)/(83,83)|(11,11)/(102,102)|(2,2)/(111,111)|(55,55)/(58,58)|(43,43)/(70,70)|(44,44)/(69,69)|(29,29)/(84,84)|(21,21)/(92,92)|(50,50)/(63,63)|(26,26)/(87,87)|(4,4)/(109,109)|(19,19)/(94,94)|(56,56)/(57,57)|(23,23)/(90,90)|(9,9)/(104,104)|(45,45)/(68,68)|(48,48)/(65,65)|(14,14)/(99,99)|(35,35)/(78,78)|(20,20)/(93,93)|(16,16)/(97,97)|(34,34)/(79,79)|(27,27)/(86,86)|(46,46)/(67,67)|(28,28)/(85,85)",32187.489447534084,32187.489447534084,1.0,full_hidden,1.0
subtraction_depth1_adamw,1,adamw,final,100000,checkpoints/subtraction_depth_1_adamw_seed_0/step_100000.pt,1.0,1.0,complete_addition_frequency_derangement,7,56,"(42,42)/(71,71)|(25,25)/(88,88)|(39,39)/(74,74)|(29,29)/(84,84)|(55,55)/(58,58)|(32,32)/(81,81)|(16,16)/(97,97)|(13,13)/(100,100)|(26,26)/(87,87)|(45,45)/(68,68)|(52,52)/(61,61)|(50,50)/(63,63)|(43,43)/(70,70)|(10,10)/(103,103)|(35,35)/(78,78)|(12,12)/(101,101)|(3,3)/(110,110)|(47,47)/(66,66)|(23,23)/(90,90)|(8,8)/(105,105)|(4,4)/(109,109)|(36,36)/(77,77)|(19,19)/(94,94)|(38,38)/(75,75)|(6,6)/(107,107)|(51,51)/(62,62)|(1,1)/(112,112)|(49,49)/(64,64)|(7,7)/(106,106)|(31,31)/(82,82)|(48,48)/(65,65)|(24,24)/(89,89)|(27,27)/(86,86)|(37,37)/(76,76)|(20,20)/(93,93)|(54,54)/(59,59)|(11,11)/(102,102)|(33,33)/(80,80)|(30,30)/(83,83)|(9,9)/(104,104)|(22,22)/(91,91)|(46,46)/(67,67)|(14,14)/(99,99)|(2,2)/(111,111)|(15,15)/(98,98)|(41,41)/(72,72)|(40,40)/(73,73)|(53,53)/(60,60)|(28,28)/(85,85)|(17,17)/(96,96)|(34,34)/(79,79)|(44,44)/(69,69)|(5,5)/(108,108)|(21,21)/(92,92)|(56,56)/(57,57)|(18,18)/(95,95)","(15,15)/(98,98)|(2,2)/(111,111)|(19,19)/(94,94)|(50,50)/(63,63)|(30,30)/(83,83)|(49,49)/(64,64)|(47,47)/(66,66)|(9,9)/(104,104)|(10,10)/(103,103)|(35,35)/(78,78)|(31,31)/(82,82)|(26,26)/(87,87)|(39,39)/(74,74)|(27,27)/(86,86)|(22,22)/(91,91)|(48,48)/(65,65)|(11,11)/(102,102)|(13,13)/(100,100)|(12,12)/(101,101)|(20,20)/(93,93)|(23,23)/(90,90)|(51,51)/(62,62)|(28,28)/(85,85)|(43,43)/(70,70)|(1,1)/(112,112)|(7,7)/(106,106)|(16,16)/(97,97)|(53,53)/(60,60)|(56,56)/(57,57)|(29,29)/(84,84)|(6,6)/(107,107)|(14,14)/(99,99)|(42,42)/(71,71)|(21,21)/(92,92)|(54,54)/(59,59)|(5,5)/(108,108)|(34,34)/(79,79)|(32,32)/(81,81)|(37,37)/(76,76)|(41,41)/(72,72)|(33,33)/(80,80)|(17,17)/(96,96)|(52,52)/(61,61)|(55,55)/(58,58)|(38,38)/(75,75)|(4,4)/(109,109)|(44,44)/(69,69)|(3,3)/(110,110)|(45,45)/(68,68)|(24,24)/(89,89)|(46,46)/(67,67)|(8,8)/(105,105)|(18,18)/(95,95)|(40,40)/(73,73)|(25,25)/(88,88)|(36,36)/(77,77)",32187.489447534084,32187.489447534084,1.0,addition_only,0.008849557489156723
subtraction_depth1_adamw,1,adamw,final,100000,checkpoints/subtraction_depth_1_adamw_seed_0/step_100000.pt,1.0,1.0,complete_addition_frequency_derangement,7,56,"(42,42)/(71,71)|(25,25)/(88,88)|(39,39)/(74,74)|(29,29)/(84,84)|(55,55)/(58,58)|(32,32)/(81,81)|(16,16)/(97,97)|(13,13)/(100,100)|(26,26)/(87,87)|(45,45)/(68,68)|(52,52)/(61,61)|(50,50)/(63,63)|(43,43)/(70,70)|(10,10)/(103,103)|(35,35)/(78,78)|(12,12)/(101,101)|(3,3)/(110,110)|(47,47)/(66,66)|(23,23)/(90,90)|(8,8)/(105,105)|(4,4)/(109,109)|(36,36)/(77,77)|(19,19)/(94,94)|(38,38)/(75,75)|(6,6)/(107,107)|(51,51)/(62,62)|(1,1)/(112,112)|(49,49)/(64,64)|(7,7)/(106,106)|(31,31)/(82,82)|(48,48)/(65,65)|(24,24)/(89,89)|(27,27)/(86,86)|(37,37)/(76,76)|(20,20)/(93,93)|(54,54)/(59,59)|(11,11)/(102,102)|(33,33)/(80,80)|(30,30)/(83,83)|(9,9)/(104,104)|(22,22)/(91,91)|(46,46)/(67,67)|(14,14)/(99,99)|(2,2)/(111,111)|(15,15)/(98,98)|(41,41)/(72,72)|(40,40)/(73,73)|(53,53)/(60,60)|(28,28)/(85,85)|(17,17)/(96,96)|(34,34)/(79,79)|(44,44)/(69,69)|(5,5)/(108,108)|(21,21)/(92,92)|(56,56)/(57,57)|(18,18)/(95,95)","(27,27)/(86,86)|(46,46)/(67,67)|(48,48)/(65,65)|(35,35)/(78,78)|(1,1)/(112,112)|(30,30)/(83,83)|(26,26)/(87,87)|(10,10)/(103,103)|(16,16)/(97,97)|(36,36)/(77,77)|(17,17)/(96,96)|(33,33)/(80,80)|(49,49)/(64,64)|(7,7)/(106,106)|(41,41)/(72,72)|(15,15)/(98,98)|(55,55)/(58,58)|(45,45)/(68,68)|(5,5)/(108,108)|(3,3)/(110,110)|(19,19)/(94,94)|(13,13)/(100,100)|(24,24)/(89,89)|(2,2)/(111,111)|(21,21)/(92,92)|(6,6)/(107,107)|(53,53)/(60,60)|(11,11)/(102,102)|(20,20)/(93,93)|(34,34)/(79,79)|(8,8)/(105,105)|(4,4)/(109,109)|(29,29)/(84,84)|(56,56)/(57,57)|(54,54)/(59,59)|(14,14)/(99,99)|(32,32)/(81,81)|(40,40)/(73,73)|(31,31)/(82,82)|(52,52)/(61,61)|(38,38)/(75,75)|(28,28)/(85,85)|(25,25)/(88,88)|(47,47)/(66,66)|(43,43)/(70,70)|(22,22)/(91,91)|(9,9)/(104,104)|(23,23)/(90,90)|(39,39)/(74,74)|(18,18)/(95,95)|(44,44)/(69,69)|(12,12)/(101,101)|(42,42)/(71,71)|(50,50)/(63,63)|(37,37)/(76,76)|(51,51)/(62,62)",32187.489447534084,32187.489447534084,1.0,full_hidden,1.0
subtraction_depth1_adamw,1,adamw,final,100000,checkpoints/subtraction_depth_1_adamw_seed_0/step_100000.pt,1.0,1.0,complete_addition_frequency_derangement,8,56,"(42,42)/(71,71)|(25,25)/(88,88)|(39,39)/(74,74)|(29,29)/(84,84)|(55,55)/(58,58)|(32,32)/(81,81)|(16,16)/(97,97)|(13,13)/(100,100)|(26,26)/(87,87)|(45,45)/(68,68)|(52,52)/(61,61)|(50,50)/(63,63)|(43,43)/(70,70)|(10,10)/(103,103)|(35,35)/(78,78)|(12,12)/(101,101)|(3,3)/(110,110)|(47,47)/(66,66)|(23,23)/(90,90)|(8,8)/(105,105)|(4,4)/(109,109)|(36,36)/(77,77)|(19,19)/(94,94)|(38,38)/(75,75)|(6,6)/(107,107)|(51,51)/(62,62)|(1,1)/(112,112)|(49,49)/(64,64)|(7,7)/(106,106)|(31,31)/(82,82)|(48,48)/(65,65)|(24,24)/(89,89)|(27,27)/(86,86)|(37,37)/(76,76)|(20,20)/(93,93)|(54,54)/(59,59)|(11,11)/(102,102)|(33,33)/(80,80)|(30,30)/(83,83)|(9,9)/(104,104)|(22,22)/(91,91)|(46,46)/(67,67)|(14,14)/(99,99)|(2,2)/(111,111)|(15,15)/(98,98)|(41,41)/(72,72)|(40,40)/(73,73)|(53,53)/(60,60)|(28,28)/(85,85)|(17,17)/(96,96)|(34,34)/(79,79)|(44,44)/(69,69)|(5,5)/(108,108)|(21,21)/(92,92)|(56,56)/(57,57)|(18,18)/(95,95)","(49,49)/(64,64)|(52,52)/(61,61)|(47,47)/(66,66)|(24,24)/(89,89)|(8,8)/(105,105)|(16,16)/(97,97)|(30,30)/(83,83)|(41,41)/(72,72)|(15,15)/(98,98)|(44,44)/(69,69)|(11,11)/(102,102)|(33,33)/(80,80)|(2,2)/(111,111)|(36,36)/(77,77)|(37,37)/(76,76)|(20,20)/(93,93)|(48,48)/(65,65)|(31,31)/(82,82)|(4,4)/(109,109)|(34,34)/(79,79)|(53,53)/(60,60)|(13,13)/(100,100)|(14,14)/(99,99)|(23,23)/(90,90)|(27,27)/(86,86)|(43,43)/(70,70)|(40,40)/(73,73)|(50,50)/(63,63)|(42,42)/(71,71)|(56,56)/(57,57)|(39,39)/(74,74)|(7,7)/(106,106)|(35,35)/(78,78)|(55,55)/(58,58)|(17,17)/(96,96)|(12,12)/(101,101)|(32,32)/(81,81)|(29,29)/(84,84)|(22,22)/(91,91)|(19,19)/(94,94)|(25,25)/(88,88)|(21,21)/(92,92)|(54,54)/(59,59)|(26,26)/(87,87)|(3,3)/(110,110)|(6,6)/(107,107)|(9,9)/(104,104)|(46,46)/(67,67)|(5,5)/(108,108)|(28,28)/(85,85)|(45,45)/(68,68)|(18,18)/(95,95)|(10,10)/(103,103)|(38,38)/(75,75)|(1,1)/(112,112)|(51,51)/(62,62)",32187.489447534084,32187.489447534084,1.0,addition_only,0.008849557489156723
subtraction_depth1_adamw,1,adamw,final,100000,checkpoints/subtraction_depth_1_adamw_seed_0/step_100000.pt,1.0,1.0,complete_addition_frequency_derangement,8,56,"(42,42)/(71,71)|(25,25)/(88,88)|(39,39)/(74,74)|(29,29)/(84,84)|(55,55)/(58,58)|(32,32)/(81,81)|(16,16)/(97,97)|(13,13)/(100,100)|(26,26)/(87,87)|(45,45)/(68,68)|(52,52)/(61,61)|(50,50)/(63,63)|(43,43)/(70,70)|(10,10)/(103,103)|(35,35)/(78,78)|(12,12)/(101,101)|(3,3)/(110,110)|(47,47)/(66,66)|(23,23)/(90,90)|(8,8)/(105,105)|(4,4)/(109,109)|(36,36)/(77,77)|(19,19)/(94,94)|(38,38)/(75,75)|(6,6)/(107,107)|(51,51)/(62,62)|(1,1)/(112,112)|(49,49)/(64,64)|(7,7)/(106,106)|(31,31)/(82,82)|(48,48)/(65,65)|(24,24)/(89,89)|(27,27)/(86,86)|(37,37)/(76,76)|(20,20)/(93,93)|(54,54)/(59,59)|(11,11)/(102,102)|(33,33)/(80,80)|(30,30)/(83,83)|(9,9)/(104,104)|(22,22)/(91,91)|(46,46)/(67,67)|(14,14)/(99,99)|(2,2)/(111,111)|(15,15)/(98,98)|(41,41)/(72,72)|(40,40)/(73,73)|(53,53)/(60,60)|(28,28)/(85,85)|(17,17)/(96,96)|(34,34)/(79,79)|(44,44)/(69,69)|(5,5)/(108,108)|(21,21)/(92,92)|(56,56)/(57,57)|(18,18)/(95,95)","(17,17)/(96,96)|(22,22)/(91,91)|(56,56)/(57,57)|(47,47)/(66,66)|(33,33)/(80,80)|(21,21)/(92,92)|(52,52)/(61,61)|(26,26)/(87,87)|(32,32)/(81,81)|(53,53)/(60,60)|(34,34)/(79,79)|(30,30)/(83,83)|(8,8)/(105,105)|(48,48)/(65,65)|(54,54)/(59,59)|(11,11)/(102,102)|(6,6)/(107,107)|(16,16)/(97,97)|(43,43)/(70,70)|(20,20)/(93,93)|(15,15)/(98,98)|(39,39)/(74,74)|(7,7)/(106,106)|(23,23)/(90,90)|(19,19)/(94,94)|(36,36)/(77,77)|(25,25)/(88,88)|(44,44)/(69,69)|(14,14)/(99,99)|(42,42)/(71,71)|(55,55)/(58,58)|(49,49)/(64,64)|(10,10)/(103,103)|(28,28)/(85,85)|(5,5)/(108,108)|(46,46)/(67,67)|(37,37)/(76,76)|(40,40)/(73,73)|(29,29)/(84,84)|(45,45)/(68,68)|(12,12)/(101,101)|(35,35)/(78,78)|(2,2)/(111,111)|(50,50)/(63,63)|(24,24)/(89,89)|(4,4)/(109,109)|(31,31)/(82,82)|(1,1)/(112,112)|(41,41)/(72,72)|(3,3)/(110,110)|(13,13)/(100,100)|(18,18)/(95,95)|(27,27)/(86,86)|(38,38)/(75,75)|(51,51)/(62,62)|(9,9)/(104,104)",32187.489447534084,32187.489447534084,1.0,full_hidden,1.0
subtraction_depth1_adamw,1,adamw,final,100000,checkpoints/subtraction_depth_1_adamw_seed_0/step_100000.pt,1.0,1.0,complete_addition_frequency_derangement,9,56,"(42,42)/(71,71)|(25,25)/(88,88)|(39,39)/(74,74)|(29,29)/(84,84)|(55,55)/(58,58)|(32,32)/(81,81)|(16,16)/(97,97)|(13,13)/(100,100)|(26,26)/(87,87)|(45,45)/(68,68)|(52,52)/(61,61)|(50,50)/(63,63)|(43,43)/(70,70)|(10,10)/(103,103)|(35,35)/(78,78)|(12,12)/(101,101)|(3,3)/(110,110)|(47,47)/(66,66)|(23,23)/(90,90)|(8,8)/(105,105)|(4,4)/(109,109)|(36,36)/(77,77)|(19,19)/(94,94)|(38,38)/(75,75)|(6,6)/(107,107)|(51,51)/(62,62)|(1,1)/(112,112)|(49,49)/(64,64)|(7,7)/(106,106)|(31,31)/(82,82)|(48,48)/(65,65)|(24,24)/(89,89)|(27,27)/(86,86)|(37,37)/(76,76)|(20,20)/(93,93)|(54,54)/(59,59)|(11,11)/(102,102)|(33,33)/(80,80)|(30,30)/(83,83)|(9,9)/(104,104)|(22,22)/(91,91)|(46,46)/(67,67)|(14,14)/(99,99)|(2,2)/(111,111)|(15,15)/(98,98)|(41,41)/(72,72)|(40,40)/(73,73)|(53,53)/(60,60)|(28,28)/(85,85)|(17,17)/(96,96)|(34,34)/(79,79)|(44,44)/(69,69)|(5,5)/(108,108)|(21,21)/(92,92)|(56,56)/(57,57)|(18,18)/(95,95)","(51,51)/(62,62)|(40,40)/(73,73)|(2,2)/(111,111)|(11,11)/(102,102)|(44,44)/(69,69)|(49,49)/(64,64)|(1,1)/(112,112)|(17,17)/(96,96)|(31,31)/(82,82)|(24,24)/(89,89)|(22,22)/(91,91)|(53,53)/(60,60)|(39,39)/(74,74)|(56,56)/(57,57)|(32,32)/(81,81)|(3,3)/(110,110)|(4,4)/(109,109)|(20,20)/(93,93)|(10,10)/(103,103)|(54,54)/(59,59)|(35,35)/(78,78)|(23,23)/(90,90)|(9,9)/(104,104)|(26,26)/(87,87)|(52,52)/(61,61)|(14,14)/(99,99)|(38,38)/(75,75)|(27,27)/(86,86)|(16,16)/(97,97)|(8,8)/(105,105)|(5,5)/(108,108)|(55,55)/(58,58)|(48,48)/(65,65)|(15,15)/(98,98)|(19,19)/(94,94)|(30,30)/(83,83)|(41,41)/(72,72)|(47,47)/(66,66)|(21,21)/(92,92)|(29,29)/(84,84)|(25,25)/(88,88)|(7,7)/(106,106)|(46,46)/(67,67)|(37,37)/(76,76)|(12,12)/(101,101)|(42,42)/(71,71)|(13,13)/(100,100)|(28,28)/(85,85)|(43,43)/(70,70)|(34,34)/(79,79)|(33,33)/(80,80)|(6,6)/(107,107)|(36,36)/(77,77)|(50,50)/(63,63)|(18,18)/(95,95)|(45,45)/(68,68)",32187.489447534084,32187.489447534084,1.0,addition_only,0.008849557489156723
subtraction_depth1_adamw,1,adamw,final,100000,checkpoints/subtraction_depth_1_adamw_seed_0/step_100000.pt,1.0,1.0,complete_addition_frequency_derangement,9,56,"(42,42)/(71,71)|(25,25)/(88,88)|(39,39)/(74,74)|(29,29)/(84,84)|(55,55)/(58,58)|(32,32)/(81,81)|(16,16)/(97,97)|(13,13)/(100,100)|(26,26)/(87,87)|(45,45)/(68,68)|(52,52)/(61,61)|(50,50)/(63,63)|(43,43)/(70,70)|(10,10)/(103,103)|(35,35)/(78,78)|(12,12)/(101,101)|(3,3)/(110,110)|(47,47)/(66,66)|(23,23)/(90,90)|(8,8)/(105,105)|(4,4)/(109,109)|(36,36)/(77,77)|(19,19)/(94,94)|(38,38)/(75,75)|(6,6)/(107,107)|(51,51)/(62,62)|(1,1)/(112,112)|(49,49)/(64,64)|(7,7)/(106,106)|(31,31)/(82,82)|(48,48)/(65,65)|(24,24)/(89,89)|(27,27)/(86,86)|(37,37)/(76,76)|(20,20)/(93,93)|(54,54)/(59,59)|(11,11)/(102,102)|(33,33)/(80,80)|(30,30)/(83,83)|(9,9)/(104,104)|(22,22)/(91,91)|(46,46)/(67,67)|(14,14)/(99,99)|(2,2)/(111,111)|(15,15)/(98,98)|(41,41)/(72,72)|(40,40)/(73,73)|(53,53)/(60,60)|(28,28)/(85,85)|(17,17)/(96,96)|(34,34)/(79,79)|(44,44)/(69,69)|(5,5)/(108,108)|(21,21)/(92,92)|(56,56)/(57,57)|(18,18)/(95,95)","(13,13)/(100,100)|(9,9)/(104,104)|(50,50)/(63,63)|(34,34)/(79,79)|(29,29)/(84,84)|(2,2)/(111,111)|(10,10)/(103,103)|(36,36)/(77,77)|(24,24)/(89,89)|(8,8)/(105,105)|(48,48)/(65,65)|(5,5)/(108,108)|(40,40)/(73,73)|(20,20)/(93,93)|(12,12)/(101,101)|(45,45)/(68,68)|(14,14)/(99,99)|(43,43)/(70,70)|(49,49)/(64,64)|(18,18)/(95,95)|(7,7)/(106,106)|(15,15)/(98,98)|(11,11)/(102,102)|(19,19)/(94,94)|(35,35)/(78,78)|(28,28)/(85,85)|(38,38)/(75,75)|(44,44)/(69,69)|(21,21)/(92,92)|(42,42)/(71,71)|(1,1)/(112,112)|(6,6)/(107,107)|(41,41)/(72,72)|(4,4)/(109,109)|(39,39)/(74,74)|(3,3)/(110,110)|(55,55)/(58,58)|(25,25)/(88,88)|(54,54)/(59,59)|(31,31)/(82,82)|(37,37)/(76,76)|(53,53)/(60,60)|(52,52)/(61,61)|(26,26)/(87,87)|(47,47)/(66,66)|(33,33)/(80,80)|(27,27)/(86,86)|(16,16)/(97,97)|(51,51)/(62,62)|(30,30)/(83,83)|(23,23)/(90,90)|(46,46)/(67,67)|(22,22)/(91,91)|(17,17)/(96,96)|(32,32)/(81,81)|(56,56)/(57,57)",32187.489447534084,32187.489447534084,1.0,full_hidden,1.0
