step,local_step,train_loss,train_accuracy,test_accuracy,test_loss64,joint_failure,elapsed_seconds
15000,0,3.5330143077771936e-07,1.0,1.0,0.00026222789839400206,False,0.1552655000705272
15001,1,3.3325684967167035e-07,1.0,,,False,0.31401366693899035
15002,2,3.299887225693965e-07,1.0,,,False,0.428944667102769
15003,3,3.280589453424909e-07,1.0,,,False,0.5279683331027627
15004,4,3.260669529936422e-07,1.0,,,False,0.6306130830198526
15005,5,3.241371757667366e-07,1.0,,,False,0.7308060419745743
15006,6,3.217716653125535e-07,1.0,,,False,0.8298722920008004
15007,7,3.196551574546902e-07,1.0,,,False,0.940889208111912
15008,8,3.173207687723334e-07,1.0,,,False,1.070940125035122
15009,9,3.1479964945901884e-07,1.0,,,False,1.1815412919968367
15010,10,3.119050120403699e-07,1.0,,,False,1.2759470001328737
15011,11,3.087924937972275e-07,1.0,,,False,1.3713336249347776
15012,12,3.0608461543124577e-07,1.0,,,False,1.4677464999258518
15013,13,3.035012241525692e-07,1.0,,,False,1.5804815420415252
15014,14,3.0051319299673196e-07,1.0,,,False,1.7022827919572592
15015,15,2.9761855557808303e-07,1.0,,,False,1.8236624579876661
15016,16,2.9463055284395523e-07,1.0,,,False,1.930203374940902
15017,17,2.918915527061472e-07,1.0,,,False,2.0322213750332594
15018,18,2.8896576509396255e-07,1.0,,,False,2.135550667066127
15019,19,2.8660025463977945e-07,1.0,,,False,2.2378692920319736
15020,20,2.840791353264649e-07,1.0,,,False,2.3446869580075145
15021,21,2.823983606958791e-07,1.0,,,False,2.452049541985616
15022,22,2.8049973366250924e-07,1.0,,,False,2.558518667006865
15023,23,2.786322284009657e-07,1.0,,,False,2.665474958019331
15024,24,2.772316065602354e-07,1.0,,,False,2.7716512500774115
15025,25,2.753641012986918e-07,1.0,,,False,2.9003868331201375
15026,26,2.739634510362521e-07,1.0,,,False,3.0286653330549598
15027,27,2.729051971073204e-07,1.0,,,False,3.1387924579903483
15028,28,2.716290623538953e-07,1.0,,,False,3.2455263331066817
15029,29,2.7044632133765845e-07,1.0,,,False,3.359405583003536
15030,30,2.6969931354869914e-07,1.0,,,False,3.4969864170998335
15031,31,2.686099378479412e-07,1.0,,,False,3.6192831669468433
15032,32,2.678318082871556e-07,1.0,,,False,3.7383717079646885
15033,33,2.6705367872637e-07,1.0,,,False,3.870781041914597
15034,34,2.660576683410909e-07,1.0,,,False,4.001510167028755
15035,35,2.652795387803053e-07,1.0,,,False,4.130738999927416
15036,36,2.6475041181583947e-07,1.0,,,False,4.267570917028934
15037,37,2.6397228225505387e-07,1.0,,,False,4.391258083051071
15038,38,2.6338091174693545e-07,1.0,,,False,4.5429428750649095
15039,39,2.6263390395797614e-07,1.0,,,False,4.68795745796524
15040,40,2.6198028990620514e-07,1.0,,,False,4.80649424996227
15041,41,2.6166901534452336e-07,1.0,,,False,4.925052708014846
15042,42,2.6123328211724584e-07,1.0,,,False,5.066064167069271
15043,43,2.606107614155917e-07,1.0,,,False,5.196837374940515
15044,44,2.6005051267929957e-07,1.0,,,False,5.334422582993284
15045,45,2.597081447675009e-07,1.0,,,False,5.466720917029306
15046,46,2.5955250748666003e-07,1.0,,,False,5.600657917093486
15047,47,2.5930350489034026e-07,1.0,,,False,5.741399208083749
15048,48,2.591790178030351e-07,1.0,,,False,5.85476000001654
15049,49,2.589922587503679e-07,1.0,,,False,5.98473620810546
15050,50,2.584008882422495e-07,1.0,,,False,6.120973082957789
15051,51,2.581518856459297e-07,1.0,,,False,6.249420874984935
15052,52,2.5796512659326254e-07,1.0,,,False,6.397197457961738
15053,53,2.577472741904785e-07,1.0,,,False,6.526651999913156
15054,54,2.5734263431331783e-07,1.0,,,False,6.67251112498343
15055,55,2.569068726643309e-07,1.0,,,False,6.819423333043233
15056,56,2.5693799443615717e-07,1.0,,,False,6.927610583137721
15057,57,2.5656450475253223e-07,1.0,,,False,7.034929207991809
15058,58,2.5631550215621246e-07,1.0,,,False,7.197733083041385
15059,59,2.558486187353992e-07,1.0,,,False,7.348901708144695
15060,60,2.553817637362954e-07,1.0,,,False,7.464932624949142
15061,61,2.5497715228084417e-07,1.0,,,False,7.585085582919419
15062,62,2.547592714563507e-07,1.0,,,False,7.702583125093952
15063,63,2.545102688600309e-07,1.0,,,False,7.846237374935299
15064,64,2.539811418955651e-07,1.0,,,False,7.985134625108913
15065,65,2.537321392992453e-07,1.0,,,False,8.109214416937903
15066,66,2.53701017527419e-07,1.0,,,False,8.254362375009805
15067,67,2.5348313670292555e-07,1.0,,,False,8.403018041979522
15068,68,2.5326525587843207e-07,1.0,,,False,8.5471647081431
15069,69,2.529540097384597e-07,1.0,,,False,8.659541666973382
15070,70,2.5254936986129906e-07,1.0,,,False,8.793341458076611
15071,71,2.52269245493153e-07,1.0,,,False,8.934095333097503
15072,72,2.5198912112500693e-07,1.0,,,False,9.095532292034477
15073,73,2.516467532132083e-07,1.0,,,False,9.243125458015129
15074,74,2.513666288450622e-07,1.0,,,False,9.389972416916862
15075,75,2.5111762624874245e-07,1.0,,,False,9.536597332917154
15076,76,2.507752583369438e-07,1.0,,,False,9.676679833093658
15077,77,2.504951055470883e-07,1.0,,,False,9.803125208010897
15078,78,2.501216158634634e-07,1.0,,,False,9.933758832979947
15079,79,2.499348568107962e-07,1.0,,,False,10.072629708098248
15080,80,2.4949912358351867e-07,1.0,,,False,10.18286508298479
15081,81,2.49094483706358e-07,1.0,,,False,10.332027208060026
15082,82,2.4862760028554476e-07,1.0,,,False,10.44409904209897
15083,83,2.483474759173987e-07,1.0,,,False,10.57436295808293
15084,84,2.4803622977742634e-07,1.0,,,False,10.716653249925002
15085,85,2.474448592693079e-07,1.0,,,False,10.842748458031565
15086,86,2.4722697844481445e-07,1.0,,,False,10.988974542124197
15087,87,2.467289732521749e-07,1.0,,,False,11.132860166952014
15088,88,2.4651109242768143e-07,1.0,,,False,11.248707042075694
15089,89,2.461687245158828e-07,1.0,,,False,11.380587083054706
15090,90,2.4573296286689583e-07,1.0,,,False,11.521753916982561
15091,91,2.4501710527147225e-07,1.0,,,False,11.668636500136927
15092,92,2.4467470893796417e-07,1.0,,,False,11.775999875040725
15093,93,2.4427009748251294e-07,1.0,,,False,11.893306292127818
15094,94,2.4402109488619317e-07,1.0,,,False,11.990079292096198
15095,95,2.436786985526851e-07,1.0,,,False,12.097330917138606
15096,96,2.4349196792172734e-07,1.0,,,False,12.253294208087027
15097,97,2.430250845009141e-07,1.0,,,False,12.398652917006984
15098,98,2.4271383836094174e-07,1.0,,,False,12.5351180001162
15099,99,2.424337139927957e-07,1.0,,,False,12.652048750082031
15100,100,2.4193570880015614e-07,1.0,1.0,0.0002698233924233537,False,12.872050124919042
15101,101,2.414065818356903e-07,1.0,,,False,12.979221292072907
15102,102,2.4097082018670335e-07,1.0,,,False,13.085330832982436
15103,103,2.406284522749047e-07,1.0,,,False,13.176705999998376
15104,104,2.4016156885409146e-07,1.0,,,False,13.274225000059232
15105,105,2.398814444859454e-07,1.0,,,False,13.375426332931966
15106,106,2.396324418896256e-07,1.0,,,False,13.487738749943674
15107,107,2.391655584688124e-07,1.0,,,False,13.618728582980111
15108,108,2.3872982524153485e-07,1.0,,,False,13.730786750093102
15109,109,2.384808226452151e-07,1.0,,,False,13.831185041926801
15110,110,2.3804506099622813e-07,1.0,,,False,13.959070374956354
15111,111,2.3770267887357477e-07,1.0,,,False,14.105984291993082
15112,112,2.3732918918994983e-07,1.0,,,False,14.261422042036429
15113,113,2.3698680706729647e-07,1.0,,,False,14.433554582996294
15114,114,2.3658218140099052e-07,1.0,,,False,14.562700500013307
15115,115,2.3633317880467075e-07,1.0,,,False,14.702550375135615
15116,116,2.3614643396285828e-07,1.0,,,False,14.849942666944116
15117,117,2.358351736120312e-07,1.0,,,False,14.976442750077695
15118,118,2.3561730699839245e-07,1.0,,,False,15.109679667046294
15119,119,2.352749248757391e-07,1.0,,,False,15.232420708052814
15120,120,2.351504235775792e-07,1.0,,,False,15.372284667100757
15121,121,2.3477691968309955e-07,1.0,,,False,15.510565500007942
15122,122,2.3465241838493966e-07,1.0,,,False,15.631289541954175
15123,123,2.3431005047314102e-07,1.0,,,False,15.767566000111401
15124,124,2.3393654657866136e-07,1.0,,,False,15.897672499995679
15125,125,2.337809235086752e-07,1.0,,,False,16.022860541939735
15126,126,2.3337629784236924e-07,1.0,,,False,16.15089645795524
15127,127,2.3325179654420936e-07,1.0,,,False,16.270103082992136
15128,128,2.3300279394788959e-07,1.0,,,False,16.391740082995966
15129,129,2.328782926497297e-07,1.0,,,False,16.511273292126134
15130,130,2.3238028745709016e-07,1.0,,,False,16.64185983291827
15131,131,2.320690413171178e-07,1.0,,,False,16.769047166919336
15132,132,2.3178890273811703e-07,1.0,,,False,16.887783457990736
15133,133,2.3153991435265198e-07,1.0,,,False,17.01303920801729
15134,134,2.312597757736512e-07,1.0,,,False,17.14624037500471
15135,135,2.3113527447549131e-07,1.0,,,False,17.2843746249564
15136,136,2.3085515010734525e-07,1.0,,,False,17.40469574998133
15137,137,2.3060614751102548e-07,1.0,,,False,17.543219042010605
15138,138,2.3038828089738672e-07,1.0,,,False,17.67609079205431
15139,139,2.3004589877473336e-07,1.0,,,False,17.816520374966785
15140,140,2.297657744065873e-07,1.0,,,False,17.94452124997042
15141,141,2.2961015133660112e-07,1.0,,,False,18.078993125120178
15142,142,2.2926776921394776e-07,1.0,,,False,18.200554042123258
15143,143,2.2917440389846888e-07,1.0,,,False,18.333001125138253
15144,144,2.2873864224948193e-07,1.0,,,False,18.464954167138785
15145,145,2.2861414095132204e-07,1.0,,,False,18.590414291946217
15146,146,2.282717730395234e-07,1.0,,,False,18.720317624974996
15147,147,2.282095152850161e-07,1.0,,,False,18.85151404212229
15148,148,2.2783601139053644e-07,1.0,,,False,18.955459207994863
15149,149,2.2764926654872397e-07,1.0,,,False,19.054490792099386
15150,150,2.274625074960568e-07,1.0,,,False,19.183681291993707
15151,151,2.2724464088241803e-07,1.0,,,False,19.312922792043537
15152,152,2.2693338053159096e-07,1.0,,,False,19.44875487498939
15153,153,2.2646651132163242e-07,1.0,,,False,19.57194008305669
15154,154,2.2621750872531265e-07,1.0,,,False,19.67603816697374
15155,155,2.259373843571666e-07,1.0,,,False,19.77784058311954
15156,156,2.257506253044994e-07,1.0,,,False,19.875695874914527
15157,157,2.2559500223451323e-07,1.0,,,False,19.973760291934013
15158,158,2.2543937916452705e-07,1.0,,,False,20.06716166692786
15159,159,2.2525263432271458e-07,1.0,,,False,20.163785458076745
15160,160,2.2491025220006122e-07,1.0,,,False,20.259480792097747
15161,161,2.2459900606008887e-07,1.0,,,False,20.354782707989216
15162,162,2.242566239374355e-07,1.0,,,False,20.450764667009935
15163,163,2.2403874311294203e-07,1.0,,,False,20.553718416951597
15164,164,2.2388312004295585e-07,1.0,,,False,20.6560843330808
15165,165,2.235407521311572e-07,1.0,,,False,20.762220167089254
15166,166,2.2326061355215643e-07,1.0,,,False,20.879504167009145
15167,167,2.2298048918401037e-07,1.0,,,False,21.00188845791854
15168,168,2.228248661140242e-07,1.0,,,False,21.125421582954004
15169,169,2.2257586351770442e-07,1.0,,,False,21.250226417090744
15170,170,2.2235799690406566e-07,1.0,,,False,21.37436829204671
15171,171,2.2220235962322477e-07,1.0,,,False,21.49919058312662
15172,172,2.21984493009586e-07,1.0,,,False,21.625066792126745
15173,173,2.2182886993959983e-07,1.0,,,False,21.74879250000231
15174,174,2.2161098911510635e-07,1.0,,,False,21.87335208314471
15175,175,2.2145536604512017e-07,1.0,,,False,21.999280417105183
15176,176,2.213308647469603e-07,1.0,,,False,22.121331042144448
15177,177,2.212063634488004e-07,1.0,,,False,22.243241582997143
15178,178,2.2089510309797333e-07,1.0,,,False,22.364054250065237
15179,179,2.2070835825616086e-07,1.0,,,False,22.49091354198754
15180,180,2.203659761335075e-07,1.0,,,False,22.62675950000994
15181,181,2.2014810951986874e-07,1.0,,,False,22.752145958133042
15182,182,2.2008585176536144e-07,1.0,,,False,22.849057541927323
15183,183,2.1996135046720156e-07,1.0,,,False,22.952797000063583
15184,184,2.197434838535628e-07,1.0,,,False,23.057308624964207
15185,185,2.1949448125724302e-07,1.0,,,False,23.194197583012283
15186,186,2.1949448125724302e-07,1.0,,,False,23.318757083034143
15187,187,2.1943222350273572e-07,1.0,,,False,23.45534837502055
15188,188,2.1943222350273572e-07,1.0,,,False,23.586839667055756
15189,189,2.1933885818725685e-07,1.0,,,False,23.723852042108774
15190,190,2.1924547866092325e-07,1.0,,,False,23.859055458102375
15191,191,2.1912097736276337e-07,1.0,,,False,23.992405750090256
15192,192,2.1905871960825607e-07,1.0,,,False,24.12016125000082
15193,193,2.1899647606460348e-07,1.0,,,False,24.247531791916117
15194,194,2.189030965382699e-07,1.0,,,False,24.36790274991654
15195,195,2.189030965382699e-07,1.0,,,False,24.49066483299248
15196,196,2.189342325209509e-07,1.0,,,False,24.61392154195346
15197,197,2.1880973122279102e-07,1.0,,,False,24.727492291945964
15198,198,2.1877859524011e-07,1.0,,,False,24.84635016694665
15199,199,2.1874747346828372e-07,1.0,,,False,24.971010958077386
15200,200,2.1877859524011e-07,1.0,1.0,0.00031668676936641844,False,25.198364957934245
15201,201,2.1868522992463113e-07,1.0,,,False,25.325879791984335
15202,202,2.1865409394195012e-07,1.0,,,False,25.439566957997158
15203,203,2.1868522992463113e-07,1.0,,,False,25.57119383313693
15204,204,2.1871635169645742e-07,1.0,,,False,25.690864749951288
15205,205,2.1874747346828372e-07,1.0,,,False,25.809547583106905
15206,206,2.1880973122279102e-07,1.0,,,False,25.932487375102937
15207,207,2.1877859524011e-07,1.0,,,False,26.056454292032868
15208,208,2.1871635169645742e-07,1.0,,,False,26.176298124948516
15209,209,2.1874747346828372e-07,1.0,,,False,26.308676208136603
15210,210,2.188408529946173e-07,1.0,,,False,26.431497208075598
15211,211,2.188719747664436e-07,1.0,,,False,26.537733500124887
15212,212,2.1902759783642978e-07,1.0,,,False,26.65115433302708
15213,213,2.1912097736276337e-07,1.0,,,False,26.77915216702968
15214,214,2.1912097736276337e-07,1.0,,,False,26.87901879195124
15215,215,2.1912097736276337e-07,1.0,,,False,26.97702291700989
15216,216,2.1912097736276337e-07,1.0,,,False,27.07387658301741
15217,217,2.1921435688909696e-07,1.0,,,False,27.165620249928907
15218,218,2.1918322090641595e-07,1.0,,,False,27.266564541961998
15219,219,2.1915209913458966e-07,1.0,,,False,27.36670483299531
15220,220,2.1912097736276337e-07,1.0,,,False,27.475091417087242
15221,221,2.1927660043274955e-07,1.0,,,False,27.596374541986734
15222,222,2.1927660043274955e-07,1.0,,,False,27.719293999951333
15223,223,2.1936997995908314e-07,1.0,,,False,27.846207957947627
15224,224,2.1943222350273572e-07,1.0,,,False,27.97523874999024
15225,225,2.1952560302906932e-07,1.0,,,False,28.1112766249571
15226,226,2.1943222350273572e-07,1.0,,,False,28.242071208078414
15227,227,2.1940110173090943e-07,1.0,,,False,28.356345958076417
15228,228,2.1949448125724302e-07,1.0,,,False,28.50251116696745
15229,229,2.1943222350273572e-07,1.0,,,False,28.655972958076745
15230,230,2.1946335948541673e-07,1.0,,,False,28.785635167034343
15231,231,2.1949448125724302e-07,1.0,,,False,28.921612499980256
15232,232,2.1943222350273572e-07,1.0,,,False,29.047177042113617
15233,233,2.1940110173090943e-07,1.0,,,False,29.160151083022356
15234,234,2.1930772220457584e-07,1.0,,,False,29.28931916691363
15235,235,2.1940110173090943e-07,1.0,,,False,29.41264508292079
15236,236,2.1921435688909696e-07,1.0,,,False,29.539788708090782
15237,237,2.1915209913458966e-07,1.0,,,False,29.66399991698563
15238,238,2.1908985559093708e-07,1.0,,,False,29.791258292039856
15239,239,2.1918322090641595e-07,1.0,,,False,29.913430250016972
15240,240,2.189030965382699e-07,1.0,,,False,30.04830124997534
15241,241,2.189342325209509e-07,1.0,,,False,30.182773417094722
15242,242,2.189342325209509e-07,1.0,,,False,30.317347458098084
15243,243,2.1905871960825607e-07,1.0,,,False,30.43357833311893
15244,244,2.1902759783642978e-07,1.0,,,False,30.568821625085548
15245,245,2.188719747664436e-07,1.0,,,False,30.68606866709888
15246,246,2.188719747664436e-07,1.0,,,False,30.815723542124033
15247,247,2.188408529946173e-07,1.0,,,False,30.952859583077952
15248,248,2.1874747346828372e-07,1.0,,,False,31.09626766713336
15249,249,2.1865409394195012e-07,1.0,,,False,31.22084637498483
15250,250,2.1871635169645742e-07,1.0,,,False,31.34729062509723
15251,251,2.1859185039829754e-07,1.0,,,False,31.443179792026058
15252,252,2.1852959264379024e-07,1.0,,,False,31.572572292061523
15253,253,2.1840509134563035e-07,1.0,,,False,31.679982082918286
15254,254,2.1843622732831136e-07,1.0,,,False,31.807603124994785
15255,255,2.1846734910013765e-07,1.0,,,False,31.94088291702792
15256,256,2.1843622732831136e-07,1.0,,,False,32.06099716713652
15257,257,2.1846734910013765e-07,1.0,,,False,32.20434912503697
15258,258,2.1849847087196395e-07,1.0,,,False,32.32199945813045
15259,259,2.1840509134563035e-07,1.0,,,False,32.45054504205473
15260,260,2.1834284780197777e-07,1.0,,,False,32.6067867919337
15261,261,2.1840509134563035e-07,1.0,,,False,32.742256874917075
15262,262,2.1824946827564418e-07,1.0,,,False,32.86581062502228
15263,263,2.1821834650381788e-07,1.0,,,False,32.98655749997124
15264,264,2.1793822213567182e-07,1.0,,,False,33.11947458307259
15265,265,2.1787596438116452e-07,1.0,,,False,33.24981162510812
15266,266,2.1784484260933823e-07,1.0,,,False,33.36541595798917
15267,267,2.1778259906568564e-07,1.0,,,False,33.49830224993639
15268,268,2.1781372083751194e-07,1.0,,,False,33.625326707959175
15269,269,2.1775147729385935e-07,1.0,,,False,33.77019154210575
15270,270,2.1781372083751194e-07,1.0,,,False,33.90339029207826
15271,271,2.1772034131117834e-07,1.0,,,False,34.02087629213929
15272,272,2.1772034131117834e-07,1.0,,,False,34.12593241711147
15273,273,2.1778259906568564e-07,1.0,,,False,34.22616129205562
15274,274,2.1765809776752576e-07,1.0,,,False,34.34695175010711
15275,275,2.1775147729385935e-07,1.0,,,False,34.47236849996261
15276,276,2.1759584001301846e-07,1.0,,,False,34.60167795792222
15277,277,2.1756471824119217e-07,1.0,,,False,34.724768582964316
15278,278,2.1750247469753958e-07,1.0,,,False,34.85350362514146
15279,279,2.173779733993797e-07,1.0,,,False,34.977829083101824
15280,280,2.173468374166987e-07,1.0,,,False,35.108707250095904
15281,281,2.17409095171206e-07,1.0,,,False,35.24380370811559
15282,282,2.172845938730461e-07,1.0,,,False,35.37509062513709
15283,283,2.172223361185388e-07,1.0,,,False,35.500622583087534
15284,284,2.1716009257488622e-07,1.0,,,False,35.622503167018294
15285,285,2.1712897080305993e-07,1.0,,,False,35.76505508297123
15286,286,2.1703559127672634e-07,1.0,,,False,35.898166958009824
15287,287,2.1703559127672634e-07,1.0,,,False,36.0172794170212
15288,288,2.1687996820674016e-07,1.0,,,False,36.11659595812671
15289,289,2.1691108997856645e-07,1.0,,,False,36.21833237493411
15290,290,2.1678658868040657e-07,1.0,,,False,36.35824199998751
15291,291,2.1669320915407297e-07,1.0,,,False,36.49450441705994
15292,292,2.1666208738224668e-07,1.0,,,False,36.618649875046685
15293,293,2.165998438385941e-07,1.0,,,False,36.713839791947976
15294,294,2.165998438385941e-07,1.0,,,False,36.85579250007868
15295,295,2.166309656104204e-07,1.0,,,False,36.968612750060856
15296,296,2.165375860840868e-07,1.0,,,False,37.07039925013669
15297,297,2.165064643122605e-07,1.0,,,False,37.164612292079255
15298,298,2.1644422076860792e-07,1.0,,,False,37.271485042059794
15299,299,2.1638196301410062e-07,1.0,,,False,37.37498112511821
15300,300,2.1622633994411444e-07,1.0,1.0,0.00032502673637854924,False,37.60069179208949
15301,301,2.1631971947044804e-07,1.0,,,False,37.73342629196122
15302,302,2.1613296041778085e-07,1.0,,,False,37.85627654194832
15303,303,2.1594621557596838e-07,1.0,,,False,37.97962912498042
15304,304,2.1594621557596838e-07,1.0,,,False,38.10217129206285
15305,305,2.157594565233012e-07,1.0,,,False,38.22900341707282
15306,306,2.158528360496348e-07,1.0,,,False,38.33743704203516
15307,307,2.157283347514749e-07,1.0,,,False,38.43951312499121
15308,308,2.157594565233012e-07,1.0,,,False,38.564352750079706
15309,309,2.157905925059822e-07,1.0,,,False,38.68607466714457
15310,310,2.157905925059822e-07,1.0,,,False,38.81386062502861
15311,311,2.157594565233012e-07,1.0,,,False,38.93855266692117
15312,312,2.156972129796486e-07,1.0,,,False,39.06857041711919
15313,313,2.156972129796486e-07,1.0,,,False,39.1684669170063
15314,314,2.157594565233012e-07,1.0,,,False,39.264243792044
15315,315,2.156349552251413e-07,1.0,,,False,39.35921199992299
15316,316,2.1560383345331502e-07,1.0,,,False,39.47379279206507
15317,317,2.1560383345331502e-07,1.0,,,False,39.56690466706641
15318,318,2.1551045392698143e-07,1.0,,,False,39.660668208030984
15319,319,2.1529258731334266e-07,1.0,,,False,39.75513991713524
15320,320,2.1538595262882154e-07,1.0,,,False,39.858127041952685
15321,321,2.151369642433565e-07,1.0,,,False,39.96365337492898
15322,322,2.1523032955883536e-07,1.0,,,False,40.09645566693507
15323,323,2.1519920778700907e-07,1.0,,,False,40.21556745795533
15324,324,2.1519920778700907e-07,1.0,,,False,40.31073800008744
15325,325,2.150124629451966e-07,1.0,,,False,40.40780137502588
15326,326,2.149813269625156e-07,1.0,,,False,40.50054354197346
15327,327,2.1488796164703672e-07,1.0,,,False,40.61652383301407
15328,328,2.148568256643557e-07,1.0,,,False,40.72511174995452
15329,329,2.1476346034887683e-07,1.0,,,False,40.852605832973495
15330,330,2.1476346034887683e-07,1.0,,,False,40.98374191694893
15331,331,2.1470120259436953e-07,1.0,,,False,41.10028887493536
15332,332,2.1473233857705054e-07,1.0,,,False,41.20039129210636
15333,333,2.1467008082254324e-07,1.0,,,False,41.290678333025426
15334,334,2.1479458212070313e-07,1.0,,,False,41.420558125013486
15335,335,2.1463895905071695e-07,1.0,,,False,41.5547421250958
15336,336,2.1463895905071695e-07,1.0,,,False,41.67154441704042
15337,337,2.1460783727889066e-07,1.0,,,False,41.80323337507434
15338,338,2.1463895905071695e-07,1.0,,,False,41.92784241703339
15339,339,2.1445219999804976e-07,1.0,,,False,42.0255894579459
15340,340,2.1454557952438336e-07,1.0,,,False,42.13094816706143
15341,341,2.1442107822622347e-07,1.0,,,False,42.25883366703056
15342,342,2.1448333598073077e-07,1.0,,,False,42.391073375009
15343,343,2.1438995645439718e-07,1.0,,,False,42.55022279196419
15344,344,2.1432769869988988e-07,1.0,,,False,42.698348083067685
15345,345,2.141409538580774e-07,1.0,,,False,42.84156704205088
15346,346,2.141409538580774e-07,1.0,,,False,42.99998733308166
15347,347,2.1410983208625112e-07,1.0,,,False,43.12899433309212
15348,348,2.1410983208625112e-07,1.0,,,False,43.28735520807095
15349,349,2.1398533078809123e-07,1.0,,,False,43.455272166989744
15350,350,2.1395420901626494e-07,1.0,,,False,43.61281858291477
15351,351,2.1398533078809123e-07,1.0,,,False,43.753787625115365
15352,352,2.1395420901626494e-07,1.0,,,False,43.88985108304769
15353,353,2.1401645255991752e-07,1.0,,,False,44.03584875003435
15354,354,2.1401645255991752e-07,1.0,,,False,44.181857167044654
15355,355,2.1401645255991752e-07,1.0,,,False,44.31872804206796
15356,356,2.1401645255991752e-07,1.0,,,False,44.43292933306657
15357,357,2.1389195126175764e-07,1.0,,,False,44.57693162513897
15358,358,2.1398533078809123e-07,1.0,,,False,44.702437583124265
15359,359,2.1398533078809123e-07,1.0,,,False,44.827455166960135
15360,360,2.1401645255991752e-07,1.0,,,False,44.9547802079469
15361,361,2.1392307303358393e-07,1.0,,,False,45.08835345809348
15362,362,2.1386082948993135e-07,1.0,,,False,45.238389417063445
15363,363,2.1373632819177146e-07,1.0,,,False,45.36742037511431
15364,364,2.1382970771810506e-07,1.0,,,False,45.50081875012256
15365,365,2.1373632819177146e-07,1.0,,,False,45.630974708124995
15366,366,2.1370520641994517e-07,1.0,,,False,45.76147354207933
15367,367,2.1361182689361158e-07,1.0,,,False,45.90871316706762
15368,368,2.13549583349959e-07,1.0,,,False,46.02541766711511
15369,369,2.1351844736727799e-07,1.0,,,False,46.16297608311288
15370,370,2.13549583349959e-07,1.0,,,False,46.2725678330753
15371,371,2.134250820517991e-07,1.0,,,False,46.375213749939576
15372,372,2.13549583349959e-07,1.0,,,False,46.47729995800182
15373,373,2.133628242972918e-07,1.0,,,False,46.60290929209441
15374,374,2.134562038236254e-07,1.0,,,False,46.73658583313227
15375,375,2.133628242972918e-07,1.0,,,False,46.858632958028466
15376,376,2.1320720122730563e-07,1.0,,,False,46.981724167009816
15377,377,2.1323832299913192e-07,1.0,,,False,47.12170045799576
15378,378,2.1323832299913192e-07,1.0,,,False,47.24383266712539
15379,379,2.1305157815731945e-07,1.0,,,False,47.38358599995263
15380,380,2.1302044217463845e-07,1.0,,,False,47.52176220808178
15381,381,2.1286481910465227e-07,1.0,,,False,47.64642187510617
15382,382,2.1274031780649238e-07,1.0,,,False,47.77291345805861
15383,383,2.126469524910135e-07,1.0,,,False,47.90770208300091
15384,384,2.1274031780649238e-07,1.0,,,False,48.0249763331376
15385,385,2.126780742628398e-07,1.0,,,False,48.14395441696979
15386,386,2.127091960346661e-07,1.0,,,False,48.26513554202393
15387,387,2.126780742628398e-07,1.0,,,False,48.40533354203217
15388,388,2.126780742628398e-07,1.0,,,False,48.52228716714308
15389,389,2.126469524910135e-07,1.0,,,False,48.65629820805043
15390,390,2.126469524910135e-07,1.0,,,False,48.783302082912996
15391,391,2.125846947365062e-07,1.0,,,False,48.89781270804815
15392,392,2.126158165083325e-07,1.0,,,False,48.99806312494911
15393,393,2.125846947365062e-07,1.0,,,False,49.13064641691744
15394,394,2.126469524910135e-07,1.0,,,False,49.22759508294985
15395,395,2.126158165083325e-07,1.0,,,False,49.330309957964346
15396,396,2.126158165083325e-07,1.0,,,False,49.42704304191284
15397,397,2.1255357296467992e-07,1.0,,,False,49.52152729197405
15398,398,2.126469524910135e-07,1.0,,,False,49.6204726670403
15399,399,2.1255357296467992e-07,1.0,,,False,49.7238724171184
15400,400,2.1252245119285362e-07,1.0,1.0,0.0003125332705743998,False,50.0117458330933
15401,401,2.1242907166652003e-07,1.0,,,False,50.137286874931306
15402,402,2.1236681391201273e-07,1.0,,,False,50.28657766710967
15403,403,2.1230457036836015e-07,1.0,,,False,50.42669679201208
15404,404,2.1239794989469374e-07,1.0,,,False,50.52947070798837
15405,405,2.1236681391201273e-07,1.0,,,False,50.67504712496884
15406,406,2.1239794989469374e-07,1.0,,,False,50.82778379204683
15407,407,2.1239794989469374e-07,1.0,,,False,50.96088908310048
15408,408,2.1224232682470756e-07,1.0,,,False,51.08495008293539
15409,409,2.1233569214018644e-07,1.0,,,False,51.22566166706383
15410,410,2.1221119084202655e-07,1.0,,,False,51.34918412496336
15411,411,2.1221119084202655e-07,1.0,,,False,51.47878641705029
15412,412,2.119933242283878e-07,1.0,,,False,51.59722224995494
15413,413,2.118999447020542e-07,1.0,,,False,51.71663191705011
15414,414,2.118065651757206e-07,1.0,,,False,51.83688324992545
15415,415,2.118688229302279e-07,1.0,,,False,51.93461975012906
15416,416,2.118065651757206e-07,1.0,,,False,52.03674112493172
15417,417,2.1168206387756072e-07,1.0,,,False,52.13630324997939
15418,418,2.1155756257940084e-07,1.0,,,False,52.235926292138174
15419,419,2.1155756257940084e-07,1.0,,,False,52.358865041984245
15420,420,2.1158869856208185e-07,1.0,,,False,52.4759339580778
15421,421,2.1146419726392196e-07,1.0,,,False,52.56823966698721
15422,422,2.1143306128124095e-07,1.0,,,False,52.67084345803596
15423,423,2.1127743821125478e-07,1.0,,,False,52.812855625059456
15424,424,2.1118405868492118e-07,1.0,,,False,52.95428479206748
15425,425,2.11028435614935e-07,1.0,,,False,53.09275266714394
15426,426,2.1093507029945613e-07,1.0,,,False,53.211510207969695
15427,427,2.1090393431677512e-07,1.0,,,False,53.34491112502292
15428,428,2.1090393431677512e-07,1.0,,,False,53.45699270791374
15429,429,2.1074831124678894e-07,1.0,,,False,53.567615624982864
15430,430,2.1074831124678894e-07,1.0,,,False,53.68216987513006
15431,431,2.1056156640497647e-07,1.0,,,False,53.796066167065874
15432,432,2.1059268817680277e-07,1.0,,,False,53.92982404213399
15433,433,2.1049930865046917e-07,1.0,,,False,54.06123683298938
15434,434,2.1049930865046917e-07,1.0,,,False,54.186089457944036
15435,435,2.1053044463315018e-07,1.0,,,False,54.31827970803715
15436,436,2.1053044463315018e-07,1.0,,,False,54.44495650008321
15437,437,2.1049930865046917e-07,1.0,,,False,54.56770150014199
15438,438,2.104059433349903e-07,1.0,,,False,54.67975491704419
15439,439,2.10343685580483e-07,1.0,,,False,54.797131249913946
15440,440,2.102814420368304e-07,1.0,,,False,54.938163333106786
15441,441,2.104059433349903e-07,1.0,,,False,55.062755125109106
15442,442,2.103748073523093e-07,1.0,,,False,55.18104362511076
15443,443,2.104059433349903e-07,1.0,,,False,55.288014833116904
15444,444,2.102814420368304e-07,1.0,,,False,55.410377542022616
15445,445,2.102814420368304e-07,1.0,,,False,55.54185379203409
15446,446,2.1018806251049682e-07,1.0,,,False,55.64791208296083
15447,447,2.102191842823231e-07,1.0,,,False,55.76118845795281
15448,448,2.1006356121233694e-07,1.0,,,False,55.87139937514439
15449,449,2.1012580475598952e-07,1.0,,,False,55.98073395807296
15450,450,2.1003243944051064e-07,1.0,,,False,56.092721957946196
15451,451,2.1009468298416323e-07,1.0,,,False,56.221323292003945
15452,452,2.1000130345782964e-07,1.0,,,False,56.33522304194048
15453,453,2.1000130345782964e-07,1.0,,,False,56.45880675013177
15454,454,2.0984568038784346e-07,1.0,,,False,56.59371499996632
15455,455,2.0987681637052447e-07,1.0,,,False,56.705765708116814
15456,456,2.0975231507236458e-07,1.0,,,False,56.81874749995768
15457,457,2.0975231507236458e-07,1.0,,,False,56.94305104203522
15458,458,2.0981455861601717e-07,1.0,,,False,57.062557083088905
15459,459,2.0972117908968357e-07,1.0,,,False,57.179348167032
15460,460,2.095966777915237e-07,1.0,,,False,57.30253391712904
15461,461,2.095344342478711e-07,1.0,,,False,57.42688774992712
15462,462,2.095033124760448e-07,1.0,,,False,57.56004491704516
15463,463,2.094410547215375e-07,1.0,,,False,57.69629279198125
15464,464,2.095033124760448e-07,1.0,,,False,57.82562570809387
15465,465,2.094410547215375e-07,1.0,,,False,57.953364042099565
15466,466,2.094721764933638e-07,1.0,,,False,58.07835387508385
15467,467,2.0931655342337763e-07,1.0,,,False,58.20044887508266
15468,468,2.0937881117788493e-07,1.0,,,False,58.32104566693306
15469,469,2.0919205212521774e-07,1.0,,,False,58.44130920805037
15470,470,2.0922318810789875e-07,1.0,,,False,58.56035254197195
15471,471,2.0916093035339145e-07,1.0,,,False,58.672501208027825
15472,472,2.0922318810789875e-07,1.0,,,False,58.80417350004427
15473,473,2.0916093035339145e-07,1.0,,,False,58.925570083083585
15474,474,2.0922318810789875e-07,1.0,,,False,59.05640424997546
15475,475,2.0916093035339145e-07,1.0,,,False,59.189039832912385
15476,476,2.0912980858156516e-07,1.0,,,False,59.31537187495269
15477,477,2.0912980858156516e-07,1.0,,,False,59.43263900000602
15478,478,2.0906755082705786e-07,1.0,,,False,59.55618637497537
15479,479,2.0891192775707168e-07,1.0,,,False,59.67991991713643
15480,480,2.0894304952889797e-07,1.0,,,False,59.80264424998313
15481,481,2.087874264589118e-07,1.0,,,False,59.91640766710043
15482,482,2.0869406114343292e-07,1.0,,,False,60.048015041975304
15483,483,2.0860068161709933e-07,1.0,,,False,60.16362904198468
15484,484,2.0869406114343292e-07,1.0,,,False,60.280527957947925
15485,485,2.0856955984527303e-07,1.0,,,False,60.40266291704029
15486,486,2.0853842386259203e-07,1.0,,,False,60.53091420792043
15487,487,2.0832055724895326e-07,1.0,,,False,60.665252125123516
15488,488,2.0828942126627226e-07,1.0,,,False,60.78433187492192
15489,489,2.0813379819628608e-07,1.0,,,False,60.91372216702439
15490,490,2.0822717772261967e-07,1.0,,,False,61.03811970795505
15491,491,2.0819605595079338e-07,1.0,,,False,61.17610029201023
15492,492,2.0822717772261967e-07,1.0,,,False,61.31016829214059
15493,493,2.0816491996811237e-07,1.0,,,False,61.44348383299075
15494,494,2.081026764244598e-07,1.0,,,False,61.542720958124846
15495,495,2.080092968981262e-07,1.0,,,False,61.66126237506978
15496,496,2.0785367382814002e-07,1.0,,,False,61.77922675013542
15497,497,2.0779143028448743e-07,1.0,,,False,61.89078875002451
15498,498,2.0769805075815384e-07,1.0,,,False,62.00288508296944
15499,499,2.0754242768816766e-07,1.0,,,False,62.12087466707453
15500,500,2.0735566863550048e-07,1.0,1.0,0.00029861077981867403,False,62.37135412497446
15501,501,2.0738680461818149e-07,1.0,,,False,62.492811042116955
15502,502,2.072934250918479e-07,1.0,,,False,62.6216855419334
15503,503,2.072311673373406e-07,1.0,,,False,62.74170129210688
15504,504,2.072000455655143e-07,1.0,,,False,62.870966708054766
15505,505,2.07168923793688e-07,1.0,,,False,62.98104687500745
15506,506,2.07168923793688e-07,1.0,,,False,63.08370616706088
15507,507,2.071066660391807e-07,1.0,,,False,63.17981312493794
15508,508,2.0698216474102082e-07,1.0,,,False,63.27788087492809
15509,509,2.0691992119736824e-07,1.0,,,False,63.37095583300106
15510,510,2.0682654167103465e-07,1.0,,,False,63.460988875012845
15511,511,2.0676429812738206e-07,1.0,,,False,63.55752258305438
15512,512,2.0673317635555577e-07,1.0,,,False,63.650018458021805
15513,513,2.0660867505739589e-07,1.0,,,False,63.77270312514156
15514,514,2.0654641730288859e-07,1.0,,,False,63.90508612501435
15515,515,2.06453037776555e-07,1.0,,,False,64.02057545795105
15516,516,2.0629741470656882e-07,1.0,,,False,64.12418320798315
15517,517,2.0635967246107612e-07,1.0,,,False,64.21762558305636
15518,518,2.0632855068924982e-07,1.0,,,False,64.30999054200947
15519,519,2.0623517116291623e-07,1.0,,,False,64.41931341704912
15520,520,2.0623517116291623e-07,1.0,,,False,64.54846366704442
15521,521,2.0607954809293005e-07,1.0,,,False,64.68119879206643
15522,522,2.0604841211024905e-07,1.0,,,False,64.81250016693957
15523,523,2.0607954809293005e-07,1.0,,,False,64.94451475003734
15524,524,2.0601729033842275e-07,1.0,,,False,65.0795325001236
15525,525,2.0601729033842275e-07,1.0,,,False,65.2093982079532
15526,526,2.0592391081208916e-07,1.0,,,False,65.32083508302458
15527,527,2.0598616856659646e-07,1.0,,,False,65.42200370808132
15528,528,2.0592391081208916e-07,1.0,,,False,65.50585633306764
15529,529,2.0595504679477017e-07,1.0,,,False,65.62408766709268
15530,530,2.0595504679477017e-07,1.0,,,False,65.7258591670543
15531,531,2.0601729033842275e-07,1.0,,,False,65.83051945804618
15532,532,2.0589278904026287e-07,1.0,,,False,65.93875620793551
15533,533,2.0583054549661028e-07,1.0,,,False,66.03921137494035
15534,534,2.0579940951392928e-07,1.0,,,False,66.15054875006899
15535,535,2.0576828774210298e-07,1.0,,,False,66.28547237510793
15536,536,2.056126646721168e-07,1.0,,,False,66.40528437495232
15537,537,2.056437864439431e-07,1.0,,,False,66.4978524169419
15538,538,2.0555042112846422e-07,1.0,,,False,66.59642524993978
15539,539,2.0548816337395692e-07,1.0,,,False,66.69839375000447
15540,540,2.0548816337395692e-07,1.0,,,False,66.8266485829372
15541,541,2.0545704160213063e-07,1.0,,,False,66.94548641704023
15542,542,2.0539478384762333e-07,1.0,,,False,67.03423075005412
15543,543,2.0536366207579704e-07,1.0,,,False,67.12205450003967
15544,544,2.0527028254946345e-07,1.0,,,False,67.2084632080514
15545,545,2.0511465947947727e-07,1.0,,,False,67.29380212491378
15546,546,2.050212941639984e-07,1.0,,,False,67.38263266696595
15547,547,2.050212941639984e-07,1.0,,,False,67.47419841703959
15548,548,2.0505241593582468e-07,1.0,,,False,67.56911516701803
15549,549,2.049279146376648e-07,1.0,,,False,67.65275766700506
15550,550,2.049279146376648e-07,1.0,,,False,67.74441495793872
15551,551,2.049279146376648e-07,1.0,,,False,67.83205291698687
15552,552,2.048345351113312e-07,1.0,,,False,67.92069708299823
15553,553,2.048345351113312e-07,1.0,,,False,68.01873712497763
15554,554,2.048345351113312e-07,1.0,,,False,68.15623629209585
15555,555,2.048656568831575e-07,1.0,,,False,68.28502708300948
15556,556,2.0471003381317132e-07,1.0,,,False,68.40603383304551
15557,557,2.0464779026951874e-07,1.0,,,False,68.51178349996917
15558,558,2.0458553251501144e-07,1.0,,,False,68.62358033307828
15559,559,2.0442990944502526e-07,1.0,,,False,68.74625191697851
15560,560,2.0442990944502526e-07,1.0,,,False,68.87981479195878
15561,561,2.0439878767319897e-07,1.0,,,False,69.01589787495323
15562,562,2.0430540814686537e-07,1.0,,,False,69.13694145809859
15563,563,2.0421202862053178e-07,1.0,,,False,69.25762279191986
15564,564,2.042431646032128e-07,1.0,,,False,69.37373137497343
15565,565,2.041809068487055e-07,1.0,,,False,69.50721825007349
15566,566,2.042431646032128e-07,1.0,,,False,69.63486583298072
15567,567,2.041497850768792e-07,1.0,,,False,69.75803691707551
15568,568,2.042431646032128e-07,1.0,,,False,69.87490308308043
15569,569,2.041497850768792e-07,1.0,,,False,69.99883087491617
15570,570,2.040564055505456e-07,1.0,,,False,70.10462016705424
15571,571,2.0386966070873314e-07,1.0,,,False,70.20150883309543
15572,572,2.0393190425238572e-07,1.0,,,False,70.29669808293693
15573,573,2.0383853893690684e-07,1.0,,,False,70.38673883304
15574,574,2.0390078248055943e-07,1.0,,,False,70.49830879201181
15575,575,2.0380740295422584e-07,1.0,,,False,70.62095320806839
15576,576,2.0386966070873314e-07,1.0,,,False,70.74091962492093
15577,577,2.0377628118239954e-07,1.0,,,False,70.85314587503672
15578,578,2.0383853893690684e-07,1.0,,,False,70.95680449996144
15579,579,2.0383853893690684e-07,1.0,,,False,71.09484504209831
15580,580,2.0377628118239954e-07,1.0,,,False,71.19998891698197
15581,581,2.0365177988423966e-07,1.0,,,False,71.30470316694118
15582,582,2.0374515941057325e-07,1.0,,,False,71.42939908313565
15583,583,2.0383853893690684e-07,1.0,,,False,71.53061312506907
15584,584,2.0383853893690684e-07,1.0,,,False,71.62210254208185
15585,585,2.0383853893690684e-07,1.0,,,False,71.7118381250184
15586,586,2.0365177988423966e-07,1.0,,,False,71.82339287502691
15587,587,2.0374515941057325e-07,1.0,,,False,71.94672045810148
15588,588,2.0358953634058707e-07,1.0,,,False,72.0659886249341
15589,589,2.0349615681425348e-07,1.0,,,False,72.17650633305311
15590,590,2.033716555160936e-07,1.0,,,False,72.27708237501793
15591,591,2.0349615681425348e-07,1.0,,,False,72.37583541707136
15592,592,2.0343389905974618e-07,1.0,,,False,72.49290958303027
15593,593,2.0352727858607977e-07,1.0,,,False,72.61999766691588
15594,594,2.0343389905974618e-07,1.0,,,False,72.74635433312505
15595,595,2.0343389905974618e-07,1.0,,,False,72.86004270799458
15596,596,2.033716555160936e-07,1.0,,,False,72.99074291693978
15597,597,2.033716555160936e-07,1.0,,,False,73.10381583310664
15598,598,2.03309411972441e-07,1.0,,,False,73.21845020796172
15599,599,2.0321603244610742e-07,1.0,,,False,73.33456245809793
15600,600,2.0318491067428113e-07,1.0,1.0,0.0002907854443342347,False,73.59032987500541
15601,601,2.0302927339344023e-07,1.0,,,False,73.70270308293402
15602,602,2.0299815162161394e-07,1.0,,,False,73.79920849995688
15603,603,2.0306040937612124e-07,1.0,,,False,73.89481458300725
15604,604,2.0302927339344023e-07,1.0,,,False,73.99125829199329
15605,605,2.0299815162161394e-07,1.0,,,False,74.12543666712008
15606,606,2.0299815162161394e-07,1.0,,,False,74.25146970804781
15607,607,2.0290477209528035e-07,1.0,,,False,74.37846158305183
15608,608,2.0293590807796136e-07,1.0,,,False,74.4723108750768
15609,609,2.0274914902529417e-07,1.0,,,False,74.57564070797525
15610,610,2.0278027079712047e-07,1.0,,,False,74.70090545807034
15611,611,2.026557837098153e-07,1.0,,,False,74.81942466692999
15612,612,2.02593525955308e-07,1.0,,,False,74.94785966700874
15613,613,2.02593525955308e-07,1.0,,,False,75.06985737499781
15614,614,2.024690246571481e-07,1.0,,,False,75.19351895805448
15615,615,2.0234452335898823e-07,1.0,,,False,75.29091099998914
15616,616,2.0218890028900205e-07,1.0,,,False,75.38513145805337
15617,617,2.0200215544718958e-07,1.0,,,False,75.48261541710235
15618,618,2.0197101946450857e-07,1.0,,,False,75.56813845806755
15619,619,2.018465181663487e-07,1.0,,,False,75.65849729208276
15620,620,2.017220168681888e-07,1.0,,,False,75.74274754198268
15621,621,2.0165977332453622e-07,1.0,,,False,75.82867104210891
15622,622,2.0159751557002892e-07,1.0,,,False,75.92072549997829
15623,623,2.0156639379820263e-07,1.0,,,False,76.04915045807138
15624,624,2.0147302848272375e-07,1.0,,,False,76.18279704195447
15625,625,2.0156639379820263e-07,1.0,,,False,76.3164664581418
15626,626,2.0147302848272375e-07,1.0,,,False,76.40676304209046
15627,627,2.0144189250004274e-07,1.0,,,False,76.52820404199883
15628,628,2.0137964895639016e-07,1.0,,,False,76.64805216691457
15629,629,2.0141077072821645e-07,1.0,,,False,76.73368208296597
15630,630,2.0128626943005656e-07,1.0,,,False,76.84916591714136
15631,631,2.0125514765823027e-07,1.0,,,False,76.97418579203077
15632,632,2.010995245882441e-07,1.0,,,False,77.07866191701032
15633,633,2.0106838860556309e-07,1.0,,,False,77.17489841696806
15634,634,2.0088164376375062e-07,1.0,,,False,77.29343179194257
15635,635,2.009438873074032e-07,1.0,,,False,77.40918487496674
15636,636,2.0081940022009803e-07,1.0,,,False,77.4941007499583
15637,637,2.0088164376375062e-07,1.0,,,False,77.59231129195541
15638,638,2.0081940022009803e-07,1.0,,,False,77.70585541706532
15639,639,2.0081940022009803e-07,1.0,,,False,77.82684220792726
15640,640,2.0075714246559073e-07,1.0,,,False,77.91449729213491
15641,641,2.0072602069376444e-07,1.0,,,False,77.99884229199961
15642,642,2.0078826423741702e-07,1.0,,,False,78.0867052921094
15643,643,2.0075714246559073e-07,1.0,,,False,78.17242720793001
15644,644,2.0060151939560456e-07,1.0,,,False,78.29297004197724
15645,645,2.0057039762377826e-07,1.0,,,False,78.41953475004993
15646,646,2.0050813986927096e-07,1.0,,,False,78.53620695811696
15647,647,2.0047701809744467e-07,1.0,,,False,78.63603654201142
15648,648,2.0038363857111108e-07,1.0,,,False,78.76462225010619
15649,649,2.0044589632561838e-07,1.0,,,False,78.87786595802754
15650,650,2.0044589632561838e-07,1.0,,,False,78.98990083299577
15651,651,2.002902732556322e-07,1.0,,,False,79.12120454199612
15652,652,2.002591372729512e-07,1.0,,,False,79.24889050005004
15653,653,2.0016577195747232e-07,1.0,,,False,79.3488570000045
15654,654,2.0004127065931243e-07,1.0,,,False,79.44151525013149
15655,655,2.0001013467663142e-07,1.0,,,False,79.55881129205227
15656,656,1.9976113208031165e-07,1.0,,,False,79.68212720798329
15657,657,1.9988563337847154e-07,1.0,,,False,79.7899645830039
15658,658,1.9973001030848536e-07,1.0,,,False,79.90868495800532
15659,659,1.995432654666729e-07,1.0,,,False,80.01798820798285
15660,660,1.9957438723849918e-07,1.0,,,False,80.10739641706459
15661,661,1.995121436948466e-07,1.0,,,False,80.20340837491676
15662,662,1.99418764168513e-07,1.0,,,False,80.33774999994785
15663,663,1.994498859403393e-07,1.0,,,False,80.454773375066
15664,664,1.994498859403393e-07,1.0,,,False,80.56367975007743
15665,665,1.99418764168513e-07,1.0,,,False,80.67394479201175
15666,666,1.9932538464217942e-07,1.0,,,False,80.77335404208861
15667,667,1.993565064140057e-07,1.0,,,False,80.88188483309932
15668,668,1.9913863980036695e-07,1.0,,,False,80.97723204200156
15669,669,1.9916976157219324e-07,1.0,,,False,81.0974076250568
15670,670,1.9904526027403335e-07,1.0,,,False,81.22059074998833
15671,671,1.9895188074769976e-07,1.0,,,False,81.31455995794386
15672,672,1.9892075897587347e-07,1.0,,,False,81.40727891703136
15673,673,1.9879625767771358e-07,1.0,,,False,81.50119641702622
15674,674,1.98734014134061e-07,1.0,,,False,81.60818700003438
15675,675,1.9882737944953988e-07,1.0,,,False,81.70316862501204
15676,676,1.9860951283590111e-07,1.0,,,False,81.80490237497725
15677,677,1.9848501153774123e-07,1.0,,,False,81.89842745801434
15678,678,1.985783768532201e-07,1.0,,,False,81.99228712497279
15679,679,1.9854725508139381e-07,1.0,,,False,82.09713595802896
15680,680,1.9851613330956752e-07,1.0,,,False,82.20014129206538
15681,681,1.9845388976591494e-07,1.0,,,False,82.29804645804688
15682,682,1.9851613330956752e-07,1.0,,,False,82.39503662497737
15683,683,1.9845388976591494e-07,1.0,,,False,82.53403254202567
15684,684,1.9845388976591494e-07,1.0,,,False,82.64423854206689
15685,685,1.9832938846775505e-07,1.0,,,False,82.73215979197994
15686,686,1.9823600894142146e-07,1.0,,,False,82.82107233302668
15687,687,1.9814262941508787e-07,1.0,,,False,82.90557479206473
15688,688,1.9804924988875428e-07,1.0,,,False,82.99233633303083
15689,689,1.9804924988875428e-07,1.0,,,False,83.09372079209425
15690,690,1.9801812811692798e-07,1.0,,,False,83.19909762497991
15691,691,1.978625050469418e-07,1.0,,,False,83.29193891701289
15692,692,1.979558845732754e-07,1.0,,,False,83.3814496670384
15693,693,1.9783138327511551e-07,1.0,,,False,83.4898650420364
15694,694,1.978625050469418e-07,1.0,,,False,83.60266283294186
15695,695,1.9780026150328922e-07,1.0,,,False,83.72343237511814
15696,696,1.9770688197695563e-07,1.0,,,False,83.83156683295965
15697,697,1.9758238067879574e-07,1.0,,,False,83.9374041671399
15698,698,1.9755125890696945e-07,1.0,,,False,84.04479929199442
15699,699,1.9748900115246215e-07,1.0,,,False,84.16194004192948
15700,700,1.9742675760880957e-07,1.0,1.0,0.000277161666719054,False,84.39165033306926
15701,701,1.9745787938063586e-07,1.0,,,False,84.48913145810366
15702,702,1.9739562162612856e-07,1.0,,,False,84.58007216709666
15703,703,1.9736449985430227e-07,1.0,,,False,84.69681224995293
15704,704,1.9736449985430227e-07,1.0,,,False,84.8101669170428
15705,705,1.972711345388234e-07,1.0,,,False,84.92547516711056
15706,706,1.9723999855614238e-07,1.0,,,False,85.03749404195696
15707,707,1.971466332406635e-07,1.0,,,False,85.15161020797677
15708,708,1.970843754861562e-07,1.0,,,False,85.2562525421381
15709,709,1.969909959598226e-07,1.0,,,False,85.36179325007834
15710,710,1.9689763064434374e-07,1.0,,,False,85.46673866710626
15711,711,1.9677312934618385e-07,1.0,,,False,85.57175233308226
15712,712,1.9683537288983644e-07,1.0,,,False,85.69866558304057
15713,713,1.9671087159167655e-07,1.0,,,False,85.83148787496611
15714,714,1.9661750627619767e-07,1.0,,,False,85.96611945796758
15715,715,1.9661750627619767e-07,1.0,,,False,86.08230275008827
15716,716,1.9655524852169037e-07,1.0,,,False,86.17355175013654
15717,717,1.964930049780378e-07,1.0,,,False,86.26207341696136
15718,718,1.9658637029351667e-07,1.0,,,False,86.34941875003278
15719,719,1.9646186899535678e-07,1.0,,,False,86.43320491700433
15720,720,1.963685036798779e-07,1.0,,,False,86.5398823749274
15721,721,1.963062459253706e-07,1.0,,,False,86.64513349998742
15722,722,1.962751241535443e-07,1.0,,,False,86.75083166710101
15723,723,1.962751241535443e-07,1.0,,,False,86.85594145813957
15724,724,1.96212866399037e-07,1.0,,,False,86.95934429205954
15725,725,1.9615062285538443e-07,1.0,,,False,87.06381816696376
15726,726,1.9618174462721072e-07,1.0,,,False,87.1691027500201
15727,727,1.9608837931173184e-07,1.0,,,False,87.2813859579619
15728,728,1.9615062285538443e-07,1.0,,,False,87.40917587513104
15729,729,1.9599499978539825e-07,1.0,,,False,87.53333795792423
15730,730,1.9615062285538443e-07,1.0,,,False,87.62399366707541
15731,731,1.9599499978539825e-07,1.0,,,False,87.71888541709632
15732,732,1.9596387801357196e-07,1.0,,,False,87.8026453750208
15733,733,1.9583937671541207e-07,1.0,,,False,87.88974554208107
15734,734,1.957148754172522e-07,1.0,,,False,87.97563166706823
15735,735,1.9577711896090477e-07,1.0,,,False,88.08270033309236
15736,736,1.9568373943457118e-07,1.0,,,False,88.18465379206464
15737,737,1.956526176627449e-07,1.0,,,False,88.28464900003746
15738,738,1.956526176627449e-07,1.0,,,False,88.38894087495282
15739,739,1.955592381364113e-07,1.0,,,False,88.49148450000212
15740,740,1.955592381364113e-07,1.0,,,False,88.59383408306167
15741,741,1.9546587282093242e-07,1.0,,,False,88.69308583298698
15742,742,1.9543475104910613e-07,1.0,,,False,88.79780529206619
15743,743,1.9534137152277253e-07,1.0,,,False,88.90274162497371
15744,744,1.9534137152277253e-07,1.0,,,False,89.01333574997261
15745,745,1.9537249329459883e-07,1.0,,,False,89.11664883303456
15746,746,1.9527911376826523e-07,1.0,,,False,89.22177116712555
15747,747,1.9527911376826523e-07,1.0,,,False,89.32384733296931
15748,748,1.9518574845278636e-07,1.0,,,False,89.42942154197954
15749,749,1.9506124715462647e-07,1.0,,,False,89.53178754192777
15750,750,1.9493674585646659e-07,1.0,,,False,89.63245129212737
15751,751,1.947811227864804e-07,1.0,,,False,89.76255495799705
15752,752,1.947499868037994e-07,1.0,,,False,89.86612858297303
15753,753,1.947188650319731e-07,1.0,,,False,89.95518225012347
15754,754,1.9468774326014682e-07,1.0,,,False,90.0458234581165
15755,755,1.9462548550563952e-07,1.0,,,False,90.13583754212596
15756,756,1.9456324196198693e-07,1.0,,,False,90.22346725012176
15757,757,1.9446986243565334e-07,1.0,,,False,90.31354558304884
15758,758,1.9446986243565334e-07,1.0,,,False,90.40558620798402
15759,759,1.9450098420747963e-07,1.0,,,False,90.49111241707578
15760,760,1.9434536113749346e-07,1.0,,,False,90.58165766694583
15761,761,1.9428311759384087e-07,1.0,,,False,90.67033079196699
15762,762,1.941274945238547e-07,1.0,,,False,90.76114958291873
15763,763,1.9409635854117369e-07,1.0,,,False,90.8541912920773
15764,764,1.940029932256948e-07,1.0,,,False,90.94511299999431
15765,765,1.9390961369936122e-07,1.0,,,False,91.03448124998249
15766,766,1.9378511240120133e-07,1.0,,,False,91.12430954212323
15767,767,1.9387849192753492e-07,1.0,,,False,91.21382783306763
15768,768,1.9362948933121515e-07,1.0,,,False,91.29986437503248
15769,769,1.9362948933121515e-07,1.0,,,False,91.3864418331068
15770,770,1.9356723157670785e-07,1.0,,,False,91.49473687494174
15771,771,1.9356723157670785e-07,1.0,,,False,91.59990241704509
15772,772,1.9350498803305527e-07,1.0,,,False,91.70677137491293
15773,773,1.9353610980488156e-07,1.0,,,False,91.81118170800619
15774,774,1.9344273027854797e-07,1.0,,,False,91.91635745810345
15775,775,1.9341160850672168e-07,1.0,,,False,92.0159120829776
15776,776,1.9341160850672168e-07,1.0,,,False,92.1216887079645
15777,777,1.9338048673489538e-07,1.0,,,False,92.22458170796745
15778,778,1.933493649630691e-07,1.0,,,False,92.32785120792687
15779,779,1.932559854367355e-07,1.0,,,False,92.42903366708197
15780,780,1.931937276822282e-07,1.0,,,False,92.51825729198754
15781,781,1.9306924059492303e-07,1.0,,,False,92.61035074992105
15782,782,1.9297586106858944e-07,1.0,,,False,92.69927754206583
15783,783,1.9278910201592225e-07,1.0,,,False,92.79342162492685
15784,784,1.9282023799860326e-07,1.0,,,False,92.88057341706008
15785,785,1.9266460071776237e-07,1.0,,,False,92.96931979199871
15786,786,1.9269573670044338e-07,1.0,,,False,93.05635033291765
15787,787,1.9254009941960248e-07,1.0,,,False,93.14094637497328
15788,788,1.9241561233229731e-07,1.0,,,False,93.22731058299541
15789,789,1.9232223280596372e-07,1.0,,,False,93.31811620807275
15790,790,1.9216660973597754e-07,1.0,,,False,93.40870362496935
15791,791,1.9219773150780384e-07,1.0,,,False,93.49448179197498
15792,792,1.9204210843781766e-07,1.0,,,False,93.58392808306962
15793,793,1.9191760713965778e-07,1.0,,,False,93.67355950013734
15794,794,1.917308480869906e-07,1.0,,,False,93.76311412500218
15795,795,1.917308480869906e-07,1.0,,,False,93.84898504195735
15796,796,1.9154410324517812e-07,1.0,,,False,93.93364537507296
15797,797,1.9151298147335183e-07,1.0,,,False,94.01830429211259
15798,798,1.9154410324517812e-07,1.0,,,False,94.11314954212867
15799,799,1.9145072371884453e-07,1.0,,,False,94.20077004213817
15800,800,1.9132622242068464e-07,1.0,1.0,0.00026520689463351173,False,94.38394816708751
15801,801,1.9129510064885835e-07,1.0,,,False,94.51839112513699
15802,802,1.9123285710520577e-07,1.0,,,False,94.62806291691959
15803,803,1.9117059935069847e-07,1.0,,,False,94.7523548330646
15804,804,1.9107721982436487e-07,1.0,,,False,94.8704134169966
15805,805,1.9104609805253858e-07,1.0,,,False,94.99926662491634
15806,806,1.908904749825524e-07,1.0,,,False,95.12604416697286
15807,807,1.908282172280451e-07,1.0,,,False,95.25114645808935
15808,808,1.9076597368439252e-07,1.0,,,False,95.3674893330317
15809,809,1.9064147238623264e-07,1.0,,,False,95.49279637495056
15810,810,1.9051697108807275e-07,1.0,,,False,95.59740783297457
15811,811,1.9039246978991287e-07,1.0,,,False,95.68340466707014
15812,812,1.9042359156173916e-07,1.0,,,False,95.79891691706143
15813,813,1.902368467199267e-07,1.0,,,False,95.92130462499335
15814,814,1.902368467199267e-07,1.0,,,False,96.0269255831372
15815,815,1.901745889654194e-07,1.0,,,False,96.12593166693114
15816,816,1.9005010187811422e-07,1.0,,,False,96.22525883303024
15817,817,1.901123454217668e-07,1.0,,,False,96.32813500007614
15818,818,1.8998784412360692e-07,1.0,,,False,96.4313465829473
15819,819,1.8998784412360692e-07,1.0,,,False,96.53553916700184
15820,820,1.8989446459727333e-07,1.0,,,False,96.63689991692081
15821,821,1.8970771975546086e-07,1.0,,,False,96.73833824996836
15822,822,1.8958321845730097e-07,1.0,,,False,96.84170425008051
15823,823,1.8948983893096738e-07,1.0,,,False,96.94448570813984
15824,824,1.8952096070279367e-07,1.0,,,False,97.04807920800522
15825,825,1.893964736154885e-07,1.0,,,False,97.13916137511842
15826,826,1.894587171591411e-07,1.0,,,False,97.22648483305238
15827,827,1.893342158609812e-07,1.0,,,False,97.32529649999924
15828,828,1.893653376328075e-07,1.0,,,False,97.45313133299351
15829,829,1.8927197231732862e-07,1.0,,,False,97.58425520802848
15830,830,1.8917859279099503e-07,1.0,,,False,97.72313766693696
15831,831,1.8917859279099503e-07,1.0,,,False,97.85219887504354
15832,832,1.8914747101916873e-07,1.0,,,False,97.95653275004588
15833,833,1.8914747101916873e-07,1.0,,,False,98.0585700829979
15834,834,1.8911633503648773e-07,1.0,,,False,98.16347520798445
15835,835,1.8908521326466143e-07,1.0,,,False,98.26660766708665
15836,836,1.8902296972100885e-07,1.0,,,False,98.37047179206274
15837,837,1.8886734665102267e-07,1.0,,,False,98.47298454213887
15838,838,1.8877396712468908e-07,1.0,,,False,98.57598766707815
15839,839,1.8877396712468908e-07,1.0,,,False,98.67851129197516
15840,840,1.887428453528628e-07,1.0,,,False,98.78153479192406
15841,841,1.8871170937018178e-07,1.0,,,False,98.88369083311409
15842,842,1.886494658265292e-07,1.0,,,False,98.98480691714212
15843,843,1.885872080720219e-07,1.0,,,False,99.08852141699754
15844,844,1.885249645283693e-07,1.0,,,False,99.19684629212134
15845,845,1.8836934145838313e-07,1.0,,,False,99.32713620807044
15846,846,1.8830708370387583e-07,1.0,,,False,99.43500025011599
15847,847,1.8824484016022325e-07,1.0,,,False,99.54951920802705
15848,848,1.8812033886206336e-07,1.0,,,False,99.65613849996589
15849,849,1.8799583756390348e-07,1.0,,,False,99.77721837512217
15850,850,1.8796471579207719e-07,1.0,,,False,99.90541108301841
15851,851,1.878713362657436e-07,1.0,,,False,100.01142866699956
15852,852,1.878713362657436e-07,1.0,,,False,100.11648591700941
15853,853,1.877468349675837e-07,1.0,,,False,100.21777674998157
15854,854,1.876845772130764e-07,1.0,,,False,100.31736979214475
15855,855,1.876845772130764e-07,1.0,,,False,100.4168524579145
15856,856,1.8765345544125012e-07,1.0,,,False,100.5210190829821
15857,857,1.8762233366942382e-07,1.0,,,False,100.63391279196367
15858,858,1.8749783237126394e-07,1.0,,,False,100.73918787506409
15859,859,1.8740445284493035e-07,1.0,,,False,100.85023754206486
15860,860,1.8715545024861058e-07,1.0,,,False,100.97006083303131
15861,861,1.8731108752945147e-07,1.0,,,False,101.07969858311117
15862,862,1.8712432847678429e-07,1.0,,,False,101.19389787502587
15863,863,1.870620849331317e-07,1.0,,,False,101.29924983298406
15864,864,1.8690646186314552e-07,1.0,,,False,101.40475979191251
15865,865,1.8681308233681193e-07,1.0,,,False,101.50924004195258
15866,866,1.8671970281047834e-07,1.0,,,False,101.614814291941
15867,867,1.8668858103865205e-07,1.0,,,False,101.7287507080473
15868,868,1.8656407974049216e-07,1.0,,,False,101.86046799994074
15869,869,1.863773348986797e-07,1.0,,,False,101.97472645808011
15870,870,1.863773348986797e-07,1.0,,,False,102.10154112498276
15871,871,1.862528336005198e-07,1.0,,,False,102.21335850004107
15872,872,1.8612833230235992e-07,1.0,,,False,102.33085558307357
15873,873,1.8606607454785262e-07,1.0,,,False,102.41986187500879
15874,874,1.8581707195153285e-07,1.0,,,False,102.53774683293886
15875,875,1.8581707195153285e-07,1.0,,,False,102.67177550005727
15876,876,1.8556806935521308e-07,1.0,,,False,102.760108333081
15877,877,1.855058258115605e-07,1.0,,,False,102.8748877919279
15878,878,1.8535020274157432e-07,1.0,,,False,102.97185245808214
15879,879,1.8528794498706702e-07,1.0,,,False,103.06627708300948
15880,880,1.8531906675889331e-07,1.0,,,False,103.16228600009345
15881,881,1.8522570144341444e-07,1.0,,,False,103.27345704194158
15882,882,1.8516344368890714e-07,1.0,,,False,103.3773930829484
15883,883,1.8497669884709467e-07,1.0,,,False,103.47907583299093
15884,884,1.8491444109258737e-07,1.0,,,False,103.58278854191303
15885,885,1.847588180226012e-07,1.0,,,False,103.6879858749453
15886,886,1.847588180226012e-07,1.0,,,False,103.79144666693173
15887,887,1.846965744789486e-07,1.0,,,False,103.92086120811291
15888,888,1.84603194952615e-07,1.0,,,False,104.05120279197581
15889,889,1.8457207318078872e-07,1.0,,,False,104.16727195796557
15890,890,1.8454095140896243e-07,1.0,,,False,104.28785533295013
15891,891,1.8454095140896243e-07,1.0,,,False,104.3832369169686
15892,892,1.8444757188262884e-07,1.0,,,False,104.48064808291383
15893,893,1.8444757188262884e-07,1.0,,,False,104.57430350012146
15894,894,1.8444757188262884e-07,1.0,,,False,104.66778491693549
15895,895,1.8438531412812154e-07,1.0,,,False,104.76634858292527
15896,896,1.8438531412812154e-07,1.0,,,False,104.85809591691941
15897,897,1.8435419235629524e-07,1.0,,,False,104.95093029201962
15898,898,1.8438531412812154e-07,1.0,,,False,105.04636679193936
15899,899,1.8435419235629524e-07,1.0,,,False,105.13914745813236
15900,900,1.8429194881264266e-07,1.0,1.0,0.00025266827011851593,False,105.36433937493712
15901,901,1.8422969105813536e-07,1.0,,,False,105.48965350002982
15902,902,1.840429462163229e-07,1.0,,,False,105.58500070800073
15903,903,1.8416744751448277e-07,1.0,,,False,105.67451070807874
15904,904,1.840118244444966e-07,1.0,,,False,105.7739540420007
15905,905,1.840118244444966e-07,1.0,,,False,105.88249245798215
15906,906,1.839806884618156e-07,1.0,,,False,105.98334045801312
15907,907,1.838561871636557e-07,1.0,,,False,106.08416037494317
15908,908,1.838561871636557e-07,1.0,,,False,106.1756932081189
15909,909,1.8373168586549582e-07,1.0,,,False,106.26654954208061
15910,910,1.8370056409366953e-07,1.0,,,False,106.35660166712478
15911,911,1.8366944232184323e-07,1.0,,,False,106.44531841692515
15912,912,1.8363832055001694e-07,1.0,,,False,106.52911658305675
15913,913,1.8363832055001694e-07,1.0,,,False,106.61779420799576
15914,914,1.8354494102368335e-07,1.0,,,False,106.71010249992833
15915,915,1.8351381925185706e-07,1.0,,,False,106.81768441712484
15916,916,1.8338931795369717e-07,1.0,,,False,106.91875087493099
15917,917,1.8332706019918987e-07,1.0,,,False,107.01950741698965
15918,918,1.8332706019918987e-07,1.0,,,False,107.13895995798521
15919,919,1.830780576028701e-07,1.0,,,False,107.24162354203872
15920,920,1.8301581405921752e-07,1.0,,,False,107.3451956671197
15921,921,1.8289131276105763e-07,1.0,,,False,107.44775979197584
15922,922,1.8273568969107146e-07,1.0,,,False,107.55365970800631
15923,923,1.8282906921740505e-07,1.0,,,False,107.65793420793489
15924,924,1.8261118839291157e-07,1.0,,,False,107.75345066701993
15925,925,1.8251780886657798e-07,1.0,,,False,107.85584950004704
15926,926,1.824555653229254e-07,1.0,,,False,107.95838191709481
15927,927,1.823310640247655e-07,1.0,,,False,108.04877783311531
15928,928,1.8223768449843192e-07,1.0,,,False,108.17433249996975
15929,929,1.8214430497209833e-07,1.0,,,False,108.2698727499228
15930,930,1.8205093965661945e-07,1.0,,,False,108.36141129210591
15931,931,1.8198868190211215e-07,1.0,,,False,108.45262895803899
15932,932,1.8192643835845956e-07,1.0,,,False,108.54533395799808
15933,933,1.8180193706029968e-07,1.0,,,False,108.66651608305983
15934,934,1.8170855753396609e-07,1.0,,,False,108.7684405001346
15935,935,1.815840562358062e-07,1.0,,,False,108.8824831249658
15936,936,1.814906767094726e-07,1.0,,,False,108.98603512509726
15937,937,1.8136617541131272e-07,1.0,,,False,109.08838733308949
15938,938,1.8136617541131272e-07,1.0,,,False,109.19157370808534
15939,939,1.8121055234132655e-07,1.0,,,False,109.29986983304843
15940,940,1.8108605104316666e-07,1.0,,,False,109.39361270796508
15941,941,1.808681844295279e-07,1.0,,,False,109.51625158311799
15942,942,1.808681844295279e-07,1.0,,,False,109.63353991694748
15943,943,1.807748049031943e-07,1.0,,,False,109.74857562500983
15944,944,1.8055692407870083e-07,1.0,,,False,109.87276087491773
15945,945,1.8049468053504825e-07,1.0,,,False,109.97603929205798
15946,946,1.8037017923688836e-07,1.0,,,False,110.08837320795283
15947,947,1.8033905746506207e-07,1.0,,,False,110.1998451249674
15948,948,1.8015229841239488e-07,1.0,,,False,110.30495312507264
15949,949,1.800900548687423e-07,1.0,,,False,110.40959004196338
15950,950,1.799966753424087e-07,1.0,,,False,110.51035087509081
15951,951,1.7996555357058241e-07,1.0,,,False,110.60748820798472
15952,952,1.7987217404424882e-07,1.0,,,False,110.72440116712824
15953,953,1.7971655097426265e-07,1.0,,,False,110.84535662503913
15954,954,1.7965429321975535e-07,1.0,,,False,110.95000433293171
15955,955,1.7962317144792905e-07,1.0,,,False,111.05020204209723
15956,956,1.7952979192159546e-07,1.0,,,False,111.16516133304685
15957,957,1.7956092790427647e-07,1.0,,,False,111.27132629207335
15958,958,1.7940529062343558e-07,1.0,,,False,111.3768834171351
15959,959,1.79343047079783e-07,1.0,,,False,111.50452399998903
15960,960,1.792807893252757e-07,1.0,,,False,111.63261579209939
15961,961,1.792807893252757e-07,1.0,,,False,111.76086933305487
15962,962,1.792185457816231e-07,1.0,,,False,111.86618004203774
15963,963,1.792185457816231e-07,1.0,,,False,111.9597860830836
15964,964,1.7909404448346322e-07,1.0,,,False,112.07304841699079
15965,965,1.7900066495712963e-07,1.0,,,False,112.2012625830248
15966,966,1.7890729964165075e-07,1.0,,,False,112.3053165001329
15967,967,1.7884504188714345e-07,1.0,,,False,112.42039020801894
15968,968,1.7859603929082368e-07,1.0,,,False,112.53356870799325
15969,969,1.785649175189974e-07,1.0,,,False,112.66254866705276
15970,970,1.785026739753448e-07,1.0,,,False,112.77322895801626
15971,971,1.784092944490112e-07,1.0,,,False,112.88109849998727
15972,972,1.7837817267718492e-07,1.0,,,False,112.98923287494108
15973,973,1.783470366945039e-07,1.0,,,False,113.09813858312555
15974,974,1.7822253539634403e-07,1.0,,,False,113.21762716700323
15975,975,1.7825367137902504e-07,1.0,,,False,113.32830370799638
15976,976,1.7825367137902504e-07,1.0,,,False,113.4317388329655
15977,977,1.7812917008086515e-07,1.0,,,False,113.54518050001934
15978,978,1.7809803409818414e-07,1.0,,,False,113.65074645797722
15979,979,1.7800466878270527e-07,1.0,,,False,113.74783200002275
15980,980,1.7797354701087897e-07,1.0,,,False,113.84863758296706
15981,981,1.7788016748454538e-07,1.0,,,False,113.94742408301681
15982,982,1.777867879582118e-07,1.0,,,False,114.04228266701102
15983,983,1.777245444145592e-07,1.0,,,False,114.14054549997672
15984,984,1.777245444145592e-07,1.0,,,False,114.24518662504852
15985,985,1.776934084318782e-07,1.0,,,False,114.34913037507795
15986,986,1.7760004311639932e-07,1.0,,,False,114.46609220793471
15987,987,1.7750666359006573e-07,1.0,,,False,114.58507837494835
15988,988,1.7735104052007955e-07,1.0,,,False,114.7181112500839
15989,989,1.7731991874825326e-07,1.0,,,False,114.8452554999385
15990,990,1.7728878276557225e-07,1.0,,,False,114.96309650014155
15991,991,1.7719541745009337e-07,1.0,,,False,115.06753920810297
15992,992,1.7713315969558607e-07,1.0,,,False,115.16414133296348
15993,993,1.7703978016925248e-07,1.0,,,False,115.27171933301724
15994,994,1.769775366255999e-07,1.0,,,False,115.38601900008507
15995,995,1.769775366255999e-07,1.0,,,False,115.49947283300571
15996,996,1.769775366255999e-07,1.0,,,False,115.61042270809412
15997,997,1.768841570992663e-07,1.0,,,False,115.72574141691439
15998,998,1.7682191355561372e-07,1.0,,,False,115.8358194581233
15999,999,1.7679079178378743e-07,1.0,,,False,115.96490137511864
16000,1000,1.7669741225745383e-07,1.0,1.0,0.00023398604954318137,False,116.19111045799218
16001,1001,1.7663515450294653e-07,1.0,,,False,116.34389045811258
16002,1002,1.7657291095929395e-07,1.0,,,False,116.47496070805937
16003,1003,1.7657291095929395e-07,1.0,,,False,116.58178975014016
16004,1004,1.7660403273112024e-07,1.0,,,False,116.67740383301862
16005,1005,1.7638615190662676e-07,1.0,,,False,116.77064695791341
16006,1006,1.7635503013480047e-07,1.0,,,False,116.8670793750789
16007,1007,1.7632390836297418e-07,1.0,,,False,116.99185141711496
16008,1008,1.762305288366406e-07,1.0,,,False,117.09507487504743
16009,1009,1.760749057666544e-07,1.0,,,False,117.22256599995308
16010,1010,1.76168285292988e-07,1.0,,,False,117.3468537919689
16011,1011,1.7604378399482812e-07,1.0,,,False,117.44221291714348
16012,1012,1.760749057666544e-07,1.0,,,False,117.54349391697906
16013,1013,1.7601266222300183e-07,1.0,,,False,117.65647166711278
16014,1014,1.7601266222300183e-07,1.0,,,False,117.79013999993913
16015,1015,1.7585702494216093e-07,1.0,,,False,117.9066889169626
16016,1016,1.7585702494216093e-07,1.0,,,False,118.0396431251429
16017,1017,1.7585702494216093e-07,1.0,,,False,118.14954524999484
16018,1018,1.7588816092484194e-07,1.0,,,False,118.28516487497836
16019,1019,1.7567028010034846e-07,1.0,,,False,118.41065291711129
16020,1020,1.7573252364400105e-07,1.0,,,False,118.52775962511078
16021,1021,1.7551465703036229e-07,1.0,,,False,118.6380302500911
16022,1022,1.75483535258536e-07,1.0,,,False,118.7439777920954
16023,1023,1.754212775040287e-07,1.0,,,False,118.85078749991953
16024,1024,1.754212775040287e-07,1.0,,,False,118.9585766249802
16025,1025,1.753278979776951e-07,1.0,,,False,119.06935529201292
16026,1026,1.7523453266221622e-07,1.0,,,False,119.1812782920897
16027,1027,1.7520339667953522e-07,1.0,,,False,119.30943483300507
16028,1028,1.7514115313588263e-07,1.0,,,False,119.42876158305444
16029,1029,1.7504777360954904e-07,1.0,,,False,119.51579024991952
16030,1030,1.7504777360954904e-07,1.0,,,False,119.60319758299738
16031,1031,1.7495440829407016e-07,1.0,,,False,119.69794262503274
16032,1032,1.7492327231138916e-07,1.0,,,False,119.81083741714247
16033,1033,1.7492327231138916e-07,1.0,,,False,119.91535883303732
16034,1034,1.7486102876773657e-07,1.0,,,False,120.02185675012879
16035,1035,1.7473652746957669e-07,1.0,,,False,120.12711487500928
16036,1036,1.747054056977504e-07,1.0,,,False,120.23185937502421
16037,1037,1.746120261714168e-07,1.0,,,False,120.33490645792335
16038,1038,1.745186466450832e-07,1.0,,,False,120.44213958294131
16039,1039,1.7442528132960433e-07,1.0,,,False,120.54410558310337
16040,1040,1.7448752487325692e-07,1.0,,,False,120.65223708306439
16041,1041,1.7433190180327074e-07,1.0,,,False,120.7562654169742
16042,1042,1.7439414534692332e-07,1.0,,,False,120.85349487513304
16043,1043,1.7426964404876344e-07,1.0,,,False,120.9506281670183
16044,1044,1.7423852227693715e-07,1.0,,,False,121.06784050003625
16045,1045,1.7420740050511085e-07,1.0,,,False,121.18048337497748
16046,1046,1.7414514275060355e-07,1.0,,,False,121.31993137509562
16047,1047,1.7411402097877726e-07,1.0,,,False,121.44198116706684
16048,1048,1.7398951968061738e-07,1.0,,,False,121.55542737501673
16049,1049,1.738650183824575e-07,1.0,,,False,121.64760033297352
16050,1050,1.7389614015428378e-07,1.0,,,False,121.75320204207674
16051,1051,1.738027748388049e-07,1.0,,,False,121.85968495812267
16052,1052,1.7377165306697862e-07,1.0,,,False,121.97194812493399
16053,1053,1.7370939531247132e-07,1.0,,,False,122.10042875004001
16054,1054,1.7361601578613772e-07,1.0,,,False,122.22364066704176
16055,1055,1.7352265047065885e-07,1.0,,,False,122.34015179192647
16056,1056,1.7349151448797784e-07,1.0,,,False,122.4463221670594
16057,1057,1.7333589141799166e-07,1.0,,,False,122.56301733292639
16058,1058,1.7330476964616537e-07,1.0,,,False,122.68252441706136
16059,1059,1.7321139011983178e-07,1.0,,,False,122.81615712493658
16060,1060,1.7327364787433908e-07,1.0,,,False,122.94342129211873
16061,1061,1.7318026834800548e-07,1.0,,,False,123.06784220808186
16062,1062,1.731491465761792e-07,1.0,,,False,123.20320970797911
16063,1063,1.730246452780193e-07,1.0,,,False,123.33057470805943
16064,1064,1.730246452780193e-07,1.0,,,False,123.46111979195848
16065,1065,1.7283788622535212e-07,1.0,,,False,123.58219533297233
16066,1066,1.7283788622535212e-07,1.0,,,False,123.72459858306684
16067,1067,1.7277564268169954e-07,1.0,,,False,123.86452087503858
16068,1068,1.7277564268169954e-07,1.0,,,False,123.99970512511209
16069,1069,1.7271338492719224e-07,1.0,,,False,124.13088679197244
16070,1070,1.7265114138353965e-07,1.0,,,False,124.25246645812877
16071,1071,1.7262001961171336e-07,1.0,,,False,124.37971391691826
16072,1072,1.7258889783988707e-07,1.0,,,False,124.5136849170085
16073,1073,1.7255776185720606e-07,1.0,,,False,124.62101545813493
16074,1074,1.7252664008537977e-07,1.0,,,False,124.71620566700585
16075,1075,1.7255776185720606e-07,1.0,,,False,124.83256320795044
16076,1076,1.723398952435673e-07,1.0,,,False,124.97249433305115
16077,1077,1.723398952435673e-07,1.0,,,False,125.09564829198644
16078,1078,1.723398952435673e-07,1.0,,,False,125.20165529195219
16079,1079,1.7205975666456652e-07,1.0,,,False,125.33585166698322
16080,1080,1.7215313619090011e-07,1.0,,,False,125.4646043330431
16081,1081,1.7196639134908764e-07,1.0,,,False,125.59724954213016
16082,1082,1.7190413359458034e-07,1.0,,,False,125.72530166711658
16083,1083,1.7184189005092776e-07,1.0,,,False,125.82149749994278
16084,1084,1.7181076827910147e-07,1.0,,,False,125.9171619580593
16085,1085,1.7171738875276787e-07,1.0,,,False,126.03620858304203
16086,1086,1.7162400922643428e-07,1.0,,,False,126.14275208301842
16087,1087,1.714995079282744e-07,1.0,,,False,126.24758358299732
16088,1088,1.714995079282744e-07,1.0,,,False,126.35123512498103
16089,1089,1.7131276308646193e-07,1.0,,,False,126.45555387507193
16090,1090,1.7121938356012834e-07,1.0,,,False,126.55607750010677
16091,1091,1.7115714001647575e-07,1.0,,,False,126.65455675008707
16092,1092,1.7112600403379474e-07,1.0,,,False,126.75383404199965
16093,1093,1.7109488226196845e-07,1.0,,,False,126.85261525004171
16094,1094,1.7106376049014216e-07,1.0,,,False,126.95153929200023
16095,1095,1.7103263871831587e-07,1.0,,,False,127.05141645809636
16096,1096,1.7100150273563486e-07,1.0,,,False,127.15131224994548
16097,1097,1.7097038096380857e-07,1.0,,,False,127.25104191713035
16098,1098,1.7093925919198227e-07,1.0,,,False,127.35188816697337
16099,1099,1.707836361219961e-07,1.0,,,False,127.44821762503125
16100,1100,1.707525143501698e-07,1.0,1.0,0.0002195063986167716,False,127.63004112499766
16101,1101,1.706902565956625e-07,1.0,,,False,127.76190275000408
16102,1102,1.7050351175385003e-07,1.0,,,False,127.88718341710046
16103,1103,1.705968770693289e-07,1.0,,,False,128.00950304209255
16104,1104,1.705968770693289e-07,1.0,,,False,128.12964825006202
16105,1105,1.7041013222751644e-07,1.0,,,False,128.23573687509634
16106,1106,1.7044125399934273e-07,1.0,,,False,128.34059245791286
16107,1107,1.7028563092935656e-07,1.0,,,False,128.45299725001678
16108,1108,1.7022337317484926e-07,1.0,,,False,128.56537025002763
16109,1109,1.7013000785937038e-07,1.0,,,False,128.67875075014308
16110,1110,1.7006775010486308e-07,1.0,,,False,128.79253362491727
16111,1111,1.700988860875441e-07,1.0,,,False,128.8817425421439
16112,1112,1.699121270348769e-07,1.0,,,False,128.9686277920846
16113,1113,1.6975650396489073e-07,1.0,,,False,129.07127883308567
16114,1114,1.6975650396489073e-07,1.0,,,False,129.15852037491277
16115,1115,1.6975650396489073e-07,1.0,,,False,129.24763970798813
16116,1116,1.6960088089490455e-07,1.0,,,False,129.36030483292416
16117,1117,1.6950750136857096e-07,1.0,,,False,129.4804605829995
16118,1118,1.6944525782491837e-07,1.0,,,False,129.593184791971
16119,1119,1.6938300007041107e-07,1.0,,,False,129.72479833313264
16120,1120,1.693207565267585e-07,1.0,,,False,129.8611887919251
16121,1121,1.693207565267585e-07,1.0,,,False,129.99306250014342
16122,1122,1.693207565267585e-07,1.0,,,False,130.09095812495798
16123,1123,1.691962552285986e-07,1.0,,,False,130.19307283312082
16124,1124,1.6907175393043872e-07,1.0,,,False,130.28730470803566
16125,1125,1.6885387310594524e-07,1.0,,,False,130.3940352499485
16126,1126,1.6882275133411895e-07,1.0,,,False,130.4877709171269
16127,1127,1.6869825003595906e-07,1.0,,,False,130.603192999959
16128,1128,1.6869825003595906e-07,1.0,,,False,130.72945212502964
16129,1129,1.6863599228145176e-07,1.0,,,False,130.84342549997382
16130,1130,1.6863599228145176e-07,1.0,,,False,130.9357601669617
16131,1131,1.6851149098329188e-07,1.0,,,False,131.04618179192767
16132,1132,1.6860487050962547e-07,1.0,,,False,131.173593332991
16133,1133,1.6851149098329188e-07,1.0,,,False,131.3068212501239
16134,1134,1.68418125667813e-07,1.0,,,False,131.4414125829935
16135,1135,1.68418125667813e-07,1.0,,,False,131.5886306669563
16136,1136,1.68418125667813e-07,1.0,,,False,131.72704220796004
16137,1137,1.684492474396393e-07,1.0,,,False,131.83398691704497
16138,1138,1.6829362436965312e-07,1.0,,,False,131.9419254581444
16139,1139,1.6823136661514582e-07,1.0,,,False,132.0475527921226
16140,1140,1.6823136661514582e-07,1.0,,,False,132.1717202081345
16141,1141,1.6816912307149323e-07,1.0,,,False,132.30774720804766
16142,1142,1.6829362436965312e-07,1.0,,,False,132.4423380419612
16143,1143,1.6816912307149323e-07,1.0,,,False,132.57016100012697
16144,1144,1.6820024484331952e-07,1.0,,,False,132.69283616705798
16145,1145,1.6816912307149323e-07,1.0,,,False,132.78121608309448
16146,1146,1.6810686531698593e-07,1.0,,,False,132.87335070804693
16147,1147,1.6804462177333335e-07,1.0,,,False,132.96842162497342
16148,1148,1.6801350000150705e-07,1.0,,,False,133.06714708311483
16149,1149,1.6795124224699975e-07,1.0,,,False,133.20306974998675
16150,1150,1.6795124224699975e-07,1.0,,,False,133.33204966713674
16151,1151,1.6788899870334717e-07,1.0,,,False,133.4397189579904
16152,1152,1.6776449740518729e-07,1.0,,,False,133.5447037499398
16153,1153,1.676711178788537e-07,1.0,,,False,133.6501217079349
16154,1154,1.675777383525201e-07,1.0,,,False,133.7570526250638
16155,1155,1.675777383525201e-07,1.0,,,False,133.8636629579123
16156,1156,1.675466165806938e-07,1.0,,,False,133.98729491699487
16157,1157,1.6748437303704122e-07,1.0,,,False,134.1141076250933
16158,1158,1.6745323705436022e-07,1.0,,,False,134.242112332955
16159,1159,1.6745323705436022e-07,1.0,,,False,134.36366183310747
16160,1160,1.6742211528253392e-07,1.0,,,False,134.50036070798524
16161,1161,1.6732873575620033e-07,1.0,,,False,134.61133400001563
16162,1162,1.6726649221254775e-07,1.0,,,False,134.71471204212867
16163,1163,1.6720424866889516e-07,1.0,,,False,134.81287825014442
16164,1164,1.6711086914256157e-07,1.0,,,False,134.9017318750266
16165,1165,1.669552460725754e-07,1.0,,,False,134.99001175002195
16166,1166,1.668618665462418e-07,1.0,,,False,135.07966641709208
16167,1167,1.667684870199082e-07,1.0,,,False,135.16893766704015
16168,1168,1.6667510749357461e-07,1.0,,,False,135.2556978331413
16169,1169,1.6664398572174832e-07,1.0,,,False,135.34488508291543
16170,1170,1.6661286394992203e-07,1.0,,,False,135.43430745811202
16171,1171,1.6642611910810956e-07,1.0,,,False,135.5225838329643
16172,1172,1.6645724087993585e-07,1.0,,,False,135.60837041703053
16173,1173,1.6633273958177597e-07,1.0,,,False,135.69267416698858
16174,1174,1.6630161780994968e-07,1.0,,,False,135.7810801670421
16175,1175,1.661771165117898e-07,1.0,,,False,135.8701427921187
16176,1176,1.661148587572825e-07,1.0,,,False,135.9596460419707
16177,1177,1.660526152136299e-07,1.0,,,False,136.04642045800574
16178,1178,1.659903574591226e-07,1.0,,,False,136.13357154210098
16179,1179,1.6592811391547002e-07,1.0,,,False,136.22207320807502
16180,1180,1.6586585616096272e-07,1.0,,,False,136.31158233294263
16181,1181,1.6580361261731014e-07,1.0,,,False,136.3983922500629
16182,1182,1.6577249084548384e-07,1.0,,,False,136.48484558309428
16183,1183,1.6564798954732396e-07,1.0,,,False,136.5739052919671
16184,1184,1.6558573179281666e-07,1.0,,,False,136.65959870791994
16185,1185,1.6552348824916407e-07,1.0,,,False,136.74699033307843
16186,1186,1.6549235226648307e-07,1.0,,,False,136.8580284579657
16187,1187,1.6546123049465677e-07,1.0,,,False,136.97725862497464
16188,1188,1.653989869510042e-07,1.0,,,False,137.10837145801634
16189,1189,1.653056074246706e-07,1.0,,,False,137.23553208308294
16190,1190,1.65243363881018e-07,1.0,,,False,137.36238966695964
16191,1191,1.65212227898337e-07,1.0,,,False,137.48927504196763
16192,1192,1.6511886258285813e-07,1.0,,,False,137.6041785001289
16193,1193,1.6511886258285813e-07,1.0,,,False,137.7128397920169
16194,1194,1.6514998435468442e-07,1.0,,,False,137.81793283298612
16195,1195,1.6514998435468442e-07,1.0,,,False,137.921472792048
16196,1196,1.6505660482835083e-07,1.0,,,False,138.0246152919717
16197,1197,1.6505660482835083e-07,1.0,,,False,138.12256362498738
16198,1198,1.6502548305652454e-07,1.0,,,False,138.2415840420872
16199,1199,1.6499436128469824e-07,1.0,,,False,138.3431840420235
16200,1200,1.6502548305652454e-07,1.0,1.0,0.00020699595427671529,False,138.55947133293375
16201,1201,1.6493210353019094e-07,1.0,,,False,138.66322833299637
16202,1202,1.6480760223203106e-07,1.0,,,False,138.7601787080057
16203,1203,1.6468310093387117e-07,1.0,,,False,138.855226167012
16204,1204,1.6465197916204488e-07,1.0,,,False,138.9539985000156
16205,1205,1.645585996357113e-07,1.0,,,False,139.07179479207844
16206,1206,1.6437185479389882e-07,1.0,,,False,139.17949300003238
16207,1207,1.644340983375514e-07,1.0,,,False,139.26959499996156
16208,1208,1.6434073302207253e-07,1.0,,,False,139.35845812503248
16209,1209,1.6427847526756523e-07,1.0,,,False,139.47765995794907
16210,1210,1.6418510995208635e-07,1.0,,,False,139.60236020805314
16211,1211,1.6418510995208635e-07,1.0,,,False,139.70295916707255
16212,1212,1.6402947267124546e-07,1.0,,,False,139.79806350008585
16213,1213,1.6396722912759287e-07,1.0,,,False,139.89338570809923
16214,1214,1.6396722912759287e-07,1.0,,,False,139.9905129170511
16215,1215,1.638116060576067e-07,1.0,,,False,140.08016762509942
16216,1216,1.638116060576067e-07,1.0,,,False,140.17362758307718
16217,1217,1.637182265312731e-07,1.0,,,False,140.2680332500022
16218,1218,1.637182265312731e-07,1.0,,,False,140.3593443329446
16219,1219,1.636871047594468e-07,1.0,,,False,140.4507096670568
16220,1220,1.6359372523311322e-07,1.0,,,False,140.5440604169853
16221,1221,1.6356260346128693e-07,1.0,,,False,140.6360773749184
16222,1222,1.6343810216312704e-07,1.0,,,False,140.729218875058
16223,1223,1.6337584440861974e-07,1.0,,,False,140.8331096249167
16224,1224,1.6337584440861974e-07,1.0,,,False,140.9372733749915
16225,1225,1.6334472263679345e-07,1.0,,,False,141.04174637491815
16226,1226,1.6334472263679345e-07,1.0,,,False,141.1689319999423
16227,1227,1.6325134311045986e-07,1.0,,,False,141.2986428749282
16228,1228,1.6328247909314086e-07,1.0,,,False,141.4246931669768
16229,1229,1.6318909956680727e-07,1.0,,,False,141.51052462495863
16230,1230,1.6309572004047368e-07,1.0,,,False,141.5969267920591
16231,1231,1.629712187423138e-07,1.0,,,False,141.6890967921354
16232,1232,1.6287785342683492e-07,1.0,,,False,141.77585083292797
16233,1233,1.6259771484783414e-07,1.0,,,False,141.86413091700524
16234,1234,1.6247321354967426e-07,1.0,,,False,141.96138404193334
16235,1235,1.6244209177784796e-07,1.0,,,False,142.09014958306216
16236,1236,1.6234872646236909e-07,1.0,,,False,142.20975112495944
16237,1237,1.621930891815282e-07,1.0,,,False,142.29815787496045
16238,1238,1.621619674097019e-07,1.0,,,False,142.38556379196234
16239,1239,1.6200634433971572e-07,1.0,,,False,142.47312529198825
16240,1240,1.6203746611154202e-07,1.0,,,False,142.5633242081385
16241,1241,1.6197522256788943e-07,1.0,,,False,142.65058399992995
16242,1242,1.6178846351522225e-07,1.0,,,False,142.7432692500297
16243,1243,1.6172621997156966e-07,1.0,,,False,142.8377687500324
16244,1244,1.6172621997156966e-07,1.0,,,False,142.9727906670887
16245,1245,1.6153946091890248e-07,1.0,,,False,143.10785287502222
16246,1246,1.614772173752499e-07,1.0,,,False,143.23539449996315
16247,1247,1.612904583225827e-07,1.0,,,False,143.36312429211102
16248,1248,1.612904583225827e-07,1.0,,,False,143.48563804198056
16249,1249,1.6119709300710383e-07,1.0,,,False,143.58171408297494
16250,1250,1.6122821477893012e-07,1.0,,,False,143.70271633309312
16251,1251,1.6113483525259653e-07,1.0,,,False,143.7902095420286
16252,1252,1.6116597123527754e-07,1.0,,,False,143.90889158309437
16253,1253,1.6104146993711765e-07,1.0,,,False,144.0275657500606
16254,1254,1.6101033395443665e-07,1.0,,,False,144.13289000000805
16255,1255,1.6094809041078406e-07,1.0,,,False,144.2488538750913
16256,1256,1.6091696863895777e-07,1.0,,,False,144.34209204209037
16257,1257,1.6085471088445047e-07,1.0,,,False,144.42551870807074
16258,1258,1.6079246734079788e-07,1.0,,,False,144.51216233312152
16259,1259,1.6073020958629058e-07,1.0,,,False,144.60860599996522
16260,1260,1.6073020958629058e-07,1.0,,,False,144.69852204201743
16261,1261,1.606990878144643e-07,1.0,,,False,144.8265452501364
16262,1262,1.605745865163044e-07,1.0,,,False,144.93238362506963
16263,1263,1.6048120698997081e-07,1.0,,,False,145.02411183295771
16264,1264,1.6045008521814452e-07,1.0,,,False,145.12824283307418
16265,1265,1.6038784167449194e-07,1.0,,,False,145.2297661670018
16266,1266,1.6035670569181093e-07,1.0,,,False,145.33047299995087
16267,1267,1.6032558391998464e-07,1.0,,,False,145.43607054208405
16268,1268,1.6026334037633205e-07,1.0,,,False,145.53740816703066
16269,1269,1.6020108262182475e-07,1.0,,,False,145.6442110829521
16270,1270,1.6020108262182475e-07,1.0,,,False,145.74445029208437
16271,1271,1.6007658132366487e-07,1.0,,,False,145.8478589169681
16272,1272,1.6010770309549116e-07,1.0,,,False,145.95694099995308
16273,1273,1.5995208002550498e-07,1.0,,,False,146.06345029198565
16274,1274,1.599209582536787e-07,1.0,,,False,146.16317375004292
16275,1275,1.597964569555188e-07,1.0,,,False,146.2632950420957
16276,1276,1.5970307742918521e-07,1.0,,,False,146.36837170808576
16277,1277,1.5967195565735892e-07,1.0,,,False,146.47702675010078
16278,1278,1.5945407483286544e-07,1.0,,,False,146.5935424999334
16279,1279,1.5948521081554645e-07,1.0,,,False,146.6986145421397
16280,1280,1.5948521081554645e-07,1.0,,,False,146.8028511670418
16281,1281,1.5945407483286544e-07,1.0,,,False,146.90752929192968
16282,1282,1.5945407483286544e-07,1.0,,,False,147.01083795796148
16283,1283,1.5945407483286544e-07,1.0,,,False,147.1144867921248
16284,1284,1.5942295306103915e-07,1.0,,,False,147.21902287495323
16285,1285,1.5923620821922668e-07,1.0,,,False,147.32112537510693
16286,1286,1.5926732999105297e-07,1.0,,,False,147.42620795802213
16287,1287,1.5926732999105297e-07,1.0,,,False,147.53216104209423
16288,1288,1.5917395046471938e-07,1.0,,,False,147.63800829206593
16289,1289,1.590805851492405e-07,1.0,,,False,147.74395675002597
16290,1290,1.590494491665595e-07,1.0,,,False,147.8496105419472
16291,1291,1.589249478683996e-07,1.0,,,False,147.955350167118
16292,1292,1.589249478683996e-07,1.0,,,False,148.07481937506236
16293,1293,1.5883158255292074e-07,1.0,,,False,148.21059879194945
16294,1294,1.5876932479841344e-07,1.0,,,False,148.3299122499302
16295,1295,1.5867595948293456e-07,1.0,,,False,148.44371212506667
16296,1296,1.5867595948293456e-07,1.0,,,False,148.54052958311513
16297,1297,1.5858257995660097e-07,1.0,,,False,148.63537179213017
16298,1298,1.5852032220209367e-07,1.0,,,False,148.73143812501803
16299,1299,1.584269568866148e-07,1.0,,,False,148.82914062496275
16300,1300,1.583646991321075e-07,1.0,1.0,0.000198254911083402,False,149.10250095813535
16301,1301,1.583646991321075e-07,1.0,,,False,149.23359224991873
16302,1302,1.582401978339476e-07,1.0,,,False,149.34637895808555
16303,1303,1.5817795429029502e-07,1.0,,,False,149.45471770805307
16304,1304,1.5814683251846873e-07,1.0,,,False,149.5617988749873
16305,1305,1.5796007346580154e-07,1.0,,,False,149.6684879581444
16306,1306,1.5789782992214896e-07,1.0,,,False,149.7762380419299
16307,1307,1.5783557216764166e-07,1.0,,,False,149.88616954209283
16308,1308,1.5780445039581537e-07,1.0,,,False,150.00317491707392
16309,1309,1.5771107086948177e-07,1.0,,,False,150.11819133302197
16310,1310,1.5767994909765548e-07,1.0,,,False,150.21009879210033
16311,1311,1.575865695713219e-07,1.0,,,False,150.3008552500978
16312,1312,1.57493204255843e-07,1.0,,,False,150.39135737507604
16313,1313,1.575243260276693e-07,1.0,,,False,150.48163079214282
16314,1314,1.575243260276693e-07,1.0,,,False,150.5710358750075
16315,1315,1.574309465013357e-07,1.0,,,False,150.65934433299117
16316,1316,1.5739982472950942e-07,1.0,,,False,150.74873166694306
16317,1317,1.5721306567684223e-07,1.0,,,False,150.8348581669852
16318,1318,1.5718194390501594e-07,1.0,,,False,150.92040104209445
16319,1319,1.5696407729137718e-07,1.0,,,False,151.0118076670915
16320,1320,1.5693294130869617e-07,1.0,,,False,151.098055541981
16321,1321,1.5693294130869617e-07,1.0,,,False,151.1902403330896
16322,1322,1.5690181953686988e-07,1.0,,,False,151.30678970809095
16323,1323,1.567461964668837e-07,1.0,,,False,151.4122331670951
16324,1324,1.566839387123764e-07,1.0,,,False,151.518734625075
16325,1325,1.5662169516872382e-07,1.0,,,False,151.62531454209238
16326,1326,1.566528169405501e-07,1.0,,,False,151.73125920793973
16327,1327,1.5652831564239023e-07,1.0,,,False,151.83787458296865
16328,1328,1.5640381434423034e-07,1.0,,,False,151.94461708306335
16329,1329,1.5643493611605663e-07,1.0,,,False,152.05274754203856
16330,1330,1.5637269257240405e-07,1.0,,,False,152.1607822079677
16331,1331,1.5627931304607046e-07,1.0,,,False,152.2668579579331
16332,1332,1.5627931304607046e-07,1.0,,,False,152.37248829193413
16333,1333,1.5627931304607046e-07,1.0,,,False,152.47784216701984
16334,1334,1.5621706950241787e-07,1.0,,,False,152.5829311250709
16335,1335,1.5609256820425799e-07,1.0,,,False,152.6910309169907
16336,1336,1.559991886779244e-07,1.0,,,False,152.79805329209194
16337,1337,1.558746873797645e-07,1.0,,,False,152.90461195795797
16338,1338,1.558746873797645e-07,1.0,,,False,153.00931541691534
16339,1339,1.5578130785343092e-07,1.0,,,False,153.11512683308683
16340,1340,1.5571906430977833e-07,1.0,,,False,153.2199780419469
16341,1341,1.5562568478344474e-07,1.0,,,False,153.32624329207465
16342,1342,1.5550118348528486e-07,1.0,,,False,153.43348516710103
16343,1343,1.5547006171345856e-07,1.0,,,False,153.531282375101
16344,1344,1.5543893994163227e-07,1.0,,,False,153.63159570796415
16345,1345,1.5531443864347239e-07,1.0,,,False,153.73742912500165
16346,1346,1.551899373453125e-07,1.0,,,False,153.84156379196793
16347,1347,1.5503431427532632e-07,1.0,,,False,153.9419168329332
16348,1348,1.5497205652081902e-07,1.0,,,False,154.04359450004995
16349,1349,1.5490981297716644e-07,1.0,,,False,154.14539691712707
16350,1350,1.5478531167900655e-07,1.0,,,False,154.24862299999222
16351,1351,1.5478531167900655e-07,1.0,,,False,154.35200925008394
16352,1352,1.5466081038084667e-07,1.0,,,False,154.45342620811425
16353,1353,1.5462968860902038e-07,1.0,,,False,154.5532074579969
16354,1354,1.545051873108605e-07,1.0,,,False,154.65216566692106
16355,1355,1.5434956424087432e-07,1.0,,,False,154.75547012500465
16356,1356,1.543184282581933e-07,1.0,,,False,154.85779979196377
16357,1357,1.5422506294271443e-07,1.0,,,False,154.9588209579233
16358,1358,1.5413168341638084e-07,1.0,,,False,155.06039875000715
16359,1359,1.5406942566187354e-07,1.0,,,False,155.1601100419648
16360,1360,1.5394493857456837e-07,1.0,,,False,155.2588356670458
16361,1361,1.5391380259188736e-07,1.0,,,False,155.36019458295777
16362,1362,1.5388268082006107e-07,1.0,,,False,155.4662580001168
16363,1363,1.5378930129372748e-07,1.0,,,False,155.5729173750151
16364,1364,1.536647999955676e-07,1.0,,,False,155.6817095419392
16365,1365,1.536647999955676e-07,1.0,,,False,155.78849120810628
16366,1366,1.535402986974077e-07,1.0,,,False,155.8960207500495
16367,1367,1.5344693338192883e-07,1.0,,,False,156.00216870801523
16368,1368,1.5344693338192883e-07,1.0,,,False,156.10855483310297
16369,1369,1.5341579739924782e-07,1.0,,,False,156.22808566712774
16370,1370,1.5326017432926164e-07,1.0,,,False,156.35113608301617
16371,1371,1.5322905255743535e-07,1.0,,,False,156.46746499999426
16372,1372,1.5319793078560906e-07,1.0,,,False,156.5759970829822
16373,1373,1.5310455125927547e-07,1.0,,,False,156.68058391707018
16374,1374,1.5301117173294188e-07,1.0,,,False,156.7861260829959
16375,1375,1.5301117173294188e-07,1.0,,,False,156.89342400012538
16376,1376,1.52886670434782e-07,1.0,,,False,156.99846899998374
16377,1377,1.527621691366221e-07,1.0,,,False,157.10104824998416
16378,1378,1.5266880382114323e-07,1.0,,,False,157.19407587498426
16379,1379,1.5260654606663593e-07,1.0,,,False,157.31457466701977
16380,1380,1.5260654606663593e-07,1.0,,,False,157.4509417079389
16381,1381,1.5251318075115705e-07,1.0,,,False,157.57093454198912
16382,1382,1.5251318075115705e-07,1.0,,,False,157.6961183331441
16383,1383,1.5245092299664975e-07,1.0,,,False,157.82776400004514
16384,1384,1.5238867945299717e-07,1.0,,,False,157.95982170803472
16385,1385,1.5232642169848987e-07,1.0,,,False,158.08948233304545
16386,1386,1.5223304217215627e-07,1.0,,,False,158.19566108309664
16387,1387,1.520774191021701e-07,1.0,,,False,158.32361233304255
16388,1388,1.520151755585175e-07,1.0,,,False,158.44700070796534
16389,1389,1.519529178040102e-07,1.0,,,False,158.57654204196297
16390,1390,1.519529178040102e-07,1.0,,,False,158.69362575002015
16391,1391,1.5179729473402404e-07,1.0,,,False,158.7976890001446
16392,1392,1.5176617296219774e-07,1.0,,,False,158.90137141710147
16393,1393,1.5167279343586415e-07,1.0,,,False,159.003732125042
16394,1394,1.5167279343586415e-07,1.0,,,False,159.1174994581379
16395,1395,1.5167279343586415e-07,1.0,,,False,159.23750866693445
16396,1396,1.5164167166403786e-07,1.0,,,False,159.37457791692577
16397,1397,1.5161054989221157e-07,1.0,,,False,159.51789625012316
16398,1398,1.5148604859405168e-07,1.0,,,False,159.6418908329215
16399,1399,1.512370459977319e-07,1.0,,,False,159.74750012508593
16400,1400,1.512370459977319e-07,1.0,1.0,0.00019096712345527888,False,159.91983004193753
16401,1401,1.5111254469957203e-07,1.0,,,False,160.03497862513177
16402,1402,1.5108142292774573e-07,1.0,,,False,160.13508254196495
16403,1403,1.5092579985775956e-07,1.0,,,False,160.23894808301702
16404,1404,1.5073904080509237e-07,1.0,,,False,160.33734587510116
16405,1405,1.506767972614398e-07,1.0,,,False,160.44401829200797
16406,1406,1.505834177351062e-07,1.0,,,False,160.5345095419325
16407,1407,1.504589164369463e-07,1.0,,,False,160.62472491711378
16408,1408,1.50396658682439e-07,1.0,,,False,160.71790245804004
16409,1409,1.5033441513878643e-07,1.0,,,False,160.82387012499385
16410,1410,1.5020991384062654e-07,1.0,,,False,160.93415662506595
16411,1411,1.5008541254246666e-07,1.0,,,False,161.04190208297223
16412,1412,1.5014767029697396e-07,1.0,,,False,161.1466979170218
16413,1413,1.5005429077064036e-07,1.0,,,False,161.2520708751399
16414,1414,1.4992978947248048e-07,1.0,,,False,161.35817974992096
16415,1415,1.4986753171797318e-07,1.0,,,False,161.4453533331398
16416,1416,1.49743044630668e-07,1.0,,,False,161.55316358292475
16417,1417,1.4964966510433442e-07,1.0,,,False,161.6840911670588
16418,1418,1.4964966510433442e-07,1.0,,,False,161.80459329206496
16419,1419,1.4955628557800082e-07,1.0,,,False,161.92647120798938
16420,1420,1.4949404203434824e-07,1.0,,,False,162.0539979999885
16421,1421,1.4940066250801465e-07,1.0,,,False,162.17691008304246
16422,1422,1.4924503943802847e-07,1.0,,,False,162.30394558305852
16423,1423,1.4924503943802847e-07,1.0,,,False,162.42620870796964
16424,1424,1.4918278168352117e-07,1.0,,,False,162.55580900004134
16425,1425,1.490894163680423e-07,1.0,,,False,162.68776691704988
16426,1426,1.489960368417087e-07,1.0,,,False,162.8140879170969
16427,1427,1.4880927778904152e-07,1.0,,,False,162.90544533310458
16428,1428,1.4877815601721522e-07,1.0,,,False,163.02988904202357
16429,1429,1.4865365471905534e-07,1.0,,,False,163.15466574998572
16430,1430,1.4874703424538893e-07,1.0,,,False,163.27792741707526
16431,1431,1.4868477649088163e-07,1.0,,,False,163.37961183302104
16432,1432,1.4856027519272175e-07,1.0,,,False,163.46589387510903
16433,1433,1.4840465212273557e-07,1.0,,,False,163.55064137512818
16434,1434,1.4840465212273557e-07,1.0,,,False,163.63808633293957
16435,1435,1.4834240857908298e-07,1.0,,,False,163.72385541698895
16436,1436,1.4837353035090928e-07,1.0,,,False,163.80965287494473
16437,1437,1.482490290527494e-07,1.0,,,False,163.89262704201974
16438,1438,1.481867855090968e-07,1.0,,,False,163.97909970814362
16439,1439,1.4809340598276322e-07,1.0,,,False,164.07452533300966
16440,1440,1.4793778291277704e-07,1.0,,,False,164.18702954193577
16441,1441,1.4787552515826974e-07,1.0,,,False,164.2886957079172
16442,1442,1.4778215984279086e-07,1.0,,,False,164.39497445803136
16443,1443,1.4775102386010985e-07,1.0,,,False,164.52534891711548
16444,1444,1.4771990208828356e-07,1.0,,,False,164.65376612497494
16445,1445,1.4768878031645727e-07,1.0,,,False,164.7842343330849
16446,1446,1.4762652256194997e-07,1.0,,,False,164.90311275003478
16447,1447,1.4759540079012368e-07,1.0,,,False,165.00860445806757
16448,1448,1.474397777201375e-07,1.0,,,False,165.1130135830026
16449,1449,1.473463981938039e-07,1.0,,,False,165.2204382501077
16450,1450,1.473463981938039e-07,1.0,,,False,165.32838741713203
16451,1451,1.4719077512381773e-07,1.0,,,False,165.43521104194224
16452,1452,1.4706627382565785e-07,1.0,,,False,165.54180000000633
16453,1453,1.4697289429932425e-07,1.0,,,False,165.6492752500344
16454,1454,1.4684839300116437e-07,1.0,,,False,165.75649437494576
16455,1455,1.4681727122933808e-07,1.0,,,False,165.86385283293203
16456,1456,1.466927699311782e-07,1.0,,,False,165.97213687491603
16457,1457,1.4659940461569931e-07,1.0,,,False,166.09352383296937
16458,1458,1.465682686330183e-07,1.0,,,False,166.20504612498917
16459,1459,1.465682686330183e-07,1.0,,,False,166.29267095797695
16460,1460,1.4641264556303213e-07,1.0,,,False,166.38068091706373
16461,1461,1.4644376733485842e-07,1.0,,,False,166.470975167118
16462,1462,1.4644376733485842e-07,1.0,,,False,166.56304499995895
16463,1463,1.4644376733485842e-07,1.0,,,False,166.65122154192068
16464,1464,1.4644376733485842e-07,1.0,,,False,166.73661725013517
16465,1465,1.4631926603669854e-07,1.0,,,False,166.82152683311142
16466,1466,1.4625702249304595e-07,1.0,,,False,166.91014504199848
16467,1467,1.4622590072121966e-07,1.0,,,False,167.00323024997488
16468,1468,1.4610139942305977e-07,1.0,,,False,167.09458412509412
16469,1469,1.4600801989672618e-07,1.0,,,False,167.18265954195522
16470,1470,1.459768981248999e-07,1.0,,,False,167.27050820807926
16471,1471,1.459146403703926e-07,1.0,,,False,167.35894783306867
16472,1472,1.457901390722327e-07,1.0,,,False,167.44517937512137
16473,1473,1.4585239682674e-07,1.0,,,False,167.5305982080754
16474,1474,1.4572789552858012e-07,1.0,,,False,167.61474045808427
16475,1475,1.4560339423042024e-07,1.0,,,False,167.70199112500995
16476,1476,1.4560339423042024e-07,1.0,,,False,167.78908991697244
16477,1477,1.4551001470408664e-07,1.0,,,False,167.8777139580343
16478,1478,1.4522989033594058e-07,1.0,,,False,167.961979374988
16479,1479,1.4526101210776687e-07,1.0,,,False,168.04808550002053
16480,1480,1.450742672659544e-07,1.0,,,False,168.136048583081
16481,1481,1.450742672659544e-07,1.0,,,False,168.2223938331008
16482,1482,1.450120095114471e-07,1.0,,,False,168.31590987509117
16483,1483,1.449808877396208e-07,1.0,,,False,168.43987904209644
16484,1484,1.4491864419596823e-07,1.0,,,False,168.56109037506394
16485,1485,1.4494976596779452e-07,1.0,,,False,168.69163345801644
16486,1486,1.4488752242414193e-07,1.0,,,False,168.80916016711853
16487,1487,1.4485638644146093e-07,1.0,,,False,168.94011275004596
16488,1488,1.4479414289780834e-07,1.0,,,False,169.05904337507673
16489,1489,1.4473188514330104e-07,1.0,,,False,169.1962215830572
16490,1490,1.4463851982782217e-07,1.0,,,False,169.3302363329567
16491,1491,1.4454514030148857e-07,1.0,,,False,169.45144412503578
16492,1492,1.4457626207331487e-07,1.0,,,False,169.5727016250603
16493,1493,1.4445176077515498e-07,1.0,,,False,169.69422099995427
16494,1494,1.443895172315024e-07,1.0,,,False,169.82666149991564
16495,1495,1.443895172315024e-07,1.0,,,False,169.93203654210083
16496,1496,1.442961377051688e-07,1.0,,,False,170.0346950830426
16497,1497,1.442027581788352e-07,1.0,,,False,170.1410842500627
16498,1498,1.4401601333702274e-07,1.0,,,False,170.24611941701733
16499,1499,1.4376701074070297e-07,1.0,,,False,170.3529129170347
16500,1500,1.437047671970504e-07,1.0,1.0,0.00018368195809526382,False,170.56212804210372
16501,1501,1.4373588896887668e-07,1.0,,,False,170.6699924999848
16502,1502,1.436113876707168e-07,1.0,,,False,170.78862749994732
16503,1503,1.436425094425431e-07,1.0,,,False,170.9012535419315
16504,1504,1.435802658988905e-07,1.0,,,False,171.02703962498344
16505,1505,1.4345576460073062e-07,1.0,,,False,171.15949991694652
16506,1506,1.4326900554806343e-07,1.0,,,False,171.26893570809625
16507,1507,1.4326900554806343e-07,1.0,,,False,171.37741320813075
16508,1508,1.4323788377623714e-07,1.0,,,False,171.49273445806466
16509,1509,1.4323788377623714e-07,1.0,,,False,171.59927904210053
16510,1510,1.4314450424990355e-07,1.0,,,False,171.72049737512134
16511,1511,1.4308226070625096e-07,1.0,,,False,171.84003850002773
16512,1512,1.4308226070625096e-07,1.0,,,False,171.95678708306514
16513,1513,1.4308226070625096e-07,1.0,,,False,172.09043087507598
16514,1514,1.4308226070625096e-07,1.0,,,False,172.19841441698372
16515,1515,1.4292663763626479e-07,1.0,,,False,172.30931845796295
16516,1516,1.428021363381049e-07,1.0,,,False,172.42596362507902
16517,1517,1.427398785835976e-07,1.0,,,False,172.53665695805103
16518,1518,1.4267763503994502e-07,1.0,,,False,172.67985587497242
16519,1519,1.4258425551361142e-07,1.0,,,False,172.79135358310305
16520,1520,1.4255313374178513e-07,1.0,,,False,172.91031770803966
16521,1521,1.4255313374178513e-07,1.0,,,False,173.02271420811303
16522,1522,1.4239751067179895e-07,1.0,,,False,173.16296583297662
16523,1523,1.4230413114546536e-07,1.0,,,False,173.29603720805608
16524,1524,1.4221075161913177e-07,1.0,,,False,173.43172008311376
16525,1525,1.420240067773193e-07,1.0,,,False,173.54763774992898
16526,1526,1.419306272509857e-07,1.0,,,False,173.65443987492472
16527,1527,1.419306272509857e-07,1.0,,,False,173.77478295797482
16528,1528,1.4186838370733312e-07,1.0,,,False,173.8987654580269
16529,1529,1.4177500418099953e-07,1.0,,,False,174.03402670798823
16530,1530,1.4171274642649223e-07,1.0,,,False,174.18074208311737
16531,1531,1.4161938111101335e-07,1.0,,,False,174.30069095804356
16532,1532,1.4140150028651988e-07,1.0,,,False,174.435287124943
16533,1533,1.4130812076018628e-07,1.0,,,False,174.56481183297
16534,1534,1.411524976902001e-07,1.0,,,False,174.69723591697402
16535,1535,1.4109025414654752e-07,1.0,,,False,174.80454466701485
16536,1536,1.4096575284838764e-07,1.0,,,False,174.91249008313753
16537,1537,1.4081011556754675e-07,1.0,,,False,175.03752883314155
16538,1538,1.4077899379572045e-07,1.0,,,False,175.16620895802043
16539,1539,1.4071675025206787e-07,1.0,,,False,175.26771279191598
16540,1540,1.4071675025206787e-07,1.0,,,False,175.37217345810495
16541,1541,1.4068562848024158e-07,1.0,,,False,175.50699395802803
16542,1542,1.4065449249756057e-07,1.0,,,False,175.62417733296752
16543,1543,1.404988694275744e-07,1.0,,,False,175.7691287919879
16544,1544,1.403743681294145e-07,1.0,,,False,175.9406277500093
16545,1545,1.4015648730492103e-07,1.0,,,False,176.08995720813982
16546,1546,1.4018762328760204e-07,1.0,,,False,176.24061270803213
16547,1547,1.4006312198944215e-07,1.0,,,False,176.4081035000272
16548,1548,1.3990749891945597e-07,1.0,,,False,176.56195312505588
16549,1549,1.3981411939312238e-07,1.0,,,False,176.7137588330079
16550,1550,1.3981411939312238e-07,1.0,,,False,176.8421630419325
16551,1551,1.397829976212961e-07,1.0,,,False,176.96973462495953
16552,1552,1.3975186163861508e-07,1.0,,,False,177.1086840000935
16553,1553,1.3975186163861508e-07,1.0,,,False,177.25963341700844
16554,1554,1.396584963231362e-07,1.0,,,False,177.39720512507483
16555,1555,1.395651167968026e-07,1.0,,,False,177.5234604170546
16556,1556,1.3950287325315003e-07,1.0,,,False,177.64401750010438
16557,1557,1.3940949372681644e-07,1.0,,,False,177.76772791706026
16558,1558,1.3931611420048284e-07,1.0,,,False,177.8900189581327
16559,1559,1.3925387065683026e-07,1.0,,,False,178.0268073331099
16560,1560,1.3916049113049667e-07,1.0,,,False,178.16851762495935
16561,1561,1.3909823337598937e-07,1.0,,,False,178.29830195801333
16562,1562,1.3912936935867037e-07,1.0,,,False,178.39631350012496
16563,1563,1.3909823337598937e-07,1.0,,,False,178.54278716701083
16564,1564,1.389114885341769e-07,1.0,,,False,178.68944608303718
16565,1565,1.3875586546419072e-07,1.0,,,False,178.82115333294496
16566,1566,1.3869360770968342e-07,1.0,,,False,178.92672899994068
16567,1567,1.3863136416603083e-07,1.0,,,False,179.0517907079775
16568,1568,1.3850686286787095e-07,1.0,,,False,179.14940879191272
16569,1569,1.3828898204337747e-07,1.0,,,False,179.25635774992406
16570,1570,1.381333589733913e-07,1.0,,,False,179.38218508311547
16571,1571,1.3779097685073793e-07,1.0,,,False,179.5044789579697
16572,1572,1.3769761153525906e-07,1.0,,,False,179.63888220791705
16573,1573,1.3757311023709917e-07,1.0,,,False,179.74633312504739
16574,1574,1.374486089389393e-07,1.0,,,False,179.86476791696623
16575,1575,1.3719960634261952e-07,1.0,,,False,179.99020599992946
16576,1576,1.3704398327263334e-07,1.0,,,False,180.120299333008
16577,1577,1.3695060374629975e-07,1.0,,,False,180.2393898749724
16578,1578,1.3676385890448728e-07,1.0,,,False,180.35465458291583
16579,1579,1.365459780799938e-07,1.0,,,False,180.47540037496947
16580,1580,1.364525985536602e-07,1.0,,,False,180.60617483314127
16581,1581,1.3614135241368786e-07,1.0,,,False,180.7219694580417
16582,1582,1.3601685111552797e-07,1.0,,,False,180.8366062080022
16583,1583,1.357989702910345e-07,1.0,,,False,180.96374549996108
16584,1584,1.3554996769471472e-07,1.0,,,False,181.0698399581015
16585,1585,1.3539434462472855e-07,1.0,,,False,181.18188962503336
16586,1586,1.3526984332656866e-07,1.0,,,False,181.28295545792207
16587,1587,1.349585971865963e-07,1.0,,,False,181.38286895793863
16588,1588,1.3486521766026272e-07,1.0,,,False,181.4880117920693
16589,1589,1.3480297411661013e-07,1.0,,,False,181.6207022080198
16590,1590,1.3455397152029036e-07,1.0,,,False,181.74553299997933
16591,1591,1.3433609069579688e-07,1.0,,,False,181.85236908309162
16592,1592,1.3414934585398441e-07,1.0,,,False,181.95832212502137
16593,1593,1.3390034325766464e-07,1.0,,,False,182.06246579205617
16594,1594,1.3390034325766464e-07,1.0,,,False,182.19233945803717
16595,1595,1.3374472018767847e-07,1.0,,,False,182.30850987508893
16596,1596,1.3365134066134488e-07,1.0,,,False,182.4138482499402
16597,1597,1.334957175913587e-07,1.0,,,False,182.51183933299035
16598,1598,1.334023380650251e-07,1.0,,,False,182.5983718330972
16599,1599,1.3321559322321264e-07,1.0,,,False,182.68446458294056
16600,1600,1.3324671499503893e-07,1.0,1.0,0.00017125289249316552,False,182.87373133306392
16601,1601,1.3305995594237174e-07,1.0,,,False,182.96911362512037
16602,1602,1.3296659062689287e-07,1.0,,,False,183.0667970420327
16603,1603,1.326553302760658e-07,1.0,,,False,183.1927590831183
16604,1604,1.3256196496058692e-07,1.0,,,False,183.30229037511162
16605,1605,1.3246858543425333e-07,1.0,,,False,183.40527766710147
16606,1606,1.3231296236426715e-07,1.0,,,False,183.50055879191495
16607,1607,1.3225070460975985e-07,1.0,,,False,183.60444799996912
16608,1608,1.3225070460975985e-07,1.0,,,False,183.74241320812143
16609,1609,1.3212620331159997e-07,1.0,,,False,183.87559683294967
16610,1610,1.319705802416138e-07,1.0,,,False,183.99175512511283
16611,1611,1.318772007152802e-07,1.0,,,False,184.09005079208873
16612,1612,1.318460789434539e-07,1.0,,,False,184.21780054201372
16613,1613,1.318149571716276e-07,1.0,,,False,184.33924075006507
16614,1614,1.3178383539980132e-07,1.0,,,False,184.44843008299358
16615,1615,1.3178383539980132e-07,1.0,,,False,184.56428137491457
16616,1616,1.3156595457530784e-07,1.0,,,False,184.69741525012068
16617,1617,1.3147257504897425e-07,1.0,,,False,184.83961962512694
16618,1618,1.3128583020716178e-07,1.0,,,False,184.9626033329405
16619,1619,1.311302071371756e-07,1.0,,,False,185.0997883330565
16620,1620,1.310679493826683e-07,1.0,,,False,185.2205551250372
16621,1621,1.310990711544946e-07,1.0,,,False,185.35888995812275
16622,1622,1.310990711544946e-07,1.0,,,False,185.51615045801736
16623,1623,1.31036827610842e-07,1.0,,,False,185.6436485829763
16624,1624,1.3100570583901572e-07,1.0,,,False,185.77644783305004
16625,1625,1.3081894678634853e-07,1.0,,,False,185.89658287493512
16626,1626,1.3078782501452224e-07,1.0,,,False,186.00417062500492
16627,1627,1.3081894678634853e-07,1.0,,,False,186.12745345802978
16628,1628,1.3072558147086966e-07,1.0,,,False,186.23528737504967
16629,1629,1.3069444548818865e-07,1.0,,,False,186.35591237503104
16630,1630,1.3060108017270977e-07,1.0,,,False,186.48576570814475
16631,1631,1.3041432112004259e-07,1.0,,,False,186.6218156251125
16632,1632,1.302898198218827e-07,1.0,,,False,186.73591225012206
16633,1633,1.3013419675189652e-07,1.0,,,False,186.87003620807081
16634,1634,1.3013419675189652e-07,1.0,,,False,187.0008798749186
16635,1635,1.3004081722556293e-07,1.0,,,False,187.12433958309703
16636,1636,1.2994745191008406e-07,1.0,,,False,187.26915366691537
16637,1637,1.2985407238375046e-07,1.0,,,False,187.39512600004673
16638,1638,1.2985407238375046e-07,1.0,,,False,187.5217264171224
16639,1639,1.2969844931376429e-07,1.0,,,False,187.6315333750099
16640,1640,1.296050697874307e-07,1.0,,,False,187.74748358293436
16641,1641,1.294805684892708e-07,1.0,,,False,187.8663635419216
16642,1642,1.2941832494561822e-07,1.0,,,False,187.97141570807435
16643,1643,1.2932494541928463e-07,1.0,,,False,188.0651281250175
16644,1644,1.2920044412112475e-07,1.0,,,False,188.15597791713662
16645,1645,1.2913820057747216e-07,1.0,,,False,188.24639437510632
16646,1646,1.2907594282296486e-07,1.0,,,False,188.33905650000088
16647,1647,1.2898256329663127e-07,1.0,,,False,188.43059220793657
16648,1648,1.2895144152480498e-07,1.0,,,False,188.52225895808078
16649,1649,1.288269402266451e-07,1.0,,,False,188.6145113329403
16650,1650,1.2864019538483262e-07,1.0,,,False,188.70530370809138
16651,1651,1.2860907361300633e-07,1.0,,,False,188.799197625136
16652,1652,1.2848457231484645e-07,1.0,,,False,188.91803808300756
16653,1653,1.2832893503400555e-07,1.0,,,False,189.01234487514012
16654,1654,1.2829781326217926e-07,1.0,,,False,189.10107141709886
16655,1655,1.2836007101668656e-07,1.0,,,False,189.1899629170075
16656,1656,1.2829781326217926e-07,1.0,,,False,189.27623154199682
16657,1657,1.2829781326217926e-07,1.0,,,False,189.38635295792483
16658,1658,1.2820443373584567e-07,1.0,,,False,189.51230079191737
16659,1659,1.280488106658595e-07,1.0,,,False,189.65064891707152
16660,1660,1.2795544535038061e-07,1.0,,,False,189.77846729196608
16661,1661,1.2789318759587331e-07,1.0,,,False,189.90600370801985
16662,1662,1.2783094405222073e-07,1.0,,,False,190.02680983301252
16663,1663,1.2776868629771343e-07,1.0,,,False,190.1571060421411
16664,1664,1.2764418499955354e-07,1.0,,,False,190.28314858302474
16665,1665,1.2755080547321995e-07,1.0,,,False,190.3721798749175
16666,1666,1.273640748422622e-07,1.0,,,False,190.46218091691844
16667,1667,1.2723957354410231e-07,1.0,,,False,190.56286945799366
16668,1668,1.2717731578959501e-07,1.0,,,False,190.68891929206438
16669,1669,1.2708393626326142e-07,1.0,,,False,190.80867404211313
16670,1670,1.2686606964962266e-07,1.0,,,False,190.89887845795602
16671,1671,1.2683494787779637e-07,1.0,,,False,190.990957708098
16672,1672,1.2664818882512918e-07,1.0,,,False,191.08185937511735
16673,1673,1.26492565755143e-07,1.0,,,False,191.16995520796627
16674,1674,1.263991862288094e-07,1.0,,,False,191.2658644169569
16675,1675,1.2636806445698312e-07,1.0,,,False,191.3557812499348
16676,1676,1.2624356315882324e-07,1.0,,,False,191.46618529199623
16677,1677,1.2611906186066335e-07,1.0,,,False,191.56781916692853
16678,1678,1.2599456056250347e-07,1.0,,,False,191.6966675000731
16679,1679,1.2599456056250347e-07,1.0,,,False,191.8222810421139
16680,1680,1.258389374925173e-07,1.0,,,False,191.94004916702397
16681,1681,1.257455579661837e-07,1.0,,,False,192.04885658295825
16682,1682,1.2565219265070482e-07,1.0,,,False,192.18287604209036
16683,1683,1.2558993489619752e-07,1.0,,,False,192.27174904197454
16684,1684,1.2543431182621134e-07,1.0,,,False,192.36264579207636
16685,1685,1.2530981052805146e-07,1.0,,,False,192.47941158292815
16686,1686,1.2527868875622516e-07,1.0,,,False,192.60631991713308
16687,1687,1.2530981052805146e-07,1.0,,,False,192.69661133293994
16688,1688,1.2515418745806528e-07,1.0,,,False,192.81240987498313
16689,1689,1.2509192970355798e-07,1.0,,,False,192.93295549997129
16690,1690,1.249985643880791e-07,1.0,,,False,193.06433741701767
16691,1691,1.249363066335718e-07,1.0,,,False,193.1874540830031
16692,1692,1.2487406308991922e-07,1.0,,,False,193.28959412500262
16693,1693,1.2471842580907833e-07,1.0,,,False,193.3802654580213
16694,1694,1.2450055919543956e-07,1.0,,,False,193.4687877080869
16695,1695,1.2443830144093226e-07,1.0,,,False,193.56292183301412
16696,1696,1.242515565991198e-07,1.0,,,False,193.6540465829894
16697,1697,1.242204348272935e-07,1.0,,,False,193.7419096250087
16698,1698,1.2403367577462632e-07,1.0,,,False,193.82802120805718
16699,1699,1.2390917447646643e-07,1.0,,,False,193.91700445814058
16700,1700,1.2381580916098756e-07,1.0,1.0,0.0001598883535972424,False,194.1048991670832
16701,1701,1.2375355140648026e-07,1.0,,,False,194.20451249997132
16702,1702,1.2366017188014666e-07,1.0,,,False,194.3069110000506
16703,1703,1.234734270383342e-07,1.0,,,False,194.40027675009333
16704,1704,1.2350454881016049e-07,1.0,,,False,194.50298995804042
16705,1705,1.234423052665079e-07,1.0,,,False,194.6073536251206
16706,1706,1.2331780396834802e-07,1.0,,,False,194.7413553330116
16707,1707,1.2309992314385454e-07,1.0,,,False,194.86305575002916
16708,1708,1.2294430007386836e-07,1.0,,,False,194.97015620791353
16709,1709,1.2294430007386836e-07,1.0,,,False,195.07312454213388
16710,1710,1.2285092054753477e-07,1.0,,,False,195.17723462497815
16711,1711,1.226952974775486e-07,1.0,,,False,195.28246341692284
16712,1712,1.226952974775486e-07,1.0,,,False,195.38618929195218
16713,1713,1.22601917951215e-07,1.0,,,False,195.47360874991864
16714,1714,1.225707961793887e-07,1.0,,,False,195.565344291972
16715,1715,1.225707961793887e-07,1.0,,,False,195.65480220806785
16716,1716,1.2247741665305512e-07,1.0,,,False,195.77270850003697
16717,1717,1.2229067181124265e-07,1.0,,,False,195.90255520795472
16718,1718,1.2213504874125647e-07,1.0,,,False,196.04046508297324
16719,1719,1.2207279098674917e-07,1.0,,,False,196.12869699997827
16720,1720,1.218860461449367e-07,1.0,,,False,196.21144079207443
16721,1721,1.2173042307495052e-07,1.0,,,False,196.31388604198582
16722,1722,1.2157478579410963e-07,1.0,,,False,196.42774345795624
16723,1723,1.2148142047863075e-07,1.0,,,False,196.53334095794708
16724,1724,1.2123241788231098e-07,1.0,,,False,196.63985320809297
16725,1725,1.210456588296438e-07,1.0,,,False,196.74639883311465
16726,1726,1.210767948123248e-07,1.0,,,False,196.85157754202373
16727,1727,1.2095229351416492e-07,1.0,,,False,196.95956324995495
16728,1728,1.2085891398783133e-07,1.0,,,False,197.0655447500758
16729,1729,1.2076553446149774e-07,1.0,,,False,197.17071208311245
16730,1730,1.2073441268967144e-07,1.0,,,False,197.27618395793252
16731,1731,1.2064103316333785e-07,1.0,,,False,197.38761424995027
16732,1732,1.2067216914601886e-07,1.0,,,False,197.4868887080811
16733,1733,1.2054766784785897e-07,1.0,,,False,197.60065979207866
16734,1734,1.2051653186517797e-07,1.0,,,False,197.73093658313155
16735,1735,1.202364074970319e-07,1.0,,,False,197.85863774991594
16736,1736,1.2011190619887202e-07,1.0,,,False,197.983944500098
16737,1737,1.2008078442704573e-07,1.0,,,False,198.0846409171354
16738,1738,1.2008078442704573e-07,1.0,,,False,198.21774762496352
16739,1739,1.1986290360255225e-07,1.0,,,False,198.34621187509038
16740,1740,1.1970728053256607e-07,1.0,,,False,198.47609629202634
16741,1741,1.196450369889135e-07,1.0,,,False,198.59925620793365
16742,1742,1.196139152170872e-07,1.0,,,False,198.72347933310084
16743,1743,1.195516574625799e-07,1.0,,,False,198.86161954212002
16744,1744,1.1942715616442e-07,1.0,,,False,198.9925267919898
16745,1745,1.1942715616442e-07,1.0,,,False,199.12578908307478
16746,1746,1.1920928244535389e-07,1.0,,,False,199.25076733296737
16747,1747,1.1908478114719401e-07,1.0,,,False,199.36006358312443
16748,1748,1.1899140872628777e-07,1.0,,,False,199.4453439579811
16749,1749,1.1886690742812789e-07,1.0,,,False,199.53922058292665
16750,1750,1.1880465677904795e-07,1.0,,,False,199.67015362507664
16751,1751,1.1861790483180812e-07,1.0,,,False,199.80113404197618
16752,1752,1.1843115288456829e-07,1.0,,,False,199.91547704208642
16753,1753,1.1833778046366206e-07,1.0,,,False,199.99989954195917
16754,1754,1.1815102851642223e-07,1.0,,,False,200.10964245791547
16755,1755,1.1811989963916858e-07,1.0,,,False,200.23949566693045
16756,1756,1.1802652721826234e-07,1.0,,,False,200.36516633303836
16757,1757,1.1793314769192875e-07,1.0,,,False,200.49411504203454
16758,1758,1.1780865349919623e-07,1.0,,,False,200.62292058300227
16759,1759,1.175285220256228e-07,1.0,,,False,200.72721950011328
16760,1760,1.1737289895563663e-07,1.0,,,False,200.81521625001915
16761,1761,1.1699939506115697e-07,1.0,,,False,200.92107004206628
16762,1762,1.1693714441207703e-07,1.0,,,False,201.03721587499604
16763,1763,1.167503924648372e-07,1.0,,,False,201.16656029201113
16764,1764,1.1681264311391715e-07,1.0,,,False,201.26907979208045
16765,1765,1.1671927069301091e-07,1.0,,,False,201.35988112492487
16766,1766,1.1653251874577109e-07,1.0,,,False,201.48768662498333
16767,1767,1.1650139697394479e-07,1.0,,,False,201.61901016696356
16768,1768,1.1637689567578491e-07,1.0,,,False,201.723497542087
16769,1769,1.1631464502670497e-07,1.0,,,False,201.8115219171159
16770,1770,1.1625239437762502e-07,1.0,,,False,201.90309454197995
16771,1771,1.160656424303852e-07,1.0,,,False,201.98943662503734
16772,1772,1.160345206585589e-07,1.0,,,False,202.07552362512797
16773,1773,1.1594114113222531e-07,1.0,,,False,202.16102254204452
16774,1774,1.1581663983406543e-07,1.0,,,False,202.24556287494488
16775,1775,1.1575438918498548e-07,1.0,,,False,202.33188970806077
16776,1776,1.1566101676407925e-07,1.0,,,False,202.41674612509087
16777,1777,1.1550539369409307e-07,1.0,,,False,202.50675099994987
16778,1778,1.1531864174685325e-07,1.0,,,False,202.62505716714077
16779,1779,1.1516301157143971e-07,1.0,,,False,202.74713375000283
16780,1780,1.1506963915053348e-07,1.0,,,False,202.8637970420532
16781,1781,1.1497625962419988e-07,1.0,,,False,202.9726151251234
16782,1782,1.1491400897511994e-07,1.0,,,False,203.0790938329883
16783,1783,1.1472726413330747e-07,1.0,,,False,203.17879879195243
16784,1784,1.1463388460697388e-07,1.0,,,False,203.2834058329463
16785,1785,1.1454051218606764e-07,1.0,,,False,203.38878041692078
16786,1786,1.1438488201065411e-07,1.0,,,False,203.49962945794687
16787,1787,1.1419813716884164e-07,1.0,,,False,203.62615108303726
16788,1788,1.1407363587068176e-07,1.0,,,False,203.75070550013334
16789,1789,1.140425069934281e-07,1.0,,,False,203.88256054208614
16790,1790,1.1382463327436199e-07,1.0,,,False,203.9819488329813
16791,1791,1.1376238262528204e-07,1.0,,,False,204.0787248329725
16792,1792,1.1366901020437581e-07,1.0,,,False,204.19693587510847
16793,1793,1.1354450890621592e-07,1.0,,,False,204.3066860421095
16794,1794,1.1342000760805604e-07,1.0,,,False,204.41311508300714
16795,1795,1.132643774326425e-07,1.0,,,False,204.5169120831415
16796,1796,1.1317100501173627e-07,1.0,,,False,204.6189280420076
16797,1797,1.1307763259083004e-07,1.0,,,False,204.70637262496166
16798,1798,1.1285975176633656e-07,1.0,,,False,204.82005912507884
16799,1799,1.1279750111725662e-07,1.0,,,False,204.93185500008985
16800,1800,1.1276637934543032e-07,1.0,1.0,0.0001635577136316212,False,205.1347375831101
16801,1801,1.1261074917001679e-07,1.0,,,False,205.2680243330542
16802,1802,1.1264187804727044e-07,1.0,,,False,205.39897637511604
16803,1803,1.1261074917001679e-07,1.0,,,False,205.5223475000821
16804,1804,1.1245512610003061e-07,1.0,,,False,205.63893966702744
16805,1805,1.1245512610003061e-07,1.0,,,False,205.7243911670521
16806,1806,1.1233062480187073e-07,1.0,,,False,205.81212312495336
16807,1807,1.1229950303004443e-07,1.0,,,False,205.90014245803468
16808,1808,1.1223725238096449e-07,1.0,,,False,205.99113687500358
16809,1809,1.1208162220555096e-07,1.0,,,False,206.0806457081344
16810,1810,1.1183262671465855e-07,1.0,,,False,206.16578104207292
16811,1811,1.1173924718832495e-07,1.0,,,False,206.25373216695152
16812,1812,1.1170812541649866e-07,1.0,,,False,206.3422210831195
16813,1813,1.1167699653924501e-07,1.0,,,False,206.4289436249528
16814,1814,1.1155249524108513e-07,1.0,,,False,206.54051241697744
16815,1815,1.1145912282017889e-07,1.0,,,False,206.66590070794336
16816,1816,1.1145912282017889e-07,1.0,,,False,206.79369866708294
16817,1817,1.1139687217109895e-07,1.0,,,False,206.90570766711608
16818,1818,1.1121012022385912e-07,1.0,,,False,206.99649500008672
16819,1819,1.1111674780295289e-07,1.0,,,False,207.08640687493607
16820,1820,1.110233682766193e-07,1.0,,,False,207.18797641713172
16821,1821,1.1089886697845941e-07,1.0,,,False,207.32380354194902
16822,1822,1.1083661632937947e-07,1.0,,,False,207.46408095792867
16823,1823,1.1058762083848706e-07,1.0,,,False,207.59683641698211
16824,1824,1.1033861824216729e-07,1.0,,,False,207.7046853750944
16825,1825,1.1027636759308734e-07,1.0,,,False,207.81164045794867
16826,1826,1.1027636759308734e-07,1.0,,,False,207.91837124992162
16827,1827,1.1008961564584752e-07,1.0,,,False,208.02275808295235
16828,1828,1.1002736499676757e-07,1.0,,,False,208.12830604193732
16829,1829,1.0999624322494128e-07,1.0,,,False,208.23619804205373
16830,1830,1.0996511434768763e-07,1.0,,,False,208.34075941704214
16831,1831,1.0980949127770145e-07,1.0,,,False,208.44412750005722
16832,1832,1.0965386110228792e-07,1.0,,,False,208.54935362492688
16833,1833,1.0946711626047545e-07,1.0,,,False,208.65474891709164
16834,1834,1.0931148608506192e-07,1.0,,,False,208.76414379198104
16835,1835,1.0928036431323562e-07,1.0,,,False,208.87681879196316
16836,1836,1.0928036431323562e-07,1.0,,,False,208.97208708291873
16837,1837,1.0912473413782209e-07,1.0,,,False,209.05734300008044
16838,1838,1.0896911106783591e-07,1.0,,,False,209.1441955419723
16839,1839,1.090002328396622e-07,1.0,,,False,209.25053875008598
16840,1840,1.0884460976967603e-07,1.0,,,False,209.37721758312546
16841,1841,1.0872010847151614e-07,1.0,,,False,209.51316341711208
16842,1842,1.0859560717335626e-07,1.0,,,False,209.6163782919757
16843,1843,1.0856448540152996e-07,1.0,,,False,209.7322012919467
16844,1844,1.0850223475245002e-07,1.0,,,False,209.84703895798884
16845,1845,1.0853335652427631e-07,1.0,,,False,209.97641899995506
16846,1846,1.0837773345429014e-07,1.0,,,False,210.0830228331033
16847,1847,1.0837773345429014e-07,1.0,,,False,210.18197508295998
16848,1848,1.0837773345429014e-07,1.0,,,False,210.28537745797075
16849,1849,1.082843610333839e-07,1.0,,,False,210.39219570811838
16850,1850,1.0819098150705031e-07,1.0,,,False,210.5115492499899
16851,1851,1.0825323215613025e-07,1.0,,,False,210.6477751249913
16852,1852,1.0812873085797037e-07,1.0,,,False,210.79053879203275
16853,1853,1.0806648020889043e-07,1.0,,,False,210.92519350000657
16854,1854,1.0803535843706413e-07,1.0,,,False,211.05156020796858
16855,1855,1.0794197891073054e-07,1.0,,,False,211.1764054999221
16856,1856,1.078797282616506e-07,1.0,,,False,211.2795479579363
16857,1857,1.078486064898243e-07,1.0,,,False,211.41403337498195
16858,1858,1.078797282616506e-07,1.0,,,False,211.53386133303866
16859,1859,1.0778635584074436e-07,1.0,,,False,211.64469816698693
16860,1860,1.0778635584074436e-07,1.0,,,False,211.7608812081162
16861,1861,1.0769297631441077e-07,1.0,,,False,211.87307500001043
16862,1862,1.0769297631441077e-07,1.0,,,False,211.98294479213655
16863,1863,1.0769297631441077e-07,1.0,,,False,212.0742896250449
16864,1864,1.0766185454258448e-07,1.0,,,False,212.16879929206334
16865,1865,1.0759960389350454e-07,1.0,,,False,212.27383241709322
16866,1866,1.075373532444246e-07,1.0,,,False,212.38630504207686
16867,1867,1.0744398082351836e-07,1.0,,,False,212.5158625000622
16868,1868,1.0741285194626471e-07,1.0,,,False,212.6118602079805
16869,1869,1.0731947952535847e-07,1.0,,,False,212.73204562510364
16870,1870,1.0731947952535847e-07,1.0,,,False,212.8460039999336
16871,1871,1.0722609999902488e-07,1.0,,,False,212.9467712920159
16872,1872,1.0722609999902488e-07,1.0,,,False,213.05385687504895
16873,1873,1.0725722887627853e-07,1.0,,,False,213.17667841701768
16874,1874,1.0725722887627853e-07,1.0,,,False,213.29753937502392
16875,1875,1.0722609999902488e-07,1.0,,,False,213.4134308330249
16876,1876,1.0722609999902488e-07,1.0,,,False,213.5390138749499
16877,1877,1.0722609999902488e-07,1.0,,,False,213.66012358292937
16878,1878,1.07101598700865e-07,1.0,,,False,213.77578037511557
16879,1879,1.0700822627995876e-07,1.0,,,False,213.89358979207464
16880,1880,1.0694597563087882e-07,1.0,,,False,214.0154970830772
16881,1881,1.0688372498179888e-07,1.0,,,False,214.10537883313373
16882,1882,1.0675922368363899e-07,1.0,,,False,214.2181927501224
16883,1883,1.067281019118127e-07,1.0,,,False,214.3203956671059
16884,1884,1.0666585126273276e-07,1.0,,,False,214.42822908307426
16885,1885,1.0660360061365282e-07,1.0,,,False,214.55004379199818
16886,1886,1.0647909931549293e-07,1.0,,,False,214.65953075001016
16887,1887,1.0644797754366664e-07,1.0,,,False,214.76186220813543
16888,1888,1.0644797754366664e-07,1.0,,,False,214.86804687511176
16889,1889,1.063857268945867e-07,1.0,,,False,214.99336604191922
16890,1890,1.0632347624550675e-07,1.0,,,False,215.10024308296852
16891,1891,1.0626122559642681e-07,1.0,,,False,215.22217991692014
16892,1892,1.0616784607009322e-07,1.0,,,False,215.32898429199122
16893,1893,1.0616784607009322e-07,1.0,,,False,215.43707683309913
16894,1894,1.0613672429826693e-07,1.0,,,False,215.54023866704665
16895,1895,1.0616784607009322e-07,1.0,,,False,215.64585641701706
16896,1896,1.0610559542101328e-07,1.0,,,False,215.75772016705014
16897,1897,1.0604334477193333e-07,1.0,,,False,215.85540083306842
16898,1898,1.0613672429826693e-07,1.0,,,False,215.94748987513594
16899,1899,1.0604334477193333e-07,1.0,,,False,216.06941174995154
16900,1900,1.0613672429826693e-07,1.0,1.0,0.00017470214378801442,False,216.28288483293727
16901,1901,1.0607447364918698e-07,1.0,,,False,216.42000279203057
16902,1902,1.0604334477193333e-07,1.0,,,False,216.5592500420753
16903,1903,1.0588772170194716e-07,1.0,,,False,216.69796237512492
16904,1904,1.0591884347377345e-07,1.0,,,False,216.8294031249825
16905,1905,1.0591884347377345e-07,1.0,,,False,216.96395091712475
16906,1906,1.0591884347377345e-07,1.0,,,False,217.06694670813158
16907,1907,1.0579434928104092e-07,1.0,,,False,217.17724575009197
16908,1908,1.0585659993012086e-07,1.0,,,False,217.29622745793313
16909,1909,1.0588772170194716e-07,1.0,,,False,217.40576112503186
16910,1910,1.0570096975470733e-07,1.0,,,False,217.52004304202273
16911,1911,1.0573209863196098e-07,1.0,,,False,217.63277945807204
16912,1912,1.0566984798288104e-07,1.0,,,False,217.76730187493376
16913,1913,1.0570096975470733e-07,1.0,,,False,217.8727319170721
16914,1914,1.056075973338011e-07,1.0,,,False,217.99600808299147
16915,1915,1.0563871910562739e-07,1.0,,,False,218.11764170811512
16916,1916,1.055142178074675e-07,1.0,,,False,218.23199845803902
16917,1917,1.0548309603564121e-07,1.0,,,False,218.33788337511942
16918,1918,1.0542084538656127e-07,1.0,,,False,218.43989949999377
16919,1919,1.0532746586022768e-07,1.0,,,False,218.54391745803878
16920,1920,1.0529634408840138e-07,1.0,,,False,218.64652345795184
16921,1921,1.0538971650930762e-07,1.0,,,False,218.75196966691874
16922,1922,1.0535859473748133e-07,1.0,,,False,218.86813679197803
16923,1923,1.0538971650930762e-07,1.0,,,False,218.9993378331419
16924,1924,1.0535859473748133e-07,1.0,,,False,219.12059966707602
16925,1925,1.0538971650930762e-07,1.0,,,False,219.23246404202655
16926,1926,1.0532746586022768e-07,1.0,,,False,219.35672379191965
16927,1927,1.0526522231657509e-07,1.0,,,False,219.48319229204208
16928,1928,1.0529634408840138e-07,1.0,,,False,219.61337808310054
16929,1929,1.0526522231657509e-07,1.0,,,False,219.72058104211465
16930,1930,1.051407210184152e-07,1.0,,,False,219.8665025830269
16931,1931,1.051407210184152e-07,1.0,,,False,219.99167316709645
16932,1932,1.0507847036933526e-07,1.0,,,False,220.12533654202707
16933,1933,1.0510959214116156e-07,1.0,,,False,220.26518637500703
16934,1934,1.0501621972025532e-07,1.0,,,False,220.39219304197468
16935,1935,1.0498509084300167e-07,1.0,,,False,220.5205779580865
16936,1936,1.047360882466819e-07,1.0,,,False,220.64959891699255
16937,1937,1.0464271582577567e-07,1.0,,,False,220.7474142499268
16938,1938,1.0464271582577567e-07,1.0,,,False,220.8356267500203
16939,1939,1.0461159405394937e-07,1.0,,,False,220.9471800001338
16940,1940,1.0461159405394937e-07,1.0,,,False,221.0552562919911
16941,1941,1.0454934340486943e-07,1.0,,,False,221.16210487508215
16942,1942,1.0442484210670955e-07,1.0,,,False,221.26828958303668
16943,1943,1.043625914576296e-07,1.0,,,False,221.37502045813017
16944,1944,1.043937132294559e-07,1.0,,,False,221.48494950006716
16945,1945,1.0417583951038978e-07,1.0,,,False,221.6035124999471
16946,1946,1.0417583951038978e-07,1.0,,,False,221.71212429204024
16947,1947,1.0411358886130984e-07,1.0,,,False,221.8184207919985
16948,1948,1.0408245998405619e-07,1.0,,,False,221.92486520810053
16949,1949,1.040513382122299e-07,1.0,,,False,222.03185612498783
16950,1950,1.0411358886130984e-07,1.0,,,False,222.14132704213262
16951,1951,1.0411358886130984e-07,1.0,,,False,222.2549917921424
16952,1952,1.040202164404036e-07,1.0,,,False,222.3908446249552
16953,1953,1.0395796579132366e-07,1.0,,,False,222.5191343750339
16954,1954,1.0392683691407001e-07,1.0,,,False,222.61692783306353
16955,1955,1.0389571514224372e-07,1.0,,,False,222.73345645796508
16956,1956,1.0383346449316377e-07,1.0,,,False,222.83440433302894
16957,1957,1.0386458626499007e-07,1.0,,,False,222.94767750008032
16958,1958,1.0367783431775024e-07,1.0,,,False,223.0576573330909
16959,1959,1.0370896319500389e-07,1.0,,,False,223.16595691698603
16960,1960,1.0367783431775024e-07,1.0,,,False,223.27168329199776
16961,1961,1.036155836686703e-07,1.0,,,False,223.39065295807086
16962,1962,1.0349108237051041e-07,1.0,,,False,223.503983624978
16963,1963,1.0349108237051041e-07,1.0,,,False,223.6098462920636
16964,1964,1.0342883882685783e-07,1.0,,,False,223.72711345809512
16965,1965,1.03242086879618e-07,1.0,,,False,223.8238765001297
16966,1966,1.03242086879618e-07,1.0,,,False,223.93210366694257
16967,1967,1.0321095800236435e-07,1.0,,,False,224.02161066699773
16968,1968,1.0308645670420447e-07,1.0,,,False,224.14168104203418
16969,1969,1.0302420605512452e-07,1.0,,,False,224.22941679204814
16970,1970,1.0293083363421829e-07,1.0,,,False,224.32113924995065
16971,1971,1.0293083363421829e-07,1.0,,,False,224.4065249999985
16972,1972,1.0274408168697846e-07,1.0,,,False,224.54798366711475
16973,1973,1.0261958038881858e-07,1.0,,,False,224.67557504214346
16974,1974,1.0258845861699228e-07,1.0,,,False,224.8162502499763
16975,1975,1.0249507909065869e-07,1.0,,,False,224.94484545802698
16976,1976,1.0240170666975246e-07,1.0,,,False,225.06888345791958
16977,1977,1.0230832714341886e-07,1.0,,,False,225.1724600419402
16978,1978,1.0230832714341886e-07,1.0,,,False,225.2684900420718
16979,1979,1.0230832714341886e-07,1.0,,,False,225.37428233306855
16980,1980,1.0218383295068634e-07,1.0,,,False,225.4878613750916
16981,1981,1.0218383295068634e-07,1.0,,,False,225.62130929203704
16982,1982,1.0218383295068634e-07,1.0,,,False,225.75033075013198
16983,1983,1.0205933165252645e-07,1.0,,,False,225.8773158751428
16984,1984,1.0199708100344651e-07,1.0,,,False,226.00729504204355
16985,1985,1.0190370147711292e-07,1.0,,,False,226.11446483293548
16986,1986,1.0190370147711292e-07,1.0,,,False,226.21253412496299
16987,1987,1.0184145082803298e-07,1.0,,,False,226.30862004193477
16988,1988,1.0184145082803298e-07,1.0,,,False,226.39274879195727
16989,1989,1.016858277580468e-07,1.0,,,False,226.5145376669243
16990,1990,1.0159245533714056e-07,1.0,,,False,226.64829679206014
16991,1991,1.0149907581080697e-07,1.0,,,False,226.75676970812492
16992,1992,1.0149907581080697e-07,1.0,,,False,226.85062170797028
16993,1993,1.0140570338990074e-07,1.0,,,False,226.9806505420711
16994,1994,1.0140570338990074e-07,1.0,,,False,227.1003803331405
16995,1995,1.012500732144872e-07,1.0,,,False,227.20627908292226
16996,1996,1.0118782256540726e-07,1.0,,,False,227.30670720804483
16997,1997,1.0106332837267473e-07,1.0,,,False,227.4394267499447
16998,1998,1.009076981972612e-07,1.0,,,False,227.57661575009115
16999,1999,1.0078319689910131e-07,1.0,,,False,227.70658079208806
17000,2000,1.0065869560094143e-07,1.0,1.0,0.00018159182094210769,False,227.97775950003415
17001,2001,1.0053419430278154e-07,1.0,,,False,228.13757720799185
17002,2002,1.0056532318003519e-07,1.0,,,False,228.25672404211946
17003,2003,1.0053419430278154e-07,1.0,,,False,228.3607582920231
17004,2004,1.004719436537016e-07,1.0,,,False,228.4579337919131
17005,2005,1.0056532318003519e-07,1.0,,,False,228.54449754208326
17006,2006,1.0040970011004902e-07,1.0,,,False,228.63129204208963
17007,2007,1.0037857123279537e-07,1.0,,,False,228.7204825829249
17008,2008,1.0025406993463548e-07,1.0,,,False,228.84683279204182
17009,2009,1.0025406993463548e-07,1.0,,,False,228.9628025831189
17010,2010,1.0019181928555554e-07,1.0,,,False,229.06882362510078
17011,2011,1.0019181928555554e-07,1.0,,,False,229.19164850004017
17012,2012,1.0016069751372925e-07,1.0,,,False,229.28198287496343
17013,2013,1.0003619621556936e-07,1.0,,,False,229.40669966698624
17014,2014,9.997394556648942e-08,1.0,,,False,229.53017508308403
17015,2015,9.988056604015583e-08,1.0,,,False,229.69019612506963
17016,2016,9.991169491740948e-08,1.0,,,False,229.8119982080534
17017,2017,9.981832249650324e-08,1.0,,,False,229.91153220809065
17018,2018,9.972494297016965e-08,1.0,,,False,230.02507874998264
17019,2019,9.963157054926342e-08,1.0,,,False,230.1316163330339
17020,2020,9.960044167200977e-08,1.0,,,False,230.24807450012304
17021,2021,9.953819102292982e-08,1.0,,,False,230.36601595813408
17022,2022,9.944481860202359e-08,1.0,,,False,230.5048615830019
17023,2023,9.935143907569e-08,1.0,,,False,230.61748445802368
17024,2024,9.935143907569e-08,1.0,,,False,230.73320066696033
17025,2025,9.922694488295747e-08,1.0,,,False,230.83007537503727
17026,2026,9.919581600570382e-08,1.0,,,False,230.93555441708304
17027,2027,9.916469423387753e-08,1.0,,,False,231.05462724994868
17028,2028,9.916469423387753e-08,1.0,,,False,231.17376454197802
17029,2029,9.907131470754393e-08,1.0,,,False,231.31415991694666
17030,2030,9.904019293571764e-08,1.0,,,False,231.4333126670681
17031,2031,9.904019293571764e-08,1.0,,,False,231.54960483312607
17032,2032,9.904019293571764e-08,1.0,,,False,231.67304208292626
17033,2033,9.89779422866377e-08,1.0,,,False,231.7878980829846
17034,2034,9.89779422866377e-08,1.0,,,False,231.91350641706958
17035,2035,9.888456276030411e-08,1.0,,,False,232.07582129212096
17036,2036,9.879119033939787e-08,1.0,,,False,232.20118666696362
17037,2037,9.872893969031793e-08,1.0,,,False,232.32244333298877
17038,2038,9.872893969031793e-08,1.0,,,False,232.449645542074
17039,2039,9.872893969031793e-08,1.0,,,False,232.5789172919467
17040,2040,9.879119033939787e-08,1.0,,,False,232.71738562500104
17041,2041,9.876006146214422e-08,1.0,,,False,232.85334741696715
17042,2042,9.869781081306428e-08,1.0,,,False,232.97599404212087
17043,2043,9.866668904123799e-08,1.0,,,False,233.11054766713642
17044,2044,9.857331662033175e-08,1.0,,,False,233.24633225006983
17045,2045,9.85421877430781e-08,1.0,,,False,233.3609805421438
17046,2046,9.851106597125181e-08,1.0,,,False,233.4855728750117
17047,2047,9.851106597125181e-08,1.0,,,False,233.61468724999577
17048,2048,9.838656467309193e-08,1.0,,,False,233.74038758291863
17049,2049,9.841768644491822e-08,1.0,,,False,233.86458600009792
17050,2050,9.838656467309193e-08,1.0,,,False,233.98592858295888
17051,2051,9.832431402401198e-08,1.0,,,False,234.12506758305244
17052,2052,9.826206337493204e-08,1.0,,,False,234.2529773749411
17053,2053,9.826206337493204e-08,1.0,,,False,234.3698023329489
17054,2054,9.823093449767839e-08,1.0,,,False,234.5090418329928
17055,2055,9.823093449767839e-08,1.0,,,False,234.63845020812005
17056,2056,9.81998127258521e-08,1.0,,,False,234.77767641702667
17057,2057,9.81998127258521e-08,1.0,,,False,234.91744649992324
17058,2058,9.816868384859845e-08,1.0,,,False,235.04737037513405
17059,2059,9.81064331995185e-08,1.0,,,False,235.18068350013345
17060,2060,9.81064331995185e-08,1.0,,,False,235.31099662510678
17061,2061,9.804418965586592e-08,1.0,,,False,235.42693412513472
17062,2062,9.798193900678598e-08,1.0,,,False,235.5894560001325
17063,2063,9.798193900678598e-08,1.0,,,False,235.74968650005758
17064,2064,9.798193900678598e-08,1.0,,,False,235.8908127080649
17065,2065,9.779518705954615e-08,1.0,,,False,236.02243987494148
17066,2066,9.770180753321256e-08,1.0,,,False,236.16274195793085
17067,2067,9.754618446322638e-08,1.0,,,False,236.26341537502594
17068,2068,9.751505558597273e-08,1.0,,,False,236.36386858299375
17069,2069,9.74216831650665e-08,1.0,,,False,236.46066241711378
17070,2070,9.735943251598655e-08,1.0,,,False,236.556916374946
17071,2071,9.726606009508032e-08,1.0,,,False,236.6493957079947
17072,2072,9.729718186690661e-08,1.0,,,False,236.7562347499188
17073,2073,9.720380944600038e-08,1.0,,,False,236.85949499998242
17074,2074,9.717268056874673e-08,1.0,,,False,236.98146804212593
17075,2075,9.717268056874673e-08,1.0,,,False,237.12425420805812
17076,2076,9.711042991966679e-08,1.0,,,False,237.2193212499842
17077,2077,9.701705749876055e-08,1.0,,,False,237.37419825000688
17078,2078,9.695480684968061e-08,1.0,,,False,237.4895037501119
17079,2079,9.692367797242696e-08,1.0,,,False,237.64308291696943
17080,2080,9.683030555152072e-08,1.0,,,False,237.75218683294952
17081,2081,9.686142732334702e-08,1.0,,,False,237.85217012511566
17082,2082,9.679918377969443e-08,1.0,,,False,237.96408300008625
17083,2083,9.66124318324546e-08,1.0,,,False,238.07618149998598
17084,2084,9.658130295520095e-08,1.0,,,False,238.18992558307946
17085,2085,9.66435536042809e-08,1.0,,,False,238.31874395813793
17086,2086,9.655018118337466e-08,1.0,,,False,238.44266225001775
17087,2087,9.633230035888118e-08,1.0,,,False,238.57290983293205
17088,2088,9.627004970980124e-08,1.0,,,False,238.69548408291303
17089,2089,9.617667728889501e-08,1.0,,,False,238.82306195795536
17090,2090,9.617667728889501e-08,1.0,,,False,238.92503012507223
17091,2091,9.614555551706871e-08,1.0,,,False,239.04735741694458
17092,2092,9.617667728889501e-08,1.0,,,False,239.1674719171133
17093,2093,9.614555551706871e-08,1.0,,,False,239.2849589169491
17094,2094,9.611442663981506e-08,1.0,,,False,239.3941394169815
17095,2095,9.605217599073512e-08,1.0,,,False,239.510178625118
17096,2096,9.608330486798877e-08,1.0,,,False,239.6341466670856
17097,2097,9.605217599073512e-08,1.0,,,False,239.7468913330231
17098,2098,9.605217599073512e-08,1.0,,,False,239.85067783296108
17099,2099,9.589655292074895e-08,1.0,,,False,239.96126554207876
17100,2100,9.5834302271669e-08,1.0,1.0,0.00018175606848476976,False,240.19241454196163
17101,2101,9.580317339441535e-08,1.0,,,False,240.31105554196984
17102,2102,9.5834302271669e-08,1.0,,,False,240.42524333298206
17103,2103,9.577205162258906e-08,1.0,,,False,240.53220654209144
17104,2104,9.570980097350912e-08,1.0,,,False,240.6272870420944
17105,2105,9.570980097350912e-08,1.0,,,False,240.73579587507993
17106,2106,9.555417790352294e-08,1.0,,,False,240.86010208306834
17107,2107,9.555417790352294e-08,1.0,,,False,240.99635437503457
17108,2108,9.555417790352294e-08,1.0,,,False,241.09494170802645
17109,2109,9.546079837718935e-08,1.0,,,False,241.19686262495816
17110,2110,9.527404642994952e-08,1.0,,,False,241.31322854198515
17111,2111,9.511842335996334e-08,1.0,,,False,241.4252828329336
17112,2112,9.511842335996334e-08,1.0,,,False,241.53195220814086
17113,2113,9.50872944827097e-08,1.0,,,False,241.61932541709393
17114,2114,9.50561727108834e-08,1.0,,,False,241.70123833301477
17115,2115,9.496280028997717e-08,1.0,,,False,241.80668625002727
17116,2116,9.490054964089722e-08,1.0,,,False,241.91989629203454
17117,2117,9.480717011456363e-08,1.0,,,False,242.0495780829806
17118,2118,9.480717011456363e-08,1.0,,,False,242.18372733308934
17119,2119,9.483829899181728e-08,1.0,,,False,242.3119696250651
17120,2120,9.480717011456363e-08,1.0,,,False,242.4370644579176
17121,2121,9.477604834273734e-08,1.0,,,False,242.5642492501065
17122,2122,9.474491946548369e-08,1.0,,,False,242.6904374170117
17123,2123,9.474491946548369e-08,1.0,,,False,242.82505629211664
17124,2124,9.47137976936574e-08,1.0,,,False,242.93761879205704
17125,2125,9.465154704457746e-08,1.0,,,False,243.02468037512153
17126,2126,9.458929639549751e-08,1.0,,,False,243.11495449999347
17127,2127,9.449591686916392e-08,1.0,,,False,243.22905412502587
17128,2128,9.449591686916392e-08,1.0,,,False,243.3226787499152
17129,2129,9.449591686916392e-08,1.0,,,False,243.4372791671194
17130,2130,9.440254444825769e-08,1.0,,,False,243.5649883749429
17131,2131,9.440254444825769e-08,1.0,,,False,243.68867575004697
17132,2132,9.440254444825769e-08,1.0,,,False,243.77584487502463
17133,2133,9.449591686916392e-08,1.0,,,False,243.92032908299007
17134,2134,9.443367332551134e-08,1.0,,,False,244.00902362493798
17135,2135,9.443367332551134e-08,1.0,,,False,244.09457020810805
17136,2136,9.434029379917774e-08,1.0,,,False,244.17878141696565
17137,2137,9.43714226764314e-08,1.0,,,False,244.28229379211552
17138,2138,9.424692137827151e-08,1.0,,,False,244.40471637505107
17139,2139,9.418467072919157e-08,1.0,,,False,244.5178001250606
17140,2140,9.415354185193792e-08,1.0,,,False,244.64274791697972
17141,2141,9.406016943103168e-08,1.0,,,False,244.77344533312134
17142,2142,9.399791878195174e-08,1.0,,,False,244.90458433306776
17143,2143,9.396678990469809e-08,1.0,,,False,245.03168083308265
17144,2144,9.371779441380568e-08,1.0,,,False,245.1662008750718
17145,2145,9.368666553655203e-08,1.0,,,False,245.29923945805058
17146,2146,9.359329311564579e-08,1.0,,,False,245.4219149579294
17147,2147,9.359329311564579e-08,1.0,,,False,245.5484160829801
17148,2148,9.362441488747208e-08,1.0,,,False,245.67283758311532
17149,2149,9.346879181748591e-08,1.0,,,False,245.7582547920756
17150,2150,9.34999135893122e-08,1.0,,,False,245.84608312509954
17151,2151,9.34999135893122e-08,1.0,,,False,245.9491002499126
17152,2152,9.353104246656585e-08,1.0,,,False,246.0745123331435
17153,2153,9.337541229115232e-08,1.0,,,False,246.2034887499176
17154,2154,9.331316164207237e-08,1.0,,,False,246.3300826670602
17155,2155,9.331316164207237e-08,1.0,,,False,246.45839733304456
17156,2156,9.318866744933985e-08,1.0,,,False,246.59364137495868
17157,2157,9.31264168002599e-08,1.0,,,False,246.7304532499984
17158,2158,9.293966485302008e-08,1.0,,,False,246.8557084579952
17159,2159,9.293966485302008e-08,1.0,,,False,246.95884979213588
17160,2160,9.297078662484637e-08,1.0,,,False,247.05001308303326
17161,2161,9.297078662484637e-08,1.0,,,False,247.13601433299482
17162,2162,9.269066225670031e-08,1.0,,,False,247.2465735001024
17163,2163,9.262841160762036e-08,1.0,,,False,247.36187945795245
17164,2164,9.269066225670031e-08,1.0,,,False,247.46536920801736
17165,2165,9.262841160762036e-08,1.0,,,False,247.57294795801863
17166,2166,9.259728983579407e-08,1.0,,,False,247.67546920804307
17167,2167,9.247278853763419e-08,1.0,,,False,247.7793681670446
17168,2168,9.23794090113006e-08,1.0,,,False,247.88160650013015
17169,2169,9.23794090113006e-08,1.0,,,False,247.9860102920793
17170,2170,9.23794090113006e-08,1.0,,,False,248.10031591705047
17171,2171,9.23794090113006e-08,1.0,,,False,248.23318529198878
17172,2172,9.222378594131442e-08,1.0,,,False,248.36426345794462
17173,2173,9.213040641498083e-08,1.0,,,False,248.4997598330956
17174,2174,9.206815576590088e-08,1.0,,,False,248.62291299994104
17175,2175,9.206815576590088e-08,1.0,,,False,248.75035466696136
17176,2176,9.20059122222483e-08,1.0,,,False,248.8788624999579
17177,2177,9.20059122222483e-08,1.0,,,False,249.00162345799617
17178,2178,9.20059122222483e-08,1.0,,,False,249.11114329192787
17179,2179,9.188141092408841e-08,1.0,,,False,249.21765708294697
17180,2180,9.188141092408841e-08,1.0,,,False,249.32279479200952
17181,2181,9.188141092408841e-08,1.0,,,False,249.4277428749483
17182,2182,9.175690962592853e-08,1.0,,,False,249.5318202499766
17183,2183,9.175690962592853e-08,1.0,,,False,249.63447162508965
17184,2184,9.175690962592853e-08,1.0,,,False,249.73863408295438
17185,2185,9.15701576786887e-08,1.0,,,False,249.8457417921163
17186,2186,9.163240832776864e-08,1.0,,,False,249.95167233305983
17187,2187,9.150790702960876e-08,1.0,,,False,250.05819649994373
17188,2188,9.144565638052882e-08,1.0,,,False,250.1647650829982
17189,2189,9.138340573144887e-08,1.0,,,False,250.27018808294088
17190,2190,9.125890443328899e-08,1.0,,,False,250.37680491711944
17191,2191,9.116553201238276e-08,1.0,,,False,250.48675462510437
17192,2192,9.11344031351291e-08,1.0,,,False,250.60151141695678
17193,2193,9.097878006514293e-08,1.0,,,False,250.73767508310266
17194,2194,9.088540053880934e-08,1.0,,,False,250.8722410830669
17195,2195,9.07920281179031e-08,1.0,,,False,251.00676445802674
17196,2196,9.063640504791692e-08,1.0,,,False,251.1386743329931
17197,2197,9.054302552158333e-08,1.0,,,False,251.27479116711766
17198,2198,9.051190374975704e-08,1.0,,,False,251.3876529999543
17199,2199,9.048077487250339e-08,1.0,,,False,251.49443666706793
17200,2200,9.041852422342345e-08,1.0,1.0,0.00017956592081607627,False,251.762356917141
17201,2201,9.032515180251721e-08,1.0,,,False,251.87722766702063
17202,2202,9.032515180251721e-08,1.0,,,False,251.98154929210432
17203,2203,9.029402292526356e-08,1.0,,,False,252.08641237509437
17204,2204,9.029402292526356e-08,1.0,,,False,252.19102591695264
17205,2205,9.023177227618362e-08,1.0,,,False,252.30744429212064
17206,2206,9.026290115343727e-08,1.0,,,False,252.4228399170097
17207,2207,9.020065050435733e-08,1.0,,,False,252.51279012509622
17208,2208,9.023177227618362e-08,1.0,,,False,252.59868249995634
17209,2209,9.020065050435733e-08,1.0,,,False,252.68408304196782
17210,2210,9.013839985527738e-08,1.0,,,False,252.77126916707493
17211,2211,8.995164790803756e-08,1.0,,,False,252.85868320800364
17212,2212,8.988939725895762e-08,1.0,,,False,252.94970925012603
17213,2213,8.979602483805138e-08,1.0,,,False,253.04188291705213
17214,2214,8.970264531171779e-08,1.0,,,False,253.12971116695553
17215,2215,8.960927289081155e-08,1.0,,,False,253.25376108312048
17216,2216,8.951590046990532e-08,1.0,,,False,253.3804373750463
17217,2217,8.942252094357173e-08,1.0,,,False,253.50105775007978
17218,2218,8.936027029449178e-08,1.0,,,False,253.62888908293098
17219,2219,8.936027029449178e-08,1.0,,,False,253.74397516692989
17220,2220,8.932914852266549e-08,1.0,,,False,253.8467035831418
17221,2221,8.929801964541184e-08,1.0,,,False,253.95220558298752
17222,2222,8.932914852266549e-08,1.0,,,False,254.06718249991536
17223,2223,8.936027029449178e-08,1.0,,,False,254.17514716694131
17224,2224,8.917351834725196e-08,1.0,,,False,254.26102095795795
17225,2225,8.92046472245056e-08,1.0,,,False,254.34760020812973
17226,2226,8.911126769817201e-08,1.0,,,False,254.43293624999933
17227,2227,8.908014592634572e-08,1.0,,,False,254.52112612500787
17228,2228,8.911126769817201e-08,1.0,,,False,254.61608629208058
17229,2229,8.898677350543949e-08,1.0,,,False,254.7309132500086
17230,2230,8.892452285635954e-08,1.0,,,False,254.83350345795043
17231,2231,8.88933939791059e-08,1.0,,,False,254.94975966704078
17232,2232,8.88933939791059e-08,1.0,,,False,255.0821449579671
17233,2233,8.883114333002595e-08,1.0,,,False,255.21094108303078
17234,2234,8.876889268094601e-08,1.0,,,False,255.30988387507387
17235,2235,8.880002155819966e-08,1.0,,,False,255.39618654199876
17236,2236,8.88622722072796e-08,1.0,,,False,255.4856195000466
17237,2237,8.883114333002595e-08,1.0,,,False,255.57477004197426
17238,2238,8.88622722072796e-08,1.0,,,False,255.66401112498716
17239,2239,8.883114333002595e-08,1.0,,,False,255.75607283296995
17240,2240,8.867552026003978e-08,1.0,,,False,255.842313000001
17241,2241,8.858214073370618e-08,1.0,,,False,255.93155441712588
17242,2242,8.851989008462624e-08,1.0,,,False,256.0737996250391
17243,2243,8.84576394355463e-08,1.0,,,False,256.21543495799415
17244,2244,8.84576394355463e-08,1.0,,,False,256.3398195831105
17245,2245,8.84576394355463e-08,1.0,,,False,256.46758933295496
17246,2246,8.842651766372e-08,1.0,,,False,256.5780548751354
17247,2247,8.827089459373383e-08,1.0,,,False,256.6776152080856
17248,2248,8.823976571648018e-08,1.0,,,False,256.79728162498213
17249,2249,8.817751506740024e-08,1.0,,,False,256.91195837501436
17250,2250,8.81152644183203e-08,1.0,,,False,257.03870275011286
17251,2251,8.805301376924035e-08,1.0,,,False,257.1685650830623
17252,2252,8.799076312016041e-08,1.0,,,False,257.2951795000117
17253,2253,8.795964134833412e-08,1.0,,,False,257.4052051671315
17254,2254,8.786626182200052e-08,1.0,,,False,257.4955404170323
17255,2255,8.780401827834794e-08,1.0,,,False,257.5808812500909
17256,2256,8.780401827834794e-08,1.0,,,False,257.67012933292426
17257,2257,8.780401827834794e-08,1.0,,,False,257.7554673750419
17258,2258,8.777288940109429e-08,1.0,,,False,257.8468226250261
17259,2259,8.777288940109429e-08,1.0,,,False,257.93282649992034
17260,2260,8.777288940109429e-08,1.0,,,False,258.02474987506866
17261,2261,8.771063875201435e-08,1.0,,,False,258.117236583028
17262,2262,8.771063875201435e-08,1.0,,,False,258.20217362511903
17263,2263,8.76483881029344e-08,1.0,,,False,258.28458008309826
17264,2264,8.752388680477452e-08,1.0,,,False,258.37048341706395
17265,2265,8.743051438386829e-08,1.0,,,False,258.45793416700326
17266,2266,8.739938550661464e-08,1.0,,,False,258.54334908304736
17267,2267,8.724376243662846e-08,1.0,,,False,258.6386324579362
17268,2268,8.718151178754852e-08,1.0,,,False,258.7306237081066
17269,2269,8.721264066480217e-08,1.0,,,False,258.8186365829315
17270,2270,8.715039001572222e-08,1.0,,,False,258.91187729197554
17271,2271,8.715039001572222e-08,1.0,,,False,259.0024365419522
17272,2272,8.705701048938863e-08,1.0,,,False,259.09256004192866
17273,2273,8.702588871756234e-08,1.0,,,False,259.1816087500192
17274,2274,8.702588871756234e-08,1.0,,,False,259.26955791702494
17275,2275,8.690138741940245e-08,1.0,,,False,259.359126042109
17276,2276,8.690138741940245e-08,1.0,,,False,259.4458389999345
17277,2277,8.68702585421488e-08,1.0,,,False,259.56387137505226
17278,2278,8.683913677032251e-08,1.0,,,False,259.6840875421185
17279,2279,8.671463547216263e-08,1.0,,,False,259.8157399999909
17280,2280,8.665238482308268e-08,1.0,,,False,259.9420239580795
17281,2281,8.659013417400274e-08,1.0,,,False,260.06241962499917
17282,2282,8.65278835249228e-08,1.0,,,False,260.19019574997947
17283,2283,8.65278835249228e-08,1.0,,,False,260.277285750024
17284,2284,8.640338222676291e-08,1.0,,,False,260.36636387510225
17285,2285,8.631000980585668e-08,1.0,,,False,260.4548408330884
17286,2286,8.627888092860303e-08,1.0,,,False,260.54168516700156
17287,2287,8.615437963044315e-08,1.0,,,False,260.6372408331372
17288,2288,8.60921289813632e-08,1.0,,,False,260.7234398329165
17289,2289,8.602987833228326e-08,1.0,,,False,260.81378525006585
17290,2290,8.599875656045697e-08,1.0,,,False,260.8985288750846
17291,2291,8.590538413955073e-08,1.0,,,False,260.98298595799133
17292,2292,8.57497539641372e-08,1.0,,,False,261.07157170795836
17293,2293,8.578088284139085e-08,1.0,,,False,261.15957375010476
17294,2294,8.57186321923109e-08,1.0,,,False,261.24930025008507
17295,2295,8.57497539641372e-08,1.0,,,False,261.337973583024
17296,2296,8.565638154323096e-08,1.0,,,False,261.4267057920806
17297,2297,8.562525266597731e-08,1.0,,,False,261.51373991696164
17298,2298,8.550075136781743e-08,1.0,,,False,261.6033828330692
17299,2299,8.550075136781743e-08,1.0,,,False,261.69327899999917
17300,2300,8.546962959599114e-08,1.0,1.0,0.0001758284311938139,False,261.87236958299764
17301,2301,8.54073789469112e-08,1.0,,,False,262.0017915000208
17302,2302,8.528287764875131e-08,1.0,,,False,262.12842066702433
17303,2303,8.528287764875131e-08,1.0,,,False,262.25842054211535
17304,2304,8.518950522784507e-08,1.0,,,False,262.3790963329375
17305,2305,8.512725457876513e-08,1.0,,,False,262.5005545830354
17306,2306,8.503387505243154e-08,1.0,,,False,262.623918000143
17307,2307,8.49405026315253e-08,1.0,,,False,262.7376771250274
17308,2308,8.490937375427166e-08,1.0,,,False,262.86521583306603
17309,2309,8.487825198244536e-08,1.0,,,False,262.98452841700055
17310,2310,8.481600133336542e-08,1.0,,,False,263.10268862498924
17311,2311,8.472262891245919e-08,1.0,,,False,263.2224507499486
17312,2312,8.453587696521936e-08,1.0,,,False,263.3430715419818
17313,2313,8.453587696521936e-08,1.0,,,False,263.47039299993776
17314,2314,8.438024678980582e-08,1.0,,,False,263.5964106670581
17315,2315,8.431799614072588e-08,1.0,,,False,263.7304673329927
17316,2316,8.41623730707397e-08,1.0,,,False,263.81990900007077
17317,2317,8.406900064983347e-08,1.0,,,False,263.9053268749267
17318,2318,8.406900064983347e-08,1.0,,,False,263.99293654202484
17319,2319,8.400675000075353e-08,1.0,,,False,264.08348487503827
17320,2320,8.406900064983347e-08,1.0,,,False,264.173037749948
17321,2321,8.394449935167358e-08,1.0,,,False,264.2628154170234
17322,2322,8.388224870259364e-08,1.0,,,False,264.3546890830621
17323,2323,8.385111982533999e-08,1.0,,,False,264.4425139580853
17324,2324,8.385111982533999e-08,1.0,,,False,264.5582389580086
17325,2325,8.372661852718011e-08,1.0,,,False,264.6492979580071
17326,2326,8.363324610627387e-08,1.0,,,False,264.7355075830128
17327,2327,8.363324610627387e-08,1.0,,,False,264.8323778330814
17328,2328,8.369549675535382e-08,1.0,,,False,264.9279137919657
17329,2329,8.363324610627387e-08,1.0,,,False,265.02163704205304
17330,2330,8.357099545719393e-08,1.0,,,False,265.1169640000444
17331,2331,8.360212433444758e-08,1.0,,,False,265.20857433299534
17332,2332,8.353987368536764e-08,1.0,,,False,265.30370195792057
17333,2333,8.34776230362877e-08,1.0,,,False,265.426437624963
17334,2334,8.335312173812781e-08,1.0,,,False,265.55087233311497
17335,2335,8.329087108904787e-08,1.0,,,False,265.6814691249747
17336,2336,8.310411914180804e-08,1.0,,,False,265.81089616706595
17337,2337,8.30418684927281e-08,1.0,,,False,265.93417191691697
17338,2338,8.291736719456821e-08,1.0,,,False,266.05873412499204
17339,2339,8.282399477366198e-08,1.0,,,False,266.18546962505206
17340,2340,8.282399477366198e-08,1.0,,,False,266.2923463329207
17341,2341,8.276174412458204e-08,1.0,,,False,266.3806709579658
17342,2342,8.273061524732839e-08,1.0,,,False,266.46952358307317
17343,2343,8.266836459824844e-08,1.0,,,False,266.5587282499764
17344,2344,8.263724282642215e-08,1.0,,,False,266.64905720809475
17345,2345,8.257499217734221e-08,1.0,,,False,266.74617050006054
17346,2346,8.251274152826227e-08,1.0,,,False,266.8378659170121
17347,2347,8.248161265100862e-08,1.0,,,False,266.93200829206035
17348,2348,8.245049087918233e-08,1.0,,,False,267.0211455000099
17349,2349,8.241936200192868e-08,1.0,,,False,267.1061141670216
17350,2350,8.229486780919615e-08,1.0,,,False,267.1976620419882
17351,2351,8.229486780919615e-08,1.0,,,False,267.2855654170271
17352,2352,8.22326171601162e-08,1.0,,,False,267.3758377919439
17353,2353,8.22326171601162e-08,1.0,,,False,267.46089383307844
17354,2354,8.217036651103626e-08,1.0,,,False,267.54510408313945
17355,2355,8.217036651103626e-08,1.0,,,False,267.636771208141
17356,2356,8.210811586195632e-08,1.0,,,False,267.74607483297586
17357,2357,8.204586521287638e-08,1.0,,,False,267.8758764581289
17358,2358,8.201473633562273e-08,1.0,,,False,268.0054758749902
17359,2359,8.204586521287638e-08,1.0,,,False,268.13774979207665
17360,2360,8.19213639147165e-08,1.0,,,False,268.2634172500111
17361,2361,8.185911326563655e-08,1.0,,,False,268.3836121670902
17362,2362,8.170349019565037e-08,1.0,,,False,268.47318420792
17363,2363,8.164123954657043e-08,1.0,,,False,268.5628296670038
17364,2364,8.157898889749049e-08,1.0,,,False,268.6514451671392
17365,2365,8.154786002023684e-08,1.0,,,False,268.7377668330446
17366,2366,8.161011066931678e-08,1.0,,,False,268.8271657079458
17367,2367,8.14544875993306e-08,1.0,,,False,268.9188605421223
17368,2368,8.14544875993306e-08,1.0,,,False,269.02934783301316
17369,2369,8.14544875993306e-08,1.0,,,False,269.1198098331224
17370,2370,8.136110807299701e-08,1.0,,,False,269.2100010421127
17371,2371,8.129885742391707e-08,1.0,,,False,269.3339716249611
17372,2372,8.117436323118454e-08,1.0,,,False,269.4439274170436
17373,2373,8.114323435393089e-08,1.0,,,False,269.56805687514134
17374,2374,8.108098370485095e-08,1.0,,,False,269.7001911669504
17375,2375,8.104986193302466e-08,1.0,,,False,269.8171564170625
17376,2376,8.095648240669107e-08,1.0,,,False,269.9021536249202
17377,2377,8.080085933670489e-08,1.0,,,False,269.9832099999767
17378,2378,8.0676358038545e-08,1.0,,,False,270.0746845831163
17379,2379,8.064522916129135e-08,1.0,,,False,270.20519229210913
17380,2380,8.061410738946506e-08,1.0,,,False,270.29837425006554
17381,2381,8.048960609130518e-08,1.0,,,False,270.4218460419215
17382,2382,8.045848431947888e-08,1.0,,,False,270.5467601669952
17383,2383,8.039623367039894e-08,1.0,,,False,270.67569574993104
17384,2384,8.039623367039894e-08,1.0,,,False,270.7694284580648
17385,2385,8.036510479314529e-08,1.0,,,False,270.8586272499524
17386,2386,8.036510479314529e-08,1.0,,,False,270.9437417080626
17387,2387,8.020948172315912e-08,1.0,,,False,271.03983408305794
17388,2388,8.005385154774558e-08,1.0,,,False,271.17554462491535
17389,2389,8.005385154774558e-08,1.0,,,False,271.3049305831082
17390,2390,8.011610219682552e-08,1.0,,,False,271.4232421249617
17391,2391,8.002272977591929e-08,1.0,,,False,271.51313783298247
17392,2392,7.999160089866564e-08,1.0,,,False,271.60520887491293
17393,2393,7.999160089866564e-08,1.0,,,False,271.69261579192244
17394,2394,7.996047912683935e-08,1.0,,,False,271.78465120797046
17395,2395,7.98982284777594e-08,1.0,,,False,271.8738976670429
17396,2396,7.980485605685317e-08,1.0,,,False,271.96564241708256
17397,2397,7.977372717959952e-08,1.0,,,False,272.05725449998863
17398,2398,7.974260540777323e-08,1.0,,,False,272.14798758295365
17399,2399,7.971147653051958e-08,1.0,,,False,272.2355087080505
17400,2400,7.964922588143963e-08,1.0,1.0,0.00016922257293796065,False,272.42063424992375
17401,2401,7.958697523235969e-08,1.0,,,False,272.5146720421035
17402,2402,7.949360281145346e-08,1.0,,,False,272.60285433311947
17403,2403,7.936910151329357e-08,1.0,,,False,272.6897104580421
17404,2404,7.936910151329357e-08,1.0,,,False,272.78215191699564
17405,2405,7.933797974146728e-08,1.0,,,False,272.8711592499167
17406,2406,7.927572909238734e-08,1.0,,,False,272.95926187513396
17407,2407,7.918234956605374e-08,1.0,,,False,273.0479533749167
17408,2408,7.915122779422745e-08,1.0,,,False,273.13375270809047
17409,2409,7.91200989169738e-08,1.0,,,False,273.22037625010125
17410,2410,7.899559761881392e-08,1.0,,,False,273.309914625017
17411,2411,7.880884567157409e-08,1.0,,,False,273.39907295792364
17412,2412,7.862210082976162e-08,1.0,,,False,273.4857708751224
17413,2413,7.855985018068168e-08,1.0,,,False,273.57429333310574
17414,2414,7.859097195250797e-08,1.0,,,False,273.66538591706194
17415,2415,7.852872130342803e-08,1.0,,,False,273.7518591671251
17416,2416,7.849759953160174e-08,1.0,,,False,273.83889454207383
17417,2417,7.846647065434809e-08,1.0,,,False,273.92282916698605
17418,2418,7.831084758436191e-08,1.0,,,False,274.01063245814294
17419,2419,7.812409563712208e-08,1.0,,,False,274.0997527919244
17420,2420,7.806184498804214e-08,1.0,,,False,274.2077452079393
17421,2421,7.793734368988225e-08,1.0,,,False,274.32400216697715
17422,2422,7.790622191805596e-08,1.0,,,False,274.4300524999853
17423,2423,7.793734368988225e-08,1.0,,,False,274.5309375829529
17424,2424,7.781284239172237e-08,1.0,,,False,274.6331958749797
17425,2425,7.775059174264243e-08,1.0,,,False,274.7362041671295
17426,2426,7.771946997081614e-08,1.0,,,False,274.83542829193175
17427,2427,7.762609044448254e-08,1.0,,,False,274.93827045802027
17428,2428,7.762609044448254e-08,1.0,,,False,275.0426205829717
17429,2429,7.756384690082996e-08,1.0,,,False,275.1423258751165
17430,2430,7.756384690082996e-08,1.0,,,False,275.24476150004193
17431,2431,7.737709495359013e-08,1.0,,,False,275.3469689579215
17432,2432,7.71903430063503e-08,1.0,,,False,275.44973645801656
17433,2433,7.709696348001671e-08,1.0,,,False,275.5498201670125
17434,2434,7.687908976095059e-08,1.0,,,False,275.6497587079648
17435,2435,7.687908976095059e-08,1.0,,,False,275.7571720001288
17436,2436,7.681683911187065e-08,1.0,,,False,275.86226854193956
17437,2437,7.675458846279071e-08,1.0,,,False,275.96094299992546
17438,2438,7.669233781371076e-08,1.0,,,False,276.0485836251173
17439,2439,7.669233781371076e-08,1.0,,,False,276.157022499945
17440,2440,7.656783651555088e-08,1.0,,,False,276.2597418751102
17441,2441,7.6443335217391e-08,1.0,,,False,276.34896954195574
17442,2442,7.638108456831105e-08,1.0,,,False,276.43816079199314
17443,2443,7.638108456831105e-08,1.0,,,False,276.52541445801035
17444,2444,7.64122134455647e-08,1.0,,,False,276.6426163329743
17445,2445,7.634996279648476e-08,1.0,,,False,276.77852866705507
17446,2446,7.634996279648476e-08,1.0,,,False,276.90555770811625
17447,2447,7.631884102465847e-08,1.0,,,False,277.0265987920575
17448,2448,7.622546149832488e-08,1.0,,,False,277.14103091694415
17449,2449,7.613208907741864e-08,1.0,,,False,277.2704050000757
17450,2450,7.603870955108505e-08,1.0,,,False,277.3950301250443
17451,2451,7.594533713017881e-08,1.0,,,False,277.52410700009204
17452,2452,7.594533713017881e-08,1.0,,,False,277.6518278750591
17453,2453,7.591420825292516e-08,1.0,,,False,277.7784375420306
17454,2454,7.585195760384522e-08,1.0,,,False,277.89170087501407
17455,2455,7.588308648109887e-08,1.0,,,False,277.9908440001309
17456,2456,7.566521276203275e-08,1.0,,,False,278.09229370811954
17457,2457,7.56340838847791e-08,1.0,,,False,278.1928575420752
17458,2458,7.557183323569916e-08,1.0,,,False,278.2960660420358
17459,2459,7.554071146387287e-08,1.0,,,False,278.3965683330316
17460,2460,7.569633453385904e-08,1.0,,,False,278.5008788330015
17461,2461,7.557183323569916e-08,1.0,,,False,278.60579974995926
17462,2462,7.557183323569916e-08,1.0,,,False,278.70512208295986
17463,2463,7.550958258661922e-08,1.0,,,False,278.8093110830523
17464,2464,7.550958258661922e-08,1.0,,,False,278.9146990419831
17465,2465,7.547846081479292e-08,1.0,,,False,279.0227210831363
17466,2466,7.538508128845933e-08,1.0,,,False,279.1268564169295
17467,2467,7.532283063937939e-08,1.0,,,False,279.2312247080263
17468,2468,7.535395951663304e-08,1.0,,,False,279.33377654198557
17469,2469,7.526057999029945e-08,1.0,,,False,279.4358515001368
17470,2470,7.504270627123333e-08,1.0,,,False,279.53692104201764
17471,2471,7.501158449940704e-08,1.0,,,False,279.63734904211015
17472,2472,7.49493338503271e-08,1.0,,,False,279.7359411669895
17473,2473,7.49493338503271e-08,1.0,,,False,279.8349177080672
17474,2474,7.49493338503271e-08,1.0,,,False,279.9340530000627
17475,2475,7.479370367491356e-08,1.0,,,False,280.0325902919285
17476,2476,7.463808060492738e-08,1.0,,,False,280.13060145801865
17477,2477,7.457582995584744e-08,1.0,,,False,280.2308329581283
17478,2478,7.442020688586126e-08,1.0,,,False,280.33029058296233
17479,2479,7.438907800860761e-08,1.0,,,False,280.43310108291917
17480,2480,7.426457671044773e-08,1.0,,,False,280.53713058307767
17481,2481,7.414007541228784e-08,1.0,,,False,280.64120970806107
17482,2482,7.410895364046155e-08,1.0,,,False,280.7441927921027
17483,2483,7.401557411412796e-08,1.0,,,False,280.84782695793547
17484,2484,7.392220169322172e-08,1.0,,,False,280.94986895797774
17485,2485,7.389107992139543e-08,1.0,,,False,281.0545179580804
17486,2486,7.382882927231549e-08,1.0,,,False,281.16014649998397
17487,2487,7.37354497459819e-08,1.0,,,False,281.2680525830947
17488,2488,7.37354497459819e-08,1.0,,,False,281.36996829207055
17489,2489,7.385995104414178e-08,1.0,,,False,281.474898833083
17490,2490,7.379770039506184e-08,1.0,,,False,281.5780522499699
17491,2491,7.367319909690195e-08,1.0,,,False,281.68338125012815
17492,2492,7.361094844782201e-08,1.0,,,False,281.78993908292614
17493,2493,7.354869779874207e-08,1.0,,,False,281.8936381249223
17494,2494,7.345532537783583e-08,1.0,,,False,281.99543966702186
17495,2495,7.342419650058218e-08,1.0,,,False,282.10030091693625
17496,2496,7.33619529569296e-08,1.0,,,False,282.2041912500281
17497,2497,7.320632278151606e-08,1.0,,,False,282.30949641694315
17498,2498,7.314407213243612e-08,1.0,,,False,282.4152942080982
17499,2499,7.308182148335618e-08,1.0,,,False,282.51908662496135
17500,2500,7.298844906244994e-08,1.0,1.0,0.00016306956127345513,False,282.7186295001302
17501,2501,7.277056823795647e-08,1.0,,,False,282.8496658329386
17502,2502,7.267719581705023e-08,1.0,,,False,282.9758944581263
17503,2503,7.261494516797029e-08,1.0,,,False,283.095643625129
17504,2504,7.2583823396144e-08,1.0,,,False,283.2270952500403
17505,2505,7.2583823396144e-08,1.0,,,False,283.3423042080831
17506,2506,7.239707144890417e-08,1.0,,,False,283.4757711670827
17507,2507,7.230369192257058e-08,1.0,,,False,283.58456708304584
17508,2508,7.224144127349064e-08,1.0,,,False,283.67209133296274
17509,2509,7.211694708075811e-08,1.0,,,False,283.7580003750045
17510,2510,7.205469643167817e-08,1.0,,,False,283.84227545792237
17511,2511,7.196131690534457e-08,1.0,,,False,283.92965058307163
17512,2512,7.18056938353584e-08,1.0,,,False,284.01333091710694
17513,2513,7.177456495810475e-08,1.0,,,False,284.102813542122
17514,2514,7.168119253719851e-08,1.0,,,False,284.1854303330183
17515,2515,7.165006365994486e-08,1.0,,,False,284.2744384580292
17516,2516,7.158781301086492e-08,1.0,,,False,284.35738474992104
17517,2517,7.152556946721234e-08,1.0,,,False,284.4419559999369
17518,2518,7.143218994087874e-08,1.0,,,False,284.529069500044
17519,2519,7.13699392917988e-08,1.0,,,False,284.61756683303975
17520,2520,7.130768864271886e-08,1.0,,,False,284.7056387499906
17521,2521,7.124543799363892e-08,1.0,,,False,284.79341220809147
17522,2522,7.108981492365274e-08,1.0,,,False,284.8800346669741
17523,2523,7.093419185366656e-08,1.0,,,False,284.9672580829356
17524,2524,7.087194120458662e-08,1.0,,,False,285.05562112503685
17525,2525,7.068518925734679e-08,1.0,,,False,285.14497983292677
17526,2526,7.065406038009314e-08,1.0,,,False,285.2694927500561
17527,2527,7.05918097310132e-08,1.0,,,False,285.4060333329253
17528,2528,7.049843731010697e-08,1.0,,,False,285.51834416692145
17529,2529,7.046730843285332e-08,1.0,,,False,285.61656529200263
17530,2530,7.052955908193326e-08,1.0,,,False,285.72003062511794
17531,2531,7.043618666102702e-08,1.0,,,False,285.8222281250637
17532,2532,7.037393601194708e-08,1.0,,,False,285.922180457972
17533,2533,7.02494347137872e-08,1.0,,,False,286.0243838329334
17534,2534,7.006268276654737e-08,1.0,,,False,286.12839337508194
17535,2535,7.006268276654737e-08,1.0,,,False,286.23364429199137
17536,2536,6.990705969656119e-08,1.0,,,False,286.3316399580799
17537,2537,6.987593081930754e-08,1.0,,,False,286.4355200419668
17538,2538,6.984480904748125e-08,1.0,,,False,286.54010587511584
17539,2539,6.975143662657501e-08,1.0,,,False,286.64238441712223
17540,2540,6.968918597749507e-08,1.0,,,False,286.7420252501033
17541,2541,6.962693532841513e-08,1.0,,,False,286.8430042080581
17542,2542,6.956468467933519e-08,1.0,,,False,286.94402749999426
17543,2543,6.94401833811753e-08,1.0,,,False,287.04773099999875
17544,2544,6.940905450392165e-08,1.0,,,False,287.1520629171282
17545,2545,6.931568208301542e-08,1.0,,,False,287.255245791981
17546,2546,6.934680385484171e-08,1.0,,,False,287.3554622079246
17547,2547,6.928455320576177e-08,1.0,,,False,287.4636504170485
17548,2548,6.928455320576177e-08,1.0,,,False,287.5653862080071
17549,2549,6.928455320576177e-08,1.0,,,False,287.66619516699575
17550,2550,6.919118078485553e-08,1.0,,,False,287.7660122499801
17551,2551,6.922230255668183e-08,1.0,,,False,287.8641143750865
17552,2552,6.919118078485553e-08,1.0,,,False,287.9683475829661
17553,2553,6.906667948669565e-08,1.0,,,False,288.06570458295755
17554,2554,6.897330706578941e-08,1.0,,,False,288.1659694169648
17555,2555,6.887992753945582e-08,1.0,,,False,288.2677502920851
17556,2556,6.878655511854959e-08,1.0,,,False,288.36991854198277
17557,2557,6.875542624129594e-08,1.0,,,False,288.4702900419943
17558,2558,6.8693175592216e-08,1.0,,,False,288.57596549997106
17559,2559,6.863092494313605e-08,1.0,,,False,288.6761841669213
17560,2560,6.850643075040352e-08,1.0,,,False,288.77698908303864
17561,2561,6.856867429405611e-08,1.0,,,False,288.8768945001066
17562,2562,6.844418010132358e-08,1.0,,,False,288.9760625420604
17563,2563,6.83196788031637e-08,1.0,,,False,289.075127457967
17564,2564,6.83196788031637e-08,1.0,,,False,289.17775045800954
17565,2565,6.828854992591005e-08,1.0,,,False,289.2842907081358
17566,2566,6.816404862775016e-08,1.0,,,False,289.3873482081108
17567,2567,6.819517750500381e-08,1.0,,,False,289.49482037499547
17568,2568,6.813292685592387e-08,1.0,,,False,289.59477791702375
17569,2569,6.810179797867022e-08,1.0,,,False,289.6988709170837
17570,2570,6.807067620684393e-08,1.0,,,False,289.8011801671237
17571,2571,6.797729668051034e-08,1.0,,,False,289.9077508330811
17572,2572,6.78839242596041e-08,1.0,,,False,290.0117837500293
17573,2573,6.782167361052416e-08,1.0,,,False,290.11984333302826
17574,2574,6.772830118961792e-08,1.0,,,False,290.2248144999612
17575,2575,6.772830118961792e-08,1.0,,,False,290.346462167101
17576,2576,6.772830118961792e-08,1.0,,,False,290.4740235421341
17577,2577,6.775942296144422e-08,1.0,,,False,290.5973936249502
17578,2578,6.772830118961792e-08,1.0,,,False,290.704565375112
17579,2579,6.760379989145804e-08,1.0,,,False,290.808780167019
17580,2580,6.751042036512445e-08,1.0,,,False,290.9122762500774
17581,2581,6.74481697160445e-08,1.0,,,False,291.01296733296476
17582,2582,6.74481697160445e-08,1.0,,,False,291.10477541713044
17583,2583,6.732367552331198e-08,1.0,,,False,291.2090729579795
17584,2584,6.726142487423203e-08,1.0,,,False,291.3375702081248
17585,2585,6.719917422515209e-08,1.0,,,False,291.46365258307196
17586,2586,6.71057946988185e-08,1.0,,,False,291.5947901250329
17587,2587,6.698129340065861e-08,1.0,,,False,291.7248416671064
17588,2588,6.688792097975238e-08,1.0,,,False,291.85748554207385
17589,2589,6.679454145341879e-08,1.0,,,False,291.9745766669512
17590,2590,6.679454145341879e-08,1.0,,,False,292.062510458054
17591,2591,6.660779661160632e-08,1.0,,,False,292.15130908298306
17592,2592,6.660779661160632e-08,1.0,,,False,292.26410345803015
17593,2593,6.660779661160632e-08,1.0,,,False,292.39957312494516
17594,2594,6.648329531344643e-08,1.0,,,False,292.52974508306943
17595,2595,6.635879401528655e-08,1.0,,,False,292.644444125006
17596,2596,6.62965433662066e-08,1.0,,,False,292.73125075013377
17597,2597,6.62965433662066e-08,1.0,,,False,292.8186887081247
17598,2598,6.620316383987301e-08,1.0,,,False,292.90475837513804
17599,2599,6.620316383987301e-08,1.0,,,False,292.99283408303745
17600,2600,6.617204206804672e-08,1.0,1.0,0.0001553003873153039,False,293.16939662513323
17601,2601,6.617204206804672e-08,1.0,,,False,293.2587709580548
17602,2602,6.614092029622043e-08,1.0,,,False,293.3490867500659
17603,2603,6.601641899806054e-08,1.0,,,False,293.4382260830607
17604,2604,6.601641899806054e-08,1.0,,,False,293.54099687491544
17605,2605,6.604754076988684e-08,1.0,,,False,293.66214237501845
17606,2606,6.59541683489806e-08,1.0,,,False,293.78817624994554
17607,2607,6.579853817356707e-08,1.0,,,False,293.91040450008586
17608,2608,6.561178622632724e-08,1.0,,,False,294.0343197081238
17609,2609,6.55495355772473e-08,1.0,,,False,294.1215742500499
17610,2610,6.545616315634106e-08,1.0,,,False,294.2092929170467
17611,2611,6.542504138451477e-08,1.0,,,False,294.29471229203045
17612,2612,6.542504138451477e-08,1.0,,,False,294.39626833307557
17613,2613,6.542504138451477e-08,1.0,,,False,294.52443137508817
17614,2614,6.533166185818118e-08,1.0,,,False,294.6560434170533
17615,2615,6.526941120910124e-08,1.0,,,False,294.78361291694455
17616,2616,6.526941120910124e-08,1.0,,,False,294.91123429196887
17617,2617,6.530054008635489e-08,1.0,,,False,294.9937134170905
17618,2618,6.511378813911506e-08,1.0,,,False,295.0825234579388
17619,2619,6.495815796370152e-08,1.0,,,False,295.1655210000463
17620,2620,6.489591442004894e-08,1.0,,,False,295.25102920806967
17621,2621,6.480253489371535e-08,1.0,,,False,295.33920266712084
17622,2622,6.480253489371535e-08,1.0,,,False,295.42473033303395
17623,2623,6.47402842446354e-08,1.0,,,False,295.5097706669476
17624,2624,6.470916247280911e-08,1.0,,,False,295.5966348750517
17625,2625,6.467803359555546e-08,1.0,,,False,295.6823894579429
17626,2626,6.461578294647552e-08,1.0,,,False,295.7699350421317
17627,2627,6.458466117464923e-08,1.0,,,False,295.8543687919155
17628,2628,6.461578294647552e-08,1.0,,,False,295.941873291973
17629,2629,6.455353229739558e-08,1.0,,,False,296.04915424995124
17630,2630,6.446015987648934e-08,1.0,,,False,296.16717149992473
17631,2631,6.446015987648934e-08,1.0,,,False,296.291192417033
17632,2632,6.43979092274094e-08,1.0,,,False,296.4188523751218
17633,2633,6.427340792924952e-08,1.0,,,False,296.54190837498754
17634,2634,6.414890663108963e-08,1.0,,,False,296.63491983292624
17635,2635,6.411778485926334e-08,1.0,,,False,296.7204902919475
17636,2636,6.402440533292975e-08,1.0,,,False,296.808338874951
17637,2637,6.399328356110345e-08,1.0,,,False,296.8965051670093
17638,2638,6.389990403476986e-08,1.0,,,False,296.9824388329871
17639,2639,6.380653161386363e-08,1.0,,,False,297.06929558306
17640,2640,6.374428807021104e-08,1.0,,,False,297.1554760420695
17641,2641,6.371315919295739e-08,1.0,,,False,297.2439157080371
17642,2642,6.371315919295739e-08,1.0,,,False,297.3341437501367
17643,2643,6.371315919295739e-08,1.0,,,False,297.42241224995814
17644,2644,6.36820374211311e-08,1.0,,,False,297.511127917096
17645,2645,6.358865789479751e-08,1.0,,,False,297.6011237921193
17646,2646,6.355753612297121e-08,1.0,,,False,297.68856450007297
17647,2647,6.349528547389127e-08,1.0,,,False,297.775042375084
17648,2648,6.340190594755768e-08,1.0,,,False,297.86274062492885
17649,2649,6.337078417573139e-08,1.0,,,False,297.9557263329625
17650,2650,6.32774046493978e-08,1.0,,,False,298.0461660420988
17651,2651,6.315291045666527e-08,1.0,,,False,298.1334739171434
17652,2652,6.309065980758533e-08,1.0,,,False,298.2197253750637
17653,2653,6.305953093033168e-08,1.0,,,False,298.30635370803066
17654,2654,6.299728028125173e-08,1.0,,,False,298.3887382079847
17655,2655,6.296615850942544e-08,1.0,,,False,298.51809016708285
17656,2656,6.29039078603455e-08,1.0,,,False,298.64630137500353
17657,2657,6.284165721126556e-08,1.0,,,False,298.7724396670237
17658,2658,6.277940656218561e-08,1.0,,,False,298.89400991704315
17659,2659,6.268602703585202e-08,1.0,,,False,299.02432037494145
17660,2660,6.259265461494579e-08,1.0,,,False,299.15597662492655
17661,2661,6.259265461494579e-08,1.0,,,False,299.27391329198144
17662,2662,6.253040396586584e-08,1.0,,,False,299.3960810001008
17663,2663,6.253040396586584e-08,1.0,,,False,299.5198384169489
17664,2664,6.249928219403955e-08,1.0,,,False,299.64381425012834
17665,2665,6.24681533167859e-08,1.0,,,False,299.7714062500745
17666,2666,6.240590266770596e-08,1.0,,,False,299.89834479195997
17667,2667,6.228140136954607e-08,1.0,,,False,300.0190466251224
17668,2668,6.231253024679972e-08,1.0,,,False,300.14550862507895
17669,2669,6.228140136954607e-08,1.0,,,False,300.2695418749936
17670,2670,6.221915072046613e-08,1.0,,,False,300.4016953750979
17671,2671,6.218802894863984e-08,1.0,,,False,300.5209918329492
17672,2672,6.206352765047995e-08,1.0,,,False,300.6520277499221
17673,2673,6.197015522957372e-08,1.0,,,False,300.78639412508346
17674,2674,6.184565393141384e-08,1.0,,,False,300.9174232080113
17675,2675,6.172115263325395e-08,1.0,,,False,301.0200842919294
17676,2676,6.159665133509407e-08,1.0,,,False,301.1061802499462
17677,2677,6.156552245784042e-08,1.0,,,False,301.1928637919482
17678,2678,6.147215003693418e-08,1.0,,,False,301.27430583303794
17679,2679,6.137877051060059e-08,1.0,,,False,301.3710400830023
17680,2680,6.13476487387743e-08,1.0,,,False,301.49173775012605
17681,2681,6.13476487387743e-08,1.0,,,False,301.6182295419276
17682,2682,6.13476487387743e-08,1.0,,,False,301.74602720793337
17683,2683,6.122314744061441e-08,1.0,,,False,301.8728094580583
17684,2684,6.122314744061441e-08,1.0,,,False,301.99851670791395
17685,2685,6.116089679153447e-08,1.0,,,False,302.08166458294727
17686,2686,6.109864614245453e-08,1.0,,,False,302.17197374999523
17687,2687,6.109864614245453e-08,1.0,,,False,302.26093724998645
17688,2688,6.106752437062823e-08,1.0,,,False,302.3497727920767
17689,2689,6.100527372154829e-08,1.0,,,False,302.438964625122
17690,2690,6.094302307246835e-08,1.0,,,False,302.53684654203244
17691,2691,6.094302307246835e-08,1.0,,,False,302.66418445808813
17692,2692,6.094302307246835e-08,1.0,,,False,302.79561925004236
17693,2693,6.097414484429464e-08,1.0,,,False,302.93007500004023
17694,2694,6.097414484429464e-08,1.0,,,False,303.0575942499563
17695,2695,6.097414484429464e-08,1.0,,,False,303.17541595804505
17696,2696,6.100527372154829e-08,1.0,,,False,303.3043336251285
17697,2697,6.100527372154829e-08,1.0,,,False,303.43571312492713
17698,2698,6.097414484429464e-08,1.0,,,False,303.5645515830256
17699,2699,6.094302307246835e-08,1.0,,,False,303.6847711671144
17700,2700,6.09118941952147e-08,1.0,1.0,0.00015287306389371582,False,303.8920141251292
17701,2701,6.084964354613476e-08,1.0,,,False,303.99619854195043
17702,2702,6.078739289705481e-08,1.0,,,False,304.09673279197887
17703,2703,6.078739289705481e-08,1.0,,,False,304.1992112500593
17704,2704,6.075627112522852e-08,1.0,,,False,304.2859436250292
17705,2705,6.078739289705481e-08,1.0,,,False,304.36976908310317
17706,2706,6.069402047614858e-08,1.0,,,False,304.4527567080222
17707,2707,6.069402047614858e-08,1.0,,,False,304.54122570808977
17708,2708,6.069402047614858e-08,1.0,,,False,304.6259504579939
17709,2709,6.063176982706864e-08,1.0,,,False,304.71297662495635
17710,2710,6.05383974061624e-08,1.0,,,False,304.8001231250819
17711,2711,6.05695191779887e-08,1.0,,,False,304.88687849999405
17712,2712,6.063176982706864e-08,1.0,,,False,305.00058783311397
17713,2713,6.063176982706864e-08,1.0,,,False,305.10286012501456
17714,2714,6.05695191779887e-08,1.0,,,False,305.2101019581314
17715,2715,6.05383974061624e-08,1.0,,,False,305.3138641670812
17716,2716,6.047614675708246e-08,1.0,,,False,305.4179861249868
17717,2717,6.050726852890875e-08,1.0,,,False,305.5229567079805
17718,2718,6.050726852890875e-08,1.0,,,False,305.62879412504844
17719,2719,6.050726852890875e-08,1.0,,,False,305.74844066705555
17720,2720,6.050726852890875e-08,1.0,,,False,305.85588162508793
17721,2721,6.050726852890875e-08,1.0,,,False,305.97162329196
17722,2722,6.044501787982881e-08,1.0,,,False,306.06656529195607
17723,2723,6.044501787982881e-08,1.0,,,False,306.1674770419486
17724,2724,6.044501787982881e-08,1.0,,,False,306.27173087513074
17725,2725,6.047614675708246e-08,1.0,,,False,306.3625362080056
17726,2726,6.041389610800252e-08,1.0,,,False,306.452154250117
17727,2727,6.041389610800252e-08,1.0,,,False,306.538366666995
17728,2728,6.038276723074887e-08,1.0,,,False,306.62652254197747
17729,2729,6.032051658166893e-08,1.0,,,False,306.7115189579781
17730,2730,6.035164545892258e-08,1.0,,,False,306.7998893330805
17731,2731,6.035164545892258e-08,1.0,,,False,306.8905342500657
17732,2732,6.035164545892258e-08,1.0,,,False,306.9771733749658
17733,2733,6.022714416076269e-08,1.0,,,False,307.0707592079416
17734,2734,6.022714416076269e-08,1.0,,,False,307.158245916944
17735,2735,6.025826593258898e-08,1.0,,,False,307.24597779195756
17736,2736,6.013377173985646e-08,1.0,,,False,307.33122112508863
17737,2737,6.013377173985646e-08,1.0,,,False,307.42339558294043
17738,2738,6.01026428626028e-08,1.0,,,False,307.51267291698605
17739,2739,6.000927044169657e-08,1.0,,,False,307.59921695804223
17740,2740,5.994701979261663e-08,1.0,,,False,307.7032454169821
17741,2741,5.982251849445674e-08,1.0,,,False,307.8084754999727
17742,2742,5.982251849445674e-08,1.0,,,False,307.91402908298187
17743,2743,5.97913896172031e-08,1.0,,,False,308.0198188330978
17744,2744,5.966688831904321e-08,1.0,,,False,308.1264359999914
17745,2745,5.9604641222676946e-08,1.0,,,False,308.2338956671301
17746,2746,5.963576654721692e-08,1.0,,,False,308.3391537501011
17747,2747,5.9604641222676946e-08,1.0,,,False,308.4393737919163
17748,2748,5.9542390573597004e-08,1.0,,,False,308.5386907500215
17749,2749,5.948013992451706e-08,1.0,,,False,308.6379692500923
17750,2750,5.951126524905703e-08,1.0,,,False,308.73806612496264
17751,2751,5.948013992451706e-08,1.0,,,False,308.841463833116
17752,2752,5.938676395089715e-08,1.0,,,False,308.94541612500325
17753,2753,5.9355638626357177e-08,1.0,,,False,309.0473113749176
17754,2754,5.9324513301817206e-08,1.0,,,False,309.1512722079642
17755,2755,5.926226265273726e-08,1.0,,,False,309.25559995812364
17756,2756,5.923114088091097e-08,1.0,,,False,309.35752016701736
17757,2757,5.9293387977277234e-08,1.0,,,False,309.46208295808174
17758,2758,5.9293387977277234e-08,1.0,,,False,309.5747086671181
17759,2759,5.926226265273726e-08,1.0,,,False,309.68003108305857
17760,2760,5.926226265273726e-08,1.0,,,False,309.7856133331079
17761,2761,5.923114088091097e-08,1.0,,,False,309.8854603751097
17762,2762,5.913776490729106e-08,1.0,,,False,309.9835802500602
17763,2763,5.9106639582751086e-08,1.0,,,False,310.0823337500915
17764,2764,5.888876231097129e-08,1.0,,,False,310.1819272080902
17765,2765,5.87642610128114e-08,1.0,,,False,310.2814545419533
17766,2766,5.870201036373146e-08,1.0,,,False,310.381937332917
17767,2767,5.867088503919149e-08,1.0,,,False,310.4836521670222
17768,2768,5.8608637942825226e-08,1.0,,,False,310.5872446249705
17769,2769,5.8577512618285255e-08,1.0,,,False,310.6917791250162
17770,2770,5.845301132012537e-08,1.0,,,False,310.7954320420977
17771,2771,5.845301132012537e-08,1.0,,,False,310.9014290829655
17772,2772,5.845301132012537e-08,1.0,,,False,311.00638945796527
17773,2773,5.8359635346505456e-08,1.0,,,False,311.112574292114
17774,2774,5.8328510021965485e-08,1.0,,,False,311.21900325012393
17775,2775,5.8328510021965485e-08,1.0,,,False,311.32666216697544
17776,2776,5.826625937288554e-08,1.0,,,False,311.43453083303757
17777,2777,5.82040087238056e-08,1.0,,,False,311.54083387507126
17778,2778,5.814175807472566e-08,1.0,,,False,311.6483499580063
17779,2779,5.8079507425645716e-08,1.0,,,False,311.75353124993853
17780,2780,5.804838565381942e-08,1.0,,,False,311.85760504193604
17781,2781,5.8079507425645716e-08,1.0,,,False,311.9629755830392
17782,2782,5.798613500473948e-08,1.0,,,False,312.06732054194435
17783,2783,5.801726032927945e-08,1.0,,,False,312.17124420800246
17784,2784,5.801726032927945e-08,1.0,,,False,312.2752839580644
17785,2785,5.798613500473948e-08,1.0,,,False,312.37867966713384
17786,2786,5.798613500473948e-08,1.0,,,False,312.4824112500064
17787,2787,5.789275903111957e-08,1.0,,,False,312.58667358313687
17788,2788,5.7861633706579596e-08,1.0,,,False,312.6905019581318
17789,2789,5.7799383057499654e-08,1.0,,,False,312.79542766697705
17790,2790,5.773713240841971e-08,1.0,,,False,312.89937329199165
17791,2791,5.76437564347998e-08,1.0,,,False,313.00344150001183
17792,2792,5.748812981209994e-08,1.0,,,False,313.1062606670894
17793,2793,5.745700448755997e-08,1.0,,,False,313.2086172499694
17794,2794,5.7301381417573793e-08,1.0,,,False,313.3098788750358
17795,2795,5.723913076849385e-08,1.0,,,False,313.4143942501396
17796,2796,5.714575479487394e-08,1.0,,,False,313.51481208298355
17797,2797,5.7083504145793995e-08,1.0,,,False,313.61575729213655
17798,2798,5.714575479487394e-08,1.0,,,False,313.7141162920743
17799,2799,5.699012817217408e-08,1.0,,,False,313.8115435829386
17800,2800,5.695900284763411e-08,1.0,1.0,0.00014894238474215198,False,314.00612887507305
17801,2801,5.689675219855417e-08,1.0,,,False,314.1433968329802
17802,2802,5.680337977764793e-08,1.0,,,False,314.2593510420993
17803,2803,5.667887847948805e-08,1.0,,,False,314.3856979999691
17804,2804,5.6585502505868135e-08,1.0,,,False,314.5079377500806
17805,2805,5.6554377181328164e-08,1.0,,,False,314.63896437501535
17806,2806,5.6554377181328164e-08,1.0,,,False,314.7745163331274
17807,2807,5.646100120770825e-08,1.0,,,False,314.8997422500979
17808,2808,5.642987588316828e-08,1.0,,,False,315.0304728751071
17809,2809,5.642987588316828e-08,1.0,,,False,315.1520357921254
17810,2810,5.627424926046842e-08,1.0,,,False,315.2724891670514
17811,2811,5.624312748864213e-08,1.0,,,False,315.40155383292586
17812,2812,5.618087683956219e-08,1.0,,,False,315.5306545831263
17813,2813,5.6087500865942275e-08,1.0,,,False,315.66066837497056
17814,2814,5.602525021686233e-08,1.0,,,False,315.7811762080528
17815,2815,5.5869623594162476e-08,1.0,,,False,315.9095220421441
17816,2816,5.5869623594162476e-08,1.0,,,False,316.0308778749313
17817,2817,5.5869623594162476e-08,1.0,,,False,316.14053391711786
17818,2818,5.590074891870245e-08,1.0,,,False,316.24741766694933
17819,2819,5.5869623594162476e-08,1.0,,,False,316.3533634999767
17820,2820,5.590074891870245e-08,1.0,,,False,316.4536488750018
17821,2821,5.5807372945082534e-08,1.0,,,False,316.56161474995315
17822,2822,5.571399697146262e-08,1.0,,,False,316.6647435829509
17823,2823,5.565174632238268e-08,1.0,,,False,316.76535225007683
17824,2824,5.54961232523965e-08,1.0,,,False,316.8674629169982
17825,2825,5.54961232523965e-08,1.0,,,False,316.9677438749932
17826,2826,5.546499792785653e-08,1.0,,,False,317.0661431669723
17827,2827,5.54961232523965e-08,1.0,,,False,317.17027024994604
17828,2828,5.540274727877659e-08,1.0,,,False,317.2708431670908
17829,2829,5.5371621954236616e-08,1.0,,,False,317.37208104203455
17830,2830,5.5309371305156674e-08,1.0,,,False,317.4722134170588
17831,2831,5.52782459806167e-08,1.0,,,False,317.5765851670876
17832,2832,5.5309371305156674e-08,1.0,,,False,317.6781957920175
17833,2833,5.52782459806167e-08,1.0,,,False,317.78116083308123
17834,2834,5.521599533153676e-08,1.0,,,False,317.881858458044
17835,2835,5.524712065607673e-08,1.0,,,False,317.98683900013566
17836,2836,5.524712065607673e-08,1.0,,,False,318.0854100000579
17837,2837,5.515374468245682e-08,1.0,,,False,318.1890105421189
17838,2838,5.5122619357916847e-08,1.0,,,False,318.2908956250176
17839,2839,5.5060368708836904e-08,1.0,,,False,318.4108053750824
17840,2840,5.49358709633907e-08,1.0,,,False,318.516797499964
17841,2841,5.490474563885073e-08,1.0,,,False,318.6062065421138
17842,2842,5.4811369665230814e-08,1.0,,,False,318.69652087497525
17843,2843,5.47179936916109e-08,1.0,,,False,318.78327004192397
17844,2844,5.47179936916109e-08,1.0,,,False,318.8984780421015
17845,2845,5.474911901615087e-08,1.0,,,False,319.02467220812105
17846,2846,5.465574304253096e-08,1.0,,,False,319.154810792068
17847,2847,5.465574304253096e-08,1.0,,,False,319.279001750052
17848,2848,5.465574304253096e-08,1.0,,,False,319.41179033298977
17849,2849,5.465574304253096e-08,1.0,,,False,319.5411367500201
17850,2850,5.4562367068911044e-08,1.0,,,False,319.6652613750193
17851,2851,5.4562367068911044e-08,1.0,,,False,319.7932819169946
17852,2852,5.45001164198311e-08,1.0,,,False,319.9192442500498
17853,2853,5.446899109529113e-08,1.0,,,False,320.0507052501198
17854,2854,5.443786932346484e-08,1.0,,,False,320.1750810421072
17855,2855,5.440674399892487e-08,1.0,,,False,320.29663083306514
17856,2856,5.440674399892487e-08,1.0,,,False,320.4007311249152
17857,2857,5.45001164198311e-08,1.0,,,False,320.5038990830071
17858,2858,5.446899109529113e-08,1.0,,,False,320.62843458307907
17859,2859,5.4375618674384896e-08,1.0,,,False,320.7687329170294
17860,2860,5.4344493349844925e-08,1.0,,,False,320.8996650830377
17861,2861,5.418886672714507e-08,1.0,,,False,321.02560408296995
17862,2862,5.4064365428985184e-08,1.0,,,False,321.13006741693243
17863,2863,5.4064365428985184e-08,1.0,,,False,321.2305536249187
17864,2864,5.403324010444521e-08,1.0,,,False,321.32847600011155
17865,2865,5.4064365428985184e-08,1.0,,,False,321.43318295804784
17866,2866,5.403324010444521e-08,1.0,,,False,321.5339654169511
17867,2867,5.4064365428985184e-08,1.0,,,False,321.6481697920244
17868,2868,5.397098945536527e-08,1.0,,,False,321.78008258296177
17869,2869,5.390873880628533e-08,1.0,,,False,321.8955694581382
17870,2870,5.397098945536527e-08,1.0,,,False,322.0160433750134
17871,2871,5.390873880628533e-08,1.0,,,False,322.1027115001343
17872,2872,5.390873880628533e-08,1.0,,,False,322.1907654579263
17873,2873,5.381536638537909e-08,1.0,,,False,322.31375529197976
17874,2874,5.381536638537909e-08,1.0,,,False,322.44633058295585
17875,2875,5.378424106083912e-08,1.0,,,False,322.57766554201953
17876,2876,5.372199041175918e-08,1.0,,,False,322.68780920794234
17877,2877,5.372199041175918e-08,1.0,,,False,322.7782530831173
17878,2878,5.369086508721921e-08,1.0,,,False,322.8719770000316
17879,2879,5.3628614438139266e-08,1.0,,,False,322.9685952081345
17880,2880,5.3628614438139266e-08,1.0,,,False,323.05386041710153
17881,2881,5.3628614438139266e-08,1.0,,,False,323.14417058299296
17882,2882,5.3628614438139266e-08,1.0,,,False,323.2303692079149
17883,2883,5.365973976267924e-08,1.0,,,False,323.31421279208735
17884,2884,5.3597489113599295e-08,1.0,,,False,323.4038780420087
17885,2885,5.3566363789059324e-08,1.0,,,False,323.4932711669244
17886,2886,5.347298781543941e-08,1.0,,,False,323.5784123330377
17887,2887,5.3566363789059324e-08,1.0,,,False,323.66341037512757
17888,2888,5.3566363789059324e-08,1.0,,,False,323.7528905419167
17889,2889,5.344186249089944e-08,1.0,,,False,323.84068333311006
17890,2890,5.353523846451935e-08,1.0,,,False,323.9269457079936
17891,2891,5.3379611841819496e-08,1.0,,,False,324.0126099579502
17892,2892,5.3379611841819496e-08,1.0,,,False,324.09783041710034
17893,2893,5.341073716635947e-08,1.0,,,False,324.1848101669457
17894,2894,5.344186249089944e-08,1.0,,,False,324.2755597080104
17895,2895,5.341073716635947e-08,1.0,,,False,324.3674868750386
17896,2896,5.3379611841819496e-08,1.0,,,False,324.45372675010003
17897,2897,5.341073716635947e-08,1.0,,,False,324.5454464999493
17898,2898,5.3348486517279525e-08,1.0,,,False,324.63714333297685
17899,2899,5.3348486517279525e-08,1.0,,,False,324.72437320812605
17900,2900,5.328623586819958e-08,1.0,1.0,0.0001462515640147579,False,324.9026835830882
17901,2901,5.325511054365961e-08,1.0,,,False,324.99347858293913
17902,2902,5.322398877183332e-08,1.0,,,False,325.1286934169475
17903,2903,5.322398877183332e-08,1.0,,,False,325.2568002080079
17904,2904,5.319286344729335e-08,1.0,,,False,325.3842247920111
17905,2905,5.316173812275338e-08,1.0,,,False,325.50689462502487
17906,2906,5.3099487473673435e-08,1.0,,,False,325.64566750009544
17907,2907,5.303723682459349e-08,1.0,,,False,325.77527512493543
17908,2908,5.3068362149133463e-08,1.0,,,False,325.8851038750727
17909,2909,5.303723682459349e-08,1.0,,,False,325.976038957946
17910,2910,5.297498617551355e-08,1.0,,,False,326.062275292119
17911,2911,5.297498617551355e-08,1.0,,,False,326.15063204197213
17912,2912,5.297498617551355e-08,1.0,,,False,326.23863520799205
17913,2913,5.297498617551355e-08,1.0,,,False,326.3272494999692
17914,2914,5.297498617551355e-08,1.0,,,False,326.4165353330318
17915,2915,5.294386085097358e-08,1.0,,,False,326.5010005000513
17916,2916,5.294386085097358e-08,1.0,,,False,326.5893037079368
17917,2917,5.2850484877353665e-08,1.0,,,False,326.6782569999341
17918,2918,5.272598357919378e-08,1.0,,,False,326.76911562494934
17919,2919,5.272598357919378e-08,1.0,,,False,326.8588134581223
17920,2920,5.275710890373375e-08,1.0,,,False,326.94850112497807
17921,2921,5.2601485833747574e-08,1.0,,,False,327.0360773750581
17922,2922,5.25703605092076e-08,1.0,,,False,327.1265347499866
17923,2923,5.250810986012766e-08,1.0,,,False,327.2177055000793
17924,2924,5.250810986012766e-08,1.0,,,False,327.30186625011265
17925,2925,5.250810986012766e-08,1.0,,,False,327.3924535829574
17926,2926,5.244585921104772e-08,1.0,,,False,327.4757589169312
17927,2927,5.241473388650775e-08,1.0,,,False,327.56132716708817
17928,2928,5.2383608561967776e-08,1.0,,,False,327.64771691709757
17929,2929,5.2321357912887834e-08,1.0,,,False,327.73601091699675
17930,2930,5.2321357912887834e-08,1.0,,,False,327.8240373330191
17931,2931,5.222798193926792e-08,1.0,,,False,327.9125560000539
17932,2932,5.219685661472795e-08,1.0,,,False,328.0010244171135
17933,2933,5.219685661472795e-08,1.0,,,False,328.0847179580014
17934,2934,5.216573129018798e-08,1.0,,,False,328.17178033292294
17935,2935,5.2134605965648007e-08,1.0,,,False,328.2531778330449
17936,2936,5.2103480641108035e-08,1.0,,,False,328.33861795812845
17937,2937,5.2103480641108035e-08,1.0,,,False,328.426579042105
17938,2938,5.2103480641108035e-08,1.0,,,False,328.5151618749369
17939,2939,5.2103480641108035e-08,1.0,,,False,328.6035474999808
17940,2940,5.2103480641108035e-08,1.0,,,False,328.69606816698797
17941,2941,5.2103480641108035e-08,1.0,,,False,328.7842023749836
17942,2942,5.2072355316568064e-08,1.0,,,False,328.87459070794284
17943,2943,5.204122999202809e-08,1.0,,,False,328.96051075006835
17944,2944,5.197898289566183e-08,1.0,,,False,329.0594162500929
17945,2945,5.194785757112186e-08,1.0,,,False,329.18987091700546
17946,2946,5.194785757112186e-08,1.0,,,False,329.3132392500993
17947,2947,5.1854481597501945e-08,1.0,,,False,329.4145567500964
17948,2948,5.1823356272961973e-08,1.0,,,False,329.5182362499181
17949,2949,5.176110562388203e-08,1.0,,,False,329.6211975419428
17950,2950,5.169885497480209e-08,1.0,,,False,329.71072929212824
17951,2951,5.169885497480209e-08,1.0,,,False,329.79869112512097
17952,2952,5.166772965026212e-08,1.0,,,False,329.88617566693574
17953,2953,5.1605479001182175e-08,1.0,,,False,329.9722438331228
17954,2954,5.1574353676642204e-08,1.0,,,False,330.05722191696987
17955,2955,5.154322835210223e-08,1.0,,,False,330.1418377920054
17956,2956,5.148097770302229e-08,1.0,,,False,330.2393758329563
17957,2957,5.144985237848232e-08,1.0,,,False,330.36896391701885
17958,2958,5.144985237848232e-08,1.0,,,False,330.4999960830901
17959,2959,5.1387605282116056e-08,1.0,,,False,330.62279133312404
17960,2960,5.132535463303611e-08,1.0,,,False,330.7153738751076
17961,2961,5.12319786594162e-08,1.0,,,False,330.80128779192455
17962,2962,5.129422930849614e-08,1.0,,,False,330.9134100829251
17963,2963,5.126310398395617e-08,1.0,,,False,331.0461629999336
17964,2964,5.116972801033626e-08,1.0,,,False,331.16963850008324
17965,2965,5.120085333487623e-08,1.0,,,False,331.27721929200925
17966,2966,5.1107477361256315e-08,1.0,,,False,331.36035033292137
17967,2967,5.1076352036716344e-08,1.0,,,False,331.4504829579964
17968,2968,5.10141013876364e-08,1.0,,,False,331.5407573329285
17969,2969,5.10141013876364e-08,1.0,,,False,331.6268593331333
17970,2970,5.10141013876364e-08,1.0,,,False,331.72457029204816
17971,2971,5.095185073855646e-08,1.0,,,False,331.8254826250486
17972,2972,5.095185073855646e-08,1.0,,,False,331.9266517921351
17973,2973,5.0858474764936545e-08,1.0,,,False,332.0272878750693
17974,2974,5.082735299311025e-08,1.0,,,False,332.122574375011
17975,2975,5.082735299311025e-08,1.0,,,False,332.22560233296826
17976,2976,5.082735299311025e-08,1.0,,,False,332.33147950004786
17977,2977,5.073397701949034e-08,1.0,,,False,332.43394375010394
17978,2978,5.070285169495037e-08,1.0,,,False,332.53520695795305
17979,2979,5.051609974771054e-08,1.0,,,False,332.6358893751167
17980,2980,5.04538490986306e-08,1.0,,,False,332.7386082080193
17981,2981,5.0391598449550656e-08,1.0,,,False,332.84155779192224
17982,2982,5.042272377409063e-08,1.0,,,False,332.9421546671074
17983,2983,5.0360473125010685e-08,1.0,,,False,333.04302783310413
17984,2984,5.017372473048454e-08,1.0,,,False,333.143633708125
17985,2985,5.0111474081404594e-08,1.0,,,False,333.2413552501239
17986,2986,5.004922343232465e-08,1.0,,,False,333.34397954214364
17987,2987,4.998697278324471e-08,1.0,,,False,333.44533512508497
17988,2988,4.995584745870474e-08,1.0,,,False,333.5440624579787
17989,2989,4.9831346160544854e-08,1.0,,,False,333.6489322499838
17990,2990,4.980022083600488e-08,1.0,,,False,333.7519502080977
17991,2991,4.9831346160544854e-08,1.0,,,False,333.85558058298193
17992,2992,4.970684486238497e-08,1.0,,,False,333.9563632919453
17993,2993,4.9675719537845e-08,1.0,,,False,334.0937105000485
17994,2994,4.9675719537845e-08,1.0,,,False,334.2238865830004
17995,2995,4.958234711693876e-08,1.0,,,False,334.33070941711776
17996,2996,4.952009646785882e-08,1.0,,,False,334.43552258308046
17997,2997,4.945784581877888e-08,1.0,,,False,334.54019670793787
17998,2998,4.930221919607902e-08,1.0,,,False,334.64699400006793
17999,2999,4.920884322245911e-08,1.0,,,False,334.75131916697137
18000,3000,4.920884322245911e-08,1.0,1.0,0.00014319812435675702,False,334.9508561671246
18001,3001,4.917771789791914e-08,1.0,,,False,335.1092743750196
18002,3002,4.905321659975925e-08,1.0,,,False,335.19726812513545
18003,3003,4.9084341924299224e-08,1.0,,,False,335.3032049171161
18004,3004,4.9084341924299224e-08,1.0,,,False,335.39216912491247
18005,3005,4.9115467248839195e-08,1.0,,,False,335.47559129213914
18006,3006,4.905321659975925e-08,1.0,,,False,335.5764047501143
18007,3007,4.902209482793296e-08,1.0,,,False,335.68863891693763
18008,3008,4.902209482793296e-08,1.0,,,False,335.77568583306856
18009,3009,4.902209482793296e-08,1.0,,,False,335.8612640420906
18010,3010,4.902209482793296e-08,1.0,,,False,335.95135462493636
18011,3011,4.899096950339299e-08,1.0,,,False,336.05675470805727
18012,3012,4.895984417885302e-08,1.0,,,False,336.15923629212193
18013,3013,4.8897593529773076e-08,1.0,,,False,336.26126104197465
18014,3014,4.899096950339299e-08,1.0,,,False,336.37976216711104
18015,3015,4.8897593529773076e-08,1.0,,,False,336.50222825002857
18016,3016,4.8835342880693133e-08,1.0,,,False,336.61963187507354
18017,3017,4.8835342880693133e-08,1.0,,,False,336.7237800420262
18018,3018,4.874196690707322e-08,1.0,,,False,336.8336822499987
18019,3019,4.874196690707322e-08,1.0,,,False,336.93142212508246
18020,3020,4.871084158253325e-08,1.0,,,False,337.0234847920947
18021,3021,4.8617465608913335e-08,1.0,,,False,337.11100074998103
18022,3022,4.855521495983339e-08,1.0,,,False,337.1973457080312
18023,3023,4.852408963529342e-08,1.0,,,False,337.31228191708215
18024,3024,4.843071366167351e-08,1.0,,,False,337.43946220795624
18025,3025,4.833734124076727e-08,1.0,,,False,337.5573173749726
18026,3026,4.83062159162273e-08,1.0,,,False,337.66843879199587
18027,3027,4.83062159162273e-08,1.0,,,False,337.7699704170227
18028,3028,4.8150589293527446e-08,1.0,,,False,337.897553750081
18029,3029,4.8088338644447504e-08,1.0,,,False,338.0086611250881
18030,3030,4.802608799536756e-08,1.0,,,False,338.1118862919975
18031,3031,4.7839336048127734e-08,1.0,,,False,338.2146395831369
18032,3032,4.780821427630144e-08,1.0,,,False,338.315485375002
18033,3033,4.77459636272215e-08,1.0,,,False,338.4156212499365
18034,3034,4.771483830268153e-08,1.0,,,False,338.51318679214455
18035,3035,4.771483830268153e-08,1.0,,,False,338.61371279205196
18036,3036,4.768371297814156e-08,1.0,,,False,338.71456895791925
18037,3037,4.7652587653601586e-08,1.0,,,False,338.8165716670919
18038,3038,4.7590337004521643e-08,1.0,,,False,338.9173235830385
18039,3039,4.75280863554417e-08,1.0,,,False,339.0203037080355
18040,3040,4.749696103090173e-08,1.0,,,False,339.1137859169394
18041,3041,4.7372459732741845e-08,1.0,,,False,339.21048429212533
18042,3042,4.7372459732741845e-08,1.0,,,False,339.31077045807615
18043,3043,4.71857113382157e-08,1.0,,,False,339.40980687504634
18044,3044,4.7154586013675726e-08,1.0,,,False,339.5102907079272
18045,3045,4.709233536459578e-08,1.0,,,False,339.61230162507854
18046,3046,4.703008471551584e-08,1.0,,,False,339.71248758304864
18047,3047,4.69678340664359e-08,1.0,,,False,339.81269649998285
18048,3048,4.6905583417355956e-08,1.0,,,False,339.91207637498155
18049,3049,4.693670874189593e-08,1.0,,,False,340.01491266698577
18050,3050,4.6905583417355956e-08,1.0,,,False,340.11398512497544
18051,3051,4.678108211919607e-08,1.0,,,False,340.21391645795666
18052,3052,4.668770614557616e-08,1.0,,,False,340.31558454199694
18053,3053,4.6625455496496215e-08,1.0,,,False,340.415303792106
18054,3054,4.659433372466992e-08,1.0,,,False,340.5154820000753
18055,3055,4.659433372466992e-08,1.0,,,False,340.6149310830515
18056,3056,4.646983242651004e-08,1.0,,,False,340.71901633311063
18057,3057,4.646983242651004e-08,1.0,,,False,340.8170989169739
18058,3058,4.643870710197007e-08,1.0,,,False,340.91639804211445
18059,3059,4.6407581777430096e-08,1.0,,,False,341.0182350000832
18060,3060,4.6407581777430096e-08,1.0,,,False,341.11942808306776
18061,3061,4.6345331128350153e-08,1.0,,,False,341.2161980001256
18062,3062,4.622082983019027e-08,1.0,,,False,341.31851904210635
18063,3063,4.6127453856570355e-08,1.0,,,False,341.41549679194577
18064,3064,4.606520320749041e-08,1.0,,,False,341.5157451250125
18065,3065,4.603407788295044e-08,1.0,,,False,341.61485283309594
18066,3066,4.600295611112415e-08,1.0,,,False,341.7153224579524
18067,3067,4.594070546204421e-08,1.0,,,False,341.8157216249965
18068,3068,4.581620416388432e-08,1.0,,,False,341.9173401670996
18069,3069,4.581620416388432e-08,1.0,,,False,342.02069820812903
18070,3070,4.572282819026441e-08,1.0,,,False,342.1179727499839
18071,3071,4.556720156756455e-08,1.0,,,False,342.21791583299637
18072,3072,4.544270026940467e-08,1.0,,,False,342.3202323750593
18073,3073,4.531820252395846e-08,1.0,,,False,342.41711233300157
18074,3074,4.531820252395846e-08,1.0,,,False,342.5178506250959
18075,3075,4.525595187487852e-08,1.0,,,False,342.6174579169601
18076,3076,4.522482655033855e-08,1.0,,,False,342.72060895804316
18077,3077,4.522482655033855e-08,1.0,,,False,342.81887775007635
18078,3078,4.522482655033855e-08,1.0,,,False,342.92143950005993
18079,3079,4.5162575901258606e-08,1.0,,,False,343.0192146669142
18080,3080,4.5100325252178664e-08,1.0,,,False,343.120529958047
18081,3081,4.506919992763869e-08,1.0,,,False,343.2216738751158
18082,3082,4.503807460309872e-08,1.0,,,False,343.32101420802064
18083,3083,4.500694927855875e-08,1.0,,,False,343.42392891692
18084,3084,4.4851322655858894e-08,1.0,,,False,343.5198362080846
18085,3085,4.4851322655858894e-08,1.0,,,False,343.61957370792516
18086,3086,4.4851322655858894e-08,1.0,,,False,343.72091699996963
18087,3087,4.482019733131892e-08,1.0,,,False,343.82647879212163
18088,3088,4.478907555949263e-08,1.0,,,False,343.9220754171256
18089,3089,4.475795023495266e-08,1.0,,,False,344.02172220801003
18090,3090,4.4633448936792774e-08,1.0,,,False,344.1174084581435
18091,3091,4.4664574261332746e-08,1.0,,,False,344.21540283295326
18092,3092,4.457119828771283e-08,1.0,,,False,344.31685404200107
18093,3093,4.444669698955295e-08,1.0,,,False,344.4147467080038
18094,3094,4.444669698955295e-08,1.0,,,False,344.5172971249558
18095,3095,4.432219569139306e-08,1.0,,,False,344.6203345421236
18096,3096,4.4135447296866914e-08,1.0,,,False,344.72129304194823
18097,3097,4.4166572621406885e-08,1.0,,,False,344.822072833078
18098,3098,4.407319664778697e-08,1.0,,,False,344.9254624170717
18099,3099,4.401094599870703e-08,1.0,,,False,345.0264740420971
18100,3100,4.397982067416706e-08,1.0,1.0,0.00013883414762439565,False,345.2213035421446
18101,3101,4.397982067416706e-08,1.0,,,False,345.3496615421027
18102,3102,4.3886444700547145e-08,1.0,,,False,345.4745488751214
18103,3103,4.3886444700547145e-08,1.0,,,False,345.5952082499862
18104,3104,4.379306872692723e-08,1.0,,,False,345.72283579199575
18105,3105,4.376194340238726e-08,1.0,,,False,345.84464374999516
18106,3106,4.373081807784729e-08,1.0,,,False,345.9699640830513
18107,3107,4.369969275330732e-08,1.0,,,False,346.07414116710424
18108,3108,4.3668567428767346e-08,1.0,,,False,346.17194262496196
18109,3109,4.3637442104227375e-08,1.0,,,False,346.276498042047
18110,3110,4.357519500786111e-08,1.0,,,False,346.37812595814466
18111,3111,4.351294435878117e-08,1.0,,,False,346.4783188330475
18112,3112,4.351294435878117e-08,1.0,,,False,346.57854154193774
18113,3113,4.357519500786111e-08,1.0,,,False,346.6856551670935
18114,3114,4.360632033240108e-08,1.0,,,False,346.7876242080238
18115,3115,4.354406968332114e-08,1.0,,,False,346.89349433314055
18116,3116,4.34818190342412e-08,1.0,,,False,346.9947336250916
18117,3117,4.34818190342412e-08,1.0,,,False,347.096314500086
18118,3118,4.3388443060621285e-08,1.0,,,False,347.1985565831419
18119,3119,4.32639417624614e-08,1.0,,,False,347.30352483293973
18120,3120,4.323281643792143e-08,1.0,,,False,347.40396308293566
18121,3121,4.320169111338146e-08,1.0,,,False,347.50808420800604
18122,3122,4.3139440464301515e-08,1.0,,,False,347.6115088330116
18123,3123,4.3139440464301515e-08,1.0,,,False,347.7127165829297
18124,3124,4.301493916614163e-08,1.0,,,False,347.81531370803714
18125,3125,4.298381739431534e-08,1.0,,,False,347.9203827921301
18126,3126,4.2890441420695424e-08,1.0,,,False,348.024755832972
18127,3127,4.273481479799557e-08,1.0,,,False,348.123972625006
18128,3128,4.2672564148915626e-08,1.0,,,False,348.2273388330359
18129,3129,4.257918817529571e-08,1.0,,,False,348.3311068750918
18130,3130,4.24858122016758e-08,1.0,,,False,348.4309330419637
18131,3131,4.2423561552595856e-08,1.0,,,False,348.5316167080309
18132,3132,4.2392439780769564e-08,1.0,,,False,348.63216062495485
18133,3133,4.236131445622959e-08,1.0,,,False,348.73197016702034
18134,3134,4.236131445622959e-08,1.0,,,False,348.83256266708486
18135,3135,4.233018913168962e-08,1.0,,,False,348.9347090830561
18136,3136,4.226793848260968e-08,1.0,,,False,349.0392063751351
18137,3137,4.220568783352974e-08,1.0,,,False,349.1442067499738
18138,3138,4.2112311859909823e-08,1.0,,,False,349.2486720830202
18139,3139,4.198781056174994e-08,1.0,,,False,349.34997424995527
18140,3140,4.1925559912669996e-08,1.0,,,False,349.4518232920673
18141,3141,4.1894434588130025e-08,1.0,,,False,349.5520677920431
18142,3142,4.1894434588130025e-08,1.0,,,False,349.6532235420309
18143,3143,4.1863309263590054e-08,1.0,,,False,349.75890454207547
18144,3144,4.1925559912669996e-08,1.0,,,False,349.85800000000745
18145,3145,4.183218393905008e-08,1.0,,,False,349.95816608308814
18146,3146,4.180106216722379e-08,1.0,,,False,350.0600634999573
18147,3147,4.173881151814385e-08,1.0,,,False,350.1628896249458
18148,3148,4.173881151814385e-08,1.0,,,False,350.2649538749829
18149,3149,4.170768619360388e-08,1.0,,,False,350.3673587499652
18150,3150,4.161431021998396e-08,1.0,,,False,350.47135325009003
18151,3151,4.145868359728411e-08,1.0,,,False,350.5730390420649
18152,3152,4.1396432948204165e-08,1.0,,,False,350.67608470795676
18153,3153,4.133418229912422e-08,1.0,,,False,350.7781804171391
18154,3154,4.133418229912422e-08,1.0,,,False,350.8807922080159
18155,3155,4.124080632550431e-08,1.0,,,False,350.99672454199754
18156,3156,4.1178559229138045e-08,1.0,,,False,351.1212850001175
18157,3157,4.11163085800581e-08,1.0,,,False,351.2246195420157
18158,3158,4.108518325551813e-08,1.0,,,False,351.31324566714466
18159,3159,4.105405793097816e-08,1.0,,,False,351.3983004579786
18160,3160,4.0929556632818276e-08,1.0,,,False,351.48728441703133
18161,3161,4.0867305983738333e-08,1.0,,,False,351.5770040000789
18162,3162,4.0867305983738333e-08,1.0,,,False,351.66506387502886
18163,3163,4.0618303387418564e-08,1.0,,,False,351.75271354196593
18164,3164,4.0618303387418564e-08,1.0,,,False,351.84013066696934
18165,3165,4.05560562910523e-08,1.0,,,False,351.9625072919298
18166,3166,4.046268031743239e-08,1.0,,,False,352.0858830830548
18167,3167,4.036930434381247e-08,1.0,,,False,352.2054268331267
18168,3168,4.0400429668352444e-08,1.0,,,False,352.3315110420808
18169,3169,4.030705369473253e-08,1.0,,,False,352.44497337494977
18170,3170,4.021367772111262e-08,1.0,,,False,352.5724737921264
18171,3171,4.0182552396572646e-08,1.0,,,False,352.70360804209486
18172,3172,4.0151427072032675e-08,1.0,,,False,352.82920154207386
18173,3173,4.008917642295273e-08,1.0,,,False,352.96197345806286
18174,3174,4.005805109841276e-08,1.0,,,False,353.08997733308934
18175,3175,4.002692577387279e-08,1.0,,,False,353.21623491705395
18176,3176,3.987130270388661e-08,1.0,,,False,353.3415724169463
18177,3177,3.980905205480667e-08,1.0,,,False,353.46271200012416
18178,3178,3.971567608118676e-08,1.0,,,False,353.59022212494165
18179,3179,3.9684550756646786e-08,1.0,,,False,353.71132791694254
18180,3180,3.9684550756646786e-08,1.0,,,False,353.81592766707763
18181,3181,3.9653425432106815e-08,1.0,,,False,353.9051375829149
18182,3182,3.9622300107566844e-08,1.0,,,False,353.99564912496135
18183,3183,3.9622300107566844e-08,1.0,,,False,354.0832348330878
18184,3184,3.952892413394693e-08,1.0,,,False,354.16984533309005
18185,3185,3.9435548160327016e-08,1.0,,,False,354.25727737508714
18186,3186,3.927992509034084e-08,1.0,,,False,354.3817787920125
18187,3187,3.92176744412609e-08,1.0,,,False,354.5072010420263
18188,3188,3.909317314310101e-08,1.0,,,False,354.6317374999635
18189,3189,3.912429846764098e-08,1.0,,,False,354.763030000031
18190,3190,3.912429846764098e-08,1.0,,,False,354.89594004210085
18191,3191,3.912429846764098e-08,1.0,,,False,354.98117866693065
18192,3192,3.906204781856104e-08,1.0,,,False,355.0668591670692
18193,3193,3.89997971694811e-08,1.0,,,False,355.1524054580368
18194,3194,3.878192345041498e-08,1.0,,,False,355.24285287503153
18195,3195,3.856404617863518e-08,1.0,,,False,355.356168624945
18196,3196,3.8408419555935325e-08,1.0,,,False,355.4459832920693
18197,3197,3.82216676086955e-08,1.0,,,False,355.5293033749331
18198,3198,3.812829518778926e-08,1.0,,,False,355.616497250041
18199,3199,3.806604453870932e-08,1.0,,,False,355.69893462513573
18200,3200,3.800379388962938e-08,1.0,1.0,0.0001292097727654263,False,355.8748965419363
18201,3201,3.797266856508941e-08,1.0,,,False,355.982974417042
18202,3202,3.781704194238955e-08,1.0,,,False,356.10369308292866
18203,3203,3.7692540644229666e-08,1.0,,,False,356.2315398750361
18204,3204,3.753691757424349e-08,1.0,,,False,356.3525465829298
18205,3205,3.750579224970352e-08,1.0,,,False,356.47662820806727
18206,3206,3.731904030246369e-08,1.0,,,False,356.6032815000508
18207,3207,3.728791497792372e-08,1.0,,,False,356.7291252920404
18208,3208,3.722566432884378e-08,1.0,,,False,356.85175704210997
18209,3209,3.710116303068389e-08,1.0,,,False,356.9645499170292
18210,3210,3.6976665285237686e-08,1.0,,,False,357.0857669999823
18211,3211,3.6914414636157744e-08,1.0,,,False,357.1747534170281
18212,3212,3.688328931161777e-08,1.0,,,False,357.2573986670468
18213,3213,3.675878801345789e-08,1.0,,,False,357.34471558313817
18214,3214,3.678991333799786e-08,1.0,,,False,357.44112391700037
18215,3215,3.675878801345789e-08,1.0,,,False,357.545495999977
18216,3216,3.6634286715298003e-08,1.0,,,False,357.6512406670954
18217,3217,3.647866009259815e-08,1.0,,,False,357.753250583075
18218,3218,3.635416234715194e-08,1.0,,,False,357.85472883307375
18219,3219,3.6198535724452086e-08,1.0,,,False,357.9587653330527
18220,3220,3.60740344262922e-08,1.0,,,False,358.0627916250378
18221,3221,3.598065845267229e-08,1.0,,,False,358.1724698750768
18222,3222,3.5887282479052374e-08,1.0,,,False,358.27434287499636
18223,3223,3.5700534084526225e-08,1.0,,,False,358.37479533301666
18224,3224,3.5700534084526225e-08,1.0,,,False,358.47833354212344
18225,3225,3.55137821372864e-08,1.0,,,False,358.58276299992576
18226,3226,3.55137821372864e-08,1.0,,,False,358.6881496249698
18227,3227,3.5451531488206456e-08,1.0,,,False,358.79163049999624
18228,3228,3.523365421642666e-08,1.0,,,False,358.8959215830546
18229,3229,3.510915647098045e-08,1.0,,,False,359.00192208308727
18230,3230,3.501578049736054e-08,1.0,,,False,359.10392258292995
18231,3231,3.4953529848280596e-08,1.0,,,False,359.2060602919664
18232,3232,3.4673401927420855e-08,1.0,,,False,359.308620207943
18233,3233,3.4642276602880884e-08,1.0,,,False,359.41344225010835
18234,3234,3.4486653532894707e-08,1.0,,,False,359.5194050830323
18235,3235,3.426877626111491e-08,1.0,,,False,359.62492999993265
18236,3236,3.4144274962955024e-08,1.0,,,False,359.72939708293416
18237,3237,3.3957526568428875e-08,1.0,,,False,359.8315122500062
18238,3238,3.383302527026899e-08,1.0,,,False,359.9329770831391
18239,3239,3.373964929664908e-08,1.0,,,False,360.0443809579592
18240,3240,3.3677398647569134e-08,1.0,,,False,360.1706477920525
18241,3241,3.358402267394922e-08,1.0,,,False,360.30067449994385
18242,3242,3.352177202486928e-08,1.0,,,False,360.4297266670037
18243,3243,3.349064670032931e-08,1.0,,,False,360.5538511250634
18244,3244,3.33661489548831e-08,1.0,,,False,360.6772813331336
18245,3245,3.3210522332183245e-08,1.0,,,False,360.7682134581264
18246,3246,3.31482716831033e-08,1.0,,,False,360.85445287497714
18247,3247,3.2961519735863476e-08,1.0,,,False,360.9387488749344
18248,3248,3.277476778862365e-08,1.0,,,False,361.043801125139
18249,3249,3.261914471863747e-08,1.0,,,False,361.1481494170148
18250,3250,3.25880193940975e-08,1.0,,,False,361.25207604211755
18251,3251,3.255689406955753e-08,1.0,,,False,361.35182962496765
18252,3252,3.2432392771397645e-08,1.0,,,False,361.4404384170193
18253,3253,3.224564082415782e-08,1.0,,,False,361.5348713749554
18254,3254,3.205889242963167e-08,1.0,,,False,361.6388177499175
18255,3255,3.1965516456011756e-08,1.0,,,False,361.740207582945
18256,3256,3.187214403510552e-08,1.0,,,False,361.8427656670101
18257,3257,3.177876806148561e-08,1.0,,,False,361.9427040000446
18258,3258,3.165426676332572e-08,1.0,,,False,362.0470780420583
18259,3259,3.1498640140625866e-08,1.0,,,False,362.14889445807785
18260,3260,3.137413884246598e-08,1.0,,,False,362.2546292920597
18261,3261,3.128076642155975e-08,1.0,,,False,362.3569642500952
18262,3262,3.1187390447939833e-08,1.0,,,False,362.4599587919656
18263,3263,3.1187390447939833e-08,1.0,,,False,362.5621997921262
18264,3264,3.103176382523998e-08,1.0,,,False,362.66585900005884
18265,3265,3.1000638500700006e-08,1.0,,,False,362.77081129211
18266,3266,3.084501187800015e-08,1.0,,,False,362.87401541695
18267,3267,3.075163590438024e-08,1.0,,,False,362.97839716705494
18268,3268,3.0658263483474e-08,1.0,,,False,363.084360958077
18269,3269,3.0689385255300294e-08,1.0,,,False,363.18819345813245
18270,3270,3.059601283439406e-08,1.0,,,False,363.29799650004134
18271,3271,3.037813556261426e-08,1.0,,,False,363.40179058304057
18272,3272,3.028475958899435e-08,1.0,,,False,363.50486916699447
18273,3273,3.0222508939914405e-08,1.0,,,False,363.61159695801325
18274,3274,3.009800764175452e-08,1.0,,,False,363.7188276250381
18275,3275,3.009800764175452e-08,1.0,,,False,363.8225563329179
18276,3276,2.991125924722837e-08,1.0,,,False,363.9266212079674
18277,3277,2.9755632624528516e-08,1.0,,,False,364.03349804203026
18278,3278,2.9724507299988545e-08,1.0,,,False,364.1347005830612
18279,3279,2.9693381975448574e-08,1.0,,,False,364.23892608308233
18280,3280,2.9662256650908603e-08,1.0,,,False,364.3440169170499
18281,3281,2.96000077781855e-08,1.0,,,False,364.45576895796694
18282,3282,2.9506631804565586e-08,1.0,,,False,364.5687554171309
18283,3283,2.9506631804565586e-08,1.0,,,False,364.673446791945
18284,3284,2.9506631804565586e-08,1.0,,,False,364.7712431671098
18285,3285,2.9475506480025615e-08,1.0,,,False,364.8751525001135
18286,3286,2.9444381155485644e-08,1.0,,,False,364.97794662509114
18287,3287,2.93821305064057e-08,1.0,,,False,365.0800276249647
18288,3288,2.93821305064057e-08,1.0,,,False,365.1865453750361
18289,3289,2.9257630984602656e-08,1.0,,,False,365.28910779207945
18290,3290,2.9226505660062685e-08,1.0,,,False,365.3948558329139
18291,3291,2.9195380335522714e-08,1.0,,,False,365.49507808312774
18292,3292,2.9164255010982743e-08,1.0,,,False,365.595781208016
18293,3293,2.913312968644277e-08,1.0,,,False,365.7125149171334
18294,3294,2.91020043619028e-08,1.0,,,False,365.83129200013354
18295,3295,2.9039753712822858e-08,1.0,,,False,365.9206477080006
18296,3296,2.91020043619028e-08,1.0,,,False,366.0066240830347
18297,3297,2.8977504840099755e-08,1.0,,,False,366.09379633306526
18298,3298,2.8915254191019812e-08,1.0,,,False,366.17898454214446
18299,3299,2.885300354193987e-08,1.0,,,False,366.2678891250398
18300,3300,2.8759627568319956e-08,1.0,1.0,0.00012912509247432966,False,366.4956773330923
18301,3301,2.8759627568319956e-08,1.0,,,False,366.62636920809746
18302,3302,2.8759627568319956e-08,1.0,,,False,366.7505775829777
18303,3303,2.8697378695596854e-08,1.0,,,False,366.87966354191303
18304,3304,2.8666253371056882e-08,1.0,,,False,367.0098393331282
18305,3305,2.857287739743697e-08,1.0,,,False,367.1295447500888
18306,3306,2.8510626748357026e-08,1.0,,,False,367.2476770419162
18307,3307,2.8479501423817055e-08,1.0,,,False,367.3693989580497
18308,3308,2.8479501423817055e-08,1.0,,,False,367.4988930830732
18309,3309,2.8448376099277084e-08,1.0,,,False,367.62758712493815
18310,3310,2.835500190201401e-08,1.0,,,False,367.74803012493066
18311,3311,2.8292751252934067e-08,1.0,,,False,367.8501241670456
18312,3312,2.832387657747404e-08,1.0,,,False,367.9500710000284
18313,3313,2.832387657747404e-08,1.0,,,False,368.0508305830881
18314,3314,2.8261625928394096e-08,1.0,,,False,368.1564928749576
18315,3315,2.8168249954774183e-08,1.0,,,False,368.2552879580762
18316,3316,2.810600108205108e-08,1.0,,,False,368.36294183298014
18317,3317,2.8043750432971137e-08,1.0,,,False,368.48842862504534
18318,3318,2.8012625108431166e-08,1.0,,,False,368.62012091698125
18319,3319,2.7950374459351224e-08,1.0,,,False,368.73500462505035
18320,3320,2.7919249134811253e-08,1.0,,,False,368.8556728330441
18321,3321,2.7950374459351224e-08,1.0,,,False,368.98692170809954
18322,3322,2.788812381027128e-08,1.0,,,False,369.11078337510116
18323,3323,2.7732498963928265e-08,1.0,,,False,369.2383601251058
18324,3324,2.763912299030835e-08,1.0,,,False,369.3675110831391
18325,3325,2.7545747016688438e-08,1.0,,,False,369.49495625006966
18326,3326,2.7514623468505306e-08,1.0,,,False,369.61994145810604
18327,3327,2.735899684580545e-08,1.0,,,False,369.74330058298074
18328,3328,2.735899684580545e-08,1.0,,,False,369.8688359169755
18329,3329,2.732787152126548e-08,1.0,,,False,369.9919758751057
18330,3330,2.7265620872185536e-08,1.0,,,False,370.11698570800945
18331,3331,2.7172246674922462e-08,1.0,,,False,370.2366140829399
18332,3332,2.714112135038249e-08,1.0,,,False,370.3613122079987
18333,3333,2.6954369403142664e-08,1.0,,,False,370.47683837497607
18334,3334,2.6923244078602693e-08,1.0,,,False,370.59377129212953
18335,3335,2.689212053041956e-08,1.0,,,False,370.7154032920953
18336,3336,2.6767619232259676e-08,1.0,,,False,370.83792120800354
18337,3337,2.6705368583179734e-08,1.0,,,False,370.9634838330094
18338,3338,2.661199438591666e-08,1.0,,,False,371.0885353330523
18339,3339,2.6456367763216804e-08,1.0,,,False,371.2133454999421
18340,3340,2.6425242438676833e-08,1.0,,,False,371.33953845803626
18341,3341,2.633186646505692e-08,1.0,,,False,371.45920799998567
18342,3342,2.6269617592333816e-08,1.0,,,False,371.5913605419919
18343,3343,2.608286564509399e-08,1.0,,,False,371.6988143750932
18344,3344,2.6020614996014046e-08,1.0,,,False,371.78621904202737
18345,3345,2.5989491447830915e-08,1.0,,,False,371.87369000003673
18346,3346,2.586499014967103e-08,1.0,,,False,371.9616149170324
18347,3347,2.5802739500591088e-08,1.0,,,False,372.05028945812955
18348,3348,2.5709365303328013e-08,1.0,,,False,372.13873841706663
18349,3349,2.5678239978788042e-08,1.0,,,False,372.22649900009856
18350,3350,2.564711465424807e-08,1.0,,,False,372.3137865830213
18351,3351,2.5553738680628157e-08,1.0,,,False,372.40523974993266
18352,3352,2.5491488031548215e-08,1.0,,,False,372.4920653330628
18353,3353,2.5460362707008244e-08,1.0,,,False,372.58207708294503
18354,3354,2.539811383428514e-08,1.0,,,False,372.6616628749762
18355,3355,2.5242487211585285e-08,1.0,,,False,372.7531233751215
18356,3356,2.5180236562505343e-08,1.0,,,False,372.84124662494287
18357,3357,2.5055737040702297e-08,1.0,,,False,372.93016749992967
18358,3358,2.5024611716162326e-08,1.0,,,False,373.01968775014393
18359,3359,2.4962361067082384e-08,1.0,,,False,373.1092889169231
18360,3360,2.48378597689225e-08,1.0,,,False,373.19898054213263
18361,3361,2.4713360247119454e-08,1.0,,,False,373.28608020814136
18362,3362,2.4713360247119454e-08,1.0,,,False,373.37422983301803
18363,3363,2.465110959803951e-08,1.0,,,False,373.4675586670637
18364,3364,2.4495484751696495e-08,1.0,,,False,373.5544227079954
18365,3365,2.440210877807658e-08,1.0,,,False,373.6455228331033
18366,3366,2.433985812899664e-08,1.0,,,False,373.7335294170771
18367,3367,2.4246482155376725e-08,1.0,,,False,373.82612654194236
18368,3368,2.4215356830836754e-08,1.0,,,False,373.9094275420066
18369,3369,2.415310795811365e-08,1.0,,,False,373.9960887080524
18370,3370,2.409085730903371e-08,1.0,,,False,374.08315183292143
18371,3371,2.4028606659953766e-08,1.0,,,False,374.1689049999695
18372,3372,2.3997481335413795e-08,1.0,,,False,374.2574555000756
18373,3373,2.3966356010873824e-08,1.0,,,False,374.3649279579986
18374,3374,2.387298181361075e-08,1.0,,,False,374.4717686669901
18375,3375,2.387298181361075e-08,1.0,,,False,374.57481520809233
18376,3376,2.3810731164530807e-08,1.0,,,False,374.6783697500359
18377,3377,2.362397921729098e-08,1.0,,,False,374.77958666696213
18378,3378,2.359285566910785e-08,1.0,,,False,374.88600299996324
18379,3379,2.3530605020027906e-08,1.0,,,False,374.9887160831131
18380,3380,2.3312727748248108e-08,1.0,,,False,375.096603250131
18381,3381,2.315710290190509e-08,1.0,,,False,375.19731483305804
18382,3382,2.3001478055562075e-08,1.0,,,False,375.2988619580865
18383,3383,2.290810208194216e-08,1.0,,,False,375.419911416946
18384,3384,2.2783600783782276e-08,1.0,,,False,375.5489478330128
18385,3385,2.2690226586519202e-08,1.0,,,False,375.6756034169812
18386,3386,2.2534599963819346e-08,1.0,,,False,375.80966720799915
18387,3387,2.2472349314739404e-08,1.0,,,False,375.9393796669319
18388,3388,2.234784979293636e-08,1.0,,,False,376.03077658312395
18389,3389,2.2254473819316445e-08,1.0,,,False,376.12862083292566
18390,3390,2.212997252115656e-08,1.0,,,False,376.2139460830949
18391,3391,2.2067723648433457e-08,1.0,,,False,376.30029737506993
18392,3392,2.1943222350273572e-08,1.0,,,False,376.3858554579783
18393,3393,2.19120970257336e-08,1.0,,,False,376.4771323329769
18394,3394,2.1787597503930556e-08,1.0,,,False,376.5676040831022
18395,3395,2.166309620577067e-08,1.0,,,False,376.6638315001037
18396,3396,2.1569720232150758e-08,1.0,,,False,376.75402041710913
18397,3397,2.1538594907610786e-08,1.0,,,False,376.8440232500434
18398,3398,2.1538594907610786e-08,1.0,,,False,376.9347115419805
18399,3399,2.1538594907610786e-08,1.0,,,False,377.0286714581307
18400,3400,2.1507469583070815e-08,1.0,1.0,0.00012254558342506008,False,377.2044130419381
18401,3401,2.1445220710347712e-08,1.0,,,False,377.31139541696757
18402,3402,2.1445220710347712e-08,1.0,,,False,377.43836208293214
18403,3403,2.138297006126777e-08,1.0,,,False,377.559839917114
18404,3404,2.1289594087647856e-08,1.0,,,False,377.6494099579286
18405,3405,2.1227343438567914e-08,1.0,,,False,377.73835387500003
18406,3406,2.1071718592224897e-08,1.0,,,False,377.8333209580742
18407,3407,2.091609196952504e-08,1.0,,,False,377.9262414169498
18408,3408,2.0729341798642054e-08,1.0,,,False,378.0168066669721
18409,3409,2.066709114956211e-08,1.0,,,False,378.1021930419374
18410,3410,2.063596582502214e-08,1.0,,,False,378.1948637920432
18411,3411,2.0449215654139152e-08,1.0,,,False,378.2839641671162
18412,3412,2.035583968051924e-08,1.0,,,False,378.37205308303237
18413,3413,2.0262465483256165e-08,1.0,,,False,378.45542387501337
18414,3414,2.016908950963625e-08,1.0,,,False,378.543303667102
18415,3415,2.010683886055631e-08,1.0,,,False,378.6336962080095
18416,3416,1.9982339338753263e-08,1.0,,,False,378.71957429195754
18417,3417,1.992008868967332e-08,1.0,,,False,378.802450499963
18418,3418,1.9764462066973465e-08,1.0,,,False,378.87964574992657
18419,3419,1.963996254517042e-08,1.0,,,False,378.9680932080373
18420,3420,1.9577711896090477e-08,1.0,,,False,379.09713416709565
18421,3421,1.9577711896090477e-08,1.0,,,False,379.2044118749909
18422,3422,1.9515461247010535e-08,1.0,,,False,379.2912750830874
18423,3423,1.9453210597930592e-08,1.0,,,False,379.3815432919655
18424,3424,1.9328711076127547e-08,1.0,,,False,379.46854766714387
18425,3425,1.9297585751587576e-08,1.0,,,False,379.5593850000296
18426,3426,1.9266460427047605e-08,1.0,,,False,379.64697595802136
18427,3427,1.9204209777967662e-08,1.0,,,False,379.73698704200797
18428,3428,1.917308445342769e-08,1.0,,,False,379.82533112494275
18429,3429,1.911083380434775e-08,1.0,,,False,379.91568116704
18430,3430,1.9048584931624646e-08,1.0,,,False,380.00827933312394
18431,3431,1.889295830892479e-08,1.0,,,False,380.1125616671052
18432,3432,1.8830707659844848e-08,1.0,,,False,380.20212654210627
18433,3433,1.8799582335304876e-08,1.0,,,False,380.29242862504907
18434,3434,1.867508281350183e-08,1.0,,,False,380.37692833296023
18435,3435,1.8550581515341946e-08,1.0,,,False,380.4639029579703
18436,3436,1.8457207318078872e-08,1.0,,,False,380.5513873330783
18437,3437,1.84260819935389e-08,1.0,,,False,380.6380123330746
18438,3438,1.839495666899893e-08,1.0,,,False,380.7269506671
18439,3439,1.8332706019918987e-08,1.0,,,False,380.815991041949
18440,3440,1.8301580695379016e-08,1.0,,,False,380.8981629170012
18441,3441,1.8239330046299074e-08,1.0,,,False,380.9896660831291
18442,3442,1.811483052449603e-08,1.0,,,False,381.0758947499562
18443,3443,1.811483052449603e-08,1.0,,,False,381.165107750101
18444,3444,1.8052579875416086e-08,1.0,,,False,381.2535647919867
18445,3445,1.8021454550876115e-08,1.0,,,False,381.34511262504384
18446,3446,1.7959203901796172e-08,1.0,,,False,381.43119945796207
18447,3447,1.79280785772562e-08,1.0,,,False,381.5233972079586
18448,3448,1.7834704379993127e-08,1.0,,,False,381.6117155419197
18449,3449,1.7803579055453156e-08,1.0,,,False,381.7009656250011
18450,3450,1.7803579055453156e-08,1.0,,,False,381.7890185001306
18451,3451,1.7710203081833242e-08,1.0,,,False,381.880236875033
18452,3452,1.76479524327533e-08,1.0,,,False,381.9674865419511
18453,3453,1.761682710821333e-08,1.0,,,False,382.0554618330207
18454,3454,1.76479524327533e-08,1.0,,,False,382.1649596670177
18455,3455,1.7710203081833242e-08,1.0,,,False,382.2933977080975
18456,3456,1.7710203081833242e-08,1.0,,,False,382.4194875000976
18457,3457,1.7710203081833242e-08,1.0,,,False,382.5471405000426
18458,3458,1.761682710821333e-08,1.0,,,False,382.6577259169426
18459,3459,1.761682710821333e-08,1.0,,,False,382.7614846669603
18460,3460,1.7492327586410283e-08,1.0,,,False,382.8630868329201
18461,3461,1.743007693733034e-08,1.0,,,False,382.9623769170139
18462,3462,1.73678262882504e-08,1.0,,,False,383.0584017080255
18463,3463,1.7336700963710427e-08,1.0,,,False,383.1595810421277
18464,3464,1.73678262882504e-08,1.0,,,False,383.26459679193795
18465,3465,1.7305575639170456e-08,1.0,,,False,383.3711391671095
18466,3466,1.714995079282744e-08,1.0,,,False,383.4679550421424
18467,3467,1.7087700143747497e-08,1.0,,,False,383.57855625008233
18468,3468,1.7025449494667555e-08,1.0,,,False,383.68069100007415
18469,3469,1.690094997286451e-08,1.0,,,False,383.78054345794953
18470,3470,1.6838699323784567e-08,1.0,,,False,383.88143291696906
18471,3471,1.6714198025624682e-08,1.0,,,False,383.98114145803265
18472,3472,1.668307447744155e-08,1.0,,,False,384.0828425830696
18473,3473,1.6589698503821637e-08,1.0,,,False,384.21059629204683
18474,3474,1.6558573179281666e-08,1.0,,,False,384.29682675004005
18475,3475,1.6496322530201724e-08,1.0,,,False,384.3851929579396
18476,3476,1.6496322530201724e-08,1.0,,,False,384.47745854198
18477,3477,1.6527447854741695e-08,1.0,,,False,384.56590720801614
18478,3478,1.6465197205661752e-08,1.0,,,False,384.6559082919266
18479,3479,1.640294655658181e-08,1.0,,,False,384.7476432919502
18480,3480,1.6340697683858707e-08,1.0,,,False,384.83749025012366
18481,3481,1.6371823008398678e-08,1.0,,,False,384.92416216712445
18482,3482,1.6340697683858707e-08,1.0,,,False,385.0147816669196
18483,3483,1.6309572359318736e-08,1.0,,,False,385.1014070829842
18484,3484,1.6309572359318736e-08,1.0,,,False,385.1887834579684
18485,3485,1.6309572359318736e-08,1.0,,,False,385.2747127080802
18486,3486,1.6247321710238793e-08,1.0,,,False,385.3832860831171
18487,3487,1.6247321710238793e-08,1.0,,,False,385.48989133303985
18488,3488,1.6216196385698822e-08,1.0,,,False,385.59851124999113
18489,3489,1.6216196385698822e-08,1.0,,,False,385.69851870811544
18490,3490,1.615394573661888e-08,1.0,,,False,385.7837434581015
18491,3491,1.612282041207891e-08,1.0,,,False,385.87041212501936
18492,3492,1.6060571539355806e-08,1.0,,,False,385.9656776669435
18493,3493,1.5998320890275863e-08,1.0,,,False,386.0525426249951
18494,3494,1.590494669301279e-08,1.0,,,False,386.1430232920684
18495,3495,1.590494669301279e-08,1.0,,,False,386.23058587498963
18496,3496,1.593607201755276e-08,1.0,,,False,386.31693766708486
18497,3497,1.590494669301279e-08,1.0,,,False,386.4071450829506
18498,3498,1.5811570719392876e-08,1.0,,,False,386.4957084581256
18499,3499,1.5780445394852904e-08,1.0,,,False,386.590542958118
18500,3500,1.5780445394852904e-08,1.0,1.0,0.00011318431424643,False,386.7739049170632
18501,3501,1.5811570719392876e-08,1.0,,,False,386.90703899995424
18502,3502,1.5718194745772962e-08,1.0,,,False,387.0196154580917
18503,3503,1.5718194745772962e-08,1.0,,,False,387.1502098329365
18504,3504,1.565594409669302e-08,1.0,,,False,387.27775445813313
18505,3505,1.5624820548509888e-08,1.0,,,False,387.3978466249537
18506,3506,1.5593695223969917e-08,1.0,,,False,387.49846825003624
18507,3507,1.5593695223969917e-08,1.0,,,False,387.602433625143
18508,3508,1.5593695223969917e-08,1.0,,,False,387.7018457921222
18509,3509,1.5562569899429946e-08,1.0,,,False,387.80463679204695
18510,3510,1.5500319250350003e-08,1.0,,,False,387.90731687494554
18511,3511,1.543806860127006e-08,1.0,,,False,388.00700529199094
18512,3512,1.537581795219012e-08,1.0,,,False,388.1022897500079
18513,3513,1.5313569079467015e-08,1.0,,,False,388.2018833749462
18514,3514,1.5282443754927044e-08,1.0,,,False,388.306985875126
18515,3515,1.5220193105847102e-08,1.0,,,False,388.410223999992
18516,3516,1.5220193105847102e-08,1.0,,,False,388.5130843750667
18517,3517,1.515794245676716e-08,1.0,,,False,388.61847908305936
18518,3518,1.515794245676716e-08,1.0,,,False,388.7242246249225
18519,3519,1.515794245676716e-08,1.0,,,False,388.8275922080502
18520,3520,1.5126817132227188e-08,1.0,,,False,388.930790750077
18521,3521,1.5064566483147246e-08,1.0,,,False,389.0349432080984
18522,3522,1.5002317610424143e-08,1.0,,,False,389.13542433292605
18523,3523,1.4971192285884172e-08,1.0,,,False,389.2365085000638
18524,3524,1.49400669613442e-08,1.0,,,False,389.34024241706356
18525,3525,1.490894163680423e-08,1.0,,,False,389.44604904204607
18526,3526,1.4877816312264258e-08,1.0,,,False,389.54646345810033
18527,3527,1.490894163680423e-08,1.0,,,False,389.6514392080717
18528,3528,1.4877816312264258e-08,1.0,,,False,389.75357204210013
18529,3529,1.4877816312264258e-08,1.0,,,False,389.8535562499892
18530,3530,1.4877816312264258e-08,1.0,,,False,389.9552752501331
18531,3531,1.4846690987724287e-08,1.0,,,False,390.05701224994846
18532,3532,1.4846690987724287e-08,1.0,,,False,390.157392708119
18533,3533,1.4784441226822764e-08,1.0,,,False,390.2588985420298
18534,3534,1.4753315902282793e-08,1.0,,,False,390.35874900012277
18535,3535,1.469106525320285e-08,1.0,,,False,390.46136400010437
18536,3536,1.46599408168413e-08,1.0,,,False,390.56488808314316
18537,3537,1.46599408168413e-08,1.0,,,False,390.66808366705664
18538,3538,1.4566564843221386e-08,1.0,,,False,390.7719131670892
18539,3539,1.4597690167761357e-08,1.0,,,False,390.8767231670208
18540,3540,1.4597690167761357e-08,1.0,,,False,390.9826503749937
18541,3541,1.4535439518681414e-08,1.0,,,False,391.0854700829368
18542,3542,1.4535439518681414e-08,1.0,,,False,391.18621812504716
18543,3543,1.4535439518681414e-08,1.0,,,False,391.29158458299935
18544,3544,1.444206443323992e-08,1.0,,,False,391.39636045810767
18545,3545,1.441093910869995e-08,1.0,,,False,391.49741766694933
18546,3546,1.441093910869995e-08,1.0,,,False,391.597557292087
18547,3547,1.4348689347798427e-08,1.0,,,False,391.686991417082
18548,3548,1.4317564023258456e-08,1.0,,,False,391.7769020420965
18549,3549,1.4286438698718484e-08,1.0,,,False,391.8620595000684
18550,3550,1.4224188049638542e-08,1.0,,,False,391.94796658307314
18551,3551,1.419306361327699e-08,1.0,,,False,392.03994049993344
18552,3552,1.419306361327699e-08,1.0,,,False,392.1297938330099
18553,3553,1.416193828873702e-08,1.0,,,False,392.21698629204184
18554,3554,1.419306361327699e-08,1.0,,,False,392.3045617919415
18555,3555,1.416193828873702e-08,1.0,,,False,392.38750866707414
18556,3556,1.4099687639657077e-08,1.0,,,False,392.47567041707225
18557,3557,1.4006312554215583e-08,1.0,,,False,392.58694783295505
18558,3558,1.4006312554215583e-08,1.0,,,False,392.68047000002116
18559,3559,1.394406190513564e-08,1.0,,,False,392.7741665421054
18560,3560,1.3881812144234118e-08,1.0,,,False,392.8662832919508
18561,3561,1.3850686819694147e-08,1.0,,,False,392.951683833031
18562,3562,1.3819561495154176e-08,1.0,,,False,393.0340345001314
18563,3563,1.3788436170614204e-08,1.0,,,False,393.12378095812164
18564,3564,1.3726186409712682e-08,1.0,,,False,393.2128777920734
18565,3565,1.369506108517271e-08,1.0,,,False,393.3040625420399
18566,3566,1.3726186409712682e-08,1.0,,,False,393.3913705421146
18567,3567,1.3726186409712682e-08,1.0,,,False,393.48249624995515
18568,3568,1.3726186409712682e-08,1.0,,,False,393.5702871249523
18569,3569,1.369506108517271e-08,1.0,,,False,393.6614537499845
18570,3570,1.366393576063274e-08,1.0,,,False,393.77558254194446
18571,3571,1.3570560675191246e-08,1.0,,,False,393.8773925420828
18572,3572,1.3570560675191246e-08,1.0,,,False,393.9741476250347
18573,3573,1.3539435350651274e-08,1.0,,,False,394.06224808306433
18574,3574,1.3477184701571332e-08,1.0,,,False,394.14949250011705
18575,3575,1.341493494066981e-08,1.0,,,False,394.2309785420075
18576,3576,1.3352684291589867e-08,1.0,,,False,394.3173736250028
18577,3577,1.3290434530688344e-08,1.0,,,False,394.40671179210767
18578,3578,1.3290434530688344e-08,1.0,,,False,394.49330974998884
18579,3579,1.319705855706843e-08,1.0,,,False,394.5805119171273
18580,3580,1.3134808796166908e-08,1.0,,,False,394.66805520793423
18581,3581,1.3134808796166908e-08,1.0,,,False,394.75194112514146
18582,3582,1.3103683471626937e-08,1.0,,,False,394.8395857079886
18583,3583,1.3103683471626937e-08,1.0,,,False,394.9280657500494
18584,3584,1.3072558147086966e-08,1.0,,,False,395.01681308308616
18585,3585,1.2979183061645472e-08,1.0,,,False,395.1008948329836
18586,3586,1.29480577371055e-08,1.0,,,False,395.1877358329948
18587,3587,1.3010307498007023e-08,1.0,,,False,395.27878183312714
18588,3588,1.3041432822546994e-08,1.0,,,False,395.3661753749475
18589,3589,1.2979183061645472e-08,1.0,,,False,395.46548154205084
18590,3590,1.3010307498007023e-08,1.0,,,False,395.57711737509817
18591,3591,1.3010307498007023e-08,1.0,,,False,395.67931370809674
18592,3592,1.29480577371055e-08,1.0,,,False,395.78291787509806
18593,3593,1.29480577371055e-08,1.0,,,False,395.8844365000259
18594,3594,1.2979183061645472e-08,1.0,,,False,395.98292333306745
18595,3595,1.29480577371055e-08,1.0,,,False,396.07532775006257
18596,3596,1.291693241256553e-08,1.0,,,False,396.17023033299483
18597,3597,1.291693241256553e-08,1.0,,,False,396.25330120814033
18598,3598,1.2854682651664007e-08,1.0,,,False,396.3423822920304
18599,3599,1.2854682651664007e-08,1.0,,,False,396.43032779195346
18600,3600,1.2854682651664007e-08,1.0,1.0,0.00010831836761543823,False,396.65205050003715
18601,3601,1.2885807088025558e-08,1.0,,,False,396.78268012497574
18602,3602,1.2854682651664007e-08,1.0,,,False,396.90042429207824
18603,3603,1.2761306678044093e-08,1.0,,,False,397.0276948751416
18604,3604,1.26679315926026e-08,1.0,,,False,397.14743633312173
18605,3605,1.2605680943522657e-08,1.0,,,False,397.2633011669386
18606,3606,1.2605680943522657e-08,1.0,,,False,397.38741587498225
18607,3607,1.2574555618982686e-08,1.0,,,False,397.508048000047
18608,3608,1.2543431182621134e-08,1.0,,,False,397.63263024995103
18609,3609,1.2543431182621134e-08,1.0,,,False,397.73358508292586
18610,3610,1.245005520900122e-08,1.0,,,False,397.82438595802523
18611,3611,1.241892988446125e-08,1.0,,,False,397.9143301250879
18612,3612,1.241892988446125e-08,1.0,,,False,398.00609566713683
18613,3613,1.241892988446125e-08,1.0,,,False,398.1092975831125
18614,3614,1.2325554799019756e-08,1.0,,,False,398.2349145000335
18615,3615,1.2263304149939813e-08,1.0,,,False,398.36484320810996
18616,3616,1.2294429474479784e-08,1.0,,,False,398.48501204210334
18617,3617,1.2294429474479784e-08,1.0,,,False,398.5984050000552
18618,3618,1.2263304149939813e-08,1.0,,,False,398.7167788329534
18619,3619,1.2294429474479784e-08,1.0,,,False,398.83501670812257
18620,3620,1.2263304149939813e-08,1.0,,,False,398.9646749999374
18621,3621,1.2263304149939813e-08,1.0,,,False,399.088680166984
18622,3622,1.216992906449832e-08,1.0,,,False,399.2136212501209
18623,3623,1.220105438903829e-08,1.0,,,False,399.3377300829161
18624,3624,1.220105438903829e-08,1.0,,,False,399.45601470791735
18625,3625,1.216992906449832e-08,1.0,,,False,399.57655120803975
18626,3626,1.216992906449832e-08,1.0,,,False,399.69246208295226
18627,3627,1.216992906449832e-08,1.0,,,False,399.8212484170217
18628,3628,1.2138803739958348e-08,1.0,,,False,399.93944066693075
18629,3629,1.2076553979056825e-08,1.0,,,False,400.05588545813225
18630,3630,1.2045428654516854e-08,1.0,,,False,400.18051833310165
18631,3631,1.195205356907536e-08,1.0,,,False,400.30093520809896
18632,3632,1.195205356907536e-08,1.0,,,False,400.4214070420712
18633,3633,1.195205356907536e-08,1.0,,,False,400.54680695803836
18634,3634,1.1858677595455447e-08,1.0,,,False,400.66418624995276
18635,3635,1.1827552270915476e-08,1.0,,,False,400.7898697499186
18636,3636,1.1827552270915476e-08,1.0,,,False,400.9121019169688
18637,3637,1.1827552270915476e-08,1.0,,,False,401.02832600008696
18638,3638,1.1796427834553924e-08,1.0,,,False,401.1546597080305
18639,3639,1.1765302510013953e-08,1.0,,,False,401.2816832079552
18640,3640,1.1858677595455447e-08,1.0,,,False,401.3993117499631
18641,3641,1.1858677595455447e-08,1.0,,,False,401.55210395809263
18642,3642,1.192092824453539e-08,1.0,,,False,401.6465054170694
18643,3643,1.192092824453539e-08,1.0,,,False,401.7728411669377
18644,3644,1.192092824453539e-08,1.0,,,False,401.8972399169579
18645,3645,1.192092824453539e-08,1.0,,,False,402.0198471250478
18646,3646,1.192092824453539e-08,1.0,,,False,402.1200354581233
18647,3647,1.192092824453539e-08,1.0,,,False,402.20884183305316
18648,3648,1.192092824453539e-08,1.0,,,False,402.29649804206565
18649,3649,1.1889802919995418e-08,1.0,,,False,402.3861543331295
18650,3650,1.192092824453539e-08,1.0,,,False,402.4760378750507
18651,3651,1.192092824453539e-08,1.0,,,False,402.5638494170271
18652,3652,1.1889802919995418e-08,1.0,,,False,402.65167854214087
18653,3653,1.192092824453539e-08,1.0,,,False,402.7387032499537
18654,3654,1.1858677595455447e-08,1.0,,,False,402.8252400830388
18655,3655,1.1827552270915476e-08,1.0,,,False,402.91781095811166
18656,3656,1.1796427834553924e-08,1.0,,,False,403.00536566693336
18657,3657,1.1796427834553924e-08,1.0,,,False,403.09435183298774
18658,3658,1.1765302510013953e-08,1.0,,,False,403.20578395808116
18659,3659,1.1827552270915476e-08,1.0,,,False,403.32860133307986
18660,3660,1.1765302510013953e-08,1.0,,,False,403.4543000829872
18661,3661,1.1765302510013953e-08,1.0,,,False,403.5558571249712
18662,3662,1.170305186093401e-08,1.0,,,False,403.64269095798954
18663,3663,1.170305186093401e-08,1.0,,,False,403.7300022500567
18664,3664,1.167192653639404e-08,1.0,,,False,403.8204462919384
18665,3665,1.1640802100032488e-08,1.0,,,False,403.90882400004193
18666,3666,1.170305186093401e-08,1.0,,,False,403.99295229208656
18667,3667,1.1640802100032488e-08,1.0,,,False,404.0842262080405
18668,3668,1.1640802100032488e-08,1.0,,,False,404.2040372500196
18669,3669,1.1640802100032488e-08,1.0,,,False,404.32444129209034
18670,3670,1.1609676775492517e-08,1.0,,,False,404.44430633308366
18671,3671,1.1609676775492517e-08,1.0,,,False,404.5435075829737
18672,3672,1.1609676775492517e-08,1.0,,,False,404.6318605421111
18673,3673,1.1609676775492517e-08,1.0,,,False,404.7180324171204
18674,3674,1.1609676775492517e-08,1.0,,,False,404.8053977920208
18675,3675,1.1578551450952546e-08,1.0,,,False,404.89369649998844
18676,3676,1.1516300801872603e-08,1.0,,,False,404.9796362500638
18677,3677,1.1516300801872603e-08,1.0,,,False,405.0662930831313
18678,3678,1.1485176365511052e-08,1.0,,,False,405.1509957499802
18679,3679,1.1485176365511052e-08,1.0,,,False,405.23382079205476
18680,3680,1.1485176365511052e-08,1.0,,,False,405.3219703750219
18681,3681,1.1485176365511052e-08,1.0,,,False,405.4082681669388
18682,3682,1.1485176365511052e-08,1.0,,,False,405.5017791669816
18683,3683,1.145405104097108e-08,1.0,,,False,405.6025235829875
18684,3684,1.1391800391891138e-08,1.0,,,False,405.70612495811656
18685,3685,1.1298425306449644e-08,1.0,,,False,405.806343292119
18686,3686,1.1298425306449644e-08,1.0,,,False,405.90781462495215
18687,3687,1.1236174657369702e-08,1.0,,,False,406.00599391711876
18688,3688,1.1236174657369702e-08,1.0,,,False,406.10813275002874
18689,3689,1.1236174657369702e-08,1.0,,,False,406.2176448330283
18690,3690,1.120504933282973e-08,1.0,,,False,406.330294375075
18691,3691,1.117392489646818e-08,1.0,,,False,406.4186739169527
18692,3692,1.117392489646818e-08,1.0,,,False,406.50957537512295
18693,3693,1.117392489646818e-08,1.0,,,False,406.5964383329265
18694,3694,1.120504933282973e-08,1.0,,,False,406.7203076670412
18695,3695,1.120504933282973e-08,1.0,,,False,406.8473717919551
18696,3696,1.120504933282973e-08,1.0,,,False,406.9618049580604
18697,3697,1.120504933282973e-08,1.0,,,False,407.0639549579937
18698,3698,1.1142799571928208e-08,1.0,,,False,407.1668589999899
18699,3699,1.1142799571928208e-08,1.0,,,False,407.2681298330426
18700,3700,1.117392489646818e-08,1.0,1.0,0.00011617893812821615,False,407.50368845812045
18701,3701,1.117392489646818e-08,1.0,,,False,407.62831795797683
18702,3702,1.1111674247388237e-08,1.0,,,False,407.75398729206063
18703,3703,1.1080548922848266e-08,1.0,,,False,407.88610337511636
18704,3704,1.1049424486486714e-08,1.0,,,False,408.0139139171224
18705,3705,1.1049424486486714e-08,1.0,,,False,408.1374942921102
18706,3706,1.1018299161946743e-08,1.0,,,False,408.26115345791914
18707,3707,1.1018299161946743e-08,1.0,,,False,408.3925296671223
18708,3708,1.0987173837406772e-08,1.0,,,False,408.52098095812835
18709,3709,1.0987173837406772e-08,1.0,,,False,408.64630095800385
18710,3710,1.0987173837406772e-08,1.0,,,False,408.7757239169441
18711,3711,1.0987173837406772e-08,1.0,,,False,408.89152912492864
18712,3712,1.092492318832683e-08,1.0,,,False,409.0146745829843
18713,3713,1.092492318832683e-08,1.0,,,False,409.13396570808254
18714,3714,1.092492318832683e-08,1.0,,,False,409.25542779196985
18715,3715,1.0893798751965278e-08,1.0,,,False,409.3787870830856
18716,3716,1.0862673427425307e-08,1.0,,,False,409.5027672080323
18717,3717,1.0862673427425307e-08,1.0,,,False,409.6293555831071
18718,3718,1.0862673427425307e-08,1.0,,,False,409.752678292105
18719,3719,1.0862673427425307e-08,1.0,,,False,409.8855032499414
18720,3720,1.0862673427425307e-08,1.0,,,False,410.0169609999284
18721,3721,1.0893798751965278e-08,1.0,,,False,410.1101743329782
18722,3722,1.0893798751965278e-08,1.0,,,False,410.2040189579129
18723,3723,1.0862673427425307e-08,1.0,,,False,410.305932499934
18724,3724,1.0862673427425307e-08,1.0,,,False,410.4369075829163
18725,3725,1.0831548102885336e-08,1.0,,,False,410.5637095000129
18726,3726,1.0800422778345364e-08,1.0,,,False,410.6879366671201
18727,3727,1.0800422778345364e-08,1.0,,,False,410.8106136249844
18728,3728,1.0800422778345364e-08,1.0,,,False,410.9046647080686
18729,3729,1.0800422778345364e-08,1.0,,,False,410.9897297921125
18730,3730,1.0738173017443842e-08,1.0,,,False,411.0752866670955
18731,3731,1.0738173017443842e-08,1.0,,,False,411.16157358302735
18732,3732,1.06759223683639e-08,1.0,,,False,411.24758429196663
18733,3733,1.06759223683639e-08,1.0,,,False,411.33327179192565
18734,3734,1.06759223683639e-08,1.0,,,False,411.4392948751338
18735,3735,1.070704769290387e-08,1.0,,,False,411.5711806670297
18736,3736,1.06759223683639e-08,1.0,,,False,411.691342666978
18737,3737,1.06759223683639e-08,1.0,,,False,411.7997676250525
18738,3738,1.06759223683639e-08,1.0,,,False,411.9013091670349
18739,3739,1.0613671719283957e-08,1.0,,,False,412.0009772081394
18740,3740,1.0644797043823928e-08,1.0,,,False,412.10460104211234
18741,3741,1.0613671719283957e-08,1.0,,,False,412.2034475831315
18742,3742,1.0613671719283957e-08,1.0,,,False,412.3050804580562
18743,3743,1.0613671719283957e-08,1.0,,,False,412.3958816670347
18744,3744,1.0613671719283957e-08,1.0,,,False,412.48526991694234
18745,3745,1.0613671719283957e-08,1.0,,,False,412.57191583304666
18746,3746,1.0613671719283957e-08,1.0,,,False,412.6637558329385
18747,3747,1.0613671719283957e-08,1.0,,,False,412.7555594169535
18748,3748,1.0582547282922405e-08,1.0,,,False,412.84085566713475
18749,3749,1.0551421958382434e-08,1.0,,,False,412.92996095796116
18750,3750,1.0551421958382434e-08,1.0,,,False,413.01918529206887
18751,3751,1.0551421958382434e-08,1.0,,,False,413.1073595001362
18752,3752,1.0551421958382434e-08,1.0,,,False,413.1971529170405
18753,3753,1.0551421958382434e-08,1.0,,,False,413.2815034999512
18754,3754,1.0489171309302492e-08,1.0,,,False,413.3731946251355
18755,3755,1.0520296633842463e-08,1.0,,,False,413.46315625007264
18756,3756,1.0551421958382434e-08,1.0,,,False,413.5466677499935
18757,3757,1.0582547282922405e-08,1.0,,,False,413.6345730831381
18758,3758,1.0582547282922405e-08,1.0,,,False,413.7197996249888
18759,3759,1.0613671719283957e-08,1.0,,,False,413.80818474991247
18760,3760,1.0613671719283957e-08,1.0,,,False,413.8946867501363
18761,3761,1.0551421958382434e-08,1.0,,,False,413.98291100002825
18762,3762,1.0489171309302492e-08,1.0,,,False,414.0715223751031
18763,3763,1.0489171309302492e-08,1.0,,,False,414.1586933329236
18764,3764,1.0520296633842463e-08,1.0,,,False,414.2478270831052
18765,3765,1.045804598476252e-08,1.0,,,False,414.33258745796047
18766,3766,1.042692154840097e-08,1.0,,,False,414.42110558296554
18767,3767,1.042692154840097e-08,1.0,,,False,414.51391237508506
18768,3768,1.042692154840097e-08,1.0,,,False,414.6045613749884
18769,3769,1.042692154840097e-08,1.0,,,False,414.6924483750481
18770,3770,1.042692154840097e-08,1.0,,,False,414.78586741699837
18771,3771,1.042692154840097e-08,1.0,,,False,414.8758919581305
18772,3772,1.0395796223860998e-08,1.0,,,False,414.9603912080638
18773,3773,1.042692154840097e-08,1.0,,,False,415.07443145802245
18774,3774,1.042692154840097e-08,1.0,,,False,415.18941504205577
18775,3775,1.042692154840097e-08,1.0,,,False,415.28053666697815
18776,3776,1.0395796223860998e-08,1.0,,,False,415.3724915829953
18777,3777,1.0395796223860998e-08,1.0,,,False,415.4605757079553
18778,3778,1.0333545574781056e-08,1.0,,,False,415.5480827500578
18779,3779,1.0302420250241084e-08,1.0,,,False,415.63814041693695
18780,3780,1.0302420250241084e-08,1.0,,,False,415.7285214581061
18781,3781,1.0302420250241084e-08,1.0,,,False,415.81593766692095
18782,3782,1.0333545574781056e-08,1.0,,,False,415.9034636251163
18783,3783,1.0271295813879533e-08,1.0,,,False,415.99228295800276
18784,3784,1.0240170489339562e-08,1.0,,,False,416.0823912920896
18785,3785,1.020904516479959e-08,1.0,,,False,416.16508508310653
18786,3786,1.0240170489339562e-08,1.0,,,False,416.26042645797133
18787,3787,1.017791984025962e-08,1.0,,,False,416.3473872500472
18788,3788,1.020904516479959e-08,1.0,,,False,416.4370290830266
18789,3789,1.017791984025962e-08,1.0,,,False,416.5261814170517
18790,3790,1.017791984025962e-08,1.0,,,False,416.6158017080743
18791,3791,1.0115670079358097e-08,1.0,,,False,416.7030340419151
18792,3792,1.0084544754818126e-08,1.0,,,False,416.7870542919263
18793,3793,1.0084544754818126e-08,1.0,,,False,416.8760045829695
18794,3794,1.0115670079358097e-08,1.0,,,False,416.97766954195686
18795,3795,1.0115670079358097e-08,1.0,,,False,417.110025833128
18796,3796,1.0022294105738183e-08,1.0,,,False,417.2212287920993
18797,3797,1.0022294105738183e-08,1.0,,,False,417.3258262919262
18798,3798,1.0022294105738183e-08,1.0,,,False,417.42878404213116
18799,3799,1.0022294105738183e-08,1.0,,,False,417.53157216706313
18800,3800,1.0022294105738183e-08,1.0,1.0,0.0001291700292769634,False,417.7239718749188
18801,3801,1.0022294105738183e-08,1.0,,,False,417.8568025000859
18802,3802,9.991169669376632e-09,1.0,,,False,417.98760679201223
18803,3803,9.991169669376632e-09,1.0,,,False,418.11545241693966
18804,3804,9.991169669376632e-09,1.0,,,False,418.236209792085
18805,3805,1.0022294105738183e-08,1.0,,,False,418.36221058294177
18806,3806,1.0022294105738183e-08,1.0,,,False,418.49091045791283
18807,3807,9.991169669376632e-09,1.0,,,False,418.6122382080648
18808,3808,9.991169669376632e-09,1.0,,,False,418.7239571250975
18809,3809,1.0022294105738183e-08,1.0,,,False,418.8116961249616
18810,3810,1.0022294105738183e-08,1.0,,,False,418.90029112505727
18811,3811,1.0053419430278154e-08,1.0,,,False,418.98580270796083
18812,3812,1.0053419430278154e-08,1.0,,,False,419.08982720808126
18813,3813,1.0022294105738183e-08,1.0,,,False,419.2092414170038
18814,3814,1.0022294105738183e-08,1.0,,,False,419.3325569170993
18815,3815,1.0022294105738183e-08,1.0,,,False,419.4620729580056
18816,3816,9.92891902029669e-09,1.0,,,False,419.58514266693965
18817,3817,9.96004434483666e-09,1.0,,,False,419.7080982499756
18818,3818,9.96004434483666e-09,1.0,,,False,419.8366788330022
18819,3819,9.96004434483666e-09,1.0,,,False,419.95664520794526
18820,3820,9.991169669376632e-09,1.0,,,False,420.0783422079403
18821,3821,1.0022294105738183e-08,1.0,,,False,420.20314279198647
18822,3822,9.991169669376632e-09,1.0,,,False,420.3260959580075
18823,3823,1.0022294105738183e-08,1.0,,,False,420.4451054169331
18824,3824,9.991169669376632e-09,1.0,,,False,420.53555441694334
18825,3825,9.96004434483666e-09,1.0,,,False,420.6239361669868
18826,3826,9.897793695756718e-09,1.0,,,False,420.7134844579268
18827,3827,9.866668371216747e-09,1.0,,,False,420.7972546250094
18828,3828,9.866668371216747e-09,1.0,,,False,420.8837859579362
18829,3829,9.835543934855195e-09,1.0,,,False,420.97647945792414
18830,3830,9.773293285775253e-09,1.0,,,False,421.06937854201533
18831,3831,9.742167961235282e-09,1.0,,,False,421.1764572500251
18832,3832,9.71104263669531e-09,1.0,,,False,421.2939985420089
18833,3833,9.742167961235282e-09,1.0,,,False,421.3854434171226
18834,3834,9.71104263669531e-09,1.0,,,False,421.4806999170687
18835,3835,9.71104263669531e-09,1.0,,,False,421.60077012493275
18836,3836,9.679918200333759e-09,1.0,,,False,421.7222467500251
18837,3837,9.742167961235282e-09,1.0,,,False,421.8445709999651
18838,3838,9.742167961235282e-09,1.0,,,False,421.9662747499533
18839,3839,9.742167961235282e-09,1.0,,,False,422.0812265421264
18840,3840,9.742167961235282e-09,1.0,,,False,422.21434687497094
18841,3841,9.679918200333759e-09,1.0,,,False,422.34261216712184
18842,3842,9.679918200333759e-09,1.0,,,False,422.4338637921028
18843,3843,9.71104263669531e-09,1.0,,,False,422.5231959579978
18844,3844,9.679918200333759e-09,1.0,,,False,422.611012917012
18845,3845,9.679918200333759e-09,1.0,,,False,422.6991459170822
18846,3846,9.679918200333759e-09,1.0,,,False,422.79371541691944
18847,3847,9.742167961235282e-09,1.0,,,False,422.88427625014447
18848,3848,9.742167961235282e-09,1.0,,,False,422.97217195807025
18849,3849,9.71104263669531e-09,1.0,,,False,423.0630012920592
18850,3850,9.71104263669531e-09,1.0,,,False,423.1503881670069
18851,3851,9.679918200333759e-09,1.0,,,False,423.2347103750799
18852,3852,9.679918200333759e-09,1.0,,,False,423.31972658308223
18853,3853,9.648792875793788e-09,1.0,,,False,423.4100701250136
18854,3854,9.617667551253817e-09,1.0,,,False,423.5004072501324
18855,3855,9.648792875793788e-09,1.0,,,False,423.6025005830452
18856,3856,9.648792875793788e-09,1.0,,,False,423.70474883308634
18857,3857,9.648792875793788e-09,1.0,,,False,423.8056467080023
18858,3858,9.648792875793788e-09,1.0,,,False,423.90835058293305
18859,3859,9.648792875793788e-09,1.0,,,False,424.0115503750276
18860,3860,9.586542226713846e-09,1.0,,,False,424.1137765420135
18861,3861,9.555416902173874e-09,1.0,,,False,424.2160263750702
18862,3862,9.586542226713846e-09,1.0,,,False,424.3171130421106
18863,3863,9.555416902173874e-09,1.0,,,False,424.41817733296193
18864,3864,9.555416902173874e-09,1.0,,,False,424.5203502920922
18865,3865,9.493167141272352e-09,1.0,,,False,424.6237147920765
18866,3866,9.493167141272352e-09,1.0,,,False,424.72638679202646
18867,3867,9.46204181673238e-09,1.0,,,False,424.82953508291394
18868,3868,9.46204181673238e-09,1.0,,,False,424.9312927920837
18869,3869,9.524292465812323e-09,1.0,,,False,425.0335858750623
18870,3870,9.493167141272352e-09,1.0,,,False,425.1324538749177
18871,3871,9.46204181673238e-09,1.0,,,False,425.23249254212715
18872,3872,9.43091649219241e-09,1.0,,,False,425.3356884170789
18873,3873,9.43091649219241e-09,1.0,,,False,425.43475179211237
18874,3874,9.46204181673238e-09,1.0,,,False,425.53876704210415
18875,3875,9.46204181673238e-09,1.0,,,False,425.6363666669931
18876,3876,9.46204181673238e-09,1.0,,,False,425.73852175008506
18877,3877,9.43091649219241e-09,1.0,,,False,425.83692241692916
18878,3878,9.43091649219241e-09,1.0,,,False,425.9371571249794
18879,3879,9.399791167652438e-09,1.0,,,False,426.03375850012526
18880,3880,9.368666731290887e-09,1.0,,,False,426.1335370829329
18881,3881,9.368666731290887e-09,1.0,,,False,426.23167037498206
18882,3882,9.337541406750915e-09,1.0,,,False,426.3454470830038
18883,3883,9.306416082210944e-09,1.0,,,False,426.46528258314356
18884,3884,9.306416082210944e-09,1.0,,,False,426.5818825419992
18885,3885,9.244166321309422e-09,1.0,,,False,426.68997058295645
18886,3886,9.244166321309422e-09,1.0,,,False,426.77610637503676
18887,3887,9.275290757670973e-09,1.0,,,False,426.86360837495886
18888,3888,9.306416082210944e-09,1.0,,,False,426.9497588330414
18889,3889,9.306416082210944e-09,1.0,,,False,427.04486924991943
18890,3890,9.306416082210944e-09,1.0,,,False,427.1452695000917
18891,3891,9.306416082210944e-09,1.0,,,False,427.2341779579874
18892,3892,9.275290757670973e-09,1.0,,,False,427.3256408749148
18893,3893,9.306416082210944e-09,1.0,,,False,427.42009220807813
18894,3894,9.306416082210944e-09,1.0,,,False,427.5481357499957
18895,3895,9.306416082210944e-09,1.0,,,False,427.6651919579599
18896,3896,9.337541406750915e-09,1.0,,,False,427.78438370791264
18897,3897,9.306416082210944e-09,1.0,,,False,427.9071755830664
18898,3898,9.275290757670973e-09,1.0,,,False,428.0302395001054
18899,3899,9.244166321309422e-09,1.0,,,False,428.1645795421209
18900,3900,9.244166321309422e-09,1.0,1.0,0.000139312649729787,False,428.40069379191846
18901,3901,9.244166321309422e-09,1.0,,,False,428.4859002500307
18902,3902,9.244166321309422e-09,1.0,,,False,428.5738480829168
18903,3903,9.18191567222948e-09,1.0,,,False,428.6619855000172
18904,3904,9.21304099676945e-09,1.0,,,False,428.7494711249601
18905,3905,9.18191567222948e-09,1.0,,,False,428.840938083129
18906,3906,9.18191567222948e-09,1.0,,,False,428.92876087501645
18907,3907,9.150790347689508e-09,1.0,,,False,429.0149852500763
18908,3908,9.150790347689508e-09,1.0,,,False,429.1030851670075
18909,3909,9.119665023149537e-09,1.0,,,False,429.1912906670477
18910,3910,9.088540586787985e-09,1.0,,,False,429.277844541939
18911,3911,9.026289937708043e-09,1.0,,,False,429.3683737500105
18912,3912,9.026289937708043e-09,1.0,,,False,429.45896470802836
18913,3913,9.026289937708043e-09,1.0,,,False,429.5492612500675
18914,3914,8.995164613168072e-09,1.0,,,False,429.6353053750936
18915,3915,8.995164613168072e-09,1.0,,,False,429.7237083329819
18916,3916,8.995164613168072e-09,1.0,,,False,429.8139745830558
18917,3917,8.9640392886281e-09,1.0,,,False,429.8994475000072
18918,3918,8.901789527726578e-09,1.0,,,False,429.9899600830395
18919,3919,8.839538878646636e-09,1.0,,,False,430.07798487506807
18920,3920,8.839538878646636e-09,1.0,,,False,430.1673191250302
18921,3921,8.839538878646636e-09,1.0,,,False,430.2570542921312
18922,3922,8.839538878646636e-09,1.0,,,False,430.34509912505746
18923,3923,8.901789527726578e-09,1.0,,,False,430.43088408303447
18924,3924,8.901789527726578e-09,1.0,,,False,430.51595541695133
18925,3925,8.870664203186607e-09,1.0,,,False,430.60227825003676
18926,3926,8.870664203186607e-09,1.0,,,False,430.69157512509264
18927,3927,8.870664203186607e-09,1.0,,,False,430.78190408297814
18928,3928,8.839538878646636e-09,1.0,,,False,430.8678507921286
18929,3929,8.808413554106664e-09,1.0,,,False,430.9717347919941
18930,3930,8.808413554106664e-09,1.0,,,False,431.0873305420391
18931,3931,8.808413554106664e-09,1.0,,,False,431.17403887491673
18932,3932,8.808413554106664e-09,1.0,,,False,431.2582840421237
18933,3933,8.777289117745113e-09,1.0,,,False,431.35414745798334
18934,3934,8.777289117745113e-09,1.0,,,False,431.4854763750918
18935,3935,8.808413554106664e-09,1.0,,,False,431.6113994580228
18936,3936,8.808413554106664e-09,1.0,,,False,431.74131262511946
18937,3937,8.808413554106664e-09,1.0,,,False,431.87318170792423
18938,3938,8.808413554106664e-09,1.0,,,False,431.9925390421413
18939,3939,8.808413554106664e-09,1.0,,,False,432.09637937508523
18940,3940,8.808413554106664e-09,1.0,,,False,432.2120654999744
18941,3941,8.777289117745113e-09,1.0,,,False,432.32571779191494
18942,3942,8.777289117745113e-09,1.0,,,False,432.4168581669219
18943,3943,8.777289117745113e-09,1.0,,,False,432.5030564169865
18944,3944,8.777289117745113e-09,1.0,,,False,432.594389667036
18945,3945,8.808413554106664e-09,1.0,,,False,432.6838676671032
18946,3946,8.808413554106664e-09,1.0,,,False,432.7716170421336
18947,3947,8.808413554106664e-09,1.0,,,False,432.8552497921046
18948,3948,8.777289117745113e-09,1.0,,,False,432.94576916703954
18949,3949,8.777289117745113e-09,1.0,,,False,433.0338693330996
18950,3950,8.777289117745113e-09,1.0,,,False,433.13254366698675
18951,3951,8.746163793205142e-09,1.0,,,False,433.2364294170402
18952,3952,8.746163793205142e-09,1.0,,,False,433.339752583066
18953,3953,8.71503846866517e-09,1.0,,,False,433.440962749999
18954,3954,8.71503846866517e-09,1.0,,,False,433.541144042043
18955,3955,8.71503846866517e-09,1.0,,,False,433.6447352920659
18956,3956,8.71503846866517e-09,1.0,,,False,433.7486831250135
18957,3957,8.746163793205142e-09,1.0,,,False,433.8542345419992
18958,3958,8.777289117745113e-09,1.0,,,False,433.9535455829464
18959,3959,8.746163793205142e-09,1.0,,,False,434.05556137510575
18960,3960,8.746163793205142e-09,1.0,,,False,434.1636412080843
18961,3961,8.71503846866517e-09,1.0,,,False,434.2962663329672
18962,3962,8.6839131441252e-09,1.0,,,False,434.41387591697276
18963,3963,8.6839131441252e-09,1.0,,,False,434.5005804169923
18964,3964,8.6839131441252e-09,1.0,,,False,434.58787983306684
18965,3965,8.71503846866517e-09,1.0,,,False,434.68290758295916
18966,3966,8.6839131441252e-09,1.0,,,False,434.7911508749239
18967,3967,8.6839131441252e-09,1.0,,,False,434.91002329206094
18968,3968,8.6839131441252e-09,1.0,,,False,435.0247903331183
18969,3969,8.6839131441252e-09,1.0,,,False,435.1482072919607
18970,3970,8.652787819585228e-09,1.0,,,False,435.2714275419712
18971,3971,8.621663383223677e-09,1.0,,,False,435.3919267079327
18972,3972,8.590538058683705e-09,1.0,,,False,435.51252641691826
18973,3973,8.590538058683705e-09,1.0,,,False,435.6300657079555
18974,3974,8.590538058683705e-09,1.0,,,False,435.7518852080684
18975,3975,8.497162085063792e-09,1.0,,,False,435.88409266714007
18976,3976,8.497162085063792e-09,1.0,,,False,436.00893358304165
18977,3977,8.46603764870224e-09,1.0,,,False,436.13784874998964
18978,3978,8.528287409603763e-09,1.0,,,False,436.2674127081409
18979,3979,8.528287409603763e-09,1.0,,,False,436.4021519580856
18980,3980,8.497162085063792e-09,1.0,,,False,436.53124020807445
18981,3981,8.497162085063792e-09,1.0,,,False,436.62134916707873
18982,3982,8.497162085063792e-09,1.0,,,False,436.71173416706733
18983,3983,8.46603764870224e-09,1.0,,,False,436.8023885830771
18984,3984,8.46603764870224e-09,1.0,,,False,436.8896011249162
18985,3985,8.43491232416227e-09,1.0,,,False,436.9812658331357
18986,3986,8.403786999622298e-09,1.0,,,False,437.09928520792164
18987,3987,8.403786999622298e-09,1.0,,,False,437.22791837505065
18988,3988,8.403786999622298e-09,1.0,,,False,437.31808137497865
18989,3989,8.403786999622298e-09,1.0,,,False,437.4048467921093
18990,3990,8.43491232416227e-09,1.0,,,False,437.4987872079946
18991,3991,8.403786999622298e-09,1.0,,,False,437.58987608295865
18992,3992,8.403786999622298e-09,1.0,,,False,437.67876566713676
18993,3993,8.403786999622298e-09,1.0,,,False,437.7822354170494
18994,3994,8.403786999622298e-09,1.0,,,False,437.8769720001146
18995,3995,8.403786999622298e-09,1.0,,,False,437.982490667142
18996,3996,8.403786999622298e-09,1.0,,,False,438.11464637494646
18997,3997,8.403786999622298e-09,1.0,,,False,438.23437970806845
18998,3998,8.372661675082327e-09,1.0,,,False,438.35201683291234
18999,3999,8.341537238720775e-09,1.0,,,False,438.47508804197423
19000,4000,8.341537238720775e-09,1.0,1.0,0.000149167390227617,False,438.66422533313744
19001,4001,8.341537238720775e-09,1.0,,,False,438.78297591698356
19002,4002,8.341537238720775e-09,1.0,,,False,438.86820479203016
19003,4003,8.279286589640833e-09,1.0,,,False,438.9513826670591
19004,4004,8.248161265100862e-09,1.0,,,False,439.0401127920486
19005,4005,8.279286589640833e-09,1.0,,,False,439.13184741698205
19006,4006,8.310411914180804e-09,1.0,,,False,439.22113925009035
19007,4007,8.279286589640833e-09,1.0,,,False,439.3110368330963
19008,4008,8.279286589640833e-09,1.0,,,False,439.39617000008
19009,4009,8.279286589640833e-09,1.0,,,False,439.4844117080793
19010,4010,8.279286589640833e-09,1.0,,,False,439.5706889999565
19011,4011,8.248161265100862e-09,1.0,,,False,439.66462579206564
19012,4012,8.248161265100862e-09,1.0,,,False,439.7600832080934
19013,4013,8.21703594056089e-09,1.0,,,False,439.84622658300214
19014,4014,8.21703594056089e-09,1.0,,,False,439.93788141710684
19015,4015,8.185911504199339e-09,1.0,,,False,440.0251657499466
19016,4016,8.185911504199339e-09,1.0,,,False,440.1156181669794
19017,4017,8.185911504199339e-09,1.0,,,False,440.2025628751144
19018,4018,8.154786179659368e-09,1.0,,,False,440.28996754204854
19019,4019,8.154786179659368e-09,1.0,,,False,440.38041929202154
19020,4020,8.123660855119397e-09,1.0,,,False,440.4760724171065
19021,4021,8.061410206039454e-09,1.0,,,False,440.56556545803323
19022,4022,8.061410206039454e-09,1.0,,,False,440.65634079207666
19023,4023,8.061410206039454e-09,1.0,,,False,440.7479568331037
19024,4024,8.030285769677903e-09,1.0,,,False,440.83831274998374
19025,4025,7.999160445137932e-09,1.0,,,False,440.92651579203084
19026,4026,7.96803600877638e-09,1.0,,,False,441.020981250098
19027,4027,7.905785359696438e-09,1.0,,,False,441.10975700011477
19028,4028,7.936910684236409e-09,1.0,,,False,441.1958382080775
19029,4029,7.874660035156467e-09,1.0,,,False,441.2846430421341
19030,4030,7.874660035156467e-09,1.0,,,False,441.3695585830137
19031,4031,7.843534710616495e-09,1.0,,,False,441.4582829999272
19032,4032,7.843534710616495e-09,1.0,,,False,441.5462630831171
19033,4033,7.843534710616495e-09,1.0,,,False,441.6673437501304
19034,4034,7.843534710616495e-09,1.0,,,False,441.77060395805165
19035,4035,7.812410274254944e-09,1.0,,,False,441.85982545814477
19036,4036,7.812410274254944e-09,1.0,,,False,441.94868825003505
19037,4037,7.812410274254944e-09,1.0,,,False,442.0331827499904
19038,4038,7.781284949714973e-09,1.0,,,False,442.13214704208076
19039,4039,7.781284949714973e-09,1.0,,,False,442.234046833124
19040,4040,7.750159625175002e-09,1.0,,,False,442.3436229170766
19041,4041,7.71903430063503e-09,1.0,,,False,442.4690950829536
19042,4042,7.71903430063503e-09,1.0,,,False,442.58443862502463
19043,4043,7.71903430063503e-09,1.0,,,False,442.7005334580317
19044,4044,7.71903430063503e-09,1.0,,,False,442.8169702079613
19045,4045,7.71903430063503e-09,1.0,,,False,442.9340061249677
19046,4046,7.68790897609506e-09,1.0,,,False,443.0567232919857
19047,4047,7.68790897609506e-09,1.0,,,False,443.1583400000818
19048,4048,7.68790897609506e-09,1.0,,,False,443.26149616693147
19049,4049,7.656784539733508e-09,1.0,,,False,443.36237825010903
19050,4050,7.625659215193537e-09,1.0,,,False,443.4803730000276
19051,4051,7.625659215193537e-09,1.0,,,False,443.6053684169892
19052,4052,7.625659215193537e-09,1.0,,,False,443.7185584169347
19053,4053,7.625659215193537e-09,1.0,,,False,443.80547679192387
19054,4054,7.625659215193537e-09,1.0,,,False,443.88930295803584
19055,4055,7.625659215193537e-09,1.0,,,False,443.9724065831397
19056,4056,7.625659215193537e-09,1.0,,,False,444.0651952079497
19057,4057,7.625659215193537e-09,1.0,,,False,444.15414562495425
19058,4058,7.656784539733508e-09,1.0,,,False,444.2415200830437
19059,4059,7.656784539733508e-09,1.0,,,False,444.3333777501248
19060,4060,7.656784539733508e-09,1.0,,,False,444.41777516691945
19061,4061,7.656784539733508e-09,1.0,,,False,444.4983426250983
19062,4062,7.656784539733508e-09,1.0,,,False,444.6071974169463
19063,4063,7.625659215193537e-09,1.0,,,False,444.7388650830835
19064,4064,7.625659215193537e-09,1.0,,,False,444.858691832982
19065,4065,7.625659215193537e-09,1.0,,,False,444.9850398330018
19066,4066,7.625659215193537e-09,1.0,,,False,445.10652812500484
19067,4067,7.594533890653565e-09,1.0,,,False,445.22140608308837
19068,4068,7.532283241573623e-09,1.0,,,False,445.32265170803294
19069,4069,7.501158805212071e-09,1.0,,,False,445.4246460830327
19070,4070,7.501158805212071e-09,1.0,,,False,445.5263040000573
19071,4071,7.501158805212071e-09,1.0,,,False,445.62686516693793
19072,4072,7.501158805212071e-09,1.0,,,False,445.732089624973
19073,4073,7.4700334806721e-09,1.0,,,False,445.83371333312243
19074,4074,7.4700334806721e-09,1.0,,,False,445.9430247079581
19075,4075,7.4700334806721e-09,1.0,,,False,446.0426583751105
19076,4076,7.4700334806721e-09,1.0,,,False,446.13919479213655
19077,4077,7.4700334806721e-09,1.0,,,False,446.2401270419359
19078,4078,7.438908156132129e-09,1.0,,,False,446.3487648749724
19079,4079,7.407782831592158e-09,1.0,,,False,446.4691940001212
19080,4080,7.407782831592158e-09,1.0,,,False,446.5641346250195
19081,4081,7.438908156132129e-09,1.0,,,False,446.65335329202935
19082,4082,7.3766579511413966e-09,1.0,,,False,446.74535404192284
19083,4083,7.345532626601425e-09,1.0,,,False,446.831390874926
19084,4084,7.345532626601425e-09,1.0,,,False,446.9226932080928
19085,4085,7.345532626601425e-09,1.0,,,False,447.0106212920509
19086,4086,7.314407746150664e-09,1.0,,,False,447.09998750011437
19087,4087,7.314407746150664e-09,1.0,,,False,447.19602116709575
19088,4088,7.314407746150664e-09,1.0,,,False,447.30774979200214
19089,4089,7.345532626601425e-09,1.0,,,False,447.4311833749525
19090,4090,7.314407746150664e-09,1.0,,,False,447.5553965829313
19091,4091,7.314407746150664e-09,1.0,,,False,447.67691579204984
19092,4092,7.314407746150664e-09,1.0,,,False,447.79873537505046
19093,4093,7.314407746150664e-09,1.0,,,False,447.89163816696964
19094,4094,7.283282421610693e-09,1.0,,,False,448.0106513330247
19095,4095,7.283282421610693e-09,1.0,,,False,448.13779966696166
19096,4096,7.2521575411599315e-09,1.0,,,False,448.2609559579287
19097,4097,7.158782011629228e-09,1.0,,,False,448.3816944169812
19098,4098,7.158782011629228e-09,1.0,,,False,448.5017325829249
19099,4099,7.158782011629228e-09,1.0,,,False,448.62389850011095
19100,4100,7.127656687089257e-09,1.0,1.0,0.000157042265085556,False,448.8775395830162
19101,4101,7.127656687089257e-09,1.0,,,False,449.0054939999245
19102,4102,7.158782011629228e-09,1.0,,,False,449.131248916965
19103,4103,7.158782011629228e-09,1.0,,,False,449.25419487501495
19104,4104,7.158782011629228e-09,1.0,,,False,449.37811245792545
19105,4105,7.158782011629228e-09,1.0,,,False,449.4935776251368
19106,4106,7.158782011629228e-09,1.0,,,False,449.59321729210205
19107,4107,7.158782011629228e-09,1.0,,,False,449.70570008293726
19108,4108,7.158782011629228e-09,1.0,,,False,449.81918991706334
19109,4109,7.158782011629228e-09,1.0,,,False,449.9207235421054
19110,4110,7.158782011629228e-09,1.0,,,False,450.009482458001
19111,4111,7.158782011629228e-09,1.0,,,False,450.1125970829744
19112,4112,7.158782011629228e-09,1.0,,,False,450.2354934171308
19113,4113,7.127656687089257e-09,1.0,,,False,450.3602018749807
19114,4114,7.127656687089257e-09,1.0,,,False,450.48757520806976
19115,4115,7.065406482098524e-09,1.0,,,False,450.61467249994166
19116,4116,7.0031562771077915e-09,1.0,,,False,450.736549833091
19117,4117,7.0031562771077915e-09,1.0,,,False,450.85441729193553
19118,4118,7.0031562771077915e-09,1.0,,,False,450.9796715830453
19119,4119,7.0031562771077915e-09,1.0,,,False,451.1062517501414
19120,4120,6.909780747577088e-09,1.0,,,False,451.22391933295876
19121,4121,6.909780747577088e-09,1.0,,,False,451.313632250065
19122,4122,6.8786558671263265e-09,1.0,,,False,451.4043275420554
19123,4123,6.847530542586355e-09,1.0,,,False,451.48914745799266
19124,4124,6.847530542586355e-09,1.0,,,False,451.5785869171377
19125,4125,6.816405218046384e-09,1.0,,,False,451.6639604999218
19126,4126,6.785280337595623e-09,1.0,,,False,451.75104391691275
19127,4127,6.785280337595623e-09,1.0,,,False,451.84431750001386
19128,4128,6.7541550130556516e-09,1.0,,,False,451.9345248329919
19129,4129,6.72303013260489e-09,1.0,,,False,452.02300833305344
19130,4130,6.660779483524948e-09,1.0,,,False,452.1084340000525
19131,4131,6.660779483524948e-09,1.0,,,False,452.1923887080047
19132,4132,6.660779483524948e-09,1.0,,,False,452.30333154206164
19133,4133,6.660779483524948e-09,1.0,,,False,452.42433729209006
19134,4134,6.660779483524948e-09,1.0,,,False,452.54344599996693
19135,4135,6.660779483524948e-09,1.0,,,False,452.6371190419886
19136,4136,6.660779483524948e-09,1.0,,,False,452.7657253749203
19137,4137,6.660779483524948e-09,1.0,,,False,452.88501195795834
19138,4138,6.660779483524948e-09,1.0,,,False,453.0134285830427
19139,4139,6.660779483524948e-09,1.0,,,False,453.13741220813245
19140,4140,6.6296546030741865e-09,1.0,,,False,453.2663829580415
19141,4141,6.6296546030741865e-09,1.0,,,False,453.3692056250293
19142,4142,6.6296546030741865e-09,1.0,,,False,453.47376299998723
19143,4143,6.598529278534215e-09,1.0,,,False,453.57616779208183
19144,4144,6.598529278534215e-09,1.0,,,False,453.67902466701344
19145,4145,6.598529278534215e-09,1.0,,,False,453.78377741691656
19146,4146,6.598529278534215e-09,1.0,,,False,453.8817963330075
19147,4147,6.567404398083454e-09,1.0,,,False,453.9872045831289
19148,4148,6.567404398083454e-09,1.0,,,False,454.08936187508516
19149,4149,6.567404398083454e-09,1.0,,,False,454.18935554195195
19150,4150,6.567404398083454e-09,1.0,,,False,454.2893155000638
19151,4151,6.536279073543483e-09,1.0,,,False,454.3917759580072
19152,4152,6.536279073543483e-09,1.0,,,False,454.5010931249708
19153,4153,6.536279073543483e-09,1.0,,,False,454.6269090420101
19154,4154,6.47402886855275e-09,1.0,,,False,454.7488043329213
19155,4155,6.505153749003512e-09,1.0,,,False,454.87096645799465
19156,4156,6.47402886855275e-09,1.0,,,False,454.9900819170289
19157,4157,6.47402886855275e-09,1.0,,,False,455.11036787508056
19158,4158,6.442903544012779e-09,1.0,,,False,455.2238746250514
19159,4159,6.411778663562018e-09,1.0,,,False,455.3515291251242
19160,4160,6.411778663562018e-09,1.0,,,False,455.44294250011444
19161,4161,6.3806533390220466e-09,1.0,,,False,455.5334865830373
19162,4162,6.3806533390220466e-09,1.0,,,False,455.62739291694015
19163,4163,6.349528458571285e-09,1.0,,,False,455.71765533299185
19164,4164,6.349528458571285e-09,1.0,,,False,455.80454029212706
19165,4165,6.349528458571285e-09,1.0,,,False,455.8909470420331
19166,4166,6.318403134031314e-09,1.0,,,False,456.00282241706736
19167,4167,6.318403134031314e-09,1.0,,,False,456.12153454194777
19168,4168,6.318403134031314e-09,1.0,,,False,456.24763033306226
19169,4169,6.318403134031314e-09,1.0,,,False,456.36566058313474
19170,4170,6.318403134031314e-09,1.0,,,False,456.4856526670046
19171,4171,6.318403134031314e-09,1.0,,,False,456.5913349580951
19172,4172,6.287277809491343e-09,1.0,,,False,456.6800356670283
19173,4173,6.287277809491343e-09,1.0,,,False,456.76563791697845
19174,4174,6.2561529290405815e-09,1.0,,,False,456.85402354202233
19175,4175,6.2561529290405815e-09,1.0,,,False,456.9549528749194
19176,4176,6.2561529290405815e-09,1.0,,,False,457.0682948329486
19177,4177,6.2561529290405815e-09,1.0,,,False,457.15348241711035
19178,4178,6.2561529290405815e-09,1.0,,,False,457.26577454200014
19179,4179,6.2561529290405815e-09,1.0,,,False,457.38651979202405
19180,4180,6.2561529290405815e-09,1.0,,,False,457.50257766712457
19181,4181,6.2561529290405815e-09,1.0,,,False,457.62686812505126
19182,4182,6.22502760450061e-09,1.0,,,False,457.75012758304365
19183,4183,6.22502760450061e-09,1.0,,,False,457.8672774999868
19184,4184,6.22502760450061e-09,1.0,,,False,457.98565858299844
19185,4185,6.193902724049849e-09,1.0,,,False,458.1039452080149
19186,4186,6.193902724049849e-09,1.0,,,False,458.22811045800336
19187,4187,6.193902724049849e-09,1.0,,,False,458.3565558749251
19188,4188,6.162777399509878e-09,1.0,,,False,458.4787041670643
19189,4189,6.162777399509878e-09,1.0,,,False,458.60169495805167
19190,4190,6.162777399509878e-09,1.0,,,False,458.7315555829555
19191,4191,6.162777399509878e-09,1.0,,,False,458.8560585419182
19192,4192,6.131652074969907e-09,1.0,,,False,458.9802796249278
19193,4193,6.162777399509878e-09,1.0,,,False,459.11081212502904
19194,4194,6.100527194519145e-09,1.0,,,False,459.21520570805296
19195,4195,6.131652074969907e-09,1.0,,,False,459.30311837513
19196,4196,6.131652074969907e-09,1.0,,,False,459.3913512080908
19197,4197,6.038276989528413e-09,1.0,,,False,459.47858995804563
19198,4198,6.038276989528413e-09,1.0,,,False,459.56846029195003
19199,4199,5.97602678453768e-09,1.0,,,False,459.6560835831333
19200,4200,5.913776135457738e-09,1.0,1.0,0.0001581256793088556,False,459.8381326671224
19201,4201,5.8826512550069765e-09,1.0,,,False,459.93155183293857
19202,4202,5.820401050016244e-09,1.0,,,False,460.0186990420334
19203,4203,5.758150400936302e-09,1.0,,,False,460.10737095796503
19204,4204,5.789275725476273e-09,1.0,,,False,460.19379774993286
19205,4205,5.758150400936302e-09,1.0,,,False,460.28584512509406
19206,4206,5.758150400936302e-09,1.0,,,False,460.3739239999559
19207,4207,5.72702552048554e-09,1.0,,,False,460.46025295811705
19208,4208,5.72702552048554e-09,1.0,,,False,460.54387845797464
19209,4209,5.72702552048554e-09,1.0,,,False,460.6593069580849
19210,4210,5.72702552048554e-09,1.0,,,False,460.77664420800284
19211,4211,5.72702552048554e-09,1.0,,,False,460.8994783330709
19212,4212,5.695900195945569e-09,1.0,,,False,461.03181504202075
19213,4213,5.664775315494808e-09,1.0,,,False,461.15216387505643
19214,4214,5.664775315494808e-09,1.0,,,False,461.2761345419567
19215,4215,5.664775315494808e-09,1.0,,,False,461.4054259171244
19216,4216,5.664775315494808e-09,1.0,,,False,461.52764366706833
19217,4217,5.602524666414865e-09,1.0,,,False,461.64653841708787
19218,4218,5.602524666414865e-09,1.0,,,False,461.7718226669822
19219,4219,5.571399785964104e-09,1.0,,,False,461.88922174996696
19220,4220,5.540274461424133e-09,1.0,,,False,462.0042620829772
19221,4221,5.5091495809733715e-09,1.0,,,False,462.12588954204693
19222,4222,5.4780242564334e-09,1.0,,,False,462.2352076671086
19223,4223,5.4780242564334e-09,1.0,,,False,462.3211047500372
19224,4224,5.4780242564334e-09,1.0,,,False,462.40968787507154
19225,4225,5.446899375982639e-09,1.0,,,False,462.4955293331295
19226,4226,5.446899375982639e-09,1.0,,,False,462.58320670807734
19227,4227,5.353523846451935e-09,1.0,,,False,462.6716923750937
19228,4228,5.353523846451935e-09,1.0,,,False,462.7578826670069
19229,4229,5.353523846451935e-09,1.0,,,False,462.84344050008804
19230,4230,5.291273641461203e-09,1.0,,,False,462.9302942920476
19231,4231,5.2601483169212315e-09,1.0,,,False,463.0198979580309
19232,4232,5.22902299238126e-09,1.0,,,False,463.10741033311933
19233,4233,5.22902299238126e-09,1.0,,,False,463.1961563329678
19234,4234,5.22902299238126e-09,1.0,,,False,463.2865588751156
19235,4235,5.197898111930499e-09,1.0,,,False,463.3782981671393
19236,4236,5.166772787390528e-09,1.0,,,False,463.45868483302183
19237,4237,5.1356479069397665e-09,1.0,,,False,463.5485622501001
19238,4238,5.1356479069397665e-09,1.0,,,False,463.6371248329524
19239,4239,5.1356479069397665e-09,1.0,,,False,463.7243910001125
19240,4240,5.1356479069397665e-09,1.0,,,False,463.83088529203087
19241,4241,5.104522582399795e-09,1.0,,,False,463.95013795793056
19242,4242,5.073397701949034e-09,1.0,,,False,464.0734751250129
19243,4243,5.073397701949034e-09,1.0,,,False,464.1954449999612
19244,4244,5.073397701949034e-09,1.0,,,False,464.3231874171179
19245,4245,5.073397701949034e-09,1.0,,,False,464.4563975830097
19246,4246,5.073397701949034e-09,1.0,,,False,464.5833735829219
19247,4247,5.073397701949034e-09,1.0,,,False,464.71205995813943
19248,4248,5.042272377409063e-09,1.0,,,False,464.83537941705436
19249,4249,5.042272377409063e-09,1.0,,,False,464.9504077080637
19250,4250,5.042272377409063e-09,1.0,,,False,465.0493814169895
19251,4251,5.0111470528690916e-09,1.0,,,False,465.1401133330073
19252,4252,5.0111470528690916e-09,1.0,,,False,465.2296079581138
19253,4253,5.0111470528690916e-09,1.0,,,False,465.313311957987
19254,4254,4.948896847878359e-09,1.0,,,False,465.3991763330996
19255,4255,4.948896847878359e-09,1.0,,,False,465.4902834170498
19256,4256,4.948896847878359e-09,1.0,,,False,465.57673983299173
19257,4257,4.948896847878359e-09,1.0,,,False,465.6654835420195
19258,4258,4.917771967427598e-09,1.0,,,False,465.7522967499681
19259,4259,4.8866466428876265e-09,1.0,,,False,465.83947775000706
19260,4260,4.8866466428876265e-09,1.0,,,False,465.924443207914
19261,4261,4.855521318347655e-09,1.0,,,False,466.05346533306874
19262,4262,4.824396437896894e-09,1.0,,,False,466.15656162495725
19263,4263,4.824396437896894e-09,1.0,,,False,466.24471841705963
19264,4264,4.824396437896894e-09,1.0,,,False,466.328236958012
19265,4265,4.824396437896894e-09,1.0,,,False,466.4386180420406
19266,4266,4.793271113356923e-09,1.0,,,False,466.5608826249372
19267,4267,4.7621462329061615e-09,1.0,,,False,466.6849439169746
19268,4268,4.7621462329061615e-09,1.0,,,False,466.8055647921283
19269,4269,4.7621462329061615e-09,1.0,,,False,466.9241154999472
19270,4270,4.73102090836619e-09,1.0,,,False,467.05196729209274
19271,4271,4.668770703375458e-09,1.0,,,False,467.17226670798846
19272,4272,4.6376453788354866e-09,1.0,,,False,467.29064745805226
19273,4273,4.6376453788354866e-09,1.0,,,False,467.40904191695154
19274,4274,4.575395173844754e-09,1.0,,,False,467.53069512499496
19275,4275,4.575395173844754e-09,1.0,,,False,467.657653125003
19276,4276,4.575395173844754e-09,1.0,,,False,467.77915162499994
19277,4277,4.48201964431405e-09,1.0,,,False,467.90020233299583
19278,4278,4.48201964431405e-09,1.0,,,False,468.0204843750689
19279,4279,4.48201964431405e-09,1.0,,,False,468.1481170831248
19280,4280,4.48201964431405e-09,1.0,,,False,468.26506599993445
19281,4281,4.48201964431405e-09,1.0,,,False,468.3928898330778
19282,4282,4.5131449688540215e-09,1.0,,,False,468.51639808295295
19283,4283,4.5131449688540215e-09,1.0,,,False,468.63456129212864
19284,4284,4.48201964431405e-09,1.0,,,False,468.7640535419341
19285,4285,4.48201964431405e-09,1.0,,,False,468.8815123329405
19286,4286,4.48201964431405e-09,1.0,,,False,468.9823948331177
19287,4287,4.450894763863289e-09,1.0,,,False,469.08238787506707
19288,4288,4.450894763863289e-09,1.0,,,False,469.1897123749368
19289,4289,4.419769439323318e-09,1.0,,,False,469.30202562501654
19290,4290,4.419769439323318e-09,1.0,,,False,469.4123084170278
19291,4291,4.419769439323318e-09,1.0,,,False,469.520296667004
19292,4292,4.3886445588725564e-09,1.0,,,False,469.6280926670879
19293,4293,4.357519234332585e-09,1.0,,,False,469.7321577919647
19294,4294,4.326393909792614e-09,1.0,,,False,469.834159207996
19295,4295,4.326393909792614e-09,1.0,,,False,469.93810779205523
19296,4296,4.326393909792614e-09,1.0,,,False,470.03870566701517
19297,4297,4.295269029341853e-09,1.0,,,False,470.1442137500271
19298,4298,4.2641437048018815e-09,1.0,,,False,470.24729799991474
19299,4299,4.295269029341853e-09,1.0,,,False,470.3515105000697
19300,4300,4.2641437048018815e-09,1.0,1.0,0.00014674858194759597,False,470.5460294580553
19301,4301,4.201893499811149e-09,1.0,,,False,470.6751749999821
19302,4302,4.201893499811149e-09,1.0,,,False,470.80132166692056
19303,4303,4.201893499811149e-09,1.0,,,False,470.9307468330953
19304,4304,4.201893499811149e-09,1.0,,,False,471.05413545807824
19305,4305,4.108517970280445e-09,1.0,,,False,471.17248358298093
19306,4306,4.108517970280445e-09,1.0,,,False,471.29568566707894
19307,4307,4.077393089829684e-09,1.0,,,False,471.4162854999304
19308,4308,4.077393089829684e-09,1.0,,,False,471.53814354212955
19309,4309,4.077393089829684e-09,1.0,,,False,471.66122816712596
19310,4310,4.077393089829684e-09,1.0,,,False,471.7878760830499
19311,4311,4.046267765289713e-09,1.0,,,False,471.90979816694744
19312,4312,4.046267765289713e-09,1.0,,,False,472.0377547079697
19313,4313,4.046267765289713e-09,1.0,,,False,472.1648927500937
19314,4314,4.046267765289713e-09,1.0,,,False,472.29028750001453
19315,4315,4.046267765289713e-09,1.0,,,False,472.41690204199404
19316,4316,4.046267765289713e-09,1.0,,,False,472.53888054192066
19317,4317,4.0151428848389514e-09,1.0,,,False,472.6677377920132
19318,4318,3.98401800438819e-09,1.0,,,False,472.79240058292635
19319,4319,3.98401800438819e-09,1.0,,,False,472.91599233308807
19320,4320,3.98401800438819e-09,1.0,,,False,473.04118908313103
19321,4321,3.952892679848219e-09,1.0,,,False,473.1676947500091
19322,4322,3.952892679848219e-09,1.0,,,False,473.2930267921183
19323,4323,3.952892679848219e-09,1.0,,,False,473.412616583053
19324,4324,3.921767355308248e-09,1.0,,,False,473.5403560830746
19325,4325,3.921767355308248e-09,1.0,,,False,473.6689685829915
19326,4326,3.921767355308248e-09,1.0,,,False,473.7917754999362
19327,4327,3.921767355308248e-09,1.0,,,False,473.9153925420251
19328,4328,3.921767355308248e-09,1.0,,,False,474.0385043330025
19329,4329,3.921767355308248e-09,1.0,,,False,474.1602871250361
19330,4330,3.921767355308248e-09,1.0,,,False,474.2585286251269
19331,4331,3.859517150317515e-09,1.0,,,False,474.3574808330741
19332,4332,3.859517150317515e-09,1.0,,,False,474.45688962494023
19333,4333,3.859517150317515e-09,1.0,,,False,474.5578067919705
19334,4334,3.859517150317515e-09,1.0,,,False,474.6569585830439
19335,4335,3.859517150317515e-09,1.0,,,False,474.75292745791376
19336,4336,3.828392269866754e-09,1.0,,,False,474.85665099998005
19337,4337,3.797266945326783e-09,1.0,,,False,474.9569273330271
19338,4338,3.73501674033605e-09,1.0,,,False,475.0557765001431
19339,4339,3.6727663133007127e-09,1.0,,,False,475.15842354204506
19340,4340,3.6727663133007127e-09,1.0,,,False,475.2619392920751
19341,4341,3.6416412108053464e-09,1.0,,,False,475.38064954197034
19342,4342,3.61051610830998e-09,1.0,,,False,475.5003512920812
19343,4343,3.61051610830998e-09,1.0,,,False,475.63762979209423
19344,4344,3.61051610830998e-09,1.0,,,False,475.77297304198146
19345,4345,3.579391005814614e-09,1.0,,,False,475.90014675003476
19346,4346,3.5482659033192476e-09,1.0,,,False,476.0298845421057
19347,4347,3.5482659033192476e-09,1.0,,,False,476.15008216700517
19348,4348,3.454890373788544e-09,1.0,,,False,476.27101245801896
19349,4349,3.454890373788544e-09,1.0,,,False,476.3892250829376
19350,4350,3.454890373788544e-09,1.0,,,False,476.516195083037
19351,4351,3.3926401687978114e-09,1.0,,,False,476.6395908331033
19352,4352,3.3926401687978114e-09,1.0,,,False,476.7674445421435
19353,4353,3.3926401687978114e-09,1.0,,,False,476.8674597919453
19354,4354,3.361515066302445e-09,1.0,,,False,476.954697499983
19355,4355,3.330389741762474e-09,1.0,,,False,477.0446800419595
19356,4356,3.330389741762474e-09,1.0,,,False,477.1337818331085
19357,4357,3.2992646392671077e-09,1.0,,,False,477.2179830421228
19358,4358,3.2681395367717414e-09,1.0,,,False,477.3073216250632
19359,4359,3.2681395367717414e-09,1.0,,,False,477.39547087508254
19360,4360,3.237014434276375e-09,1.0,,,False,477.48198670800775
19361,4361,3.205889331781009e-09,1.0,,,False,477.5671885830816
19362,4362,3.205889331781009e-09,1.0,,,False,477.65490837511607
19363,4363,3.205889331781009e-09,1.0,,,False,477.7432179581374
19364,4364,3.205889331781009e-09,1.0,,,False,477.8317246250808
19365,4365,3.205889331781009e-09,1.0,,,False,477.92132833297364
19366,4366,3.205889331781009e-09,1.0,,,False,478.0144167500548
19367,4367,3.205889331781009e-09,1.0,,,False,478.10395779204555
19368,4368,3.205889331781009e-09,1.0,,,False,478.19267775001936
19369,4369,3.205889331781009e-09,1.0,,,False,478.3088244579267
19370,4370,3.205889331781009e-09,1.0,,,False,478.4209649579134
19371,4371,3.1747642292856426e-09,1.0,,,False,478.5382806251291
19372,4372,3.081388699754939e-09,1.0,,,False,478.6681597500574
19373,4373,3.081388699754939e-09,1.0,,,False,478.78584900009446
19374,4374,3.081388699754939e-09,1.0,,,False,478.91020154207945
19375,4375,3.0191384947642064e-09,1.0,,,False,479.02591624995694
19376,4376,2.956888067728869e-09,1.0,,,False,479.1445890420582
19377,4377,2.956888067728869e-09,1.0,,,False,479.26710904203355
19378,4378,2.9257629652335027e-09,1.0,,,False,479.39364762511104
19379,4379,2.86351276024277e-09,1.0,,,False,479.5128858750686
19380,4380,2.86351276024277e-09,1.0,,,False,479.63828579196706
19381,4381,2.8012623332074327e-09,1.0,,,False,479.76121116708964
19382,4382,2.7701372307120664e-09,1.0,,,False,479.88966450002044
19383,4383,2.7390121282167e-09,1.0,,,False,480.0130196250975
19384,4384,2.7390121282167e-09,1.0,,,False,480.12896462506615
19385,4385,2.7390121282167e-09,1.0,,,False,480.25086154206656
19386,4386,2.7390121282167e-09,1.0,,,False,480.3778414169792
19387,4387,2.707887025721334e-09,1.0,,,False,480.5039023749996
19388,4388,2.707887025721334e-09,1.0,,,False,480.6264326251112
19389,4389,2.707887025721334e-09,1.0,,,False,480.7481768329162
19390,4390,2.707887025721334e-09,1.0,,,False,480.8667495420668
19391,4391,2.707887025721334e-09,1.0,,,False,480.9821260001045
19392,4392,2.707887025721334e-09,1.0,,,False,481.06871158303693
19393,4393,2.6767619232259676e-09,1.0,,,False,481.16060591698624
19394,4394,2.6456368207306014e-09,1.0,,,False,481.2464435000438
19395,4395,2.61451149619063e-09,1.0,,,False,481.3306264579296
19396,4396,2.61451149619063e-09,1.0,,,False,481.41976737510413
19397,4397,2.61451149619063e-09,1.0,,,False,481.5090284170583
19398,4398,2.583386393695264e-09,1.0,,,False,481.594820874976
19399,4399,2.583386393695264e-09,1.0,,,False,481.6835656671319
19400,4400,2.5211361887045314e-09,1.0,1.0,0.00011214785794788576,False,481.93953258311376
19401,4401,2.490011086209165e-09,1.0,,,False,482.05894962511957
19402,4402,2.458885983713799e-09,1.0,,,False,482.1793337080162
19403,4403,2.4277606591738277e-09,1.0,,,False,482.3019240000285
19404,4404,2.4277606591738277e-09,1.0,,,False,482.42755045811646
19405,4405,2.3966355566784614e-09,1.0,,,False,482.5533469580114
19406,4406,2.3966355566784614e-09,1.0,,,False,482.6753959581256
19407,4407,2.365510454183095e-09,1.0,,,False,482.7800422080327
19408,4408,2.365510454183095e-09,1.0,,,False,482.86863433313556
19409,4409,2.365510454183095e-09,1.0,,,False,482.9525132079143
19410,4410,2.334385351687729e-09,1.0,,,False,483.0408032499254
19411,4411,2.3032602491923626e-09,1.0,,,False,483.1305797919631
19412,4412,2.241009822157025e-09,1.0,,,False,483.21878549992107
19413,4413,2.241009822157025e-09,1.0,,,False,483.30815925006755
19414,4414,2.1787596171662926e-09,1.0,,,False,483.3932277499698
19415,4415,2.1787596171662926e-09,1.0,,,False,483.48273366712965
19416,4416,2.1787596171662926e-09,1.0,,,False,483.5713494170923
19417,4417,2.1787596171662926e-09,1.0,,,False,483.65984604205005
19418,4418,2.1787596171662926e-09,1.0,,,False,483.74685975001194
19419,4419,2.1476345146709264e-09,1.0,,,False,483.83523254212923
19420,4420,2.085384309680194e-09,1.0,,,False,483.92499520792626
19421,4421,2.085384309680194e-09,1.0,,,False,484.01239575003274
19422,4422,2.085384309680194e-09,1.0,,,False,484.09926095814444
19423,4423,2.0542589851402226e-09,1.0,,,False,484.18800470791757
19424,4424,2.0231338826448564e-09,1.0,,,False,484.27981312503107
19425,4425,2.0231338826448564e-09,1.0,,,False,484.365987499943
19426,4426,1.992009002194095e-09,1.0,,,False,484.4536059999373
19427,4427,1.992009002194095e-09,1.0,,,False,484.54310558293946
19428,4428,1.960883677654124e-09,1.0,,,False,484.6298799579963
19429,4429,1.960883677654124e-09,1.0,,,False,484.71453500003554
19430,4430,1.9297585751587576e-09,1.0,,,False,484.80758349993266
19431,4431,1.9297585751587576e-09,1.0,,,False,484.8983803750016
19432,4432,1.9297585751587576e-09,1.0,,,False,484.9906457499601
19433,4433,1.867508370168025e-09,1.0,,,False,485.08274841704406
19434,4434,1.867508370168025e-09,1.0,,,False,485.1765180421062
19435,4435,1.867508370168025e-09,1.0,,,False,485.26387966703624
19436,4436,1.867508370168025e-09,1.0,,,False,485.3507138751447
19437,4437,1.867508370168025e-09,1.0,,,False,485.4412911250256
19438,4438,1.867508370168025e-09,1.0,,,False,485.53176475013606
19439,4439,1.867508370168025e-09,1.0,,,False,485.6285495001357
19440,4440,1.8363831566503563e-09,1.0,,,False,485.7572891251184
19441,4441,1.80525805415499e-09,1.0,,,False,485.8537397920154
19442,4442,1.80525805415499e-09,1.0,,,False,485.9331664170604
19443,4443,1.7741329516596238e-09,1.0,,,False,486.02112995809875
19444,4444,1.743007738141955e-09,1.0,,,False,486.10868420801125
19445,4445,1.7118826356465888e-09,1.0,,,False,486.19464579201303
19446,4446,1.7118826356465888e-09,1.0,,,False,486.2820495420601
19447,4447,1.6807575331512226e-09,1.0,,,False,486.3706376249902
19448,4448,1.6807575331512226e-09,1.0,,,False,486.45878250012174
19449,4449,1.6496323196335538e-09,1.0,,,False,486.5693753750529
19450,4450,1.6496323196335538e-09,1.0,,,False,486.69652358302847
19451,4451,1.5873821146428213e-09,1.0,,,False,486.8186744169798
19452,4452,1.5873821146428213e-09,1.0,,,False,486.9423251671251
19453,4453,1.5873821146428213e-09,1.0,,,False,487.04868700006045
19454,4454,1.5873821146428213e-09,1.0,,,False,487.14282050007023
19455,4455,1.5873821146428213e-09,1.0,,,False,487.23519420810044
19456,4456,1.5562569011251526e-09,1.0,,,False,487.3264525420964
19457,4457,1.5562569011251526e-09,1.0,,,False,487.4173957500607
19458,4458,1.5562569011251526e-09,1.0,,,False,487.504885958042
19459,4459,1.49400669613442e-09,1.0,,,False,487.5931115830317
19460,4460,1.4628814826167513e-09,1.0,,,False,487.6902622920461
19461,4461,1.4628814826167513e-09,1.0,,,False,487.8159236670472
19462,4462,1.4628814826167513e-09,1.0,,,False,487.9379708750639
19463,4463,1.4628814826167513e-09,1.0,,,False,488.0618077919353
19464,4464,1.4006311666037163e-09,1.0,,,False,488.1593194999732
19465,4465,1.4006311666037163e-09,1.0,,,False,488.2481495831162
19466,4466,1.4006311666037163e-09,1.0,,,False,488.3532045420725
19467,4467,1.4006311666037163e-09,1.0,,,False,488.4395755419973
19468,4468,1.4006311666037163e-09,1.0,,,False,488.528136332985
19469,4469,1.4006311666037163e-09,1.0,,,False,488.6210250421427
19470,4470,1.36950606410835e-09,1.0,,,False,488.7100721250754
19471,4471,1.36950606410835e-09,1.0,,,False,488.80100849992596
19472,4472,1.36950606410835e-09,1.0,,,False,488.88675941713154
19473,4473,1.36950606410835e-09,1.0,,,False,488.9803722500801
19474,4474,1.3383809616129838e-09,1.0,,,False,489.06847070809454
19475,4475,1.307255748095315e-09,1.0,,,False,489.1534005829599
19476,4476,1.2761306455999488e-09,1.0,,,False,489.2579650830012
19477,4477,1.2450055431045826e-09,1.0,,,False,489.35050125001
19478,4478,1.2138803295869138e-09,1.0,,,False,489.47843012493104
19479,4479,1.2138803295869138e-09,1.0,,,False,489.60079862503335
19480,4480,1.2138803295869138e-09,1.0,,,False,489.72767362510785
19481,4481,1.2138803295869138e-09,1.0,,,False,489.8417333329562
19482,4482,1.1516301245961813e-09,1.0,,,False,489.9291941670235
19483,4483,1.1516301245961813e-09,1.0,,,False,490.0161164170131
19484,4484,1.0893798085831463e-09,1.0,,,False,490.1084824579302
19485,4485,1.05825470608778e-09,1.0,,,False,490.1972148329951
19486,4486,1.05825470608778e-09,1.0,,,False,490.28559558303095
19487,4487,1.05825470608778e-09,1.0,,,False,490.3753259580117
19488,4488,1.05825470608778e-09,1.0,,,False,490.4631440420635
19489,4489,1.05825470608778e-09,1.0,,,False,490.5488284579478
19490,4490,1.0271294925701113e-09,1.0,,,False,490.63364479201846
19491,4491,1.0271294925701113e-09,1.0,,,False,490.7389426671434
19492,4492,1.0271294925701113e-09,1.0,,,False,490.86028662510216
19493,4493,1.0271294925701113e-09,1.0,,,False,490.9781015829649
19494,4494,1.0271294925701113e-09,1.0,,,False,491.08028012514114
19495,4495,1.0271294925701113e-09,1.0,,,False,491.18581299996004
19496,4496,9.960045010970475e-10,1.0,,,False,491.28829820803367
19497,4497,9.960045010970475e-10,1.0,,,False,491.39001662493683
19498,4498,9.960045010970475e-10,1.0,,,False,491.495425082976
19499,4499,9.960045010970475e-10,1.0,,,False,491.6008207499981
19500,4500,9.960045010970475e-10,1.0,1.0,7.321280531900109e-05,False,491.80670145805925
19501,4501,9.960045010970475e-10,1.0,,,False,491.9348572080489
19502,4502,9.960045010970475e-10,1.0,,,False,492.0593758330215
19503,4503,9.337541850840125e-10,1.0,,,False,492.1798867499456
19504,4504,9.337541850840125e-10,1.0,,,False,492.27371016703546
19505,4505,9.337541850840125e-10,1.0,,,False,492.4018733750563
19506,4506,9.02629027077495e-10,1.0,,,False,492.5253479999956
19507,4507,9.02629027077495e-10,1.0,,,False,492.65325725008734
19508,4508,8.715038690709775e-10,1.0,,,False,492.7780480829533
19509,4509,8.403787665756113e-10,1.0,,,False,492.90027320804074
19510,4510,7.781284505625763e-10,1.0,,,False,493.02069612499326
19511,4511,7.781284505625763e-10,1.0,,,False,493.1448064579163
19512,4512,7.781284505625763e-10,1.0,,,False,493.2751359171234
19513,4513,7.781284505625763e-10,1.0,,,False,493.3956324169412
19514,4514,7.781284505625763e-10,1.0,,,False,493.52191975014284
19515,4515,7.781284505625763e-10,1.0,,,False,493.64793991693296
19516,4516,7.781284505625763e-10,1.0,,,False,493.7728880420327
19517,4517,7.781284505625763e-10,1.0,,,False,493.88758420804515
19518,4518,7.781284505625763e-10,1.0,,,False,493.9905472919345
19519,4519,7.781284505625763e-10,1.0,,,False,494.0951447079424
19520,4520,7.781284505625763e-10,1.0,,,False,494.19701933301985
19521,4521,7.781284505625763e-10,1.0,,,False,494.2998753329739
19522,4522,7.158781900606925e-10,1.0,,,False,494.4016249580309
19523,4523,7.158781900606925e-10,1.0,,,False,494.5026317080483
19524,4524,7.158781900606925e-10,1.0,,,False,494.6078959580045
19525,4525,7.158781900606925e-10,1.0,,,False,494.7060786669608
19526,4526,6.84753032054175e-10,1.0,,,False,494.80444750003517
19527,4527,6.84753032054175e-10,1.0,,,False,494.9090870420914
19528,4528,6.84753032054175e-10,1.0,,,False,495.01257358305156
19529,4529,6.225027715522913e-10,1.0,,,False,495.1182473329827
19530,4530,6.225027715522913e-10,1.0,,,False,495.2210936250631
19531,4531,6.225027715522913e-10,1.0,,,False,495.3229653330054
19532,4532,6.225027715522913e-10,1.0,,,False,495.4264308330603
19533,4533,6.225027715522913e-10,1.0,,,False,495.52894250000827
19534,4534,6.225027715522913e-10,1.0,,,False,495.6322362499777
19535,4535,6.225027715522913e-10,1.0,,,False,495.7348712501116
19536,4536,6.225027715522913e-10,1.0,,,False,495.83735050004907
19537,4537,5.913776135457738e-10,1.0,,,False,495.9459316250868
19538,4538,5.913776135457738e-10,1.0,,,False,496.04761100001633
19539,4539,5.2912735304389e-10,1.0,,,False,496.17902275011875
19540,4540,5.2912735304389e-10,1.0,,,False,496.31905475002714
19541,4541,5.2912735304389e-10,1.0,,,False,496.4477367079817
19542,4542,5.2912735304389e-10,1.0,,,False,496.58231774996966
19543,4543,5.2912735304389e-10,1.0,,,False,496.6852009999566
19544,4544,5.2912735304389e-10,1.0,,,False,496.809887124924
19545,4545,5.2912735304389e-10,1.0,,,False,496.92726508295164
19546,4546,5.2912735304389e-10,1.0,,,False,497.0156545001082
19547,4547,5.2912735304389e-10,1.0,,,False,497.1009127921425
19548,4548,5.2912735304389e-10,1.0,,,False,497.19490916701034
19549,4549,4.668770925420063e-10,1.0,,,False,497.2820637500845
19550,4550,4.668770925420063e-10,1.0,,,False,497.3646505831275
19551,4551,4.668770925420063e-10,1.0,,,False,497.45188662502915
19552,4552,4.668770925420063e-10,1.0,,,False,497.5406593750231
19553,4553,4.668770925420063e-10,1.0,,,False,497.631474457914
19554,4554,4.668770925420063e-10,1.0,,,False,497.7163409581408
19555,4555,4.3575193453548877e-10,1.0,,,False,497.79961391701363
19556,4556,4.3575193453548877e-10,1.0,,,False,497.8873272079509
19557,4557,4.046268042845469e-10,1.0,,,False,497.97437175014056
19558,4558,3.73501674033605e-10,1.0,,,False,498.065251625143
19559,4559,3.73501674033605e-10,1.0,,,False,498.1523243330885
19560,4560,3.73501674033605e-10,1.0,,,False,498.2416467501316
19561,4561,3.1125138577614564e-10,1.0,,,False,498.3324297920335
19562,4562,2.8012622776962814e-10,1.0,,,False,498.4217847499531
19563,4563,2.8012622776962814e-10,1.0,,,False,498.5126172080636
19564,4564,2.490011252742619e-10,1.0,,,False,498.60061512491666
19565,4565,1.867508370168025e-10,1.0,,,False,498.69993308302946
19566,4566,1.867508370168025e-10,1.0,,,False,498.82572683296166
19567,4567,1.5562569288807282e-10,1.0,,,False,498.9577596669551
19568,4568,1.2450056263713094e-10,1.0,,,False,499.0844237920828
19569,4569,9.337541850840125e-11,1.0,,,False,499.2053411670495
19570,4570,6.225028131856547e-11,1.0,,,False,499.3266144581139
19571,4571,6.225028131856547e-11,1.0,,,False,499.4276269581169
19572,4572,6.225028131856547e-11,1.0,,,False,499.5147790419869
19573,4573,6.225028131856547e-11,1.0,,,False,499.60300733312033
19574,4574,3.1125140659282735e-11,1.0,,,False,499.6901452920865
19575,4575,3.1125140659282735e-11,1.0,,,False,499.7740716249682
19576,4576,3.1125140659282735e-11,1.0,,,False,499.8733419580385
19577,4577,3.1125140659282735e-11,1.0,,,False,499.97829133295454
19578,4578,3.1125140659282735e-11,1.0,,,False,500.0810681669973
19579,4579,3.1125140659282735e-11,1.0,,,False,500.18257275014184
19580,4580,3.1125140659282735e-11,1.0,,,False,500.2828497919254
19581,4581,3.1125140659282735e-11,1.0,,,False,500.3844021251425
19582,4582,3.1125140659282735e-11,1.0,,,False,500.48470541695133
19583,4583,3.1125140659282735e-11,1.0,,,False,500.5892797920387
19584,4584,3.1125140659282735e-11,1.0,,,False,500.6885587919969
19585,4585,3.1125140659282735e-11,1.0,,,False,500.79095929209143
19586,4586,3.1125140659282735e-11,1.0,,,False,500.889149249997
19587,4587,3.1125140659282735e-11,1.0,,,False,500.9849198749289
19588,4588,3.1125140659282735e-11,1.0,,,False,501.07365299994126
19589,4589,3.1125140659282735e-11,1.0,,,False,501.1653507919982
19590,4590,3.1125140659282735e-11,1.0,,,False,501.25782225001603
19591,4591,3.1125140659282735e-11,1.0,,,False,501.3466432080604
19592,4592,3.1125140659282735e-11,1.0,,,False,501.46149408305064
19593,4593,3.1125140659282735e-11,1.0,,,False,501.58873454201967
19594,4594,3.1125140659282735e-11,1.0,,,False,501.7175017921254
19595,4595,3.1125140659282735e-11,1.0,,,False,501.8429569171276
19596,4596,3.1125140659282735e-11,1.0,,,False,501.9630337499548
19597,4597,3.1125140659282735e-11,1.0,,,False,502.09480654192157
19598,4598,3.1125140659282735e-11,1.0,,,False,502.2217704579234
19599,4599,3.1125140659282735e-11,1.0,,,False,502.3475072081201
19600,4600,6.225028131856547e-11,1.0,1.0,4.0826163227682284e-05,False,502.60738520813175
19601,4601,9.337541850840125e-11,1.0,,,False,502.73675920814276
19602,4602,1.2450056263713094e-10,1.0,,,False,502.85822125012055
19603,4603,1.2450056263713094e-10,1.0,,,False,502.98206408298574
19604,4604,1.2450056263713094e-10,1.0,,,False,503.1121094999835
19605,4605,1.2450056263713094e-10,1.0,,,False,503.21556741697714
19606,4606,1.5562569288807282e-10,1.0,,,False,503.3349741669372
19607,4607,1.5562569288807282e-10,1.0,,,False,503.4567166669294
19608,4608,1.5562569288807282e-10,1.0,,,False,503.58027462498285
19609,4609,1.5562569288807282e-10,1.0,,,False,503.68754504201934
19610,4610,1.5562569288807282e-10,1.0,,,False,503.77867545792833
19611,4611,1.5562569288807282e-10,1.0,,,False,503.86804833309725
19612,4612,1.5562569288807282e-10,1.0,,,False,503.95602091704495
19613,4613,1.5562569288807282e-10,1.0,,,False,504.0461872080341
19614,4614,1.5562569288807282e-10,1.0,,,False,504.1348197921179
19615,4615,1.5562569288807282e-10,1.0,,,False,504.2261646250263
19616,4616,1.5562569288807282e-10,1.0,,,False,504.3141251669731
19617,4617,1.5562569288807282e-10,1.0,,,False,504.4081494170241
19618,4618,1.5562569288807282e-10,1.0,,,False,504.5351780001074
19619,4619,1.5562569288807282e-10,1.0,,,False,504.6642235000618
19620,4620,1.5562569288807282e-10,1.0,,,False,504.77754187514074
19621,4621,1.5562569288807282e-10,1.0,,,False,504.8849237919785
19622,4622,1.5562569288807282e-10,1.0,,,False,504.99026845791377
19623,4623,1.5562569288807282e-10,1.0,,,False,505.1015116670169
19624,4624,1.5562569288807282e-10,1.0,,,False,505.20934000005946
19625,4625,1.5562569288807282e-10,1.0,,,False,505.3132611250039
19626,4626,1.5562569288807282e-10,1.0,,,False,505.4204655829817
19627,4627,1.5562569288807282e-10,1.0,,,False,505.52176141692325
19628,4628,1.5562569288807282e-10,1.0,,,False,505.62303974991664
19629,4629,1.2450056263713094e-10,1.0,,,False,505.72311079199426
19630,4630,1.2450056263713094e-10,1.0,,,False,505.82591341692023
19631,4631,1.2450056263713094e-10,1.0,,,False,505.9297015829943
19632,4632,1.2450056263713094e-10,1.0,,,False,506.0307546670083
19633,4633,1.2450056263713094e-10,1.0,,,False,506.13367137499154
19634,4634,1.2450056263713094e-10,1.0,,,False,506.23567691701464
19635,4635,1.2450056263713094e-10,1.0,,,False,506.3451115419157
19636,4636,1.2450056263713094e-10,1.0,,,False,506.44850887497887
19637,4637,1.2450056263713094e-10,1.0,,,False,506.5534250419587
19638,4638,1.2450056263713094e-10,1.0,,,False,506.6563372500241
19639,4639,1.2450056263713094e-10,1.0,,,False,506.7575348750688
19640,4640,1.2450056263713094e-10,1.0,,,False,506.85739300004207
19641,4641,1.2450056263713094e-10,1.0,,,False,506.9619387080893
19642,4642,1.2450056263713094e-10,1.0,,,False,507.0648272919934
19643,4643,1.2450056263713094e-10,1.0,,,False,507.16767450002953
19644,4644,1.2450056263713094e-10,1.0,,,False,507.2690690420568
19645,4645,1.2450056263713094e-10,1.0,,,False,507.3709414580371
19646,4646,1.2450056263713094e-10,1.0,,,False,507.4750337919686
19647,4647,1.2450056263713094e-10,1.0,,,False,507.57662779209204
19648,4648,1.2450056263713094e-10,1.0,,,False,507.6793293331284
19649,4649,1.2450056263713094e-10,1.0,,,False,507.76695691701025
19650,4650,1.2450056263713094e-10,1.0,,,False,507.8577042920515
19651,4651,1.2450056263713094e-10,1.0,,,False,507.98735145805404
19652,4652,1.2450056263713094e-10,1.0,,,False,508.1165374170523
19653,4653,1.2450056263713094e-10,1.0,,,False,508.2313398330007
19654,4654,1.2450056263713094e-10,1.0,,,False,508.31425179191865
19655,4655,1.2450056263713094e-10,1.0,,,False,508.40270512504503
19656,4656,1.2450056263713094e-10,1.0,,,False,508.4929937501438
19657,4657,1.2450056263713094e-10,1.0,,,False,508.5857358330395
19658,4658,1.2450056263713094e-10,1.0,,,False,508.67771858302876
19659,4659,1.2450056263713094e-10,1.0,,,False,508.76594866695814
19660,4660,1.2450056263713094e-10,1.0,,,False,508.8572181670461
19661,4661,9.337541850840125e-11,1.0,,,False,508.94484683312476
19662,4662,9.337541850840125e-11,1.0,,,False,509.03335654200055
19663,4663,9.337541850840125e-11,1.0,,,False,509.1647180421278
19664,4664,9.337541850840125e-11,1.0,,,False,509.2737301250454
19665,4665,9.337541850840125e-11,1.0,,,False,509.36297375010327
19666,4666,9.337541850840125e-11,1.0,,,False,509.4547600829974
19667,4667,9.337541850840125e-11,1.0,,,False,509.54084041691385
19668,4668,9.337541850840125e-11,1.0,,,False,509.6297239169944
19669,4669,9.337541850840125e-11,1.0,,,False,509.7187517499551
19670,4670,9.337541850840125e-11,1.0,,,False,509.8021136249881
19671,4671,6.225028131856547e-11,1.0,,,False,509.8901139169466
19672,4672,6.225028131856547e-11,1.0,,,False,509.98133958294056
19673,4673,6.225028131856547e-11,1.0,,,False,510.06724700005725
19674,4674,6.225028131856547e-11,1.0,,,False,510.15502391709015
19675,4675,6.225028131856547e-11,1.0,,,False,510.2431502919644
19676,4676,6.225028131856547e-11,1.0,,,False,510.3303767500911
19677,4677,6.225028131856547e-11,1.0,,,False,510.41872479207814
19678,4678,6.225028131856547e-11,1.0,,,False,510.50407737493515
19679,4679,6.225028131856547e-11,1.0,,,False,510.5906670419499
19680,4680,6.225028131856547e-11,1.0,,,False,510.68134975014254
19681,4681,6.225028131856547e-11,1.0,,,False,510.7681425421033
19682,4682,6.225028131856547e-11,1.0,,,False,510.8557920421008
19683,4683,6.225028131856547e-11,1.0,,,False,510.9436597081367
19684,4684,6.225028131856547e-11,1.0,,,False,511.0345495000947
19685,4685,6.225028131856547e-11,1.0,,,False,511.12529341713525
19686,4686,6.225028131856547e-11,1.0,,,False,511.21088216709904
19687,4687,6.225028131856547e-11,1.0,,,False,511.2956590829417
19688,4688,6.225028131856547e-11,1.0,,,False,511.3850432499312
19689,4689,6.225028131856547e-11,1.0,,,False,511.4741090000607
19690,4690,6.225028131856547e-11,1.0,,,False,511.5637322079856
19691,4691,6.225028131856547e-11,1.0,,,False,511.64984029205516
19692,4692,6.225028131856547e-11,1.0,,,False,511.73561429209076
19693,4693,6.225028131856547e-11,1.0,,,False,511.82197116711177
19694,4694,6.225028131856547e-11,1.0,,,False,511.9049503330607
19695,4695,6.225028131856547e-11,1.0,,,False,511.9911547501106
19696,4696,6.225028131856547e-11,1.0,,,False,512.078120124992
19697,4697,6.225028131856547e-11,1.0,,,False,512.1665070001036
19698,4698,6.225028131856547e-11,1.0,,,False,512.2852364580613
19699,4699,6.225028131856547e-11,1.0,,,False,512.4077891251072
19700,4700,6.225028131856547e-11,1.0,1.0,2.5251457627479672e-05,False,512.6468342919834
19701,4701,6.225028131856547e-11,1.0,,,False,512.7736580830533
19702,4702,6.225028131856547e-11,1.0,,,False,512.8994189579971
19703,4703,6.225028131856547e-11,1.0,,,False,513.0223069170024
19704,4704,6.225028131856547e-11,1.0,,,False,513.1485941249412
19705,4705,6.225028131856547e-11,1.0,,,False,513.2677356249187
19706,4706,6.225028131856547e-11,1.0,,,False,513.3821632501204
19707,4707,6.225028131856547e-11,1.0,,,False,513.4909970001318
19708,4708,6.225028131856547e-11,1.0,,,False,513.5785444581416
19709,4709,6.225028131856547e-11,1.0,,,False,513.6633649580181
19710,4710,6.225028131856547e-11,1.0,,,False,513.7511932919733
19711,4711,6.225028131856547e-11,1.0,,,False,513.8355114581063
19712,4712,6.225028131856547e-11,1.0,,,False,513.9236417501234
19713,4713,6.225028131856547e-11,1.0,,,False,514.0120692080818
19714,4714,6.225028131856547e-11,1.0,,,False,514.1077555830125
19715,4715,6.225028131856547e-11,1.0,,,False,514.2364093749784
19716,4716,6.225028131856547e-11,1.0,,,False,514.3675747499801
19717,4717,6.225028131856547e-11,1.0,,,False,514.4722552499734
19718,4718,6.225028131856547e-11,1.0,,,False,514.5779916250613
19719,4719,6.225028131856547e-11,1.0,,,False,514.6827312500682
19720,4720,6.225028131856547e-11,1.0,,,False,514.7874585830141
19721,4721,6.225028131856547e-11,1.0,,,False,514.8898316670675
19722,4722,6.225028131856547e-11,1.0,,,False,514.9966422079597
19723,4723,6.225028131856547e-11,1.0,,,False,515.1190527500585
19724,4724,6.225028131856547e-11,1.0,,,False,515.2052033750806
19725,4725,6.225028131856547e-11,1.0,,,False,515.292772582965
19726,4726,6.225028131856547e-11,1.0,,,False,515.3815492501017
19727,4727,6.225028131856547e-11,1.0,,,False,515.4695742081385
19728,4728,6.225028131856547e-11,1.0,,,False,515.5628842080478
19729,4729,6.225028131856547e-11,1.0,,,False,515.6637965829577
19730,4730,6.225028131856547e-11,1.0,,,False,515.7658908751328
19731,4731,6.225028131856547e-11,1.0,,,False,515.8678182079457
19732,4732,6.225028131856547e-11,1.0,,,False,515.9782582081389
19733,4733,9.337541850840125e-11,1.0,,,False,516.0800413331017
19734,4734,9.337541850840125e-11,1.0,,,False,516.1963996249251
19735,4735,9.337541850840125e-11,1.0,,,False,516.310108833015
19736,4736,9.337541850840125e-11,1.0,,,False,516.397314208094
19737,4737,9.337541850840125e-11,1.0,,,False,516.4828641670756
19738,4738,9.337541850840125e-11,1.0,,,False,516.5706331250258
19739,4739,9.337541850840125e-11,1.0,,,False,516.6568065830506
19740,4740,9.337541850840125e-11,1.0,,,False,516.7440910830628
19741,4741,9.337541850840125e-11,1.0,,,False,516.8301163751166
19742,4742,9.337541850840125e-11,1.0,,,False,516.9185420421418
19743,4743,9.337541850840125e-11,1.0,,,False,517.0046508749947
19744,4744,9.337541850840125e-11,1.0,,,False,517.1218727079686
19745,4745,9.337541850840125e-11,1.0,,,False,517.2481705830432
19746,4746,9.337541850840125e-11,1.0,,,False,517.3704360420816
19747,4747,9.337541850840125e-11,1.0,,,False,517.4899552920833
19748,4748,9.337541850840125e-11,1.0,,,False,517.606853208039
19749,4749,9.337541850840125e-11,1.0,,,False,517.7343270001002
19750,4750,9.337541850840125e-11,1.0,,,False,517.8394023331348
19751,4751,9.337541850840125e-11,1.0,,,False,517.9271591671277
19752,4752,9.337541850840125e-11,1.0,,,False,518.0161883749533
19753,4753,9.337541850840125e-11,1.0,,,False,518.1011364171281
19754,4754,9.337541850840125e-11,1.0,,,False,518.1968243750744
19755,4755,9.337541850840125e-11,1.0,,,False,518.31509895809
19756,4756,9.337541850840125e-11,1.0,,,False,518.4421828750055
19757,4757,9.337541850840125e-11,1.0,,,False,518.5669743330218
19758,4758,9.337541850840125e-11,1.0,,,False,518.6860696671065
19759,4759,9.337541850840125e-11,1.0,,,False,518.8141389579978
19760,4760,9.337541850840125e-11,1.0,,,False,518.9386457081418
19761,4761,9.337541850840125e-11,1.0,,,False,519.0585553750861
19762,4762,9.337541850840125e-11,1.0,,,False,519.1847551669925
19763,4763,9.337541850840125e-11,1.0,,,False,519.3024410831276
19764,4764,6.225028131856547e-11,1.0,,,False,519.4252108749934
19765,4765,6.225028131856547e-11,1.0,,,False,519.5411287921015
19766,4766,6.225028131856547e-11,1.0,,,False,519.6533378749155
19767,4767,6.225028131856547e-11,1.0,,,False,519.7725583750289
19768,4768,6.225028131856547e-11,1.0,,,False,519.8986405830365
19769,4769,6.225028131856547e-11,1.0,,,False,520.0097477079835
19770,4770,6.225028131856547e-11,1.0,,,False,520.0957366251387
19771,4771,6.225028131856547e-11,1.0,,,False,520.1890580831096
19772,4772,6.225028131856547e-11,1.0,,,False,520.2794492079411
19773,4773,6.225028131856547e-11,1.0,,,False,520.3687889170833
19774,4774,6.225028131856547e-11,1.0,,,False,520.4598444579169
19775,4775,6.225028131856547e-11,1.0,,,False,520.5500555830076
19776,4776,6.225028131856547e-11,1.0,,,False,520.6405385420658
19777,4777,6.225028131856547e-11,1.0,,,False,520.7308918749914
19778,4778,6.225028131856547e-11,1.0,,,False,520.8152948750649
19779,4779,6.225028131856547e-11,1.0,,,False,520.9049080000259
19780,4780,6.225028131856547e-11,1.0,,,False,521.0065672500059
19781,4781,6.225028131856547e-11,1.0,,,False,521.1108731669374
19782,4782,6.225028131856547e-11,1.0,,,False,521.2176916669123
19783,4783,6.225028131856547e-11,1.0,,,False,521.3258066249546
19784,4784,6.225028131856547e-11,1.0,,,False,521.4248519169632
19785,4785,6.225028131856547e-11,1.0,,,False,521.5253923749551
19786,4786,6.225028131856547e-11,1.0,,,False,521.6270335421432
19787,4787,6.225028131856547e-11,1.0,,,False,521.7243914999999
19788,4788,6.225028131856547e-11,1.0,,,False,521.8166895830072
19789,4789,6.225028131856547e-11,1.0,,,False,521.9014320420101
19790,4790,6.225028131856547e-11,1.0,,,False,521.9872027500533
19791,4791,6.225028131856547e-11,1.0,,,False,522.074866542127
19792,4792,6.225028131856547e-11,1.0,,,False,522.1598779170308
19793,4793,6.225028131856547e-11,1.0,,,False,522.2527569169179
19794,4794,6.225028131856547e-11,1.0,,,False,522.3748117501382
19795,4795,6.225028131856547e-11,1.0,,,False,522.5062588751316
19796,4796,6.225028131856547e-11,1.0,,,False,522.619068
19797,4797,6.225028131856547e-11,1.0,,,False,522.7417782079428
19798,4798,6.225028131856547e-11,1.0,,,False,522.866172082955
19799,4799,6.225028131856547e-11,1.0,,,False,522.98225679202
19800,4800,6.225028131856547e-11,1.0,1.0,1.9627604586650217e-05,False,523.224399042083
19801,4801,6.225028131856547e-11,1.0,,,False,523.3438988330308
19802,4802,6.225028131856547e-11,1.0,,,False,523.4320435000118
19803,4803,6.225028131856547e-11,1.0,,,False,523.5453326250426
19804,4804,6.225028131856547e-11,1.0,,,False,523.6636681670789
19805,4805,6.225028131856547e-11,1.0,,,False,523.7767195000779
19806,4806,6.225028131856547e-11,1.0,,,False,523.8925542500801
19807,4807,6.225028131856547e-11,1.0,,,False,523.9891844580416
19808,4808,6.225028131856547e-11,1.0,,,False,524.0919045829214
19809,4809,6.225028131856547e-11,1.0,,,False,524.1926196669228
19810,4810,6.225028131856547e-11,1.0,,,False,524.2920833749231
19811,4811,6.225028131856547e-11,1.0,,,False,524.3917746669613
19812,4812,6.225028131856547e-11,1.0,,,False,524.4860285001341
19813,4813,6.225028131856547e-11,1.0,,,False,524.5921637921128
19814,4814,6.225028131856547e-11,1.0,,,False,524.694366541924
19815,4815,6.225028131856547e-11,1.0,,,False,524.798403291963
19816,4816,6.225028131856547e-11,1.0,,,False,524.9214750831015
19817,4817,6.225028131856547e-11,1.0,,,False,525.0430890829302
19818,4818,6.225028131856547e-11,1.0,,,False,525.1545582499821
19819,4819,6.225028131856547e-11,1.0,,,False,525.2777117080986
19820,4820,6.225028131856547e-11,1.0,,,False,525.3969888330903
19821,4821,6.225028131856547e-11,1.0,,,False,525.5174836670049
19822,4822,6.225028131856547e-11,1.0,,,False,525.6475049171131
19823,4823,6.225028131856547e-11,1.0,,,False,525.7651014169678
19824,4824,6.225028131856547e-11,1.0,,,False,525.862227207981
19825,4825,6.225028131856547e-11,1.0,,,False,525.9562507499941
19826,4826,6.225028131856547e-11,1.0,,,False,526.0527758749668
19827,4827,6.225028131856547e-11,1.0,,,False,526.1451148749329
19828,4828,6.225028131856547e-11,1.0,,,False,526.2314846250229
19829,4829,6.225028131856547e-11,1.0,,,False,526.3255427500699
19830,4830,6.225028131856547e-11,1.0,,,False,526.416917250026
19831,4831,6.225028131856547e-11,1.0,,,False,526.4981146671344
19832,4832,6.225028131856547e-11,1.0,,,False,526.58121604193
19833,4833,6.225028131856547e-11,1.0,,,False,526.6866387079936
19834,4834,6.225028131856547e-11,1.0,,,False,526.7905382080935
19835,4835,3.1125140659282735e-11,1.0,,,False,526.8936505829915
19836,4836,3.1125140659282735e-11,1.0,,,False,526.9943343750201
19837,4837,3.1125140659282735e-11,1.0,,,False,527.0926290829666
19838,4838,3.1125140659282735e-11,1.0,,,False,527.1821728330106
19839,4839,3.1125140659282735e-11,1.0,,,False,527.2711060829461
19840,4840,3.1125140659282735e-11,1.0,,,False,527.3604234999511
19841,4841,3.1125140659282735e-11,1.0,,,False,527.4485801670235
19842,4842,3.1125140659282735e-11,1.0,,,False,527.5330782919191
19843,4843,3.1125140659282735e-11,1.0,,,False,527.6353477081284
19844,4844,3.1125140659282735e-11,1.0,,,False,527.7516667500604
19845,4845,3.1125140659282735e-11,1.0,,,False,527.8702395420987
19846,4846,3.1125140659282735e-11,1.0,,,False,527.9964781671297
19847,4847,3.1125140659282735e-11,1.0,,,False,528.0978097079787
19848,4848,3.1125140659282735e-11,1.0,,,False,528.1845117080957
19849,4849,3.1125140659282735e-11,1.0,,,False,528.2723084581085
19850,4850,3.1125140659282735e-11,1.0,,,False,528.3586938329972
19851,4851,3.1125140659282735e-11,1.0,,,False,528.4463995830156
19852,4852,3.1125140659282735e-11,1.0,,,False,528.5325481251348
19853,4853,3.1125140659282735e-11,1.0,,,False,528.6214490421116
19854,4854,3.1125140659282735e-11,1.0,,,False,528.708497958025
19855,4855,3.1125140659282735e-11,1.0,,,False,528.8118460420519
19856,4856,3.1125140659282735e-11,1.0,,,False,528.9416405830998
19857,4857,3.1125140659282735e-11,1.0,,,False,529.068621667102
19858,4858,3.1125140659282735e-11,1.0,,,False,529.1880646250211
19859,4859,3.1125140659282735e-11,1.0,,,False,529.2872092919424
19860,4860,3.1125140659282735e-11,1.0,,,False,529.4030059170909
19861,4861,3.1125140659282735e-11,1.0,,,False,529.5100211671088
19862,4862,3.1125140659282735e-11,1.0,,,False,529.6125055830926
19863,4863,3.1125140659282735e-11,1.0,,,False,529.7103085829876
19864,4864,3.1125140659282735e-11,1.0,,,False,529.8107266670559
19865,4865,3.1125140659282735e-11,1.0,,,False,529.9146017499734
19866,4866,3.1125140659282735e-11,1.0,,,False,530.0169842080213
19867,4867,3.1125140659282735e-11,1.0,,,False,530.1189410830848
19868,4868,3.1125140659282735e-11,1.0,,,False,530.2237672079355
19869,4869,3.1125140659282735e-11,1.0,,,False,530.3260156249162
19870,4870,3.1125140659282735e-11,1.0,,,False,530.4270912080538
19871,4871,3.1125140659282735e-11,1.0,,,False,530.5251667499542
19872,4872,3.1125140659282735e-11,1.0,,,False,530.6224165831227
19873,4873,3.1125140659282735e-11,1.0,,,False,530.7217329170089
19874,4874,3.1125140659282735e-11,1.0,,,False,530.823024667101
19875,4875,3.1125140659282735e-11,1.0,,,False,530.9208767081145
19876,4876,3.1125140659282735e-11,1.0,,,False,531.0237209580373
19877,4877,3.1125140659282735e-11,1.0,,,False,531.1161246669944
19878,4878,3.1125140659282735e-11,1.0,,,False,531.2008486669511
19879,4879,3.1125140659282735e-11,1.0,,,False,531.2937448751181
19880,4880,3.1125140659282735e-11,1.0,,,False,531.3819220829755
19881,4881,3.1125140659282735e-11,1.0,,,False,531.4833815831225
19882,4882,3.1125140659282735e-11,1.0,,,False,531.584923916962
19883,4883,3.1125140659282735e-11,1.0,,,False,531.6883820421062
19884,4884,3.1125140659282735e-11,1.0,,,False,531.7900112080388
19885,4885,3.1125140659282735e-11,1.0,,,False,531.8918530000374
19886,4886,3.1125140659282735e-11,1.0,,,False,531.9952080829535
19887,4887,3.1125140659282735e-11,1.0,,,False,532.0975857919548
19888,4888,3.1125140659282735e-11,1.0,,,False,532.2025074579287
19889,4889,3.1125140659282735e-11,1.0,,,False,532.3015228749719
19890,4890,3.1125140659282735e-11,1.0,,,False,532.4021482500248
19891,4891,3.1125140659282735e-11,1.0,,,False,532.5046879579313
19892,4892,3.1125140659282735e-11,1.0,,,False,532.6216977920849
19893,4893,3.1125140659282735e-11,1.0,,,False,532.7398113331292
19894,4894,3.1125140659282735e-11,1.0,,,False,532.8550209170207
19895,4895,3.1125140659282735e-11,1.0,,,False,532.9861326250248
19896,4896,3.1125140659282735e-11,1.0,,,False,533.1148822500836
19897,4897,3.1125140659282735e-11,1.0,,,False,533.2431472081225
19898,4898,3.1125140659282735e-11,1.0,,,False,533.3624305000994
19899,4899,3.1125140659282735e-11,1.0,,,False,533.481929166941
19900,4900,3.1125140659282735e-11,1.0,1.0,1.6183651142934823e-05,False,533.661907749949
19901,4901,3.1125140659282735e-11,1.0,,,False,533.7879577081185
19902,4902,3.1125140659282735e-11,1.0,,,False,533.9115537500475
19903,4903,3.1125140659282735e-11,1.0,,,False,534.0305330001283
19904,4904,3.1125140659282735e-11,1.0,,,False,534.1532286249567
19905,4905,3.1125140659282735e-11,1.0,,,False,534.2761667920277
19906,4906,3.1125140659282735e-11,1.0,,,False,534.4018209581263
19907,4907,3.1125140659282735e-11,1.0,,,False,534.5267249580938
19908,4908,3.1125140659282735e-11,1.0,,,False,534.6498568330426
19909,4909,3.1125140659282735e-11,1.0,,,False,534.7709932920989
19910,4910,3.1125140659282735e-11,1.0,,,False,534.8955512500834
19911,4911,3.1125140659282735e-11,1.0,,,False,535.0194573330227
19912,4912,3.1125140659282735e-11,1.0,,,False,535.1375667080283
19913,4913,3.1125140659282735e-11,1.0,,,False,535.2571940000635
19914,4914,3.1125140659282735e-11,1.0,,,False,535.3768985420465
19915,4915,3.1125140659282735e-11,1.0,,,False,535.5027417500969
19916,4916,3.1125140659282735e-11,1.0,,,False,535.6223380421288
19917,4917,3.1125140659282735e-11,1.0,,,False,535.736472541932
19918,4918,3.1125140659282735e-11,1.0,,,False,535.8571671671234
19919,4919,3.1125140659282735e-11,1.0,,,False,535.9905268331058
19920,4920,3.1125140659282735e-11,1.0,,,False,536.1181270829402
19921,4921,3.1125140659282735e-11,1.0,,,False,536.237542750081
19922,4922,3.1125140659282735e-11,1.0,,,False,536.3604970420711
19923,4923,3.1125140659282735e-11,1.0,,,False,536.4831974999979
19924,4924,3.1125140659282735e-11,1.0,,,False,536.6094213749748
19925,4925,3.1125140659282735e-11,1.0,,,False,536.7306408330332
19926,4926,3.1125140659282735e-11,1.0,,,False,536.8550674580038
19927,4927,3.1125140659282735e-11,1.0,,,False,536.9877018330153
19928,4928,3.1125140659282735e-11,1.0,,,False,537.1135122920386
19929,4929,3.1125140659282735e-11,1.0,,,False,537.2160077500157
19930,4930,3.1125140659282735e-11,1.0,,,False,537.3183471669909
19931,4931,3.1125140659282735e-11,1.0,,,False,537.421140416991
19932,4932,3.1125140659282735e-11,1.0,,,False,537.5118963329587
19933,4933,3.1125140659282735e-11,1.0,,,False,537.5954125421122
19934,4934,3.1125140659282735e-11,1.0,,,False,537.6826453329995
19935,4935,3.1125140659282735e-11,1.0,,,False,537.7697837499436
19936,4936,3.1125140659282735e-11,1.0,,,False,537.8583832080476
19937,4937,3.1125140659282735e-11,1.0,,,False,537.9444556669332
19938,4938,3.1125140659282735e-11,1.0,,,False,538.0326308330987
19939,4939,3.1125140659282735e-11,1.0,,,False,538.1207185420208
19940,4940,3.1125140659282735e-11,1.0,,,False,538.2107174170669
19941,4941,3.1125140659282735e-11,1.0,,,False,538.2963618750218
19942,4942,3.1125140659282735e-11,1.0,,,False,538.3819012921304
19943,4943,3.1125140659282735e-11,1.0,,,False,538.4675879999995
19944,4944,3.1125140659282735e-11,1.0,,,False,538.5499663329683
19945,4945,3.1125140659282735e-11,1.0,,,False,538.6332956671249
19946,4946,3.1125140659282735e-11,1.0,,,False,538.7166177500039
19947,4947,3.1125140659282735e-11,1.0,,,False,538.8044400829822
19948,4948,3.1125140659282735e-11,1.0,,,False,538.8915227500256
19949,4949,3.1125140659282735e-11,1.0,,,False,538.9780347079504
19950,4950,3.1125140659282735e-11,1.0,,,False,539.0595130000729
19951,4951,3.1125140659282735e-11,1.0,,,False,539.1412629580591
19952,4952,3.1125140659282735e-11,1.0,,,False,539.2223380829673
19953,4953,3.1125140659282735e-11,1.0,,,False,539.2976659999695
19954,4954,3.1125140659282735e-11,1.0,,,False,539.3818678751122
19955,4955,3.1125140659282735e-11,1.0,,,False,539.4671750830021
19956,4956,3.1125140659282735e-11,1.0,,,False,539.5486497499514
19957,4957,3.1125140659282735e-11,1.0,,,False,539.6399929579347
19958,4958,3.1125140659282735e-11,1.0,,,False,539.7307522920892
19959,4959,3.1125140659282735e-11,1.0,,,False,539.8213832499459
19960,4960,3.1125140659282735e-11,1.0,,,False,539.9115642919205
19961,4961,3.1125140659282735e-11,1.0,,,False,539.9968071249314
19962,4962,3.1125140659282735e-11,1.0,,,False,540.0922742080875
19963,4963,3.1125140659282735e-11,1.0,,,False,540.1983359169681
19964,4964,3.1125140659282735e-11,1.0,,,False,540.3214423330501
19965,4965,3.1125140659282735e-11,1.0,,,False,540.4409707919694
19966,4966,3.1125140659282735e-11,1.0,,,False,540.5428768331185
19967,4967,3.1125140659282735e-11,1.0,,,False,540.6444930001162
19968,4968,3.1125140659282735e-11,1.0,,,False,540.744065457955
19969,4969,3.1125140659282735e-11,1.0,,,False,540.8431824170984
19970,4970,3.1125140659282735e-11,1.0,,,False,540.9371972079389
19971,4971,3.1125140659282735e-11,1.0,,,False,541.0351928749587
19972,4972,3.1125140659282735e-11,1.0,,,False,541.13688812498
19973,4973,3.1125140659282735e-11,1.0,,,False,541.2366615000647
19974,4974,3.1125140659282735e-11,1.0,,,False,541.3382524999324
19975,4975,3.1125140659282735e-11,1.0,,,False,541.4368731249124
19976,4976,3.1125140659282735e-11,1.0,,,False,541.5422106669284
19977,4977,3.1125140659282735e-11,1.0,,,False,541.6463500829414
19978,4978,3.1125140659282735e-11,1.0,,,False,541.7573939170688
19979,4979,3.1125140659282735e-11,1.0,,,False,541.8616249579936
19980,4980,3.1125140659282735e-11,1.0,,,False,541.9667975420598
19981,4981,3.1125140659282735e-11,1.0,,,False,542.0583368749358
19982,4982,3.1125140659282735e-11,1.0,,,False,542.1501421669964
19983,4983,3.1125140659282735e-11,1.0,,,False,542.2498607081361
19984,4984,3.1125140659282735e-11,1.0,,,False,542.3446271249559
19985,4985,3.1125140659282735e-11,1.0,,,False,542.446693582926
19986,4986,3.1125140659282735e-11,1.0,,,False,542.5399922081269
19987,4987,3.1125140659282735e-11,1.0,,,False,542.632888500113
19988,4988,3.1125140659282735e-11,1.0,,,False,542.7248389581218
19989,4989,3.1125140659282735e-11,1.0,,,False,542.8161095001269
19990,4990,3.1125140659282735e-11,1.0,,,False,542.9056093329564
19991,4991,3.1125140659282735e-11,1.0,,,False,542.9944366249256
19992,4992,3.1125140659282735e-11,1.0,,,False,543.0866347081028
19993,4993,3.1125140659282735e-11,1.0,,,False,543.1756711669732
19994,4994,3.1125140659282735e-11,1.0,,,False,543.2617580420338
19995,4995,3.1125140659282735e-11,1.0,,,False,543.3506341669708
19996,4996,3.1125140659282735e-11,1.0,,,False,543.4391465829685
19997,4997,3.1125140659282735e-11,1.0,,,False,543.5346102081239
19998,4998,3.1125140659282735e-11,1.0,,,False,543.6229691670742
19999,4999,3.1125140659282735e-11,1.0,,,False,543.7145942919888
20000,5000,3.1125140659282735e-11,1.0,1.0,1.3479795174353354e-05,False,543.9042495419271
