step,local_step,train_loss,train_accuracy,test_accuracy,test_loss64,joint_failure,elapsed_seconds
18000,0,8.659013417400274e-08,1.0,0.9239288511019129,0.6347994375748418,False,0.13442591694183648
18001,1,8.995164790803756e-08,1.0,,,False,0.28462941688485444
18002,2,9.004502743437115e-08,1.0,,,False,0.37768741697072983
18003,3,9.104103071422287e-08,1.0,,,False,0.4670987499412149
18004,4,9.057415439883698e-08,1.0,,,False,0.559133708011359
18005,5,9.119665378420905e-08,1.0,,,False,0.6586003748234361
18006,6,9.331316164207237e-08,1.0,,,False,0.7697052080184221
18007,7,9.496280028997717e-08,1.0,,,False,0.8767513749189675
18008,8,9.31575385720862e-08,1.0,,,False,0.9807842918671668
18009,9,9.651905230612101e-08,1.0,,,False,1.0846121669746935
18010,10,9.390453925561815e-08,1.0,,,False,1.190767499851063
18011,11,9.598992534165518e-08,1.0,,,False,1.2957764999009669
18012,12,9.717268056874673e-08,1.0,,,False,1.3992169578559697
18013,13,9.754618446322638e-08,1.0,,,False,1.5053281669970602
18014,14,9.723493121782667e-08,1.0,,,False,1.6106836248654872
18015,15,9.910244358479758e-08,1.0,,,False,1.7161383328493685
18016,16,9.910244358479758e-08,1.0,,,False,1.8214876248966902
18017,17,1.0003619621556936e-07,1.0,,,False,1.9261117079295218
18018,18,1.0037857123279537e-07,1.0,,,False,2.029182666912675
18019,19,1.0174807840712674e-07,1.0,,,False,2.1332506670150906
18020,20,1.0233945602067251e-07,1.0,,,False,2.2346443329006433
18021,21,1.0177920017895303e-07,1.0,,,False,2.3348861248232424
18022,22,1.0342883882685783e-07,1.0,,,False,2.4358969999011606
18023,23,1.0529634408840138e-07,1.0,,,False,2.5605488328728825
18024,24,1.048294677730155e-07,1.0,,,False,2.6458672918379307
18025,25,1.0576322040378727e-07,1.0,,,False,2.7311555419582874
18026,26,1.0651022108731922e-07,1.0,,,False,2.814854791853577
18027,27,1.0666585126273276e-07,1.0,,,False,2.898995874915272
18028,28,1.0794197891073054e-07,1.0,,,False,2.983979041920975
18029,29,1.0931148608506192e-07,1.0,,,False,3.0743589578196406
18030,30,1.0940486561139551e-07,1.0,,,False,3.1594186248257756
18031,31,1.0959161045320798e-07,1.0,,,False,3.243090916890651
18032,32,1.1108561892569924e-07,1.0,,,False,3.3209748750086874
18033,33,1.1220612350371084e-07,1.0,,,False,3.401989916805178
18034,34,1.1242400432820432e-07,1.0,,,False,3.483591999858618
18035,35,1.1416700829158799e-07,1.0,,,False,3.5701519169379026
18036,36,1.1388688392344193e-07,1.0,,,False,3.6527917080093175
18037,37,1.1556763723774566e-07,1.0,,,False,3.737054791999981
18038,38,1.141358865197617e-07,1.0,,,False,3.8206158329267055
18039,39,1.1656364762302474e-07,1.0,,,False,3.9023134168237448
18040,40,1.1802652721826234e-07,1.0,,,False,3.9832128749694675
18041,41,1.1836890223548835e-07,1.0,,,False,4.066831207834184
18042,42,1.1830665158640841e-07,1.0,,,False,4.14960595802404
18043,43,1.2070329091784515e-07,1.0,,,False,4.231147625017911
18044,44,1.2089003575965762e-07,1.0,,,False,4.315527583006769
18045,45,1.2222841405673535e-07,1.0,,,False,4.4019744580145925
18046,46,1.2225955003941635e-07,1.0,,,False,4.485786332981661
18047,47,1.2247741665305512e-07,1.0,,,False,4.575333666987717
18048,48,1.233800475120006e-07,1.0,,,False,4.660948666976765
18049,49,1.2437605789727968e-07,1.0,,,False,4.745225457940251
18050,50,1.2540319005438505e-07,1.0,,,False,4.828890041913837
18051,51,1.272706953159286e-07,1.0,,,False,4.920797624858096
18052,52,1.2723957354410231e-07,1.0,,,False,5.032929332926869
18053,53,1.2817331196401938e-07,1.0,,,False,5.1565317499917
18054,54,1.2935606719111092e-07,1.0,,,False,5.260966624831781
18055,55,1.302586980500564e-07,1.0,,,False,5.347569791832939
18056,56,1.3144145327714796e-07,1.0,,,False,5.438998666824773
18057,57,1.2963619155925699e-07,1.0,,,False,5.52246837480925
18058,58,1.3206395976794738e-07,1.0,,,False,5.612109791953117
18059,59,1.3081894678634853e-07,1.0,,,False,5.694767624838278
18060,60,1.3355796113501128e-07,1.0,,,False,5.781782374950126
18061,61,1.328109675569067e-07,1.0,,,False,5.864948374917731
18062,62,1.341182098713034e-07,1.0,,,False,5.949936332879588
18063,63,1.350830984847562e-07,1.0,,,False,6.035335416905582
18064,64,1.350208407302489e-07,1.0,,,False,6.1240010829642415
18065,65,1.3626585371184774e-07,1.0,,,False,6.210600999882445
18066,66,1.3607909465918056e-07,1.0,,,False,6.295694082975388
18067,67,1.372618498862721e-07,1.0,,,False,6.409001583000645
18068,68,1.4018762328760204e-07,1.0,,,False,6.513277292018756
18069,69,1.3866248593785713e-07,1.0,,,False,6.623253250028938
18070,70,1.396273603404552e-07,1.0,,,False,6.740085457917303
18071,71,1.4034324635758821e-07,1.0,,,False,6.825119207846001
18072,72,1.4140150028651988e-07,1.0,,,False,6.909164707874879
18073,73,1.4183724772465212e-07,1.0,,,False,6.997131416806951
18074,74,1.4345576460073062e-07,1.0,,,False,7.105516291921958
18075,75,1.434246286180496e-07,1.0,,,False,7.229724999982864
18076,76,1.4320676200441085e-07,1.0,,,False,7.3535325829871
18077,77,1.4635040201937954e-07,1.0,,,False,7.478666374925524
18078,78,1.436113876707168e-07,1.0,,,False,7.598294083029032
18079,79,1.4551001470408664e-07,1.0,,,False,7.722585832932964
18080,80,1.466927699311782e-07,1.0,,,False,7.841980707831681
18081,81,1.4719077512381773e-07,1.0,,,False,7.964103499893099
18082,82,1.4796890468460333e-07,1.0,,,False,8.082858332898468
18083,83,1.4887153554354882e-07,1.0,,,False,8.204624291975051
18084,84,1.4927616120985476e-07,1.0,,,False,8.32969958288595
18085,85,1.4952516380617453e-07,1.0,,,False,8.45724183297716
18086,86,1.5036553691061272e-07,1.0,,,False,8.57917833281681
18087,87,1.5120592422590562e-07,1.0,,,False,8.704392625018954
18088,88,1.5192179603218392e-07,1.0,,,False,8.82316574989818
18089,89,1.5182841650585033e-07,1.0,,,False,8.94703641696833
18090,90,1.5422506294271443e-07,1.0,,,False,9.073640041984618
18091,91,1.5391380259188736e-07,1.0,,,False,9.185706249903888
18092,92,1.5575018608160462e-07,1.0,,,False,9.30866629187949
18093,93,1.5559456301161845e-07,1.0,,,False,9.434594957856461
18094,94,1.568395759932173e-07,1.0,,,False,9.561162333004177
18095,95,1.5699519906320347e-07,1.0,,,False,9.687460249988362
18096,96,1.5799119523762784e-07,1.0,,,False,9.802352166967466
18097,97,1.5805345299213513e-07,1.0,,,False,9.904444416984916
18098,98,1.614149596207426e-07,1.0,,,False,10.01084258290939
18099,99,1.6116597123527754e-07,1.0,,,False,10.114484541816637
18100,100,1.628467174441539e-07,1.0,0.8912630048103815,1.0342917680721753,False,10.314042291836813
18101,101,1.6247321354967426e-07,1.0,,,False,10.421816957881674
18102,102,1.6543010872283048e-07,1.0,,,False,10.524484916822985
18103,103,1.6490098175836465e-07,1.0,,,False,10.627132958034053
18104,104,1.6561685356464295e-07,1.0,,,False,10.728807666804641
18105,105,1.6630161780994968e-07,1.0,,,False,10.82625116687268
18106,106,1.6661286394992203e-07,1.0,,,False,10.91066062496975
18107,107,1.6701748961622798e-07,1.0,,,False,11.024708166951314
18108,108,1.700055065612105e-07,1.0,,,False,11.151815957855433
18109,109,1.693207565267585e-07,1.0,,,False,11.286077332915738
18110,110,1.7165513099826057e-07,1.0,,,False,11.412693249993026
18111,111,1.7346039271615155e-07,1.0,,,False,11.539863124955446
18112,112,1.7327364787433908e-07,1.0,,,False,11.659378124866635
18113,113,1.7333589141799166e-07,1.0,,,False,11.78046716703102
18114,114,1.7588816092484194e-07,1.0,,,False,11.912160207983106
18115,115,1.7523453266221622e-07,1.0,,,False,12.0225327918306
18116,116,1.7573252364400105e-07,1.0,,,False,12.10834641684778
18117,117,1.777556661863855e-07,1.0,,,False,12.199041332816705
18118,118,1.792807893252757e-07,1.0,,,False,12.285135874990374
18119,119,1.7952979192159546e-07,1.0,,,False,12.373319707810879
18120,120,1.7990329581607511e-07,1.0,,,False,12.460812082979828
18121,121,1.8065030360503442e-07,1.0,,,False,12.559648707974702
18122,122,1.832648166555373e-07,1.0,,,False,12.664036792004481
18123,123,1.823933075684181e-07,1.0,,,False,12.767105124890804
18124,124,1.8416744751448277e-07,1.0,,,False,12.867717041866854
18125,125,1.8413631153180177e-07,1.0,,,False,12.969351541949436
18126,126,1.8522570144341444e-07,1.0,,,False,13.07249049982056
18127,127,1.869687054067981e-07,1.0,,,False,13.175969708012417
18128,128,1.8653295796866587e-07,1.0,,,False,13.283372625010088
18129,129,1.8840046323020943e-07,1.0,,,False,13.388510332908481
18130,130,1.8799583756390348e-07,1.0,,,False,13.49226116691716
18131,131,1.8818258240571595e-07,1.0,,,False,13.596481333021075
18132,132,1.893653376328075e-07,1.0,,,False,13.702353124972433
18133,133,1.9126397887703206e-07,1.0,,,False,13.804616458015516
18134,134,1.917619840696716e-07,1.0,,,False,13.908538916846737
18135,135,1.933493649630691e-07,1.0,,,False,14.012966291978955
18136,136,1.9356723157670785e-07,1.0,,,False,14.117737124906853
18137,137,1.947811227864804e-07,1.0,,,False,14.231840458000079
18138,138,1.9428311759384087e-07,1.0,,,False,14.334644541842863
18139,139,1.9574599718907848e-07,1.0,,,False,14.420183792011812
18140,140,1.9624400238171802e-07,1.0,,,False,14.543374124914408
18141,141,1.963996254517042e-07,1.0,,,False,14.668400291819125
18142,142,1.9973001030848536e-07,1.0,,,False,14.779180832905695
18143,143,1.9898301673038077e-07,1.0,,,False,14.890105916885659
18144,144,1.9895188074769976e-07,1.0,,,False,15.017696457915008
18145,145,2.010995245882441e-07,1.0,,,False,15.141160874860361
18146,146,2.0078826423741702e-07,1.0,,,False,15.273729499895126
18147,147,2.0240678111349553e-07,1.0,,,False,15.405642707832158
18148,148,2.0243790288532182e-07,1.0,,,False,15.49667308293283
18149,149,2.0442990944502526e-07,1.0,,,False,15.584838207811117
18150,150,2.0299815162161394e-07,1.0,,,False,15.70057374984026
18151,151,2.0458553251501144e-07,1.0,,,False,15.790165166836232
18152,152,2.0654641730288859e-07,1.0,,,False,15.890383041929454
18153,153,2.0685767765371565e-07,1.0,,,False,15.998734291875735
18154,154,2.0558154290029051e-07,1.0,,,False,16.0836156248115
18155,155,2.0841392256443214e-07,1.0,,,False,16.180073417024687
18156,156,2.0779143028448743e-07,1.0,,,False,16.29562074993737
18157,157,2.0925430987972504e-07,1.0,,,False,16.42090924992226
18158,158,2.087251829152592e-07,1.0,,,False,16.54803516692482
18159,159,2.1168206387756072e-07,1.0,,,False,16.67631091689691
18160,160,2.0903642905523157e-07,1.0,,,False,16.797373333014548
18161,161,2.1081056900129624e-07,1.0,,,False,16.91687774984166
18162,162,2.1205556777204038e-07,1.0,,,False,17.02389399986714
18163,163,2.1165094210573443e-07,1.0,,,False,17.128519957885146
18164,164,2.1218006907020026e-07,1.0,,,False,17.24962137499824
18165,165,2.133628242972918e-07,1.0,,,False,17.365845874883235
18166,166,2.1473233857705054e-07,1.0,,,False,17.485861541936174
18167,167,2.1473233857705054e-07,1.0,,,False,17.590431457851082
18168,168,2.142965769280636e-07,1.0,,,False,17.69880066695623
18169,169,2.1603958089144726e-07,1.0,,,False,17.78779845801182
18170,170,2.1672434513675398e-07,1.0,,,False,17.90241012489423
18171,171,2.1666208738224668e-07,1.0,,,False,18.00873479200527
18172,172,2.149502051906893e-07,1.0,,,False,18.10031354194507
18173,173,2.165998438385941e-07,1.0,,,False,18.20034895790741
18174,174,2.1768921953935205e-07,1.0,,,False,18.324653332820162
18175,175,2.1759584001301846e-07,1.0,,,False,18.448363999836147
18176,176,2.18093845205658e-07,1.0,,,False,18.53762716683559
18177,177,2.1759584001301846e-07,1.0,,,False,18.63746879203245
18178,178,2.1725347210121981e-07,1.0,,,False,18.768323041964322
18179,179,2.1781372083751194e-07,1.0,,,False,18.888432916952297
18180,180,2.1778259906568564e-07,1.0,,,False,18.986536541953683
18181,181,2.1681771045223286e-07,1.0,,,False,19.08253899984993
18182,182,2.1706671304855263e-07,1.0,,,False,19.197240416891873
18183,183,2.1703559127672634e-07,1.0,,,False,19.323616249952465
18184,184,2.1784484260933823e-07,1.0,,,False,19.445827707881108
18185,185,2.1597733734779467e-07,1.0,,,False,19.572172291809693
18186,186,2.1712897080305993e-07,1.0,,,False,19.70209658285603
18187,187,2.1765809776752576e-07,1.0,,,False,19.826708792010322
18188,188,2.1716009257488622e-07,1.0,,,False,19.953437082935125
18189,189,2.1784484260933823e-07,1.0,,,False,20.080233374843374
18190,190,2.181249669774843e-07,1.0,,,False,20.20791508280672
18191,191,2.1971234787088179e-07,1.0,,,False,20.32165770791471
18192,192,2.196189825554029e-07,1.0,,,False,20.42827370786108
18193,193,2.1943222350273572e-07,1.0,,,False,20.532525124959648
18194,194,2.203348543616812e-07,1.0,,,False,20.647910374915227
18195,195,2.2024147483534762e-07,1.0,,,False,20.7338466248475
18196,196,2.1980572739721538e-07,1.0,,,False,20.81780574982986
18197,197,2.2027261081802862e-07,1.0,,,False,20.908824166981503
18198,198,2.195878465727219e-07,1.0,,,False,21.00168020790443
18199,199,2.21268606992453e-07,1.0,,,False,21.084584957920015
18200,200,2.2030373258985492e-07,1.0,0.886228884662714,1.0282297139655339,False,21.2903481668327
18201,201,2.2030373258985492e-07,1.0,,,False,21.40724445786327
18202,202,2.2024147483534762e-07,1.0,,,False,21.50999041693285
18203,203,2.2142423006243916e-07,1.0,,,False,21.60923224990256
18204,204,2.2086398132614704e-07,1.0,,,False,21.71122320787981
18205,205,2.2254474174587813e-07,1.0,,,False,21.81642112485133
18206,206,2.21984493009586e-07,1.0,,,False,21.9201591250021
18207,207,2.2185999171142612e-07,1.0,,,False,22.04004008299671
18208,208,2.2254474174587813e-07,1.0,,,False,22.157135874964297
18209,209,2.2263812127221172e-07,1.0,,,False,22.269321125000715
18210,210,2.22669243044038e-07,1.0,,,False,22.373368124943227
18211,211,2.2304274693851767e-07,1.0,,,False,22.47682641702704
18212,212,2.2484800865640864e-07,1.0,,,False,22.58068524999544
18213,213,2.2406987909562304e-07,1.0,,,False,22.684284707996994
18214,214,2.2466124960374145e-07,1.0,,,False,22.78873520786874
18215,215,2.2540825739270076e-07,1.0,,,False,22.911792582832277
18216,216,2.2394537779746315e-07,1.0,,,False,23.03953512501903
18217,217,2.257506253044994e-07,1.0,,,False,23.152684999862686
18218,218,2.2540825739270076e-07,1.0,,,False,23.244212541962042
18219,219,2.258128830590067e-07,1.0,,,False,23.35036883293651
18220,220,2.2783601139053644e-07,1.0,,,False,23.474840707844123
18221,221,2.2615526518166007e-07,1.0,,,False,23.57752487482503
18222,222,2.266221343916186e-07,1.0,,,False,23.68071408290416
18223,223,2.2621750872531265e-07,1.0,,,False,23.785994707839563
18224,224,2.283028948113497e-07,1.0,,,False,23.915764207951725
18225,225,2.2802277044320363e-07,1.0,,,False,24.040919916937128
18226,226,2.2858301917949575e-07,1.0,,,False,24.164517208002508
18227,227,2.2939227051210764e-07,1.0,,,False,24.284552874974906
18228,228,2.2833401658317598e-07,1.0,,,False,24.410911582875997
18229,229,2.2951677181026753e-07,1.0,,,False,24.517498249886557
18230,230,2.297657744065873e-07,1.0,,,False,24.625526416813955
18231,231,2.2933002696845506e-07,1.0,,,False,24.74947337503545
18232,232,2.3023265782740054e-07,1.0,,,False,24.88271512486972
18233,233,2.3097965140550514e-07,1.0,,,False,25.008214707951993
18234,234,2.306372834937065e-07,1.0,,,False,25.107074457919225
18235,235,2.297968961784136e-07,1.0,,,False,25.208034249953926
18236,236,2.3191340403627692e-07,1.0,,,False,25.335853457916528
18237,237,2.3166440143995715e-07,1.0,,,False,25.458446374861524
18238,238,2.3116641045817232e-07,1.0,,,False,25.567458249861374
18239,239,2.3225578615893028e-07,1.0,,,False,25.66331766685471
18240,240,2.3250478875525005e-07,1.0,,,False,25.794882166897878
18241,241,2.328782926497297e-07,1.0,,,False,25.904504125006497
18242,242,2.3312729524604947e-07,1.0,,,False,26.03814495797269
18243,243,2.3465241838493966e-07,1.0,,,False,26.14906583284028
18244,244,2.3253591052707634e-07,1.0,,,False,26.26897087483667
18245,245,2.344034157886199e-07,1.0,,,False,26.400121999904513
18246,246,2.3396766835048766e-07,1.0,,,False,26.512700666906312
18247,247,2.3384316705232777e-07,1.0,,,False,26.61532474984415
18248,248,2.3424779271863372e-07,1.0,,,False,26.724410249851644
18249,249,2.343722940167936e-07,1.0,,,False,26.834908624878153
18250,250,2.343411722449673e-07,1.0,,,False,26.940947332885116
18251,251,2.343722940167936e-07,1.0,,,False,27.046280124923214
18252,252,2.3558617101571144e-07,1.0,,,False,27.17426316696219
18253,253,2.3471467613944696e-07,1.0,,,False,27.281871707877144
18254,254,2.3496367873576673e-07,1.0,,,False,27.40985166700557
18255,255,2.344034157886199e-07,1.0,,,False,27.537486916873604
18256,256,2.359907966820174e-07,1.0,,,False,27.63879879191518
18257,257,2.3555504924388515e-07,1.0,,,False,27.744537082966417
18258,258,2.3701792883912276e-07,1.0,,,False,27.841257124906406
18259,259,2.3642655833100434e-07,1.0,,,False,27.938097999896854
18260,260,2.3686230576913658e-07,1.0,,,False,28.0531694998499
18261,261,2.367378044709767e-07,1.0,,,False,28.179681666893885
18262,262,2.3608417620835098e-07,1.0,,,False,28.30161379184574
18263,263,2.358974313665385e-07,1.0,,,False,28.42865674989298
18264,264,2.3941456106513215e-07,1.0,,,False,28.53867349983193
18265,265,2.3788943792624195e-07,1.0,,,False,28.65458795800805
18266,266,2.3857418796069396e-07,1.0,,,False,28.748083457816392
18267,267,2.3767155710174848e-07,1.0,,,False,28.859643207862973
18268,268,2.396635636614519e-07,1.0,,,False,28.954518207814544
18269,269,2.3841856489070778e-07,1.0,,,False,29.04843204189092
18270,270,2.384497008733888e-07,1.0,,,False,29.13871758291498
18271,271,2.4000595999496e-07,1.0,,,False,29.23524441686459
18272,272,2.3957019834597304e-07,1.0,,,False,29.374687833013013
18273,273,2.384808226452151e-07,1.0,,,False,29.500617458019406
18274,274,2.4093969841487706e-07,1.0,,,False,29.617984500015154
18275,275,2.3953907657414675e-07,1.0,,,False,29.72631699987687
18276,276,2.398503227141191e-07,1.0,,,False,29.840071291895583
18277,277,2.406906958185573e-07,1.0,,,False,29.942379582906142
18278,278,2.398503227141191e-07,1.0,,,False,30.051584624918178
18279,279,2.4258932285192714e-07,1.0,,,False,30.14460049988702
18280,280,2.406906958185573e-07,1.0,,,False,30.239280457841232
18281,281,2.413443382920377e-07,1.0,,,False,30.337848583003506
18282,282,2.4097082018670335e-07,1.0,,,False,30.459851041901857
18283,283,2.4103306373035593e-07,1.0,,,False,30.565000166883692
18284,284,2.4153106892299547e-07,1.0,,,False,30.696256957948208
18285,285,2.428072036764206e-07,1.0,,,False,30.799842041917145
18286,286,2.400370817667863e-07,1.0,,,False,30.919330291915685
18287,287,2.4234032025560737e-07,1.0,,,False,31.031145291868597
18288,288,2.421224678528233e-07,1.0,,,False,31.13686858280562
18289,289,2.428694472200732e-07,1.0,,,False,31.25851933285594
18290,290,2.4193570880015614e-07,1.0,,,False,31.374383374815807
18291,291,2.4411446020167205e-07,1.0,,,False,31.486391082871705
18292,292,2.422158331683022e-07,1.0,,,False,31.600456916959956
18293,293,2.444257063416444e-07,1.0,,,False,31.69218675000593
18294,294,2.429005974136089e-07,1.0,,,False,31.785194542026147
18295,295,2.4389657937717857e-07,1.0,,,False,31.898957749828696
18296,296,2.445813436224853e-07,1.0,,,False,32.011162207927555
18297,297,2.4262044462375343e-07,1.0,,,False,32.11531766690314
18298,298,2.447681026751525e-07,1.0,,,False,32.22424970800057
18299,299,2.428694472200732e-07,1.0,,,False,32.33650600002147
18300,300,2.435853332372062e-07,1.0,0.9035686318380132,0.7446813889622719,False,32.56057779188268
18301,301,2.443945845698181e-07,1.0,,,False,32.668704041978344
18302,302,2.443323410261655e-07,1.0,,,False,32.77857237495482
18303,303,2.446124653943116e-07,1.0,,,False,32.89190004183911
18304,304,2.4330520886906015e-07,1.0,,,False,32.9916776670143
18305,305,2.4495483330611023e-07,1.0,,,False,33.09793645795435
18306,306,2.4352308969355363e-07,1.0,,,False,33.21787583292462
18307,307,2.4501710527147225e-07,1.0,,,False,33.3253203749191
18308,308,2.446124653943116e-07,1.0,,,False,33.429141083033755
18309,309,2.4560847577959066e-07,1.0,,,False,33.54263662500307
18310,310,2.445813436224853e-07,1.0,,,False,33.652883416973054
18311,311,2.4545283849874977e-07,1.0,,,False,33.74887479189783
18312,312,2.454217167269235e-07,1.0,,,False,33.870080000022426
18313,313,2.4570184109506954e-07,1.0,,,False,33.96291945781559
18314,314,2.4629321160318796e-07,1.0,,,False,34.05563187482767
18315,315,2.451415923587774e-07,1.0,,,False,34.148814250016585
18316,316,2.469779758484947e-07,1.0,,,False,34.23995783296414
18317,317,2.449859550779365e-07,1.0,,,False,34.34154920792207
18318,318,2.4567071932324325e-07,1.0,,,False,34.471136207925156
18319,319,2.4644884888402885e-07,1.0,,,False,34.59614645782858
18320,320,2.4644884888402885e-07,1.0,,,False,34.7245617499575
18321,321,2.4557735400776437e-07,1.0,,,False,34.84398854197934
18322,322,2.4800510800560005e-07,1.0,,,False,34.964089332846925
18323,323,2.461998462877091e-07,1.0,,,False,35.08409299980849
18324,324,2.4492371153428394e-07,1.0,,,False,35.20342529192567
18325,325,2.4784947072475916e-07,1.0,,,False,35.29229670786299
18326,326,2.4626208983136166e-07,1.0,,,False,35.38065220788121
18327,327,2.4819186705826723e-07,1.0,,,False,35.47206337493844
18328,328,2.4647997065585514e-07,1.0,,,False,35.60308720800094
18329,329,2.459819654632156e-07,1.0,,,False,35.722178124822676
18330,330,2.4778722718110657e-07,1.0,,,False,35.82952625001781
18331,331,2.4781834895293287e-07,1.0,,,False,35.93314533284865
18332,332,2.4794286446194747e-07,1.0,,,False,36.04513333295472
18333,333,2.47724983637454e-07,1.0,,,False,36.15758333285339
18334,334,2.4819186705826723e-07,1.0,,,False,36.25901612499729
18335,335,2.473514655321196e-07,1.0,,,False,36.36225133296102
18336,336,2.4862760028554476e-07,1.0,,,False,36.464811249868944
18337,337,2.490633619345317e-07,1.0,,,False,36.58928191685118
18338,338,2.500593723198108e-07,1.0,,,False,36.72860000003129
18339,339,2.485031131982396e-07,1.0,,,False,36.860940041951835
18340,340,2.4953024535534496e-07,1.0,,,False,36.991555833024904
18341,341,2.494680018116924e-07,1.0,,,False,37.10778891691007
18342,342,2.492501209871989e-07,1.0,,,False,37.20836995798163
18343,343,2.49094483706358e-07,1.0,,,False,37.305354291806
18344,344,2.5033949668795685e-07,1.0,,,False,37.41665679193102
18345,345,2.484097478827607e-07,1.0,,,False,37.50921979197301
18346,346,2.506507428279292e-07,1.0,,,False,37.620449957903475
18347,347,2.491567272500106e-07,1.0,,,False,37.71370470803231
18348,348,2.506196210561029e-07,1.0,,,False,37.821362416958436
18349,349,2.500904940916371e-07,1.0,,,False,37.94129591691308
18350,350,2.508063801087701e-07,1.0,,,False,38.077151332981884
18351,351,2.507752583369438e-07,1.0,,,False,38.203449291875586
18352,352,2.512421133360476e-07,1.0,,,False,38.332120792008936
18353,353,2.514911159323674e-07,1.0,,,False,38.45347841689363
18354,354,2.5033949668795685e-07,1.0,,,False,38.572644082829356
18355,355,2.523314890368056e-07,1.0,,,False,38.70472445781343
18356,356,2.507752583369438e-07,1.0,,,False,38.84538187482394
18357,357,2.5183351226587547e-07,1.0,,,False,38.97568208281882
18358,358,2.5117986979239504e-07,1.0,,,False,39.09924729191698
18359,359,2.515222377041937e-07,1.0,,,False,39.199393291957676
18360,360,2.5289176619480713e-07,1.0,,,False,39.3123946248088
18361,361,2.5027725314430427e-07,1.0,,,False,39.40554095781408
18362,362,2.523314890368056e-07,1.0,,,False,39.4992527498398
18363,363,2.5186463403770176e-07,1.0,,,False,39.59756666701287
18364,364,2.531407687911269e-07,1.0,,,False,39.73295274982229
18365,365,2.5174011852868716e-07,1.0,,,False,39.86214420781471
18366,366,2.5273612891396624e-07,1.0,,,False,39.984520457917824
18367,367,2.545725124036835e-07,1.0,,,False,40.092092166887596
18368,368,2.5254936986129906e-07,1.0,,,False,40.201310249976814
18369,369,2.52985131510286e-07,1.0,,,False,40.31932158302516
18370,370,2.532030123347795e-07,1.0,,,False,40.429295166861266
18371,371,2.532341341066058e-07,1.0,,,False,40.53170820791274
18372,372,2.53638745562057e-07,1.0,,,False,40.64479662501253
18373,373,2.528606160012714e-07,1.0,,,False,40.76385883288458
18374,374,2.536076237902307e-07,1.0,,,False,40.88772100000642
18375,375,2.539500201237388e-07,1.0,,,False,41.01791716692969
18376,376,2.5391886993020307e-07,1.0,,,False,41.12493049982004
18377,377,2.532341341066058e-07,1.0,,,False,41.22871629195288
18378,378,2.5338974296573724e-07,1.0,,,False,41.335117124952376
18379,379,2.531718905629532e-07,1.0,,,False,41.44042258290574
18380,380,2.546347559473361e-07,1.0,,,False,41.54320941702463
18381,381,2.546969994909887e-07,1.0,,,False,41.64162545790896
18382,382,2.5563073791090574e-07,1.0,,,False,41.740842666942626
18383,383,2.537632610710716e-07,1.0,,,False,41.83970699994825
18384,384,2.5550625082360057e-07,1.0,,,False,41.9376172919292
18385,385,2.537943828428979e-07,1.0,,,False,42.03646924998611
18386,386,2.560042560162401e-07,1.0,,,False,42.13519383291714
18387,387,2.5429238803553744e-07,1.0,,,False,42.234021957963705
18388,388,2.5435463157919003e-07,1.0,,,False,42.332249166909605
18389,389,2.5634662392803875e-07,1.0,,,False,42.4346722078044
18390,390,2.551016109464399e-07,1.0,,,False,42.535189707996324
18391,391,2.546969994909887e-07,1.0,,,False,42.63935045781545
18392,392,2.559420124725875e-07,1.0,,,False,42.741923082852736
18393,393,2.567823855770257e-07,1.0,,,False,42.84043570794165
18394,394,2.546036341755098e-07,1.0,,,False,42.944717291975394
18395,395,2.5631550215621246e-07,1.0,,,False,43.04401470790617
18396,396,2.56813507348852e-07,1.0,,,False,43.14733620802872
18397,397,2.558486187353992e-07,1.0,,,False,43.259277042001486
18398,398,2.583386446985969e-07,1.0,,,False,43.38310679187998
18399,399,2.567512638051994e-07,1.0,,,False,43.48283754196018
18400,400,2.562221368407336e-07,1.0,0.9242644591117575,0.5477989457914926,False,43.717051416868344
18401,401,2.576850022251165e-07,1.0,,,False,43.85745908296667
18402,402,2.568446291206783e-07,1.0,,,False,43.98621454183012
18403,403,2.568757508925046e-07,1.0,,,False,44.09275733283721
18404,404,2.577472741904785e-07,1.0,,,False,44.177012332947925
18405,405,2.5634662392803875e-07,1.0,,,False,44.263485125033185
18406,406,2.589300152067153e-07,1.0,,,False,44.351786999963224
18407,407,2.577472741904785e-07,1.0,,,False,44.44902416691184
18408,408,2.585876472949167e-07,1.0,,,False,44.5424928329885
18409,409,2.5734263431331783e-07,1.0,,,False,44.64389987499453
18410,410,2.5967702299567463e-07,1.0,,,False,44.73586837481707
18411,411,2.5812076387410343e-07,1.0,,,False,44.863092500017956
18412,412,2.583697664704232e-07,1.0,,,False,45.001216291915625
18413,413,2.592101395748614e-07,1.0,,,False,45.109688999829814
18414,414,2.583075229267706e-07,1.0,,,False,45.22223833296448
18415,415,2.5802739855862455e-07,1.0,,,False,45.33135858294554
18416,416,2.6036175881927193e-07,1.0,,,False,45.417735083028674
18417,417,2.585876472949167e-07,1.0,,,False,45.49973104195669
18418,418,2.598949038201681e-07,1.0,,,False,45.59177470789291
18419,419,2.5787176127778366e-07,1.0,,,False,45.70467337500304
18420,420,2.607352769246063e-07,1.0,,,False,45.80849600001238
18421,421,2.5945914217118116e-07,1.0,,,False,45.9152255828958
18422,422,2.6023727173196676e-07,1.0,,,False,46.027191082946956
18423,423,2.5942802039935486e-07,1.0,,,False,46.13682566699572
18424,424,2.609220359772735e-07,1.0,,,False,46.240654999855906
18425,425,2.5949026394300745e-07,1.0,,,False,46.346438374836
18426,426,2.591478960312088e-07,1.0,,,False,46.4589621250052
18427,427,2.612955256608984e-07,1.0,,,False,46.576418957905844
18428,428,2.6039290901280765e-07,1.0,,,False,46.68326641689055
18429,429,2.6104652306457865e-07,1.0,,,False,46.79326991690323
18430,430,2.614511629417393e-07,1.0,,,False,46.899030999979004
18431,431,2.6201141167803144e-07,1.0,,,False,47.00561925000511
18432,432,2.601127846446616e-07,1.0,,,False,47.11022658296861
18433,433,2.6241602313348267e-07,1.0,,,False,47.211900583002716
18434,434,2.6107764483640494e-07,1.0,,,False,47.3158577918075
18435,435,2.629762718697748e-07,1.0,,,False,47.419085582951084
18436,436,2.6082864224008517e-07,1.0,,,False,47.522809999994934
18437,437,2.628829065542959e-07,1.0,,,False,47.623899791855365
18438,438,2.622604142743512e-07,1.0,,,False,47.72512916685082
18439,439,2.613266474327247e-07,1.0,,,False,47.82584633282386
18440,440,2.6425240662319993e-07,1.0,,,False,47.931674082996324
18441,441,2.612955256608984e-07,1.0,,,False,48.0311644168105
18442,442,2.639411604832276e-07,1.0,,,False,48.13109870790504
18443,443,2.6278954123881704e-07,1.0,,,False,48.236384332878515
18444,444,2.6422128485137364e-07,1.0,,,False,48.33403829182498
18445,445,2.6126440388907213e-07,1.0,,,False,48.45221395790577
18446,446,2.661199118847435e-07,1.0,,,False,48.55655424995348
18447,447,2.6241602313348267e-07,1.0,,,False,48.66442108293995
18448,448,2.645014092195197e-07,1.0,,,False,48.76545104198158
18449,449,2.64594802956708e-07,1.0,,,False,48.89561608294025
18450,450,2.64594802956708e-07,1.0,,,False,49.01279850001447
18451,451,2.636921578869078e-07,1.0,,,False,49.12711887480691
18452,452,2.652795387803053e-07,1.0,,,False,49.23856091685593
18453,453,2.6422128485137364e-07,1.0,,,False,49.35173658281565
18454,454,2.6577754397294484e-07,1.0,,,False,49.465250707929954
18455,455,2.6493717086850666e-07,1.0,,,False,49.591119582997635
18456,456,2.6571530042929226e-07,1.0,,,False,49.71951199998148
18457,457,2.661199118847435e-07,1.0,,,False,49.81421079183929
18458,458,2.6580866574477113e-07,1.0,,,False,49.91521000000648
18459,459,2.675828056908358e-07,1.0,,,False,50.04660983290523
18460,460,2.662444273937581e-07,1.0,,,False,50.18012629193254
18461,461,2.6655567353373044e-07,1.0,,,False,50.31249520787969
18462,462,2.668046761300502e-07,1.0,,,False,50.44259141688235
18463,463,2.6795629537446075e-07,1.0,,,False,50.565909083001316
18464,464,2.678318082871556e-07,1.0,,,False,50.68630537483841
18465,465,2.6736492486634234e-07,1.0,,,False,50.807442374993116
18466,466,2.6730268132268975e-07,1.0,,,False,50.92859679181129
18467,467,2.677384429716767e-07,1.0,,,False,51.04737199982628
18468,468,2.6733380309451604e-07,1.0,,,False,51.17337791691534
18469,469,2.68423178795274e-07,1.0,,,False,51.299643917009234
18470,470,2.6792517360263446e-07,1.0,,,False,51.425584957934916
18471,471,2.684543005671003e-07,1.0,,,False,51.55625533289276
18472,472,2.6945031095237937e-07,1.0,,,False,51.67696812492795
18473,473,2.682364197426068e-07,1.0,,,False,51.805320374900475
18474,474,2.686410596197675e-07,1.0,,,False,51.92061104183085
18475,475,2.705396866531373e-07,1.0,,,False,52.01099049998447
18476,476,2.685476943042886e-07,1.0,,,False,52.09770462499
18477,477,2.700105596886715e-07,1.0,,,False,52.182465832913294
18478,478,2.6948143272420566e-07,1.0,,,False,52.26481204200536
18479,479,2.69792678864178e-07,1.0,,,False,52.351131457835436
18480,480,2.701350751976861e-07,1.0,,,False,52.436325874878094
18481,481,2.6954367626785825e-07,1.0,,,False,52.52406208286993
18482,482,2.705396866531373e-07,1.0,,,False,52.62789274984971
18483,483,2.705708084249636e-07,1.0,,,False,52.746246124850586
18484,484,2.7109993538942945e-07,1.0,,,False,52.86370312492363
18485,485,2.700105596886715e-07,1.0,,,False,52.9572605418507
18486,486,2.716290623538953e-07,1.0,,,False,53.0599186248146
18487,487,2.7197145868740336e-07,1.0,,,False,53.14828945789486
18488,488,2.7113108558296517e-07,1.0,,,False,53.23928766697645
18489,489,2.721581893183611e-07,1.0,,,False,53.354726624907926
18490,490,2.708820829866454e-07,1.0,,,False,53.482994416961446
18491,491,2.7284295356366783e-07,1.0,,,False,53.62086387490854
18492,492,2.699483161450189e-07,1.0,,,False,53.72587945801206
18493,493,2.7281183179184154e-07,1.0,,,False,53.81789437495172
18494,494,2.7200258045922965e-07,1.0,,,False,53.9342682918068
18495,495,2.7265619451100065e-07,1.0,,,False,54.045868791872635
18496,496,2.744614562288916e-07,1.0,,,False,54.14981658291072
18497,497,2.708198110212834e-07,1.0,,,False,54.25694129196927
18498,498,2.73029712616335e-07,1.0,,,False,54.36286845803261
18499,499,2.7337208052813367e-07,1.0,,,False,54.467612667009234
18500,500,2.738078421771206e-07,1.0,0.9360107394563151,0.4094338812046631,False,54.6720638750121
18501,501,2.733098369844811e-07,1.0,,,False,54.778605749830604
18502,502,2.7278071002001525e-07,1.0,,,False,54.881862374953926
18503,503,2.732787152126548e-07,1.0,,,False,54.98715904192068
18504,504,2.7362108312445343e-07,1.0,,,False,55.0923117918428
18505,505,2.739012074925995e-07,1.0,,,False,55.19789870781824
18506,506,2.747104588252114e-07,1.0,,,False,55.303937249816954
18507,507,2.7321644324729277e-07,1.0,,,False,55.412226541899145
18508,508,2.748660961060523e-07,1.0,,,False,55.516813416965306
18509,509,2.7514622047419834e-07,1.0,,,False,55.63629679195583
18510,510,2.7349659603714827e-07,1.0,,,False,55.7643195418641
18511,511,2.763912334557972e-07,1.0,,,False,55.860777124995366
18512,512,2.745859717379062e-07,1.0,,,False,55.97319195792079
18513,513,2.7570646921049047e-07,1.0,,,False,56.07031362480484
18514,514,2.746793370533851e-07,1.0,,,False,56.15330187487416
18515,515,2.7657796408675495e-07,1.0,,,False,56.25916825002059
18516,516,2.7436809091341274e-07,1.0,,,False,56.386256916914135
18517,517,2.763912334557972e-07,1.0,,,False,56.523965707980096
18518,518,2.7620447440313e-07,1.0,,,False,56.65602395799942
18519,519,2.756753474386642e-07,1.0,,,False,56.76501579186879
18520,520,2.762978397186089e-07,1.0,,,False,56.87820166698657
18521,521,2.771070910512208e-07,1.0,,,False,56.96243720781058
18522,522,2.760799588941154e-07,1.0,,,False,57.07259470783174
18523,523,2.7648459877127607e-07,1.0,,,False,57.16976095782593
18524,524,2.7738721541936684e-07,1.0,,,False,57.26913845795207
18525,525,2.772316065602354e-07,1.0,,,False,57.400806416990235
18526,526,2.7664020763040753e-07,1.0,,,False,57.504114124923944
18527,527,2.787567439099803e-07,1.0,,,False,57.59213662496768
18528,528,2.768892102267273e-07,1.0,,,False,57.67993749980815
18529,529,2.777607335247012e-07,1.0,,,False,57.76923895790242
18530,530,2.7804085789284727e-07,1.0,,,False,57.85473741684109
18531,531,2.776362180156866e-07,1.0,,,False,57.95297024981119
18532,532,2.785699848573131e-07,1.0,,,False,58.0573178329505
18533,533,2.7754285270020773e-07,1.0,,,False,58.160156375030056
18534,534,2.794103579617513e-07,1.0,,,False,58.26491008303128
18535,535,2.784765911201248e-07,1.0,,,False,58.353029374964535
18536,536,2.791613553654315e-07,1.0,,,False,58.443409957922995
18537,537,2.784765911201248e-07,1.0,,,False,58.54509783303365
18538,538,2.799394849262171e-07,1.0,,,False,58.67312841699459
18539,539,2.7984611961073824e-07,1.0,,,False,58.78904370800592
18540,540,2.8062424917152384e-07,1.0,,,False,58.896894542034715
18541,541,2.7987724138256453e-07,1.0,,,False,58.98588737496175
18542,542,2.8118449790781597e-07,1.0,,,False,59.071468957932666
18543,543,2.807798580306553e-07,1.0,,,False,59.157014791853726
18544,544,2.795659952425922e-07,1.0,,,False,59.24194329185411
18545,545,2.823983606958791e-07,1.0,,,False,59.328127457993105
18546,546,2.800640004352317e-07,1.0,,,False,59.413588542025536
18547,547,2.823361171522265e-07,1.0,,,False,59.499305750010535
18548,548,2.8186923373141326e-07,1.0,,,False,59.586923874914646
18549,549,2.8205599278408044e-07,1.0,,,False,59.677903374889866
18550,550,2.821493580995593e-07,1.0,,,False,59.784397166920826
18551,551,2.8302088139753323e-07,1.0,,,False,59.90078245801851
18552,552,2.824295108894148e-07,1.0,,,False,60.02065254189074
18553,553,2.84639384062757e-07,1.0,,,False,60.14640795788728
18554,554,2.8286524411669234e-07,1.0,,,False,60.26917387498543
18555,555,2.8423474418559636e-07,1.0,,,False,60.39967987500131
18556,556,2.831453684848384e-07,1.0,,,False,60.52809124998748
18557,557,2.8429701615095837e-07,1.0,,,False,60.639632999897
18558,558,2.85292998114528e-07,1.0,,,False,60.724377874983475
18559,559,2.8523075457087543e-07,1.0,,,False,60.81239283294417
18560,560,2.8432813792278466e-07,1.0,,,False,60.89618404186331
18561,561,2.862267649561545e-07,1.0,,,False,60.98292666696943
18562,562,2.8513738925539656e-07,1.0,,,False,61.07112474995665
18563,563,2.8653801109612687e-07,1.0,,,False,61.15652966685593
18564,564,2.8613339964067563e-07,1.0,,,False,61.2485972919967
18565,565,2.876585085687111e-07,1.0,,,False,61.377393416827545
18566,566,2.852618763427017e-07,1.0,,,False,61.462827457813546
18567,567,2.880631484458718e-07,1.0,,,False,61.54657308291644
18568,568,2.8731614065691247e-07,1.0,,,False,61.63622862496413
18569,569,2.874095343941008e-07,1.0,,,False,61.7501405000221
18570,570,2.88530031866685e-07,1.0,,,False,61.85666554188356
18571,571,2.871916535696073e-07,1.0,,,False,61.9628645000048
18572,572,2.894326485147758e-07,1.0,,,False,62.06661699991673
18573,573,2.894015267429495e-07,1.0,,,False,62.17255320795812
18574,574,2.8905915883115085e-07,1.0,,,False,62.27669812482782
18575,575,2.902107780755614e-07,1.0,,,False,62.383765916805714
18576,576,2.8965052933926927e-07,1.0,,,False,62.49058391689323
18577,577,2.90273021619214e-07,1.0,,,False,62.59704987495206
18578,578,2.9067766149637464e-07,1.0,,,False,62.7031794579234
18579,579,2.90988907636347e-07,1.0,,,False,62.811214457964525
18580,580,2.917981589689589e-07,1.0,,,False,62.91521841683425
18581,581,2.9052202421553375e-07,1.0,,,False,63.02095358283259
18582,582,2.9441267201946175e-07,1.0,,,False,63.125673457980156
18583,583,2.9120678846084047e-07,1.0,,,False,63.230599500006065
18584,584,2.9279416935423797e-07,1.0,,,False,63.33800079184584
18585,585,2.934478118277184e-07,1.0,,,False,63.4479128329549
18586,586,2.935411771431973e-07,1.0,,,False,63.56483545782976
18587,587,2.9360342068684986e-07,1.0,,,False,63.67489679181017
18588,588,2.949729207557539e-07,1.0,,,False,63.78198558301665
18589,589,2.9441267201946175e-07,1.0,,,False,63.88422395801172
18590,590,2.9512855803659477e-07,1.0,,,False,63.990912874927744
18591,591,2.946616746157815e-07,1.0,,,False,64.08967354195192
18592,592,2.9606229645651183e-07,1.0,,,False,64.1846706669312
18593,593,2.965291798773251e-07,1.0,,,False,64.27000112482347
18594,594,2.955020477202197e-07,1.0,,,False,64.35588824981824
18595,595,2.9852120064788323e-07,1.0,,,False,64.44141387497075
18596,596,2.9736955298176326e-07,1.0,,,False,64.53306449996307
18597,597,2.971828223508055e-07,1.0,,,False,64.62978579197079
18598,598,2.9746294671895157e-07,1.0,,,False,64.72863862500526
18599,599,2.99423817295974e-07,1.0,,,False,64.82923599984497
18600,600,2.988324467878556e-07,1.0,0.9466383264347242,0.30097584987399256,False,65.06612799991854
18601,601,2.996728198922938e-07,1.0,,,False,65.16981550003402
18602,602,2.988324467878556e-07,1.0,,,False,65.25871329195797
18603,603,3.0060658673392027e-07,1.0,,,False,65.34825966693461
18604,604,3.0141583806653216e-07,1.0,,,False,65.43295175000094
18605,605,3.0132244432934385e-07,1.0,,,False,65.51791941700503
18606,606,3.011045919265598e-07,1.0,,,False,65.60464895796031
18607,607,3.0219396762731776e-07,1.0,,,False,65.69648974994197
18608,608,3.031277060472348e-07,1.0,,,False,65.78640966699459
18609,609,3.026297008545953e-07,1.0,,,False,65.87557520787232
18610,610,3.048396024496469e-07,1.0,,,False,65.95951291685924
18611,611,3.0318997801259684e-07,1.0,,,False,66.0510390419513
18612,612,3.0371910497706267e-07,1.0,,,False,66.13756349985488
18613,613,3.0524421390509815e-07,1.0,,,False,66.22206375002861
18614,614,3.056177320104325e-07,1.0,,,False,66.30532099981792
18615,615,3.063024678340298e-07,1.0,,,False,66.38928262493573
18616,616,3.058978563785786e-07,1.0,,,False,66.47551624989137
18617,617,3.0683159479849564e-07,1.0,,,False,66.56382745783776
18618,618,3.0754748081562866e-07,1.0,,,False,66.65041345800273
18619,619,3.082633668327617e-07,1.0,,,False,66.73410920798779
18620,620,3.104732400061039e-07,1.0,,,False,66.82238766690716
18621,621,3.1003750677882636e-07,1.0,,,False,66.90793254203163
18622,622,3.1013087209430523e-07,1.0,,,False,66.99243174982257
18623,623,3.1090900165509083e-07,1.0,,,False,67.08269374980591
18624,624,3.1075336437424994e-07,1.0,,,False,67.21214241697453
18625,625,3.12901022425649e-07,1.0,,,False,67.33762612496503
18626,626,3.128076286884607e-07,1.0,,,False,67.45386495790444
18627,627,3.144884033190465e-07,1.0,,,False,67.541137291817
18628,628,3.142394007227267e-07,1.0,,,False,67.62526737502776
18629,629,3.1616914952792285e-07,1.0,,,False,67.71410199999809
18630,630,3.1697840086053475e-07,1.0,,,False,67.7988372920081
18631,631,3.172274034568545e-07,1.0,,,False,67.87800583289936
18632,632,3.180677765612927e-07,1.0,,,False,67.96297975000925
18633,633,3.1912603049022437e-07,1.0,,,False,68.04935829201713
18634,634,3.2068228961179557e-07,1.0,,,False,68.13408470782451
18635,635,3.2342131817131303e-07,1.0,,,False,68.21831087488681
18636,636,3.2401268867943145e-07,1.0,,,False,68.30164845800027
18637,637,3.2457293741572357e-07,1.0,,,False,68.40210704202764
18638,638,3.2696956964173296e-07,1.0,,,False,68.50164487492293
18639,639,3.275609401498514e-07,1.0,,,False,68.58901954186149
18640,640,3.296152044640621e-07,1.0,,,False,68.6744214578066
18641,641,3.306112148493412e-07,1.0,,,False,68.76349020795897
18642,642,3.3185622783094004e-07,1.0,,,False,68.87888241698965
18643,643,3.347197434777627e-07,1.0,,,False,68.9730477919802
18644,644,3.3640048968663905e-07,1.0,,,False,69.06978824990802
18645,645,3.3867263482534327e-07,1.0,,,False,69.16491879196838
18646,646,3.405401400868868e-07,1.0,,,False,69.2529379168991
18647,647,3.4265664794475015e-07,1.0,,,False,69.34365529194474
18648,648,3.453334045389056e-07,1.0,,,False,69.43222662480548
18649,649,3.482902855012071e-07,1.0,,,False,69.51758833299391
18650,650,3.499710601317929e-07,1.0,,,False,69.60247479192913
18651,651,3.525544514104695e-07,1.0,,,False,69.68811458302662
18652,652,3.561027028808894e-07,1.0,,,False,69.77313454193063
18653,653,3.58686094159566e-07,1.0,,,False,69.86270408285782
18654,654,3.6133172898189514e-07,1.0,,,False,69.95792041695677
18655,655,3.647866151368362e-07,1.0,,,False,70.076575582847
18656,656,3.6761900901183253e-07,1.0,,,False,70.19500504201278
18657,657,3.708871361141064e-07,1.0,,,False,70.316854625009
18658,658,3.757115507596609e-07,1.0,,,False,70.4394969579298
18659,659,3.796955638790678e-07,1.0,,,False,70.56351033295505
18660,660,3.8464446561192744e-07,1.0,,,False,70.66623733285815
18661,661,3.881304735386948e-07,1.0,,,False,70.75343479192816
18662,662,3.918966058336082e-07,1.0,,,False,70.84249691688456
18663,663,3.965653831983218e-07,1.0,,,False,70.93080033292063
18664,664,4.0089179265123676e-07,1.0,,,False,71.01866416702978
18665,665,4.049691710861225e-07,1.0,,,False,71.11117304186337
18666,666,4.0879757534639793e-07,1.0,,,False,71.19915762497112
18667,667,4.129994692902983e-07,1.0,,,False,71.29512570798397
18668,668,4.173258503215038e-07,1.0,,,False,71.38452829187736
18669,669,4.2211914319523203e-07,1.0,,,False,71.48116991692223
18670,670,4.269124076472508e-07,1.0,,,False,71.57142041693442
18671,671,4.322659208355617e-07,1.0,,,False,71.65789454197511
18672,672,4.367479391476081e-07,1.0,,,False,71.74394520791247
18673,673,4.4101207663516107e-07,1.0,,,False,71.83445224980824
18674,674,4.4645898356066027e-07,1.0,,,False,71.91961579187773
18675,675,4.518125251706806e-07,1.0,,,False,72.01557774981484
18676,676,4.5588990360556636e-07,1.0,,,False,72.11039733281359
18677,677,4.5981167318132066e-07,1.0,,,False,72.19944362482056
18678,678,4.626129452844907e-07,1.0,,,False,72.28865212481469
18679,679,4.655387044749659e-07,1.0,,,False,72.37285833293572
18680,680,4.710478549441177e-07,1.0,,,False,72.46082249982283
18681,681,4.735067307137797e-07,1.0,,,False,72.55545983300544
18682,682,4.769616452904302e-07,1.0,,,False,72.65443941694684
18683,683,4.813502414435789e-07,1.0,,,False,72.78321441682056
18684,684,4.858322881773347e-07,1.0,,,False,72.88647720799781
18685,685,4.895983920505387e-07,1.0,,,False,72.97497954196297
18686,686,4.936446771353076e-07,1.0,,,False,73.06098320800811
18687,687,4.97037319746596e-07,1.0,,,False,73.15281337499619
18688,688,4.998074700779398e-07,1.0,,,False,73.24177887500264
18689,689,5.028576879340108e-07,1.0,,,False,73.32789295795374
18690,690,5.061880870016466e-07,1.0,,,False,73.41832604189403
18691,691,5.090827244202956e-07,1.0,,,False,73.52482512500137
18692,692,5.138448955221975e-07,1.0,,,False,73.61788187501952
18693,693,5.167706262909633e-07,1.0,,,False,73.73584479186684
18694,694,5.205679372011218e-07,1.0,,,False,73.85956491692923
18695,695,5.249253831607348e-07,1.0,,,False,73.99458924983628
18696,696,5.288471243147796e-07,1.0,,,False,74.10397241683677
18697,697,5.311815698405553e-07,1.0,,,False,74.19856737484224
18698,698,5.348543368199898e-07,1.0,,,False,74.30322420783341
18699,699,5.402390002018365e-07,1.0,,,False,74.40670637483709
18700,700,5.424177516033524e-07,1.0,0.958943953462356,0.20794253459346773,False,74.6058165829163
18701,701,5.468375547934556e-07,1.0,,,False,74.73584108287469
18702,702,5.501679538610915e-07,1.0,,,False,74.86749391700141
18703,703,5.530314410862047e-07,1.0,,,False,75.00530566694215
18704,704,5.559260785048536e-07,1.0,,,False,75.13259158283472
18705,705,5.587273221863143e-07,1.0,,,False,75.26000629202463
18706,706,5.614352289740054e-07,1.0,,,False,75.36662537488155
18707,707,5.647656280416413e-07,1.0,,,False,75.45624783285893
18708,708,5.662907369696768e-07,1.0,,,False,75.56135287485085
18709,709,5.706793899662443e-07,1.0,,,False,75.69467420782894
18710,710,5.727647476305719e-07,1.0,,,False,75.8224052079022
18711,711,5.745700377701723e-07,1.0,,,False,75.91115779196844
18712,712,5.782116545560712e-07,1.0,,,False,76.00305983284488
18713,713,5.801103384328599e-07,1.0,,,False,76.0878482919652
18714,714,5.824135769216809e-07,1.0,,,False,76.17267695791088
18715,715,5.846545718668494e-07,1.0,,,False,76.26036679185927
18716,716,5.883584321964008e-07,1.0,,,False,76.34582083299756
18717,717,5.905371835979167e-07,1.0,,,False,76.4444647920318
18718,718,5.928404220867378e-07,1.0,,,False,76.54625791683793
18719,719,5.958596034361108e-07,1.0,,,False,76.65188045799732
18720,720,5.979761112939741e-07,1.0,,,False,76.76253829197958
18721,721,6.008084483255516e-07,1.0,,,False,76.85101095796563
18722,722,6.033607178324019e-07,1.0,,,False,76.93776516686194
18723,723,6.047302463230153e-07,1.0,,,False,77.02671995782293
18724,724,6.086519874770602e-07,1.0,,,False,77.11691979202442
18725,725,6.116088684393617e-07,1.0,,,False,77.20945587498136
18726,726,6.129783969299751e-07,1.0,,,False,77.33003587485291
18727,727,6.141922881397477e-07,1.0,,,False,77.42169045796618
18728,728,6.178961484692991e-07,1.0,,,False,77.50884120794944
18729,729,6.198881692398572e-07,1.0,,,False,77.59616695786826
18730,730,6.230006874829996e-07,1.0,,,False,77.6819838329684
18731,731,6.255529569898499e-07,1.0,,,False,77.7775810000021
18732,732,6.279184958657424e-07,1.0,,,False,77.88298141700216
18733,733,6.296614856182714e-07,1.0,,,False,78.00321016693488
18734,734,6.319024805634399e-07,1.0,,,False,78.1228417919483
18735,735,6.34330262982985e-07,1.0,,,False,78.24226629198529
18736,736,6.373493874889391e-07,1.0,,,False,78.36947499983944
18737,737,6.388434030668577e-07,1.0,,,False,78.50066299992613
18738,738,6.41987014660117e-07,1.0,,,False,78.62222345802002
18739,739,6.436055741687596e-07,1.0,,,False,78.71208374993876
18740,740,6.458465122705093e-07,1.0,,,False,78.7986029998865
18741,741,6.485543622147816e-07,1.0,,,False,78.88632745784707
18742,742,6.510132379844435e-07,1.0,,,False,78.97188904182985
18743,743,6.530364089485374e-07,1.0,,,False,79.06158883287571
18744,744,6.554641345246637e-07,1.0,,,False,79.15474787494168
18745,745,6.579541604878614e-07,1.0,,,False,79.27504858281463
18746,746,6.595104196094326e-07,1.0,,,False,79.40231641684659
18747,747,6.615646839236433e-07,1.0,,,False,79.49462020792998
18748,748,6.629652489209548e-07,1.0,,,False,79.58521474990994
18749,749,6.669492904620711e-07,1.0,,,False,79.67854958283715
18750,750,6.682876687591488e-07,1.0,,,False,79.81025133281946
18751,751,6.699995651615609e-07,1.0,,,False,79.90523691684939
18752,752,6.722716534568463e-07,1.0,,,False,79.99374470789917
18753,753,6.74450461701781e-07,1.0,,,False,80.0794937920291
18754,754,6.759133270861639e-07,1.0,,,False,80.17164512490854
18755,755,6.781854722248681e-07,1.0,,,False,80.26386279193684
18756,756,6.804264671700366e-07,1.0,,,False,80.35771299991757
18757,757,6.822628506597539e-07,1.0,,,False,80.45727333286777
18758,758,6.849396072539093e-07,1.0,,,False,80.54603016702458
18759,759,6.87865394866094e-07,1.0,,,False,80.63310312503017
18760,760,6.888302550578373e-07,1.0,,,False,80.7378872919362
18761,761,6.91040156652889e-07,1.0,,,False,80.85461991699412
18762,762,6.928143534423725e-07,1.0,,,False,80.97941274987534
18763,763,6.945261930013658e-07,1.0,,,False,81.09374770801514
18764,764,6.9564669047395e-07,1.0,,,False,81.21941474988125
18765,765,6.980122293498425e-07,1.0,,,False,81.31033654185012
18766,766,7.008134161878843e-07,1.0,,,False,81.40146862482652
18767,767,7.028677373455139e-07,1.0,,,False,81.48727691685781
18768,768,7.052332193779876e-07,1.0,,,False,81.57448325003497
18769,769,7.077855457282567e-07,1.0,,,False,81.6608042079024
18770,770,7.090927169883798e-07,1.0,,,False,81.74472099984996
18771,771,7.125476031433209e-07,1.0,,,False,81.8320027498994
18772,772,7.136992508094409e-07,1.0,,,False,81.92153358296491
18773,773,7.169051059463527e-07,1.0,,,False,82.01295133284293
18774,774,7.194262821030861e-07,1.0,,,False,82.09831512486562
18775,775,7.208269039438164e-07,1.0,,,False,82.18363174982369
18776,776,7.226010438898811e-07,1.0,,,False,82.27448220783845
18777,777,7.244685207297152e-07,1.0,,,False,82.36193324998021
18778,778,7.262426606757799e-07,1.0,,,False,82.4490726669319
18779,779,7.29386329112458e-07,1.0,,,False,82.53742770780809
18780,780,7.318140546885843e-07,1.0,,,False,82.62660554191098
18781,781,7.332458267228503e-07,1.0,,,False,82.71196374995634
18782,782,7.346464485635806e-07,1.0,,,False,82.79855637485161
18783,783,7.360782205978467e-07,1.0,,,False,82.88778249989264
18784,784,7.404668735944142e-07,1.0,,,False,82.97405041684397
18785,785,7.436727287313261e-07,1.0,,,False,83.0786945419386
18786,786,7.457581432390725e-07,1.0,,,False,83.18196366680786
18787,787,7.47719013816095e-07,1.0,,,False,83.28719920781441
18788,788,7.49866671867494e-07,1.0,,,False,83.39194854185916
18789,789,7.516408118135587e-07,1.0,,,False,83.49640299985185
18790,790,7.535705321970454e-07,1.0,,,False,83.59947429201566
18791,791,7.550023042313114e-07,1.0,,,False,83.70405641687103
18792,792,7.578346981063078e-07,1.0,,,False,83.80683312495239
18793,793,7.600134495078237e-07,1.0,,,False,83.91097624995746
18794,794,7.620677138220344e-07,1.0,,,False,84.01363204186782
18795,795,7.641842216798977e-07,1.0,,,False,84.11964674992487
18796,796,7.662695793442253e-07,1.0,,,False,84.22675187489949
18797,797,7.672033461858518e-07,1.0,,,False,84.33174479193985
18798,798,7.702224706918059e-07,1.0,,,False,84.43713849992491
18799,799,7.715919991824194e-07,1.0,,,False,84.54159799986519
18800,800,7.737085070402827e-07,1.0,0.9779617406868777,0.10442601202746632,False,84.74201016686857
18801,801,7.759495019854512e-07,1.0,,,False,84.83007879182696
18802,802,7.77692548581399e-07,1.0,,,False,84.92491379193962
18803,803,7.804937922628596e-07,1.0,,,False,85.04808416683227
18804,804,7.821434451216192e-07,1.0,,,False,85.1728099999018
18805,805,7.843844400667876e-07,1.0,,,False,85.30235404195264
18806,806,7.864075541874627e-07,1.0,,,False,85.43018008302897
18807,807,7.883061812208325e-07,1.0,,,False,85.5212645418942
18808,808,7.893021916061116e-07,1.0,,,False,85.60594241693616
18809,809,7.916054869383515e-07,1.0,,,False,85.688141874969
18810,810,7.931928394100396e-07,1.0,,,False,85.81690487498417
18811,811,7.954338343552081e-07,1.0,,,False,85.93553091702051
18812,812,7.97457005319302e-07,1.0,,,False,86.06823450000957
18813,813,7.992622386154835e-07,1.0,,,False,86.19150262488984
18814,814,7.994490260898601e-07,1.0,,,False,86.31989874993451
18815,815,8.017211143851455e-07,1.0,,,False,86.42553333286196
18816,816,8.034330107875576e-07,1.0,,,False,86.53333770786412
18817,817,8.050826636463171e-07,1.0,,,False,86.65267120790668
18818,818,8.070123840298038e-07,1.0,,,False,86.78004095796496
18819,819,8.091288918876671e-07,1.0,,,False,86.90896912501194
18820,820,8.112454565889493e-07,1.0,,,False,87.02806674991734
18821,821,8.127083219733322e-07,1.0,,,False,87.13713829196058
18822,822,8.160075708474324e-07,1.0,,,False,87.24728775001131
18823,823,8.170969749698997e-07,1.0,,,False,87.363840874983
18824,824,8.182797159861366e-07,1.0,,,False,87.47684495802969
18825,825,8.206451980186102e-07,1.0,,,False,87.58050649985671
18826,826,8.212054467549024e-07,1.0,,,False,87.73768329201266
18827,827,8.225749752455158e-07,1.0,,,False,87.85743545787409
18828,828,8.248159701906843e-07,1.0,,,False,87.9753693328239
18829,829,8.27305996153882e-07,1.0,,,False,88.0948932080064
18830,830,8.283954002763494e-07,1.0,,,False,88.21197483292781
18831,831,8.318813797814073e-07,1.0,,,False,88.34277787501924
18832,832,8.337177632711246e-07,1.0,,,False,88.45165754202753
18833,833,8.356785770047281e-07,1.0,,,False,88.57165287481621
18834,834,8.379195719498966e-07,1.0,,,False,88.68364362488501
18835,835,8.391023129661335e-07,1.0,,,False,88.79937879182398
18836,836,8.41032090193039e-07,1.0,,,False,88.93402445781976
18837,837,8.419658001912467e-07,1.0,,,False,89.06553912488744
18838,838,8.432419349446718e-07,1.0,,,False,89.20241270796396
18839,839,8.45514080083376e-07,1.0,,,False,89.32110108295456
18840,840,8.473504635730933e-07,1.0,,,False,89.42925258283503
18841,841,8.493424843436514e-07,1.0,,,False,89.55940045788884
18842,842,8.512411113770213e-07,1.0,,,False,89.68304466689005
18843,843,8.528285206921282e-07,1.0,,,False,89.78904358297586
18844,844,8.537934945707093e-07,1.0,,,False,89.90391224995255
18845,845,8.560656397094135e-07,1.0,,,False,90.01128383283503
18846,846,8.581199040236243e-07,1.0,,,False,90.13832449982874
18847,847,8.598318004260364e-07,1.0,,,False,90.25831687496975
18848,848,8.619483082838997e-07,1.0,,,False,90.36721841688268
18849,849,8.647495519653603e-07,1.0,,,False,90.46968833287247
18850,850,8.659634431751329e-07,1.0,,,False,90.58041595784016
18851,851,8.67830920014967e-07,1.0,,,False,90.67872287495993
18852,852,8.693871791365382e-07,1.0,,,False,90.80903754197061
18853,853,8.710055681149242e-07,1.0,,,False,90.99200737499632
18854,854,8.72624070780148e-07,1.0,,,False,91.14164670789614
18855,855,8.744604542698653e-07,1.0,,,False,91.26708079199307
18856,856,8.757364753364527e-07,1.0,,,False,91.43146304180846
18857,857,8.765769621277286e-07,1.0,,,False,91.57823304203339
18858,858,8.784754754742607e-07,1.0,,,False,91.73609391693026
18859,859,8.803431228443515e-07,1.0,,,False,91.85757629200816
18860,860,8.817435173114063e-07,1.0,,,False,91.9817648329772
18861,861,8.83580128174799e-07,1.0,,,False,92.12313966685906
18862,862,8.847316621540813e-07,1.0,,,False,92.27132858289406
18863,863,8.865368954502628e-07,1.0,,,False,92.40403483295813
18864,864,8.876885431163828e-07,1.0,,,False,92.51895562489517
18865,865,8.898984447114344e-07,1.0,,,False,92.63988762488589
18866,866,8.915791909203108e-07,1.0,,,False,92.7664235830307
18867,867,8.932286732488137e-07,1.0,,,False,92.88701983285137
18868,868,8.950028131948784e-07,1.0,,,False,93.00930587481707
18869,869,8.966835594037548e-07,1.0,,,False,93.13583208294585
18870,870,8.981464816315565e-07,1.0,,,False,93.25707337493077
18871,871,8.997338341032446e-07,1.0,,,False,93.3605942078866
18872,872,9.00387476576725e-07,1.0,,,False,93.48127391701564
18873,873,9.02130466329254e-07,1.0,,,False,93.6278269579634
18874,874,9.038423627316661e-07,1.0,,,False,93.7644097500015
18875,875,9.04869466467062e-07,1.0,,,False,93.89153158292174
18876,876,9.068614872376202e-07,1.0,,,False,94.02447008294985
18877,877,9.08044228253857e-07,1.0,,,False,94.14135908288881
18878,878,9.098806117435743e-07,1.0,,,False,94.22893308289349
18879,879,9.098806117435743e-07,1.0,,,False,94.32186549995095
18880,880,9.120282129515545e-07,1.0,,,False,94.42439512489364
18881,881,9.138958034782263e-07,1.0,,,False,94.5376059168484
18882,882,9.156387363873364e-07,1.0,,,False,94.65072483289987
18883,883,9.171328088086739e-07,1.0,,,False,94.78001499990933
18884,884,9.195294410346833e-07,1.0,,,False,94.8784607918933
18885,885,9.223929282597965e-07,1.0,,,False,94.9941427919548
18886,886,9.233578452949587e-07,1.0,,,False,95.09215449984185
18887,887,9.249451977666467e-07,1.0,,,False,95.20653533283621
18888,888,9.266881875191757e-07,1.0,,,False,95.33589095785283
18889,889,9.28680151446315e-07,1.0,,,False,95.44823974999599
18890,890,9.30423141198844e-07,1.0,,,False,95.56909962487407
18891,891,9.332554782304214e-07,1.0,,,False,95.69176354189403
18892,892,9.356833174933854e-07,1.0,,,False,95.81146541703492
18893,893,9.369594522468105e-07,1.0,,,False,95.92524799983948
18894,894,9.388892294737161e-07,1.0,,,False,96.04469170793891
18895,895,9.402587579643296e-07,1.0,,,False,96.1771461670287
18896,896,9.428109137843421e-07,1.0,,,False,96.30646258289926
18897,897,9.452697895540041e-07,1.0,,,False,96.42360533284955
18898,898,9.471373232372571e-07,1.0,,,False,96.51822074991651
18899,899,9.487869192525977e-07,1.0,,,False,96.61163641698658
18900,900,9.508723337603442e-07,1.0,0.9876943729723683,0.05994514931665469,False,96.84908279194497
18901,901,9.535802973914542e-07,1.0,,,False,96.97107779188082
18902,902,9.553855306876358e-07,1.0,,,False,97.09420783282258
18903,903,9.580622872817912e-07,1.0,,,False,97.1960830418393
18904,904,9.602098316463525e-07,1.0,,,False,97.28749141702428
18905,905,9.615171165933134e-07,1.0,,,False,97.38268991699442
18906,906,9.638204119255533e-07,1.0,,,False,97.47427708283067
18907,907,9.652832204665174e-07,1.0,,,False,97.60288379201666
18908,908,9.680222774477443e-07,1.0,,,False,97.73145087482408
18909,909,9.697030236566206e-07,1.0,,,False,97.849613082828
18910,910,9.712592827781918e-07,1.0,,,False,97.97515466692857
18911,911,9.729710654937662e-07,1.0,,,False,98.09706354187801
18912,912,9.752432106324704e-07,1.0,,,False,98.22790195792913
18913,913,9.781379048945382e-07,1.0,,,False,98.34879700001329
18914,914,9.798498012969503e-07,1.0,,,False,98.47708062501624
18915,915,9.816861847866676e-07,1.0,,,False,98.58708524983376
18916,916,9.834914180828491e-07,1.0,,,False,98.70070383301936
18917,917,9.856390761342482e-07,1.0,,,False,98.83343195798807
18918,918,9.883469829219393e-07,1.0,,,False,98.96503524994478
18919,919,9.908369520417182e-07,1.0,,,False,99.07155587500893
18920,920,9.938561333910911e-07,1.0,,,False,99.18519987491891
18921,921,9.957858537745778e-07,1.0,,,False,99.311405666871
18922,922,9.981824860005872e-07,1.0,,,False,99.44755916693248
18923,923,1.000672455120366e-06,1.0,,,False,99.5691683748737
18924,924,1.0028824135588366e-06,1.0,,,False,99.68813604186289
18925,925,1.0034736988018267e-06,1.0,,,False,99.81027104193345
18926,926,1.006555180538271e-06,1.0,,,False,99.93122295802459
18927,927,1.0086405382025987e-06,1.0,,,False,100.06399745796807
18928,928,1.0112549944096827e-06,1.0,,,False,100.17605237499811
18929,929,1.0130291911991662e-06,1.0,,,False,100.30458891694434
18930,930,1.0166085075979936e-06,1.0,,,False,100.43025549990125
18931,931,1.0178223419643473e-06,1.0,,,False,100.55728891701438
18932,932,1.0204057616647333e-06,1.0,,,False,100.6794531669002
18933,933,1.023020331558655e-06,1.0,,,False,100.79594791680574
18934,934,1.0251056892229826e-06,1.0,,,False,100.93539149989374
18935,935,1.0281559070790536e-06,1.0,,,False,101.05482337484136
18936,936,1.031112788041355e-06,1.0,,,False,101.16504787490703
18937,937,1.0344432439524098e-06,1.0,,,False,101.27706695790403
18938,938,1.0363418141423608e-06,1.0,,,False,101.3880267078057
18939,939,1.039049720930052e-06,1.0,,,False,101.52017512498423
18940,940,1.0422245395602658e-06,1.0,,,False,101.66590212495066
18941,941,1.0453059076098725e-06,1.0,,,False,101.80050874990411
18942,942,1.0484495760465506e-06,1.0,,,False,101.91283395793289
18943,943,1.0515619806028553e-06,1.0,,,False,102.05411949986592
18944,944,1.0532428404985694e-06,1.0,,,False,102.18988012499176
18945,945,1.0559817837929586e-06,1.0,,,False,102.32251049997285
18946,946,1.0592810895104776e-06,1.0,,,False,102.45563470781781
18947,947,1.0606194109641365e-06,1.0,,,False,102.57811912498437
18948,948,1.0639498668751912e-06,1.0,,,False,102.6724152918905
18949,949,1.0677159707483952e-06,1.0,,,False,102.7647389578633
18950,950,1.0700192660806351e-06,1.0,,,False,102.86058683297597
18951,951,1.074221131602826e-06,1.0,,,False,102.95617458294146
18952,952,1.0776137742141145e-06,1.0,,,False,103.07259804196656
18953,953,1.08029053080827e-06,1.0,,,False,103.18906370783225
18954,954,1.0834653494384838e-06,1.0,,,False,103.30797049985267
18955,955,1.0854572565222043e-06,1.0,,,False,103.4251759168692
18956,956,1.090344085241668e-06,1.0,,,False,103.55310158291832
18957,957,1.0928963547485182e-06,1.0,,,False,103.68305891682394
18958,958,1.0966624586217222e-06,1.0,,,False,103.81874133297242
18959,959,1.0996504897775594e-06,1.0,,,False,103.95271699992009
18960,960,1.1029497954950784e-06,1.0,,,False,104.06339262495749
18961,961,1.1059688631576137e-06,1.0,,,False,104.17268608300947
18962,962,1.1102953294539475e-06,1.0,,,False,104.25749766686931
18963,963,1.1130654229418724e-06,1.0,,,False,104.343247666955
18964,964,1.1164580655531608e-06,1.0,,,False,104.42780820792541
18965,965,1.1201931329196668e-06,1.0,,,False,104.51232700003311
18966,966,1.1243949984418578e-06,1.0,,,False,104.61550437496044
18967,967,1.1279742011538474e-06,1.0,,,False,104.70126558281481
18968,968,1.1315224810459767e-06,1.0,,,False,104.78708512498997
18969,969,1.1354753723935573e-06,1.0,,,False,104.87137662502937
18970,970,1.13939722723444e-06,1.0,,,False,104.95651237480342
18971,971,1.1426342325648875e-06,1.0,,,False,105.04043758288026
18972,972,1.1464003364380915e-06,1.0,,,False,105.12785395793617
18973,973,1.1511002639963408e-06,1.0,,,False,105.21451716683805
18974,974,1.1545862435013987e-06,1.0,,,False,105.31832595798187
18975,975,1.1593795079534175e-06,1.0,,,False,105.44826570781879
18976,976,1.163923798230826e-06,1.0,,,False,105.5579855418764
18977,977,1.1686547622957733e-06,1.0,,,False,105.66627487493679
18978,978,1.172981228592107e-06,1.0,,,False,105.77118970802985
18979,979,1.1762804206227884e-06,1.0,,,False,105.87629079190083
18980,980,1.1805133226516773e-06,1.0,,,False,105.98176899994723
18981,981,1.1850888768094592e-06,1.0,,,False,106.09143470786512
18982,982,1.1898508773811045e-06,1.0,,,False,106.20440137502737
18983,983,1.194395167658513e-06,1.0,,,False,106.31048116693273
18984,984,1.1986593335677753e-06,1.0,,,False,106.41682720789686
18985,985,1.2023944009342813e-06,1.0,,,False,106.53210258297622
18986,986,1.2078412510163616e-06,1.0,,,False,106.64686437486671
18987,987,1.2111715932405787e-06,1.0,,,False,106.76933541684411
18988,988,1.2151244845881592e-06,1.0,,,False,106.8938192918431
18989,989,1.2201045365145546e-06,1.0,,,False,107.02098174998537
18990,990,1.224524339704658e-06,1.0,,,False,107.12115695793182
18991,991,1.2280726195967873e-06,1.0,,,False,107.21673841681331
18992,992,1.233021521329647e-06,1.0,,,False,107.3059064578265
18993,993,1.2382815839373507e-06,1.0,,,False,107.40937187499367
18994,994,1.2430748483893694e-06,1.0,,,False,107.53578795795329
18995,995,1.2463741541068885e-06,1.0,,,False,107.64774512499571
18996,996,1.2515720300143585e-06,1.0,,,False,107.75137716694735
18997,997,1.255213760487095e-06,1.0,,,False,107.85742958285846
18998,998,1.2589487141667632e-06,1.0,,,False,107.978061666945
18999,999,1.2644890148294508e-06,1.0,,,False,108.06640104181133
19000,1000,1.2692511290879338e-06,1.0,0.9910504530708133,0.04149179623260188,False,108.23668254190125
19001,1001,1.2737331189782708e-06,1.0,,,False,108.39694604184479
19002,1002,1.2791798553735134e-06,1.0,,,False,108.52808916685171
19003,1003,1.2844710681747529e-06,1.0,,,False,108.673139374936
19004,1004,1.2884551097158692e-06,1.0,,,False,108.81132466695271
19005,1005,1.2936218354298035e-06,1.0,,,False,108.95065983291715
19006,1006,1.2990376490051858e-06,1.0,,,False,109.08635220793076
19007,1007,1.3042666751061915e-06,1.0,,,False,109.21729716681875
19008,1008,1.3088109653836e-06,1.0,,,False,109.34084979188628
19009,1009,1.3139776910975343e-06,1.0,,,False,109.4408739998471
19010,1010,1.318304157393868e-06,1.0,,,False,109.54030212480575
19011,1011,1.3231906450528186e-06,1.0,,,False,109.64429516694508
19012,1012,1.3295090184328728e-06,1.0,,,False,109.74569304194301
19013,1013,1.3351116194826318e-06,1.0,,,False,109.86315925000235
19014,1014,1.3410253814072348e-06,1.0,,,False,109.9910349168349
19015,1015,1.3468146562445327e-06,1.0,,,False,110.11987475003116
19016,1016,1.35154562030948e-06,1.0,,,False,110.24687066697516
19017,1017,1.3559654234995833e-06,1.0,,,False,110.37319129193202
19018,1018,1.3606342008642969e-06,1.0,,,False,110.49483712483197
19019,1019,1.3651161907546339e-06,1.0,,,False,110.61850420781411
19020,1020,1.3701895795747987e-06,1.0,,,False,110.7430372920353
19021,1021,1.3747650200457429e-06,1.0,,,False,110.87105783284642
19022,1022,1.3798694453726057e-06,1.0,,,False,110.97431091684848
19023,1023,1.384320285069407e-06,1.0,,,False,111.07411691686139
19024,1024,1.3894559742766432e-06,1.0,,,False,111.20301787485369
19025,1025,1.3948094874649541e-06,1.0,,,False,111.30115441698581
19026,1026,1.3994159644425963e-06,1.0,,,False,111.383902749978
19027,1027,1.4051119023861247e-06,1.0,,,False,111.47379254200496
19028,1028,1.4109323274169583e-06,1.0,,,False,111.61089470796287
19029,1029,1.415881229149818e-06,1.0,,,False,111.74456887482665
19030,1030,1.4221996025298722e-06,1.0,,,False,111.84276804188266
19031,1031,1.4278332400863292e-06,1.0,,,False,111.93743891688064
19032,1032,1.4334980278363219e-06,1.0,,,False,112.07480750000104
19033,1033,1.4391939657798503e-06,1.0,,,False,112.20872300001793
19034,1034,1.4453567018790636e-06,1.0,,,False,112.3340287078172
19035,1035,1.4507101013805368e-06,1.0,,,False,112.45594587503001
19036,1036,1.4571219253411982e-06,1.0,,,False,112.57593845785595
19037,1037,1.464062847844616e-06,1.0,,,False,112.6636324999854
19038,1038,1.469696485401073e-06,1.0,,,False,112.74697054200806
19039,1039,1.4757035842194455e-06,1.0,,,False,112.82955166697502
19040,1040,1.4824266827417887e-06,1.0,,,False,112.918075916823
19041,1041,1.4885270047670929e-06,1.0,,,False,113.00380149995908
19042,1042,1.4940361552362447e-06,1.0,,,False,113.08839208283462
19043,1043,1.4996387562860036e-06,1.0,,,False,113.18150045792572
19044,1044,1.5064550780152786e-06,1.0,,,False,113.29079908295535
19045,1045,1.513582787993073e-06,1.0,,,False,113.3998015418183
19046,1046,1.5199944982668967e-06,1.0,,,False,113.50022583291866
19047,1047,1.5267797834894736e-06,1.0,,,False,113.60507175000384
19048,1048,1.5333783949245117e-06,1.0,,,False,113.70775424991734
19049,1049,1.5412218772326014e-06,1.0,,,False,113.81081958301365
19050,1050,1.548754198665847e-06,1.0,,,False,113.91713158297352
19051,1051,1.5557884580630343e-06,1.0,,,False,114.02378545794636
19052,1052,1.5644101267753285e-06,1.0,,,False,114.12525737495162
19053,1053,1.5715066865595873e-06,1.0,,,False,114.23262199992314
19054,1054,1.5794436194482842e-06,1.0,,,False,114.34050558297895
19055,1055,1.5867891534071532e-06,1.0,,,False,114.44542849995196
19056,1056,1.5940100865918794e-06,1.0,,,False,114.54984137485735
19057,1057,1.6007643353077583e-06,1.0,,,False,114.65565616684034
19058,1058,1.608078605386254e-06,1.0,,,False,114.76103404187597
19059,1059,1.6160155382749508e-06,1.0,,,False,114.8634278329555
19060,1060,1.6228318600042257e-06,1.0,,,False,114.968537916895
19061,1061,1.6313913420162862e-06,1.0,,,False,115.07515841699205
19062,1062,1.6384256014134735e-06,1.0,,,False,115.16920241690241
19063,1063,1.6471717572130729e-06,1.0,,,False,115.26113029196858
19064,1064,1.6555754882574547e-06,1.0,,,False,115.35002887481824
19065,1065,1.664913042986882e-06,1.0,,,False,115.43874708283693
19066,1066,1.6754645457695005e-06,1.0,,,False,115.5324337920174
19067,1067,1.684957624092931e-06,1.0,,,False,115.63984433282167
19068,1068,1.6938594171733712e-06,1.0,,,False,115.76364466687664
19069,1069,1.702947997728188e-06,1.0,,,False,115.89077066699974
19070,1070,1.7117876041083946e-06,1.0,,,False,115.98006916698068
19071,1071,1.7211873455380555e-06,1.0,,,False,116.06416358286515
19072,1072,1.7322055327895214e-06,1.0,,,False,116.14900379185565
19073,1073,1.742352310429851e-06,1.0,,,False,116.24085758300498
19074,1074,1.7530904870000086e-06,1.0,,,False,116.35024841688573
19075,1075,1.7641710883253836e-06,1.0,,,False,116.45049083302729
19076,1076,1.7758741250872845e-06,1.0,,,False,116.56309387483634
19077,1077,1.7883863847600878e-06,1.0,,,False,116.67929074983113
19078,1078,1.8008053075391217e-06,1.0,,,False,116.7903798748739
19079,1079,1.814158054003201e-06,1.0,,,False,116.89625433296897
19080,1080,1.8271059616381535e-06,1.0,,,False,116.99986291700043
19081,1081,1.839867309172405e-06,1.0,,,False,117.10239074984565
19082,1082,1.854029164860549e-06,1.0,,,False,117.20582654187456
19083,1083,1.8676308854992385e-06,1.0,,,False,117.30826550000347
19084,1084,1.8826954146788921e-06,1.0,,,False,117.41160208289512
19085,1085,1.8967949699799647e-06,1.0,,,False,117.51793787488714
19086,1086,1.911143726829323e-06,1.0,,,False,117.617854291806
19087,1087,1.9257099665992428e-06,1.0,,,False,117.72230262495577
19088,1088,1.9416772829572437e-06,1.0,,,False,117.83787774993107
19089,1089,1.9587960196076892e-06,1.0,,,False,117.96127966698259
19090,1090,1.975603481696453e-06,1.0,,,False,118.0504970420152
19091,1091,1.992940042327973e-06,1.0,,,False,118.19713987503201
19092,1092,2.011490323639009e-06,1.0,,,False,118.32425499986857
19093,1093,2.030134282904328e-06,1.0,,,False,118.428770666942
19094,1094,2.0478132682910655e-06,1.0,,,False,118.55721466685645
19095,1095,2.0671109268732835e-06,1.0,,,False,118.68945116689429
19096,1096,2.0860350105067482e-06,1.0,,,False,118.82263754191808
19097,1097,2.1056748664705083e-06,1.0,,,False,118.95393620780669
19098,1098,2.1248479242785834e-06,1.0,,,False,119.07453595800325
19099,1099,2.1454216039273888e-06,1.0,,,False,119.21436558291316
19100,1100,2.1666489828930935e-06,1.0,0.9944065331692583,0.02726630973942042,False,119.46207399992272
19101,1101,2.1894322799198562e-06,1.0,,,False,119.59759745793417
19102,1102,2.2110955342213856e-06,1.0,,,False,119.73151850001886
19103,1103,2.23303845814371e-06,1.0,,,False,119.85707174986601
19104,1104,2.2571916815650184e-06,1.0,,,False,119.99335549981333
19105,1105,2.2807532786828233e-06,1.0,,,False,120.12850399990566
19106,1106,2.304719600942917e-06,1.0,,,False,120.25737837492488
19107,1107,2.3286550003831508e-06,1.0,,,False,120.35673329187557
19108,1108,2.3541772407043027e-06,1.0,,,False,120.44353545783088
19109,1109,2.3814743599359645e-06,1.0,,,False,120.5272184999194
19110,1110,2.4078681235550903e-06,1.0,,,False,120.61617258284241
19111,1111,2.4361297619179823e-06,1.0,,,False,120.7325523328036
19112,1112,2.4660721464897506e-06,1.0,,,False,120.85205949982628
19113,1113,2.49467620960786e-06,1.0,,,False,120.96242312481627
19114,1114,2.5232488951587584e-06,1.0,,,False,121.05440058303066
19115,1115,2.5526305762468837e-06,1.0,,,False,121.14186654193327
19116,1116,2.582572960818652e-06,1.0,,,False,121.23262312496081
19117,1117,2.612982370919781e-06,1.0,,,False,121.3561149998568
19118,1118,2.645258746269974e-06,1.0,,,False,121.48604070791043
19119,1119,2.6782201985042775e-06,1.0,,,False,121.57815104187466
19120,1120,2.7119908736494835e-06,1.0,,,False,121.66511012497358
19121,1121,2.746757445493131e-06,1.0,,,False,121.75132475001737
19122,1122,2.7813994165626355e-06,1.0,,,False,121.83266866696067
19123,1123,2.8160104648122797e-06,1.0,,,False,121.91607570787892
19124,1124,2.851026238204213e-06,1.0,,,False,122.00552216684446
19125,1125,2.8875360840174835e-06,1.0,,,False,122.09526241687126
19126,1126,2.924543423432624e-06,1.0,,,False,122.22639166703448
19127,1127,2.9626717150676996e-06,1.0,,,False,122.36173912486993
19128,1128,3.0033518214622745e-06,1.0,,,False,122.49789954186417
19129,1129,3.0435342068813043e-06,1.0,,,False,122.62522862502374
19130,1130,3.0832495667709736e-06,1.0,,,False,122.71793675003573
19131,1131,3.1245215268427273e-06,1.0,,,False,122.80797912483104
19132,1132,3.1689367006038083e-06,1.0,,,False,122.91760483291
19133,1133,3.214877324353438e-06,1.0,,,False,123.00319112488069
19134,1134,3.2586081033514347e-06,1.0,,,False,123.1124345830176
19135,1135,3.302743380118045e-06,1.0,,,False,123.19356579193845
19136,1136,3.348186055518454e-06,1.0,,,False,123.2841332918033
19137,1137,3.3980172702285927e-06,1.0,,,False,123.37292083282955
19138,1138,3.44756813319691e-06,1.0,,,False,123.463518708013
19139,1139,3.496683348203078e-06,1.0,,,False,123.54919133288786
19140,1140,3.5490354548528558e-06,1.0,,,False,123.63642133283429
19141,1141,3.600174068196793e-06,1.0,,,False,123.72007645783015
19142,1142,3.653832891359343e-06,1.0,,,False,123.83549758302979
19143,1143,3.708146095959819e-06,1.0,,,False,123.95628870790824
19144,1144,3.763175527637941e-06,1.0,,,False,124.05813908297569
19145,1145,3.820912297669565e-06,1.0,,,False,124.1839845420327
19146,1146,3.881979409925407e-06,1.0,,,False,124.29938220791519
19147,1147,3.941241175198229e-06,1.0,,,False,124.38420812482946
19148,1148,4.003895810456015e-06,1.0,,,False,124.46967849996872
19149,1149,4.069631359016057e-06,1.0,,,False,124.57087591686286
19150,1150,4.135180461162236e-06,1.0,,,False,124.67957983282395
19151,1151,4.203593107376946e-06,1.0,,,False,124.78161633294076
19152,1152,4.2732199290185235e-06,1.0,,,False,124.88340858300216
19153,1153,4.342442025517812e-06,1.0,,,False,124.99125558300875
19154,1154,4.418262051331112e-06,1.0,,,False,125.10009066690691
19155,1155,4.49352182840812e-06,1.0,,,False,125.20749220787548
19156,1156,4.568129043036606e-06,1.0,,,False,125.31020741700195
19157,1157,4.646843535738299e-06,1.0,,,False,125.41396516701207
19158,1158,4.7282042032747995e-06,1.0,,,False,125.52548108296469
19159,1159,4.810373866348527e-06,1.0,,,False,125.6571460829582
19160,1160,4.8928550313576125e-06,1.0,,,False,125.78270137496293
19161,1161,4.979724963050103e-06,1.0,,,False,125.90820595785044
19162,1162,5.066252015240025e-06,1.0,,,False,126.02896449994296
19163,1163,5.155798589839833e-06,1.0,,,False,126.1550836248789
19164,1164,5.248457455309108e-06,1.0,,,False,126.29264124995098
19165,1165,5.3395597205962986e-06,1.0,,,False,126.43287966703065
19166,1166,5.435113052953966e-06,1.0,,,False,126.55517466692254
19167,1167,5.532005161512643e-06,1.0,,,False,126.67703829193488
19168,1168,5.628864983009407e-06,1.0,,,False,126.80229387502186
19169,1169,5.727344159822678e-06,1.0,,,False,126.92939274990931
19170,1170,5.8281889323552605e-06,1.0,,,False,127.06139162485488
19171,1171,5.930403858656064e-06,1.0,,,False,127.19506854191422
19172,1172,6.034235866536619e-06,1.0,,,False,127.3062144999858
19173,1173,6.139376182545675e-06,1.0,,,False,127.41207474982366
19174,1174,6.24635276835761e-06,1.0,,,False,127.51627904199995
19175,1175,6.354634024319239e-06,1.0,,,False,127.61869370797649
19176,1176,6.4632909015927e-06,1.0,,,False,127.72389224986546
19177,1177,6.575590305146761e-06,1.0,,,False,127.83050445793197
19178,1178,6.687889253953472e-06,1.0,,,False,127.93646124983206
19179,1179,6.802117241022643e-06,1.0,,,False,128.04413333302364
19180,1180,6.919488896528492e-06,1.0,,,False,128.1565310829319
19181,1181,7.03866589901736e-06,1.0,,,False,128.26555570797063
19182,1182,7.159181222959887e-06,1.0,,,False,128.36721850000322
19183,1183,7.279664714587852e-06,1.0,,,False,128.46466216701083
19184,1184,7.403978088404983e-06,1.0,,,False,128.5573414999526
19185,1185,7.5277293944964185e-06,1.0,,,False,128.64751345780678
19186,1186,7.655061381228734e-06,1.0,,,False,128.74015520792454
19187,1187,7.781583917676471e-06,1.0,,,False,128.85211641690694
19188,1188,7.912059118098114e-06,1.0,,,False,128.9645320829004
19189,1189,8.044775313464925e-06,1.0,,,False,129.09049087483436
19190,1190,8.177553354471456e-06,1.0,,,False,129.2041506669484
19191,1191,8.313848411489744e-06,1.0,,,False,129.31427862495184
19192,1192,8.45039448904572e-06,1.0,,,False,129.4296560829971
19193,1193,8.592572157795075e-06,1.0,,,False,129.53664874983951
19194,1194,8.73207227414241e-06,1.0,,,False,129.6405280828476
19195,1195,8.877113941707648e-06,1.0,,,False,129.74789108289406
19196,1196,9.02199826668948e-06,1.0,,,False,129.83590724994428
19197,1197,9.16757016966585e-06,1.0,,,False,129.92467137495987
19198,1198,9.31699833017774e-06,1.0,,,False,130.01579366694205
19199,1199,9.469324140809476e-06,1.0,,,False,130.124512166949
19200,1200,9.623422556614969e-06,1.0,0.9972032665846291,0.02042881055079203,False,130.34736520797014
19201,1201,9.77736635832116e-06,1.0,,,False,130.45097270794213
19202,1202,9.936412425304297e-06,1.0,,,False,130.5519605828449
19203,1203,1.0095024663314689e-05,1.0,,,False,130.64354087482207
19204,1204,1.0258147995045874e-05,1.0,,,False,130.77275124983862
19205,1205,1.0424790161778219e-05,1.0,,,False,130.8934124170337
19206,1206,1.059364149114117e-05,1.0,,,False,131.00440529198386
19207,1207,1.0763022146420553e-05,1.0,,,False,131.11305862502195
19208,1208,1.0935204045381397e-05,1.0,,,False,131.2214147078339
19209,1209,1.1111867934232578e-05,1.0,,,False,131.30864366702735
19210,1210,1.1288810128462501e-05,1.0,,,False,131.39710037503392
19211,1211,1.1471294783405028e-05,1.0,,,False,131.48259591683745
19212,1212,1.1654837180685718e-05,1.0,,,False,131.57018004194833
19213,1213,1.1840931620099582e-05,1.0,,,False,131.6785390828736
19214,1214,1.2026216609228868e-05,1.0,,,False,131.7910188329406
19215,1215,1.2219498785270844e-05,1.0,,,False,131.87641504197381
19216,1216,1.2411320312821772e-05,1.0,,,False,131.97952774981968
19217,1217,1.2609551959030796e-05,1.0,,,False,132.1068091248162
19218,1218,1.2806634003936779e-05,1.0,,,False,132.23405783297494
19219,1219,1.3006299923290499e-05,1.0,,,False,132.3464224168565
19220,1220,1.3212279554863926e-05,1.0,,,False,132.47166583291255
19221,1221,1.3415460671239998e-05,1.0,,,False,132.5908924168907
19222,1222,1.3622782716993243e-05,1.0,,,False,132.7216451249551
19223,1223,1.383598555548815e-05,1.0,,,False,132.83944074995816
19224,1224,1.4049031960894354e-05,1.0,,,False,132.95914529194124
19225,1225,1.4262422155297827e-05,1.0,,,False,133.06601499998942
19226,1226,1.4479733181360643e-05,1.0,,,False,133.17511199996807
19227,1227,1.4703269698657095e-05,1.0,,,False,133.29074116703123
19228,1228,1.4924064998922404e-05,1.0,,,False,133.39711445802823
19229,1229,1.515087114967173e-05,1.0,,,False,133.4898283330258
19230,1230,1.5375682778540067e-05,1.0,,,False,133.6230454170145
19231,1231,1.5606034139636904e-05,1.0,,,False,133.75147799984552
19232,1232,1.583928315085359e-05,1.0,,,False,133.8674000420142
19233,1233,1.6074831364676356e-05,1.0,,,False,133.97860895795748
19234,1234,1.6314239474013448e-05,1.0,,,False,134.1083304998465
19235,1235,1.6552998204133473e-05,1.0,,,False,134.23048508283682
19236,1236,1.67987855093088e-05,1.0,,,False,134.34559349995106
19237,1237,1.704451278783381e-05,1.0,,,False,134.44032491696998
19238,1238,1.729562609398272e-05,1.0,,,False,134.5311039579101
19239,1239,1.7550564734847285e-05,1.0,,,False,134.62403149995953
19240,1240,1.780659476935398e-05,1.0,,,False,134.7360816670116
19241,1241,1.806701038731262e-05,1.0,,,False,134.8602539168205
19242,1242,1.8331069441046566e-05,1.0,,,False,134.95239058299921
19243,1243,1.859768235590309e-05,1.0,,,False,135.04863862483762
19244,1244,1.8868118786485866e-05,1.0,,,False,135.14082558290102
19245,1245,1.9142013115924783e-05,1.0,,,False,135.2545435000211
19246,1246,1.9424403944867663e-05,1.0,,,False,135.3737816249486
19247,1247,1.970689118024893e-05,1.0,,,False,135.46080875000916
19248,1248,1.9994567992398515e-05,1.0,,,False,135.54992112494074
19249,1249,2.028570816037245e-05,1.0,,,False,135.6507069580257
19250,1250,2.0584999219863676e-05,1.0,,,False,135.75627304194495
19251,1251,2.0886154743493535e-05,1.0,,,False,135.8404497918673
19252,1252,2.1189243852859363e-05,1.0,,,False,135.9280265418347
19253,1253,2.149827741959598e-05,1.0,,,False,136.00866908300668
19254,1254,2.181337731599342e-05,1.0,,,False,136.09592541703023
19255,1255,2.213149673480075e-05,1.0,,,False,136.20554166682996
19256,1256,2.2453134079114534e-05,1.0,,,False,136.30135262501426
19257,1257,2.2782272935728543e-05,1.0,,,False,136.40139124984853
19258,1258,2.3113836505217478e-05,1.0,,,False,136.52031387481838
19259,1259,2.3445123588317074e-05,1.0,,,False,136.64498058287427
19260,1260,2.3784066797816195e-05,1.0,,,False,136.75362370791845
19261,1261,2.413050788163673e-05,1.0,,,False,136.88752016681246
19262,1262,2.4476763428538106e-05,1.0,,,False,137.0144947078079
19263,1263,2.483014395693317e-05,1.0,,,False,137.13515733298846
19264,1264,2.5184494006680325e-05,1.0,,,False,137.25528658297844
19265,1265,2.5541703507769853e-05,1.0,,,False,137.36192974983715
19266,1266,2.590140502434224e-05,1.0,,,False,137.4690121668391
19267,1267,2.6266770873917267e-05,1.0,,,False,137.5746874168981
19268,1268,2.6632258595782332e-05,1.0,,,False,137.68250320781954
19269,1269,2.6999023248208687e-05,1.0,,,False,137.80263349995948
19270,1270,2.736871101660654e-05,1.0,,,False,137.9130354579538
19271,1271,2.774385029624682e-05,1.0,,,False,138.04045008285902
19272,1272,2.811705599015113e-05,1.0,,,False,138.16487300000153
19273,1273,2.84975776594365e-05,1.0,,,False,138.27563016698696
19274,1274,2.888030394387897e-05,1.0,,,False,138.3822359170299
19275,1275,2.9269138394738548e-05,1.0,,,False,138.50357337482274
19276,1276,2.9655073376488872e-05,1.0,,,False,138.60168249998242
19277,1277,3.0046147003304213e-05,1.0,,,False,138.7096163330134
19278,1278,3.0437211535172537e-05,1.0,,,False,138.82465208298527
19279,1279,3.0837127269478515e-05,1.0,,,False,138.94252220797352
19280,1280,3.123973874608055e-05,1.0,,,False,139.05977870803326
19281,1281,3.164313966408372e-05,1.0,,,False,139.1558570000343
19282,1282,3.2054253097157925e-05,1.0,,,False,139.2737281669397
19283,1283,3.246909909648821e-05,1.0,,,False,139.3926318329759
19284,1284,3.289082815172151e-05,1.0,,,False,139.52370562497526
19285,1285,3.3310996514046565e-05,1.0,,,False,139.66726287500933
19286,1286,3.373832078068517e-05,1.0,,,False,139.79065737500787
19287,1287,3.416942126932554e-05,1.0,,,False,139.9526449998375
19288,1288,3.460315929260105e-05,1.0,,,False,140.075441832887
19289,1289,3.503898187773302e-05,1.0,,,False,140.1824512919411
19290,1290,3.548386666807346e-05,1.0,,,False,140.29758983291686
19291,1291,3.5927092540077865e-05,1.0,,,False,140.39190616691485
19292,1292,3.637412009993568e-05,1.0,,,False,140.4957679999061
19293,1293,3.6828339943895116e-05,1.0,,,False,140.6062895830255
19294,1294,3.728064984898083e-05,1.0,,,False,140.71466658287682
19295,1295,3.773960270336829e-05,1.0,,,False,140.80616404186003
19296,1296,3.820306665147655e-05,1.0,,,False,140.8984696669504
19297,1297,3.86707870347891e-05,1.0,,,False,140.99353291699663
19298,1298,3.9138416468631476e-05,1.0,,,False,141.08600158290938
19299,1299,3.9612834370927885e-05,1.0,,,False,141.20062791695818
19300,1300,4.0088303649099544e-05,1.0,0.9988813066338517,0.018384800801187772,False,141.42990733287297
19301,1301,4.0572802390670404e-05,1.0,,,False,141.52784995781258
19302,1302,4.105891639483161e-05,1.0,,,False,141.63597974996082
19303,1303,4.1543913539499044e-05,1.0,,,False,141.7218678749632
19304,1304,4.203556454740465e-05,1.0,,,False,141.81581058283336
19305,1305,4.253310544299893e-05,1.0,,,False,141.9366138749756
19306,1306,4.303179230191745e-05,1.0,,,False,142.03935649991035
19307,1307,4.353431359049864e-05,1.0,,,False,142.12585262488574
19308,1308,4.404199353302829e-05,1.0,,,False,142.21359904203564
19309,1309,4.455278758541681e-05,1.0,,,False,142.3007210418582
19310,1310,4.506684490479529e-05,1.0,,,False,142.38758037495427
19311,1311,4.558396540232934e-05,1.0,,,False,142.50050916685723
19312,1312,4.6102410124149173e-05,1.0,,,False,142.605479166843
19313,1313,4.662879655370489e-05,1.0,,,False,142.70774724986404
19314,1314,4.715353134088218e-05,1.0,,,False,142.80719395796768
19315,1315,4.768256258103065e-05,1.0,,,False,142.9222213330213
19316,1316,4.8214515118161216e-05,1.0,,,False,143.03889333293773
19317,1317,4.8746911488706246e-05,1.0,,,False,143.14974245801568
19318,1318,4.92814760946203e-05,1.0,,,False,143.24934129184112
19319,1319,4.982224345440045e-05,1.0,,,False,143.35098624997772
19320,1320,5.035982758272439e-05,1.0,,,False,143.45874133286998
19321,1321,5.0901089707622305e-05,1.0,,,False,143.58095741691068
19322,1322,5.143981979927048e-05,1.0,,,False,143.7123346249573
19323,1323,5.198039798415266e-05,1.0,,,False,143.8250737078488
19324,1324,5.2526698709698394e-05,1.0,,,False,143.92275579180568
19325,1325,5.3066374675836414e-05,1.0,,,False,144.015585541958
19326,1326,5.3612791816703975e-05,1.0,,,False,144.11754474998452
19327,1327,5.415853229351342e-05,1.0,,,False,144.23724895785563
19328,1328,5.470063115353696e-05,1.0,,,False,144.3495385418646
19329,1329,5.524861626327038e-05,1.0,,,False,144.44890324980952
19330,1330,5.579254138865508e-05,1.0,,,False,144.5693787918426
19331,1331,5.633880937239155e-05,1.0,,,False,144.7060029169079
19332,1332,5.688451346941292e-05,1.0,,,False,144.8322600419633
19333,1333,5.74308360228315e-05,1.0,,,False,144.9355313749984
19334,1334,5.7969980844063684e-05,1.0,,,False,145.05744879180565
19335,1335,5.85166817472782e-05,1.0,,,False,145.16618795786053
19336,1336,5.9057401813333854e-05,1.0,,,False,145.2829097919166
19337,1337,5.959644840913825e-05,1.0,,,False,145.39992595789954
19338,1338,6.013775782776065e-05,1.0,,,False,145.50752824987285
19339,1339,6.0678641602862626e-05,1.0,,,False,145.63281408301555
19340,1340,6.121749174781144e-05,1.0,,,False,145.7528470000252
19341,1341,6.17515979683958e-05,1.0,,,False,145.85362429195084
19342,1342,6.228673737496138e-05,1.0,,,False,145.95917074987665
19343,1343,6.282034155447036e-05,1.0,,,False,146.07596112485044
19344,1344,6.335177749861032e-05,1.0,,,False,146.188050708035
19345,1345,6.38810233795084e-05,1.0,,,False,146.29000483290292
19346,1346,6.440757715608925e-05,1.0,,,False,146.41237024986185
19347,1347,6.49283902021125e-05,1.0,,,False,146.53698766697198
19348,1348,6.54472314636223e-05,1.0,,,False,146.67588441702537
19349,1349,6.596722232643515e-05,1.0,,,False,146.78082445799373
19350,1350,6.648048292845488e-05,1.0,,,False,146.91407458297908
19351,1351,6.699238292640075e-05,1.0,,,False,147.03576233284548
19352,1352,6.75016053719446e-05,1.0,,,False,147.16707333293743
19353,1353,6.80060766171664e-05,1.0,,,False,147.2909111250192
19354,1354,6.850616773590446e-05,1.0,,,False,147.39028529194184
19355,1355,6.900524749653414e-05,1.0,,,False,147.50186374993064
19356,1356,6.950127135496587e-05,1.0,,,False,147.61196429189295
19357,1357,6.999640027061105e-05,1.0,,,False,147.71995554189198
19358,1358,7.048916450003162e-05,1.0,,,False,147.83081333292648
19359,1359,7.097799971234053e-05,1.0,,,False,147.94319599983282
19360,1360,7.146206189645454e-05,1.0,,,False,148.08168429182842
19361,1361,7.194950740085915e-05,1.0,,,False,148.20610320800915
19362,1362,7.24322089808993e-05,1.0,,,False,148.32762195798568
19363,1363,7.29092353140004e-05,1.0,,,False,148.46276820800267
19364,1364,7.33785200282e-05,1.0,,,False,148.58605137490667
19365,1365,7.384772470686585e-05,1.0,,,False,148.71576074999757
19366,1366,7.430814002873376e-05,1.0,,,False,148.82257833285257
19367,1367,7.476937025785446e-05,1.0,,,False,148.93762316694483
19368,1368,7.521721272496507e-05,1.0,,,False,149.06002891692333
19369,1369,7.567035936517641e-05,1.0,,,False,149.17076387489215
19370,1370,7.611175533384085e-05,1.0,,,False,149.29142737481743
19371,1371,7.655626541236416e-05,1.0,,,False,149.433251041919
19372,1372,7.69912003306672e-05,1.0,,,False,149.55867604189552
19373,1373,7.742930756649002e-05,1.0,,,False,149.6833095420152
19374,1374,7.785850175423548e-05,1.0,,,False,149.77398308296688
19375,1375,7.82794741098769e-05,1.0,,,False,149.90171970799565
19376,1376,7.870088302297518e-05,1.0,,,False,150.02633070782758
19377,1377,7.911209104349837e-05,1.0,,,False,150.1572108748369
19378,1378,7.951792213134468e-05,1.0,,,False,150.2915769580286
19379,1379,7.992173050297424e-05,1.0,,,False,150.41772708296776
19380,1380,8.032510231714696e-05,1.0,,,False,150.5589236668311
19381,1381,8.071888441918418e-05,1.0,,,False,150.7064561669249
19382,1382,8.110678027151152e-05,1.0,,,False,150.8460818750318
19383,1383,8.149434870574623e-05,1.0,,,False,150.9822054170072
19384,1384,8.187570347217843e-05,1.0,,,False,151.0885176670272
19385,1385,8.225455530919135e-05,1.0,,,False,151.21724179200828
19386,1386,8.262194023700431e-05,1.0,,,False,151.32408099994063
19387,1387,8.299540786538273e-05,1.0,,,False,151.45592145784758
19388,1388,8.33593076094985e-05,1.0,,,False,151.57050829194486
19389,1389,8.372288721147925e-05,1.0,,,False,151.6844939168077
19390,1390,8.407847781199962e-05,1.0,,,False,151.81064424989745
19391,1391,8.442556281806901e-05,1.0,,,False,151.92334174993448
19392,1392,8.476865332340822e-05,1.0,,,False,152.04457041691057
19393,1393,8.51099903229624e-05,1.0,,,False,152.15986524987966
19394,1394,8.543785952497274e-05,1.0,,,False,152.28165162494406
19395,1395,8.576317486586049e-05,1.0,,,False,152.41735387500376
19396,1396,8.608624921180308e-05,1.0,,,False,152.53119649994187
19397,1397,8.639925363240764e-05,1.0,,,False,152.62476870790124
19398,1398,8.670911483932287e-05,1.0,,,False,152.75553091685288
19399,1399,8.701202023075894e-05,1.0,,,False,152.89963166695088
19400,1400,8.731155685381964e-05,1.0,0.9991050453070813,0.019705101980479724,False,153.1702650829684
19401,1401,8.760479977354407e-05,1.0,,,False,153.28165762498975
19402,1402,8.78923456184566e-05,1.0,,,False,153.38946966687217
19403,1403,8.81822343217209e-05,1.0,,,False,153.51904770801775
19404,1404,8.846554555930197e-05,1.0,,,False,153.66113974992186
19405,1405,8.874311606632546e-05,1.0,,,False,153.78390654199757
19406,1406,8.901346882339567e-05,1.0,,,False,153.89582304190844
19407,1407,8.92829557415098e-05,1.0,,,False,154.0217637079768
19408,1408,8.955112571129575e-05,1.0,,,False,154.13179708295502
19409,1409,8.981712016975507e-05,1.0,,,False,154.2576475830283
19410,1410,9.008472989080474e-05,1.0,,,False,154.38357045780867
19411,1411,9.034360846271738e-05,1.0,,,False,154.49718649988063
19412,1412,9.060439333552495e-05,1.0,,,False,154.60093816695735
19413,1413,9.085828787647188e-05,1.0,,,False,154.7060908328276
19414,1414,9.110816608881578e-05,1.0,,,False,154.8370045828633
19415,1415,9.136313747148961e-05,1.0,,,False,154.9445795000065
19416,1416,9.16088029043749e-05,1.0,,,False,155.05741350003518
19417,1417,9.185813541989774e-05,1.0,,,False,155.168612832902
19418,1418,9.210586722474545e-05,1.0,,,False,155.29765345784836
19419,1419,9.235101606464013e-05,1.0,,,False,155.40820958302356
19420,1420,9.259700891561806e-05,1.0,,,False,155.50189579185098
19421,1421,9.284255793318152e-05,1.0,,,False,155.62794462498277
19422,1422,9.308198059443384e-05,1.0,,,False,155.754060291918
19423,1423,9.332053014077246e-05,1.0,,,False,155.85265554185025
19424,1424,9.356273949379101e-05,1.0,,,False,155.97011316684075
19425,1425,9.380710253026336e-05,1.0,,,False,156.08197887497954
19426,1426,9.405324817635119e-05,1.0,,,False,156.18927870783955
19427,1427,9.429397323401645e-05,1.0,,,False,156.30795333301648
19428,1428,9.453674283577129e-05,1.0,,,False,156.41533745802008
19429,1429,9.477061394136399e-05,1.0,,,False,156.5434159168508
19430,1430,9.500484156887978e-05,1.0,,,False,156.66930608288385
19431,1431,9.524056076770648e-05,1.0,,,False,156.80304891685955
19432,1432,9.547272929921746e-05,1.0,,,False,156.92743708286434
19433,1433,9.56984149524942e-05,1.0,,,False,157.01860183291137
19434,1434,9.592328569851816e-05,1.0,,,False,157.10981441684999
19435,1435,9.61440455284901e-05,1.0,,,False,157.19419320789166
19436,1436,9.636179311200976e-05,1.0,,,False,157.27922183298506
19437,1437,9.658796625444666e-05,1.0,,,False,157.36447416688316
19438,1438,9.680186485638842e-05,1.0,,,False,157.45424508303404
19439,1439,9.702060197014362e-05,1.0,,,False,157.54916445794515
19440,1440,9.723135735839605e-05,1.0,,,False,157.63664604187943
19441,1441,9.744647104525939e-05,1.0,,,False,157.72036683303304
19442,1442,9.76600349531509e-05,1.0,,,False,157.80558449984528
19443,1443,9.787160524865612e-05,1.0,,,False,157.94037862494588
19444,1444,9.807173046283424e-05,1.0,,,False,158.04062904184684
19445,1445,9.828033216763288e-05,1.0,,,False,158.1323791248724
19446,1446,9.847988985711709e-05,1.0,,,False,158.240862458013
19447,1447,9.868500637821853e-05,1.0,,,False,158.35589804197662
19448,1448,9.888342901831493e-05,1.0,,,False,158.47358412481844
19449,1449,9.908521315082908e-05,1.0,,,False,158.5787093329709
19450,1450,9.928729559760541e-05,1.0,,,False,158.6843468330335
19451,1451,9.948767547030002e-05,1.0,,,False,158.7919675828889
19452,1452,9.968195081455633e-05,1.0,,,False,158.89850483299233
19453,1453,9.988434612751007e-05,1.0,,,False,159.0022617499344
19454,1454,0.00010008166282204911,1.0,,,False,159.11424341681413
19455,1455,0.00010028612450696528,1.0,,,False,159.22042520786636
19456,1456,0.00010047927935374901,1.0,,,False,159.3281809578184
19457,1457,0.00010067542461911216,1.0,,,False,159.436125874985
19458,1458,0.00010087259579449892,1.0,,,False,159.53284495789558
19459,1459,0.00010107106936629862,1.0,,,False,159.63805824983865
19460,1460,0.00010126597044290975,1.0,,,False,159.76385029195808
19461,1461,0.00010146458225790411,1.0,,,False,159.84940591687337
19462,1462,0.00010165782441617921,1.0,,,False,159.93377312482335
19463,1463,0.0001018513721646741,1.0,,,False,160.02113649994135
19464,1464,0.00010204179852735251,1.0,,,False,160.1069379998371
19465,1465,0.00010224117431789637,1.0,,,False,160.1966887919698
19466,1466,0.00010243168071610853,1.0,,,False,160.2944397078827
19467,1467,0.0001026295794872567,1.0,,,False,160.4090220828075
19468,1468,0.00010282581934006885,1.0,,,False,160.49672120786272
19469,1469,0.00010301575093762949,1.0,,,False,160.58393804193474
19470,1470,0.00010320989531464875,1.0,,,False,160.66883783298545
19471,1471,0.00010340060543967411,1.0,,,False,160.74855908285826
19472,1472,0.00010359209409216419,1.0,,,False,160.83175949985161
19473,1473,0.00010378737351857126,1.0,,,False,160.91683154180646
19474,1474,0.00010397578444099054,1.0,,,False,161.02297458285466
19475,1475,0.00010416696022730321,1.0,,,False,161.1535491249524
19476,1476,0.00010435636795591563,1.0,,,False,161.27713258285075
19477,1477,0.00010454595758346841,1.0,,,False,161.39279262488708
19478,1478,0.0001047352998284623,1.0,,,False,161.48015408287756
19479,1479,0.0001049294660333544,1.0,,,False,161.56327812490053
19480,1480,0.00010511895379750058,1.0,,,False,161.64418816682883
19481,1481,0.00010531623411225155,1.0,,,False,161.72780474997126
19482,1482,0.00010550721344770864,1.0,,,False,161.8150420829188
19483,1483,0.00010569429286988452,1.0,,,False,161.9006095828954
19484,1484,0.00010588674194877967,1.0,,,False,161.9998984169215
19485,1485,0.00010607208969304338,1.0,,,False,162.1051874998957
19486,1486,0.00010626250150380656,1.0,,,False,162.21965220803395
19487,1487,0.0001064515599864535,1.0,,,False,162.33215899998322
19488,1488,0.00010663860302884132,1.0,,,False,162.44586324994452
19489,1489,0.0001068302444764413,1.0,,,False,162.57991879200563
19490,1490,0.0001070218495442532,1.0,,,False,162.70874420786276
19491,1491,0.00010720702994149178,1.0,,,False,162.834667542018
19492,1492,0.00010739819845184684,1.0,,,False,162.96545879193582
19493,1493,0.00010758660937426612,1.0,,,False,163.0962180418428
19494,1494,0.0001077756896847859,1.0,,,False,163.21661608293653
19495,1495,0.00010796920832945034,1.0,,,False,163.34246408287436
19496,1496,0.00010815913265105337,1.0,,,False,163.47438049991615
19497,1497,0.00010835003922693431,1.0,,,False,163.59563174983487
19498,1498,0.00010854534048121423,1.0,,,False,163.7003300418146
19499,1499,0.00010873907012864947,1.0,,,False,163.80626912484877
19500,1500,0.00010893071885220706,1.0,0.9995525226535407,0.018486542449383237,False,164.00939120794646
19501,1501,0.00010912451398326084,1.0,,,False,164.13875520788133
19502,1502,0.00010931730503216386,1.0,,,False,164.2682568328455
19503,1503,0.00010951064905384555,1.0,,,False,164.3969869168941
19504,1504,0.00010970958101097494,1.0,,,False,164.51632958301343
19505,1505,0.00010990435112034902,1.0,,,False,164.63806187501177
19506,1506,0.00011010048910975456,1.0,,,False,164.74224154185504
19507,1507,0.00011029819870600477,1.0,,,False,164.82397179189138
19508,1508,0.00011049918248318136,1.0,,,False,164.90841249981895
19509,1509,0.00011069900210713968,1.0,,,False,164.9903077078052
19510,1510,0.00011089811596320942,1.0,,,False,165.07384333293885
19511,1511,0.00011109968909295276,1.0,,,False,165.15568820782937
19512,1512,0.00011131214705528691,1.0,,,False,165.23969108285382
19513,1513,0.00011151809303555638,1.0,,,False,165.32491541700438
19514,1514,0.00011172589438501745,1.0,,,False,165.44993716687895
19515,1515,0.00011193518730578944,1.0,,,False,165.57740566693246
19516,1516,0.00011214378901058808,1.0,,,False,165.6923957078252
19517,1517,0.00011235257989028469,1.0,,,False,165.81536404183134
19518,1518,0.00011256762081757188,1.0,,,False,165.94139579194598
19519,1519,0.00011278410238446668,1.0,,,False,166.06829358288087
19520,1520,0.00011300044570816681,1.0,,,False,166.17225216701627
19521,1521,0.00011321714555379003,1.0,,,False,166.27834004187025
19522,1522,0.00011344034282956272,1.0,,,False,166.4016312919557
19523,1523,0.00011366388207534328,1.0,,,False,166.52978370781057
19524,1524,0.0001138893494498916,1.0,,,False,166.64684658288024
19525,1525,0.00011411535524530336,1.0,,,False,166.74917591689155
19526,1526,0.00011434364569140598,1.0,,,False,166.85132050001994
19527,1527,0.00011457018263172358,1.0,,,False,166.95689645782113
19528,1528,0.00011480013927211985,1.0,,,False,167.0630187918432
19529,1529,0.00011503080168040469,1.0,,,False,167.16236129193567
19530,1530,0.00011526979506015778,1.0,,,False,167.24846349982545
19531,1531,0.00011550069757504389,1.0,,,False,167.33623795793392
19532,1532,0.00011573881056392565,1.0,,,False,167.42166087497026
19533,1533,0.00011597549746511504,1.0,,,False,167.514329749858
19534,1534,0.00011621516023296863,1.0,,,False,167.60449416702613
19535,1535,0.0001164568675449118,1.0,,,False,167.6918208329007
19536,1536,0.00011669908417388797,1.0,,,False,167.7810696249362
19537,1537,0.0001169405149994418,1.0,,,False,167.87163070798852
19538,1538,0.00011718617315636948,1.0,,,False,168.00292837503366
19539,1539,0.0001174314456875436,1.0,,,False,168.11694120801985
19540,1540,0.00011767926480388269,1.0,,,False,168.22234370792285
19541,1541,0.00011792849545599893,1.0,,,False,168.3260562918149
19542,1542,0.00011817979975603521,1.0,,,False,168.42210633284412
19543,1543,0.00011842653475468978,1.0,,,False,168.515675582923
19544,1544,0.00011867762077599764,1.0,,,False,168.59966783295386
19545,1545,0.0001189269678434357,1.0,,,False,168.6833432498388
19546,1546,0.00011918129894183949,1.0,,,False,168.78356024995446
19547,1547,0.00011943440040340647,1.0,,,False,168.90824612486176
19548,1548,0.00011968275794060901,1.0,,,False,169.03544324985705
19549,1549,0.00011993780208285898,1.0,,,False,169.158509374829
19550,1550,0.00012019003770546988,1.0,,,False,169.28671874990687
19551,1551,0.00012044273171341047,1.0,,,False,169.40735437488183
19552,1552,0.00012069840886397287,1.0,,,False,169.5378550000023
19553,1553,0.00012095022248104215,1.0,,,False,169.63656704197638
19554,1554,0.00012120958854211494,1.0,,,False,169.72188004199415
19555,1555,0.00012146548397140577,1.0,,,False,169.8041024999693
19556,1556,0.0001217240933328867,1.0,,,False,169.8873279998079
19557,1557,0.00012198134209029377,1.0,,,False,169.98034033295698
19558,1558,0.00012223850353620946,1.0,,,False,170.06695158290677
19559,1559,0.00012249861902091652,1.0,,,False,170.17592512490228
19560,1560,0.00012275739572942257,1.0,,,False,170.29281237488613
19561,1561,0.00012302008690312505,1.0,,,False,170.38208933291025
19562,1562,0.0001232773211086169,1.0,,,False,170.46871770801954
19563,1563,0.00012353586498647928,1.0,,,False,170.55705674993806
19564,1564,0.00012379561667330563,1.0,,,False,170.64452362502925
19565,1565,0.0001240542042069137,1.0,,,False,170.73053608299233
19566,1566,0.00012431491632014513,1.0,,,False,170.8155562498141
19567,1567,0.00012457564298529178,1.0,,,False,170.89749804185703
19568,1568,0.00012483802856877446,1.0,,,False,170.98603349993937
19569,1569,0.00012509753287304193,1.0,,,False,171.0718380420003
19570,1570,0.00012535694986581802,1.0,,,False,171.15815924992785
19571,1571,0.0001256175892194733,1.0,,,False,171.24216595781036
19572,1572,0.0001258801930816844,1.0,,,False,171.33218083297834
19573,1573,0.00012614502338692546,1.0,,,False,171.42162879183888
19574,1574,0.00012640604109037668,1.0,,,False,171.51004124991596
19575,1575,0.0001266682957066223,1.0,,,False,171.59777583298273
19576,1576,0.0001269259228138253,1.0,,,False,171.68589629186317
19577,1577,0.0001271867222385481,1.0,,,False,171.7698396248743
19578,1578,0.0001274460955755785,1.0,,,False,171.8559563329909
19579,1579,0.00012770159810315818,1.0,,,False,171.94506287481636
19580,1580,0.0001279546122532338,1.0,,,False,172.0297227499541
19581,1581,0.0001282096200156957,1.0,,,False,172.11737112491392
19582,1582,0.00012846254685427994,1.0,,,False,172.2008959169034
19583,1583,0.00012871326180174947,1.0,,,False,172.29183049988933
19584,1584,0.00012896087719127536,1.0,,,False,172.38039041683078
19585,1585,0.00012920601875521243,1.0,,,False,172.47972662490793
19586,1586,0.00012945471098646522,1.0,,,False,172.60592695791274
19587,1587,0.0001296960690524429,1.0,,,False,172.72182291699573
19588,1588,0.00012993479322176427,1.0,,,False,172.81374470796436
19589,1589,0.0001301701122429222,1.0,,,False,172.90209362492897
19590,1590,0.0001304009201703593,1.0,,,False,172.9862720000092
19591,1591,0.00013063385267741978,1.0,,,False,173.07448208285496
19592,1592,0.00013085591490380466,1.0,,,False,173.20321445795707
19593,1593,0.0001310791849391535,1.0,,,False,173.32929495791905
19594,1594,0.00013129308354109526,1.0,,,False,173.44930187496357
19595,1595,0.00013150680752005428,1.0,,,False,173.5666694168467
19596,1596,0.00013171359023544937,1.0,,,False,173.68981866701506
19597,1597,0.00013191826292313635,1.0,,,False,173.8120061669033
19598,1598,0.00013212139310780913,1.0,,,False,173.9283484169282
19599,1599,0.0001323207834502682,1.0,,,False,174.05514129181392
19600,1600,0.000132514483993873,1.0,0.9996643919901554,0.017759730356198485,False,174.24234237498604
19601,1601,0.00013270274212118238,1.0,,,False,174.33325891685672
19602,1602,0.00013288919581100345,1.0,,,False,174.4148678749334
19603,1603,0.00013306605978868902,1.0,,,False,174.5065343750175
19604,1604,0.00013324122119229287,1.0,,,False,174.59104966698214
19605,1605,0.00013340995064936578,1.0,,,False,174.67575449985452
19606,1606,0.000133575958898291,1.0,,,False,174.76341324998066
19607,1607,0.00013373685942497104,1.0,,,False,174.8445505828131
19608,1608,0.0001338947331532836,1.0,,,False,174.9374524578452
19609,1609,0.00013405008940026164,1.0,,,False,175.02125966688618
19610,1610,0.00013419646711554378,1.0,,,False,175.1078586669173
19611,1611,0.00013434115680865943,1.0,,,False,175.19469766691327
19612,1612,0.00013448037498164922,1.0,,,False,175.304380874848
19613,1613,0.00013461556227412075,1.0,,,False,175.42432804196142
19614,1614,0.00013474571460392326,1.0,,,False,175.5542336248327
19615,1615,0.00013487406249623746,1.0,,,False,175.68153508286923
19616,1616,0.00013499775377567858,1.0,,,False,175.7990131250117
19617,1617,0.00013511792349163443,1.0,,,False,175.92594424984418
19618,1618,0.0001352305116597563,1.0,,,False,176.03181820781901
19619,1619,0.00013534247409552336,1.0,,,False,176.119748624973
19620,1620,0.00013545091496780515,1.0,,,False,176.20738091692328
19621,1621,0.0001355558488285169,1.0,,,False,176.29575933283195
19622,1622,0.000135655005578883,1.0,,,False,176.38307508290745
19623,1623,0.00013575558841694146,1.0,,,False,176.46891370788217
19624,1624,0.00013585227134171873,1.0,,,False,176.55107299983501
19625,1625,0.0001359432062599808,1.0,,,False,176.64620204200037
19626,1626,0.00013603086699731648,1.0,,,False,176.73446662491187
19627,1627,0.00013611982285510749,1.0,,,False,176.82180000003427
19628,1628,0.00013619867968373,1.0,,,False,176.90678374981508
19629,1629,0.00013627846783492714,1.0,,,False,176.9921981669031
19630,1630,0.0001363518531434238,1.0,,,False,177.0776696668472
19631,1631,0.00013642200792673975,1.0,,,False,177.16161495796405
19632,1632,0.000136488102725707,1.0,,,False,177.24737645802088
19633,1633,0.00013655266957357526,1.0,,,False,177.33332299999893
19634,1634,0.00013661320554092526,1.0,,,False,177.4202846668195
19635,1635,0.00013667246093973517,1.0,,,False,177.5047068328131
19636,1636,0.0001367256772937253,1.0,,,False,177.59131699986756
19637,1637,0.0001367776858387515,1.0,,,False,177.67840537498705
19638,1638,0.00013682253484148532,1.0,,,False,177.76578495791182
19639,1639,0.00013686415331903845,1.0,,,False,177.85464779194444
19640,1640,0.00013690699415747076,1.0,,,False,177.9449993330054
19641,1641,0.000136941482196562,1.0,,,False,178.0371853748802
19642,1642,0.000136977294459939,1.0,,,False,178.1260847079102
19643,1643,0.00013700328418053687,1.0,,,False,178.2127728748601
19644,1644,0.0001370276149827987,1.0,,,False,178.29843604192138
19645,1645,0.0001370453683193773,1.0,,,False,178.38564537488855
19646,1646,0.00013706715253647417,1.0,,,False,178.47031916701235
19647,1647,0.0001370796380797401,1.0,,,False,178.55442749988288
19648,1648,0.0001370884128846228,1.0,,,False,178.65574341686442
19649,1649,0.0001370948157273233,1.0,,,False,178.7559091669973
19650,1650,0.00013709807535633445,1.0,,,False,178.8641451250296
19651,1651,0.000137099385028705,1.0,,,False,178.96592587488703
19652,1652,0.00013709234190173447,1.0,,,False,179.0822777498979
19653,1653,0.00013708611368201673,1.0,,,False,179.20979133294895
19654,1654,0.00013707698963116854,1.0,,,False,179.3346719169058
19655,1655,0.0001370631653117016,1.0,,,False,179.46109124994837
19656,1656,0.00013704723096452653,1.0,,,False,179.58338724984787
19657,1657,0.00013702764408662915,1.0,,,False,179.6771578749176
19658,1658,0.00013700645649805665,1.0,,,False,179.77139504184015
19659,1659,0.0001369823730783537,1.0,,,False,179.86396341701038
19660,1660,0.00013695532106794417,1.0,,,False,179.95087816682644
19661,1661,0.00013692263746634126,1.0,,,False,180.04118499998003
19662,1662,0.00013689124898519367,1.0,,,False,180.1395236668177
19663,1663,0.00013685208978131413,1.0,,,False,180.25716724991798
19664,1664,0.00013681160635314882,1.0,,,False,180.3608367498964
19665,1665,0.00013676716480404139,1.0,,,False,180.45164724998176
19666,1666,0.00013671640772372484,1.0,,,False,180.53592266701162
19667,1667,0.00013666627637576312,1.0,,,False,180.62577029201202
19668,1668,0.00013660920376423746,1.0,,,False,180.71084233303554
19669,1669,0.00013655511429533362,1.0,,,False,180.80086891702376
19670,1670,0.0001364905183436349,1.0,,,False,180.8890673329588
19671,1671,0.00013642436533700675,1.0,,,False,180.97408012486994
19672,1672,0.00013635351206175983,1.0,,,False,181.08460220787674
19673,1673,0.0001362827024422586,1.0,,,False,181.1871964999009
19674,1674,0.0001362107286695391,1.0,,,False,181.29404295794666
19675,1675,0.00013613181363325566,1.0,,,False,181.39907349995337
19676,1676,0.00013604984269477427,1.0,,,False,181.50004616682418
19677,1677,0.00013596714416053146,1.0,,,False,181.60360416700132
19678,1678,0.0001358783629257232,1.0,,,False,181.7109764998313
19679,1679,0.00013579019287135452,1.0,,,False,181.82684237486683
19680,1680,0.00013569633301813155,1.0,,,False,181.93283458286896
19681,1681,0.00013560059596784413,1.0,,,False,182.03417387488298
19682,1682,0.00013550125004258007,1.0,,,False,182.13566404185258
19683,1683,0.00013540330110117793,1.0,,,False,182.24290883284993
19684,1684,0.00013530119031202048,1.0,,,False,182.34556783293374
19685,1685,0.00013519951608031988,1.0,,,False,182.4471645418089
19686,1686,0.00013509414566215128,1.0,,,False,182.55142641696148
19687,1687,0.0001349885278614238,1.0,,,False,182.65466433297843
19688,1688,0.00013488088734447956,1.0,,,False,182.75876287487336
19689,1689,0.00013477074389811605,1.0,,,False,182.86522945784964
19690,1690,0.00013466128439176828,1.0,,,False,182.96971212490462
19691,1691,0.00013454820145852864,1.0,,,False,183.0742475828156
19692,1692,0.00013443580246530473,1.0,,,False,183.1713667078875
19693,1693,0.00013432289415504783,1.0,,,False,183.28406837489456
19694,1694,0.00013420762843452394,1.0,,,False,183.38904370786622
19695,1695,0.00013409189705271274,1.0,,,False,183.49643812491558
19696,1696,0.00013397300790529698,1.0,,,False,183.60170924989507
19697,1697,0.00013385269267018884,1.0,,,False,183.70406549982727
19698,1698,0.00013373645197134465,1.0,,,False,183.80837454181165
19699,1699,0.00013361641322262585,1.0,,,False,183.91346770781092
19700,1700,0.00013349423534236848,1.0,0.9996643919901554,0.015748095358281575,False,184.1138939578086
19701,1701,0.00013337258133105934,1.0,,,False,184.21740654180758
19702,1702,0.00013324792962521315,1.0,,,False,184.3214658750221
19703,1703,0.00013311865041032434,1.0,,,False,184.42559104203247
19704,1704,0.0001329950027866289,1.0,,,False,184.52956691686995
19705,1705,0.00013286076136864722,1.0,,,False,184.63073087483644
19706,1706,0.00013273095828481019,1.0,,,False,184.730150999967
19707,1707,0.00013259654224384576,1.0,,,False,184.8302254998125
19708,1708,0.0001324640616076067,1.0,,,False,184.92992291692644
19709,1709,0.0001323259639320895,1.0,,,False,185.03697245800868
19710,1710,0.00013218907406553626,1.0,,,False,185.16110616689548
19711,1711,0.0001320510491495952,1.0,,,False,185.28330166684464
19712,1712,0.00013190925528761,1.0,,,False,185.38732179184444
19713,1713,0.00013176389620639384,1.0,,,False,185.47885824996047
19714,1714,0.00013161868264432997,1.0,,,False,185.56227229186334
19715,1715,0.00013147447316441685,1.0,,,False,185.64774429192767
19716,1716,0.00013132031017448753,1.0,,,False,185.739670666866
19717,1717,0.00013117109483573586,1.0,,,False,185.87446449999698
19718,1718,0.00013101805234327912,1.0,,,False,186.00777191692032
19719,1719,0.00013086751278024167,1.0,,,False,186.11620958289132
19720,1720,0.0001307070633629337,1.0,,,False,186.2057708329521
19721,1721,0.00013054735609330237,1.0,,,False,186.29208587482572
19722,1722,0.0001303852623095736,1.0,,,False,186.38076808303595
19723,1723,0.00013022452185396105,1.0,,,False,186.47815470793284
19724,1724,0.0001300597214139998,1.0,,,False,186.59787979186513
19725,1725,0.00012989575043320656,1.0,,,False,186.72590808290988
19726,1726,0.00012973049888387322,1.0,,,False,186.85023233294487
19727,1727,0.00012956162390764803,1.0,,,False,186.9692920828238
19728,1728,0.00012939097359776497,1.0,,,False,187.0977714578621
19729,1729,0.00012921950838062912,1.0,,,False,187.22617879183963
19730,1730,0.0001290457439608872,1.0,,,False,187.34605008293875
19731,1731,0.00012886879267171025,1.0,,,False,187.44010737491772
19732,1732,0.00012869227793999016,1.0,,,False,187.5239802498836
19733,1733,0.00012850594066549093,1.0,,,False,187.61307970783673
19734,1734,0.00012832172797061503,1.0,,,False,187.69942395784892
19735,1735,0.0001281354925595224,1.0,,,False,187.78403795789927
19736,1736,0.00012794464419130236,1.0,,,False,187.8709162918385
19737,1737,0.00012775274808518589,1.0,,,False,187.9607524999883
19738,1738,0.00012755388161167502,1.0,,,False,188.04953545797616
19739,1739,0.00012735321070067585,1.0,,,False,188.13657312490977
19740,1740,0.00012715130287688226,1.0,,,False,188.22632808284834
19741,1741,0.00012694929318968207,1.0,,,False,188.31576120783575
19742,1742,0.0001267429906874895,1.0,,,False,188.40519466693513
19743,1743,0.00012653469457291067,1.0,,,False,188.4918545000255
19744,1744,0.00012632415746338665,1.0,,,False,188.57702566683292
19745,1745,0.00012611296551767737,1.0,,,False,188.66909516695887
19746,1746,0.00012589698599185795,1.0,,,False,188.7577056668233
19747,1747,0.00012567752855829895,1.0,,,False,188.84424158302136
19748,1748,0.00012545575737021863,1.0,,,False,188.93363108299673
19749,1749,0.00012523219629656523,1.0,,,False,189.0188092919998
19750,1750,0.00012500940647441894,1.0,,,False,189.10532383294776
19751,1751,0.00012478046119213104,1.0,,,False,189.20360837480985
19752,1752,0.00012454844545572996,1.0,,,False,189.29817308299243
19753,1753,0.00012431602226570249,1.0,,,False,189.38535437500104
19754,1754,0.00012407857866492122,1.0,,,False,189.46966895787045
19755,1755,0.00012383823923300952,1.0,,,False,189.55548545788042
19756,1756,0.00012359494576230645,1.0,,,False,189.67493904195726
19757,1757,0.00012335035717114806,1.0,,,False,189.8026843748521
19758,1758,0.00012310894089750946,1.0,,,False,189.89483374985866
19759,1759,0.00012285655247978866,1.0,,,False,189.9785315420013
19760,1760,0.00012260476069059223,1.0,,,False,190.07954424992204
19761,1761,0.00012235027679707855,1.0,,,False,190.16973020788282
19762,1762,0.00012209644773975015,1.0,,,False,190.2588463749271
19763,1763,0.00012183970102341846,1.0,,,False,190.34393612481654
19764,1764,0.00012158317258581519,1.0,,,False,190.42824599985033
19765,1765,0.00012132254050811753,1.0,,,False,190.51708445791155
19766,1766,0.00012106029316782951,1.0,,,False,190.60162583296187
19767,1767,0.00012079790758434683,1.0,,,False,190.68624520790763
19768,1768,0.00012053001410095021,1.0,,,False,190.7746885418892
19769,1769,0.00012026109470752999,1.0,,,False,190.8820517079439
19770,1770,0.00011998847912764177,1.0,,,False,190.9885828329716
19771,1771,0.00011971234926022589,1.0,,,False,191.0947703749407
19772,1772,0.0001194397991639562,1.0,,,False,191.1977037920151
19773,1773,0.00011916457151528448,1.0,,,False,191.3020079168491
19774,1774,0.00011888862354680896,1.0,,,False,191.40806104196236
19775,1775,0.00011861056555062532,1.0,,,False,191.4989521249663
19776,1776,0.00011832973541459069,1.0,,,False,191.5870118329767
19777,1777,0.00011804578389273956,1.0,,,False,191.6743889998179
19778,1778,0.00011776525207096711,1.0,,,False,191.75975145795383
19779,1779,0.00011748154065571725,1.0,,,False,191.84775558300316
19780,1780,0.00011719549365807325,1.0,,,False,191.93331541703083
19781,1781,0.00011690731480484828,1.0,,,False,192.0205699580256
19782,1782,0.00011662008182611316,1.0,,,False,192.10567662492394
19783,1783,0.00011633215035544708,1.0,,,False,192.19340408290736
19784,1784,0.00011604313476709649,1.0,,,False,192.2767498330213
19785,1785,0.00011575446114875376,1.0,,,False,192.36495283292606
19786,1786,0.00011546644236659631,1.0,,,False,192.44923220784403
19787,1787,0.00011517466191435233,1.0,,,False,192.53433345793746
19788,1788,0.0001148836818174459,1.0,,,False,192.61927374987863
19789,1789,0.00011459080269560218,1.0,,,False,192.70147112500854
19790,1790,0.00011430050653871149,1.0,,,False,192.78705074987374
19791,1791,0.00011400634684832767,1.0,,,False,192.87355091702193
19792,1792,0.00011371600703569129,1.0,,,False,192.95673612481914
19793,1793,0.00011342397920088843,1.0,,,False,193.04180708294734
19794,1794,0.00011312800779705867,1.0,,,False,193.12758399988525
19795,1795,0.00011283497588010505,1.0,,,False,193.21650533284992
19796,1796,0.00011254194396315143,1.0,,,False,193.30032116686925
19797,1797,0.00011224854824831709,1.0,,,False,193.3925122078508
19798,1798,0.00011195683327969164,1.0,,,False,193.4990207918454
19799,1799,0.00011166473268531263,1.0,,,False,193.60305754188448
19800,1800,0.00011137040564790368,1.0,0.9996643919901554,0.012940372767741834,False,193.80137249990366
19801,1801,0.00011108166654594243,1.0,,,False,193.90611845790409
19802,1802,0.00011079300020355731,1.0,,,False,194.0112159999553
19803,1803,0.00011050145258195698,1.0,,,False,194.11624683300033
19804,1804,0.00011021451791748405,1.0,,,False,194.21937658288516
19805,1805,0.00010992487659677863,1.0,,,False,194.32114212494344
19806,1806,0.0001096383566618897,1.0,,,False,194.42194024985656
19807,1807,0.00010935178579529747,1.0,,,False,194.52247754181735
19808,1808,0.0001090695513994433,1.0,,,False,194.622164624976
19809,1809,0.00010878476314246655,1.0,,,False,194.72202379186638
19810,1810,0.00010850319813471287,1.0,,,False,194.82075837487355
19811,1811,0.0001082188100554049,1.0,,,False,194.92057112487964
19812,1812,0.00010793952242238447,1.0,,,False,195.0188993748743
19813,1813,0.00010766056948341429,1.0,,,False,195.1168342498131
19814,1814,0.00010738570563262329,1.0,,,False,195.21466320799664
19815,1815,0.00010710919013945386,1.0,,,False,195.31295354198664
19816,1816,0.00010683423897717148,1.0,,,False,195.41228091693483
19817,1817,0.00010656019003363326,1.0,,,False,195.514764332911
19818,1818,0.00010628649761201814,1.0,,,False,195.61763924988918
19819,1819,0.00010601701796986163,1.0,,,False,195.7232582499273
19820,1820,0.00010574915359029546,1.0,,,False,195.8260207499843
19821,1821,0.00010548237332841381,1.0,,,False,195.92953066690825
19822,1822,0.00010521698277443647,1.0,,,False,196.0306619578041
19823,1823,0.00010495191963855177,1.0,,,False,196.13545599998906
19824,1824,0.00010468610707903281,1.0,,,False,196.23947099992074
19825,1825,0.00010442379425512627,1.0,,,False,196.3581145829521
19826,1826,0.00010416287841508165,1.0,,,False,196.47740620793775
19827,1827,0.00010390387615188956,1.0,,,False,196.6057082079351
19828,1828,0.00010364900663262233,1.0,,,False,196.73756266687997
19829,1829,0.0001033953667501919,1.0,,,False,196.86027520801872
19830,1830,0.00010314250539522618,1.0,,,False,196.9827809999697
19831,1831,0.0001028904298436828,1.0,,,False,197.105136499973
19832,1832,0.00010263846343150362,1.0,,,False,197.2311195828952
19833,1833,0.00010239273979095742,1.0,,,False,197.36136829201132
19834,1834,0.00010214580834144726,1.0,,,False,197.49107366683893
19835,1835,0.00010190395551035181,1.0,,,False,197.62160220788792
19836,1836,0.00010165908315684646,1.0,,,False,197.7448581669014
19837,1837,0.0001014228182611987,1.0,,,False,197.86847112490796
19838,1838,0.00010118519276147708,1.0,,,False,197.99273249995895
19839,1839,0.00010094793833559379,1.0,,,False,198.11875091702677
19840,1840,0.0001007165847113356,1.0,,,False,198.22971987491474
19841,1841,0.00010048188414657488,1.0,,,False,198.31732704187743
19842,1842,0.00010025282244896516,1.0,,,False,198.4287869168911
19843,1843,0.00010002364433603361,1.0,,,False,198.55494912480935
19844,1844,9.979311289498582e-05,1.0,,,False,198.6818433329463
19845,1845,9.95709269773215e-05,1.0,,,False,198.8112975829281
19846,1846,9.934396075550467e-05,1.0,,,False,198.8979115418624
19847,1847,9.91246706689708e-05,1.0,,,False,198.98494804184884
19848,1848,9.889961074804887e-05,1.0,,,False,199.0682285828516
19849,1849,9.867859625956044e-05,1.0,,,False,199.15716233290732
19850,1850,9.846017928794026e-05,1.0,,,False,199.24495195783675
19851,1851,9.82411511358805e-05,1.0,,,False,199.3308537499979
19852,1852,9.802367276279256e-05,1.0,,,False,199.42755358293653
19853,1853,9.780775144463405e-05,1.0,,,False,199.53074445785023
19854,1854,9.759484964888543e-05,1.0,,,False,199.62939774990082
19855,1855,9.738139488035813e-05,1.0,,,False,199.73395974980667
19856,1856,9.716681961435825e-05,1.0,,,False,199.86739629181102
19857,1857,9.695568587630987e-05,1.0,,,False,199.98142395797186
19858,1858,9.674373723100871e-05,1.0,,,False,200.08526912494563
19859,1859,9.653162123868242e-05,1.0,,,False,200.18823704193346
19860,1860,9.632480214349926e-05,1.0,,,False,200.29173095780425
19861,1861,9.61160403676331e-05,1.0,,,False,200.39340774994344
19862,1862,9.590789704816416e-05,1.0,,,False,200.49195329193026
19863,1863,9.569909889250994e-05,1.0,,,False,200.57777758291923
19864,1864,9.549211245030165e-05,1.0,,,False,200.6641769579146
19865,1865,9.528534428682178e-05,1.0,,,False,200.78070720797405
19866,1866,9.507458162261173e-05,1.0,,,False,200.90483825001866
19867,1867,9.486974886385724e-05,1.0,,,False,201.02968033286743
19868,1868,9.466201299801469e-05,1.0,,,False,201.15789554198273
19869,1869,9.445674368180335e-05,1.0,,,False,201.28114741691388
19870,1870,9.425260941497982e-05,1.0,,,False,201.39190695784055
19871,1871,9.40493555390276e-05,1.0,,,False,201.4794731249567
19872,1872,9.384314034832641e-05,1.0,,,False,201.56577779189683
19873,1873,9.364266588818282e-05,1.0,,,False,201.65199370798655
19874,1874,9.343698184238747e-05,1.0,,,False,201.7355228329543
19875,1875,9.323307313024998e-05,1.0,,,False,201.82242345786653
19876,1876,9.302741818828508e-05,1.0,,,False,201.90609537484124
19877,1877,9.282393875764683e-05,1.0,,,False,201.98938345792703
19878,1878,9.261611558031291e-05,1.0,,,False,202.07313583302312
19879,1879,9.241314546670765e-05,1.0,,,False,202.16014533280395
19880,1880,9.220609354088083e-05,1.0,,,False,202.25091745797545
19881,1881,9.199776832247153e-05,1.0,,,False,202.33520120801404
19882,1882,9.178744221571833e-05,1.0,,,False,202.41902812500484
19883,1883,9.158121247310191e-05,1.0,,,False,202.5067718748469
19884,1884,9.137088636634871e-05,1.0,,,False,202.59510112483986
19885,1885,9.116296860156581e-05,1.0,,,False,202.6844517919235
19886,1886,9.095478890230879e-05,1.0,,,False,202.771452707937
19887,1887,9.074225090444088e-05,1.0,,,False,202.85979354195297
19888,1888,9.052923996932805e-05,1.0,,,False,202.94700170797296
19889,1889,9.031838999362662e-05,1.0,,,False,203.036035124911
19890,1890,9.01015373528935e-05,1.0,,,False,203.1201384169981
19891,1891,8.98836151463911e-05,1.0,,,False,203.20837262482382
19892,1892,8.966423774836585e-05,1.0,,,False,203.29339279187843
19893,1893,8.944617002271116e-05,1.0,,,False,203.38152462500148
19894,1894,8.922520646592602e-05,1.0,,,False,203.46509208297357
19895,1895,8.900188549887389e-05,1.0,,,False,203.55111033283174
19896,1896,8.87774585862644e-05,1.0,,,False,203.6410541248042
19897,1897,8.855454507283866e-05,1.0,,,False,203.73069799994119
19898,1898,8.83290049387142e-05,1.0,,,False,203.822357499972
19899,1899,8.810181316221133e-05,1.0,,,False,203.91571254190058
19900,1900,8.787537808530033e-05,1.0,0.9997762613267703,0.010302019425193579,False,204.09494533296674
19901,1901,8.764732046984136e-05,1.0,,,False,204.18563270801678
19902,1902,8.741683268453926e-05,1.0,,,False,204.26855412498116
19903,1903,8.718953904462978e-05,1.0,,,False,204.3592990830075
19904,1904,8.696001168573275e-05,1.0,,,False,204.44313966692425
19905,1905,8.673415140947327e-05,1.0,,,False,204.52766995783895
19906,1906,8.650922973174602e-05,1.0,,,False,204.6125632498879
19907,1907,8.628113573649898e-05,1.0,,,False,204.70225774985738
19908,1908,8.605657785665244e-05,1.0,,,False,204.78993545798585
19909,1909,8.583565795561299e-05,1.0,,,False,204.87631099997088
19910,1910,8.561048889532685e-05,1.0,,,False,204.97569487500004
19911,1911,8.538968540960923e-05,1.0,,,False,205.0901409999933
19912,1912,8.516992966178805e-05,1.0,,,False,205.2111967918463
19913,1913,8.49500866024755e-05,1.0,,,False,205.33589787501842
19914,1914,8.473397610941902e-05,1.0,,,False,205.46270479192026
19915,1915,8.451841858914122e-05,1.0,,,False,205.57660320797004
19916,1916,8.430405432591215e-05,1.0,,,False,205.69967354182154
19917,1917,8.409545262111351e-05,1.0,,,False,205.82084149983712
19918,1918,8.388406422454864e-05,1.0,,,False,205.94415887491778
19919,1919,8.367736882064492e-05,1.0,,,False,206.067751375027
19920,1920,8.347331458935514e-05,1.0,,,False,206.1945601250045
19921,1921,8.326954412041232e-05,1.0,,,False,206.30192508292384
19922,1922,8.307072857860476e-05,1.0,,,False,206.38844283297658
19923,1923,8.287229138659313e-05,1.0,,,False,206.4745001248084
19924,1924,8.26762625365518e-05,1.0,,,False,206.56044833292253
19925,1925,8.248550875578076e-05,1.0,,,False,206.6464181668125
19926,1926,8.229461673181504e-05,1.0,,,False,206.72795808291994
19927,1927,8.210806117858738e-05,1.0,,,False,206.81851741694845
19928,1928,8.192230598069727e-05,1.0,,,False,206.90605899994262
19929,1929,8.174004324246198e-05,1.0,,,False,206.9946528750006
19930,1930,8.156309195328504e-05,1.0,,,False,207.12379283295013
19931,1931,8.138438715832308e-05,1.0,,,False,207.24923266703263
19932,1932,8.120908023556694e-05,1.0,,,False,207.38164691696875
19933,1933,8.103731670416892e-05,1.0,,,False,207.51355812489055
19934,1934,8.086866728262976e-05,1.0,,,False,207.64059299998917
19935,1935,8.070116746239364e-05,1.0,,,False,207.76329833292402
19936,1936,8.053813508013263e-05,1.0,,,False,207.8916352498345
19937,1937,8.037677616812289e-05,1.0,,,False,208.01115983282216
19938,1938,8.021678513614461e-05,1.0,,,False,208.13450420787558
19939,1939,8.005967538338155e-05,1.0,,,False,208.24841341702268
19940,1940,7.990316953510046e-05,1.0,,,False,208.36572545790114
19941,1941,7.975064363563433e-05,1.0,,,False,208.4850995829329
19942,1942,7.9600780736655e-05,1.0,,,False,208.60695216688327
19943,1943,7.945205288706347e-05,1.0,,,False,208.72662066691555
19944,1944,7.930511492304504e-05,1.0,,,False,208.85385137493722
19945,1945,7.915768946986645e-05,1.0,,,False,208.97860416700132
19946,1946,7.901528442744166e-05,1.0,,,False,209.10911320801824
19947,1947,7.887476385803893e-05,1.0,,,False,209.22484829183668
19948,1948,7.873670983826742e-05,1.0,,,False,209.34858529199846
19949,1949,7.859971810830757e-05,1.0,,,False,209.47362541686743
19950,1950,7.846429798519239e-05,1.0,,,False,209.59612112492323
19951,1951,7.833504787413403e-05,1.0,,,False,209.7266328749247
19952,1952,7.82035494921729e-05,1.0,,,False,209.8558794169221
19953,1953,7.80738700996153e-05,1.0,,,False,209.98215220798738
19954,1954,7.794997509336099e-05,1.0,,,False,210.11193283298053
19955,1955,7.782729517202824e-05,1.0,,,False,210.23187433299609
19956,1956,7.770150114083663e-05,1.0,,,False,210.35606183297932
19957,1957,7.758120045764372e-05,1.0,,,False,210.4851494578179
19958,1958,7.746394112473354e-05,1.0,,,False,210.6088168330025
19959,1959,7.734474638709798e-05,1.0,,,False,210.7312240418978
19960,1960,7.7229538874235e-05,1.0,,,False,210.8510863329284
19961,1961,7.711511716479436e-05,1.0,,,False,210.97421420784667
19962,1962,7.700084097450599e-05,1.0,,,False,211.0632276670076
19963,1963,7.689098129048944e-05,1.0,,,False,211.1671592919156
19964,1964,7.677648682147264e-05,1.0,,,False,211.27206662483513
19965,1965,7.666789315408096e-05,1.0,,,False,211.36985270795412
19966,1966,7.655843364773318e-05,1.0,,,False,211.4705435829237
19967,1967,7.645523874089122e-05,1.0,,,False,211.57455675001256
19968,1968,7.635122165083885e-05,1.0,,,False,211.6746896249242
19969,1969,7.624855788890272e-05,1.0,,,False,211.77188954199664
19970,1970,7.614171772729605e-05,1.0,,,False,211.8780039579142
19971,1971,7.60410403017886e-05,1.0,,,False,211.98011795780621
19972,1972,7.59405447752215e-05,1.0,,,False,212.08395358291455
19973,1973,7.584148261230439e-05,1.0,,,False,212.18679587496445
19974,1974,7.574362825835124e-05,1.0,,,False,212.2823654578533
19975,1975,7.565028499811888e-05,1.0,,,False,212.38233870803379
19976,1976,7.555511547252536e-05,1.0,,,False,212.4825967499055
19977,1977,7.546004053438082e-05,1.0,,,False,212.58333954191767
19978,1978,7.536595512647182e-05,1.0,,,False,212.69864079193212
19979,1979,7.527299749199301e-05,1.0,,,False,212.83099754201248
19980,1980,7.518118218285963e-05,1.0,,,False,212.95669083297253
19981,1981,7.50917024561204e-05,1.0,,,False,213.08565695793368
19982,1982,7.500248466385528e-05,1.0,,,False,213.21096158283763
19983,1983,7.491236465284601e-05,1.0,,,False,213.33250587503426
19984,1984,7.48226375435479e-05,1.0,,,False,213.46428183303215
19985,1985,7.473293953808025e-05,1.0,,,False,213.5905333328992
19986,1986,7.464623195119202e-05,1.0,,,False,213.7187268328853
19987,1987,7.455905870301649e-05,1.0,,,False,213.84617849998176
19988,1988,7.447238749591634e-05,1.0,,,False,213.97804233292118
19989,1989,7.43877244531177e-05,1.0,,,False,214.10649670800194
19990,1990,7.430071127600968e-05,1.0,,,False,214.22661791695282
19991,1991,7.421533518936485e-05,1.0,,,False,214.31811591703445
19992,1992,7.413031562464312e-05,1.0,,,False,214.4059336669743
19993,1993,7.404968346236274e-05,1.0,,,False,214.49118637503125
19994,1994,7.396654837066308e-05,1.0,,,False,214.57731591700576
19995,1995,7.388675294350833e-05,1.0,,,False,214.69403129187413
19996,1996,7.380377792287618e-05,1.0,,,False,214.818053917028
19997,1997,7.372473191935569e-05,1.0,,,False,214.94370420789346
19998,1998,7.36416332074441e-05,1.0,,,False,215.0714832500089
19999,1999,7.356358401011676e-05,1.0,,,False,215.19554754183628
20000,2000,7.347935752477497e-05,1.0,0.9998881306633851,0.008571144050333773,False,215.46330466703512
20001,2001,7.340137381106615e-05,1.0,,,False,215.61709916684777
20002,2002,7.33217311790213e-05,1.0,,,False,215.74260795791633
20003,2003,7.324557373067364e-05,1.0,,,False,215.87326708296314
20004,2004,7.316534174606204e-05,1.0,,,False,215.9848744578194
20005,2005,7.308812928386033e-05,1.0,,,False,216.11251120781526
20006,2006,7.301047298824415e-05,1.0,,,False,216.23822766682133
20007,2007,7.293529051821679e-05,1.0,,,False,216.36265662498772
20008,2008,7.285966421477497e-05,1.0,,,False,216.484950624872
20009,2009,7.278372504515573e-05,1.0,,,False,216.6193670828361
20010,2010,7.271033246070147e-05,1.0,,,False,216.74457233282737
20011,2011,7.263252336997539e-05,1.0,,,False,216.8618387079332
20012,2012,7.255811215145513e-05,1.0,,,False,216.98176579200663
20013,2013,7.248275505844504e-05,1.0,,,False,217.10595949995331
20014,2014,7.240984996315092e-05,1.0,,,False,217.241631582845
20015,2015,7.233591168187559e-05,1.0,,,False,217.372152332915
20016,2016,7.226410525618121e-05,1.0,,,False,217.49885020800866
20017,2017,7.219189137686044e-05,1.0,,,False,217.60259616700932
20018,2018,7.211857155198231e-05,1.0,,,False,217.6932994169183
20019,2019,7.204776193248108e-05,1.0,,,False,217.7793241669424
20020,2020,7.19750314601697e-05,1.0,,,False,217.87119137495756
20021,2021,7.19031086191535e-05,1.0,,,False,217.95763979200274
20022,2022,7.183197158155963e-05,1.0,,,False,218.0424149169121
20023,2023,7.175898645073175e-05,1.0,,,False,218.12840699986555
20024,2024,7.168678712332621e-05,1.0,,,False,218.2120959169697
20025,2025,7.16148570063524e-05,1.0,,,False,218.29917262494564
20026,2026,7.154598279157653e-05,1.0,,,False,218.38354520802386
20027,2027,7.147521682782099e-05,1.0,,,False,218.46695633302443
20028,2028,7.140421803342178e-05,1.0,,,False,218.5526466248557
20029,2029,7.133472536224872e-05,1.0,,,False,218.63523012492806
20030,2030,7.126534183043987e-05,1.0,,,False,218.72605995787308
20031,2031,7.119557994883507e-05,1.0,,,False,218.8143702498637
20032,2032,7.112629828043282e-05,1.0,,,False,218.8990072919987
20033,2033,7.106069097062573e-05,1.0,,,False,218.98782254196703
20034,2034,7.098920468706638e-05,1.0,,,False,219.07337316684425
20035,2035,7.092254236340523e-05,1.0,,,False,219.15995812485926
20036,2036,7.085244578775018e-05,1.0,,,False,219.2685685828328
20037,2037,7.078378985170275e-05,1.0,,,False,219.37038220791146
20038,2038,7.071485015330836e-05,1.0,,,False,219.47567124990746
20039,2039,7.065025420160964e-05,1.0,,,False,219.57333974982612
20040,2040,7.057873153826222e-05,1.0,,,False,219.67866637487896
20041,2041,7.051166176097468e-05,1.0,,,False,219.78129466692917
20042,2042,7.044562516966835e-05,1.0,,,False,219.88885408290662
20043,2043,7.037559407763183e-05,1.0,,,False,219.9868285418488
20044,2044,7.030766573734581e-05,1.0,,,False,220.0731353748124
20045,2045,7.023930811556056e-05,1.0,,,False,220.18356074998155
20046,2046,7.01754106557928e-05,1.0,,,False,220.30313354195096
20047,2047,7.010903209447861e-05,1.0,,,False,220.42614925000817
20048,2048,7.004261715337634e-05,1.0,,,False,220.5523573749233
20049,2049,6.997337186476216e-05,1.0,,,False,220.68180999998003
20050,2050,6.990652036620304e-05,1.0,,,False,220.8009636248462
20051,2051,6.984051287872717e-05,1.0,,,False,220.91798774991184
20052,2052,6.977496377658099e-05,1.0,,,False,221.01880883285776
20053,2053,6.970820686547086e-05,1.0,,,False,221.12614595796913
20054,2054,6.964253407204524e-05,1.0,,,False,221.21826608292758
20055,2055,6.957543519092724e-05,1.0,,,False,221.31763379182667
20056,2056,6.951163959456608e-05,1.0,,,False,221.44487954187207
20057,2057,6.944267079234123e-05,1.0,,,False,221.57440633303486
20058,2058,6.937736907275394e-05,1.0,,,False,221.69742166693322
20059,2059,6.931419193278998e-05,1.0,,,False,221.8264429999981
20060,2060,6.924806075403467e-05,1.0,,,False,221.95648104185238
20061,2061,6.918336293892935e-05,1.0,,,False,222.084573791828
20062,2062,6.911837408551946e-05,1.0,,,False,222.20722145796753
20063,2063,6.90534507157281e-05,1.0,,,False,222.33192670787685
20064,2064,6.899008440086618e-05,1.0,,,False,222.45167691702954
20065,2065,6.892481906106696e-05,1.0,,,False,222.5841401249636
20066,2066,6.885747279739007e-05,1.0,,,False,222.71031641680747
20067,2067,6.879310967633501e-05,1.0,,,False,222.83077933290042
20068,2068,6.872697122162208e-05,1.0,,,False,222.9387346250005
20069,2069,6.866376497782767e-05,1.0,,,False,223.0230101668276
20070,2070,6.859915447421372e-05,1.0,,,False,223.11045829183422
20071,2071,6.853594823041931e-05,1.0,,,False,223.19536341703497
20072,2072,6.847271288279444e-05,1.0,,,False,223.28710224991664
20073,2073,6.840709829702973e-05,1.0,,,False,223.37198291695677
20074,2074,6.834301893832162e-05,1.0,,,False,223.45773104182445
20075,2075,6.827990000601858e-05,1.0,,,False,223.54522645799443
20076,2076,6.82119934936054e-05,1.0,,,False,223.6284893748816
20077,2077,6.814728112658486e-05,1.0,,,False,223.71783524984494
20078,2078,6.808441685279831e-05,1.0,,,False,223.8090249998495
20079,2079,6.802102143410593e-05,1.0,,,False,223.89471741695888
20080,2080,6.795697845518589e-05,1.0,,,False,223.98293416691013
20081,2081,6.789652979932725e-05,1.0,,,False,224.07291183294728
20082,2082,6.783040589652956e-05,1.0,,,False,224.15691512497142
20083,2083,6.776747613912448e-05,1.0,,,False,224.24753599986434
20084,2084,6.770501204300672e-05,1.0,,,False,224.3367322080303
20085,2085,6.764058343833312e-05,1.0,,,False,224.4235317078419
20086,2086,6.757533992640674e-05,1.0,,,False,224.50819804193452
20087,2087,6.751403998350725e-05,1.0,,,False,224.59193387487903
20088,2088,6.744996062479913e-05,1.0,,,False,224.6961773748044
20089,2089,6.738737283740193e-05,1.0,,,False,224.82360924989916
20090,2090,6.73232862027362e-05,1.0,,,False,224.94215920800343
20091,2091,6.726247374899685e-05,1.0,,,False,225.05874245800078
20092,2092,6.7195447627455e-05,1.0,,,False,225.1777728330344
20093,2093,6.71321467962116e-05,1.0,,,False,225.30281691695563
20094,2094,6.707145075779408e-05,1.0,,,False,225.42065308289602
20095,2095,6.700670928694308e-05,1.0,,,False,225.54004333284684
20096,2096,6.694477633573115e-05,1.0,,,False,225.66094899992459
20097,2097,6.688471330562606e-05,1.0,,,False,225.7790987920016
20098,2098,6.682417733827606e-05,1.0,,,False,225.90600800001994
20099,2099,6.67630520183593e-05,1.0,,,False,226.02990600001067
20100,2100,6.670074799330905e-05,1.0,0.9998881306633851,0.007664144364217713,False,226.27204462490045
20101,2101,6.663703243248165e-05,1.0,,,False,226.40741920797154
20102,2102,6.657603807980195e-05,1.0,,,False,226.5027340420056
20103,2103,6.651366129517555e-05,1.0,,,False,226.58561162487604
20104,2104,6.645354005740955e-05,1.0,,,False,226.67555254185572
20105,2105,6.639032653765753e-05,1.0,,,False,226.75831087492406
20106,2106,6.633017619606107e-05,1.0,,,False,226.846316708019
20107,2107,6.626957474509254e-05,1.0,,,False,226.93015195801854
20108,2108,6.620868953177705e-05,1.0,,,False,227.01912404200993
20109,2109,6.614891026401892e-05,1.0,,,False,227.10616679186933
20110,2110,6.608753028558567e-05,1.0,,,False,227.1883887918666
20111,2111,6.602678331546485e-05,1.0,,,False,227.27566695795394
20112,2112,6.59652505419217e-05,1.0,,,False,227.363490749849
20113,2113,6.590681005036458e-05,1.0,,,False,227.4468864579685
20114,2114,6.58439748804085e-05,1.0,,,False,227.5361202498898
20115,2115,6.578327884199098e-05,1.0,,,False,227.6229632080067
20116,2116,6.572492566192523e-05,1.0,,,False,227.7064617499709
20117,2117,6.566445517819375e-05,1.0,,,False,227.7932707918808
20118,2118,6.560367182828486e-05,1.0,,,False,227.88120749988593
20119,2119,6.554404535563663e-05,1.0,,,False,227.96573991701007
20120,2120,6.548454257426783e-05,1.0,,,False,228.05449920799583
20121,2121,6.542381743201986e-05,1.0,,,False,228.16703699994832
20122,2122,6.536406726809219e-05,1.0,,,False,228.29082729201764
20123,2123,6.53020033496432e-05,1.0,,,False,228.41422074986622
20124,2124,6.524199852719903e-05,1.0,,,False,228.5433614999056
20125,2125,6.518080772366375e-05,1.0,,,False,228.67342770798132
20126,2126,6.51205555186607e-05,1.0,,,False,228.80263624992222
20127,2127,6.506204954348505e-05,1.0,,,False,228.92978199990466
20128,2128,6.500376184703782e-05,1.0,,,False,229.04866358288564
20129,2129,6.49456778774038e-05,1.0,,,False,229.15236829197966
20130,2130,6.488620419986546e-05,1.0,,,False,229.25375291681848
20131,2131,6.482737808255479e-05,1.0,,,False,229.35478491685353
20132,2132,6.476933776866645e-05,1.0,,,False,229.458614166826
20133,2133,6.470687367254868e-05,1.0,,,False,229.5801494580228
20134,2134,6.464634498115629e-05,1.0,,,False,229.70551112480462
20135,2135,6.45876134512946e-05,1.0,,,False,229.81265466683544
20136,2136,6.452910020016134e-05,1.0,,,False,229.8966563330032
20137,2137,6.447114719776437e-05,1.0,,,False,229.98396745789796
20138,2138,6.441198638640344e-05,1.0,,,False,230.06987029197626
20139,2139,6.435614341171458e-05,1.0,,,False,230.16185408295132
20140,2140,6.42947488813661e-05,1.0,,,False,230.2483169999905
20141,2141,6.423870217986405e-05,1.0,,,False,230.33409062493593
20142,2142,6.417794793378562e-05,1.0,,,False,230.42013779189438
20143,2143,6.41202786937356e-05,1.0,,,False,230.52191954199225
20144,2144,6.406101601896808e-05,1.0,,,False,230.64393670787103
20145,2145,6.400424899766222e-05,1.0,,,False,230.77145912498236
20146,2146,6.394599040504545e-05,1.0,,,False,230.90215112501755
20147,2147,6.388772453647107e-05,1.0,,,False,231.02599041699432
20148,2148,6.383045547408983e-05,1.0,,,False,231.14918520790525
20149,2149,6.37733464827761e-05,1.0,,,False,231.28025075001642
20150,2150,6.371723429765552e-05,1.0,,,False,231.3999553329777
20151,2151,6.365897570503876e-05,1.0,,,False,231.4847994579468
20152,2152,6.359983672155067e-05,1.0,,,False,231.5726206668187
20153,2153,6.354285142151639e-05,1.0,,,False,231.66001824988052
20154,2154,6.34867392363958e-05,1.0,,,False,231.74957641703077
20155,2155,6.342916458379477e-05,1.0,,,False,231.83597216685303
20156,2156,6.337317608995363e-05,1.0,,,False,231.91965558286756
20157,2157,6.331637996481732e-05,1.0,,,False,232.00876624998637
20158,2158,6.326051516225561e-05,1.0,,,False,232.09595645801164
20159,2159,6.320440297713503e-05,1.0,,,False,232.17941674985923
20160,2160,6.314414349617437e-05,1.0,,,False,232.26582933287136
20161,2161,6.308755837380886e-05,1.0,,,False,232.3485552498605
20162,2162,6.303069676505402e-05,1.0,,,False,232.4349253748078
20163,2163,6.297321669990197e-05,1.0,,,False,232.52226212481037
20164,2164,6.291594763752073e-05,1.0,,,False,232.60888941702433
20165,2165,6.285934068728238e-05,1.0,,,False,232.69433154189028
20166,2166,6.280431261984631e-05,1.0,,,False,232.77917424985208
20167,2167,6.274807674344629e-05,1.0,,,False,232.86564687499776
20168,2168,6.269273580983281e-05,1.0,,,False,232.95109912496991
20169,2169,6.263770774239674e-05,1.0,,,False,233.03667375002988
20170,2170,6.258191569941118e-05,1.0,,,False,233.12227525003254
20171,2171,6.252676394069567e-05,1.0,,,False,233.2297633329872
20172,2172,6.247319834074005e-05,1.0,,,False,233.3497912918683
20173,2173,6.241770461201668e-05,1.0,,,False,233.4744349999819
20174,2174,6.236245826585218e-05,1.0,,,False,233.59612241690047
20175,2175,6.230753206182271e-05,1.0,,,False,233.70232845796272
20176,2176,6.225136166904122e-05,1.0,,,False,233.78876183298416
20177,2177,6.21988219791092e-05,1.0,,,False,233.8774707079865
20178,2178,6.21446015429683e-05,1.0,,,False,233.96500066691078
20179,2179,6.209113780641928e-05,1.0,,,False,234.05371879180893
20180,2180,6.204002420417964e-05,1.0,,,False,234.1407822498586
20181,2181,6.198211485752836e-05,1.0,,,False,234.22445399989374
20182,2182,6.193100853124633e-05,1.0,,,False,234.31000558286905
20183,2183,6.187731924001127e-05,1.0,,,False,234.40157462493517
20184,2184,6.182528159115463e-05,1.0,,,False,234.49086491693743
20185,2185,6.177344039315358e-05,1.0,,,False,234.57421233295463
20186,2186,6.17201512795873e-05,1.0,,,False,234.66208358295262
20187,2187,6.1668804846704e-05,1.0,,,False,234.74816904193722
20188,2188,6.161660712677985e-05,1.0,,,False,234.83404170791619
20189,2189,6.156556628411636e-05,1.0,,,False,234.92101920791902
20190,2190,6.151324487291276e-05,1.0,,,False,235.00587400002405
20191,2191,6.146220403024927e-05,1.0,,,False,235.09492737497203
20192,2192,6.140848563518375e-05,1.0,,,False,235.17762924986891
20193,2193,6.135732837719843e-05,1.0,,,False,235.26285720802844
20194,2194,6.130737165221944e-05,1.0,,,False,235.34812083281577
20195,2195,6.125582876848057e-05,1.0,,,False,235.45063729188405
20196,2196,6.120581383584067e-05,1.0,,,False,235.5551411670167
20197,2197,6.115490396041423e-05,1.0,,,False,235.65904012485407
20198,2198,6.110360845923424e-05,1.0,,,False,235.7647604169324
20199,2199,6.105427746661007e-05,1.0,,,False,235.8699718748685
20200,2200,6.1001926951576024e-05,1.0,0.9998881306633851,0.007023300348212246,False,236.09458204195835
20201,2201,6.0950449551455677e-05,1.0,,,False,236.18677608296275
20202,2202,6.089865564717911e-05,1.0,,,False,236.27019558288157
20203,2203,6.085043423809111e-05,1.0,,,False,236.35865829186514
20204,2204,6.080144157749601e-05,1.0,,,False,236.4387958748266
20205,2205,6.075114288250916e-05,1.0,,,False,236.52700287499465
20206,2206,6.070215749787167e-05,1.0,,,False,236.6156126668211
20207,2207,6.065145862521604e-05,1.0,,,False,236.69830462499522
20208,2208,6.060275336494669e-05,1.0,,,False,236.78256700001657
20209,2209,6.055354606360197e-05,1.0,,,False,236.86738599999808
20210,2210,6.050281081115827e-05,1.0,,,False,236.9543924999889
20211,2211,6.045422560418956e-05,1.0,,,False,237.04132049996406
20212,2212,6.040418884367682e-05,1.0,,,False,237.16766324988566
20213,2213,6.0359212511684746e-05,1.0,,,False,237.2954730829224
20214,2214,6.031056182109751e-05,1.0,,,False,237.4277440418955
20215,2215,6.026409755577333e-05,1.0,,,False,237.55488970782608
20216,2216,6.0214922996237874e-05,1.0,,,False,237.6854738330003
20217,2217,6.0168425989104435e-05,1.0,,,False,237.80717079201713
20218,2218,6.011875666445121e-05,1.0,,,False,237.92645679181442
20219,2219,6.007151023368351e-05,1.0,,,False,238.050072416896
20220,2220,6.002463851473294e-05,1.0,,,False,238.1755782919936
20221,2221,5.997979678795673e-05,1.0,,,False,238.27479916694574
20222,2222,5.993457307340577e-05,1.0,,,False,238.3759956669528
20223,2223,5.989246710669249e-05,1.0,,,False,238.47537524998188
20224,2224,5.984400922898203e-05,1.0,,,False,238.5795726669021
20225,2225,5.980103014735505e-05,1.0,,,False,238.68111170781776
20226,2226,5.975658496026881e-05,1.0,,,False,238.78222608286887
20227,2227,5.9714409871958196e-05,1.0,,,False,238.88244179193862
20228,2228,5.966987009742297e-05,1.0,,,False,238.9832001668401
20229,2229,5.9624933783197775e-05,1.0,,,False,239.09063975000754
20230,2230,5.958051769994199e-05,1.0,,,False,239.19275633292273
20231,2231,5.953719301032834e-05,1.0,,,False,239.29477399983443
20232,2232,5.949418118689209e-05,1.0,,,False,239.3974171669688
20233,2233,5.945297016296536e-05,1.0,,,False,239.49927495792508
20234,2234,5.940958726569079e-05,1.0,,,False,239.60123487492092
20235,2235,5.936781963100657e-05,1.0,,,False,239.7019786250312
20236,2236,5.93258737353608e-05,1.0,,,False,239.8025883329101
20237,2237,5.92853466514498e-05,1.0,,,False,239.89940987480804
20238,2238,5.92437936575152e-05,1.0,,,False,239.99941504187882
20239,2239,5.920128751313314e-05,1.0,,,False,240.1027347499039
20240,2240,5.915743167861365e-05,1.0,,,False,240.20364895788953
20241,2241,5.9116166085004807e-05,1.0,,,False,240.3044195419643
20242,2242,5.9074525779578835e-05,1.0,,,False,240.40776499989443
20243,2243,5.903677811147645e-05,1.0,,,False,240.50522737484425
20244,2244,5.899575990042649e-05,1.0,,,False,240.60808704188094
20245,2245,5.895566937397234e-05,1.0,,,False,240.7060554579366
20246,2246,5.8917012211168185e-05,1.0,,,False,240.81181391701102
20247,2247,5.8874931710306555e-05,1.0,,,False,240.914464707952
20248,2248,5.883534322492778e-05,1.0,,,False,241.03598079201765
20249,2249,5.8797064411919564e-05,1.0,,,False,241.16059600003064
20250,2250,5.875859278603457e-05,1.0,,,False,241.25034208293073
20251,2251,5.872077599633485e-05,1.0,,,False,241.33476112503558
20252,2252,5.8684607211034745e-05,1.0,,,False,241.4216073330026
20253,2253,5.864751437911764e-05,1.0,,,False,241.50774070783518
20254,2254,5.8608700783224776e-05,1.0,,,False,241.59228404192254
20255,2255,5.857365977135487e-05,1.0,,,False,241.68101429194212
20256,2256,5.853538095834665e-05,1.0,,,False,241.76922587491572
20257,2257,5.849802982993424e-05,1.0,,,False,241.8527245828882
20258,2258,5.846351632499136e-05,1.0,,,False,241.93502779188566
20259,2259,5.8426106988918036e-05,1.0,,,False,242.01778983301483
20260,2260,5.83901273785159e-05,1.0,,,False,242.10607841680758
20261,2261,5.83558612561319e-05,1.0,,,False,242.21080779191107
20262,2262,5.831811358802952e-05,1.0,,,False,242.33708154200576
20263,2263,5.828441499033943e-05,1.0,,,False,242.46044237492606
20264,2264,5.825014159199782e-05,1.0,,,False,242.5826777499169
20265,2265,5.8216995967086405e-05,1.0,,,False,242.71236987481825
20266,2266,5.81822641834151e-05,1.0,,,False,242.83680512499996
20267,2267,5.8151887060375884e-05,1.0,,,False,242.95989820803516
20268,2268,5.8117650041822344e-05,1.0,,,False,243.08461587503552
20269,2269,5.808394416817464e-05,1.0,,,False,243.21229420788586
20270,2270,5.805213368148543e-05,1.0,,,False,243.3287221668288
20271,2271,5.8019017160404474e-05,1.0,,,False,243.4449848330114
20272,2272,5.798518759547733e-05,1.0,,,False,243.56588612496853
20273,2273,5.79549086978659e-05,1.0,,,False,243.68801145791076
20274,2274,5.792147931060754e-05,1.0,,,False,243.81317866686732
20275,2275,5.789035276393406e-05,1.0,,,False,243.92802091687918
20276,2276,5.785854591522366e-05,1.0,,,False,244.0389232498128
20277,2277,5.782617881777696e-05,1.0,,,False,244.12354316702113
20278,2278,5.779406274086796e-05,1.0,,,False,244.2210939170327
20279,2279,5.7761568314163014e-05,1.0,,,False,244.3245210419409
20280,2280,5.773053635493852e-05,1.0,,,False,244.42598433280364
20281,2281,5.7700784964254126e-05,1.0,,,False,244.5109363750089
20282,2282,5.7667948567541316e-05,1.0,,,False,244.59340162482113
20283,2283,5.763719673268497e-05,1.0,,,False,244.70413741702214
20284,2284,5.7606579503044486e-05,1.0,,,False,244.8051557498984
20285,2285,5.757433609687723e-05,1.0,,,False,244.90958883287385
20286,2286,5.7544461014913395e-05,1.0,,,False,245.0113340828102
20287,2287,5.751594653702341e-05,1.0,,,False,245.11155037488788
20288,2288,5.748507464886643e-05,1.0,,,False,245.21598199987784
20289,2289,5.7455195928923786e-05,1.0,,,False,245.31963937496766
20290,2290,5.742506618844345e-05,1.0,,,False,245.42189974989742
20291,2291,5.739739935961552e-05,1.0,,,False,245.52612787485123
20292,2292,5.7368797570234165e-05,1.0,,,False,245.62861433299258
20293,2293,5.7338424085173756e-05,1.0,,,False,245.7311364999041
20294,2294,5.731442433898337e-05,1.0,,,False,245.83315862482414
20295,2295,5.7285113143734634e-05,1.0,,,False,245.9412829580251
20296,2296,5.725731898564845e-05,1.0,,,False,246.04397624987178
20297,2297,5.722921196138486e-05,1.0,,,False,246.1443018328864
20298,2298,5.720077024307102e-05,1.0,,,False,246.24525924981572
20299,2299,5.717520980397239e-05,1.0,,,False,246.350333499955
20300,2300,5.714969302061945e-05,1.0,1.0,0.00664958018053935,False,246.5438185830135
20301,2301,5.712373604183085e-05,1.0,,,False,246.6881201248616
20302,2302,5.709924516850151e-05,1.0,,,False,246.7974261669442
20303,2303,5.70700503885746e-05,1.0,,,False,246.88250870793127
20304,2304,5.7046363508561626e-05,1.0,,,False,246.9673294578679
20305,2305,5.702106500393711e-05,1.0,,,False,247.05924041685648
20306,2306,5.699678513337858e-05,1.0,,,False,247.14342279196717
20307,2307,5.697091546608135e-05,1.0,,,False,247.2278353748843
20308,2308,5.6947919802041724e-05,1.0,,,False,247.31347437482327
20309,2309,5.692339618690312e-05,1.0,,,False,247.40241258288734
20310,2310,5.689821773557924e-05,1.0,,,False,247.4988977080211
20311,2311,5.687416341970675e-05,1.0,,,False,247.6089292918332
20312,2312,5.6849046814022586e-05,1.0,,,False,247.71361887501553
20313,2313,5.682548362528905e-05,1.0,,,False,247.81794179184362
20314,2314,5.680136746377684e-05,1.0,,,False,247.92190662492067
20315,2315,5.6777309509925544e-05,1.0,,,False,248.02419483289123
20316,2316,5.675337524735369e-05,1.0,,,False,248.1240962499287
20317,2317,5.6731525546638295e-05,1.0,,,False,248.22478579194285
20318,2318,5.670681275660172e-05,1.0,,,False,248.32304370799102
20319,2319,5.6686807511141524e-05,1.0,,,False,248.4244155830238
20320,2320,5.666302240570076e-05,1.0,,,False,248.52520691696554
20321,2321,5.663856427418068e-05,1.0,,,False,248.62525908299722
20322,2322,5.661593604600057e-05,1.0,,,False,248.72791845793836
20323,2323,5.65943046240136e-05,1.0,,,False,248.8275665419642
20324,2324,5.657042856910266e-05,1.0,,,False,248.91388733289205
20325,2325,5.655107452184893e-05,1.0,,,False,249.00351066701114
20326,2326,5.6527667766204104e-05,1.0,,,False,249.09376999991946
20327,2327,5.65055051993113e-05,1.0,,,False,249.18483287491836
20328,2328,5.648204387398437e-05,1.0,,,False,249.2754704998806
20329,2329,5.6462708016624674e-05,1.0,,,False,249.3648079999257
20330,2330,5.643971235258505e-05,1.0,,,False,249.47395987482741
20331,2331,5.6420351029373705e-05,1.0,,,False,249.56132379197516
20332,2332,5.640283416141756e-05,1.0,,,False,249.67906970786862
20333,2333,5.6380173191428185e-05,1.0,,,False,249.81122124986723
20334,2334,5.636056812363677e-05,1.0,,,False,249.9338348750025
20335,2335,5.6339995353482664e-05,1.0,,,False,250.0598116668407
20336,2336,5.6323129683732986e-05,1.0,,,False,250.16841554199345
20337,2337,5.6304204917978495e-05,1.0,,,False,250.26809495780617
20338,2338,5.628633880405687e-05,1.0,,,False,250.37346883281134
20339,2339,5.626769416267052e-05,1.0,,,False,250.48634079191834
20340,2340,5.624780897051096e-05,1.0,,,False,250.6044247499667
20341,2341,5.6228076573461294e-05,1.0,,,False,250.6854537918698
20342,2342,5.6210337788797915e-05,1.0,,,False,250.77150004194118
20343,2343,5.619334478978999e-05,1.0,,,False,250.85951208299957
20344,2344,5.617498027277179e-05,1.0,,,False,250.937469832832
20345,2345,5.615820555249229e-05,1.0,,,False,251.02805683296174
20346,2346,5.613884422928095e-05,1.0,,,False,251.14413304184563
20347,2347,5.612555469269864e-05,1.0,,,False,251.26359066693112
20348,2348,5.610582229564898e-05,1.0,,,False,251.38203391688876
20349,2349,5.608924038824625e-05,1.0,,,False,251.51067099999636
20350,2350,5.60718726774212e-05,1.0,,,False,251.62340829195455
20351,2351,5.605534533970058e-05,1.0,,,False,251.74737249989994
20352,2352,5.6037912145256996e-05,1.0,,,False,251.84530258295126
20353,2353,5.6023229262791574e-05,1.0,,,False,251.93353579193354
20354,2354,5.6008979299804196e-05,1.0,,,False,252.0219027919229
20355,2355,5.599163705483079e-05,1.0,,,False,252.11105737485923
20356,2356,5.597732524620369e-05,1.0,,,False,252.1977904578671
20357,2357,5.5962696933420375e-05,1.0,,,False,252.2929264579434
20358,2358,5.5949189118109643e-05,1.0,,,False,252.42185837496072
20359,2359,5.593129390035756e-05,1.0,,,False,252.50987791689113
20360,2360,5.5918189900694415e-05,1.0,,,False,252.59768120781519
20361,2361,5.5901415180414915e-05,1.0,,,False,252.71326124994084
20362,2362,5.588653584709391e-05,1.0,,,False,252.81300729187205
20363,2363,5.5872093071229756e-05,1.0,,,False,252.8970031668432
20364,2364,5.585699909715913e-05,1.0,,,False,252.98429262498394
20365,2365,5.5841435823822394e-05,1.0,,,False,253.0714881250169
20366,2366,5.5830012570368126e-05,1.0,,,False,253.15727508300915
20367,2367,5.581479490501806e-05,1.0,,,False,253.24054174986668
20368,2368,5.580427750828676e-05,1.0,,,False,253.3261825828813
20369,2369,5.5793163483031094e-05,1.0,,,False,253.41293129185215
20370,2370,5.5781929404474795e-05,1.0,,,False,253.49870316684246
20371,2371,5.576611511060037e-05,1.0,,,False,253.58365237503313
20372,2372,5.575615796260536e-05,1.0,,,False,253.67339445790276
20373,2373,5.574510942096822e-05,1.0,,,False,253.76177112502046
20374,2374,5.5734057241352275e-05,1.0,,,False,253.84671970782802
20375,2375,5.5723197874613106e-05,1.0,,,False,253.9364127079025
20376,2376,5.571338988374919e-05,1.0,,,False,254.01985008292831
20377,2377,5.5703560065012425e-05,1.0,,,False,254.1053621249739
20378,2378,5.5692791647743434e-05,1.0,,,False,254.19271650002338
20379,2379,5.5682769016129896e-05,1.0,,,False,254.2820007498376
20380,2380,5.5674176110187545e-05,1.0,,,False,254.37032124982215
20381,2381,5.566549225477502e-05,1.0,,,False,254.4774899999611
20382,2382,5.565606625168584e-05,1.0,,,False,254.58136225002818
20383,2383,5.564535968005657e-05,1.0,,,False,254.66779045783915
20384,2384,5.5637763580307364e-05,1.0,,,False,254.75447366689332
20385,2385,5.562774094869383e-05,1.0,,,False,254.84547770791687
20386,2386,5.5622076615691185e-05,1.0,,,False,254.9701372080017
20387,2387,5.5612181313335896e-05,1.0,,,False,255.0828878749162
20388,2388,5.5605891247978434e-05,1.0,,,False,255.20257720793597
20389,2389,5.559773853747174e-05,1.0,,,False,255.33228920795955
20390,2390,5.559269629884511e-05,1.0,,,False,255.46299483301118
20391,2391,5.558600605581887e-05,1.0,,,False,255.57496545789763
20392,2392,5.558161865337752e-05,1.0,,,False,255.70362520799972
20393,2393,5.557645272347145e-05,1.0,,,False,255.8118494998198
20394,2394,5.5570566473761573e-05,1.0,,,False,255.8976072918158
20395,2395,5.556415635510348e-05,1.0,,,False,255.98620187491179
20396,2396,5.556011092266999e-05,1.0,,,False,256.07237920793705
20397,2397,5.555310781346634e-05,1.0,,,False,256.1566399168223
20398,2398,5.55519582121633e-05,1.0,,,False,256.2442475419957
20399,2399,5.554756717174314e-05,1.0,,,False,256.3296994578559
20400,2400,5.5542994232382625e-05,1.0,1.0,0.006482682201180526,False,256.5010942078661
20401,2401,5.554106246563606e-05,1.0,,,False,256.58911304199137
20402,2402,5.553922528633848e-05,1.0,,,False,256.6768156248145
20403,2403,5.5535991123178974e-05,1.0,,,False,256.75968858296983
20404,2404,5.553405935643241e-05,1.0,,,False,256.84298958303407
20405,2405,5.553129085456021e-05,1.0,,,False,256.931756041944
20406,2406,5.552792936214246e-05,1.0,,,False,257.0179357919842
20407,2407,5.5524131312267855e-05,1.0,,,False,257.1057909578085
20408,2408,5.552294896915555e-05,1.0,,,False,257.1917815420311
20409,2409,5.5522355978609994e-05,1.0,,,False,257.2773942500353
20410,2410,5.55197439098265e-05,1.0,,,False,257.3633887078613
20411,2411,5.5521391914226115e-05,1.0,,,False,257.456911749905
20412,2412,5.552008587983437e-05,1.0,,,False,257.548924166942
20413,2413,5.55195874767378e-05,1.0,,,False,257.63710245792754
20414,2414,5.552154834731482e-05,1.0,,,False,257.7251750829164
20415,2415,5.5523756600450724e-05,1.0,,,False,257.80804687482305
20416,2416,5.552213769988157e-05,1.0,,,False,257.8950315830298
20417,2417,5.55261540284846e-05,1.0,,,False,257.98032595799305
20418,2418,5.5524411436636e-05,1.0,,,False,258.06716212490574
20419,2419,5.552587390411645e-05,1.0,,,False,258.1527432918083
20420,2420,5.552727452595718e-05,1.0,,,False,258.24122466682456
20421,2421,5.55287697352469e-05,1.0,,,False,258.32238254183903
20422,2422,5.553281516768038e-05,1.0,,,False,258.41203791694716
20423,2423,5.5537329899379984e-05,1.0,,,False,258.49976262496784
20424,2424,5.553938171942718e-05,1.0,,,False,258.59182008286007
20425,2425,5.554202653001994e-05,1.0,,,False,258.6777903328184
20426,2426,5.55438018636778e-05,1.0,,,False,258.7634126669727
20427,2427,5.5551550758536905e-05,1.0,,,False,258.85010016686283
20428,2428,5.5552827689098194e-05,1.0,,,False,258.9410297498107
20429,2429,5.55588339921087e-05,1.0,,,False,259.0289604170248
20430,2430,5.5564123613294214e-05,1.0,,,False,259.1133644168731
20431,2431,5.556938413064927e-05,1.0,,,False,259.20246491697617
20432,2432,5.557218537433073e-05,1.0,,,False,259.28515108302236
20433,2433,5.557840995606966e-05,1.0,,,False,259.37058383296244
20434,2434,5.55847909708973e-05,1.0,,,False,259.4595466668252
20435,2435,5.559029887081124e-05,1.0,,,False,259.550207125023
20436,2436,5.559447163250297e-05,1.0,,,False,259.6401612078771
20437,2437,5.560280987992883e-05,1.0,,,False,259.7304329168983
20438,2438,5.5607291869819164e-05,1.0,,,False,259.81862820801325
20439,2439,5.561485522775911e-05,1.0,,,False,259.90870920801535
20440,2440,5.5618686019442976e-05,1.0,,,False,260.0044323748443
20441,2441,5.562687147175893e-05,1.0,,,False,260.09655604185537
20442,2442,5.5634311138419434e-05,1.0,,,False,260.18981779180467
20443,2443,5.563972445088439e-05,1.0,,,False,260.28107558283955
20444,2444,5.564741513808258e-05,1.0,,,False,260.3666344578378
20445,2445,5.565504034166224e-05,1.0,,,False,260.45243829186074
20446,2446,5.566023901337758e-05,1.0,,,False,260.54206487489864
20447,2447,5.5667234846623614e-05,1.0,,,False,260.62615304184146
20448,2448,5.567290281760506e-05,1.0,,,False,260.712809166871
20449,2449,5.567885091295466e-05,1.0,,,False,260.7985001669731
20450,2450,5.5684107792330906e-05,1.0,,,False,260.8859279169701
20451,2451,5.568725100602023e-05,1.0,,,False,260.9715569578111
20452,2452,5.569294444285333e-05,1.0,,,False,261.05406916700304
20453,2453,5.569957647821866e-05,1.0,,,False,261.1391161249485
20454,2454,5.570455687120557e-05,1.0,,,False,261.22666862490587
20455,2455,5.5710064771119505e-05,1.0,,,False,261.31330524990335
20456,2456,5.571706788032316e-05,1.0,,,False,261.401676582871
20457,2457,5.5723448895150796e-05,1.0,,,False,261.4886474579107
20458,2458,5.57263738301117e-05,1.0,,,False,261.576297624968
20459,2459,5.573210000875406e-05,1.0,,,False,261.66321687493473
20460,2460,5.5736891226843e-05,1.0,,,False,261.75441029202193
20461,2461,5.5741838878020644e-05,1.0,,,False,261.8436032079626
20462,2462,5.5747041187714785e-05,1.0,,,False,261.9309610000346
20463,2463,5.575083559961058e-05,1.0,,,False,262.0178363749292
20464,2464,5.575634349952452e-05,1.0,,,False,262.1192502079066
20465,2465,5.575824252446182e-05,1.0,,,False,262.24523816700093
20466,2466,5.576085823122412e-05,1.0,,,False,262.3680939169135
20467,2467,5.576530747930519e-05,1.0,,,False,262.4949546668213
20468,2468,5.5769822211004794e-05,1.0,,,False,262.6174961668439
20469,2469,5.577343108598143e-05,1.0,,,False,262.7426781668328
20470,2470,5.5777327361283824e-05,1.0,,,False,262.86765908286907
20471,2471,5.577975025516935e-05,1.0,,,False,262.9902502920013
20472,2472,5.578363925451413e-05,1.0,,,False,263.114424749976
20473,2473,5.578482523560524e-05,1.0,,,False,263.2337788748555
20474,2474,5.578550917562097e-05,1.0,,,False,263.3583042079117
20475,2475,5.5786909797461703e-05,1.0,,,False,263.47748170793056
20476,2476,5.5788310419302434e-05,1.0,,,False,263.5983095418196
20477,2477,5.579070784733631e-05,1.0,,,False,263.7146073328331
20478,2478,5.579064236371778e-05,1.0,,,False,263.82494516693987
20479,2479,5.579204298555851e-05,1.0,,,False,263.9126039168332
20480,2480,5.5792199418647215e-05,1.0,,,False,264.0031439999584
20481,2481,5.579288335866295e-05,1.0,,,False,264.0912713748403
20482,2482,5.5792697821743786e-05,1.0,,,False,264.17748283292167
20483,2483,5.579297794611193e-05,1.0,,,False,264.2623748749029
20484,2484,5.579098797170445e-05,1.0,,,False,264.352634166833
20485,2485,5.578943091677502e-05,1.0,,,False,264.4369430828374
20486,2486,5.578803029493429e-05,1.0,,,False,264.52383854193613
20487,2487,5.5789398174965754e-05,1.0,,,False,264.61019158293493
20488,2488,5.5785945733077824e-05,1.0,,,False,264.69793424988165
20489,2489,5.5783857533242553e-05,1.0,,,False,264.78384779184125
20490,2490,5.578270793193951e-05,1.0,,,False,264.86830129195005
20491,2491,5.5782427807571366e-05,1.0,,,False,264.9563042919617
20492,2492,5.577635602094233e-05,1.0,,,False,265.04747108300216
20493,2493,5.5776388762751594e-05,1.0,,,False,265.1406922079623
20494,2494,5.577106639975682e-05,1.0,,,False,265.22622141684406
20495,2495,5.5768570746295154e-05,1.0,,,False,265.3125447919592
20496,2496,5.57664898224175e-05,1.0,,,False,265.40011874982156
20497,2497,5.5763441196177155e-05,1.0,,,False,265.48689058283344
20498,2498,5.576060721068643e-05,1.0,,,False,265.5775368749164
20499,2499,5.575683826464228e-05,1.0,,,False,265.66238962486386
20500,2500,5.575304385274649e-05,1.0,1.0,0.006424527441121534,False,265.83945204201154
20501,2501,5.574983879341744e-05,1.0,,,False,265.9267440419644
20502,2502,5.574682290898636e-05,1.0,,,False,266.00641841697507
20503,2503,5.574112219619565e-05,1.0,,,False,266.09268437488936
20504,2504,5.574056922341697e-05,1.0,,,False,266.17779112490825
20505,2505,5.5733344197506085e-05,1.0,,,False,266.2941847918555
20506,2506,5.573203816311434e-05,1.0,,,False,266.41155204200186
20507,2507,5.572646841756068e-05,1.0,,,False,266.52257037488744
20508,2508,5.57230414415244e-05,1.0,,,False,266.6235859999433
20509,2509,5.572033114731312e-05,1.0,,,False,266.727068166947
20510,2510,5.5717096984153613e-05,1.0,,,False,266.82379670790397
20511,2511,5.5712705943733454e-05,1.0,,,False,266.91264204191975
20512,2512,5.5708136642351747e-05,1.0,,,False,267.0017081249971
20513,2513,5.5703374528093264e-05,1.0,,,False,267.09266495797783
20514,2514,5.5700445955153555e-05,1.0,,,False,267.18004024983384
20515,2515,5.569525092141703e-05,1.0,,,False,267.29823429184034
20516,2516,5.569300992647186e-05,1.0,,,False,267.4155177499633
20517,2517,5.568712003878318e-05,1.0,,,False,267.5249287500046
20518,2518,5.568348569795489e-05,1.0,,,False,267.6287614169996
20519,2519,5.567629341385327e-05,1.0,,,False,267.73548866692
20520,2520,5.56733320991043e-05,1.0,,,False,267.8406863329001
20521,2521,5.56701015739236e-05,1.0,,,False,267.94402529182844
20522,2522,5.5665681429672986e-05,1.0,,,False,268.04623400000855
20523,2523,5.566085746977478e-05,1.0,,,False,268.149815332843
20524,2524,5.565534593188204e-05,1.0,,,False,268.2574637499638
20525,2525,5.5649245041422546e-05,1.0,,,False,268.3883047499694
20526,2526,5.5645356042077765e-05,1.0,,,False,268.51488462486304
20527,2527,5.564047023653984e-05,1.0,,,False,268.64081566687673
20528,2528,5.563474041991867e-05,1.0,,,False,268.76331345783547
20529,2529,5.563016748055816e-05,1.0,,,False,268.8838466249872
20530,2530,5.562618389376439e-05,1.0,,,False,269.00864033284597
20531,2531,5.562201113207266e-05,1.0,,,False,269.13539499999024
20532,2532,5.561612852034159e-05,1.0,,,False,269.2571510418784
20533,2533,5.5609529226785526e-05,1.0,,,False,269.3598686249461
20534,2534,5.560641875490546e-05,1.0,,,False,269.4422059999779
20535,2535,5.5600474297534674e-05,1.0,,,False,269.57152574998327
20536,2536,5.559593046200462e-05,1.0,,,False,269.65927879186347
20537,2537,5.5593842262169346e-05,1.0,,,False,269.74514420796186
20538,2538,5.558877091971226e-05,1.0,,,False,269.832570791943
20539,2539,5.5585689551662654e-05,1.0,,,False,269.91754808300175
20540,2540,5.558098928304389e-05,1.0,,,False,270.0063262078911
20541,2541,5.557884287554771e-05,1.0,,,False,270.09329520794563
20542,2542,5.557410986511968e-05,1.0,,,False,270.18126637488604
20543,2543,5.556804171646945e-05,1.0,,,False,270.26403929200023
20544,2544,5.556514588533901e-05,1.0,,,False,270.34609629190527
20545,2545,5.5560882174177095e-05,1.0,,,False,270.4728623749688
20546,2546,5.5556305596837774e-05,1.0,,,False,270.59637099993415
20547,2547,5.5557116866111755e-05,1.0,,,False,270.71999658294953
20548,2548,5.555459574679844e-05,1.0,,,False,270.842912041815
20549,2549,5.555515599553473e-05,1.0,,,False,270.95920525002293
20550,2550,5.5549335229443386e-05,1.0,,,False,271.08391895797104
20551,2551,5.554818199016154e-05,1.0,,,False,271.191044166917
20552,2552,5.5545009672641754e-05,1.0,,,False,271.3195572500117
20553,2553,5.554575545829721e-05,1.0,,,False,271.44183491682634
20554,2554,5.554083691095002e-05,1.0,,,False,271.5635842080228
20555,2555,5.554177187150344e-05,1.0,,,False,271.6769844579976
20556,2556,5.554015297093429e-05,1.0,,,False,271.7635190419387
20557,2557,5.5537726439069957e-05,1.0,,,False,271.84914516680874
20558,2558,5.553778828470968e-05,1.0,,,False,271.9343181250151
20559,2559,5.5538628657814115e-05,1.0,,,False,272.02130291680805
20560,2560,5.5536012951051816e-05,1.0,,,False,272.1084393328056
20561,2561,5.5537038861075416e-05,1.0,,,False,272.19340483285487
20562,2562,5.55378501303494e-05,1.0,,,False,272.27915175003
20563,2563,5.553794835577719e-05,1.0,,,False,272.3666339998599
20564,2564,5.554071321967058e-05,1.0,,,False,272.4535198328085
20565,2565,5.553941082325764e-05,1.0,,,False,272.5415013330057
20566,2566,5.554202289204113e-05,1.0,,,False,272.63145858282223
20567,2567,5.554000017582439e-05,1.0,,,False,272.7210818750318
20568,2568,5.554112067329697e-05,1.0,,,False,272.807620291831
20569,2569,5.5542521295137703e-05,1.0,,,False,272.89085662481375
20570,2570,5.5543081543873996e-05,1.0,,,False,272.9774422920309
20571,2571,5.5543332564411685e-05,1.0,,,False,273.062075041933
20572,2572,5.554653762374073e-05,1.0,,,False,273.14751162496395
20573,2573,5.554507515626028e-05,1.0,,,False,273.23826062493026
20574,2574,5.5547436204506084e-05,1.0,,,False,273.328044249909
20575,2575,5.554503877647221e-05,1.0,,,False,273.4145198329352
20576,2576,5.554634481086396e-05,1.0,,,False,273.5033704168163
20577,2577,5.5546533985761926e-05,1.0,,,False,273.5879626669921
20578,2578,5.5547185183968395e-05,1.0,,,False,273.6748782079667
20579,2579,5.554457675316371e-05,1.0,,,False,273.76191716687754
20580,2580,5.554706876864657e-05,1.0,,,False,273.84835766698234
20581,2581,5.55441110918764e-05,1.0,,,False,273.93007120792754
20582,2582,5.5541582696605474e-05,1.0,,,False,274.01611420791596
20583,2583,5.553972368943505e-05,1.0,,,False,274.10513645783067
20584,2584,5.553965820581652e-05,1.0,,,False,274.19158995803446
20585,2585,5.5536202125949785e-05,1.0,,,False,274.2952510828618
20586,2586,5.5535612773383036e-05,1.0,,,False,274.4134129998274
20587,2587,5.553175287786871e-05,1.0,,,False,274.5150478328578
20588,2588,5.553063238039613e-05,1.0,,,False,274.6049744579941
20589,2589,5.552528818952851e-05,1.0,,,False,274.6900969578419
20590,2590,5.552073344006203e-05,1.0,,,False,274.7785732918419
20591,2591,5.551976937567815e-05,1.0,,,False,274.8618497499265
20592,2592,5.5513886763947085e-05,1.0,,,False,274.9456952919718
20593,2593,5.550717105506919e-05,1.0,,,False,275.0310635420028
20594,2594,5.5503242037957534e-05,1.0,,,False,275.1168510420248
20595,2595,5.5493623221991584e-05,1.0,,,False,275.2027452918701
20596,2596,5.548743865801953e-05,1.0,,,False,275.28962174989283
20597,2597,5.548177068703808e-05,1.0,,,False,275.3776734168641
20598,2598,5.547647378989495e-05,1.0,,,False,275.4629885829054
20599,2599,5.546651664189994e-05,1.0,,,False,275.5508364168927
20600,2600,5.545846579479985e-05,1.0,1.0,0.0064076292652612814,False,275.7364979169797
20601,2601,5.5449338105972856e-05,1.0,,,False,275.826207957929
20602,2602,5.544050509342924e-05,1.0,,,False,275.9131340419408
20603,2603,5.5432101362384856e-05,1.0,,,False,276.00785570801236
20604,2604,5.541912105400115e-05,1.0,,,False,276.0965389169287
20605,2605,5.541050268220715e-05,1.0,,,False,276.18221712484956
20606,2606,5.5396089010173455e-05,1.0,,,False,276.2687792079523
20607,2607,5.5386721214745194e-05,1.0,,,False,276.3750053329859
20608,2608,5.537259130505845e-05,1.0,,,False,276.5008634168189
20609,2609,5.5360451369779184e-05,1.0,,,False,276.6139359998051
20610,2610,5.5345641158055514e-05,1.0,,,False,276.7401509168558
20611,2611,5.533353396458551e-05,1.0,,,False,276.85012320801616
20612,2612,5.531965143745765e-05,1.0,,,False,276.97509224992245
20613,2613,5.530452835955657e-05,1.0,,,False,277.10282962489873
20614,2614,5.528833935386501e-05,1.0,,,False,277.22130391700193
20615,2615,5.527203393285163e-05,1.0,,,False,277.3215062918607
20616,2616,5.5258151405723765e-05,1.0,,,False,277.42301562498324
20617,2617,5.524059815797955e-05,1.0,,,False,277.52607029187493
20618,2618,5.5223852541530505e-05,1.0,,,False,277.6286900418345
20619,2619,5.520719787455164e-05,1.0,,,False,277.73145933286287
20620,2620,5.5189364502439275e-05,1.0,,,False,277.83229916682467
20621,2621,5.51709090359509e-05,1.0,,,False,277.93425212497823
20622,2622,5.515388693311252e-05,1.0,,,False,278.0377637918573
20623,2623,5.513698124559596e-05,1.0,,,False,278.1392394169234
20624,2624,5.5117499869083986e-05,1.0,,,False,278.24398087500595
20625,2625,5.5102216720115393e-05,1.0,,,False,278.3539064170327
20626,2626,5.508578760782257e-05,1.0,,,False,278.456569083035
20627,2627,5.506574234459549e-05,1.0,,,False,278.55910108285025
20628,2628,5.504735236172564e-05,1.0,,,False,278.66124854190275
20629,2629,5.502606290974654e-05,1.0,,,False,278.7860694169067
20630,2630,5.5006734328344464e-05,1.0,,,False,278.9100790829398
20631,2631,5.4988369811326265e-05,1.0,,,False,279.0320420828648
20632,2632,5.4969481425359845e-05,1.0,,,False,279.1620329169091
20633,2633,5.494903234648518e-05,1.0,,,False,279.28248741687275
20634,2634,5.4928328609094024e-05,1.0,,,False,279.408667499898
20635,2635,5.490997136803344e-05,1.0,,,False,279.53200029185973
20636,2636,5.4889023886062205e-05,1.0,,,False,279.6515176668763
20637,2637,5.4869848099770024e-05,1.0,,,False,279.7718396249693
20638,2638,5.4850333981448784e-05,1.0,,,False,279.8959216249641
20639,2639,5.483020140673034e-05,1.0,,,False,280.00678145792335
20640,2640,5.480738400365226e-05,1.0,,,False,280.13299741689116
20641,2641,5.478756065713242e-05,1.0,,,False,280.24888308299705
20642,2642,5.476456135511398e-05,1.0,,,False,280.36805320787244
20643,2643,5.474513818626292e-05,1.0,,,False,280.49366137501784
20644,2644,5.4723328503314406e-05,1.0,,,False,280.61728237499483
20645,2645,5.470290489029139e-05,1.0,,,False,280.7379170418717
20646,2646,5.468034578370862e-05,1.0,,,False,280.83507937495597
20647,2647,5.4660082241753116e-05,1.0,,,False,280.9347392078489
20648,2648,5.46355004189536e-05,1.0,,,False,281.057786667021
20649,2649,5.4616266425000504e-05,1.0,,,False,281.17573979194276
20650,2650,5.4592583182966337e-05,1.0,,,False,281.3016721669119
20651,2651,5.457272345665842e-05,1.0,,,False,281.4231912079267
20652,2652,5.4550004279008135e-05,1.0,,,False,281.54960816702805
20653,2653,5.452843470266089e-05,1.0,,,False,281.6668664580211
20654,2654,5.450228854897432e-05,1.0,,,False,281.7860644168686
20655,2655,5.4483181884279475e-05,1.0,,,False,281.91827824991196
20656,2656,5.445893475553021e-05,1.0,,,False,282.0574711668305
20657,2657,5.4436499340226874e-05,1.0,,,False,282.18037591688335
20658,2658,5.441605389933102e-05,1.0,,,False,282.2998202079907
20659,2659,5.439251981442794e-05,1.0,,,False,282.41498387488537
20660,2660,5.437091749627143e-05,1.0,,,False,282.508738250006
20661,2661,5.4347732657333836e-05,1.0,,,False,282.6343859578483
20662,2662,5.432526450022124e-05,1.0,,,False,282.73289091698825
20663,2663,5.430095552583225e-05,1.0,,,False,282.8203613748774
20664,2664,5.4280448239296675e-05,1.0,,,False,282.9110756670125
20665,2665,5.4258005548035726e-05,1.0,,,False,282.9975416669622
20666,2666,5.423522452474572e-05,1.0,,,False,283.08113874983974
20667,2667,5.4214087867876515e-05,1.0,,,False,283.17012825002894
20668,2668,5.4191244998946786e-05,1.0,,,False,283.25578570785
20669,2669,5.416808926383965e-05,1.0,,,False,283.34325099992566
20670,2670,5.4142474255058914e-05,1.0,,,False,283.4332262079697
20671,2671,5.412280370364897e-05,1.0,,,False,283.51945349993184
20672,2672,5.409746881923638e-05,1.0,,,False,283.60716008301824
20673,2673,5.407509161159396e-05,1.0,,,False,283.7125869169831
20674,2674,5.405246338341385e-05,1.0,,,False,283.8274686669465
20675,2675,5.403095929068513e-05,1.0,,,False,283.91373833292164
20676,2676,5.400727241067216e-05,1.0,,,False,284.05623587500304
20677,2677,5.398564098868519e-05,1.0,,,False,284.17712454195134
20678,2678,5.396205233410001e-05,1.0,,,False,284.30865716701373
20679,2679,5.394304025685415e-05,1.0,,,False,284.4404805828817
20680,2680,5.3918385674478486e-05,1.0,,,False,284.572908999864
20681,2681,5.3895197197562084e-05,1.0,,,False,284.7031823329162
20682,2682,5.387098644860089e-05,1.0,,,False,284.8300815420225
20683,2683,5.384866744861938e-05,1.0,,,False,284.9515316670295
20684,2684,5.382647941587493e-05,1.0,,,False,285.0728902500123
20685,2685,5.3802978072781116e-05,1.0,,,False,285.1933126668446
20686,2686,5.3779924201080576e-05,1.0,,,False,285.31870025000535
20687,2687,5.375829277909361e-05,1.0,,,False,285.43947145785205
20688,2688,5.3733765525976196e-05,1.0,,,False,285.5647583329119
20689,2689,5.370915459934622e-05,1.0,,,False,285.69184437487274
20690,2690,5.368866550270468e-05,1.0,,,False,285.7952222919557
20691,2691,5.366311961552128e-05,1.0,,,False,285.8959007919766
20692,2692,5.3641862905351445e-05,1.0,,,False,286.00199412484653
20693,2693,5.362038791645318e-05,1.0,,,False,286.1206524169538
20694,2694,5.35993131052237e-05,1.0,,,False,286.2220098748803
20695,2695,5.357600821298547e-05,1.0,,,False,286.32542391703464
20696,2696,5.355534085538238e-05,1.0,,,False,286.42550162482075
20697,2697,5.3534022299572825e-05,1.0,,,False,286.5401577919256
20698,2698,5.351117579266429e-05,1.0,,,False,286.6258566249162
20699,2699,5.34896353201475e-05,1.0,,,False,286.7118306669872
20700,2700,5.3466137615032494e-05,1.0,1.0,0.006355193031508619,False,286.8965653749183
20701,2701,5.344584133126773e-05,1.0,,,False,287.02796183293685
20702,2702,5.342191070667468e-05,1.0,,,False,287.1596313328482
20703,2703,5.339921699487604e-05,1.0,,,False,287.2907911669463
20704,2704,5.3378149459604174e-05,1.0,,,False,287.41357512492687
20705,2705,5.335381501936354e-05,1.0,,,False,287.54126341687515
20706,2706,5.33340462425258e-05,1.0,,,False,287.6654275418259
20707,2707,5.331011561793275e-05,1.0,,,False,287.7913980828598
20708,2708,5.328705083229579e-05,1.0,,,False,287.90968945785426
20709,2709,5.3264953749021515e-05,1.0,,,False,288.0169850829989
20710,2710,5.324191806721501e-05,1.0,,,False,288.11806166684255
20711,2711,5.321779826772399e-05,1.0,,,False,288.2206699999515
20712,2712,5.3196730732452124e-05,1.0,,,False,288.32306579197757
20713,2713,5.317453542375006e-05,1.0,,,False,288.4363045829814
20714,2714,5.315546513884328e-05,1.0,,,False,288.54254224989563
20715,2715,5.31318764842581e-05,1.0,,,False,288.6480495419819
20716,2716,5.3109492000658065e-05,1.0,,,False,288.75299779186025
20717,2717,5.3087864216649905e-05,1.0,,,False,288.8577466669958
20718,2718,5.3066672990098596e-05,1.0,,,False,288.9624916249886
20719,2719,5.304248770698905e-05,1.0,,,False,289.0613617920317
20720,2720,5.3020201448816806e-05,1.0,,,False,289.15813774988055
20721,2721,5.2997424063505605e-05,1.0,,,False,289.25600945786573
20722,2722,5.297725147102028e-05,1.0,,,False,289.35066754184663
20723,2723,5.2956587751396e-05,1.0,,,False,289.45973087497987
20724,2724,5.293582580634393e-05,1.0,,,False,289.57770216697827
20725,2725,5.2914852858521044e-05,1.0,,,False,289.6966585419141
20726,2726,5.289334512781352e-05,1.0,,,False,289.8155413749628
20727,2727,5.286909799906425e-05,1.0,,,False,289.94333495781757
20728,2728,5.2846127800876275e-05,1.0,,,False,290.0671504999045
20729,2729,5.2824962040176615e-05,1.0,,,False,290.1884427918121
20730,2730,5.280408731778152e-05,1.0,,,False,290.28874195786193
20731,2731,5.278325988911092e-05,1.0,,,False,290.3796382499859
20732,2732,5.276076262816787e-05,1.0,,,False,290.4697145828977
20733,2733,5.274053182802163e-05,1.0,,,False,290.5718474998139
20734,2734,5.2717561629833654e-05,1.0,,,False,290.7029102919623
20735,2735,5.2697960200021043e-05,1.0,,,False,290.8218522500247
20736,2736,5.267642336548306e-05,1.0,,,False,290.94404216692783
20737,2737,5.265513391350396e-05,1.0,,,False,291.06538312486373
20738,2738,5.263356433715671e-05,1.0,,,False,291.1834229170345
20739,2739,5.261037586024031e-05,1.0,,,False,291.2856968748383
20740,2740,5.2592382417060435e-05,1.0,,,False,291.3864397078287
20741,2741,5.257103475742042e-05,1.0,,,False,291.48733383300714
20742,2742,5.255180076346733e-05,1.0,,,False,291.58674733294174
20743,2743,5.253197377896868e-05,1.0,,,False,291.690063332906
20744,2744,5.251149195828475e-05,1.0,,,False,291.79952862486243
20745,2745,5.249344030744396e-05,1.0,,,False,291.9071022919379
20746,2746,5.247018998488784e-05,1.0,,,False,292.0105946669355
20747,2747,5.245092324912548e-05,1.0,,,False,292.11320474999957
20748,2748,5.242860788712278e-05,1.0,,,False,292.21750004193746
20749,2749,5.2408937335712835e-05,1.0,,,False,292.3196723749861
20750,2750,5.239088204689324e-05,1.0,,,False,292.4217607078608
20751,2751,5.2371771744219586e-05,1.0,,,False,292.5281694168225
20752,2752,5.235291610006243e-05,1.0,,,False,292.6359456249047
20753,2753,5.2334020438138396e-05,1.0,,,False,292.7426596668083
20754,2754,5.2315008360892534e-05,1.0,,,False,292.8500903749373
20755,2755,5.229779708315618e-05,1.0,,,False,292.9568017919082
20756,2756,5.2277780923759565e-05,1.0,,,False,293.0609849579632
20757,2757,5.2259230869822204e-05,1.0,,,False,293.1637406249065
20758,2758,5.224158667260781e-05,1.0,,,False,293.26503070793115
20759,2759,5.22224472661037e-05,1.0,,,False,293.365449457895
20760,2760,5.220464299782179e-05,1.0,,,False,293.46745095797814
20761,2761,5.218764999881387e-05,1.0,,,False,293.5729951248504
20762,2762,5.217037323745899e-05,1.0,,,False,293.6745275419671
20763,2763,5.21511428814847e-05,1.0,,,False,293.77474162494764
20764,2764,5.213576878304593e-05,1.0,,,False,293.8744264168199
20765,2765,5.21153851877898e-05,1.0,,,False,293.97720883297734
20766,2766,5.209919982007705e-05,1.0,,,False,294.07867720793
20767,2767,5.20808098372072e-05,1.0,,,False,294.180508374935
20768,2768,5.20640351169277e-05,1.0,,,False,294.28354912484065
20769,2769,5.204865738051012e-05,1.0,,,False,294.38240058301017
20770,2770,5.2031977247679606e-05,1.0,,,False,294.4818641250022
20771,2771,5.201685053179972e-05,1.0,,,False,294.5855844998732
20772,2772,5.19973982591182e-05,1.0,,,False,294.68296237499453
20773,2773,5.1981929573230445e-05,1.0,,,False,294.7833310419228
20774,2774,5.1963877922389656e-05,1.0,,,False,294.88572825002484
20775,2775,5.194797631702386e-05,1.0,,,False,294.9885939168744
20776,2776,5.1932820497313514e-05,1.0,,,False,295.09095466695726
20777,2777,5.1917722885264084e-05,1.0,,,False,295.1898495829664
20778,2778,5.1902097766287625e-05,1.0,,,False,295.29038483300246
20779,2779,5.188713112147525e-05,1.0,,,False,295.3912792499177
20780,2780,5.187620627111755e-05,1.0,,,False,295.50108599988744
20781,2781,5.185877671465278e-05,1.0,,,False,295.63165008299984
20782,2782,5.184589099371806e-05,1.0,,,False,295.7688993329648
20783,2783,5.182961467653513e-05,1.0,,,False,295.896654416807
20784,2784,5.181706728762947e-05,1.0,,,False,296.0255358328577
20785,2785,5.180278458283283e-05,1.0,,,False,296.1598314999137
20786,2786,5.179033541935496e-05,1.0,,,False,296.27132370788604
20787,2787,5.1777606131508946e-05,1.0,,,False,296.3563646248076
20788,2788,5.1765437092399225e-05,1.0,,,False,296.4440242918208
20789,2789,5.175171099836007e-05,1.0,,,False,296.5297375419177
20790,2790,5.173829413251951e-05,1.0,,,False,296.61432787496597
20791,2791,5.172852615942247e-05,1.0,,,False,296.69944429188035
20792,2792,5.1714949222514406e-05,1.0,,,False,296.7891389168799
20793,2793,5.170726581127383e-05,1.0,,,False,296.87540237489156
20794,2794,5.1694347348529845e-05,1.0,,,False,296.96022174996324
20795,2795,5.16854488523677e-05,1.0,,,False,297.04450691700913
20796,2796,5.1674807764356956e-05,1.0,,,False,297.12994587491266
20797,2797,5.1666902436409146e-05,1.0,,,False,297.22023195796646
20798,2798,5.1656195864779875e-05,1.0,,,False,297.3041725419462
20799,2799,5.164623144082725e-05,1.0,,,False,297.3896269579418
20800,2800,5.163587047718465e-05,1.0,1.0,0.006342431136748892,False,297.56860862486064
20801,2801,5.162565867067315e-05,1.0,,,False,297.6552678330336
20802,2802,5.161467561265454e-05,1.0,,,False,297.7464027919341
20803,2803,5.160682849236764e-05,1.0,,,False,297.8432970829308
20804,2804,5.1594539399957284e-05,1.0,,,False,297.9681601668708
20805,2805,5.1586506742751226e-05,1.0,,,False,298.06088487501256
20806,2806,5.157321720616892e-05,1.0,,,False,298.1476967500057
20807,2807,5.156630868441425e-05,1.0,,,False,298.2302694169339
20808,2808,5.155382677912712e-05,1.0,,,False,298.3163004578091
20809,2809,5.1544364396249875e-05,1.0,,,False,298.40308395796455
20810,2810,5.153300298843533e-05,1.0,,,False,298.48809416685253
20811,2811,5.152366793481633e-05,1.0,,,False,298.5740284170024
20812,2812,5.15108804393094e-05,1.0,,,False,298.6591460418422
20813,2813,5.150274955667555e-05,1.0,,,False,298.74718987499364
20814,2814,5.1490802434273064e-05,1.0,,,False,298.83206533291377
20815,2815,5.147897536517121e-05,1.0,,,False,298.9201010828838
20816,2816,5.146615148987621e-05,1.0,,,False,299.0066170829814
20817,2817,5.145233080838807e-05,1.0,,,False,299.09234716696665
20818,2818,5.144187525729649e-05,1.0,,,False,299.1798855420202
20819,2819,5.142724694451317e-05,1.0,,,False,299.2869088749867
20820,2820,5.141526344232261e-05,1.0,,,False,299.40649187495
20821,2821,5.140007851878181e-05,1.0,,,False,299.51905712485313
20822,2822,5.138874257681891e-05,1.0,,,False,299.6162135419436
20823,2823,5.1372589950915426e-05,1.0,,,False,299.7185328749474
20824,2824,5.1360482757445425e-05,1.0,,,False,299.81797254201956
20825,2825,5.134679304319434e-05,1.0,,,False,299.9175713749137
20826,2826,5.13321028847713e-05,1.0,,,False,300.02047045785
20827,2827,5.131573198013939e-05,1.0,,,False,300.1205450829584
20828,2828,5.130107092554681e-05,1.0,,,False,300.21642362489365
20829,2829,5.1284576329635456e-05,1.0,,,False,300.317731291987
20830,2830,5.126951145939529e-05,1.0,,,False,300.4173419168219
20831,2831,5.125242751091719e-05,1.0,,,False,300.5224526668899
20832,2832,5.123602386447601e-05,1.0,,,False,300.6249219579622
20833,2833,5.122251604916528e-05,1.0,,,False,300.7256161668338
20834,2834,5.120464993524365e-05,1.0,,,False,300.82616820791736
20835,2835,5.118927583680488e-05,1.0,,,False,300.9277600829955
20836,2836,5.116944885230623e-05,1.0,,,False,301.03325845790096
20837,2837,5.115211752126925e-05,1.0,,,False,301.1376803750172
20838,2838,5.113671431900002e-05,1.0,,,False,301.24279054184444
20839,2839,5.111701102578081e-05,1.0,,,False,301.34616466681473
20840,2840,5.109929770696908e-05,1.0,,,False,301.45149970799685
20841,2841,5.108031473355368e-05,1.0,,,False,301.55352049996145
20842,2842,5.1063379942206666e-05,1.0,,,False,301.6538255419582
20843,2843,5.104088268126361e-05,1.0,,,False,301.7555885829497
20844,2844,5.102270733914338e-05,1.0,,,False,301.85867549991235
20845,2845,5.1002196414629e-05,1.0,,,False,301.9562937919982
20846,2846,5.098212568555027e-05,1.0,,,False,302.0396654999349
20847,2847,5.096095992485061e-05,1.0,,,False,302.1301074170042
20848,2848,5.094038715469651e-05,1.0,,,False,302.21569137484767
20849,2849,5.092205174150877e-05,1.0,,,False,302.30400516698137
20850,2850,5.090104241389781e-05,1.0,,,False,302.3925082918722
20851,2851,5.087975296191871e-05,1.0,,,False,302.4871455829125
20852,2852,5.0858681788668036e-05,1.0,,,False,302.58073512488045
20853,2853,5.08379889652133e-05,1.0,,,False,302.6656361669302
20854,2854,5.081651033833623e-05,1.0,,,False,302.74883929197676
20855,2855,5.079422771814279e-05,1.0,,,False,302.8355863748584
20856,2856,5.077113019069657e-05,1.0,,,False,302.91989908297546
20857,2857,5.074897126178257e-05,1.0,,,False,303.0065143748652
20858,2858,5.072546991868876e-05,1.0,,,False,303.0941011668183
20859,2859,5.070346378488466e-05,1.0,,,False,303.17976966686547
20860,2860,5.067925667390227e-05,1.0,,,False,303.26776524982415
20861,2861,5.065771620138548e-05,1.0,,,False,303.3542782079894
20862,2862,5.0635499064810574e-05,1.0,,,False,303.438187582884
20863,2863,5.061306001152843e-05,1.0,,,False,303.52640799991786
20864,2864,5.05906245962251e-05,1.0,,,False,303.61823220783845
20865,2865,5.0566472054924816e-05,1.0,,,False,303.70798225002363
20866,2866,5.054160283179954e-05,1.0,,,False,303.79663162492216
20867,2867,5.051779226050712e-05,1.0,,,False,303.8819909999147
20868,2868,5.049183528171852e-05,1.0,,,False,303.9697275829967
20869,2869,5.046718433732167e-05,1.0,,,False,304.05428979196586
20870,2870,5.044459248892963e-05,1.0,,,False,304.1402300000191
20871,2871,5.041869735578075e-05,1.0,,,False,304.2257895418443
20872,2872,5.039550887886435e-05,1.0,,,False,304.3140391248744
20873,2873,5.0367467338219285e-05,1.0,,,False,304.4088798749726
20874,2874,5.0344213377684355e-05,1.0,,,False,304.498726666905
20875,2875,5.03164847032167e-05,1.0,,,False,304.58096604188904
20876,2876,5.029000385547988e-05,1.0,,,False,304.6628032079898
20877,2877,5.026783765060827e-05,1.0,,,False,304.7478917078115
20878,2878,5.02402035635896e-05,1.0,,,False,304.83392845792696
20879,2879,5.021881952416152e-05,1.0,,,False,304.9197165418882
20880,2880,5.0190152251161635e-05,1.0,,,False,305.0069010418374
20881,2881,5.016460272599943e-05,1.0,,,False,305.0955785419792
20882,2882,5.013743066228926e-05,1.0,,,False,305.1980284168385
20883,2883,5.010861423215829e-05,1.0,,,False,305.32844129181467
20884,2884,5.0081347580999136e-05,1.0,,,False,305.4370449578855
20885,2885,5.00551141158212e-05,1.0,,,False,305.5390531248413
20886,2886,5.002818943466991e-05,1.0,,,False,305.641489374917
20887,2887,5.000067540095188e-05,1.0,,,False,305.7449112078175
20888,2888,4.9973907152889296e-05,1.0,,,False,305.8496863748878
20889,2889,4.9951093387790024e-05,1.0,,,False,305.9508272500243
20890,2890,4.9925412895390764e-05,1.0,,,False,306.054707541829
20891,2891,4.989647277398035e-05,1.0,,,False,306.15639891684987
20892,2892,4.986970088793896e-05,1.0,,,False,306.26074375002645
20893,2893,4.984094630344771e-05,1.0,,,False,306.36369033297524
20894,2894,4.981601523468271e-05,1.0,,,False,306.474538249895
20895,2895,4.978669676347636e-05,1.0,,,False,306.5870957078878
20896,2896,4.976403943146579e-05,1.0,,,False,306.6741876669694
20897,2897,4.9734288040781394e-05,1.0,,,False,306.762055875035
20898,2898,4.970708323526196e-05,1.0,,,False,306.85081025003456
20899,2899,4.9680660595186055e-05,1.0,,,False,306.96768791694194
20900,2900,4.965423431713134e-05,1.0,1.0,0.006385186464372119,False,307.22282987483777
20901,2901,4.9625668907538056e-05,1.0,,,False,307.3486088749487
20902,2902,4.960276419296861e-05,1.0,,,False,307.47453674999997
20903,2903,4.957503188052215e-05,1.0,,,False,307.5955397498328
20904,2904,4.9552254495210946e-05,1.0,,,False,307.71683720801957
20905,2905,4.9525111535331234e-05,1.0,,,False,307.845256249886
20906,2906,4.949956201016903e-05,1.0,,,False,307.9658498750068
20907,2907,4.9473823310108855e-05,1.0,,,False,308.0910203750245
20908,2908,4.944795728079043e-05,1.0,,,False,308.21565749985166
20909,2909,4.942066516377963e-05,1.0,,,False,308.3457542078104
20910,2910,4.9394828238291666e-05,1.0,,,False,308.47486679186113
20911,2911,4.936769255436957e-05,1.0,,,False,308.6041091668885
20912,2912,4.9342390411766246e-05,1.0,,,False,308.72942679189146
20913,2913,4.931621515424922e-05,1.0,,,False,308.8561513328459
20914,2914,4.929212445858866e-05,1.0,,,False,308.98344745789655
20915,2915,4.926473775412887e-05,1.0,,,False,309.0992744998075
20916,2916,4.923965025227517e-05,1.0,,,False,309.2010674169287
20917,2917,4.921076470054686e-05,1.0,,,False,309.30103362491354
20918,2918,4.9188605771632865e-05,1.0,,,False,309.40239266701974
20919,2919,4.9161499191541225e-05,1.0,,,False,309.50161687494256
20920,2920,4.9137717724079266e-05,1.0,,,False,309.60124174994417
20921,2921,4.9107620725408196e-05,1.0,,,False,309.70171766681597
20922,2922,4.908250775770284e-05,1.0,,,False,309.7999614169821
20923,2923,4.905455716652796e-05,1.0,,,False,309.89836895791814
20924,2924,4.903049557469785e-05,1.0,,,False,309.99922595801763
20925,2925,4.9000522267306224e-05,1.0,,,False,310.10036649997346
20926,2926,4.897873441223055e-05,1.0,,,False,310.2035818749573
20927,2927,4.894966332358308e-05,1.0,,,False,310.3033970419783
20928,2928,4.892790821031667e-05,1.0,,,False,310.4033464170061
20929,2929,4.8900084948400036e-05,1.0,,,False,310.50395141681656
20930,2930,4.8872603656491265e-05,1.0,,,False,310.6041190000251
20931,2931,4.884751979261637e-05,1.0,,,False,310.7019687499851
20932,2932,4.882218490820378e-05,1.0,,,False,310.8008165829815
20933,2933,4.879694461124018e-05,1.0,,,False,310.900287957862
20934,2934,4.877117316937074e-05,1.0,,,False,311.00076537486166
20935,2935,4.874804653809406e-05,1.0,,,False,311.124465999892
20936,2936,4.872261706623249e-05,1.0,,,False,311.24640408298
20937,2937,4.86950775666628e-05,1.0,,,False,311.3671113748569
20938,2938,4.867316602030769e-05,1.0,,,False,311.4815485829022
20939,2939,4.864568472839892e-05,1.0,,,False,311.59954008297063
20940,2940,4.86217177240178e-05,1.0,,,False,311.68837729189545
20941,2941,4.8595167754683644e-05,1.0,,,False,311.77708312496543
20942,2942,4.8570647777523845e-05,1.0,,,False,311.86202916689217
20943,2943,4.8544628953095526e-05,1.0,,,False,311.9497321669478
20944,2944,4.851867561228573e-05,1.0,,,False,312.04023537482135
20945,2945,4.849191100220196e-05,1.0,,,False,312.1232736669481
20946,2946,4.846629599342123e-05,1.0,,,False,312.2099602499511
20947,2947,4.844295108341612e-05,1.0,,,False,312.2970358328894
20948,2948,4.8416961362818256e-05,1.0,,,False,312.3888456248678
20949,2949,4.839134635403752e-05,1.0,,,False,312.4779356669169
20950,2950,4.836725565837696e-05,1.0,,,False,312.56089354190044
20951,2951,4.83402400277555e-05,1.0,,,False,312.6464859168045
20952,2952,4.8316804168280214e-05,1.0,,,False,312.73476016684435
20953,2953,4.8291996790794656e-05,1.0,,,False,312.82105920789763
20954,2954,4.826692020287737e-05,1.0,,,False,312.9108245000243
20955,2955,4.824183270102367e-05,1.0,,,False,313.0035097079817
20956,2956,4.8219731979770586e-05,1.0,,,False,313.1066308328882
20957,2957,4.819576861336827e-05,1.0,,,False,313.23399783298373
20958,2958,4.8173886170843616e-05,1.0,,,False,313.32362079201266
20959,2959,4.814767817151733e-05,1.0,,,False,313.40993099985644
20960,2960,4.812393308384344e-05,1.0,,,False,313.49737979192287
20961,2961,4.80959533888381e-05,1.0,,,False,313.57972004194744
20962,2962,4.807217192137614e-05,1.0,,,False,313.6696917498484
20963,2963,4.8048023018054664e-05,1.0,,,False,313.7590881669894
20964,2964,4.802477269549854e-05,1.0,,,False,313.8458992498927
20965,2965,4.7998597437981516e-05,1.0,,,False,313.92794179194607
20966,2966,4.797335350303911e-05,1.0,,,False,314.01623820792884
20967,2967,4.794973210664466e-05,1.0,,,False,314.10376699990593
20968,2968,4.793022162630223e-05,1.0,,,False,314.1877899579704
20969,2969,4.790865204995498e-05,1.0,,,False,314.27247391687706
20970,2970,4.788720980286598e-05,1.0,,,False,314.35545774991624
20971,2971,4.786128192790784e-05,1.0,,,False,314.4407356248703
20972,2972,4.783918120665476e-05,1.0,,,False,314.5241969169583
20973,2973,4.781534516951069e-05,1.0,,,False,314.60848829196766
20974,2974,4.779134542332031e-05,1.0,,,False,314.69376941700466
20975,2975,4.776977584697306e-05,1.0,,,False,314.7845237078145
20976,2976,4.774777698912658e-05,1.0,,,False,314.873221707996
20977,2977,4.7723402531119063e-05,1.0,,,False,314.96137083298527
20978,2978,4.770040686707944e-05,1.0,,,False,315.0481127498206
20979,2979,4.76772511319723e-05,1.0,,,False,315.13254712498747
20980,2980,4.765571065945551e-05,1.0,,,False,315.2182285829913
20981,2981,4.763230390381068e-05,1.0,,,False,315.3070435419213
20982,2982,4.761214222526178e-05,1.0,,,False,315.39073566696607
20983,2983,4.759007424581796e-05,1.0,,,False,315.4786171668675
20984,2984,4.7569254093104973e-05,1.0,,,False,315.5695805000141
20985,2985,4.754734254674986e-05,1.0,,,False,315.66268941690214
20986,2986,4.7527297283522785e-05,1.0,,,False,315.75216733291745
20987,2987,4.75041706522461e-05,1.0,,,False,315.8369794168975
20988,2988,4.7483939852099866e-05,1.0,,,False,315.9259819998406
20989,2989,4.746421109302901e-05,1.0,,,False,316.0204197918065
20990,2990,4.74398402730003e-05,1.0,,,False,316.1140570419375
20991,2991,4.742026430903934e-05,1.0,,,False,316.20297495787963
20992,2992,4.739773066830821e-05,1.0,,,False,316.28960045799613
20993,2993,4.7378151066368446e-05,1.0,,,False,316.3887429579627
20994,2994,4.735667607747018e-05,1.0,,,False,316.4802394169383
20995,2995,4.733579407911748e-05,1.0,,,False,316.5985375419259
20996,2996,4.7315345000242814e-05,1.0,,,False,316.70305649982765
20997,2997,4.729514694190584e-05,1.0,,,False,316.802828457905
20998,2998,4.727581836050376e-05,1.0,,,False,316.9054059579503
20999,2999,4.725437247543596e-05,1.0,,,False,317.0075370420236
21000,3000,4.7233173972927034e-05,1.0,1.0,0.006410411123802609,False,317.2019867079798
21001,3001,4.7214158257702366e-05,1.0,,,False,317.3337814579718
21002,3002,4.719128628494218e-05,1.0,,,False,317.43388454196975
21003,3003,4.717292176792398e-05,1.0,,,False,317.5358443749137
21004,3004,4.7149576857918873e-05,1.0,,,False,317.63551812502556
21005,3005,4.7129848098848015e-05,1.0,,,False,317.7358879998792
21006,3006,4.710961729870178e-05,1.0,,,False,317.8354640828911
21007,3007,4.7089357394725084e-05,1.0,,,False,317.93282091687433
21008,3008,4.706903564510867e-05,1.0,,,False,318.02821495803073
21009,3009,4.7050580178620294e-05,1.0,,,False,318.13149195793085
21010,3010,4.703140803030692e-05,1.0,,,False,318.2299552918412
21011,3011,4.700936915469356e-05,1.0,,,False,318.32820637500845
21012,3012,4.699069540947676e-05,1.0,,,False,318.42840129183605
21013,3013,4.6967667003627867e-05,1.0,,,False,318.52785249985754
21014,3014,4.694864765042439e-05,1.0,,,False,318.6311331249308
21015,3015,4.6926797949709e-05,1.0,,,False,318.73560883291066
21016,3016,4.690949208452366e-05,1.0,,,False,318.8375514168292
21017,3017,4.688708213507198e-05,1.0,,,False,318.9406186249107
21018,3018,4.686762986239046e-05,1.0,,,False,319.04591566696763
21019,3019,4.684590385295451e-05,1.0,,,False,319.1462821669411
21020,3020,4.6827142796246335e-05,1.0,,,False,319.24687849986367
21021,3021,4.6806540922261775e-05,1.0,,,False,319.3418931248598
21022,3022,4.6785873564658687e-05,1.0,,,False,319.4429753329605
21023,3023,4.676722892327234e-05,1.0,,,False,319.54004983301274
21024,3024,4.6746685256948695e-05,1.0,,,False,319.639861082891
21025,3025,4.672963041230105e-05,1.0,,,False,319.74083262495697
21026,3026,4.6710021706530824e-05,1.0,,,False,319.8393165830057
21027,3027,4.6687142457813025e-05,1.0,,,False,319.9378127078526
21028,3028,4.666893437388353e-05,1.0,,,False,320.03778983303346
21029,3029,4.664670996135101e-05,1.0,,,False,320.1388149999548
21030,3030,4.662689025280997e-05,1.0,,,False,320.2404438329395
21031,3031,4.660600461647846e-05,1.0,,,False,320.3434891249053
21032,3032,4.658506077248603e-05,1.0,,,False,320.4411877079401
21033,3033,4.656583405449055e-05,1.0,,,False,320.5425730829593
21034,3034,4.6546090743504465e-05,1.0,,,False,320.6689752920065
21035,3035,4.652434290619567e-05,1.0,,,False,320.78406833298504
21036,3036,4.650321352528408e-05,1.0,,,False,320.90774854202755
21037,3037,4.64802396891173e-05,1.0,,,False,321.0280175828375
21038,3038,4.6458801080007106e-05,1.0,,,False,321.1204359999392
21039,3039,4.643639113055542e-05,1.0,,,False,321.2077692078892
21040,3040,4.641389023163356e-05,1.0,,,False,321.2940851249732
21041,3041,4.639481267076917e-05,1.0,,,False,321.3815805418417
21042,3042,4.6371653297683224e-05,1.0,,,False,321.4731067919638
21043,3043,4.635388177121058e-05,1.0,,,False,321.56248804181814
21044,3044,4.6331471821758896e-05,1.0,,,False,321.6534722498618
21045,3045,4.631186311598867e-05,1.0,,,False,321.74237749981694
21046,3046,4.6290730097098276e-05,1.0,,,False,321.8289905828424
21047,3047,4.626884765457362e-05,1.0,,,False,321.9222944579087
21048,3048,4.6247001591837034e-05,1.0,,,False,322.0127942499239
21049,3049,4.622552660293877e-05,1.0,,,False,322.10337066696957
21050,3050,4.620233812602237e-05,1.0,,,False,322.2073582080193
21051,3051,4.618179445969872e-05,1.0,,,False,322.33193008298986
21052,3052,4.615910438587889e-05,1.0,,,False,322.4554590829648
21053,3053,4.613737837644294e-05,1.0,,,False,322.5757653748151
21054,3054,4.611472104443237e-05,1.0,,,False,322.6991677498445
21055,3055,4.6094428398646414e-05,1.0,,,False,322.81493074982427
21056,3056,4.607252049027011e-05,1.0,,,False,322.9298671670258
21057,3057,4.6048957301536575e-05,1.0,,,False,323.051173124928
21058,3058,4.602658373187296e-05,1.0,,,False,323.1810174579732
21059,3059,4.600245665642433e-05,1.0,,,False,323.29815983283333
21060,3060,4.598001760314219e-05,1.0,,,False,323.4033305828925
21061,3061,4.5956829126225784e-05,1.0,,,False,323.50546733289957
21062,3062,4.5936951210023835e-05,1.0,,,False,323.6057553749997
21063,3063,4.591525066643953e-05,1.0,,,False,323.70519583299756
21064,3064,4.5894495997345075e-05,1.0,,,False,323.8055513750296
21065,3065,4.587348666973412e-05,1.0,,,False,323.9046850418672
21066,3066,4.5849425077904016e-05,1.0,,,False,324.00474758283235
21067,3067,4.58318718301598e-05,1.0,,,False,324.1028321669437
21068,3068,4.5808123104507104e-05,1.0,,,False,324.20062062493525
21069,3069,4.578537118504755e-05,1.0,,,False,324.30068441689946
21070,3070,4.576327410177328e-05,1.0,,,False,324.4017772919033
21071,3071,4.574139529722743e-05,1.0,,,False,324.501457874896
21072,3072,4.571805038722232e-05,1.0,,,False,324.60597725003026
21073,3073,4.569695011014119e-05,1.0,,,False,324.7147145830095
21074,3074,4.5674325519939885e-05,1.0,,,False,324.82599879195914
21075,3075,4.5651922846445814e-05,1.0,,,False,324.9391136248596
21076,3076,4.562950925901532e-05,1.0,,,False,325.03764979192056
21077,3077,4.560496017802507e-05,1.0,,,False,325.1365253748372
21078,3078,4.558366345008835e-05,1.0,,,False,325.2512409170158
21079,3079,4.556274870992638e-05,1.0,,,False,325.3531255419366
21080,3080,4.5541743020294234e-05,1.0,,,False,325.440043957904
21081,3081,4.551858364720829e-05,1.0,,,False,325.5239739578683
21082,3082,4.5498109102481976e-05,1.0,,,False,325.60584708303213
21083,3083,4.547576099867001e-05,1.0,,,False,325.6906991249416
21084,3084,4.5455592044163495e-05,1.0,,,False,325.77836179197766
21085,3085,4.543268369161524e-05,1.0,,,False,325.86404104181565
21086,3086,4.541123780654743e-05,1.0,,,False,325.94968058285303
21087,3087,4.538882785709575e-05,1.0,,,False,326.0407120829914
21088,3088,4.536651977105066e-05,1.0,,,False,326.13173408294097
21089,3089,4.534727486316115e-05,1.0,,,False,326.2241825419478
21090,3090,4.5322321966523305e-05,1.0,,,False,326.3128545419313
21091,3091,4.530184014583938e-05,1.0,,,False,326.395676957909
21092,3092,4.527983401203528e-05,1.0,,,False,326.48198304185644
21093,3093,4.525702024693601e-05,1.0,,,False,326.57215720787644
21094,3094,4.5238346501719207e-05,1.0,,,False,326.6577675419394
21095,3095,4.521441223914735e-05,1.0,,,False,326.75880754203536
21096,3096,4.519284630077891e-05,1.0,,,False,326.8552336669527
21097,3097,4.517176785157062e-05,1.0,,,False,326.95843433286063
21098,3098,4.5148834033170715e-05,1.0,,,False,327.06074604182504
21099,3099,4.513028761721216e-05,1.0,,,False,327.1615596669726
21100,3100,4.511030419962481e-05,1.0,1.0,0.006453627760590776,False,327.3567120828666
21101,3101,4.509159771259874e-05,1.0,,,False,327.4860120420344
21102,3102,4.507170888246037e-05,1.0,,,False,327.6025992918294
21103,3103,4.505241668084636e-05,1.0,,,False,327.7352278328035
21104,3104,4.5033211790723726e-05,1.0,,,False,327.8638229579665
21105,3105,4.501400690060109e-05,1.0,,,False,327.9922073748894
21106,3106,4.4993557821726426e-05,1.0,,,False,328.11894733295776
21107,3107,4.497289046412334e-05,1.0,,,False,328.2473542080261
21108,3108,4.49533763458021e-05,1.0,,,False,328.37164608296007
21109,3109,4.493561209528707e-05,1.0,,,False,328.485311166849
21110,3110,4.491640720516443e-05,1.0,,,False,328.6173919169232
21111,3111,4.48966420663055e-05,1.0,,,False,328.74871129193343
21112,3112,4.4877437176182866e-05,1.0,,,False,328.8724481249228
21113,3113,4.485720637603663e-05,1.0,,,False,328.9972783329431
21114,3114,4.48391838290263e-05,1.0,,,False,329.12956224987283
21115,3115,4.4820946641266346e-05,1.0,,,False,329.2514269580133
21116,3116,4.480134157347493e-05,1.0,,,False,329.37176016694866
21117,3117,4.478216578718275e-05,1.0,,,False,329.48567287484184
21118,3118,4.476368485484272e-05,1.0,,,False,329.6065725828521
21119,3119,4.474310844670981e-05,1.0,,,False,329.7309001670219
21120,3120,4.4723128667101264e-05,1.0,,,False,329.8485016669147
21121,3121,4.4704640458803624e-05,1.0,,,False,329.96402741689235
21122,3122,4.468571569304913e-05,1.0,,,False,330.0670697919559
21123,3123,4.4667413021670654e-05,1.0,,,False,330.16535237501375
21124,3124,4.4644722947850823e-05,1.0,,,False,330.26573299989104
21125,3125,4.462639117264189e-05,1.0,,,False,330.3825034168549
21126,3126,4.460348645807244e-05,1.0,,,False,330.5064042918384
21127,3127,4.4585714931599796e-05,1.0,,,False,330.62291616690345
21128,3128,4.4565138523466885e-05,1.0,,,False,330.74949470791034
21129,3129,4.454356894711964e-05,1.0,,,False,330.87868404202163
21130,3130,4.4522381358547136e-05,1.0,,,False,331.0047365829814
21131,3131,4.450388951227069e-05,1.0,,,False,331.1231839170214
21132,3132,4.4483756937552243e-05,1.0,,,False,331.23628570791334
21133,3133,4.446763705345802e-05,1.0,,,False,331.35690837493166
21134,3134,4.444537989911623e-05,1.0,,,False,331.47984545794316
21135,3135,4.442685894900933e-05,1.0,,,False,331.5969406669028
21136,3136,4.4404485379345715e-05,1.0,,,False,331.72116012498736
21137,3137,4.438222822500393e-05,1.0,,,False,331.84473395789973
21138,3138,4.436218296177685e-05,1.0,,,False,331.9714277498424
21139,3139,4.434236325323582e-05,1.0,,,False,332.0785344578326
21140,3140,4.432066634763032e-05,1.0,,,False,332.1829240829684
21141,3141,4.4300933950580657e-05,1.0,,,False,332.2858107499778
21142,3142,4.427734893397428e-05,1.0,,,False,332.39024524996057
21143,3143,4.42577111243736e-05,1.0,,,False,332.49357529194094
21144,3144,4.4238317059352994e-05,1.0,,,False,332.6042433748953
21145,3145,4.421603443915956e-05,1.0,,,False,332.74057666701265
21146,3146,4.419551987666637e-05,1.0,,,False,332.86581416684203
21147,3147,4.417569289216772e-05,1.0,,,False,332.9901119170245
21148,3148,4.4154341594548896e-05,1.0,,,False,333.1126074169297
21149,3149,4.413255737745203e-05,1.0,,,False,333.23554249992594
21150,3150,4.411117697600275e-05,1.0,,,False,333.35927595803514
21151,3151,4.408923632581718e-05,1.0,,,False,333.480880707968
21152,3152,4.4066517148166895e-05,1.0,,,False,333.59890116681345
21153,3153,4.4043514208169654e-05,1.0,,,False,333.70664495788515
21154,3154,4.4023221562383696e-05,1.0,,,False,333.79321479192004
21155,3155,4.400043690111488e-05,1.0,,,False,333.88057966693304
21156,3156,4.397846350912005e-05,1.0,,,False,333.965009749867
21157,3157,4.395555515657179e-05,1.0,,,False,334.07021499983966
21158,3158,4.393342533148825e-05,1.0,,,False,334.1895975829102
21159,3159,4.3911855755141005e-05,1.0,,,False,334.30260991700925
21160,3160,4.3888914660783485e-05,1.0,,,False,334.41530474997126
21161,3161,4.386812724987976e-05,1.0,,,False,334.545378832845
21162,3162,4.3846557673532516e-05,1.0,,,False,334.66953404201195
21163,3163,4.382470797281712e-05,1.0,,,False,334.77675795787945
21164,3164,4.3804604501929134e-05,1.0,,,False,334.86321224994026
21165,3165,4.3781259591924027e-05,1.0,,,False,334.95146658294834
21166,3166,4.3757481762440875e-05,1.0,,,False,335.03892966685817
21167,3167,4.3733016354963183e-05,1.0,,,False,335.1209141248837
21168,3168,4.371269096736796e-05,1.0,,,False,335.2049009168986
21169,3169,4.368714144220576e-05,1.0,,,False,335.2896041669883
21170,3170,4.3664487748174e-05,1.0,,,False,335.37589595792815
21171,3171,4.364213964436203e-05,1.0,,,False,335.4616245829966
21172,3172,4.361910396255553e-05,1.0,,,False,335.5450819998514
21173,3173,4.35957990703173e-05,1.0,,,False,335.6287316249218
21174,3174,4.3573512812145054e-05,1.0,,,False,335.7286670419853
21175,3175,4.35488618677482e-05,1.0,,,False,335.8293172919657
21176,3176,4.352427276899107e-05,1.0,,,False,335.92946149990894
21177,3177,4.350379094830714e-05,1.0,,,False,336.0313655419741
21178,3178,4.347996218712069e-05,1.0,,,False,336.1326642918866
21179,3179,4.345602428657003e-05,1.0,,,False,336.23518487485126
21180,3180,4.343075488577597e-05,1.0,,,False,336.33619983284734
21181,3181,4.340653686085716e-05,1.0,,,False,336.4370722498279
21182,3182,4.338269718573429e-05,1.0,,,False,336.5395117078442
21183,3183,4.3360720155760646e-05,1.0,,,False,336.64190062484704
21184,3184,4.333513788878918e-05,1.0,,,False,336.7415643329732
21185,3185,4.331182572059333e-05,1.0,,,False,336.84213579189964
21186,3186,4.32862107118126e-05,1.0,,,False,336.94394962489605
21187,3187,4.3262836697977036e-05,1.0,,,False,337.04513291688636
21188,3188,4.323750181356445e-05,1.0,,,False,337.14507991680875
21189,3189,4.321353480918333e-05,1.0,,,False,337.25430566701107
21190,3190,4.319003346608952e-05,1.0,,,False,337.358642041916
21191,3191,4.316843842389062e-05,1.0,,,False,337.46010770788416
21192,3192,4.314496982260607e-05,1.0,,,False,337.56199333281256
21193,3193,4.312150485930033e-05,1.0,,,False,337.66449145786464
21194,3194,4.3093026761198416e-05,1.0,,,False,337.76361662498675
21195,3195,4.3071489926660433e-05,1.0,,,False,337.8633695000317
21196,3196,4.304696631152183e-05,1.0,,,False,337.96237804181874
21197,3197,4.302069646655582e-05,1.0,,,False,338.0649206668604
21198,3198,4.2995394323952496e-05,1.0,,,False,338.1597867079545
21199,3199,4.297071063774638e-05,1.0,,,False,338.26300087501295
21200,3200,4.294500104151666e-05,1.0,1.0,0.006536607898356272,False,338.45318758301437
21201,3201,4.2920102714560926e-05,1.0,,,False,338.5555274579674
21202,3202,4.289445496397093e-05,1.0,,,False,338.66877470794134
21203,3203,4.28697130701039e-05,1.0,,,False,338.77150749997236
21204,3204,4.284378883312456e-05,1.0,,,False,338.87244024989195
21205,3205,4.2820880480576307e-05,1.0,,,False,338.97442012489773
21206,3206,4.2796102206921205e-05,1.0,,,False,339.0767186668236
21207,3207,4.277124025975354e-05,1.0,,,False,339.17725362489
21208,3208,4.27457744081039e-05,1.0,,,False,339.28038116684183
21209,3209,4.272261867299676e-05,1.0,,,False,339.3808452920057
21210,3210,4.2699681216618046e-05,1.0,,,False,339.4821923749987
21211,3211,4.2676216253312305e-05,1.0,,,False,339.5845747918356
21212,3212,4.2652813135646284e-05,1.0,,,False,339.689500791952
21213,3213,4.2631272663129494e-05,1.0,,,False,339.7930313749239
21214,3214,4.260450441506691e-05,1.0,,,False,339.89433024986647
21215,3215,4.2581035813782364e-05,1.0,,,False,339.9871763328556
21216,3216,4.2559342546155676e-05,1.0,,,False,340.07394270785153
21217,3217,4.2533200030447915e-05,1.0,,,False,340.15962191694416
21218,3218,4.250833808328025e-05,1.0,,,False,340.24182395800017
21219,3219,4.248652112437412e-05,1.0,,,False,340.3261610418558
21220,3220,4.246090611559339e-05,1.0,,,False,340.4151213329751
21221,3221,4.2436131479917094e-05,1.0,,,False,340.5009107498918
21222,3222,4.2412539187353104e-05,1.0,,,False,340.5877099169884
21223,3223,4.238876135786995e-05,1.0,,,False,340.673663625028
21224,3224,4.23622113885358e-05,1.0,,,False,340.7581292919349
21225,3225,4.233940489939414e-05,1.0,,,False,340.8447365418542
21226,3226,4.231587809044868e-05,1.0,,,False,340.9319162918255
21227,3227,4.22918819822371e-05,1.0,,,False,341.0219607499894
21228,3228,4.226887904223986e-05,1.0,,,False,341.1108967079781
21229,3229,4.224537769914605e-05,1.0,,,False,341.2120998329483
21230,3230,4.222023198963143e-05,1.0,,,False,341.3124897920061
21231,3231,4.2197447328362614e-05,1.0,,,False,341.40845304192044
21232,3232,4.2173604015260935e-05,1.0,,,False,341.5049979579635
21233,3233,4.215290755382739e-05,1.0,,,False,341.60130849992856
21234,3234,4.213040301692672e-05,1.0,,,False,341.72130812495016
21235,3235,4.210892802802846e-05,1.0,,,False,341.83257287484594
21236,3236,4.208583413856104e-05,1.0,,,False,341.934400832979
21237,3237,4.2063424189109355e-05,1.0,,,False,342.0340207919944
21238,3238,4.204070501145907e-05,1.0,,,False,342.1266266668681
21239,3239,4.2017265514004976e-05,1.0,,,False,342.24026599992067
21240,3240,4.1996601794380695e-05,1.0,,,False,342.3486841248814
21241,3241,4.1970055463025346e-05,1.0,,,False,342.477800416993
21242,3242,4.194997745798901e-05,1.0,,,False,342.6074119999539
21243,3243,4.192542110104114e-05,1.0,,,False,342.73498091683723
21244,3244,4.190509571344592e-05,1.0,,,False,342.8569337918889
21245,3245,4.1881943616317585e-05,1.0,,,False,342.97544079180807
21246,3246,4.1860279452521354e-05,1.0,,,False,343.1025071248878
21247,3247,4.183830606052652e-05,1.0,,,False,343.2205744169187
21248,3248,4.181515396339819e-05,1.0,,,False,343.343223082833
21249,3249,4.179532697889954e-05,1.0,,,False,343.46234929189086
21250,3250,4.1771327232709154e-05,1.0,,,False,343.57422641688026
21251,3251,4.175361755187623e-05,1.0,,,False,343.66394479200244
21252,3252,4.172980698058382e-05,1.0,,,False,343.7537514169235
21253,3253,4.170643660472706e-05,1.0,,,False,343.83854183298536
21254,3254,4.168523446423933e-05,1.0,,,False,343.925966499839
21255,3255,4.166404323768802e-05,1.0,,,False,344.01426112488844
21256,3256,4.163949051871896e-05,1.0,,,False,344.1042406668421
21257,3257,4.161767355981283e-05,1.0,,,False,344.1939999999013
21258,3258,4.159644231549464e-05,1.0,,,False,344.2822492499836
21259,3259,4.157702642260119e-05,1.0,,,False,344.3678262080066
21260,3260,4.155694477958605e-05,1.0,,,False,344.45778133301064
21261,3261,4.153759073233232e-05,1.0,,,False,344.54508650000207
21262,3262,4.151496978010982e-05,1.0,,,False,344.62973974994384
21263,3263,4.149616142967716e-05,1.0,,,False,344.7136667498853
21264,3264,4.147207800997421e-05,1.0,,,False,344.79843508289196
21265,3265,4.145280399825424e-05,1.0,,,False,344.88204262498766
21266,3266,4.143173646298237e-05,1.0,,,False,344.97249529184774
21267,3267,4.141088720643893e-05,1.0,,,False,345.05594079196453
21268,3268,4.139003431191668e-05,1.0,,,False,345.1397879170254
21269,3269,4.1370487451786175e-05,1.0,,,False,345.2521814578213
21270,3270,4.1347582737216726e-05,1.0,,,False,345.36258529196493
21271,3271,4.1327133658342063e-05,1.0,,,False,345.48504429194145
21272,3272,4.130864545004442e-05,1.0,,,False,345.60092654195614
21273,3273,4.128685759496875e-05,1.0,,,False,345.72151924995705
21274,3274,4.126740532228723e-05,1.0,,,False,345.83917950000614
21275,3275,4.1245399188483134e-05,1.0,,,False,345.96558516682126
21276,3276,4.122694008401595e-05,1.0,,,False,346.08925541699864
21277,3277,4.120606172364205e-05,1.0,,,False,346.2169180000201
21278,3278,4.118688593734987e-05,1.0,,,False,346.3384919168893
21279,3279,4.116609488846734e-05,1.0,,,False,346.4344133329578
21280,3280,4.11461187468376e-05,1.0,,,False,346.5225460829679
21281,3281,4.11268811149057e-05,1.0,,,False,346.60754487500526
21282,3282,4.1103881812887266e-05,1.0,,,False,346.69638962484896
21283,3283,4.108386565349065e-05,1.0,,,False,346.7813068330288
21284,3284,4.1064944525714964e-05,1.0,,,False,346.8681192919612
21285,3285,4.104290928808041e-05,1.0,,,False,346.95289420802146
21286,3286,4.10247957915999e-05,1.0,,,False,347.041639624862
21287,3287,4.100216756341979e-05,1.0,,,False,347.12943329196423
21288,3288,4.0982744394568726e-05,1.0,,,False,347.21267212484963
21289,3289,4.0962331695482135e-05,1.0,,,False,347.3020185418427
21290,3290,4.094247196917422e-05,1.0,,,False,347.4163275419269
21291,3291,4.092065501026809e-05,1.0,,,False,347.51888333284296
21292,3292,4.089964568265714e-05,1.0,,,False,347.6239216669928
21293,3293,4.087891647941433e-05,1.0,,,False,347.72550533292815
21294,3294,4.0857532439986244e-05,1.0,,,False,347.8251150830183
21295,3295,4.0837618143996224e-05,1.0,,,False,347.924873707816
21296,3296,4.081579754711129e-05,1.0,,,False,348.02553033293225
21297,3297,4.079690552316606e-05,1.0,,,False,348.12392908288166
21298,3298,4.0777387766866013e-05,1.0,,,False,348.22512654191814
21299,3299,4.075578908668831e-05,1.0,,,False,348.3217294998467
21300,3300,4.0734466892899945e-05,1.0,1.0,0.006587153317024402,False,348.5053017078899
21301,3301,4.071383227710612e-05,1.0,,,False,348.5926259169355
21302,3302,4.068965426995419e-05,1.0,,,False,348.6785534999799
21303,3303,4.0671384340384975e-05,1.0,,,False,348.7659442080185
21304,3304,4.064847598783672e-05,1.0,,,False,348.8498394580092
21305,3305,4.062805965077132e-05,1.0,,,False,348.9393320828676
21306,3306,4.060820356244221e-05,1.0,,,False,349.02466258290224
21307,3307,4.0588376577943563e-05,1.0,,,False,349.10522345802747
21308,3308,4.0565784729551524e-05,1.0,,,False,349.19303379184566
21309,3309,4.054529927088879e-05,1.0,,,False,349.28132320800796
21310,3310,4.052616350236349e-05,1.0,,,False,349.36914783297107
21311,3311,4.0504903154214844e-05,1.0,,,False,349.45393066690303
21312,3312,4.0482649637851864e-05,1.0,,,False,349.54011316690594
21313,3313,4.0460956370225176e-05,1.0,,,False,349.62322362489067
21314,3314,4.044212619191967e-05,1.0,,,False,349.7163104999345
21315,3315,4.0420403820462525e-05,1.0,,,False,349.80105687491596
21316,3316,4.0398896089755e-05,1.0,,,False,349.8857825000305
21317,3317,4.03802223445382e-05,1.0,,,False,349.9722944169771
21318,3318,4.035740494146012e-05,1.0,,,False,350.060153249884
21319,3319,4.0339546103496104e-05,1.0,,,False,350.1437585419044
21320,3320,4.031592106912285e-05,1.0,,,False,350.2278796248138
21321,3321,4.02959412895143e-05,1.0,,,False,350.31617637490854
21322,3322,4.02744954044465e-05,1.0,,,False,350.40226066694595
21323,3323,4.0254733903566375e-05,1.0,,,False,350.48592658294365
21324,3324,4.023400106234476e-05,1.0,,,False,350.60034670797177
21325,3325,4.021473796456121e-05,1.0,,,False,350.7169883749448
21326,3326,4.019547122879885e-05,1.0,,,False,350.82046533282846
21327,3327,4.0174963942263275e-05,1.0,,,False,350.92165170796216
21328,3328,4.015292142867111e-05,1.0,,,False,351.0309685829561
21329,3329,4.013518264400773e-05,1.0,,,False,351.1197493749205
21330,3330,4.011050259578042e-05,1.0,,,False,351.21246116701514
21331,3331,4.0092916606226936e-05,1.0,,,False,351.30460904189385
21332,3332,4.006908056908287e-05,1.0,,,False,351.3974575418979
21333,3333,4.005177834187634e-05,1.0,,,False,351.4873016248457
21334,3334,4.0031234675552696e-05,1.0,,,False,351.5789332499262
21335,3335,4.001196793979034e-05,1.0,,,False,351.6694029998034
21336,3336,3.9992857637116686e-05,1.0,,,False,351.75395695795305
21337,3337,3.997268868261017e-05,1.0,,,False,351.8438330828212
21338,3338,3.9953018131200224e-05,1.0,,,False,351.9301929168869
21339,3339,3.993272184743546e-05,1.0,,,False,352.0198309170082
21340,3340,3.991389530710876e-05,1.0,,,False,352.13611349998973
21341,3341,3.989338438259438e-05,1.0,,,False,352.2636722079478
21342,3342,3.987517629866488e-05,1.0,,,False,352.3706142499577
21343,3343,3.985618968727067e-05,1.0,,,False,352.4760856248904
21344,3344,3.983754868386313e-05,1.0,,,False,352.5791528748814
21345,3345,3.981759800808504e-05,1.0,,,False,352.67977804201655
21346,3346,3.9797618228476495e-05,1.0,,,False,352.7835957920179
21347,3347,3.977629967266694e-05,1.0,,,False,352.8837563749403
21348,3348,3.9757251215633005e-05,1.0,,,False,352.98718024999835
21349,3349,3.973636557930149e-05,1.0,,,False,353.08665804192424
21350,3350,3.971800106228329e-05,1.0,,,False,353.200796833029
21351,3351,3.969712270190939e-05,1.0,,,False,353.3281872498337
21352,3352,3.96773248212412e-05,1.0,,,False,353.4445086668711
21353,3353,3.965852738474496e-05,1.0,,,False,353.54772820789367
21354,3354,3.963988274335861e-05,1.0,,,False,353.6375524578616
21355,3355,3.962173650506884e-05,1.0,,,False,353.7277248329483
21356,3356,3.960436879424378e-05,1.0,,,False,353.81274104188196
21357,3357,3.9583173929713666e-05,1.0,,,False,353.8994166669436
21358,3358,3.956595901399851e-05,1.0,,,False,353.9879223748576
21359,3359,3.954551357310265e-05,1.0,,,False,354.07609124993905
21360,3360,3.9528487832285464e-05,1.0,,,False,354.16479104198515
21361,3361,3.950906830141321e-05,1.0,,,False,354.2539477078244
21362,3362,3.949036181438714e-05,1.0,,,False,354.3397472498473
21363,3363,3.9472120988648385e-05,1.0,,,False,354.4289467500057
21364,3364,3.9452392229577526e-05,1.0,,,False,354.5155166250188
21365,3365,3.943303454434499e-05,1.0,,,False,354.6023095420096
21366,3366,3.94136986869853e-05,1.0,,,False,354.7197089579422
21367,3367,3.9398517401423305e-05,1.0,,,False,354.8084867920261
21368,3368,3.937626024708152e-05,1.0,,,False,354.89800883294083
21369,3369,3.9360264054266736e-05,1.0,,,False,354.9851937079802
21370,3370,3.933664265787229e-05,1.0,,,False,355.076303208014
21371,3371,3.932017716579139e-05,1.0,,,False,355.161662499886
21372,3372,3.92992005799897e-05,1.0,,,False,355.2469102498144
21373,3373,3.928357546101324e-05,1.0,,,False,355.33368583302945
21374,3374,3.92625734093599e-05,1.0,,,False,355.4190573748201
21375,3375,3.924482734873891e-05,1.0,,,False,355.5104942920152
21376,3376,3.922372707165778e-05,1.0,,,False,355.60252199997194
21377,3377,3.9205642679007724e-05,1.0,,,False,355.69528733287007
21378,3378,3.918563015758991e-05,1.0,,,False,355.78557337494567
21379,3379,3.9167363865999505e-05,1.0,,,False,355.8755625828635
21380,3380,3.914585613529198e-05,1.0,,,False,355.9610152919777
21381,3381,3.912746251444332e-05,1.0,,,False,356.04959849989973
21382,3382,3.91094436054118e-05,1.0,,,False,356.1595731249545
21383,3383,3.9090609789127484e-05,1.0,,,False,356.2842411668971
21384,3384,3.907134669134393e-05,1.0,,,False,356.4140623328276
21385,3385,3.9050053601386026e-05,1.0,,,False,356.53448362485506
21386,3386,3.90327513741795e-05,1.0,,,False,356.6514821248129
21387,3387,3.901239688275382e-05,1.0,,,False,356.77792820800096
21388,3388,3.8994963688310236e-05,1.0,,,False,356.8988660830073
21389,3389,3.897423448506743e-05,1.0,,,False,357.01820950000547
21390,3390,3.895680492860265e-05,1.0,,,False,357.13796141697094
21391,3391,3.893766916007735e-05,1.0,,,False,357.2566895419732
21392,3392,3.891836968250573e-05,1.0,,,False,357.3559111249633
21393,3393,3.889960498781875e-05,1.0,,,False,357.4561320419889
21394,3394,3.888071296387352e-05,1.0,,,False,357.55785049987026
21395,3395,3.885942351189442e-05,1.0,,,False,357.65792654198594
21396,3396,3.8842055801069364e-05,1.0,,,False,357.75824141688645
21397,3397,3.8823476643301547e-05,1.0,,,False,357.85833470802754
21398,3398,3.88048320019152e-05,1.0,,,False,357.9594884580001
21399,3399,3.8785914512118325e-05,1.0,,,False,358.07481766701676
21400,3400,3.8765338103985414e-05,1.0,1.0,0.006648230093139227,False,358.3216908329632
21401,3401,3.874853064189665e-05,1.0,,,False,358.436295832973
21402,3402,3.872755405609496e-05,1.0,,,False,358.55059612495825
21403,3403,3.870881482725963e-05,1.0,,,False,358.6737650828436
21404,3404,3.8687841879436746e-05,1.0,,,False,358.7784626670182
21405,3405,3.866869519697502e-05,1.0,,,False,358.8656329999212
21406,3406,3.864778409479186e-05,1.0,,,False,358.95383666688576
21407,3407,3.86295432690531e-05,1.0,,,False,359.0441643749364
21408,3408,3.8610312913078815e-05,1.0,,,False,359.1327092079446
21409,3409,3.858889976982027e-05,1.0,,,False,359.2448146669194
21410,3410,3.857006595353596e-05,1.0,,,False,359.3667554168496
21411,3411,3.855052273138426e-05,1.0,,,False,359.48889933293685
21412,3412,3.853256203001365e-05,1.0,,,False,359.6149242918473
21413,3413,3.851279689115472e-05,1.0,,,False,359.7359144578222
21414,3414,3.849468339467421e-05,1.0,,,False,359.8508839998394
21415,3415,3.847529296763241e-05,1.0,,,False,359.97157437494025
21416,3416,3.84563063562382e-05,1.0,,,False,360.092137707863
21417,3417,3.8438658521045e-05,1.0,,,False,360.19956079195254
21418,3418,3.84195773222018e-05,1.0,,,False,360.30567174986936
21419,3419,3.8402464269893244e-05,1.0,,,False,360.42120112502016
21420,3420,3.837971235043369e-05,1.0,,,False,360.54591991682537
21421,3421,3.836421456071548e-05,1.0,,,False,360.67242437484674
21422,3422,3.834211020148359e-05,1.0,,,False,360.78474262496457
21423,3423,3.832337824860588e-05,1.0,,,False,360.8704922499601
21424,3424,3.8304791814880446e-05,1.0,,,False,360.95255074999295
21425,3425,3.8284717447822914e-05,1.0,,,False,361.0381139579695
21426,3426,3.826673128060065e-05,1.0,,,False,361.1180411670357
21427,3427,3.8248803321039304e-05,1.0,,,False,361.20670291688293
21428,3428,3.822832150035538e-05,1.0,,,False,361.29624729184434
21429,3429,3.8210175262065604e-05,1.0,,,False,361.38144766702317
21430,3430,3.819041376118548e-05,1.0,,,False,361.4674988328479
21431,3431,3.8171645428519696e-05,1.0,,,False,361.56672004191205
21432,3432,3.8150981708895415e-05,1.0,,,False,361.66405916702934
21433,3433,3.813056173385121e-05,1.0,,,False,361.76467233290896
21434,3434,3.8111829780973494e-05,1.0,,,False,361.86540212482214
21435,3435,3.809215559158474e-05,1.0,,,False,361.96640845783986
21436,3436,3.807348184636794e-05,1.0,,,False,362.0689572079573
21437,3437,3.8053625758038834e-05,1.0,,,False,362.17165783280507
21438,3438,3.8033424061723053e-05,1.0,,,False,362.2722573329229
21439,3439,3.8014070014469326e-05,1.0,,,False,362.37316641700454
21440,3440,3.799402475124225e-05,1.0,,,False,362.475878624944
21441,3441,3.797298268182203e-05,1.0,,,False,362.57520587486215
21442,3442,3.795474549406208e-05,1.0,,,False,362.67681837501004
21443,3443,3.793575888266787e-05,1.0,,,False,362.7777376668528
21444,3444,3.791462950175628e-05,1.0,,,False,362.87958745798096
21445,3445,3.789561378653161e-05,1.0,,,False,362.9806741250213
21446,3446,3.7874946428928524e-05,1.0,,,False,363.0830554580316
21447,3447,3.785515218623914e-05,1.0,,,False,363.1831401248928
21448,3448,3.783473221119493e-05,1.0,,,False,363.283175624907
21449,3449,3.78153745259624e-05,1.0,,,False,363.3799597918987
21450,3450,3.779427061090246e-05,1.0,,,False,363.4679531669244
21451,3451,3.777481833822094e-05,1.0,,,False,363.55303191696294
21452,3452,3.775667573790997e-05,1.0,,,False,363.63959012483247
21453,3453,3.773622665903531e-05,1.0,,,False,363.7251184168272
21454,3454,3.771736373892054e-05,1.0,,,False,363.8130107498728
21455,3455,3.769536124309525e-05,1.0,,,False,363.8988065000158
21456,3456,3.7674351915484294e-05,1.0,,,False,363.98436954198405
21457,3457,3.7655398045899346e-05,1.0,,,False,364.0673801249359
21458,3458,3.76329553546384e-05,1.0,,,False,364.15742312488146
21459,3459,3.761817060876638e-05,1.0,,,False,364.2417048749048
21460,3460,3.7598219932988286e-05,1.0,,,False,364.3630932078231
21461,3461,3.757976446649991e-05,1.0,,,False,364.48278483282775
21462,3462,3.755919897230342e-05,1.0,,,False,364.5831093748566
21463,3463,3.7539153709076345e-05,1.0,,,False,364.6861376669258
21464,3464,3.752324846573174e-05,1.0,,,False,364.7956885828171
21465,3465,3.7501427868846804e-05,1.0,,,False,364.90485595795326
21466,3466,3.748250674107112e-05,1.0,,,False,365.0099307920318
21467,3467,3.746364382095635e-05,1.0,,,False,365.1275971669238
21468,3468,3.744331843336113e-05,1.0,,,False,365.24719695793465
21469,3469,3.7423305911943316e-05,1.0,,,False,365.3350620828569
21470,3470,3.7403944588731974e-05,1.0,,,False,365.42090604198165
21471,3471,3.73847724404186e-05,1.0,,,False,365.50829608296044
21472,3472,3.7364541640272364e-05,1.0,,,False,365.5901107499376
21473,3473,3.7343688745750114e-05,1.0,,,False,365.6778715830296
21474,3474,3.7325200537452474e-05,1.0,,,False,365.7641983749345
21475,3475,3.7302444980014116e-05,1.0,,,False,365.8710768749006
21476,3476,3.728446245077066e-05,1.0,,,False,365.9617037498392
21477,3477,3.7265417631715536e-05,1.0,,,False,366.0874732078519
21478,3478,3.724739872268401e-05,1.0,,,False,366.2004392920062
21479,3479,3.7228193832561374e-05,1.0,,,False,366.3271119168494
21480,3480,3.721126267919317e-05,1.0,,,False,366.4507542918436
21481,3481,3.718907100846991e-05,1.0,,,False,366.57732216687873
21482,3482,3.716917854035273e-05,1.0,,,False,366.697305041831
21483,3483,3.7149198760744184e-05,1.0,,,False,366.81323149986565
21484,3484,3.712871694006026e-05,1.0,,,False,366.9327947499696
21485,3485,3.711035242304206e-05,1.0,,,False,367.0585908750072
21486,3486,3.709025259013288e-05,1.0,,,False,367.174264999805
21487,3487,3.7068188248667866e-05,1.0,,,False,367.28962033288553
21488,3488,3.70496345567517e-05,1.0,,,False,367.37977749994025
21489,3489,3.702871981658973e-05,1.0,,,False,367.51135641685687
21490,3490,3.700843080878258e-05,1.0,,,False,367.64276179182343
21491,3491,3.698944055940956e-05,1.0,,,False,367.73772616684437
21492,3492,3.697021020343527e-05,1.0,,,False,367.8231329580303
21493,3493,3.6949542845832184e-05,1.0,,,False,367.9090533328708
21494,3494,3.6928937333868816e-05,1.0,,,False,367.9982609169092
21495,3495,3.690914309117943e-05,1.0,,,False,368.0820455418434
21496,3496,3.689015647978522e-05,1.0,,,False,368.16823941702023
21497,3497,3.68736291420646e-05,1.0,,,False,368.24894466693513
21498,3498,3.685125193442218e-05,1.0,,,False,368.3524730829522
21499,3499,3.6832796467933804e-05,1.0,,,False,368.4732581668068
21500,3500,3.681387170217931e-05,1.0,1.0,0.006751624613434777,False,368.7318883750122
21501,3501,3.67938591807615e-05,1.0,,,False,368.8543580418918
21502,3502,3.677428321680054e-05,1.0,,,False,368.97049262491055
21503,3503,3.6752186133526266e-05,1.0,,,False,369.08574975002557
21504,3504,3.67334796465002e-05,1.0,,,False,369.1713074168656
21505,3505,3.670997830340639e-05,1.0,,,False,369.2608333330136
21506,3506,3.669274155981839e-05,1.0,,,False,369.35569054191
21507,3507,3.667014243546873e-05,1.0,,,False,369.44045308302157
21508,3508,3.665498661575839e-05,1.0,,,False,369.5247345829848
21509,3509,3.663279130705632e-05,1.0,,,False,369.6257664998993
21510,3510,3.6613713746191934e-05,1.0,,,False,369.7266203328036
21511,3511,3.659335561678745e-05,1.0,,,False,369.8283170829527
21512,3512,3.6574245314113796e-05,1.0,,,False,369.92962795798667
21513,3513,3.6553457903210074e-05,1.0,,,False,370.0326000829227
21514,3514,3.653360181488097e-05,1.0,,,False,370.135690207826
21515,3515,3.651249789982103e-05,1.0,,,False,370.236406999873
21516,3516,3.649301652330905e-05,1.0,,,False,370.336887500016
21517,3517,3.64747793355491e-05,1.0,,,False,370.4371502918657
21518,3518,3.64572842954658e-05,1.0,,,False,370.53769358294085
21519,3519,3.643552918219939e-05,1.0,,,False,370.6368859168142
21520,3520,3.641716466518119e-05,1.0,,,False,370.73726029181853
21521,3521,3.6395656934473664e-05,1.0,,,False,370.83628124999814
21522,3522,3.637586269178428e-05,1.0,,,False,370.9366317919921
21523,3523,3.635460598161444e-05,1.0,,,False,371.04857554193586
21524,3524,3.633670712588355e-05,1.0,,,False,371.1744354998227
21525,3525,3.631551226135343e-05,1.0,,,False,371.30030208290555
21526,3526,3.629612911026925e-05,1.0,,,False,371.42045716685243
21527,3527,3.627722981036641e-05,1.0,,,False,371.5258232499473
21528,3528,3.6258963518776e-05,1.0,,,False,371.61138420784846
21529,3529,3.6239729524822906e-05,1.0,,,False,371.7187762078829
21530,3530,3.622173971962184e-05,1.0,,,False,371.8273914579768
21531,3531,3.6201265174895525e-05,1.0,,,False,371.92548370780423
21532,3532,3.618134360294789e-05,1.0,,,False,372.02601395803504
21533,3533,3.6161021853331476e-05,1.0,,,False,372.1243821249809
21534,3534,3.614060187828727e-05,1.0,,,False,372.2216328328941
21535,3535,3.612062209867872e-05,1.0,,,False,372.3179216249846
21536,3536,3.61013226211071e-05,1.0,,,False,372.41244745790027
21537,3537,3.608021870604716e-05,1.0,,,False,372.51584349991754
21538,3538,3.605905658332631e-05,1.0,,,False,372.61475208285265
21539,3539,3.60393532901071e-05,1.0,,,False,372.7137447500136
21540,3540,3.6018969694850966e-05,1.0,,,False,372.8150097078178
21541,3541,3.599988485802896e-05,1.0,,,False,372.9115117499605
21542,3542,3.598124749260023e-05,1.0,,,False,373.00867670797743
21543,3543,3.596170063246973e-05,1.0,,,False,373.1343385418877
21544,3544,3.5944580304203555e-05,1.0,,,False,373.2684374998789
21545,3545,3.5924163967138156e-05,1.0,,,False,373.39970104186796
21546,3546,3.590648339013569e-05,1.0,,,False,373.52256004186347
21547,3547,3.58856595994439e-05,1.0,,,False,373.6340135829523
21548,3548,3.586795355658978e-05,1.0,,,False,373.72075770795345
21549,3549,3.584822115954012e-05,1.0,,,False,373.80650916695595
21550,3550,3.5830136766890064e-05,1.0,,,False,373.8936349998694
21551,3551,3.5810997360385954e-05,1.0,,,False,373.9829932919238
21552,3552,3.579051553970203e-05,1.0,,,False,374.0680241668597
21553,3553,3.5772805858869106e-05,1.0,,,False,374.15718008298427
21554,3554,3.5754066630033776e-05,1.0,,,False,374.2462967080064
21555,3555,3.57348944817204e-05,1.0,,,False,374.36980174994096
21556,3556,3.5713790566660464e-05,1.0,,,False,374.4890411249362
21557,3557,3.5697139537660405e-05,1.0,,,False,374.5984035418369
21558,3558,3.567486783140339e-05,1.0,,,False,374.69943045801483
21559,3559,3.565848965081386e-05,1.0,,,False,374.79887637495995
21560,3560,3.563745485735126e-05,1.0,,,False,374.90061162482016
21561,3561,3.561833727871999e-05,1.0,,,False,375.00097162486054
21562,3562,3.559979086276144e-05,1.0,,,False,375.1016958330292
21563,3563,3.5579592804424465e-05,1.0,,,False,375.2042377500329
21564,3564,3.5560267861001194e-05,1.0,,,False,375.3040481249336
21565,3565,3.553984424797818e-05,1.0,,,False,375.40706833289005
21566,3566,3.5521552490536124e-05,1.0,,,False,375.51041266694665
21567,3567,3.5500448575476184e-05,1.0,,,False,375.6114099579863
21568,3568,3.548249151208438e-05,1.0,,,False,375.7153920829296
21569,3569,3.546275547705591e-05,1.0,,,False,375.8187891249545
21570,3570,3.544315040926449e-05,1.0,,,False,375.92228066688403
21571,3571,3.542394551914185e-05,1.0,,,False,376.0328374169767
21572,3572,3.540271791280247e-05,1.0,,,False,376.1327014998533
21573,3573,3.538373493938707e-05,1.0,,,False,376.2615685418714
21574,3574,3.536524309311062e-05,1.0,,,False,376.3831370419357
21575,3575,3.5345074138604105e-05,1.0,,,False,376.5069585829042
21576,3576,3.532612026901916e-05,1.0,,,False,376.6260412079282
21577,3577,3.5306420613778755e-05,1.0,,,False,376.749582124874
21578,3578,3.528737215674482e-05,1.0,,,False,376.8658272919711
21579,3579,3.5268916690256447e-05,1.0,,,False,376.96696479199454
21580,3580,3.524563362589106e-05,1.0,,,False,377.06179491686635
21581,3581,3.5228174965595827e-05,1.0,,,False,377.15102637489326
21582,3582,3.5206234315410256e-05,1.0,,,False,377.2341723330319
21583,3583,3.518824451020919e-05,1.0,,,False,377.32394579192623
21584,3584,3.5167544410796836e-05,1.0,,,False,377.4233099168632
21585,3585,3.514862328302115e-05,1.0,,,False,377.5376673748251
21586,3586,3.512972762109712e-05,1.0,,,False,377.6632509578485
21587,3587,3.5110679164063185e-05,1.0,,,False,377.7797305418644
21588,3588,3.509004454826936e-05,1.0,,,False,377.90416545793414
21589,3589,3.5070373996859416e-05,1.0,,,False,378.0180480419658
21590,3590,3.5052413295488805e-05,1.0,,,False,378.138021041872
21591,3591,3.503317930153571e-05,1.0,,,False,378.2554559169803
21592,3592,3.501351238810457e-05,1.0,,,False,378.37366787483916
21593,3593,3.499580270727165e-05,1.0,,,False,378.49119249987416
21594,3594,3.497497891657986e-05,1.0,,,False,378.6034909579903
21595,3595,3.495748751447536e-05,1.0,,,False,378.7249869578518
21596,3596,3.4937042073579505e-05,1.0,,,False,378.8410181249492
21597,3597,3.4917404263978824e-05,1.0,,,False,378.9332687079441
21598,3598,3.489813389023766e-05,1.0,,,False,379.018214416923
21599,3599,3.4879274608101696e-05,1.0,,,False,379.10167366685346
21600,3600,3.4858861909015104e-05,1.0,1.0,0.006857861455786082,False,379.28534795786254
21601,3601,3.4839496947824955e-05,1.0,,,False,379.3751533748582
21602,3602,3.4819520806195214e-05,1.0,,,False,379.4622329578269
21603,3603,3.479816950857639e-05,1.0,,,False,379.5525219999254
21604,3604,3.4778651752276346e-05,1.0,,,False,379.6557085418608
21605,3605,3.4758952097035944e-05,1.0,,,False,379.7537139579654
21606,3606,3.4739063266897574e-05,1.0,,,False,379.8405516669154
21607,3607,3.471889067441225e-05,1.0,,,False,379.9268122918438
21608,3608,3.469713556114584e-05,1.0,,,False,380.01532304193825
21609,3609,3.468036447884515e-05,1.0,,,False,380.11968249990605
21610,3610,3.465960253379308e-05,1.0,,,False,380.2229939168319
21611,3611,3.4643329854588956e-05,1.0,,,False,380.3263840000145
21612,3612,3.462110544205643e-05,1.0,,,False,380.42652074992657
21613,3613,3.4602802770677954e-05,1.0,,,False,380.5257664998062
21614,3614,3.4582448279252276e-05,1.0,,,False,380.6268598330207
21615,3615,3.456256308709271e-05,1.0,,,False,380.7263207079377
21616,3616,3.454155375948176e-05,1.0,,,False,380.823467124952
21617,3617,3.4519642213126644e-05,1.0,,,False,380.9254815420136
21618,3618,3.450053191045299e-05,1.0,,,False,381.0265323750209
21619,3619,3.447684503044002e-05,1.0,,,False,381.1262347919401
21620,3620,3.445941547397524e-05,1.0,,,False,381.22704324987717
21621,3621,3.443927562329918e-05,1.0,,,False,381.32808820786886
21622,3622,3.441926310188137e-05,1.0,,,False,381.43198729190044
21623,3623,3.4398781281197444e-05,1.0,,,False,381.5280729578808
21624,3624,3.437904888414778e-05,1.0,,,False,381.62966945790686
21625,3625,3.435847975197248e-05,1.0,,,False,381.72791116684675
21626,3626,3.433743768255226e-05,1.0,,,False,381.8311884999275
21627,3627,3.431745426496491e-05,1.0,,,False,381.93209975003265
21628,3628,3.429513890296221e-05,1.0,,,False,382.03188645793125
21629,3629,3.427571937208995e-05,1.0,,,False,382.13424508296885
21630,3630,3.425750765018165e-05,1.0,,,False,382.23713020794094
21631,3631,3.423164889682084e-05,1.0,,,False,382.336854291847
21632,3632,3.4213033359264955e-05,1.0,,,False,382.43627016688697
21633,3633,3.419019412831403e-05,1.0,,,False,382.5352890000213
21634,3634,3.4170177968917415e-05,1.0,,,False,382.63938133302145
21635,3635,3.414860839257017e-05,1.0,,,False,382.74044229183346
21636,3636,3.412539081182331e-05,1.0,,,False,382.8402304579504
21637,3637,3.410574936424382e-05,1.0,,,False,382.9400587498676
21638,3638,3.408243719604798e-05,1.0,,,False,383.0598324169405
21639,3639,3.4061773476423696e-05,1.0,,,False,383.17911520786583
21640,3640,3.404132439754903e-05,1.0,,,False,383.26566870789975
21641,3641,3.401813592063263e-05,1.0,,,False,383.3533835830167
21642,3642,3.3994325349340215e-05,1.0,,,False,383.43947737501003
21643,3643,3.397337786736898e-05,1.0,,,False,383.5249490828719
21644,3644,3.39503530994989e-05,1.0,,,False,383.6135838748887
21645,3645,3.3927164622582495e-05,1.0,,,False,383.6985922078602
21646,3646,3.390345227671787e-05,1.0,,,False,383.78483208292164
21647,3647,3.388070035725832e-05,1.0,,,False,383.8718558328692
21648,3648,3.3858475944725797e-05,1.0,,,False,383.95979666686617
21649,3649,3.383600414963439e-05,1.0,,,False,384.0486732078716
21650,3650,3.381201167940162e-05,1.0,,,False,384.13380470802076
21651,3651,3.378863766556606e-05,1.0,,,False,384.23124441690743
21652,3652,3.3766598789952695e-05,1.0,,,False,384.3181154578924
21653,3653,3.3741420338628814e-05,1.0,,,False,384.40425366698764
21654,3654,3.371931961737573e-05,1.0,,,False,384.49068608297966
21655,3655,3.369379919604398e-05,1.0,,,False,384.5772019168362
21656,3656,3.366709279362112e-05,1.0,,,False,384.66133999987505
21657,3657,3.364390795468353e-05,1.0,,,False,384.747589541832
21658,3658,3.361872586538084e-05,1.0,,,False,384.8337739999406
21659,3659,3.35929544235114e-05,1.0,,,False,384.9186392079573
21660,3660,3.356681190780364e-05,1.0,,,False,385.0075612079818
21661,3661,3.353892680024728e-05,1.0,,,False,385.10540749994107
21662,3662,3.3514119422761723e-05,1.0,,,False,385.2324293330312
21663,3663,3.348701284267008e-05,1.0,,,False,385.3497182079591
21664,3664,3.346077573951334e-05,1.0,,,False,385.468467624858
21665,3665,3.343562639201991e-05,1.0,,,False,385.5865028749686
21666,3666,3.3409916795790195e-05,1.0,,,False,385.67330495780334
21667,3667,3.3383523259544745e-05,1.0,,,False,385.7611030829139
21668,3668,3.335812289151363e-05,1.0,,,False,385.8448809168767
21669,3669,3.332793858135119e-05,1.0,,,False,385.92927070800215
21670,3670,3.330182153149508e-05,1.0,,,False,386.03931366698816
21671,3671,3.327418744447641e-05,1.0,,,False,386.16239908291027
21672,3672,3.3247761166421697e-05,1.0,,,False,386.2857169578783
21673,3673,3.321915937704034e-05,1.0,,,False,386.3875302078668
21674,3674,3.3192922273883596e-05,1.0,,,False,386.4682312919758
21675,3675,3.316375659778714e-05,1.0,,,False,386.55278679193
21676,3676,3.313580964459106e-05,1.0,,,False,386.63474179198965
21677,3677,3.3104621252277866e-05,1.0,,,False,386.7253834998701
21678,3678,3.307455335743725e-05,1.0,,,False,386.81384866684675
21679,3679,3.3045518648577854e-05,1.0,,,False,386.90094412490726
21680,3680,3.3015519875334576e-05,1.0,,,False,386.9863666668534
21681,3681,3.2985575671773404e-05,1.0,,,False,387.070186750032
21682,3682,3.2953612389974296e-05,1.0,,,False,387.16105970786884
21683,3683,3.2922827813308686e-05,1.0,,,False,387.2492653748486
21684,3684,3.289257438154891e-05,1.0,,,False,387.3361972919665
21685,3685,3.286176433903165e-05,1.0,,,False,387.4233454579953
21686,3686,3.283017213107087e-05,1.0,,,False,387.51106208283454
21687,3687,3.2798237953102216e-05,1.0,,,False,387.5997051249724
21688,3688,3.276487404946238e-05,1.0,,,False,387.6873104579281
21689,3689,3.273004767834209e-05,1.0,,,False,387.773991541937
21690,3690,3.269683656981215e-05,1.0,,,False,387.86497687501833
21691,3691,3.2662228477420285e-05,1.0,,,False,387.948610041989
21692,3692,3.2629330235067755e-05,1.0,,,False,388.0346314169001
21693,3693,3.2594129152130336e-05,1.0,,,False,388.1188746248372
21694,3694,3.256029958720319e-05,1.0,,,False,388.20308070792817
21695,3695,3.2524443668080494e-05,1.0,,,False,388.2901132500265
21696,3696,3.248890061513521e-05,1.0,,,False,388.3766599998344
21697,3697,3.245516199967824e-05,1.0,,,False,388.46042374987155
21698,3698,3.242064485675655e-05,1.0,,,False,388.5441122078337
21699,3699,3.238528734073043e-05,1.0,,,False,388.62926091696136
21700,3700,3.23500316881109e-05,1.0,1.0,0.006906616103161636,False,388.80911049991846
21701,3701,3.2315630960511044e-05,1.0,,,False,388.89582474995404
21702,3702,3.228121204301715e-05,1.0,,,False,388.9826760829892
21703,3703,3.2247193303192034e-05,1.0,,,False,389.0700848749839
21704,3704,3.221053339075297e-05,1.0,,,False,389.15697695780545
21705,3705,3.217280755052343e-05,1.0,,,False,389.2414252918679
21706,3706,3.2138726965058595e-05,1.0,,,False,389.3253486668691
21707,3707,3.210361683159135e-05,1.0,,,False,389.4125270419754
21708,3708,3.2070376619230956e-05,1.0,,,False,389.50126845785417
21709,3709,3.203337109880522e-05,1.0,,,False,389.58721558284014
21710,3710,3.199767161277123e-05,1.0,,,False,389.6762395829428
21711,3711,3.196277975803241e-05,1.0,,,False,389.75755337486044
21712,3712,3.1927986128721386e-05,1.0,,,False,389.84589041699655
21713,3713,3.1890635000308976e-05,1.0,,,False,389.9291554170195
21714,3714,3.185534296790138e-05,1.0,,,False,390.01809287490323
21715,3715,3.182017462677322e-05,1.0,,,False,390.1043548330199
21716,3716,3.178456972818822e-05,1.0,,,False,390.1911077918485
21717,3717,3.1748684705235064e-05,1.0,,,False,390.27380820782855
21718,3718,3.171332718920894e-05,1.0,,,False,390.3713436250109
21719,3719,3.1675106583861634e-05,1.0,,,False,390.47089770785533
21720,3720,3.163890869473107e-05,1.0,,,False,390.5689608748071
21721,3721,3.16039877361618e-05,1.0,,,False,390.6694704168476
21722,3722,3.156828825012781e-05,1.0,,,False,390.76898316689767
21723,3723,3.15352990583051e-05,1.0,,,False,390.8686351249926
21724,3724,3.1498166208621114e-05,1.0,,,False,390.96661495789886
21725,3725,3.146346352878027e-05,1.0,,,False,391.0694670828525
21726,3726,3.1430128728970885e-05,1.0,,,False,391.17063720780425
21727,3727,3.139580076094717e-05,1.0,,,False,391.27085483283736
21728,3728,3.136122177238576e-05,1.0,,,False,391.3782414169982
21729,3729,3.132474375888705e-05,1.0,,,False,391.47706720791757
21730,3730,3.1291692721424624e-05,1.0,,,False,391.5784442080185
21731,3731,3.1257390219252557e-05,1.0,,,False,391.6650189999491
21732,3732,3.1224804843077436e-05,1.0,,,False,391.77603666693904
21733,3733,3.119268512818962e-05,1.0,,,False,391.88508987496607
21734,3734,3.1160223443293944e-05,1.0,,,False,391.9728610829916
21735,3735,3.112813283223659e-05,1.0,,,False,392.06054600002244
21736,3736,3.109539466095157e-05,1.0,,,False,392.149084916804
21737,3737,3.106454823864624e-05,1.0,,,False,392.2526479999069
21738,3738,3.103106064372696e-05,1.0,,,False,392.3738981669303
21739,3739,3.100117828580551e-05,1.0,,,False,392.4975748748984
21740,3740,3.0968658393248916e-05,1.0,,,False,392.6222222498618
21741,3741,3.0940489523345605e-05,1.0,,,False,392.74408441688865
21742,3742,3.0910177883924916e-05,1.0,,,False,392.868336457992
21743,3743,3.08811358991079e-05,1.0,,,False,392.98152137501165
21744,3744,3.0851224437355995e-05,1.0,,,False,393.0719807499554
21745,3745,3.0822404369246215e-05,1.0,,,False,393.1570402078796
21746,3746,3.079296220676042e-05,1.0,,,False,393.24425316695124
21747,3747,3.076672146562487e-05,1.0,,,False,393.3295969169121
21748,3748,3.073787229368463e-05,1.0,,,False,393.4191946249921
21749,3749,3.0709987186128274e-05,1.0,,,False,393.5076999999583
21750,3750,3.0682753276778385e-05,1.0,,,False,393.59599224990234
21751,3751,3.065893906750716e-05,1.0,,,False,393.68093749997206
21752,3752,3.063189433305524e-05,1.0,,,False,393.7679026669357
21753,3753,3.06075562548358e-05,1.0,,,False,393.8531188329216
21754,3754,3.058268703171052e-05,1.0,,,False,393.93889316683635
21755,3755,3.055701017729007e-05,1.0,,,False,394.02584037487395
21756,3756,3.053067848668434e-05,1.0,,,False,394.1080030000303
21757,3757,3.050574923690874e-05,1.0,,,False,394.1948542918544
21758,3758,3.0482031434075907e-05,1.0,,,False,394.28277225000784
21759,3759,3.045906123588793e-05,1.0,,,False,394.3666922079865
21760,3760,3.0436311135417782e-05,1.0,,,False,394.4545567499008
21761,3761,3.0411254556383938e-05,1.0,,,False,394.53989841695875
21762,3762,3.039074726984836e-05,1.0,,,False,394.62443808303215
21763,3763,3.0368835723493248e-05,1.0,,,False,394.7102081668563
21764,3764,3.034832297998946e-05,1.0,,,False,394.7992150830105
21765,3765,3.0326598789542913e-05,1.0,,,False,394.90435066702776
21766,3766,3.0305900509119965e-05,1.0,,,False,395.01502395793796
21767,3767,3.0288441848824732e-05,1.0,,,False,395.12585649988614
21768,3768,3.02671869576443e-05,1.0,,,False,395.2277400419116
21769,3769,3.024698526132852e-05,1.0,,,False,395.3280492918566
21770,3770,3.0227629395085387e-05,1.0,,,False,395.427629499929
21771,3771,3.0208551834220998e-05,1.0,,,False,395.52564729191363
21772,3772,3.0190811230568215e-05,1.0,,,False,395.6244125419762
21773,3773,3.017344351974316e-05,1.0,,,False,395.726920499932
21774,3774,3.015601214428898e-05,1.0,,,False,395.82718091690913
21775,3775,3.013665264006704e-05,1.0,,,False,395.92768204188906
21776,3776,3.0118912036414258e-05,1.0,,,False,396.04144337493926
21777,3777,3.0099492505542003e-05,1.0,,,False,396.1578219998628
21778,3778,3.0082435841904953e-05,1.0,,,False,396.2794611668214
21779,3779,3.0065564715187065e-05,1.0,,,False,396.4035424578469
21780,3780,3.0048882763367146e-05,1.0,,,False,396.52269208291546
21781,3781,3.002859011758119e-05,1.0,,,False,396.6394802078139
21782,3782,3.0013681680429727e-05,1.0,,,False,396.76764549990185
21783,3783,2.999811840709299e-05,1.0,,,False,396.8787698748056
21784,3784,2.9983209969941527e-05,1.0,,,False,396.97191808302887
21785,3785,2.9964721761643887e-05,1.0,,,False,397.0587480829563
21786,3786,2.9947792427265085e-05,1.0,,,False,397.1457939168904
21787,3787,2.993138878082391e-05,1.0,,,False,397.232772791991
21788,3788,2.9915765480836853e-05,1.0,,,False,397.3192413749639
21789,3789,2.9899079891038127e-05,1.0,,,False,397.40369312488474
21790,3790,2.9883769457228482e-05,1.0,,,False,397.4924206668511
21791,3791,2.9866183467675e-05,1.0,,,False,397.57516158302315
21792,3792,2.9850838473066688e-05,1.0,,,False,397.6597441670019
21793,3793,2.9833066946594045e-05,1.0,,,False,397.74559483281337
21794,3794,2.9817940230714157e-05,1.0,,,False,397.8318905418273
21795,3795,2.9800201446050778e-05,1.0,,,False,397.9164577499032
21796,3796,2.9784203434246592e-05,1.0,,,False,398.0044402079657
21797,3797,2.976839277835097e-05,1.0,,,False,398.092516832985
21798,3798,2.9752985938102938e-05,1.0,,,False,398.1805402080063
21799,3799,2.9736738724750467e-05,1.0,,,False,398.2687854168471
21800,3800,2.9722170438617468e-05,1.0,1.0,0.006838991961954464,False,398.4507213749457
21801,3801,2.970595596707426e-05,1.0,,,False,398.5426545420196
21802,3802,2.9690178052987903e-05,1.0,,,False,398.6336752078496
21803,3803,2.9674270990653895e-05,1.0,,,False,398.72360829194076
21804,3804,2.965668863907922e-05,1.0,,,False,398.83078612503596
21805,3805,2.9640845241374336e-05,1.0,,,False,398.93141920794733
21806,3806,2.962481630675029e-05,1.0,,,False,399.0258923328947
21807,3807,2.9608321710838936e-05,1.0,,,False,399.13731954200193
21808,3808,2.9589800760732032e-05,1.0,,,False,399.2603842499666
21809,3809,2.957492324640043e-05,1.0,,,False,399.3815172079485
21810,3810,2.9557493689935654e-05,1.0,,,False,399.48071916680783
21811,3811,2.9543116397690028e-05,1.0,,,False,399.5789649998769
21812,3812,2.9524409910663962e-05,1.0,,,False,399.68325149989687
21813,3813,2.950748057628516e-05,1.0,,,False,399.8076375829987
21814,3814,2.949194640677888e-05,1.0,,,False,399.93169695790857
21815,3815,2.9474333132384345e-05,1.0,,,False,400.0569794168696
21816,3816,2.9458708013407886e-05,1.0,,,False,400.1754794579465
21817,3817,2.9439628633554094e-05,1.0,,,False,400.28818304184824
21818,3818,2.9423941668937914e-05,1.0,,,False,400.4109810828231
21819,3819,2.9404893211903982e-05,1.0,,,False,400.53475416684523
21820,3820,2.9389055271167308e-05,1.0,,,False,400.6574433329515
21821,3821,2.9370599804678932e-05,1.0,,,False,400.76862620795146
21822,3822,2.935226439149119e-05,1.0,,,False,400.8820916668046
21823,3823,2.9333934435271658e-05,1.0,,,False,400.9853955418803
21824,3824,2.9314916901057586e-05,1.0,,,False,401.0820863749832
21825,3825,2.9297330911504105e-05,1.0,,,False,401.18391462485306
21826,3826,2.927853165601846e-05,1.0,,,False,401.2828246250283
21827,3827,2.926156776084099e-05,1.0,,,False,401.3834442079533
21828,3828,2.9242362870718352e-05,1.0,,,False,401.4847878748551
21829,3829,2.92248423647834e-05,1.0,,,False,401.5815204579849
21830,3830,2.9204858947196044e-05,1.0,,,False,401.67418820783496
21831,3831,2.9187151085352525e-05,1.0,,,False,401.7621756249573
21832,3832,2.916630000981968e-05,1.0,,,False,401.8515577078797
21833,3833,2.9149585316190496e-05,1.0,,,False,401.9373126248829
21834,3834,2.9127830202924088e-05,1.0,,,False,402.0257942918688
21835,3835,2.9109156457707286e-05,1.0,,,False,402.1522494999226
21836,3836,2.9089082090649754e-05,1.0,,,False,402.279379833024
21837,3837,2.9070686650811695e-05,1.0,,,False,402.4018721249886
21838,3838,2.9051454475848004e-05,1.0,,,False,402.5263665418606
21839,3839,2.903340100601781e-05,1.0,,,False,402.6493248329498
21840,3840,2.9012609957135282e-05,1.0,,,False,402.77157762483694
21841,3841,2.899309401982464e-05,1.0,,,False,402.891514332965
21842,3842,2.897248850786127e-05,1.0,,,False,403.0059027078096
21843,3843,2.8953036235179752e-05,1.0,,,False,403.1272950419225
21844,3844,2.893149940064177e-05,1.0,,,False,403.24428854184225
21845,3845,2.891102121793665e-05,1.0,,,False,403.37191883288324
21846,3846,2.8889015084132552e-05,1.0,,,False,403.49534008302726
21847,3847,2.886642141675111e-05,1.0,,,False,403.6184322498739
21848,3848,2.8845068300142884e-05,1.0,,,False,403.71085208281875
21849,3849,2.882446460716892e-05,1.0,,,False,403.7994527919218
21850,3850,2.8805136025766842e-05,1.0,,,False,403.8831907499116
21851,3851,2.8780919819837436e-05,1.0,,,False,403.9716098329518
21852,3852,2.8759071938111447e-05,1.0,,,False,404.09792029182427
21853,3853,2.8737160391756333e-05,1.0,,,False,404.2110516668763
21854,3854,2.8712944185826927e-05,1.0,,,False,404.310972499894
21855,3855,2.8691159968730062e-05,1.0,,,False,404.40919724991545
21856,3856,2.8669186576735228e-05,1.0,,,False,404.5037354999222
21857,3857,2.8647336876019835e-05,1.0,,,False,404.6032602498308
21858,3858,2.862343353626784e-05,1.0,,,False,404.7049485419411
21859,3859,2.8597447453648783e-05,1.0,,,False,404.8042831670027
21860,3860,2.8573851523105986e-05,1.0,,,False,404.9044077079743
21861,3861,2.854649574146606e-05,1.0,,,False,405.005732916994
21862,3862,2.8523680157377385e-05,1.0,,,False,405.1070020420011
21863,3863,2.8499653126345947e-05,1.0,,,False,405.21004483290017
21864,3864,2.8475811632233672e-05,1.0,,,False,405.3107609169092
21865,3865,2.8450103854993358e-05,1.0,,,False,405.4117165419739
21866,3866,2.8426482458598912e-05,1.0,,,False,405.5129739169497
21867,3867,2.840083652699832e-05,1.0,,,False,405.6181488749571
21868,3868,2.8374661269481294e-05,1.0,,,False,405.7214228329249
21869,3869,2.835100531228818e-05,1.0,,,False,405.8246204168536
21870,3870,2.832514473993797e-05,1.0,,,False,405.92808308289386
21871,3871,2.8302176360739395e-05,1.0,,,False,406.04405504185706
21872,3872,2.8277587261982262e-05,1.0,,,False,406.16370595782064
21873,3873,2.8250913601368666e-05,1.0,,,False,406.28742629196495
21874,3874,2.8224736524862237e-05,1.0,,,False,406.4184835830238
21875,3875,2.8199028747621924e-05,1.0,,,False,406.54107941687107
21876,3876,2.817434688040521e-05,1.0,,,False,406.6607108330354
21877,3877,2.81480770354392e-05,1.0,,,False,406.7797792078927
21878,3878,2.8121125069446862e-05,1.0,,,False,406.8957802078221
21879,3879,2.8096877940697595e-05,1.0,,,False,407.018733457895
21880,3880,2.807169767038431e-05,1.0,,,False,407.1409945830237
21881,3881,2.804393443511799e-05,1.0,,,False,407.2636072919704
21882,3882,2.8018819648423232e-05,1.0,,,False,407.3584990419913
21883,3883,2.7993763069389388e-05,1.0,,,False,407.4483282919973
21884,3884,2.7968553695245646e-05,1.0,,,False,407.53313624998555
21885,3885,2.7944277462665923e-05,1.0,,,False,407.62026195786893
21886,3886,2.7919284548261203e-05,1.0,,,False,407.6995270419866
21887,3887,2.789475729514379e-05,1.0,,,False,407.78608170780353
21888,3888,2.7870542908203788e-05,1.0,,,False,407.87407166697085
21889,3889,2.7848102035932243e-05,1.0,,,False,407.9605213329196
21890,3890,2.7822765332530253e-05,1.0,,,False,408.0457584168762
21891,3891,2.7800046154879965e-05,1.0,,,False,408.1319295000285
21892,3892,2.7777796276495792e-05,1.0,,,False,408.21903345780447
21893,3893,2.775473149085883e-05,1.0,,,False,408.309201041935
21894,3894,2.773160485958215e-05,1.0,,,False,408.3967954579275
21895,3895,2.7710098947864026e-05,1.0,,,False,408.4863383749034
21896,3896,2.7686537578119896e-05,1.0,,,False,408.57703470787965
21897,3897,2.7666992536978796e-05,1.0,,,False,408.6627029168885
21898,3898,2.7645888621918857e-05,1.0,,,False,408.74901774991304
21899,3899,2.7626747396425344e-05,1.0,,,False,408.8323913749773
21900,3900,2.760250208666548e-05,1.0,1.0,0.006792437606716072,False,409.00455787498504
21901,3901,2.758439222816378e-05,1.0,,,False,409.1353489169851
21902,3902,2.7562915420276113e-05,1.0,,,False,409.2322542499751
21903,3903,2.754218985501211e-05,1.0,,,False,409.3178146670107
21904,3904,2.752093132585287e-05,1.0,,,False,409.40460154181346
21905,3905,2.7503594537847675e-05,1.0,,,False,409.4913123748265
21906,3906,2.7484546080813743e-05,1.0,,,False,409.57594929193147
21907,3907,2.746627615124453e-05,1.0,,,False,409.6600629168097
21908,3908,2.7450685593066737e-05,1.0,,,False,409.74220116692595
21909,3909,2.7430734917288646e-05,1.0,,,False,409.8291344579775
21910,3910,2.7413927455199882e-05,1.0,,,False,409.9150335828308
21911,3911,2.7395190045353957e-05,1.0,,,False,410.0046779999975
21912,3912,2.7377665901440196e-05,1.0,,,False,410.09186737495475
21913,3913,2.736297574301716e-05,1.0,,,False,410.18106754194014
21914,3914,2.7346135539119132e-05,1.0,,,False,410.26690037501976
21915,3915,2.7330794182489626e-05,1.0,,,False,410.35363879194483
21916,3916,2.7314797989674844e-05,1.0,,,False,410.4399772079196
21917,3917,2.7299325665808283e-05,1.0,,,False,410.52650883281603
21918,3918,2.728426261455752e-05,1.0,,,False,410.6153237919789
21919,3919,2.727116043388378e-05,1.0,,,False,410.7049432080239
21920,3920,2.7256000976194628e-05,1.0,,,False,410.7937359169591
21921,3921,2.7242742362432182e-05,1.0,,,False,410.8840995829087
21922,3922,2.7228674298385158e-05,1.0,,,False,410.96994412480853
21923,3923,2.7215071895625442e-05,1.0,,,False,411.09177533281036
21924,3924,2.720296470215544e-05,1.0,,,False,411.2170419578906
21925,3925,2.719045187404845e-05,1.0,,,False,411.35174137493595
21926,3926,2.7177753509022295e-05,1.0,,,False,411.4786756669637
21927,3927,2.7163998311152682e-05,1.0,,,False,411.6042024169583
21928,3928,2.715160917432513e-05,1.0,,,False,411.72197733283974
21929,3929,2.7138879886479117e-05,1.0,,,False,411.8149864578154
21930,3930,2.7127114663016982e-05,1.0,,,False,411.9044059168082
21931,3931,2.7115691409562714e-05,1.0,,,False,412.0042204579804
21932,3932,2.7102651074528694e-05,1.0,,,False,412.13127166684717
21933,3933,2.7092130039818585e-05,1.0,,,False,412.24837795784697
21934,3934,2.7080799554823898e-05,1.0,,,False,412.36895658285357
21935,3935,2.706825762288645e-05,1.0,,,False,412.4906055419706
21936,3936,2.705717815842945e-05,1.0,,,False,412.60644308291376
21937,3937,2.7047437470173463e-05,1.0,,,False,412.73329916689545
21938,3938,2.7036696337745525e-05,1.0,,,False,412.8602338328492
21939,3939,2.702518213482108e-05,1.0,,,False,412.98214733297937
21940,3940,2.7014228180632927e-05,1.0,,,False,413.1038797919173
21941,3941,2.7003177820006385e-05,1.0,,,False,413.2271003329661
21942,3942,2.6993435312760994e-05,1.0,,,False,413.35028399992734
21943,3943,2.6981640985468403e-05,1.0,,,False,413.46843962487765
21944,3944,2.6973952117259614e-05,1.0,,,False,413.5734637079295
21945,3945,2.6965144570567645e-05,1.0,,,False,413.6643506248947
21946,3946,2.6954716304317117e-05,1.0,,,False,413.7644550418481
21947,3947,2.6944322598865256e-05,1.0,,,False,413.8903614578303
21948,3948,2.6935764253721572e-05,1.0,,,False,414.0216473748442
21949,3949,2.6926958526019007e-05,1.0,,,False,414.15092620789073
21950,3950,2.6918272851617076e-05,1.0,,,False,414.2703983329702
21951,3951,2.6909434382105246e-05,1.0,,,False,414.3596431668848
21952,3952,2.6900126613327302e-05,1.0,,,False,414.4613271248527
21953,3953,2.6893654649029486e-05,1.0,,,False,414.5643494578544
21954,3954,2.688316635612864e-05,1.0,,,False,414.66307670786045
21955,3955,2.687644155230373e-05,1.0,,,False,414.76254524989054
21956,3956,2.6867415726883337e-05,1.0,,,False,414.8645691249985
21957,3957,2.6859011995838955e-05,1.0,,,False,414.9542455000337
21958,3958,2.685135586943943e-05,1.0,,,False,415.0392022919841
21959,3959,2.684173705347348e-05,1.0,,,False,415.1209479579702
21960,3960,2.6834610252990387e-05,1.0,,,False,415.20949024986476
21961,3961,2.6825427994481288e-05,1.0,,,False,415.29544729180634
21962,3962,2.6819887352758087e-05,1.0,,,False,415.3822302080225
21963,3963,2.6811017960426398e-05,1.0,,,False,415.4692383748479
21964,3964,2.6804762455867603e-05,1.0,,,False,415.5590520829428
21965,3965,2.679763565538451e-05,1.0,,,False,415.67346620792523
21966,3966,2.6791722120833583e-05,1.0,,,False,415.77085062488914
21967,3967,2.678337841643952e-05,1.0,,,False,415.87070974987
21968,3968,2.6776562663144432e-05,1.0,,,False,415.96732787485234
21969,3969,2.676934309420176e-05,1.0,,,False,416.0914464998059
21970,3970,2.6762245397549123e-05,1.0,,,False,416.21101379184984
21971,3971,2.6754747523227707e-05,1.0,,,False,416.3291716668755
21972,3972,2.6747620722744614e-05,1.0,,,False,416.4513042499311
21973,3973,2.6740583052742295e-05,1.0,,,False,416.57809316692874
21974,3974,2.6731155230663717e-05,1.0,,,False,416.6973996248562
21975,3975,2.672664231795352e-05,1.0,,,False,416.79044229188
21976,3976,2.6718145818449557e-05,1.0,,,False,416.87345695798285
21977,3977,2.6713165425462648e-05,1.0,,,False,416.9589737500064
21978,3978,2.6706349672167562e-05,1.0,,,False,417.050440041814
21979,3979,2.669931564014405e-05,1.0,,,False,417.1373426669743
21980,3980,2.669368222996127e-05,1.0,,,False,417.22341162501834
21981,3981,2.6686519049690105e-05,1.0,,,False,417.31295508285984
21982,3982,2.6682413590606302e-05,1.0,,,False,417.3965647078585
21983,3983,2.6674104447010905e-05,1.0,,,False,417.49732220801525
21984,3984,2.6668098144000396e-05,1.0,,,False,417.58553745783865
21985,3985,2.666000546014402e-05,1.0,,,False,417.67376195802353
21986,3986,2.6654246539692394e-05,1.0,,,False,417.75724649988115
21987,3987,2.6645750040188432e-05,1.0,,,False,417.8407889578957
21988,3988,2.6640087526175193e-05,1.0,,,False,417.9268995828461
21989,3989,2.6634763344191015e-05,1.0,,,False,418.0144404580351
21990,3990,2.6628011255525053e-05,1.0,,,False,418.0989977919962
21991,3991,2.6620044081937522e-05,1.0,,,False,418.19532308285125
21992,3992,2.6612262445269153e-05,1.0,,,False,418.28300958289765
21993,3993,2.6605539460433647e-05,1.0,,,False,418.3697822499089
21994,3994,2.6598068870953284e-05,1.0,,,False,418.4543452078942
21995,3995,2.659423989825882e-05,1.0,,,False,418.54129091696814
21996,3996,2.6585961677483283e-05,1.0,,,False,418.62915716692805
21997,3997,2.6581852580420673e-05,1.0,,,False,418.73494250001386
21998,3998,2.6574911316856742e-05,1.0,,,False,418.85870670783333
21999,3999,2.6568095563561656e-05,1.0,,,False,418.9757959579583
22000,4000,2.655879143276252e-05,1.0,1.0,0.006856876179338656,False,419.2190617918968
22001,4001,2.6552659619483165e-05,1.0,,,False,419.3676223750226
22002,4002,2.6545219952822663e-05,1.0,,,False,419.4763777498156
22003,4003,2.6539368263911456e-05,1.0,,,False,419.5970153748058
22004,4004,2.653249066497665e-05,1.0,,,False,419.7165855418425
22005,4005,2.6524336135480553e-05,1.0,,,False,419.8348069170024
22006,4006,2.6518577215028927e-05,1.0,,,False,419.95930954185314
22007,4007,2.6508803784963675e-05,1.0,,,False,420.0838211248629
22008,4008,2.6500929379835725e-05,1.0,,,False,420.205452124821
22009,4009,2.6496822101762518e-05,1.0,,,False,420.3349049168173
22010,4010,2.648910231073387e-05,1.0,,,False,420.4484845828265
22011,4011,2.6483281544642523e-05,1.0,,,False,420.56103674997576
22012,4012,2.6473726393305697e-05,1.0,,,False,420.68347295792773
22013,4013,2.6466695999260992e-05,1.0,,,False,420.79510991694406
22014,4014,2.6458012143848464e-05,1.0,,,False,420.91163970786147
22015,4015,2.6449359211255796e-05,1.0,,,False,421.0359574169852
22016,4016,2.6441826776135713e-05,1.0,,,False,421.15227954182774
22017,4017,2.6433297534822486e-05,1.0,,,False,421.25647358293645
22018,4018,2.6424397219670936e-05,1.0,,,False,421.35309129185043
22019,4019,2.6416428227094002e-05,1.0,,,False,421.4357451668475
22020,4020,2.640755701577291e-05,1.0,,,False,421.5279471669346
22021,4021,2.6399808120913804e-05,1.0,,,False,421.61410658294335
22022,4022,2.6390503990114667e-05,1.0,,,False,421.70168133289553
22023,4023,2.6381505449535325e-05,1.0,,,False,421.7891355419997
22024,4024,2.6373509172117338e-05,1.0,,,False,421.87259641685523
22025,4025,2.636354838614352e-05,1.0,,,False,421.9592262918595
22026,4026,2.6356794478488155e-05,1.0,,,False,422.0670389169827
22027,4027,2.6346646336605772e-05,1.0,,,False,422.1521559578832
22028,4028,2.63385554717388e-05,1.0,,,False,422.241507666884
22029,4029,2.6327350497012958e-05,1.0,,,False,422.3300290829502
22030,4030,2.6319165044697e-05,1.0,,,False,422.41500866692513
22031,4031,2.6310666726203635e-05,1.0,,,False,422.4970723330043
22032,4032,2.6300520403310657e-05,1.0,,,False,422.5867994169239
22033,4033,2.628953370731324e-05,1.0,,,False,422.678676124895
22034,4034,2.6280820748070255e-05,1.0,,,False,422.78237595781684
22035,4035,2.626824425533414e-05,1.0,,,False,422.8810395828914
22036,4036,2.6258658181177452e-05,1.0,,,False,422.97623445792124
22037,4037,2.624882290547248e-05,1.0,,,False,423.07477587484755
22038,4038,2.6239828002871946e-05,1.0,,,False,423.17202674993314
22039,4039,2.622896499815397e-05,1.0,,,False,423.27177104190923
22040,4040,2.6219317078357562e-05,1.0,,,False,423.3694504578598
22041,4041,2.620913801365532e-05,1.0,,,False,423.4673516668845
22042,4042,2.6199988496955484e-05,1.0,,,False,423.56849299999885
22043,4043,2.6189436539425515e-05,1.0,,,False,423.6675444578286
22044,4044,2.6180940039921552e-05,1.0,,,False,423.76888679200783
22045,4045,2.6169454940827563e-05,1.0,,,False,423.8693182079587
22046,4046,2.6159401386394165e-05,1.0,,,False,423.9716169999447
22047,4047,2.6149224140681326e-05,1.0,,,False,424.0724281668663
22048,4048,2.61396689893445e-05,1.0,,,False,424.168916082941
22049,4049,2.6128433091798797e-05,1.0,,,False,424.26371016702615
22050,4050,2.6120900656678714e-05,1.0,,,False,424.36352333286777
22051,4051,2.6110068574780598e-05,1.0,,,False,424.463820541976
22052,4052,2.609998409752734e-05,1.0,,,False,424.5608671249356
22053,4053,2.608831346151419e-05,1.0,,,False,424.6594386668876
22054,4054,2.607810529298149e-05,1.0,,,False,424.75907504186034
22055,4055,2.6068175429827534e-05,1.0,,,False,424.8548762500286
22056,4056,2.6057812647195533e-05,1.0,,,False,424.9528921248857
22057,4057,2.604744804557413e-05,1.0,,,False,425.05347866681404
22058,4058,2.6037176212412305e-05,1.0,,,False,425.15308620780706
22059,4059,2.602718632260803e-05,1.0,,,False,425.25195937487297
22060,4060,2.6016199626610614e-05,1.0,,,False,425.35294458293356
22061,4061,2.6006364350905642e-05,1.0,,,False,425.4515281249769
22062,4062,2.5995315809268504e-05,1.0,,,False,425.5485921248328
22063,4063,2.5982646548072807e-05,1.0,,,False,425.6456619168166
22064,4064,2.5971970899263397e-05,1.0,,,False,425.74210158293135
22065,4065,2.5961171559174545e-05,1.0,,,False,425.8365893329028
22066,4066,2.5950994313461706e-05,1.0,,,False,425.9356593748089
22067,4067,2.5939416445908137e-05,1.0,,,False,426.035521207843
22068,4068,2.5928895411198027e-05,1.0,,,False,426.1365526248701
22069,4069,2.591737938928418e-05,1.0,,,False,426.2407544578891
22070,4070,2.5906547307386063e-05,1.0,,,False,426.336091207806
22071,4071,2.5894538339343853e-05,1.0,,,False,426.43980929185636
22072,4072,2.5884450224111788e-05,1.0,,,False,426.5402489169501
22073,4073,2.587141170806717e-05,1.0,,,False,426.6436243329663
22074,4074,2.586216760391835e-05,1.0,,,False,426.7436474580318
22075,4075,2.584968569863122e-05,1.0,,,False,426.84305362496525
22076,4076,2.5837982320808806e-05,1.0,,,False,426.94647491700016
22077,4077,2.5826562705333345e-05,1.0,,,False,427.04933083290234
22078,4078,2.5815548724494874e-05,1.0,,,False,427.1529665419366
22079,4079,2.5802319214562885e-05,1.0,,,False,427.258503541816
22080,4080,2.5791301595745608e-05,1.0,,,False,427.35123020783067
22081,4081,2.5779536372283474e-05,1.0,,,False,427.4399244999513
22082,4082,2.5767241822904907e-05,1.0,,,False,427.5339030828327
22083,4083,2.575709550001193e-05,1.0,,,False,427.6246921669226
22084,4084,2.574424070189707e-05,1.0,,,False,427.7098189999815
22085,4085,2.57345600402914e-05,1.0,,,False,427.7973252919037
22086,4086,2.5723635189933702e-05,1.0,,,False,427.886513749836
22087,4087,2.571473305579275e-05,1.0,,,False,428.009288250003
22088,4088,2.570184733485803e-05,1.0,,,False,428.1265962498728
22089,4089,2.569123353168834e-05,1.0,,,False,428.2416417079512
22090,4090,2.56791572610382e-05,1.0,,,False,428.3555055418983
22091,4091,2.566854345786851e-05,1.0,,,False,428.47296499996446
22092,4092,2.565553404565435e-05,1.0,,,False,428.5938520419877
22093,4093,2.564454553066753e-05,1.0,,,False,428.71186683280393
22094,4094,2.56320654443698e-05,1.0,,,False,428.81115162489004
22095,4095,2.5620114683988504e-05,1.0,,,False,428.910342667019
22096,4096,2.5608100258978084e-05,1.0,,,False,429.01115637482144
22097,4097,2.5597051717340946e-05,1.0,,,False,429.1129569169134
22098,4098,2.5585566618246958e-05,1.0,,,False,429.2119996668771
22099,4099,2.5575731342541985e-05,1.0,,,False,429.3094539998565
22100,4100,2.556402796471957e-05,1.0,1.0,0.00695057687483916,False,429.52615029201843
22101,4101,2.555089486122597e-05,1.0,,,False,429.61955599999055
22102,4102,2.553894228185527e-05,1.0,,,False,429.7109017078765
22103,4103,2.5527582693030126e-05,1.0,,,False,429.8036045418121
22104,4104,2.5515162633382715e-05,1.0,,,False,429.89012304181233
22105,4105,2.550473618612159e-05,1.0,,,False,429.9778541668784
22106,4106,2.549347118474543e-05,1.0,,,False,430.0719369170256
22107,4107,2.5482700948487036e-05,1.0,,,False,430.17309691687115
22108,4108,2.5470500986557454e-05,1.0,,,False,430.3021932078991
22109,4109,2.5457738956902176e-05,1.0,,,False,430.4263039168436
22110,4110,2.5448556698393077e-05,1.0,,,False,430.54105979180895
22111,4111,2.5436514988541603e-05,1.0,,,False,430.67008983297274
22112,4112,2.5426214051549323e-05,1.0,,,False,430.7736967080273
22113,4113,2.541329558880534e-05,1.0,,,False,430.8569692079909
22114,4114,2.5402370738447644e-05,1.0,,,False,430.9448505828623
22115,4115,2.538923581596464e-05,1.0,,,False,431.0548923749011
22116,4116,2.537778163969051e-05,1.0,,,False,431.18179483292624
22117,4117,2.5366856789332815e-05,1.0,,,False,431.31350091681816
22118,4118,2.5357177946716547e-05,1.0,,,False,431.43472374998964
22119,4119,2.5344292225781828e-05,1.0,,,False,431.55529175000265
22120,4120,2.5332185032311827e-05,1.0,,,False,431.6806345828809
22121,4121,2.5322693545604125e-05,1.0,,,False,431.8095989578869
22122,4122,2.5308811018476263e-05,1.0,,,False,431.9324210418854
22123,4123,2.5298819309682585e-05,1.0,,,False,432.0642623750027
22124,4124,2.5285218725912273e-05,1.0,,,False,432.15292016696185
22125,4125,2.5275725420215167e-05,1.0,,,False,432.2408994168509
22126,4126,2.526439493522048e-05,1.0,,,False,432.3267189168837
22127,4127,2.52523495873902e-05,1.0,,,False,432.4122955829371
22128,4128,2.5241020921384916e-05,1.0,,,False,432.4976004168857
22129,4129,2.5229161110473797e-05,1.0,,,False,432.5871436248999
22130,4130,2.5217956135747954e-05,1.0,,,False,432.67966008302756
22131,4131,2.520647285564337e-05,1.0,,,False,432.76668687490746
22132,4132,2.519601366657298e-05,1.0,,,False,432.8497018329799
22133,4133,2.5183253455907106e-05,1.0,,,False,432.93648662487976
22134,4134,2.517351276765112e-05,1.0,,,False,433.0251813749783
22135,4135,2.516323911549989e-05,1.0,,,False,433.11142449988984
22136,4136,2.5151226509478875e-05,1.0,,,False,433.20382383302785
22137,4137,2.5141484002233483e-05,1.0,,,False,433.29154474986717
22138,4138,2.5128474590019323e-05,1.0,,,False,433.3814337919466
22139,4139,2.51173314609332e-05,1.0,,,False,433.47116612503305
22140,4140,2.5107059627771378e-05,1.0,,,False,433.5603991248645
22141,4141,2.5096665922319517e-05,1.0,,,False,433.6463548329193
22142,4142,2.5085399101953954e-05,1.0,,,False,433.733483833028
22143,4143,2.5077741156565025e-05,1.0,,,False,433.8231454580091
22144,4144,2.5065603040275164e-05,1.0,,,False,433.9099092918914
22145,4145,2.5055456717382185e-05,1.0,,,False,434.02181824995205
22146,4146,2.5042387278517708e-05,1.0,,,False,434.1265108329244
22147,4147,2.5030494725797325e-05,1.0,,,False,434.2128717498854
22148,4148,2.5021128749358468e-05,1.0,,,False,434.3000105419196
22149,4149,2.5009239834616892e-05,1.0,,,False,434.37878404185176
22150,4150,2.499952825019136e-05,1.0,,,False,434.4648397078272
22151,4151,2.4987855795188807e-05,1.0,,,False,434.5461390828714
22152,4152,2.4976312488433905e-05,1.0,,,False,434.62958408286795
22153,4153,2.4966104319901206e-05,1.0,,,False,434.7151012078393
22154,4154,2.4953280444606207e-05,1.0,,,False,434.80343412491493
22155,4155,2.4942946765804663e-05,1.0,,,False,434.8930107499473
22156,4156,2.493389001756441e-05,1.0,,,False,434.9775543329306
22157,4157,2.4923245291574858e-05,1.0,,,False,435.0635817500297
22158,4158,2.491197665221989e-05,1.0,,,False,435.1504800419789
22159,4159,2.490043334546499e-05,1.0,,,False,435.2371670829598
22160,4160,2.488866630301345e-05,1.0,,,False,435.3274082499556
22161,4161,2.4878459953470156e-05,1.0,,,False,435.4163726668339
22162,4162,2.486666380718816e-05,1.0,,,False,435.49876479199156
22163,4163,2.4858227334334515e-05,1.0,,,False,435.58916258299723
22164,4164,2.4843848223099485e-05,1.0,,,False,435.6828003330156
22165,4165,2.4833141651470214e-05,1.0,,,False,435.77735983300954
22166,4166,2.481997580616735e-05,1.0,,,False,435.8737642078195
22167,4167,2.4808925445540808e-05,1.0,,,False,435.9907830830198
22168,4168,2.4797596779535525e-05,1.0,,,False,436.1130488750059
22169,4169,2.4788414521026425e-05,1.0,,,False,436.2345134578645
22170,4170,2.477661837474443e-05,1.0,,,False,436.3534065419808
22171,4171,2.4767310605966486e-05,1.0,,,False,436.4681423329748
22172,4172,2.475561086612288e-05,1.0,,,False,436.5899289168883
22173,4173,2.4745837436057627e-05,1.0,,,False,436.7085032078903
22174,4174,2.4732920792303048e-05,1.0,,,False,436.8275134579744
22175,4175,2.472289816068951e-05,1.0,,,False,436.9420629579108
22176,4176,2.471088373567909e-05,1.0,,,False,437.06247566686943
22177,4177,2.4700113499420695e-05,1.0,,,False,437.17910937499255
22178,4178,2.468781895004213e-05,1.0,,,False,437.30446208291687
22179,4179,2.4678296540514566e-05,1.0,,,False,437.42968499986455
22180,4180,2.4666625904501416e-05,1.0,,,False,437.5292922919616
22181,4181,2.4655671950313263e-05,1.0,,,False,437.62118141702376
22182,4182,2.4642535208840854e-05,1.0,,,False,437.72119687497616
22183,4183,2.4634287910885178e-05,1.0,,,False,437.8487434168346
22184,4184,2.462062366248574e-05,1.0,,,False,437.9604020828847
22185,4185,2.46111630985979e-05,1.0,,,False,438.0500371248927
22186,4186,2.4599055905127898e-05,1.0,,,False,438.1324119998608
22187,4187,2.4589344320702367e-05,1.0,,,False,438.2162084169686
22188,4188,2.4578637749073096e-05,1.0,,,False,438.30177004192956
22189,4189,2.4568178560002707e-05,1.0,,,False,438.38881083298475
22190,4190,2.455610410834197e-05,1.0,,,False,438.4790111668408
22191,4191,2.4545955966459587e-05,1.0,,,False,438.5666256668046
22192,4192,2.4534128897357732e-05,1.0,,,False,438.65200191689655
22193,4193,2.4523080355720595e-05,1.0,,,False,438.73903804202564
22194,4194,2.451084765198175e-05,1.0,,,False,438.827937041875
22195,4195,2.4500703148078173e-05,1.0,,,False,438.9146740830038
22196,4196,2.4489685529260896e-05,1.0,,,False,438.9951606669929
22197,4197,2.4478664272464812e-05,1.0,,,False,439.0769282919355
22198,4198,2.446602775307838e-05,1.0,,,False,439.16268404200673
22199,4199,2.445581958454568e-05,1.0,,,False,439.2468906668946
22200,4200,2.444346137053799e-05,1.0,1.0,0.007081744244160418,False,439.4850208328571
22201,4201,2.443608536850661e-05,1.0,,,False,439.59899237495847
22202,4202,2.4422703063464724e-05,1.0,,,False,439.68483237503096
22203,4203,2.441426840960048e-05,1.0,,,False,439.77275112480856
22204,4204,2.4402970666415058e-05,1.0,,,False,439.8593563749455
22205,4205,2.4392729756073095e-05,1.0,,,False,439.9490724999923
22206,4206,2.4381090042879805e-05,1.0,,,False,440.03667249996215
22207,4207,2.4371160179725848e-05,1.0,,,False,440.1237474170048
22208,4208,2.4360235329368152e-05,1.0,,,False,440.210268124938
22209,4209,2.434949783491902e-05,1.0,,,False,440.2976125830319
22210,4210,2.4338824005099013e-05,1.0,,,False,440.3882542918436
22211,4211,2.4328144718310796e-05,1.0,,,False,440.4770111248363
22212,4212,2.4316350391018204e-05,1.0,,,False,440.56634179200046
22213,4213,2.4305614715558477e-05,1.0,,,False,440.64992204192095
22214,4214,2.4294375180033967e-05,1.0,,,False,440.73946779198013
22215,4215,2.4284885512315668e-05,1.0,,,False,440.82459779200144
22216,4216,2.4273680537589826e-05,1.0,,,False,440.9156276669819
22217,4217,2.4264125386253e-05,1.0,,,False,441.0194156668149
22218,4218,2.425204911560286e-05,1.0,,,False,441.1448144579772
22219,4219,2.424442209303379e-05,1.0,,,False,441.269809207879
22220,4220,2.423150544927921e-05,1.0,,,False,441.3893912078347
22221,4221,2.422213765385095e-05,1.0,,,False,441.50912341685034
22222,4222,2.421062526991591e-05,1.0,,,False,441.6282620828133
22223,4223,2.419950942567084e-05,1.0,,,False,441.7166069999803
22224,4224,2.418912117718719e-05,1.0,,,False,441.80462187482044
22225,4225,2.4177694285754114e-05,1.0,,,False,441.88824004190974
22226,4226,2.4169728931155987e-05,1.0,,,False,441.9728754579555
22227,4227,2.415627932350617e-05,1.0,,,False,442.06368591682985
22228,4228,2.414588743704371e-05,1.0,,,False,442.17378933285363
22229,4229,2.4133998522302136e-05,1.0,,,False,442.273936457932
22230,4230,2.412441244814545e-05,1.0,,,False,442.3812082919758
22231,4231,2.4113487597787753e-05,1.0,,,False,442.48314391681924
22232,4232,2.41047400777461e-05,1.0,,,False,442.5807796670124
22233,4233,2.4097145796986297e-05,1.0,,,False,442.682533291867
22234,4234,2.408644104434643e-05,1.0,,,False,442.7826537080109
22235,4235,2.407557622063905e-05,1.0,,,False,442.8844412500039
22236,4236,2.406378189334646e-05,1.0,,,False,442.98336879187264
22237,4237,2.405270242888946e-05,1.0,,,False,443.0794349578209
22238,4238,2.4042336008278653e-05,1.0,,,False,443.17635387484916
22239,4239,2.4033091904129833e-05,1.0,,,False,443.2787259169854
22240,4240,2.4022572688409127e-05,1.0,,,False,443.37854599999264
22241,4241,2.401298661425244e-05,1.0,,,False,443.4806239998434
22242,4242,2.400259290880058e-05,1.0,,,False,443.5951344999485
22243,4243,2.398973811068572e-05,1.0,,,False,443.71830104198307
22244,4244,2.3981056074262597e-05,1.0,,,False,443.8464732079301
22245,4245,2.3968666937435046e-05,1.0,,,False,443.9751327498816
22246,4246,2.3960046746651642e-05,1.0,,,False,444.0958975828253
22247,4247,2.394983675912954e-05,1.0,,,False,444.2118608749006
22248,4248,2.3941713152453303e-05,1.0,,,False,444.29950495786034
22249,4249,2.3930757379275747e-05,1.0,,,False,444.401366249891
22250,4250,2.3918804799905047e-05,1.0,,,False,444.4963328328449
22251,4251,2.391018279013224e-05,1.0,,,False,444.5911632918287
22252,4252,2.389869769103825e-05,1.0,,,False,444.7000905829482
22253,4253,2.388796019658912e-05,1.0,,,False,444.81565491692163
22254,4254,2.387812673987355e-05,1.0,,,False,444.89863225002773
22255,4255,2.3867232812335715e-05,1.0,,,False,444.9854236249812
22256,4256,2.3859420252847485e-05,1.0,,,False,445.0765687918756
22257,4257,2.3848215278121643e-05,1.0,,,False,445.16053949994966
22258,4258,2.3838565539335832e-05,1.0,,,False,445.2472887078766
22259,4259,2.3827300537959673e-05,1.0,,,False,445.3505550418049
22260,4260,2.381506965321023e-05,1.0,,,False,445.4639542920049
22261,4261,2.3805232558515854e-05,1.0,,,False,445.55111395800486
22262,4262,2.3793218133505434e-05,1.0,,,False,445.6334461669903
22263,4263,2.3784878067090176e-05,1.0,,,False,445.75318454182707
22264,4264,2.377398413955234e-05,1.0,,,False,445.8766455419827
22265,4265,2.3763213903293945e-05,1.0,,,False,446.0039125420153
22266,4266,2.375406438659411e-05,1.0,,,False,446.127628874965
22267,4267,2.3742361008771695e-05,1.0,,,False,446.22133179195225
22268,4268,2.373280585743487e-05,1.0,,,False,446.30753733287565
22269,4269,2.3720727767795324e-05,1.0,,,False,446.3925089999102
22270,4270,2.371251321164891e-05,1.0,,,False,446.4773974579293
22271,4271,2.3702865291852504e-05,1.0,,,False,446.5676727499813
22272,4272,2.369203320995439e-05,1.0,,,False,446.65985795785673
22273,4273,2.3682165192440152e-05,1.0,,,False,446.751990707824
22274,4274,2.3672018869547173e-05,1.0,,,False,446.8414493750315
22275,4275,2.3660006263526157e-05,1.0,,,False,446.9286855419632
22276,4276,2.36519754253095e-05,1.0,,,False,447.0158058749512
22277,4277,2.363952444284223e-05,1.0,,,False,447.0991723749321
22278,4278,2.3629847419215366e-05,1.0,,,False,447.1824053330347
22279,4279,2.3619977582711726e-05,1.0,,,False,447.2694142078981
22280,4280,2.3610393327544443e-05,1.0,,,False,447.3555295828264
22281,4281,2.359868994972203e-05,1.0,,,False,447.4382472918369
22282,4282,2.358941492275335e-05,1.0,,,False,447.5259894169867
22283,4283,2.3577214960823767e-05,1.0,,,False,447.6080555829685
22284,4284,2.3568374672322534e-05,1.0,,,False,447.6984004578553
22285,4285,2.355530159547925e-05,1.0,,,False,447.7882328329142
22286,4286,2.354599564569071e-05,1.0,,,False,447.8779149169568
22287,4287,2.3536067601526156e-05,1.0,,,False,447.96532129193656
22288,4288,2.3525608412455767e-05,1.0,,,False,448.05078220786527
22289,4289,2.3515742213930935e-05,1.0,,,False,448.13805649988353
22290,4290,2.3505130229750648e-05,1.0,,,False,448.2263874998316
22291,4291,2.349149508518167e-05,1.0,,,False,448.3152587499935
22292,4292,2.348169255128596e-05,1.0,,,False,448.3987987919245
22293,4293,2.347011468373239e-05,1.0,,,False,448.48486679187045
22294,4294,2.3459719159291126e-05,1.0,,,False,448.5720747078303
22295,4295,2.3449105356121436e-05,1.0,,,False,448.65650575002655
22296,4296,2.3437494746758603e-05,1.0,,,False,448.75861212494783
22297,4297,2.3425543986377306e-05,1.0,,,False,448.84205770795234
22298,4298,2.3415364921675064e-05,1.0,,,False,448.93445991701446
22299,4299,2.3403817976941355e-05,1.0,,,False,449.0241497918032
22300,4300,2.3393018636852503e-05,1.0,1.0,0.007214727595258497,False,449.19986683293246
22301,4301,2.338221929676365e-05,1.0,,,False,449.293613167014
22302,4302,2.3370765120489523e-05,1.0,,,False,449.3755867499858
22303,4303,2.336043144168798e-05,1.0,,,False,449.465027499944
22304,4304,2.3348358809016645e-05,1.0,,,False,449.5536367499735
22305,4305,2.3337523089139722e-05,1.0,,,False,449.6429140418768
22306,4306,2.332681651751045e-05,1.0,,,False,449.731769541977
22307,4307,2.331552059331443e-05,1.0,,,False,449.8173957078252
22308,4308,2.330627648916561e-05,1.0,,,False,449.90656020794995
22309,4309,2.329326707695145e-05,1.0,,,False,449.99671258288436
22310,4310,2.32852380577242e-05,1.0,,,False,450.0826002918184
22311,4311,2.3274000341189094e-05,1.0,,,False,450.16803683293983
22312,4312,2.3262049580807798e-05,1.0,,,False,450.2566098750103
22313,4313,2.3250315280165523e-05,1.0,,,False,450.34325412497856
22314,4314,2.323898661416024e-05,1.0,,,False,450.43574808281846
22315,4315,2.3228125428431667e-05,1.0,,,False,450.5182020419743
22316,4316,2.3216172849060968e-05,1.0,,,False,450.60322608286515
22317,4317,2.3205371689982712e-05,1.0,,,False,450.69277566694655
22318,4318,2.3193981178337708e-05,1.0,,,False,450.7816723329015
22319,4319,2.3183461962617002e-05,1.0,,,False,450.8669500828255
22320,4320,2.317272446816787e-05,1.0,,,False,450.9549118329305
22321,4321,2.3160646378528327e-05,1.0,,,False,451.03864333289675
22322,4322,2.3150749257183634e-05,1.0,,,False,451.12492537498474
22323,4323,2.313932782271877e-05,1.0,,,False,451.211101291934
22324,4324,2.312952528882306e-05,1.0,,,False,451.2976945829578
22325,4325,2.3117729142541066e-05,1.0,,,False,451.3868858749047
22326,4326,2.3106680600903928e-05,1.0,,,False,451.48241641698405
22327,4327,2.3094977223081514e-05,1.0,,,False,451.5908179578837
22328,4328,2.3083086489350535e-05,1.0,,,False,451.6912954580039
22329,4329,2.307129034306854e-05,1.0,,,False,451.7920132498257
22330,4330,2.3061516913003288e-05,1.0,,,False,451.8944652918726
22331,4331,2.3050379240885377e-05,1.0,,,False,451.99524066690356
22332,4332,2.3041659005684778e-05,1.0,,,False,452.1033974578604
22333,4333,2.3030426746117882e-05,1.0,,,False,452.2086308328435
22334,4334,2.3017946659820154e-05,1.0,,,False,452.30937191681005
22335,4335,2.3005870389170013e-05,1.0,,,False,452.4098155000247
22336,4336,2.2993388483882882e-05,1.0,,,False,452.5105850419495
22337,4337,2.298358413099777e-05,1.0,,,False,452.59814799996093
22338,4338,2.297309401910752e-05,1.0,,,False,452.68666583299637
22339,4339,2.2963258743402548e-05,1.0,,,False,452.7733907918446
22340,4340,2.295224112458527e-05,1.0,,,False,452.86544662481174
22341,4341,2.2942311261431314e-05,1.0,,,False,452.96791054192
22342,4342,2.2930764316697605e-05,1.0,,,False,453.06869204202667
22343,4343,2.29192191909533e-05,1.0,,,False,453.1711867498234
22344,4344,2.2906393496668898e-05,1.0,,,False,453.27054837485775
22345,4345,2.2897369490237907e-05,1.0,,,False,453.3707761669066
22346,4346,2.2884545614942908e-05,1.0,,,False,453.47030795784667
22347,4347,2.2874057322042063e-05,1.0,,,False,453.5699742080178
22348,4348,2.286151357111521e-05,1.0,,,False,453.66988433292136
22349,4349,2.2849157176096924e-05,1.0,,,False,453.76969991694205
22350,4350,2.283897811139468e-05,1.0,,,False,453.87046420783736
22351,4351,2.2828988221590407e-05,1.0,,,False,453.9693322919775
22352,4352,2.2818030629423447e-05,1.0,,,False,454.0675156668294
22353,4353,2.2808322682976723e-05,1.0,,,False,454.1646611248143
22354,4354,2.2797677956987172e-05,1.0,,,False,454.2617772920057
22355,4355,2.2785383407608606e-05,1.0,,,False,454.35994679201394
22356,4356,2.2775640900363214e-05,1.0,,,False,454.45755866682157
22357,4357,2.27648088184651e-05,1.0,,,False,454.55625066696666
22358,4358,2.2753634766559117e-05,1.0,,,False,454.65602183295414
22359,4359,2.2743020963389426e-05,1.0,,,False,454.74231483298354
22360,4360,2.2731288481736556e-05,1.0,,,False,454.82766733295284
22361,4361,2.272095480293501e-05,1.0,,,False,454.91091095795855
22362,4362,2.2709686163580045e-05,1.0,,,False,455.0009732078761
22363,4363,2.269848482683301e-05,1.0,,,False,455.08843916701153
22364,4364,2.2688494937028736e-05,1.0,,,False,455.17907870793715
22365,4365,2.2678064851788804e-05,1.0,,,False,455.2689539999701
22366,4366,2.2666334189125337e-05,1.0,,,False,455.3771268748678
22367,4367,2.2656093278783374e-05,1.0,,,False,455.4710444579832
22368,4368,2.2643207557848655e-05,1.0,,,False,455.571726874914
22369,4369,2.263284295622725e-05,1.0,,,False,455.67146620783024
22370,4370,2.262064299429767e-05,1.0,,,False,455.77262991690077
22371,4371,2.261149165860843e-05,1.0,,,False,455.8819514999632
22372,4372,2.26000374823343e-05,1.0,,,False,455.9829177078791
22373,4373,2.2588395950151607e-05,1.0,,,False,456.0874456248712
22374,4374,2.257837331853807e-05,1.0,,,False,456.1866727080196
22375,4375,2.2566173356608488e-05,1.0,,,False,456.2844580418896
22376,4376,2.2554564566235058e-05,1.0,,,False,456.37770470790565
22377,4377,2.2545258616446517e-05,1.0,,,False,456.4643107918091
22378,4378,2.2533087758347392e-05,1.0,,,False,456.5566650829278
22379,4379,2.25223193410784e-05,1.0,,,False,456.6529674578924
22380,4380,2.2509713744511828e-05,1.0,,,False,456.7398319998756
22381,4381,2.249735734949354e-05,1.0,,,False,456.8278403750155
22382,4382,2.248671262350399e-05,1.0,,,False,456.9163039168343
22383,4383,2.2475758669315837e-05,1.0,,,False,457.0101289579179
22384,4384,2.2463556888396852e-05,1.0,,,False,457.10290629183874
22385,4385,2.2452071789302863e-05,1.0,,,False,457.1972106669564
22386,4386,2.2438656742451712e-05,1.0,,,False,457.2934451668989
22387,4387,2.2427700969274156e-05,1.0,,,False,457.38475849991664
22388,4388,2.2416184947360307e-05,1.0,,,False,457.4865304999985
22389,4389,2.240532194264233e-05,1.0,,,False,457.57814720785245
22390,4390,2.2394800907932222e-05,1.0,,,False,457.66720924992114
22391,4391,2.238269371446222e-05,1.0,,,False,457.75940616684966
22392,4392,2.236937143607065e-05,1.0,,,False,457.84782112482935
22393,4393,2.2357111447490752e-05,1.0,,,False,457.93833062495105
22394,4394,2.2345595425576903e-05,1.0,,,False,458.02642883290537
22395,4395,2.2333704691845924e-05,1.0,,,False,458.11859924998134
22396,4396,2.232337101304438e-05,1.0,,,False,458.2037543328479
22397,4397,2.2310641725198366e-05,1.0,,,False,458.29415841703303
22398,4398,2.2298283511190675e-05,1.0,,,False,458.38384387502447
22399,4399,2.2286272724159062e-05,1.0,,,False,458.47492179181427
22400,4400,2.22751605178928e-05,1.0,0.9998881306633851,0.007441367684839585,False,458.6612423749175
22401,4401,2.2262493075686507e-05,1.0,,,False,458.75331633281894
22402,4402,2.22512553591514e-05,1.0,,,False,458.84165383293293
22403,4403,2.223631599918008e-05,1.0,,,False,458.9241952500306
22404,4404,2.2223803171073087e-05,1.0,,,False,459.0109484170098
22405,4405,2.2210266251931898e-05,1.0,,,False,459.0952719578054
22406,4406,2.2198501028469764e-05,1.0,,,False,459.1823717500083
22407,4407,2.218530426034704e-05,1.0,,,False,459.2772512079682
22408,4408,2.2174037439981475e-05,1.0,,,False,459.39091262500733
22409,4409,2.2161648303153925e-05,1.0,,,False,459.5041761668399
22410,4410,2.2147021809360012e-05,1.0,,,False,459.62075091688894
22411,4411,2.2133915990707465e-05,1.0,,,False,459.72951633296907
22412,4412,2.2121157599030994e-05,1.0,,,False,459.83157791686244
22413,4413,2.2110045392764732e-05,1.0,,,False,459.9310513329692
22414,4414,2.209818921983242e-05,1.0,,,False,460.0321436668746
22415,4415,2.2087573597673327e-05,1.0,,,False,460.1412082919851
22416,4416,2.207198122050613e-05,1.0,,,False,460.25209862482734
22417,4417,2.2060215997043997e-05,1.0,,,False,460.35848591686226
22418,4418,2.2045836885808967e-05,1.0,,,False,460.46704858285375
22419,4419,2.2034195353626274e-05,1.0,,,False,460.57178070791997
22420,4420,2.2021313270670362e-05,1.0,,,False,460.67623799992725
22421,4421,2.2009886379237287e-05,1.0,,,False,460.78092024987563
22422,4422,2.1997970179654658e-05,1.0,,,False,460.883962249849
22423,4423,2.198386937379837e-05,1.0,,,False,460.98713533300906
22424,4424,2.1971642127027735e-05,1.0,,,False,461.0886112919543
22425,4425,2.195931665482931e-05,1.0,,,False,461.18463745783083
22426,4426,2.19460252992576e-05,1.0,,,False,461.2805187078193
22427,4427,2.1936097255093046e-05,1.0,,,False,461.37622470781207
22428,4428,2.1921467123320326e-05,1.0,,,False,461.47220704192296
22429,4429,2.1910293071414344e-05,1.0,,,False,461.571792291943
22430,4430,2.189709630329162e-05,1.0,,,False,461.66930433292873
22431,4431,2.1885300157009624e-05,1.0,,,False,461.76300383289345
22432,4432,2.18728218897013e-05,1.0,,,False,461.8580294169951
22433,4433,2.1860651031602174e-05,1.0,,,False,461.95378824998625
22434,4434,2.1848232790944166e-05,1.0,,,False,462.04810249991715
22435,4435,2.183690230594948e-05,1.0,,,False,462.1308027920313
22436,4436,2.18220866372576e-05,1.0,,,False,462.21254199999385
22437,4437,2.1808702513226308e-05,1.0,,,False,462.29387604189105
22438,4438,2.1795911379740573e-05,1.0,,,False,462.3762355418876
22439,4439,2.1782529074698687e-05,1.0,,,False,462.4601612498518
22440,4440,2.1772755644633435e-05,1.0,,,False,462.54214283288456
22441,4441,2.176055386371445e-05,1.0,,,False,462.6258834169712
22442,4442,2.1748322978965007e-05,1.0,,,False,462.71115554193966
22443,4443,2.1735406335210428e-05,1.0,,,False,462.7924046248663
22444,4444,2.1722271412727423e-05,1.0,,,False,462.8761610419024
22445,4445,2.1710411601816304e-05,1.0,,,False,462.95934712491
22446,4446,2.169730760215316e-05,1.0,,,False,463.0640760830138
22447,4447,2.1685294996132143e-05,1.0,,,False,463.16136083286256
22448,4448,2.167113416362554e-05,1.0,,,False,463.25829687481746
22449,4449,2.1656660464941524e-05,1.0,,,False,463.35572791681625
22450,4450,2.164542456739582e-05,1.0,,,False,463.4522671250161
22451,4451,2.163291173928883e-05,1.0,,,False,463.5491127499845
22452,4452,2.1620089682983235e-05,1.0,,,False,463.6462654999923
22453,4453,2.1609039322356693e-05,1.0,,,False,463.7424880419858
22454,4454,2.159366340492852e-05,1.0,,,False,463.83872591680847
22455,4455,2.1582241970463656e-05,1.0,,,False,463.9370282078162
22456,4456,2.1569201635429636e-05,1.0,,,False,464.04096641694196
22457,4457,2.155566107830964e-05,1.0,,,False,464.1441488750279
22458,4458,2.1544239643844776e-05,1.0,,,False,464.25073674996383
22459,4459,2.1530824596993625e-05,1.0,,,False,464.35779441683553
22460,4460,2.1517595087061636e-05,1.0,,,False,464.45668845786713
22461,4461,2.150421278201975e-05,1.0,,,False,464.56162462499924
22462,4462,2.148952080460731e-05,1.0,,,False,464.662187458016
22463,4463,2.14759220398264e-05,1.0,,,False,464.76334095792845
22464,4464,2.1463689336087555e-05,1.0,,,False,464.86637579184026
22465,4465,2.1450181520776823e-05,1.0,,,False,464.96543962485157
22466,4466,2.1437013856484555e-05,1.0,,,False,465.0694839998614
22467,4467,2.1423567886813544e-05,1.0,,,False,465.1718099168502
22468,4468,2.141021832358092e-05,1.0,,,False,465.26608395786025
22469,4469,2.1396086594904773e-05,1.0,,,False,465.37126679182984
22470,4470,2.1383792045526206e-05,1.0,,,False,465.47540345788
22471,4471,2.1371064576669596e-05,1.0,,,False,465.5814102080185
22472,4472,2.1358922822400928e-05,1.0,,,False,465.68248479184695
22473,4473,2.1348436348489486e-05,1.0,,,False,465.77974833291955
22474,4474,2.133250018232502e-05,1.0,,,False,465.8861397919245
22475,4475,2.1321482563507743e-05,1.0,,,False,465.9792585829273
22476,4476,2.130613756889943e-05,1.0,,,False,466.0665483328048
22477,4477,2.1292535166139714e-05,1.0,,,False,466.14867733302526
22478,4478,2.127915468008723e-05,1.0,,,False,466.23087249998935
22479,4479,2.1266829207888804e-05,1.0,,,False,466.31888141692616
22480,4480,2.1253630620776676e-05,1.0,,,False,466.4023166249972
22481,4481,2.123987360391766e-05,1.0,,,False,466.4884046248626
22482,4482,2.1227704564807937e-05,1.0,,,False,466.5719011668116
22483,4483,2.1213480067672208e-05,1.0,,,False,466.6575151248835
22484,4484,2.1200406990828924e-05,1.0,,,False,466.75369354197755
22485,4485,2.1188798200455494e-05,1.0,,,False,466.8525437498465
22486,4486,2.117703297699336e-05,1.0,,,False,466.94752716692165
22487,4487,2.1164431018405594e-05,1.0,,,False,467.0391933748033
22488,4488,2.1149986423552036e-05,1.0,,,False,467.1224231249653
22489,4489,2.1140309399925172e-05,1.0,,,False,467.2138268749695
22490,4490,2.1123843907844275e-05,1.0,,,False,467.30200216686353
22491,4491,2.1110583475092426e-05,1.0,,,False,467.38425016682595
22492,4492,2.109598608512897e-05,1.0,,,False,467.46865387493744
22493,4493,2.1084906620671973e-05,1.0,,,False,467.548735082848
22494,4494,2.1070653019705787e-05,1.0,,,False,467.63169245794415
22495,4495,2.1059138816781342e-05,1.0,,,False,467.71793712489307
22496,4496,2.1047650079708546e-05,1.0,,,False,467.80540949990973
22497,4497,2.103461156366393e-05,1.0,,,False,467.884519666899
22498,4498,2.1020729036536068e-05,1.0,,,False,467.96831479202956
22499,4499,2.100772144331131e-05,1.0,,,False,468.0494779578876
22500,4500,2.099501944030635e-05,1.0,0.9998881306633851,0.00764614019348762,False,468.2337897499092
22501,4501,2.0980331100872718e-05,1.0,,,False,468.33338791690767
22502,4502,2.0968567696399987e-05,1.0,,,False,468.4303322918713
22503,4503,2.095387753797695e-05,1.0,,,False,468.5272302078083
22504,4504,2.0941179172950797e-05,1.0,,,False,468.6246725418605
22505,4505,2.0925710487063043e-05,1.0,,,False,468.7210231248755
22506,4506,2.091319765895605e-05,1.0,,,False,468.81644845800474
22507,4507,2.0901899915770628e-05,1.0,,,False,468.90999362501316
22508,4508,2.0887862774543464e-05,1.0,,,False,469.0040115418378
22509,4509,2.087756001856178e-05,1.0,,,False,469.09737829188816
22510,4510,2.086280619550962e-05,1.0,,,False,469.19143104180694
22511,4511,2.0850107830483466e-05,1.0,,,False,469.2842754169833
22512,4512,2.0835384930251166e-05,1.0,,,False,469.3790295829531
22513,4513,2.0824307284783572e-05,1.0,,,False,469.4723135000095
22514,4514,2.0811545255128294e-05,1.0,,,False,469.56407212489285
22515,4515,2.0801024220418185e-05,1.0,,,False,469.6581509578973
22516,4516,2.0784591470146552e-05,1.0,,,False,469.75284758303314
22517,4517,2.0771767594851553e-05,1.0,,,False,469.84770870790817
22518,4518,2.0757481252076104e-05,1.0,,,False,469.94113604188897
22519,4519,2.07434750336688e-05,1.0,,,False,470.03392395796254
22520,4520,2.0729001334984787e-05,1.0,,,False,470.12671500002034
22521,4521,2.0715369828394614e-05,1.0,,,False,470.2206603749655
22522,4522,2.0701862013083883e-05,1.0,,,False,470.3147689169273
22523,4523,2.0689038137788884e-05,1.0,,,False,470.4149338749703
22524,4524,2.0675997802754864e-05,1.0,,,False,470.5149105829187
22525,4525,2.0663703253376298e-05,1.0,,,False,470.6168246669695
22526,4526,2.0650477381423116e-05,1.0,,,False,470.7103194168303
22527,4527,2.063737338175997e-05,1.0,,,False,470.81408616690896
22528,4528,2.0621997464331798e-05,1.0,,,False,470.91268783295527
22529,4529,2.060827137029264e-05,1.0,,,False,471.01347345788963
22530,4530,2.0594170564436354e-05,1.0,,,False,471.11858791694976
22531,4531,2.0579293050104752e-05,1.0,,,False,471.22593074990436
22532,4532,2.0566314560710452e-05,1.0,,,False,471.3252874580212
22533,4533,2.0553368813125417e-05,1.0,,,False,471.42247858294286
22534,4534,2.054060678347014e-05,1.0,,,False,471.523031582823
22535,4535,2.0527068045339547e-05,1.0,,,False,471.62328929197975
22536,4536,2.051436786132399e-05,1.0,,,False,471.7257477499079
22537,4537,2.0498806406976655e-05,1.0,,,False,471.835699332878
22538,4538,2.048389615083579e-05,1.0,,,False,471.93896979186684
22539,4539,2.0472474716370925e-05,1.0,,,False,472.0389802919235
22540,4540,2.0457940991036594e-05,1.0,,,False,472.14206554181874
22541,4541,2.044362190645188e-05,1.0,,,False,472.2393468748778
22542,4542,2.0430736185517162e-05,1.0,,,False,472.34137208294123
22543,4543,2.0416482584550977e-05,1.0,,,False,472.4409890000243
22544,4544,2.0403409507707693e-05,1.0,,,False,472.5429119998589
22545,4545,2.03881263587391e-05,1.0,,,False,472.63921520789154
22546,4546,2.0373498045955785e-05,1.0,,,False,472.7428778328467
22547,4547,2.0357687390060164e-05,1.0,,,False,472.8434136249125
22548,4548,2.0342406060080975e-05,1.0,,,False,472.9450193748344
22549,4549,2.0329145627329126e-05,1.0,,,False,473.0444681670051
22550,4550,2.0314611901994795e-05,1.0,,,False,473.14329579193145
22551,4551,2.0301104086684063e-05,1.0,,,False,473.2387137080077
22552,4552,2.0287192455725744e-05,1.0,,,False,473.33110808301717
22553,4553,2.027349910349585e-05,1.0,,,False,473.4247739999555
22554,4554,2.0258868971723132e-05,1.0,,,False,473.52067583287135
22555,4555,2.0246388885425404e-05,1.0,,,False,473.61531791696325
22556,4556,2.0230856534908526e-05,1.0,,,False,473.7059236250352
22557,4557,2.0216881239321083e-05,1.0,,,False,473.80201816698536
22558,4558,2.0201257939334027e-05,1.0,,,False,473.8984135419596
22559,4559,2.0186627807561308e-05,1.0,,,False,473.9933219170198
22560,4560,2.0172528820694424e-05,1.0,,,False,474.0898689578753
22561,4561,2.015749669226352e-05,1.0,,,False,474.18848704197444
22562,4562,2.0143867004662752e-05,1.0,,,False,474.2819625828415
22563,4563,2.0128736650804058e-05,1.0,,,False,474.3768267920241
22564,4564,2.0114048311370425e-05,1.0,,,False,474.4712151249405
22565,4565,2.0098672393942252e-05,1.0,,,False,474.56496399990283
22566,4566,2.0083172785234638e-05,1.0,,,False,474.65824100002646
22567,4567,2.006820068345405e-05,1.0,,,False,474.75173004181124
22568,4568,2.005475471378304e-05,1.0,,,False,474.8464649168309
22569,4569,2.0040222807438113e-05,1.0,,,False,474.9398144169245
22570,4570,2.0026342099299654e-05,1.0,,,False,475.0342140418943
22571,4571,2.00127706193598e-05,1.0,,,False,475.12759824981913
22572,4572,1.9996741684735753e-05,1.0,,,False,475.22100116685033
22573,4573,1.9983046513516456e-05,1.0,,,False,475.3150337918196
22574,4574,1.996751598198898e-05,1.0,,,False,475.4129877919331
22575,4575,1.9950426576542668e-05,1.0,,,False,475.5065701249987
22576,4576,1.993598743865732e-05,1.0,,,False,475.5992367498111
22577,4577,1.9920860722777434e-05,1.0,,,False,475.6925542918034
22578,4578,1.990679265873041e-05,1.0,,,False,475.7921477078926
22579,4579,1.9893283024430275e-05,1.0,,,False,475.8897546248045
22580,4580,1.9877534214174375e-05,1.0,,,False,475.984457958024
22581,4581,1.986306051549036e-05,1.0,,,False,476.080130207818
22582,4582,1.9846283976221457e-05,1.0,,,False,476.18397279200144
22583,4583,1.9829758457490243e-05,1.0,,,False,476.2931894999929
22584,4584,1.9815877749351785e-05,1.0,,,False,476.39072475000285
22585,4585,1.9801776943495497e-05,1.0,,,False,476.49299983284436
22586,4586,1.9788330973824486e-05,1.0,,,False,476.58958387491293
22587,4587,1.9773049643845297e-05,1.0,,,False,476.6952782080043
22588,4588,1.9758139387704432e-05,1.0,,,False,476.79595666681416
22589,4589,1.9742547010537237e-05,1.0,,,False,476.89552537491545
22590,4590,1.9727080143638887e-05,1.0,,,False,476.996491082944
22591,4591,1.9711049390025437e-05,1.0,,,False,477.0919804580044
22592,4592,1.969614277186338e-05,1.0,,,False,477.19025937491097
22593,4593,1.9680019249790348e-05,1.0,,,False,477.29006758285686
22594,4594,1.966476884263102e-05,1.0,,,False,477.3899932918139
22595,4595,1.9648490706458688e-05,1.0,,,False,477.4909933328163
22596,4596,1.963292743312195e-05,1.0,,,False,477.5895091248676
22597,4597,1.9619232261902653e-05,1.0,,,False,477.6881320828106
22598,4598,1.9602457541623153e-05,1.0,,,False,477.79057416692376
22599,4599,1.9586366761359386e-05,1.0,,,False,477.8874588329345
22600,4600,1.957027598109562e-05,1.0,0.9997762613267703,0.007774711402835021,False,478.08206929196604
22601,4601,1.9554494429030456e-05,1.0,,,False,478.1811008329969
22602,4602,1.9539247659849934e-05,1.0,,,False,478.2764126670081
22603,4603,1.9522594811860472e-05,1.0,,,False,478.376668541925
22604,4604,1.9509398043737747e-05,1.0,,,False,478.4809390830342
22605,4605,1.9493336367304437e-05,1.0,,,False,478.58649454195984
22606,4606,1.9477929527056403e-05,1.0,,,False,478.68348970799707
22607,4607,1.9460812836769037e-05,1.0,,,False,478.78100808290765
22608,4608,1.9445125872152857e-05,1.0,,,False,478.88154858280905
22609,4609,1.94286294572521e-05,1.0,,,False,478.97638299991377
22610,4610,1.941437403729651e-05,1.0,,,False,479.0675719168503
22611,4611,1.9396851712372154e-05,1.0,,,False,479.1574780829251
22612,4612,1.9380169760552235e-05,1.0,,,False,479.2511100419797
22613,4613,1.9362210878171027e-05,1.0,,,False,479.3435797498096
22614,4614,1.9344686734257266e-05,1.0,,,False,479.4377529579215
22615,4615,1.9328814232721925e-05,1.0,,,False,479.53048370801844
22616,4616,1.9316303223604336e-05,1.0,,,False,479.6238105830271
22617,4617,1.9300303392810747e-05,1.0,,,False,479.7150638748426
22618,4618,1.9284867448732257e-05,1.0,,,False,479.80618762481026
22619,4619,1.9268029063823633e-05,1.0,,,False,479.9020269999746
22620,4620,1.925218566611875e-05,1.0,,,False,479.98851529182866
22621,4621,1.923422678373754e-05,1.0,,,False,480.05597645789385
22622,4622,1.9217450244468637e-05,1.0,,,False,480.1223247498274
22623,4623,1.919806163641624e-05,1.0,,,False,480.1835915418342
22624,4624,1.918473935802467e-05,1.0,,,False,480.24882041686215
22625,4625,1.9166751371813007e-05,1.0,,,False,480.31349120801315
22626,4626,1.9151406377204694e-05,1.0,,,False,480.382705291966
22627,4627,1.913462983793579e-05,1.0,,,False,480.4509994999971
22628,4628,1.9118102500215173e-05,1.0,,,False,480.51962937484495
22629,4629,1.9100796635029837e-05,1.0,,,False,480.5822354168631
22630,4630,1.9082277503912337e-05,1.0,,,False,480.649323457852
22631,4631,1.906600118672941e-05,1.0,,,False,480.7163117500022
22632,4632,1.9048849935643375e-05,1.0,,,False,480.7791839998681
22633,4633,1.903422162286006e-05,1.0,,,False,480.8473517920356
22634,4634,1.901613904919941e-05,1.0,,,False,480.9113309169188
22635,4635,1.9001105101779103e-05,1.0,,,False,480.97421170794405
22636,4636,1.898211849038489e-05,1.0,,,False,481.0396094999742
22637,4637,1.8965156414196827e-05,1.0,,,False,481.1063920829911
22638,4638,1.894685556180775e-05,1.0,,,False,481.17502800002694
22639,4639,1.893014086817857e-05,1.0,,,False,481.23871287493967
22640,4640,1.8912558516603895e-05,1.0,,,False,481.30788479186594
22641,4641,1.889543818833772e-05,1.0,,,False,481.37668287497945
22642,4642,1.8876453395932913e-05,1.0,,,False,481.4485117918812
22643,4643,1.885774872789625e-05,1.0,,,False,481.5196065828204
22644,4644,1.8839602489606477e-05,1.0,,,False,481.59160866681486
22645,4645,1.8820677723851986e-05,1.0,,,False,481.6621263329871
22646,4646,1.8804461433319375e-05,1.0,,,False,481.74322537495755
22647,4647,1.8786131477099843e-05,1.0,,,False,481.8196297499817
22648,4648,1.8768701920635067e-05,1.0,,,False,481.8933375829365
22649,4649,1.8750428353087045e-05,1.0,,,False,481.9660957499873
22650,4650,1.8728922441368923e-05,1.0,,,False,482.0409513330087
22651,4651,1.8709532014327124e-05,1.0,,,False,482.111414082814
22652,4652,1.8691449440666474e-05,1.0,,,False,482.1876074168831
22653,4653,1.8672619262360968e-05,1.0,,,False,482.2642934578471
22654,4654,1.865528065536637e-05,1.0,,,False,482.3351972498931
22655,4655,1.8635953892953694e-05,1.0,,,False,482.4037851248868
22656,4656,1.861852615547832e-05,1.0,,,False,482.4741667918861
22657,4657,1.859723670349922e-05,1.0,,,False,482.5436952919699
22658,4658,1.8577473383629695e-05,1.0,,,False,482.6131319999695
22659,4659,1.855870505096391e-05,1.0,,,False,482.68313341680914
22660,4660,1.8540435121394694e-05,1.0,,,False,482.75048362486996
22661,4661,1.8519176592235453e-05,1.0,,,False,482.82126312493347
22662,4662,1.8501965314499103e-05,1.0,,,False,482.89256466692314
22663,4663,1.8479899154044688e-05,1.0,,,False,482.95898574986495
22664,4664,1.8461721992935054e-05,1.0,,,False,483.0269222080242
22665,4665,1.8438782717566937e-05,1.0,,,False,483.0945907079149
22666,4666,1.84204491233686e-05,1.0,,,False,483.16220774990506
22667,4667,1.8401276975055225e-05,1.0,,,False,483.226187458029
22668,4668,1.8380984329269268e-05,1.0,,,False,483.2952998748515
22669,4669,1.8361688489676453e-05,1.0,,,False,483.36675066687167
22670,4670,1.834018257795833e-05,1.0,,,False,483.4350484169554
22671,4671,1.831936060625594e-05,1.0,,,False,483.506642207969
22672,4672,1.8297292626812123e-05,1.0,,,False,483.57518283301033
22673,4673,1.8277030903846025e-05,1.0,,,False,483.64546058280393
22674,4674,1.825546132749878e-05,1.0,,,False,483.7179891669657
22675,4675,1.823370621423237e-05,1.0,,,False,483.7865676670335
22676,4676,1.8211172573501244e-05,1.0,,,False,483.86102933296934
22677,4677,1.818932287278585e-05,1.0,,,False,483.96117824991234
22678,4678,1.8168280803365633e-05,1.0,,,False,484.0529085828457
22679,4679,1.8148142771678977e-05,1.0,,,False,484.14538124995306
22680,4680,1.812548543966841e-05,1.0,,,False,484.24131700000726
22681,4681,1.8103388356394134e-05,1.0,,,False,484.3374733750243
22682,4682,1.80796705535613e-05,1.0,,,False,484.4313606249634
22683,4683,1.8057326087728143e-05,1.0,,,False,484.5269424999133
22684,4684,1.803323539206758e-05,1.0,,,False,484.62181708286516
22685,4685,1.8009923223871738e-05,1.0,,,False,484.71526695787907
22686,4686,1.798744960979093e-05,1.0,,,False,484.82225174992345
22687,4687,1.7964168364414945e-05,1.0,,,False,484.9226905829273
22688,4688,1.7941449186764657e-05,1.0,,,False,485.02337145782076
22689,4689,1.791580143617466e-05,1.0,,,False,485.1214928328991
22690,4690,1.7892831237986684e-05,1.0,,,False,485.21905125002377
22691,4691,1.7868182112579234e-05,1.0,,,False,485.3243423330132
22692,4692,1.7845242837211117e-05,1.0,,,False,485.43349695787765
22693,4693,1.7820406355895102e-05,1.0,,,False,485.5411609169096
22694,4694,1.7794634914025664e-05,1.0,,,False,485.64089329191484
22695,4695,1.7768581528798677e-05,1.0,,,False,485.75661820801906
22696,4696,1.7743059288477525e-05,1.0,,,False,485.8576419998426
22697,4697,1.7716231013764627e-05,1.0,,,False,485.96116162487306
22698,4698,1.7690492313704453e-05,1.0,,,False,486.0629810418468
22699,4699,1.766431705618743e-05,1.0,,,False,486.15958062489517
22700,4700,1.7637548808124848e-05,1.0,0.9997762613267703,0.007892709442120727,False,486.3747131668497
22701,4701,1.761034582159482e-05,1.0,,,False,486.4794078329578
22702,4702,1.758454345690552e-05,1.0,,,False,486.58068070793524
22703,4703,1.755475932441186e-05,1.0,,,False,486.679910791805
22704,4704,1.7527181626064703e-05,1.0,,,False,486.78714941698126
22705,4705,1.7499200112069957e-05,1.0,,,False,486.88779054186307
22706,4706,1.7472621038905345e-05,1.0,,,False,486.9949933749158
22707,4707,1.744470137055032e-05,1.0,,,False,487.1053359999787
22708,4708,1.7415944967069663e-05,1.0,,,False,487.20772379194386
22709,4709,1.7386873878422193e-05,1.0,,,False,487.3065912919119
22710,4710,1.7357897377223708e-05,1.0,,,False,487.40723158302717
22711,4711,1.7327674868283793e-05,1.0,,,False,487.5077037499286
22712,4712,1.7297763406531885e-05,1.0,,,False,487.60850212490186
22713,4713,1.726782284094952e-05,1.0,,,False,487.70261966693215
22714,4714,1.7236916391993873e-05,1.0,,,False,487.79848629189655
22715,4715,1.7207317796419375e-05,1.0,,,False,487.89247183292173
22716,4716,1.717426312097814e-05,1.0,,,False,487.98514808295295
22717,4717,1.71438223333098e-05,1.0,,,False,488.0742685419973
22718,4718,1.7111144188675098e-05,1.0,,,False,488.1445523328148
22719,4719,1.707868250377942e-05,1.0,,,False,488.2411323329434
22720,4720,1.704596979834605e-05,1.0,,,False,488.3339072079398
22721,4721,1.7014222976285964e-05,1.0,,,False,488.4371088750195
22722,4722,1.6980950022116303e-05,1.0,,,False,488.53220324986614
22723,4723,1.6946620235103182e-05,1.0,,,False,488.62472854182124
22724,4724,1.691179204499349e-05,1.0,,,False,488.7146122078411
22725,4725,1.68779915838968e-05,1.0,,,False,488.80833387491293
22726,4726,1.684219932940323e-05,1.0,,,False,488.9029401249718
22727,4727,1.68084297911264e-05,1.0,,,False,488.99920274992473
22728,4728,1.6771640730439685e-05,1.0,,,False,489.097987457877
22729,4729,1.673762199061457e-05,1.0,,,False,489.1928587919101
22730,4730,1.6701267668395303e-05,1.0,,,False,489.2922423328273
22731,4731,1.6665537259541452e-05,1.0,,,False,489.3913034580182
22732,4732,1.6628839148324914e-05,1.0,,,False,489.4859356668312
22733,4733,1.659090048633516e-05,1.0,,,False,489.5806232918985
22734,4734,1.6553674868191592e-05,1.0,,,False,489.6748439169023
22735,4735,1.6518848497071303e-05,1.0,,,False,489.7695494168438
22736,4736,1.647857243369799e-05,1.0,,,False,489.86930374987423
22737,4737,1.6439042155980133e-05,1.0,,,False,489.9797827079892
22738,4738,1.640094706090167e-05,1.0,,,False,490.0824871249497
22739,4739,1.63625390996458e-05,1.0,,,False,490.18291554180905
22740,4740,1.6323478121194057e-05,1.0,,,False,490.2849529578816
22741,4741,1.6283172953990288e-05,1.0,,,False,490.38455316680484
22742,4742,1.624081596673932e-05,1.0,,,False,490.492684249999
22743,4743,1.6199948731809855e-05,1.0,,,False,490.59366666688584
22744,4744,1.6157369827851653e-05,1.0,,,False,490.69368429202586
22745,4745,1.6115351172629744e-05,1.0,,,False,490.79573099990375
22746,4746,1.6074080122052692e-05,1.0,,,False,490.89637879189104
22747,4747,1.60299150593346e-05,1.0,,,False,491.001364500029
22748,4748,1.5988207451300696e-05,1.0,,,False,491.09862616681494
22749,4749,1.5943762264214456e-05,1.0,,,False,491.1917922499124
22750,4750,1.590090323588811e-05,1.0,,,False,491.2936522499658
22751,4751,1.5858046026551165e-05,1.0,,,False,491.3954669998493
22752,4752,1.5814750440767966e-05,1.0,,,False,491.49738974985667
22753,4753,1.577117836859543e-05,1.0,,,False,491.567449624883
22754,4754,1.5725021512480453e-05,1.0,,,False,491.6395304580219
22755,4755,1.5681478544138372e-05,1.0,,,False,491.7244738328736
22756,4756,1.563410842209123e-05,1.0,,,False,491.8343572500162
22757,4757,1.5588540918543003e-05,1.0,,,False,491.9344919170253
22758,4758,1.5542911569355056e-05,1.0,,,False,492.03342608292587
22759,4759,1.5496569176320918e-05,1.0,,,False,492.13089987495914
22760,4760,1.544953920529224e-05,1.0,,,False,492.2261622918304
22761,4761,1.5400550182675943e-05,1.0,,,False,492.33062674989924
22762,4762,1.5353052731370553e-05,1.0,,,False,492.4298828749452
22763,4763,1.5304312910302542e-05,1.0,,,False,492.5300771249458
22764,4764,1.5257406630553305e-05,1.0,,,False,492.62874066689983
22765,4765,1.5210407582344487e-05,1.0,,,False,492.736410374986
22766,4766,1.5161450392042752e-05,1.0,,,False,492.83229454187676
22767,4767,1.5114297639229335e-05,1.0,,,False,492.9210514998995
22768,4768,1.5065680599946063e-05,1.0,,,False,493.0102507919073
22769,4769,1.501771930634277e-05,1.0,,,False,493.10378441703506
22770,4770,1.4970378288126085e-05,1.0,,,False,493.1961780418642
22771,4771,1.4921295587555505e-05,1.0,,,False,493.28378779185005
22772,4772,1.4871558960294351e-05,1.0,,,False,493.37034316686913
22773,4773,1.4819922398601193e-05,1.0,,,False,493.4578098328784
22774,4774,1.4769470908504445e-05,1.0,,,False,493.5555223328993
22775,4775,1.4721008483320475e-05,1.0,,,False,493.65022291685455
22776,4776,1.467170750402147e-05,1.0,,,False,493.74173637502827
22777,4777,1.4621471564169042e-05,1.0,,,False,493.83473133295774
22778,4778,1.4573602129530627e-05,1.0,,,False,493.92869729199447
22779,4779,1.4524362995871343e-05,1.0,,,False,494.0240435418673
22780,4780,1.4474316230916884e-05,1.0,,,False,494.118638999993
22781,4781,1.4425387234950904e-05,1.0,,,False,494.2113582920283
22782,4782,1.4376430044649169e-05,1.0,,,False,494.3051252919249
22783,4783,1.4327721146401018e-05,1.0,,,False,494.398993041832
22784,4784,1.4279509741754737e-05,1.0,,,False,494.4899979168549
22785,4785,1.4230799934011884e-05,1.0,,,False,494.57974045793526
22786,4786,1.4183554412738886e-05,1.0,,,False,494.66621462488547
22787,4787,1.4133877812128048e-05,1.0,,,False,494.7324284578208
22788,4788,1.4084327631280757e-05,1.0,,,False,494.79729045787826
22789,4789,1.4037983419257216e-05,1.0,,,False,494.86491583287716
22790,4790,1.3990704246680252e-05,1.0,,,False,494.9298096669372
22791,4791,1.3945168575446587e-05,1.0,,,False,494.99085191683844
22792,4792,1.3899353689339478e-05,1.0,,,False,495.0541334999725
22793,4793,1.3852978554496076e-05,1.0,,,False,495.12049870798364
22794,4794,1.3808252333546989e-05,1.0,,,False,495.18637091689743
22795,4795,1.376371528749587e-05,1.0,,,False,495.25192491686903
22796,4796,1.3720017705054488e-05,1.0,,,False,495.32100699981675
22797,4797,1.3675664376933128e-05,1.0,,,False,495.38769616698846
22798,4798,1.3633428352477495e-05,1.0,,,False,495.45594191690907
22799,4799,1.3590228263637982e-05,1.0,,,False,495.5250867079012
22800,4800,1.3545378351409454e-05,1.0,0.9997762613267703,0.007777506915049373,False,495.65834112488665
22801,4801,1.3502893125405535e-05,1.0,,,False,495.73025199980475
22802,4802,1.3462150491250213e-05,1.0,,,False,495.7985429579858
22803,4803,1.3420381947071292e-05,1.0,,,False,495.8657047918532
22804,4804,1.338188121735584e-05,1.0,,,False,495.9341754578054
22805,4805,1.3342133570404258e-05,1.0,,,False,496.02520937495865
22806,4806,1.3305468200996984e-05,1.0,,,False,496.1201534168795
22807,4807,1.3268523616716266e-05,1.0,,,False,496.2284020418301
22808,4808,1.3231702723714989e-05,1.0,,,False,496.32310620788485
22809,4809,1.3195692190492991e-05,1.0,,,False,496.40104645793326
22810,4810,1.3158528417989146e-05,1.0,,,False,496.5012147498783
22811,4811,1.312488348048646e-05,1.0,,,False,496.5954840828199
22812,4812,1.3092951121507213e-05,1.0,,,False,496.6663648749236
22813,4813,1.3060427590971813e-05,1.0,,,False,496.7340490419883
22814,4814,1.3030266927671619e-05,1.0,,,False,496.82032379182056
22815,4815,1.3001320439798292e-05,1.0,,,False,496.89374424982816
22816,4816,1.2972716831427533e-05,1.0,,,False,496.96100370795466
22817,4817,1.2945327398483641e-05,1.0,,,False,497.030499166809
22818,4818,1.2919525943289045e-05,1.0,,,False,497.1011086248327
22819,4819,1.2892696759081446e-05,1.0,,,False,497.1739271248225
22820,4820,1.2868232261098456e-05,1.0,,,False,497.24685904197395
22821,4821,1.2845012861362193e-05,1.0,,,False,497.3129342079628
22822,4822,1.2824252735299524e-05,1.0,,,False,497.3784665828571
22823,4823,1.280125343328109e-05,1.0,,,False,497.44852674985304
22824,4824,1.278011859540129e-05,1.0,,,False,497.51592549984343
22825,4825,1.2760603567585349e-05,1.0,,,False,497.5829950829502
22826,4826,1.2742612852889579e-05,1.0,,,False,497.64854020788334
22827,4827,1.2725245142064523e-05,1.0,,,False,497.71802687481977
22828,4828,1.2710928785963915e-05,1.0,,,False,497.7902434999123
22829,4829,1.2696021258307155e-05,1.0,,,False,497.8596444998402
22830,4830,1.2684286048170179e-05,1.0,,,False,497.92500720801763
22831,4831,1.2673393030127045e-05,1.0,,,False,497.99675437482074
22832,4832,1.2663090274145361e-05,1.0,,,False,498.0653193749022
22833,4833,1.2653099474846385e-05,1.0,,,False,498.13263024995103
22834,4834,1.2644415619433858e-05,1.0,,,False,498.2029823749326
22835,4835,1.2641427019843832e-05,1.0,,,False,498.27147587481886
22836,4836,1.2633337064471561e-05,1.0,,,False,498.3381588750053
22837,4837,1.2629507182282396e-05,1.0,,,False,498.4082609168254
22838,4838,1.2625710951397195e-05,1.0,,,False,498.4794368329458
22839,4839,1.2624495866475627e-05,1.0,,,False,498.5462173749693
22840,4840,1.2623904694919474e-05,1.0,,,False,498.61495520803146
22841,4841,1.2624060218513478e-05,1.0,,,False,498.6832414579112
22842,4842,1.2625368071894627e-05,1.0,,,False,498.7506447918713
22843,4843,1.2627701835299376e-05,1.0,,,False,498.8213431669865
22844,4844,1.2634579434234183e-05,1.0,,,False,498.8892764579505
22845,4845,1.2639186024898663e-05,1.0,,,False,498.9534040829167
22846,4846,1.2644913113035727e-05,1.0,,,False,499.01980837481096
22847,4847,1.265241462533595e-05,1.0,,,False,499.0854927080218
22848,4848,1.2662654626183212e-05,1.0,,,False,499.15283916681074
22849,4849,1.267273910343647e-05,1.0,,,False,499.21859437483363
22850,4850,1.2684971807175316e-05,1.0,,,False,499.2875009579584
22851,4851,1.269679796678247e-05,1.0,,,False,499.35205320781097
22852,4852,1.2708967915386893e-05,1.0,,,False,499.4179726250004
22853,4853,1.2722194696834777e-05,1.0,,,False,499.4851479579229
22854,4854,1.273838097404223e-05,1.0,,,False,499.5522932498716
22855,4855,1.2752541806548834e-05,1.0,,,False,499.62081379187293
22856,4856,1.2771152796631213e-05,1.0,,,False,499.6915700829122
22857,4857,1.2787432751792949e-05,1.0,,,False,499.7552192499861
22858,4858,1.2805048754671589e-05,1.0,,,False,499.81677787494846
22859,4859,1.2824874829675537e-05,1.0,,,False,499.8831105828285
22860,4860,1.2846723620896228e-05,1.0,,,False,499.9493751670234
22861,4861,1.2867514669778757e-05,1.0,,,False,500.0147614998277
22862,4862,1.288942621613387e-05,1.0,,,False,500.08163579180837
22863,4863,1.2913237696920987e-05,1.0,,,False,500.14671162492596
22864,4864,1.293468176299939e-05,1.0,,,False,500.20925924996845
22865,4865,1.2960763342562132e-05,1.0,,,False,500.2778132078238
22866,4866,1.2985072316951118e-05,1.0,,,False,500.3441483329516
22867,4867,1.3009596841584425e-05,1.0,,,False,500.41004149988294
22868,4868,1.3038200449955184e-05,1.0,,,False,500.4747573749628
22869,4869,1.3063753613096196e-05,1.0,,,False,500.5429230828304
22870,4870,1.3089089407003485e-05,1.0,,,False,500.6079800829757
22871,4871,1.3117320122546516e-05,1.0,,,False,500.67547962488607
22872,4872,1.3143775504431687e-05,1.0,,,False,500.7419509999454
22873,4873,1.3173686056688894e-05,1.0,,,False,500.81027204194106
22874,4874,1.3201792171457782e-05,1.0,,,False,500.8800339170266
22875,4875,1.323456581303617e-05,1.0,,,False,500.9466090418864
22876,4876,1.3264008885016665e-05,1.0,,,False,501.01433487492613
22877,4877,1.3291711184137966e-05,1.0,,,False,501.0803857499268
22878,4878,1.3322864106157795e-05,1.0,,,False,501.1434146249667
22879,4879,1.3351001143746544e-05,1.0,,,False,501.20802920800634
22880,4880,1.338362017122563e-05,1.0,,,False,501.276413124986
22881,4881,1.3413749002211262e-05,1.0,,,False,501.34392674989067
22882,4882,1.344421980320476e-05,1.0,,,False,501.4073868750129
22883,4883,1.347565557807684e-05,1.0,,,False,501.47409170796163
22884,4884,1.3505471542885061e-05,1.0,,,False,501.5431461248081
22885,4885,1.3536689039028715e-05,1.0,,,False,501.60875412495807
22886,4886,1.3567690984928049e-05,1.0,,,False,501.6736649170052
22887,4887,1.3600277270597871e-05,1.0,,,False,501.73955149995163
22888,4888,1.3632616173708811e-05,1.0,,,False,501.8070781668648
22889,4889,1.3666322956851218e-05,1.0,,,False,501.8730502920225
22890,4890,1.3697788745048456e-05,1.0,,,False,501.9382527919952
22891,4891,1.3729287275054958e-05,1.0,,,False,502.0016917078756
22892,4892,1.3760692127107177e-05,1.0,,,False,502.071701125009
22893,4893,1.3791628589387983e-05,1.0,,,False,502.140201541828
22894,4894,1.3822628716297913e-05,1.0,,,False,502.20677070785314
22895,4895,1.3853536074748263e-05,1.0,,,False,502.2789471249562
22896,4896,1.3882886378269177e-05,1.0,,,False,502.3581217918545
22897,4897,1.391401110595325e-05,1.0,,,False,502.42428762489
22898,4898,1.3945229511591606e-05,1.0,,,False,502.4942988748662
22899,4899,1.3971279258839786e-05,1.0,,,False,502.56333212484606
22900,4900,1.4003587239130866e-05,1.0,0.9997762613267703,0.00824869242943797,False,502.7018069999758
22901,4901,1.4033216757525224e-05,1.0,,,False,502.8113952919375
22902,4902,1.4062910850043409e-05,1.0,,,False,502.91503341682255
22903,4903,1.4092416677158326e-05,1.0,,,False,503.0152962920256
22904,4904,1.4122514585324097e-05,1.0,,,False,503.1148129168432
22905,4905,1.4153172742226161e-05,1.0,,,False,503.21536216698587
22906,4906,1.4180064681568183e-05,1.0,,,False,503.31568066682667
22907,4907,1.4209009350452106e-05,1.0,,,False,503.38835691683926
22908,4908,1.4234189620765392e-05,1.0,,,False,503.45970904198475
22909,4909,1.4261733667808585e-05,1.0,,,False,503.52817149995826
22910,4910,1.4287910744315013e-05,1.0,,,False,503.59851512499154
22911,4911,1.4314956388261635e-05,1.0,,,False,503.6657576248981
22912,4912,1.4342128451971803e-05,1.0,,,False,503.72926929197274
22913,4913,1.4368613847182132e-05,1.0,,,False,503.79935554182157
22914,4914,1.4394198842637707e-05,1.0,,,False,503.8679064998869
22915,4915,1.4419814760913141e-05,1.0,,,False,503.94186058291234
22916,4916,1.4444526641455013e-05,1.0,,,False,504.01109012495726
22917,4917,1.4469488633039873e-05,1.0,,,False,504.08189766691066
22918,4918,1.4493297385342885e-05,1.0,,,False,504.15040820790455
22919,4919,1.4516267583530862e-05,1.0,,,False,504.2125610418152
22920,4920,1.4540232768922579e-05,1.0,,,False,504.2814413330052
22921,4921,1.456441623304272e-05,1.0,,,False,504.35257399990223
22922,4922,1.4586391444026958e-05,1.0,,,False,504.4236090828199
22923,4923,1.4606995137000922e-05,1.0,,,False,504.49185462482274
22924,4924,1.4629405995947309e-05,1.0,,,False,504.55750754196197
22925,4925,1.4649201148131397e-05,1.0,,,False,504.64936445793137
22926,4926,1.4671423741674516e-05,1.0,,,False,504.74027125001885
22927,4927,1.4690751413581893e-05,1.0,,,False,504.8094401669223
22928,4928,1.471001814934425e-05,1.0,,,False,504.87433512485586
22929,4929,1.473006068408722e-05,1.0,,,False,504.9419545419514
22930,4930,1.4752564311493188e-05,1.0,,,False,505.0085235419683
22931,4931,1.4773698239878286e-05,1.0,,,False,505.07101704203524
22932,4932,1.4792715774092358e-05,1.0,,,False,505.1382277079392
22933,4933,1.4811919754720293e-05,1.0,,,False,505.2044261668343
22934,4934,1.4826951883151196e-05,1.0,,,False,505.26829412486404
22935,4935,1.4846593330730684e-05,1.0,,,False,505.33020091685466
22936,4936,1.4863430806144606e-05,1.0,,,False,505.3978677080013
22937,4937,1.4879552509228233e-05,1.0,,,False,505.4641692498699
22938,4938,1.4897043001838028e-05,1.0,,,False,505.52792116696946
22939,4939,1.4914381608832628e-05,1.0,,,False,505.59750404185615
22940,4940,1.4930286852177233e-05,1.0,,,False,505.666117249988
22941,4941,1.4946127521398012e-05,1.0,,,False,505.7329312078655
22942,4942,1.4960224689275492e-05,1.0,,,False,505.80089095793664
22943,4943,1.4976472812122665e-05,1.0,,,False,505.8664360418916
22944,4944,1.4993806871643756e-05,1.0,,,False,505.935992582934
22945,4945,1.5010521565272938e-05,1.0,,,False,506.0298584999982
22946,4946,1.502816940046614e-05,1.0,,,False,506.12492541689426
22947,4947,1.5041366168588866e-05,1.0,,,False,506.21785070793703
22948,4948,1.5056212760100607e-05,1.0,,,False,506.3098351669032
22949,4949,1.5071183952386491e-05,1.0,,,False,506.4000146249309
22950,4950,1.5084347978699952e-05,1.0,,,False,506.4910069578327
22951,4951,1.5097856703505386e-05,1.0,,,False,506.5826994169038
22952,4952,1.5109902051335666e-05,1.0,,,False,506.6756149169523
22953,4953,1.5126118341868278e-05,1.0,,,False,506.76908029196784
22954,4954,1.5137198715819977e-05,1.0,,,False,506.8604039999191
22955,4955,1.5152386367844883e-05,1.0,,,False,506.9563848329708
22956,4956,1.5165428521868307e-05,1.0,,,False,507.053698166972
22957,4957,1.5180461559793912e-05,1.0,,,False,507.14966283296235
22958,4958,1.5194281331787352e-05,1.0,,,False,507.24491729191504
22959,4959,1.5208691365842242e-05,1.0,,,False,507.3457394170109
22960,4960,1.5222291949612554e-05,1.0,,,False,507.4497836669907
22961,4961,1.5235271348501556e-05,1.0,,,False,507.5469410419464
22962,4962,1.524747221992584e-05,1.0,,,False,507.6487098329235
22963,4963,1.5258956409525126e-05,1.0,,,False,507.7523611248471
22964,4964,1.527162385173142e-05,1.0,,,False,507.8536279168911
22965,4965,1.5282486856449395e-05,1.0,,,False,507.95477083302103
22966,4966,1.529524706711527e-05,1.0,,,False,508.05107954191044
22967,4967,1.5305331544368528e-05,1.0,,,False,508.15447145793587
22968,4968,1.5317564248107374e-05,1.0,,,False,508.2598401668947
22969,4969,1.532845817564521e-05,1.0,,,False,508.36931104189716
22970,4970,1.5340783647843637e-05,1.0,,,False,508.47489291685633
22971,4971,1.535338924441021e-05,1.0,,,False,508.58263941691257
22972,4972,1.5363535567303188e-05,1.0,,,False,508.6804035420064
22973,4973,1.5377290765172802e-05,1.0,,,False,508.7839934998192
22974,4974,1.5389243344543502e-05,1.0,,,False,508.8980600000359
22975,4975,1.5401101336465217e-05,1.0,,,False,509.0020122078713
22976,4976,1.5409630577778444e-05,1.0,,,False,509.1138089168817
22977,4977,1.5419434930663556e-05,1.0,,,False,509.2175316249486
22978,4978,1.542933205200825e-05,1.0,,,False,509.32559454184957
22979,4979,1.5439447452081367e-05,1.0,,,False,509.42901658290066
22980,4980,1.5447914847754873e-05,1.0,,,False,509.5292527079582
22981,4981,1.5456596884177998e-05,1.0,,,False,509.6263952499721
22982,4982,1.5467583580175415e-05,1.0,,,False,509.7318670828827
22983,4983,1.5476174667128362e-05,1.0,,,False,509.8332337499596
22984,4984,1.5484640243812464e-05,1.0,,,False,509.93993483297527
22985,4985,1.5493043974856846e-05,1.0,,,False,510.0389752499759
22986,4986,1.5500887457164936e-05,1.0,,,False,510.1436088748742
22987,4987,1.5509167496929877e-05,1.0,,,False,510.2409217499662
22988,4988,1.551741297589615e-05,1.0,,,False,510.3346778328996
22989,4989,1.5526968127232976e-05,1.0,,,False,510.4285143748857
22990,4990,1.5535528291366063e-05,1.0,,,False,510.52140249987133
22991,4991,1.554246773594059e-05,1.0,,,False,510.61684491694905
22992,4992,1.5549876479781233e-05,1.0,,,False,510.71774337487295
22993,4993,1.555348717374727e-05,1.0,,,False,510.82613574992865
22994,4994,1.5561112377326936e-05,1.0,,,False,510.9248957079835
22995,4995,1.5565965441055596e-05,1.0,,,False,511.02491912501864
22996,4996,1.557206633151509e-05,1.0,,,False,511.12282329192385
22997,4997,1.557897667225916e-05,1.0,,,False,511.22668916685507
22998,4998,1.5584828361170366e-05,1.0,,,False,511.3253715420142
22999,4999,1.55898724187864e-05,1.0,,,False,511.4245812918525
23000,5000,1.5594196156598628e-05,1.0,0.9997762613267703,0.008384246287734055,False,511.6172327918466
23001,5001,1.5599456673953682e-05,1.0,,,False,511.76004974986427
23002,5002,1.560409327794332e-05,1.0,,,False,511.85249304189347
23003,5003,1.5611252820235677e-05,1.0,,,False,511.9428474998567
23004,5004,1.5616637028870173e-05,1.0,,,False,512.0347778748255
23005,5005,1.5621522834408097e-05,1.0,,,False,512.1306277918629
23006,5006,1.562398210808169e-05,1.0,,,False,512.202380792005
23007,5007,1.5627467291778885e-05,1.0,,,False,512.2739890420344
23008,5008,1.5630361303919926e-05,1.0,,,False,512.3370945418719
23009,5009,1.5634470400982536e-05,1.0,,,False,512.4053305420093
23010,5010,1.563739715493284e-05,1.0,,,False,512.4746927078813
23011,5011,1.5641473510186188e-05,1.0,,,False,512.5442224999424
23012,5012,1.564595731906593e-05,1.0,,,False,512.61260283296
23013,5013,1.564838385093026e-05,1.0,,,False,512.6782231249381
23014,5014,1.565168349770829e-05,1.0,,,False,512.7448400829453
23015,5015,1.565495040267706e-05,1.0,,,False,512.809869374847
23016,5016,1.565781349199824e-05,1.0,,,False,512.87524187495
23017,5017,1.566136234032456e-05,1.0,,,False,512.9451843330171
23018,5018,1.5665875253034756e-05,1.0,,,False,513.0101717498619
23019,5019,1.566456921864301e-05,1.0,,,False,513.0779272918589
23020,5020,1.5666746548959054e-05,1.0,,,False,513.1442619168665
23021,5021,1.5667275874875486e-05,1.0,,,False,513.2097138329409
23022,5022,1.5668429114157334e-05,1.0,,,False,513.2925504578743
23023,5023,1.5670701031922363e-05,1.0,,,False,513.3883695418481
23024,5024,1.5670513676013798e-05,1.0,,,False,513.4824099580292
23025,5025,1.5673687812522985e-05,1.0,,,False,513.5763190828729
23026,5026,1.5674497262807563e-05,1.0,,,False,513.6705027499702
23027,5027,1.5678106137784198e-05,1.0,,,False,513.7640230830293
23028,5028,1.5676396287744865e-05,1.0,,,False,513.8569695418701
23029,5029,1.567866638652049e-05,1.0,,,False,513.9495002499316
23030,5030,1.5679632269893773e-05,1.0,,,False,514.0435321668629
23031,5031,1.5681685908930376e-05,1.0,,,False,514.1377842498478
23032,5032,1.5680130672990344e-05,1.0,,,False,514.2315914169885
23033,5033,1.5682153389207087e-05,1.0,,,False,514.3276445828378
23034,5034,1.5679226635256782e-05,1.0,,,False,514.423023957992
23035,5035,1.568003608554136e-05,1.0,,,False,514.5180448750034
23036,5036,1.5678109775763005e-05,1.0,,,False,514.6106737079099
23037,5037,1.567885556141846e-05,1.0,,,False,514.7039184579626
23038,5038,1.5677951523684897e-05,1.0,,,False,514.7967671668157
23039,5039,1.5678606359870173e-05,1.0,,,False,514.8920272919349
23040,5040,1.567757863085717e-05,1.0,,,False,514.9786159580108
23041,5041,1.5679290299885906e-05,1.0,,,False,515.0438804998994
23042,5042,1.5681001968914643e-05,1.0,,,False,515.1130140419118
23043,5043,1.5679634088883176e-05,1.0,,,False,515.1802488330286
23044,5044,1.5680690921726637e-05,1.0,,,False,515.2461129168514
23045,5045,1.5679166608606465e-05,1.0,,,False,515.3104182919487
23046,5046,1.567764047649689e-05,1.0,,,False,515.3721104168799
23047,5047,1.5675868780817837e-05,1.0,,,False,515.4402421668638
23048,5048,1.5675461327191442e-05,1.0,,,False,515.5078260418959
23049,5049,1.567396793689113e-05,1.0,,,False,515.5775785418227
23050,5050,1.567262916069012e-05,1.0,,,False,515.647337625036
23051,5051,1.5671010260120966e-05,1.0,,,False,515.7136633750051
23052,5052,1.567079198139254e-05,1.0,,,False,515.7834370830096
23053,5053,1.567014078318607e-05,1.0,,,False,515.8516493749339
23054,5054,1.5669485947000794e-05,1.0,,,False,515.9184172078967
23055,5055,1.566721584822517e-05,1.0,,,False,515.9849874998908
23056,5056,1.5667805200791918e-05,1.0,,,False,516.0491564578842
23057,5057,1.5664536476833746e-05,1.0,,,False,516.1159216668457
23058,5058,1.5664505554013886e-05,1.0,,,False,516.1805542500224
23059,5059,1.5664536476833746e-05,1.0,,,False,516.2627362918574
23060,5060,1.5662764781154692e-05,1.0,,,False,516.3643447919749
23061,5061,1.5661298675695434e-05,1.0,,,False,516.4624407920055
23062,5062,1.565859383845236e-05,1.0,,,False,516.5668742498383
23063,5063,1.565675665915478e-05,1.0,,,False,516.6697506250348
23064,5064,1.5653395166737027e-05,1.0,,,False,516.7775945828762
23065,5065,1.565258571645245e-05,1.0,,,False,516.88242849987
23066,5066,1.5651030480512418e-05,1.0,,,False,516.9869252080098
23067,5067,1.5648509361199103e-05,1.0,,,False,517.0937876249664
23068,5068,1.5647823602193967e-05,1.0,,,False,517.1994474579114
23069,5069,1.564701415190939e-05,1.0,,,False,517.3045675419271
23070,5070,1.564564445288852e-05,1.0,,,False,517.4037687499076
23071,5071,1.5645302482880652e-05,1.0,,,False,517.5051410419401
23072,5072,1.5643436199752614e-05,1.0,,,False,517.6156044998206
23073,5073,1.564240847073961e-05,1.0,,,False,517.7212101668119
23074,5074,1.56391706696013e-05,1.0,,,False,517.830194249982
23075,5075,1.5637864635209553e-05,1.0,,,False,517.9389052498154
23076,5076,1.5638299373677e-05,1.0,,,False,518.0480272499844
23077,5077,1.5636338503099978e-05,1.0,,,False,518.1368332079146
23078,5078,1.5635279851267114e-05,1.0,,,False,518.2064861669205
23079,5079,1.5631048881914467e-05,1.0,,,False,518.2747913328931
23080,5080,1.5626004824298434e-05,1.0,,,False,518.3437766248826
23081,5081,1.562628494866658e-05,1.0,,,False,518.4167031669058
23082,5082,1.5622084902133793e-05,1.0,,,False,518.4818305419758
23083,5083,1.5620807971572503e-05,1.0,,,False,518.5471206668299
23084,5084,1.5617228200426325e-05,1.0,,,False,518.6148213329725
23085,5085,1.561586032039486e-05,1.0,,,False,518.6832393328659
23086,5086,1.5613804862368852e-05,1.0,,,False,518.7483023749664
23087,5087,1.5614241419825703e-05,1.0,,,False,518.8270735419355
23088,5088,1.5612653442076407e-05,1.0,,,False,518.9161604580004
23089,5089,1.5610568880219944e-05,1.0,,,False,519.0065532498993
23090,5090,1.560857708682306e-05,1.0,,,False,519.0984013329726
23091,5091,1.560533928568475e-05,1.0,,,False,519.1935036249924
23092,5092,1.560443706694059e-05,1.0,,,False,519.2822541669011
23093,5093,1.5602101484546438e-05,1.0,,,False,519.3517233328894
23094,5094,1.559982956678141e-05,1.0,,,False,519.4204744999297
23095,5095,1.559516203997191e-05,1.0,,,False,519.493532499997
23096,5096,1.5593232092214748e-05,1.0,,,False,519.5644194998313
23097,5097,1.5587878806400113e-05,1.0,,,False,519.6359562079888
23098,5098,1.5584702850901522e-05,1.0,,,False,519.7090763328597
23099,5099,1.5581248590024188e-05,1.0,,,False,519.7927615828812
23100,5100,1.5579847968183458e-05,1.0,0.9998881306633851,0.008294396333924828,False,519.9736607498489
23101,5101,1.5577887097606435e-05,1.0,,,False,520.0658008749597
23102,5102,1.5574494682368822e-05,1.0,,,False,520.1553798329551
23103,5103,1.557396535645239e-05,1.0,,,False,520.24949512491
23104,5104,1.556982533656992e-05,1.0,,,False,520.3427157499827
23105,5105,1.556783536216244e-05,1.0,,,False,520.4385899999179
23106,5106,1.5564412024104968e-05,1.0,,,False,520.5339015419595
23107,5107,1.5561390682705678e-05,1.0,,,False,520.6286776249763
23108,5108,1.5557750884909183e-05,1.0,,,False,520.7228076669853
23109,5109,1.555550807097461e-05,1.0,,,False,520.8182762498036
23110,5110,1.5551246178802103e-05,1.0,,,False,520.9125442919321
23111,5111,1.554763366584666e-05,1.0,,,False,521.0061749168672
23112,5112,1.554464688524604e-05,1.0,,,False,521.1077387079131
23113,5113,1.55401648953557e-05,1.0,,,False,521.2079524998553
23114,5114,1.553459333081264e-05,1.0,,,False,521.3137543329503
23115,5115,1.5530236851191148e-05,1.0,,,False,521.4185198328923
23116,5116,1.5527777577517554e-05,1.0,,,False,521.5224732498173
23117,5117,1.5526034985668957e-05,1.0,,,False,521.6282567498274
23118,5118,1.552295361761935e-05,1.0,,,False,521.7340008330066
23119,5119,1.5517847714363597e-05,1.0,,,False,521.8350637918338
23120,5120,1.5514238839386962e-05,1.0,,,False,521.934373332886
23121,5121,1.550963133922778e-05,1.0,,,False,522.0342083750293
23122,5122,1.550449633214157e-05,1.0,,,False,522.1358451668639
23123,5123,1.5499577784794383e-05,1.0,,,False,522.2411082920153
23124,5124,1.5494566468987614e-05,1.0,,,False,522.3450069169048
23125,5125,1.549061380501371e-05,1.0,,,False,522.4460830418393
23126,5126,1.5485167750739492e-05,1.0,,,False,522.5517137499992
23127,5127,1.5480372894671746e-05,1.0,,,False,522.6569389170036
23128,5128,1.547548708913382e-05,1.0,,,False,522.7607373748906
23129,5129,1.5473277017008513e-05,1.0,,,False,522.8583889999427
23130,5130,1.546854582556989e-05,1.0,,,False,522.9584308329504
23131,5131,1.546238490846008e-05,1.0,,,False,523.0610048328526
23132,5132,1.545976920169778e-05,1.0,,,False,523.1560342919547
23133,5133,1.5453359083039686e-05,1.0,,,False,523.256426082924
23134,5134,1.5450992577825673e-05,1.0,,,False,523.3596811669413
23135,5135,1.544439328426961e-05,1.0,,,False,523.4610236249864
23136,5136,1.543832513561938e-05,1.0,,,False,523.5644874998834
23137,5137,1.543306279927492e-05,1.0,,,False,523.6628915828187
23138,5138,1.5427182006533258e-05,1.0,,,False,523.768939249916
23139,5139,1.5419651390402578e-05,1.0,,,False,523.8672167919576
23140,5140,1.5414329027407803e-05,1.0,,,False,523.9703440419398
23141,5141,1.5407107639475726e-05,1.0,,,False,524.0649435420055
23142,5142,1.540190896776039e-05,1.0,,,False,524.1594130420126
23143,5143,1.5394096408272162e-05,1.0,,,False,524.2551888329908
23144,5144,1.5388495739898644e-05,1.0,,,False,524.3504193329718
23145,5145,1.5384977814392187e-05,1.0,,,False,524.4440305419266
23146,5146,1.5380714103230275e-05,1.0,,,False,524.5393072918523
23147,5147,1.537308889965061e-05,1.0,,,False,524.633243124932
23148,5148,1.5368141248472966e-05,1.0,,,False,524.7278087919112
23149,5149,1.5361853002104908e-05,1.0,,,False,524.8267186668236
23150,5150,1.5357059965026565e-05,1.0,,,False,524.9208094170317
23151,5151,1.5350709873018786e-05,1.0,,,False,525.0150762498379
23152,5152,1.5342897313530557e-05,1.0,,,False,525.1088117079344
23153,5153,1.5335335774580017e-05,1.0,,,False,525.2008817079477
23154,5154,1.5327865185099654e-05,1.0,,,False,525.2959304170217
23155,5155,1.5322106264648028e-05,1.0,,,False,525.3900359580293
23156,5156,1.531463749415707e-05,1.0,,,False,525.4838326668832
23157,5157,1.531006273580715e-05,1.0,,,False,525.5774717498571
23158,5158,1.5303277905331925e-05,1.0,,,False,525.6720709579531
23159,5159,1.5297922800527886e-05,1.0,,,False,525.7659175829031
23160,5160,1.5289489965653047e-05,1.0,,,False,525.8596777080093
23161,5161,1.52836691995617e-05,1.0,,,False,525.9525731250178
23162,5162,1.5277131751645356e-05,1.0,,,False,526.0464604578447
23163,5163,1.5271560187102295e-05,1.0,,,False,526.1421266249381
23164,5164,1.5264464309439063e-05,1.0,,,False,526.2372713750228
23165,5165,1.5259267456713133e-05,1.0,,,False,526.3302787919529
23166,5166,1.525185871287249e-05,1.0,,,False,526.4199171669316
23167,5167,1.5244484529830515e-05,1.0,,,False,526.5123124998063
23168,5168,1.5237821571645327e-05,1.0,,,False,526.6077447498683
23169,5169,1.5230664757837076e-05,1.0,,,False,526.7031091668177
23170,5170,1.5224563867377583e-05,1.0,,,False,526.7973876670003
23171,5171,1.5216409337881487e-05,1.0,,,False,526.8990450829733
23172,5172,1.5212113794405013e-05,1.0,,,False,527.0048474168871
23173,5173,1.5204736882878933e-05,1.0,,,False,527.1067084998358
23174,5174,1.5199570952972863e-05,1.0,,,False,527.2073586669285
23175,5175,1.5192287719401065e-05,1.0,,,False,527.315710542025
23176,5176,1.5184319636318833e-05,1.0,,,False,527.4145633329172
23177,5177,1.5178032299445476e-05,1.0,,,False,527.5084540420212
23178,5178,1.516938027634751e-05,1.0,,,False,527.6147498330101
23179,5179,1.516573775006691e-05,1.0,,,False,527.7162504999433
23180,5180,1.5156681001826655e-05,1.0,,,False,527.8122201249935
23181,5181,1.5150143553910311e-05,1.0,,,False,527.9144066248555
23182,5182,1.514348423370393e-05,1.0,,,False,528.0168002918363
23183,5183,1.5136231922951993e-05,1.0,,,False,528.1163803748786
23184,5184,1.5128140148590319e-05,1.0,,,False,528.2240211670287
23185,5185,1.5120701391424518e-05,1.0,,,False,528.3222575830296
23186,5186,1.5115534552023746e-05,1.0,,,False,528.4237199169584
23187,5187,1.5109496416698676e-05,1.0,,,False,528.522769624833
23188,5188,1.5103427358553745e-05,1.0,,,False,528.6248210419435
23189,5189,1.5096984498086385e-05,1.0,,,False,528.7271719169803
23190,5190,1.5090603483258747e-05,1.0,,,False,528.8325718329288
23191,5191,1.5085623090271838e-05,1.0,,,False,528.9328292079736
23192,5192,1.5075818737386726e-05,1.0,,,False,529.030717624817
23193,5193,1.5071367670316249e-05,1.0,,,False,529.130003917031
23194,5194,1.5062933016452007e-05,1.0,,,False,529.2362781669945
23195,5195,1.5056240954436362e-05,1.0,,,False,529.3423514168244
23196,5196,1.5049332432681695e-05,1.0,,,False,529.4442742499523
23197,5197,1.5043076018628199e-05,1.0,,,False,529.5486462919507
23198,5198,1.503663315816084e-05,1.0,,,False,529.6474676670041
23199,5199,1.5029319911263883e-05,1.0,,,False,529.7504963749088
23200,5200,1.5024276763142552e-05,1.0,0.9998881306633851,0.008263297195584926,False,529.9300539998803
23201,5201,1.5019110833236482e-05,1.0,,,False,530.0263965418562
23202,5202,1.501313363405643e-05,1.0,,,False,530.1198559999466
23203,5203,1.5006940884632058e-05,1.0,,,False,530.213774374919
23204,5204,1.5000281564425677e-05,1.0,,,False,530.3079107499216
23205,5205,1.499349582445575e-05,1.0,,,False,530.4027427919209
23206,5206,1.4985994312155526e-05,1.0,,,False,530.4981372498441
23207,5207,1.4980734704295173e-05,1.0,,,False,530.5919824580196
23208,5208,1.4974167243053671e-05,1.0,,,False,530.6858694998082
23209,5209,1.496952972956933e-05,1.0,,,False,530.779031541897
23210,5210,1.4965700756874867e-05,1.0,,,False,530.8743015418295
23211,5211,1.4956644008634612e-05,1.0,,,False,530.9683816249017
23212,5212,1.4951289813325275e-05,1.0,,,False,531.0718229999766
23213,5213,1.4942544112273026e-05,1.0,,,False,531.1827502918895
23214,5214,1.4937253581592813e-05,1.0,,,False,531.2845674578566
23215,5215,1.4929564713384025e-05,1.0,,,False,531.3857346668374
23216,5216,1.4928258678992279e-05,1.0,,,False,531.4815891669132
23217,5217,1.4920196917955764e-05,1.0,,,False,531.5841258750297
23218,5218,1.4916990949132014e-05,1.0,,,False,531.6922079999931
23219,5219,1.4908399862179067e-05,1.0,,,False,531.8043247079477
23220,5220,1.4902393559168559e-05,1.0,,,False,531.9014062078204
23221,5221,1.4894829291733913e-05,1.0,,,False,532.0021769169252
23222,5222,1.488854377384996e-05,1.0,,,False,532.1088637919165
23223,5223,1.4884030861139763e-05,1.0,,,False,532.2141192918643
23224,5224,1.4876342902425677e-05,1.0,,,False,532.3243351248093
23225,5225,1.487463123339694e-05,1.0,,,False,532.4320664999541
23226,5226,1.4864765944366809e-05,1.0,,,False,532.533500457881
23227,5227,1.4861529052723199e-05,1.0,,,False,532.6329568750225
23228,5228,1.4850790648779366e-05,1.0,,,False,532.7212227918208
23229,5229,1.4846744306851178e-05,1.0,,,False,532.8144999998622
23230,5230,1.483846517658094e-05,1.0,,,False,532.9083630419336
23231,5231,1.4835103684163187e-05,1.0,,,False,533.003904499812
23232,5232,1.482735387980938e-05,1.0,,,False,533.0991080419626
23233,5233,1.4823774108663201e-05,1.0,,,False,533.1967928749509
23234,5234,1.4818888303125277e-05,1.0,,,False,533.2932164578233
23235,5235,1.4814125279372092e-05,1.0,,,False,533.3883829580154
23236,5236,1.4807651496084873e-05,1.0,,,False,533.4829321668949
23237,5237,1.4800959434069227e-05,1.0,,,False,533.5848903749138
23238,5238,1.4794859453104436e-05,1.0,,,False,533.6874469169416
23239,5239,1.4790004570386373e-05,1.0,,,False,533.7894069999456
23240,5240,1.4785272469453048e-05,1.0,,,False,533.8910846668296
23241,5241,1.4782285688852426e-05,1.0,,,False,533.9860027499963
23242,5242,1.4773631846765056e-05,1.0,,,False,534.0809366668109
23243,5243,1.4768310393264983e-05,1.0,,,False,534.1790559999645
23244,5244,1.4760872545593884e-05,1.0,,,False,534.2769833749626
23245,5245,1.4755330994375981e-05,1.0,,,False,534.3783602078911
23246,5246,1.4748265130037908e-05,1.0,,,False,534.4809287919197
23247,5247,1.4743597603228409e-05,1.0,,,False,534.5843883329071
23248,5248,1.4736562661710195e-05,1.0,,,False,534.6817705000285
23249,5249,1.4730556358699687e-05,1.0,,,False,534.7797534170095
23250,5250,1.4725109394930769e-05,1.0,,,False,534.8814030420035
23251,5251,1.4717328667757101e-05,1.0,,,False,534.9853752499912
23252,5252,1.4711258700117469e-05,1.0,,,False,535.0786470829044
23253,5253,1.4704006389365532e-05,1.0,,,False,535.18282679189
23254,5254,1.4697843653266318e-05,1.0,,,False,535.2816776668187
23255,5255,1.4689627278130502e-05,1.0,,,False,535.3808647079859
23256,5256,1.468212667532498e-05,1.0,,,False,535.4820356250275
23257,5257,1.4678608749818522e-05,1.0,,,False,535.5768258329481
23258,5258,1.4671358258055989e-05,1.0,,,False,535.6723815829027
23259,5259,1.466584944864735e-05,1.0,,,False,535.7551741248462
23260,5260,1.4657601241196971e-05,1.0,,,False,535.8276045829989
23261,5261,1.4653025573352352e-05,1.0,,,False,535.8988903330173
23262,5262,1.4646271665696986e-05,1.0,,,False,535.9641565829515
23263,5263,1.4639704204455484e-05,1.0,,,False,536.0348974999506
23264,5264,1.4632763850386254e-05,1.0,,,False,536.1006492499728
23265,5265,1.4626258234784473e-05,1.0,,,False,536.1656050418969
23266,5266,1.4616641237807926e-05,1.0,,,False,536.2308201249689
23267,5267,1.4610788639402017e-05,1.0,,,False,536.2973768329248
23268,5268,1.4605622709495947e-05,1.0,,,False,536.3657488329336
23269,5269,1.4602665032725781e-05,1.0,,,False,536.4325168749783
23270,5270,1.4596907931263559e-05,1.0,,,False,536.4993782499805
23271,5271,1.4589718375646044e-05,1.0,,,False,536.566113416804
23272,5272,1.4582466064894106e-05,1.0,,,False,536.6341345419642
23273,5273,1.4575524801330175e-05,1.0,,,False,536.702972457977
23274,5274,1.4571136489394121e-05,1.0,,,False,536.7734006249812
23275,5275,1.4562950127583463e-05,1.0,,,False,536.8408214580268
23276,5276,1.455915298720356e-05,1.0,,,False,536.9086498748511
23277,5277,1.4549163097399287e-05,1.0,,,False,536.9755772498902
23278,5278,1.4543529687216505e-05,1.0,,,False,537.0399677499663
23279,5279,1.4533850844600238e-05,1.0,,,False,537.1107823748607
23280,5280,1.4528030078508891e-05,1.0,,,False,537.1770034579094
23281,5281,1.4518816897179931e-05,1.0,,,False,537.2433229170274
23282,5282,1.4513339010591153e-05,1.0,,,False,537.3138912080321
23283,5283,1.4506616025755648e-05,1.0,,,False,537.380703917006
23284,5284,1.4498709788313136e-05,1.0,,,False,537.4505364168435
23285,5285,1.4491209185507614e-05,1.0,,,False,537.5202920830343
23286,5286,1.4484672647085972e-05,1.0,,,False,537.5844196670223
23287,5287,1.4478760022029746e-05,1.0,,,False,537.6516525419429
23288,5288,1.4471506801783107e-05,1.0,,,False,537.7220929998439
23289,5289,1.4466124412138015e-05,1.0,,,False,537.7895976668224
23290,5290,1.4458591977017932e-05,1.0,,,False,537.8584880828857
23291,5291,1.4449627997237258e-05,1.0,,,False,537.9254409170244
23292,5292,1.444237568648532e-05,1.0,,,False,537.9949497499038
23293,5293,1.4437675417866558e-05,1.0,,,False,538.0577239578124
23294,5294,1.4429583643504884e-05,1.0,,,False,538.1289545828477
23295,5295,1.4425132576434407e-05,1.0,,,False,538.1985988749657
23296,5296,1.4415888472285587e-05,1.0,,,False,538.2724447078072
23297,5297,1.4410192306968383e-05,1.0,,,False,538.3380474578589
23298,5298,1.4401914086192846e-05,1.0,,,False,538.4055401249789
23299,5299,1.4393757737707347e-05,1.0,,,False,538.4740671250038
23300,5300,1.438737763237441e-05,1.0,0.9998881306633851,0.008380812911499235,False,538.6010324170347
23301,5301,1.4381245819095057e-05,1.0,,,False,538.6763963748235
23302,5302,1.4375083992490545e-05,1.0,,,False,538.7437857079785
23303,5303,1.436798720533261e-05,1.0,,,False,538.8115347498097
23304,5304,1.4362478395923972e-05,1.0,,,False,538.881759957876
23305,5305,1.4353888218465727e-05,1.0,,,False,538.9499771669507
23306,5306,1.4348845979839098e-05,1.0,,,False,539.0158831248991
23307,5307,1.433826400898397e-05,1.0,,,False,539.0827253749594
23308,5308,1.433287798136007e-05,1.0,,,False,539.1496552079916
23309,5309,1.4325502888823394e-05,1.0,,,False,539.2146214169916
23310,5310,1.4319526599138044e-05,1.0,,,False,539.280480624875
23311,5311,1.4315074622572865e-05,1.0,,,False,539.3444969998673
23312,5312,1.4308197023638058e-05,1.0,,,False,539.4154010829516
23313,5313,1.430356041964842e-05,1.0,,,False,539.4831670420244
23314,5314,1.4295685105025768e-05,1.0,,,False,539.5522828749381
23315,5315,1.4289896171248984e-05,1.0,,,False,539.6244574999437
23316,5316,1.4282145457400475e-05,1.0,,,False,539.6932063749991
23317,5317,1.4276108231570106e-05,1.0,,,False,539.7616661249194
23318,5318,1.426988274033647e-05,1.0,,,False,539.8295982920099
23319,5319,1.4263190678320825e-05,1.0,,,False,539.9261214169674
23320,5320,1.4259020645113196e-05,1.0,,,False,540.0218534579035
23321,5321,1.4255440873967018e-05,1.0,,,False,540.1167606669478
23322,5322,1.4249247215047944e-05,1.0,,,False,540.209198041819
23323,5323,1.4243831174098887e-05,1.0,,,False,540.2914083749056
23324,5324,1.4238043149816804e-05,1.0,,,False,540.3573352920357
23325,5325,1.4230509805202018e-05,1.0,,,False,540.4255252918229
23326,5326,1.4224098777049221e-05,1.0,,,False,540.4977279168088
23327,5327,1.4217438547348138e-05,1.0,,,False,540.5668951249681
23328,5328,1.4212923815648537e-05,1.0,,,False,540.6339466669597
23329,5329,1.420744683855446e-05,1.0,,,False,540.7033996668179
23330,5330,1.4202871170709841e-05,1.0,,,False,540.7733937078156
23331,5331,1.41963355417829e-05,1.0,,,False,540.8380056668539
23332,5332,1.4195121366356034e-05,1.0,,,False,540.908020166913
23333,5333,1.4185504369379487e-05,1.0,,,False,540.9782519580331
23334,5334,1.4181861843098886e-05,1.0,,,False,541.0484098750167
23335,5335,1.4174704119795933e-05,1.0,,,False,541.118194457842
23336,5336,1.4170532267598901e-05,1.0,,,False,541.1905248328112
23337,5337,1.4165399079502095e-05,1.0,,,False,541.2582206248771
23338,5338,1.4160758837533649e-05,1.0,,,False,541.3252317500301
23339,5339,1.4155719327391125e-05,1.0,,,False,541.3934865000192
23340,5340,1.415363385603996e-05,1.0,,,False,541.4656748329289
23341,5341,1.4146506146062165e-05,1.0,,,False,541.5385876668151
23342,5342,1.4141868632577825e-05,1.0,,,False,541.6087552078534
23343,5343,1.4135456694930326e-05,1.0,,,False,541.684213582892
23344,5344,1.4130290765024256e-05,1.0,,,False,541.7544522499666
23345,5345,1.412646088283509e-05,1.0,,,False,541.8258269999642
23346,5346,1.412307028658688e-05,1.0,,,False,541.8953296670225
23347,5347,1.4118835679255426e-05,1.0,,,False,541.9664664168376
23348,5348,1.4115941667114384e-05,1.0,,,False,542.035066582961
23349,5349,1.4110836673353333e-05,1.0,,,False,542.1076678750105
23350,5350,1.4104271031101234e-05,1.0,,,False,542.178809291916
23351,5351,1.4099603504291736e-05,1.0,,,False,542.2493312079459
23352,5352,1.4093969184614252e-05,1.0,,,False,542.3215379579924
23353,5353,1.40906076921965e-05,1.0,,,False,542.3933874578215
23354,5354,1.4085504517424852e-05,1.0,,,False,542.4621677920222
23355,5355,1.4081146218813956e-05,1.0,,,False,542.5313494168222
23356,5356,1.4079590073379222e-05,1.0,,,False,542.6005737918895
23357,5357,1.4075605577090755e-05,1.0,,,False,542.6712560418528
23358,5358,1.4070781617192551e-05,1.0,,,False,542.7414265000261
23359,5359,1.406598948960891e-05,1.0,,,False,542.8086902080104
23360,5360,1.4061225556361023e-05,1.0,,,False,542.8791313748807
23361,5361,1.4056496183911804e-05,1.0,,,False,542.9496270830277
23362,5362,1.4050924619368743e-05,1.0,,,False,543.0193465419579
23363,5363,1.4045851457922254e-05,1.0,,,False,543.0869385828264
23364,5364,1.4042427210370079e-05,1.0,,,False,543.1557284579612
23365,5365,1.4039470443094615e-05,1.0,,,False,543.2220198328141
23366,5366,1.403968872182304e-05,1.0,,,False,543.2889122918714
23367,5367,1.403368150931783e-05,1.0,,,False,543.3549643328879
23368,5368,1.4031160390004516e-05,1.0,,,False,543.4237067499198
23369,5369,1.4023689800524153e-05,1.0,,,False,543.4933569168206
23370,5370,1.4021511560713407e-05,1.0,,,False,543.5629743749741
23371,5371,1.4015410670253914e-05,1.0,,,False,543.6308089999948
23372,5372,1.4011955499881878e-05,1.0,,,False,543.7147894168738
23373,5373,1.400598011969123e-05,1.0,,,False,543.8096184998285
23374,5374,1.40037072924315e-05,1.0,,,False,543.8991711249109
23375,5375,1.3996704183227848e-05,1.0,,,False,543.9954397499096
23376,5376,1.3995583685755264e-05,1.0,,,False,544.0904337919783
23377,5377,1.3992284948471934e-05,1.0,,,False,544.1824060829822
23378,5378,1.3990884326631203e-05,1.0,,,False,544.2742336669471
23379,5379,1.3988269529363606e-05,1.0,,,False,544.3686052919365
23380,5380,1.3983415556140244e-05,1.0,,,False,544.461362541886
23381,5381,1.3979772120364942e-05,1.0,,,False,544.5521658328362
23382,5382,1.3974888133816421e-05,1.0,,,False,544.6471800419968
23383,5383,1.3971525731903967e-05,1.0,,,False,544.7409028748516
23384,5384,1.3967790437163785e-05,1.0,,,False,544.8328710419592
23385,5385,1.396377592755016e-05,1.0,,,False,544.9261196670122
23386,5386,1.3961409422336146e-05,1.0,,,False,545.0169160419609
23387,5387,1.3956679140392225e-05,1.0,,,False,545.1071988749318
23388,5388,1.3952850167697761e-05,1.0,,,False,545.1897550418507
23389,5389,1.394843275193125e-05,1.0,,,False,545.2575613749214
23390,5390,1.3944136298960075e-05,1.0,,,False,545.3575348749291
23391,5391,1.3939405107521452e-05,1.0,,,False,545.4463664998766
23392,5392,1.3936697541794274e-05,1.0,,,False,545.5401042918675
23393,5393,1.3934613889432512e-05,1.0,,,False,545.6317257918417
23394,5394,1.3931531611888204e-05,1.0,,,False,545.7269008748699
23395,5395,1.392944705003174e-05,1.0,,,False,545.8172550420277
23396,5396,1.3925244275014848e-05,1.0,,,False,545.912004374899
23397,5397,1.3920855963078793e-05,1.0,,,False,546.0124953328632
23398,5398,1.3917245269112755e-05,1.0,,,False,546.1038220420014
23399,5399,1.39128569571767e-05,1.0,,,False,546.200298666954
23400,5400,1.3907970242144074e-05,1.0,0.9998881306633851,0.008565496340133356,False,546.381021542009
23401,5401,1.3906973435950931e-05,1.0,,,False,546.4766017920338
23402,5402,1.3901963029638864e-05,1.0,,,False,546.5695973329712
23403,5403,1.3901526472182013e-05,1.0,,,False,546.6709728329442
23404,5404,1.38971081469208e-05,1.0,,,False,546.7746587919537
23405,5405,1.3893745745008346e-05,1.0,,,False,546.873895916855
23406,5406,1.3892346032662317e-05,1.0,,,False,546.9742710830178
23407,5407,1.388888995279558e-05,1.0,,,False,547.0797270420007
23408,5408,1.3886183296563104e-05,1.0,,,False,547.1838689998258
23409,5409,1.3881326594855636e-05,1.0,,,False,547.2844366249628
23410,5410,1.3878588106308598e-05,1.0,,,False,547.3748654578812
23411,5411,1.3876720004191156e-05,1.0,,,False,547.4467276670039
23412,5412,1.38740751935984e-05,1.0,,,False,547.5178922498599
23413,5413,1.3871896953787655e-05,1.0,,,False,547.5920702498406
23414,5414,1.3865640539734159e-05,1.0,,,False,547.6672593329567
23415,5415,1.3864115317119285e-05,1.0,,,False,547.7423933329992
23416,5416,1.385882387694437e-05,1.0,,,False,547.8150184578262
23417,5417,1.3854964890924748e-05,1.0,,,False,547.8876166669652
23418,5418,1.3850451068719849e-05,1.0,,,False,547.9564260418992
23419,5419,1.3848397429683246e-05,1.0,,,False,548.0284191668034
23420,5420,1.3845407920598518e-05,1.0,,,False,548.135918624932
23421,5421,1.3841922736901324e-05,1.0,,,False,548.239673582837
23422,5422,1.3840086467098445e-05,1.0,,,False,548.3461732498836
23423,5423,1.3837192454957403e-05,1.0,,,False,548.4570682919584
23424,5424,1.3833519005856942e-05,1.0,,,False,548.5680611249991
23425,5425,1.38287268782733e-05,1.0,,,False,548.6714297919534
23426,5426,1.3825333553540986e-05,1.0,,,False,548.7720153748523
23427,5427,1.381994934490649e-05,1.0,,,False,548.8631103748921
23428,5428,1.381767651764676e-05,1.0,,,False,548.9603126668371
23429,5429,1.3814253179589286e-05,1.0,,,False,549.0668614169117
23430,5430,1.3811980352329556e-05,1.0,,,False,549.1678352919407
23431,5431,1.3808215044264216e-05,1.0,,,False,549.2698563330341
23432,5432,1.3806191418552771e-05,1.0,,,False,549.3703164579347
23433,5433,1.380012236040784e-05,1.0,,,False,549.4654914168641
23434,5434,1.3800465239910409e-05,1.0,,,False,549.5624826250132
23435,5435,1.3796356142847799e-05,1.0,,,False,549.6604437078349
23436,5436,1.3792746358376462e-05,1.0,,,False,549.7666829999071
23437,5437,1.3786925592285115e-05,1.0,,,False,549.8691101670265
23438,5438,1.3782101632386912e-05,1.0,,,False,549.9779055418912
23439,5439,1.3777308595308568e-05,1.0,,,False,550.0777025828138
23440,5440,1.3775003935734276e-05,1.0,,,False,550.1838784578722
23441,5441,1.3772950296697672e-05,1.0,,,False,550.2856776670087
23442,5442,1.377002536173677e-05,1.0,,,False,550.3851766670123
23443,5443,1.3766882148047443e-05,1.0,,,False,550.4909069999121
23444,5444,1.3762243725068402e-05,1.0,,,False,550.5891885419842
23445,5445,1.3759006833424792e-05,1.0,,,False,550.6951844168361
23446,5446,1.3755862710240763e-05,1.0,,,False,550.7990995419677
23447,5447,1.3753436178376433e-05,1.0,,,False,550.9054171668831
23448,5448,1.3749607205681968e-05,1.0,,,False,551.0085923329461
23449,5449,1.3746091099164914e-05,1.0,,,False,551.1131724580191
23450,5450,1.3740175745624583e-05,1.0,,,False,551.2194510828704
23451,5451,1.3735383618040942e-05,1.0,,,False,551.323648207821
23452,5452,1.3731367289437912e-05,1.0,,,False,551.4220784169156
23453,5453,1.3728879821428563e-05,1.0,,,False,551.5236792080104
23454,5454,1.3725890312343836e-05,1.0,,,False,551.6291492499877
23455,5455,1.372193764836993e-05,1.0,,,False,551.7342345828656
23456,5456,1.3718390619033016e-05,1.0,,,False,551.8362906668335
23457,5457,1.3714716260437854e-05,1.0,,,False,551.9402292079758
23458,5458,1.3712818144995254e-05,1.0,,,False,552.042387999827
23459,5459,1.3707868674828205e-05,1.0,,,False,552.1487902079243
23460,5460,1.3702049727726262e-05,1.0,,,False,552.2536015829537
23461,5461,1.369828351016622e-05,1.0,,,False,552.345329582924
23462,5462,1.369221445202129e-05,1.0,,,False,552.4380583330058
23463,5463,1.3690346349903848e-05,1.0,,,False,552.5382118748967
23464,5464,1.368620723951608e-05,1.0,,,False,552.637238916941
23465,5465,1.3685086742043495e-05,1.0,,,False,552.7375209168531
23466,5466,1.368212906527333e-05,1.0,,,False,552.8426502498332
23467,5467,1.3678114555659704e-05,1.0,,,False,552.9395573330112
23468,5468,1.3676246453542262e-05,1.0,,,False,553.040455874987
23469,5469,1.3670208318217192e-05,1.0,,,False,553.1404473329894
23470,5470,1.3667251550941728e-05,1.0,,,False,553.2499242499471
23471,5471,1.366174274153309e-05,1.0,,,False,553.3507269578986
23472,5472,1.365993739455007e-05,1.0,,,False,553.4577282499522
23473,5473,1.365296611766098e-05,1.0,,,False,553.5613921668846
23474,5474,1.365159641864011e-05,1.0,,,False,553.665816541994
23475,5475,1.3645651961269323e-05,1.0,,,False,553.767295624828
23476,5476,1.3642073099617846e-05,1.0,,,False,553.8720931669232
23477,5477,1.3637746633321512e-05,1.0,,,False,553.9784092078917
23478,5478,1.3633202797791455e-05,1.0,,,False,554.0861666249111
23479,5479,1.3630338798975572e-05,1.0,,,False,554.1883150828071
23480,5480,1.3623149243358057e-05,1.0,,,False,554.2963438748848
23481,5481,1.3622184269479476e-05,1.0,,,False,554.4049480829854
23482,5482,1.3616364412882831e-05,1.0,,,False,554.5049727919977
23483,5483,1.3615181160275824e-05,1.0,,,False,554.6088426669594
23484,5484,1.3610232599603478e-05,1.0,,,False,554.703988666879
23485,5485,1.3607088476419449e-05,1.0,,,False,554.813015082851
23486,5486,1.360157966701081e-05,1.0,,,False,554.913279542001
23487,5487,1.3597159522760194e-05,1.0,,,False,555.0213521248661
23488,5488,1.3591775314125698e-05,1.0,,,False,555.1237790829036
23489,5489,1.3587013199867215e-05,1.0,,,False,555.2213761669118
23490,5490,1.3583993677457329e-05,1.0,,,False,555.3158072079532
23491,5491,1.3582531209976878e-05,1.0,,,False,555.4092744169757
23492,5492,1.3579106962424703e-05,1.0,,,False,555.5009780419059
23493,5493,1.3572383977589197e-05,1.0,,,False,555.59213549993
23494,5494,1.3568026588473003e-05,1.0,,,False,555.6838692920282
23495,5495,1.3561615560320206e-05,1.0,,,False,555.7765085829888
23496,5496,1.3559094441006891e-05,1.0,,,False,555.8675208748318
23497,5497,1.3552900782087818e-05,1.0,,,False,555.9561564580072
23498,5498,1.3552776181313675e-05,1.0,,,False,556.0445934578311
23499,5499,1.354564847133588e-05,1.0,,,False,556.1357478748541
23500,5500,1.3545523870561738e-05,1.0,0.9998881306633851,0.008698022954692042,False,556.3109864578582
23501,5501,1.3538427992898505e-05,1.0,,,False,556.405305541819
23502,5502,1.3534474419429898e-05,1.0,,,False,556.4932374579366
23503,5503,1.352759591100039e-05,1.0,,,False,556.5812881668098
23504,5504,1.3524982023227494e-05,1.0,,,False,556.6708682919852
23505,5505,1.3519565982278436e-05,1.0,,,False,556.7607694999315
23506,5506,1.3516017133952118e-05,1.0,,,False,556.8530719168484
23507,5507,1.3512935765902512e-05,1.0,,,False,556.9460737078916
23508,5508,1.3509698874258902e-05,1.0,,,False,557.0389744169079
23509,5509,1.350450111203827e-05,1.0,,,False,557.1281220419332
23510,5510,1.350173079117667e-05,1.0,,,False,557.2180377498735
23511,5511,1.3498619409801904e-05,1.0,,,False,557.3065204578452
23512,5512,1.3493700862454716e-05,1.0,,,False,557.3959352499805
23513,5513,1.3488378499459941e-05,1.0,,,False,557.4845715828706
23514,5514,1.3485454473993741e-05,1.0,,,False,557.5750732079614
23515,5515,1.3479414519679267e-05,1.0,,,False,557.6632411668543
23516,5516,1.3478700566338375e-05,1.0,,,False,557.7537444578484
23517,5517,1.3470296835293993e-05,1.0,,,False,557.841084707994
23518,5518,1.346923818346113e-05,1.0,,,False,557.9309152499773
23519,5519,1.3460336958814878e-05,1.0,,,False,558.0204252919648
23520,5520,1.3457286513585132e-05,1.0,,,False,558.1200089168269
23521,5521,1.3451216545945499e-05,1.0,,,False,558.2151440829039
23522,5522,1.3446828234009445e-05,1.0,,,False,558.3132336668205
23523,5523,1.3442781892081257e-05,1.0,,,False,558.4242377078626
23524,5524,1.3438829228107352e-05,1.0,,,False,558.531389666954
23525,5525,1.3435312212095596e-05,1.0,,,False,558.6327617079951
23526,5526,1.343092299066484e-05,1.0,,,False,558.7299108749721
23527,5527,1.3427561498247087e-05,1.0,,,False,558.8359187080059
23528,5528,1.3421087714959867e-05,1.0,,,False,558.9331924999133
23529,5529,1.3416731235338375e-05,1.0,,,False,559.0365567919798
23530,5530,1.3410692190518603e-05,1.0,,,False,559.1416333748493
23531,5531,1.3406708603724837e-05,1.0,,,False,559.2416561248247
23532,5532,1.340126163995592e-05,1.0,,,False,559.338689457858
23533,5533,1.3397338989307173e-05,1.0,,,False,559.4388409578241
23534,5534,1.3393138033279683e-05,1.0,,,False,559.5440442080144
23535,5535,1.339015034318436e-05,1.0,,,False,559.6473748749122
23536,5536,1.3385884813033044e-05,1.0,,,False,559.7477964579593
23537,5537,1.338233778369613e-05,1.0,,,False,559.8438803330064
23538,5538,1.337589492322877e-05,1.0,,,False,559.9434494168963
23539,5539,1.3370883607422002e-05,1.0,,,False,560.0428042078856
23540,5540,1.3364503502089065e-05,1.0,,,False,560.1383329578675
23541,5541,1.3361297533265315e-05,1.0,,,False,560.2484290418215
23542,5542,1.3356535419006832e-05,1.0,,,False,560.3554594169836
23543,5543,1.3353392205317505e-05,1.0,,,False,560.4577779169194
23544,5544,1.334897297056159e-05,1.0,,,False,560.5591195418965
23545,5545,1.3344677427085117e-05,1.0,,,False,560.6519724579994
23546,5546,1.3338016287889332e-05,1.0,,,False,560.7509084169287
23547,5547,1.3333534297998995e-05,1.0,,,False,560.8520261249505
23548,5548,1.3328492059372365e-05,1.0,,,False,560.9502469578292
23549,5549,1.3325504369277041e-05,1.0,,,False,561.0191188750323
23550,5550,1.3320555808604695e-05,1.0,,,False,561.1054249578156
23551,5551,1.331843941443367e-05,1.0,,,False,561.2072137079667
23552,5552,1.3313023373484612e-05,1.0,,,False,561.3102716249414
23553,5553,1.3310035683389287e-05,1.0,,,False,561.4077171669342
23554,5554,1.3302628758538049e-05,1.0,,,False,561.5109606250189
23555,5555,1.3299733836902305e-05,1.0,,,False,561.6084328328725
23556,5556,1.3292606126924511e-05,1.0,,,False,561.7103009580169
23557,5557,1.3288995432958473e-05,1.0,,,False,561.8249731250107
23558,5558,1.3282586223795079e-05,1.0,,,False,561.9273442078847
23559,5559,1.3278476217237767e-05,1.0,,,False,562.0269666248932
23560,5560,1.327452264376916e-05,1.0,,,False,562.1343640829436
23561,5561,1.3270696399558801e-05,1.0,,,False,562.2373055829667
23562,5562,1.3266087080410216e-05,1.0,,,False,562.3357513328083
23563,5563,1.3261607819003984e-05,1.0,,,False,562.4373394169379
23564,5564,1.32549466798082e-05,1.0,,,False,562.5418743328191
23565,5565,1.3251024938654155e-05,1.0,,,False,562.6445700419135
23566,5566,1.3243336979940068e-05,1.0,,,False,562.7390644999687
23567,5567,1.3238450264907442e-05,1.0,,,False,562.8419021249283
23568,5568,1.3232443052402232e-05,1.0,,,False,562.9514955829363
23569,5569,1.3229392607172485e-05,1.0,,,False,563.0551583748311
23570,5570,1.3224944268586114e-05,1.0,,,False,563.1575786669273
23571,5571,1.3223728274169844e-05,1.0,,,False,563.2669290418271
23572,5572,1.3217131709097885e-05,1.0,,,False,563.3679415828083
23573,5573,1.3215232684160583e-05,1.0,,,False,563.4701442499645
23574,5574,1.3206393305154052e-05,1.0,,,False,563.5767827918753
23575,5575,1.3203123671701178e-05,1.0,,,False,563.6879719998688
23576,5576,1.319531202170765e-05,1.0,,,False,563.7899035420269
23577,5577,1.31883098219987e-05,1.0,,,False,563.8904267079197
23578,5578,1.3185788702685386e-05,1.0,,,False,563.9839773748536
23579,5579,1.3180559108150192e-05,1.0,,,False,564.0789232919924
23580,5580,1.3177914297557436e-05,1.0,,,False,564.1720558328088
23581,5581,1.3174024388717953e-05,1.0,,,False,564.2733279168606
23582,5582,1.3168358236725908e-05,1.0,,,False,564.3685238328762
23583,5583,1.3162570212443825e-05,1.0,,,False,564.4643707498908
23584,5584,1.31568122014869e-05,1.0,,,False,564.5587323328946
23585,5585,1.315086683462141e-05,1.0,,,False,564.652868791949
23586,5586,1.3146135643182788e-05,1.0,,,False,564.748794291867
23587,5587,1.3140813280188013e-05,1.0,,,False,564.8424666668288
23588,5588,1.313371740252478e-05,1.0,,,False,564.9396432079375
23589,5589,1.3131787454767618e-05,1.0,,,False,565.0375655828975
23590,5590,1.3126122212270275e-05,1.0,,,False,565.1352621668484
23591,5591,1.3126091289450414e-05,1.0,,,False,565.2414970828686
23592,5592,1.3118683455104474e-05,1.0,,,False,565.3433828749694
23593,5593,1.3115789442963433e-05,1.0,,,False,565.4488681249786
23594,5594,1.3110435247654095e-05,1.0,,,False,565.558588874992
23595,5595,1.3103339369990863e-05,1.0,,,False,565.6697718328796
23596,5596,1.3098483577778097e-05,1.0,,,False,565.779120082967
23597,5597,1.3091171240375843e-05,1.0,,,False,565.8932330419775
23598,5598,1.308665559918154e-05,1.0,,,False,565.9960320419632
23599,5599,1.3080712960800156e-05,1.0,,,False,566.0954566248693
23600,5600,1.3078160918666981e-05,1.0,0.9998881306633851,0.00873468134881282,False,566.2796223750338
23601,5601,1.3073523405182641e-05,1.0,,,False,566.3718081668485
23602,5602,1.3066893188806716e-05,1.0,,,False,566.4629927498754
23603,5603,1.3061881872999948e-05,1.0,,,False,566.5557745418046
23604,5604,1.3056031093583442e-05,1.0,,,False,566.6497168748174
23605,5605,1.3050676898274105e-05,1.0,,,False,566.751221582992
23606,5606,1.3047690117673483e-05,1.0,,,False,566.8491187079344
23607,5607,1.3042273167229723e-05,1.0,,,False,566.9426395418122
23608,5608,1.3042708815191872e-05,1.0,,,False,567.034784416901
23609,5609,1.3036515156272799e-05,1.0,,,False,567.1274584999774
23610,5610,1.3032468814344611e-05,1.0,,,False,567.2216389579698
23611,5611,1.3025746739003807e-05,1.0,,,False,567.3173828748986
23612,5612,1.3018930985708721e-05,1.0,,,False,567.411462042015
23613,5613,1.3012331692152657e-05,1.0,,,False,567.5041947499849
23614,5614,1.3006511835556012e-05,1.0,,,False,567.5975058330223
23615,5615,1.3000691069464665e-05,1.0,,,False,567.6915751670022
23616,5616,1.299676932831062e-05,1.0,,,False,567.7838510829024
23617,5617,1.2993657037441153e-05,1.0,,,False,567.879276541993
23618,5618,1.2989921742700972e-05,1.0,,,False,567.9800564169418
23619,5619,1.2985875400772784e-05,1.0,,,False,568.0813368328381
23620,5620,1.2979432540305424e-05,1.0,,,False,568.1850600419566
23621,5621,1.2972647709830198e-05,1.0,,,False,568.2875382499769
23622,5622,1.2966423128091265e-05,1.0,,,False,568.3892955000047
23623,5623,1.2961379979969934e-05,1.0,,,False,568.4867724578362
23624,5624,1.295786387345288e-05,1.0,,,False,568.5843409579247
23625,5625,1.2952136785315815e-05,1.0,,,False,568.678897832986
23626,5626,1.294678349950118e-05,1.0,,,False,568.7706191248726
23627,5627,1.2943639376317151e-05,1.0,,,False,568.8647159999236
23628,5628,1.294037156185368e-05,1.0,,,False,568.9560695418622
23629,5629,1.2936512575834058e-05,1.0,,,False,569.0518371670041
23630,5630,1.2933306607010309e-05,1.0,,,False,569.1435999998357
23631,5631,1.2925743249070365e-05,1.0,,,False,569.2358712079003
23632,5632,1.292038996325573e-05,1.0,,,False,569.3288831668906
23633,5633,1.2912919373775367e-05,1.0,,,False,569.4232212919742
23634,5634,1.2907783457194455e-05,1.0,,,False,569.5169898748863
23635,5635,1.290065574721666e-05,1.0,,,False,569.5872038328089
23636,5636,1.2896517546323594e-05,1.0,,,False,569.6885809169617
23637,5637,1.2891537153336685e-05,1.0,,,False,569.7840172080323
23638,5638,1.288817475142423e-05,1.0,,,False,569.885441374965
23639,5639,1.2885282558272593e-05,1.0,,,False,569.9870451248717
23640,5640,1.2881421753263567e-05,1.0,,,False,570.0929992499296
23641,5641,1.2875104403065052e-05,1.0,,,False,570.1985202080105
23642,5642,1.287096347368788e-05,1.0,,,False,570.3013364169747
23643,5643,1.2865642020187806e-05,1.0,,,False,570.4057232500054
23644,5644,1.285941652895417e-05,1.0,,,False,570.5058166249655
23645,5645,1.285288090002723e-05,1.0,,,False,570.6115461250301
23646,5646,1.2846188838011585e-05,1.0,,,False,570.7057324578054
23647,5647,1.2841551324527245e-05,1.0,,,False,570.811266124947
23648,5648,1.2834112567361444e-05,1.0,,,False,570.9121627500281
23649,5649,1.2835482266382314e-05,1.0,,,False,571.0185669579078
23650,5650,1.283255642192671e-05,1.0,,,False,571.1220591249876
23651,5651,1.2829941624659114e-05,1.0,,,False,571.227998332819
23652,5652,1.2822502867493313e-05,1.0,,,False,571.3398824578617
23653,5653,1.281777167605469e-05,1.0,,,False,571.4447392500006
23654,5654,1.280989727092674e-05,1.0,,,False,571.539725832874
23655,5655,1.2803640856873244e-05,1.0,,,False,571.645889707841
23656,5656,1.2798383068002295e-05,1.0,,,False,571.7585564579349
23657,5657,1.2793525456800126e-05,1.0,,,False,571.8662000419572
23658,5658,1.2792435882147402e-05,1.0,,,False,571.9695161669515
23659,5659,1.278589934372576e-05,1.0,,,False,572.0729598328471
23660,5660,1.2782756130036432e-05,1.0,,,False,572.1756169998553
23661,5661,1.277621959161479e-05,1.0,,,False,572.2891395830084
23662,5662,1.2771519322996028e-05,1.0,,,False,572.3995454169344
23663,5663,1.2764736311510205e-05,1.0,,,False,572.5050524999388
23664,5664,1.2759816854668316e-05,1.0,,,False,572.6010514169466
23665,5665,1.2753780538332649e-05,1.0,,,False,572.6941637918353
23666,5666,1.2749983397952747e-05,1.0,,,False,572.7896169580054
23667,5667,1.274830265174387e-05,1.0,,,False,572.8851979579777
23668,5668,1.2743508705170825e-05,1.0,,,False,572.9809207499493
23669,5669,1.2738684745272622e-05,1.0,,,False,573.0762314170133
23670,5670,1.2733891708194278e-05,1.0,,,False,573.1706178749446
23671,5671,1.2726265595119912e-05,1.0,,,False,573.26692812494
23672,5672,1.2721378880087286e-05,1.0,,,False,573.3624662919901
23673,5673,1.2716119272226933e-05,1.0,,,False,573.4554576668888
23674,5674,1.2713068826997187e-05,1.0,,,False,573.546845166944
23675,5675,1.2712259376712609e-05,1.0,,,False,573.6386879170313
23676,5676,1.2705536391877104e-05,1.0,,,False,573.7347163748927
23677,5677,1.2704572327493224e-05,1.0,,,False,573.8294077918399
23678,5678,1.2696914382104296e-05,1.0,,,False,573.9271732079796
23679,5679,1.2692589734797366e-05,1.0,,,False,574.0210003328975
23680,5680,1.2685337424045429e-05,1.0,,,False,574.1161356668454
23681,5681,1.2679983228736091e-05,1.0,,,False,574.2135494579561
23682,5682,1.2673789569817018e-05,1.0,,,False,574.3107310419437
23683,5683,1.2670210708165541e-05,1.0,,,False,574.4054750828072
23684,5684,1.2665790563914925e-05,1.0,,,False,574.4990996669512
23685,5685,1.2663487723330036e-05,1.0,,,False,574.5923220829573
23686,5686,1.2659658750635572e-05,1.0,,,False,574.6851537500042
23687,5687,1.2655581485887524e-05,1.0,,,False,574.7776818748098
23688,5688,1.2649729796976317e-05,1.0,,,False,574.8710932079703
23689,5689,1.2641917237488087e-05,1.0,,,False,574.9639918748289
23690,5690,1.2636782230401877e-05,1.0,,,False,575.0575761669315
23691,5691,1.262996556761209e-05,1.0,,,False,575.151389000006
23692,5692,1.2623305337911006e-05,1.0,,,False,575.2437910418957
23693,5693,1.26203785839607e-05,1.0,,,False,575.3360324578825
23694,5694,1.2615649211511482e-05,1.0,,,False,575.4341890418436
23695,5695,1.2613749277079478e-05,1.0,,,False,575.5384919999633
23696,5696,1.2610918020072859e-05,1.0,,,False,575.6368415828329
23697,5697,1.2607837561517954e-05,1.0,,,False,575.7372778328136
23698,5698,1.2606125892489217e-05,1.0,,,False,575.8483158329036
23699,5699,1.2598374269146007e-05,1.0,,,False,575.9523390829563
23700,5700,1.2595543012139387e-05,1.0,0.9997762613267703,0.008810238685231238,False,576.1556227919646
23701,5701,1.2589100151672028e-05,1.0,,,False,576.269094124902
23702,5702,1.2583497664309107e-05,1.0,,,False,576.3683812499512
23703,5703,1.257802068721503e-05,1.0,,,False,576.4725807919167
23704,5704,1.2572634659591131e-05,1.0,,,False,576.5733250828926
23705,5705,1.2568962119985372e-05,1.0,,,False,576.6788488328457
23706,5706,1.2564915778057184e-05,1.0,,,False,576.7840409169439
23707,5707,1.2562550182337873e-05,1.0,,,False,576.8924439998809
23708,5708,1.255598272109637e-05,1.0,,,False,576.9908748748712
23709,5709,1.2551875443023164e-05,1.0,,,False,577.0995965418406
23710,5710,1.2545246136141941e-05,1.0,,,False,577.2004446669016
23711,5711,1.2542786862468347e-05,1.0,,,False,577.3154474578332
23712,5712,1.2536189387901686e-05,1.0,,,False,577.4209102080204
23713,5713,1.2533792869362514e-05,1.0,,,False,577.5285886668134
23714,5714,1.2529217201517895e-05,1.0,,,False,577.6300226668827
23715,5715,1.2525358215498272e-05,1.0,,,False,577.7329105830286
23716,5716,1.2518478797574062e-05,1.0,,,False,577.8368879999034
23717,5717,1.2514495210780296e-05,1.0,,,False,577.9421939998865
23718,5718,1.2507305655162781e-05,1.0,,,False,578.0387866250239
23719,5719,1.2504441656346899e-05,1.0,,,False,578.1406558328308
23720,5720,1.249834258487681e-05,1.0,,,False,578.2459277499001
23721,5721,1.2496505405579228e-05,1.0,,,False,578.3459186668042
23722,5722,1.2491681445681024e-05,1.0,,,False,578.4394055828452
23723,5723,1.2484863873396534e-05,1.0,,,False,578.5334397498518
23724,5724,1.2479542419896461e-05,1.0,,,False,578.627785957884
23725,5725,1.2473410606617108e-05,1.0,,,False,578.7224337079097
23726,5726,1.2470142792153638e-05,1.0,,,False,578.8172370828688
23727,5727,1.246562987944344e-05,1.0,,,False,578.9105780420359
23728,5728,1.24628904814017e-05,1.0,,,False,579.0032569169998
23729,5729,1.2457879165594932e-05,1.0,,,False,579.0954666249454
23730,5730,1.2453740055207163e-05,1.0,,,False,579.1897305829916
23731,5731,1.2446363143681083e-05,1.0,,,False,579.2836222918704
23732,5732,1.2441601938917302e-05,1.0,,,False,579.3773383328225
23733,5733,1.2436838915164117e-05,1.0,,,False,579.4711803328246
23734,5734,1.2432171388354618e-05,1.0,,,False,579.5643281249795
23735,5735,1.2429866728780326e-05,1.0,,,False,579.6546181668527
23736,5736,1.242582129634684e-05,1.0,,,False,579.7260066249873
23737,5737,1.2421649444149807e-05,1.0,,,False,579.7993909998331
23738,5738,1.2415206583682448e-05,1.0,,,False,579.875029708026
23739,5739,1.2411286661517806e-05,1.0,,,False,579.9438150420319
23740,5740,1.240450183104258e-05,1.0,,,False,580.0188859170303
23741,5741,1.2401140338624828e-05,1.0,,,False,580.0909517498221
23742,5742,1.2396003512549214e-05,1.0,,,False,580.1805924999062
23743,5743,1.2393234101182315e-05,1.0,,,False,580.2796962079592
23744,5744,1.2387258720991667e-05,1.0,,,False,580.3762813748326
23745,5745,1.2384394722175784e-05,1.0,,,False,580.4701561669353
23746,5746,1.2377361599646974e-05,1.0,,,False,580.5759445829317
23747,5747,1.2370513104542624e-05,1.0,,,False,580.676760250004
23748,5748,1.2366716873657424e-05,1.0,,,False,580.7708351670299
23749,5749,1.2361050721665379e-05,1.0,,,False,580.8649477500003
23750,5750,1.2361954759398941e-05,1.0,,,False,580.9632387920283
23751,5751,1.2357254490780178e-05,1.0,,,False,581.0651509999298
23752,5752,1.2352056728559546e-05,1.0,,,False,581.1635537080001
23753,5753,1.23443378470256e-05,1.0,,,False,581.2559764999896
23754,5754,1.2339201930444688e-05,1.0,,,False,581.3465583748184
23755,5755,1.2335219253145624e-05,1.0,,,False,581.4434828748927
23756,5756,1.233011334988987e-05,1.0,,,False,581.5379247078672
23757,5757,1.2328870070632547e-05,1.0,,,False,581.6343168329913
23758,5758,1.2324946510489099e-05,1.0,,,False,581.7273594168946
23759,5759,1.2319002053118311e-05,1.0,,,False,581.8231939580292
23760,5760,1.2313152183196507e-05,1.0,,,False,581.9189135418274
23761,5761,1.2308046279940754e-05,1.0,,,False,582.0150755830109
23762,5762,1.2303255061851814e-05,1.0,,,False,582.1205208329484
23763,5763,1.2298709407332353e-05,1.0,,,False,582.2271415828727
23764,5764,1.2294446605665144e-05,1.0,,,False,582.3354595829733
23765,5765,1.2292205610719975e-05,1.0,,,False,582.4430995418224
23766,5766,1.2287443496461492e-05,1.0,,,False,582.5525449998677
23767,5767,1.2283894648135174e-05,1.0,,,False,582.6530879170168
23768,5768,1.2277887435629964e-05,1.0,,,False,582.7624803748913
23769,5769,1.2271787454665173e-05,1.0,,,False,582.8292079169769
23770,5770,1.2266931662452407e-05,1.0,,,False,582.8946024999022
23771,5771,1.2261391020729207e-05,1.0,,,False,582.9616163750179
23772,5772,1.225644246005686e-05,1.0,,,False,583.0298554168548
23773,5773,1.2253422937646974e-05,1.0,,,False,583.095664374996
23774,5774,1.22499995995895e-05,1.0,,,False,583.1611931668594
23775,5775,1.224539300892502e-05,1.0,,,False,583.226225499995
23776,5776,1.223932395078009e-05,1.0,,,False,583.2933191249613
23777,5777,1.2234125279064756e-05,1.0,,,False,583.3595575829968
23778,5778,1.2229831554577686e-05,1.0,,,False,583.430544332834
23779,5779,1.2225566933921073e-05,1.0,,,False,583.5006107918452
23780,5780,1.2221334145579021e-05,1.0,,,False,583.5761797078885
23781,5781,1.2216633876960259e-05,1.0,,,False,583.6761363330297
23782,5782,1.2211498869874049e-05,1.0,,,False,583.7702294168994
23783,5783,1.2206767678435426e-05,1.0,,,False,583.8656849998515
23784,5784,1.2199826414871495e-05,1.0,,,False,583.959300249815
23785,5785,1.2195687304483727e-05,1.0,,,False,584.0552637500223
23786,5786,1.218936904479051e-05,1.0,,,False,584.157181999879
23787,5787,1.2184855222585611e-05,1.0,,,False,584.2545127919875
23788,5788,1.2178350516478531e-05,1.0,,,False,584.3624948749784
23789,5789,1.217461522173835e-05,1.0,,,False,584.4591272498947
23790,5790,1.2169199180789292e-05,1.0,,,False,584.5621898749378
23791,5791,1.2165620319137815e-05,1.0,,,False,584.6568606668152
23792,5792,1.2161169252067339e-05,1.0,,,False,584.7622372079641
23793,5793,1.215618885908043e-05,1.0,,,False,584.8625481249765
23794,5794,1.2151863302278798e-05,1.0,,,False,584.9671442080289
23795,5795,1.2148719179094769e-05,1.0,,,False,585.035560082877
23796,5796,1.2143116691731848e-05,1.0,,,False,585.1120496250223
23797,5797,1.213813629874494e-05,1.0,,,False,585.2124304999597
23798,5798,1.2132130905229133e-05,1.0,,,False,585.3159236668143
23799,5799,1.2128644812037237e-05,1.0,,,False,585.4259776668623
23800,5800,1.212142342410516e-05,1.0,0.9997762613267703,0.008820043129607767,False,585.6304362919182
23801,5801,1.211958715430228e-05,1.0,,,False,585.7434290419333
23802,5802,1.2113268894609064e-05,1.0,,,False,585.8466110418085
23803,5803,1.2109782801417168e-05,1.0,,,False,585.9609341670293
23804,5804,1.2103775588911958e-05,1.0,,,False,586.0691536248196
23805,5805,1.2099480045435484e-05,1.0,,,False,586.1700107499491
23806,5806,1.2093785699107684e-05,1.0,,,False,586.2719417079352
23807,5807,1.2090298696421087e-05,1.0,,,False,586.3784294580109
23808,5808,1.2085163689334877e-05,1.0,,,False,586.4819294579793
23809,5809,1.2081771274097264e-05,1.0,,,False,586.5831724579912
23810,5810,1.2075949598511215e-05,1.0,,,False,586.6829857919365
23811,5811,1.2069196600350551e-05,1.0,,,False,586.7839773749001
23812,5812,1.2066084309481084e-05,1.0,,,False,586.8845794999506
23813,5813,1.2059858818247449e-05,1.0,,,False,586.9888055420015
23814,5814,1.2058427273586858e-05,1.0,,,False,587.0926114579197
23815,5815,1.205254466185579e-05,1.0,,,False,587.1839759168215
23816,5816,1.2049401448166464e-05,1.0,,,False,587.2856112499721
23817,5817,1.2044391041854396e-05,1.0,,,False,587.3966352918651
23818,5818,1.203664123750059e-05,1.0,,,False,587.5040515419096
23819,5819,1.2034337487420999e-05,1.0,,,False,587.6126437499188
23820,5820,1.2029202480334789e-05,1.0,,,False,587.7185894169379
23821,5821,1.202655585075263e-05,1.0,,,False,587.8230318329297
23822,5822,1.2021017028018832e-05,1.0,,,False,587.9264922919683
23823,5823,1.2016907930956222e-05,1.0,,,False,588.0281767498236
23824,5824,1.2010184946120717e-05,1.0,,,False,588.1296920420136
23825,5825,1.2006138604192529e-05,1.0,,,False,588.2340872499626
23826,5826,1.2001563845842611e-05,1.0,,,False,588.3330887078773
23827,5827,1.1997205547231715e-05,1.0,,,False,588.432758832816
23828,5828,1.1994996384601109e-05,1.0,,,False,588.5385135419201
23829,5829,1.1988616279268172e-05,1.0,,,False,588.6471017079893
23830,5830,1.1984197044512257e-05,1.0,,,False,588.7482500828337
23831,5831,1.1977629583270755e-05,1.0,,,False,588.8601854578592
23832,5832,1.1971808817179408e-05,1.0,,,False,588.9566123329569
23833,5833,1.1969474144279957e-05,1.0,,,False,589.0632803328335
23834,5834,1.1964651093876455e-05,1.0,,,False,589.1728473328985
23835,5835,1.196169341710629e-05,1.0,,,False,589.2762511668261
23836,5836,1.1955531590501778e-05,1.0,,,False,589.3794323329348
23837,5837,1.1951111446251161e-05,1.0,,,False,589.4781900828239
23838,5838,1.1944979632971808e-05,1.0,,,False,589.5816714169923
23839,5839,1.194230299006449e-05,1.0,,,False,589.6807859579567
23840,5840,1.1936949704249855e-05,1.0,,,False,589.7858630828559
23841,5841,1.1934614121855702e-05,1.0,,,False,589.8787065418437
23842,5842,1.1927331797778606e-05,1.0,,,False,589.9714806668926
23843,5843,1.1923037163796835e-05,1.0,,,False,590.0659317499958
23844,5844,1.1916033145098481e-05,1.0,,,False,590.1607232079841
23845,5845,1.1912268746527843e-05,1.0,,,False,590.2548589168582
23846,5846,1.1909310160262976e-05,1.0,,,False,590.349122375017
23847,5847,1.1904425264219753e-05,1.0,,,False,590.4438111670315
23848,5848,1.1902774531336036e-05,1.0,,,False,590.5157062499784
23849,5849,1.1894651834154502e-05,1.0,,,False,590.6152394579258
23850,5850,1.1891850590473041e-05,1.0,,,False,590.707964082947
23851,5851,1.1883384104294237e-05,1.0,,,False,590.803031707881
23852,5852,1.188210808322765e-05,1.0,,,False,590.8961863748264
23853,5853,1.187522957479814e-05,1.0,,,False,590.989752916852
23854,5854,1.1871899005200248e-05,1.0,,,False,591.0796690420248
23855,5855,1.1866110071423464e-05,1.0,,,False,591.1728764169384
23856,5856,1.1860227459692396e-05,1.0,,,False,591.2629397078417
23857,5857,1.1855123375426047e-05,1.0,,,False,591.3547833748162
23858,5858,1.1849429029098246e-05,1.0,,,False,591.4438104168512
23859,5859,1.1847248970298097e-05,1.0,,,False,591.5339035829529
23860,5860,1.1841585546790157e-05,1.0,,,False,591.6262506670319
23861,5861,1.1842113053717185e-05,1.0,,,False,591.7183593749069
23862,5862,1.1834084034489933e-05,1.0,,,False,591.8110297499225
23863,5863,1.1829818504338618e-05,1.0,,,False,591.9041274578776
23864,5864,1.1822348824352957e-05,1.0,,,False,591.9912136248313
23865,5865,1.1818863640655763e-05,1.0,,,False,592.0793273749296
23866,5866,1.1814319805125706e-05,1.0,,,False,592.1757831249852
23867,5867,1.180946401291294e-05,1.0,,,False,592.2666542078368
23868,5868,1.1804141649918165e-05,1.0,,,False,592.3545808328781
23869,5869,1.180071740236599e-05,1.0,,,False,592.4442640829366
23870,5870,1.1795083992183208e-05,1.0,,,False,592.5322806669865
23871,5871,1.179007267637644e-05,1.0,,,False,592.6245227919426
23872,5872,1.1785684364440385e-05,1.0,,,False,592.7190560828894
23873,5873,1.177896137960488e-05,1.0,,,False,592.8179540829733
23874,5874,1.17752269943594e-05,1.0,,,False,592.915671082912
23875,5875,1.177009198727319e-05,1.0,,,False,593.0140171670355
23876,5876,1.1766667739721015e-05,1.0,,,False,593.1121219999623
23877,5877,1.1760567758756224e-05,1.0,,,False,593.2122764999513
23878,5878,1.1757454558392055e-05,1.0,,,False,593.3162307499442
23879,5879,1.1751883903343696e-05,1.0,,,False,593.4190211249515
23880,5880,1.1746467862394638e-05,1.0,,,False,593.5198632918764
23881,5881,1.1742358765332028e-05,1.0,,,False,593.6240757920314
23882,5882,1.1737161003111396e-05,1.0,,,False,593.725994749926
23883,5883,1.1731433914974332e-05,1.0,,,False,593.8281792919151
23884,5884,1.1728508070518728e-05,1.0,,,False,593.9348825418856
23885,5885,1.1723310308298096e-05,1.0,,,False,594.0408449168317
23886,5886,1.1718766472768039e-05,1.0,,,False,594.1430612918921
23887,5887,1.1712603736668825e-05,1.0,,,False,594.2418634169735
23888,5888,1.17068457257119e-05,1.0,,,False,594.3433914999478
23889,5889,1.170544510387117e-05,1.0,,,False,594.4392084579449
23890,5890,1.1698005437210668e-05,1.0,,,False,594.5484470420051
23891,5891,1.1695889043039642e-05,1.0,,,False,594.64646025002
23892,5892,1.1687610822264105e-05,1.0,,,False,594.7501354578417
23893,5893,1.168465314549394e-05,1.0,,,False,594.8488489580341
23894,5894,1.1677900147333276e-05,1.0,,,False,594.9535496670287
23895,5895,1.1676997019094415e-05,1.0,,,False,595.0623505418189
23896,5896,1.1670461390167475e-05,1.0,,,False,595.1666447918396
23897,5897,1.1669091691146605e-05,1.0,,,False,595.2630897499621
23898,5898,1.1661124517559074e-05,1.0,,,False,595.3689020418096
23899,5899,1.1656578863039613e-05,1.0,,,False,595.4736754170153
23900,5900,1.1651941349555273e-05,1.0,0.9997762613267703,0.008833117601577652,False,595.6573881248478
23901,5901,1.1645654012681916e-05,1.0,,,False,595.7573701248039
23902,5902,1.1643413017736748e-05,1.0,,,False,595.8520053748507
23903,5903,1.163647357316222e-05,1.0,,,False,595.9448227498215
23904,5904,1.1635197552095633e-05,1.0,,,False,596.0378507499117
23905,5905,1.1625984370766673e-05,1.0,,,False,596.131130957976
23906,5906,1.1621564226516057e-05,1.0,,,False,596.2227114168927
23907,5907,1.1612600246735383e-05,1.0,,,False,596.316318082856
23908,5908,1.1611230547714513e-05,1.0,,,False,596.4092580829747
23909,5909,1.1605908184719738e-05,1.0,,,False,596.5011312498245
23910,5910,1.1605783583945595e-05,1.0,,,False,596.5936538330279
23911,5911,1.159993280452909e-05,1.0,,,False,596.6820901669562
23912,5912,1.1594392162805889e-05,1.0,,,False,596.7771437498741
23913,5913,1.1589007954171393e-05,1.0,,,False,596.8689888329245
23914,5914,1.158156828751089e-05,1.0,,,False,596.9625949168112
23915,5915,1.1578020348679274e-05,1.0,,,False,597.0578701668419
23916,5916,1.157409860752523e-05,1.0,,,False,597.1505264579318
23917,5917,1.1571858522074763e-05,1.0,,,False,597.2431244170293
23918,5918,1.1566939974727575e-05,1.0,,,False,597.3349594168831
23919,5919,1.1561712199181784e-05,1.0,,,False,597.4241532499436
23920,5920,1.1554520824574865e-05,1.0,,,False,597.5166785418987
23921,5921,1.1551066563697532e-05,1.0,,,False,597.6094454999547
23922,5922,1.1545713277882896e-05,1.0,,,False,597.7029891668353
23923,5923,1.154546407633461e-05,1.0,,,False,597.7993269169237
23924,5924,1.153995435743127e-05,1.0,,,False,597.8892089168075
23925,5925,1.1537620594026521e-05,1.0,,,False,597.9828848328907
23926,5926,1.1530057236086577e-05,1.0,,,False,598.0767218328547
23927,5927,1.1525014997459948e-05,1.0,,,False,598.1722009999212
23928,5928,1.1518385690578725e-05,1.0,,,False,598.2672836668789
23929,5929,1.151630021922756e-05,1.0,,,False,598.3615910829976
23930,5930,1.1513468052726239e-05,1.0,,,False,598.4507355419919
23931,5931,1.1509608157211915e-05,1.0,,,False,598.524041333003
23932,5932,1.1506557711982168e-05,1.0,,,False,598.6235454578418
23933,5933,1.1497967534523923e-05,1.0,,,False,598.7192124580033
23934,5934,1.1492304111015983e-05,1.0,,,False,598.8119085419457
23935,5935,1.1487541087262798e-05,1.0,,,False,598.9065573329572
23936,5936,1.1485019967949484e-05,1.0,,,False,598.9957699999213
23937,5937,1.1482281479402445e-05,1.0,,,False,599.0787469579373
23938,5938,1.1478484339022543e-05,1.0,,,False,599.1596101669129
23939,5939,1.1473566701170057e-05,1.0,,,False,599.2656211249996
23940,5940,1.1467123840702698e-05,1.0,,,False,599.3676672920119
23941,5941,1.1460119822004344e-05,1.0,,,False,599.473457041895
23942,5942,1.1454704690549988e-05,1.0,,,False,599.579248082824
23943,5943,1.1449848898337223e-05,1.0,,,False,599.6872399998829
23944,5944,1.1448822988313623e-05,1.0,,,False,599.7842750828713
23945,5945,1.1446361895650625e-05,1.0,,,False,599.8728204169311
23946,5946,1.1441632523201406e-05,1.0,,,False,599.9566375829745
23947,5947,1.143537610914791e-05,1.0,,,False,600.0404617078602
23948,5948,1.1428776815591846e-05,1.0,,,False,600.1285686669871
23949,5949,1.1423207070038188e-05,1.0,,,False,600.2149627078325
23950,5950,1.1416264896979555e-05,1.0,,,False,600.2995754999574
23951,5951,1.1411379091441631e-05,1.0,,,False,600.3810214169789
23952,5952,1.1406461453589145e-05,1.0,,,False,600.4637772499118
23953,5953,1.1405839359213132e-05,1.0,,,False,600.5528410829138
23954,5954,1.1404034012230113e-05,1.0,,,False,600.6475673329551
23955,5955,1.1400112271076068e-05,1.0,,,False,600.7440408328548
23956,5956,1.1396221452741884e-05,1.0,,,False,600.8490077918395
23957,5957,1.1388128768885508e-05,1.0,,,False,600.945466541918
23958,5958,1.1384456229279749e-05,1.0,,,False,601.0403434168547
23959,5959,1.137947583629284e-05,1.0,,,False,601.1370872498956
23960,5960,1.1375024769222364e-05,1.0,,,False,601.2350753329229
23961,5961,1.137250364990905e-05,1.0,,,False,601.335567208007
23962,5962,1.1367991646693554e-05,1.0,,,False,601.4366210829467
23963,5963,1.1362015357008204e-05,1.0,,,False,601.540577583015
23964,5964,1.1356225513736717e-05,1.0,,,False,601.6377164579462
23965,5965,1.1350500244589057e-05,1.0,,,False,601.739976249868
23966,5966,1.1346173778292723e-05,1.0,,,False,601.8429890419357
23967,5967,1.134275044023525e-05,1.0,,,False,601.945313166827
23968,5968,1.1336929674143903e-05,1.0,,,False,602.0386170418933
23969,5969,1.1333661859680433e-05,1.0,,,False,602.1247622498777
23970,5970,1.1326938874844927e-05,1.0,,,False,602.2105972918216
23971,5971,1.1323732906021178e-05,1.0,,,False,602.299763625022
23972,5972,1.131726003222866e-05,1.0,,,False,602.383347874973
23973,5973,1.1313990398775786e-05,1.0,,,False,602.4669148328248
23974,5974,1.1308201464999001e-05,1.0,,,False,602.5539671669248
23975,5975,1.1305306543363258e-05,1.0,,,False,602.6419509998523
23976,5976,1.1301478480163496e-05,1.0,,,False,602.7274175828788
23977,5977,1.1295066542515997e-05,1.0,,,False,602.8151565419976
23978,5978,1.1291113878542092e-05,1.0,,,False,602.9011551670264
23979,5979,1.1285169421171304e-05,1.0,,,False,602.9832955419552
23980,5980,1.128130952565698e-05,1.0,,,False,603.0681380829774
23981,5981,1.1275023098278325e-05,1.0,,,False,603.1501185419038
23982,5982,1.1270323739154264e-05,1.0,,,False,603.2341701248661
23983,5983,1.1264035492786206e-05,1.0,,,False,603.3311328748241
23984,5984,1.1261608960921876e-05,1.0,,,False,603.4317523748614
23985,5985,1.125588096329011e-05,1.0,,,False,603.5330760418437
23986,5986,1.1251399882894475e-05,1.0,,,False,603.6268608330283
23987,5987,1.1246668691455852e-05,1.0,,,False,603.7310571249109
23988,5988,1.1240786989219487e-05,1.0,,,False,603.8228603748139
23989,5989,1.1238079423492309e-05,1.0,,,False,603.9247161250096
23990,5990,1.1233566510782111e-05,1.0,,,False,604.0363855829928
23991,5991,1.122989306168165e-05,1.0,,,False,604.1483177079353
23992,5992,1.1223824913031422e-05,1.0,,,False,604.2541902079247
23993,5993,1.1218471627216786e-05,1.0,,,False,604.3450268749148
23994,5994,1.1212930985493585e-05,1.0,,,False,604.4295295418706
23995,5995,1.1210565389774274e-05,1.0,,,False,604.5104597918689
23996,5996,1.1206115232198499e-05,1.0,,,False,604.5936564169824
23997,5997,1.1202753739780746e-05,1.0,,,False,604.6758833748754
23998,5998,1.119646640290739e-05,1.0,,,False,604.7583903749473
23999,5999,1.1192450983799063e-05,1.0,,,False,604.8403699579649
24000,6000,1.1188093594682869e-05,1.0,0.9997762613267703,0.008857556412837489,False,605.0080957079772
24001,6001,1.1183922651980538e-05,1.0,,,False,605.1195819168352
24002,6002,1.1179596185684204e-05,1.0,,,False,605.2194977079052
24003,6003,1.117530064220773e-05,1.0,,,False,605.3104558328632
24004,6004,1.116870316764107e-05,1.0,,,False,605.3894743749406
24005,6005,1.116356816055486e-05,1.0,,,False,605.4699439168908
24006,6006,1.1159210771438666e-05,1.0,,,False,605.5465917498805
24007,6007,1.1154074854857754e-05,1.0,,,False,605.6262222079094
24008,6008,1.1151118997076992e-05,1.0,,,False,605.710371957859
24009,6009,1.1146667020511813e-05,1.0,,,False,605.8112875418738
24010,6010,1.1141874892928172e-05,1.0,,,False,605.9124582079239
24011,6011,1.1138356057927012e-05,1.0,,,False,606.0112199999858
24012,6012,1.1133812222396955e-05,1.0,,,False,606.0938125830144
24013,6013,1.112799236580031e-05,1.0,,,False,606.1779622079339
24014,6014,1.112298014049884e-05,1.0,,,False,606.2668704998214
24015,6015,1.1118157090095337e-05,1.0,,,False,606.3610184579156
24016,6016,1.1112678294011857e-05,1.0,,,False,606.4564237918239
24017,6017,1.110804259951692e-05,1.0,,,False,606.5487637920305
24018,6018,1.1101349628006574e-05,1.0,,,False,606.6452908748761
24019,6019,1.10979262899491e-05,1.0,,,False,606.7405684168916
24020,6020,1.109107779484475e-05,1.0,,,False,606.836893041851
24021,6021,1.108862034016056e-05,1.0,,,False,606.9333952500019
24022,6022,1.1083297067671083e-05,1.0,,,False,607.0302496249788
24023,6023,1.1080092008342035e-05,1.0,,,False,607.1302734168712
24024,6024,1.1074987924075685e-05,1.0,,,False,607.2327392080333
24025,6025,1.1070038453908637e-05,1.0,,,False,607.3310648750048
24026,6026,1.1065462786064018e-05,1.0,,,False,607.4348397499416
24027,6027,1.1058335985580925e-05,1.0,,,False,607.5335467918776
24028,6028,1.1055938557547051e-05,1.0,,,False,607.6375895829406
24029,6029,1.1047939551644959e-05,1.0,,,False,607.7463655418251
24030,6030,1.1045885912608355e-05,1.0,,,False,607.8603346669115
24031,6031,1.103866543417098e-05,1.0,,,False,607.9694172919262
24032,6032,1.1036268006137107e-05,1.0,,,False,608.0600778749213
24033,6033,1.1031568647013046e-05,1.0,,,False,608.1458448749036
24034,6034,1.1027490472770296e-05,1.0,,,False,608.2298569998238
24035,6035,1.1023974366253242e-05,1.0,,,False,608.3146144580096
24036,6036,1.101936686609406e-05,1.0,,,False,608.3999977498315
24037,6037,1.101326688512927e-05,1.0,,,False,608.4817485418171
24038,6038,1.1008909496013075e-05,1.0,,,False,608.5599824998062
24039,6039,1.100449026125716e-05,1.0,,,False,608.6480697919615
24040,6040,1.0999385267496109e-05,1.0,,,False,608.7458817919251
24041,6041,1.0995931006618775e-05,1.0,,,False,608.84087970783
24042,6042,1.098740267480025e-05,1.0,,,False,608.9368364168331
24043,6043,1.098463235393865e-05,1.0,,,False,609.0345137498807
24044,6044,1.097719359677285e-05,1.0,,,False,609.1294584998395
24045,6045,1.0975699296977837e-05,1.0,,,False,609.2248063748702
24046,6046,1.096944288292434e-05,1.0,,,False,609.3155814579222
24047,6047,1.0966361514874734e-05,1.0,,,False,609.389144500019
24048,6048,1.0961630323436111e-05,1.0,,,False,609.4648208329454
24049,6049,1.0956650839943904e-05,1.0,,,False,609.5447212499566
24050,6050,1.0953133823932149e-05,1.0,,,False,609.6249639578164
24051,6051,1.0946161637548357e-05,1.0,,,False,609.6984166668262
24052,6052,1.0943017514364328e-05,1.0,,,False,609.7708904580213
24053,6053,1.0936637409031391e-05,1.0,,,False,609.837638082914
24054,6054,1.0931781616818625e-05,1.0,,,False,609.9241495418828
24055,6055,1.0926708455372136e-05,1.0,,,False,610.0211295830086
24056,6056,1.0922568435489666e-05,1.0,,,False,610.1195443749893
24057,6057,1.0918243788182735e-05,1.0,,,False,610.2196591668762
24058,6058,1.091525518859271e-05,1.0,,,False,610.3197722919285
24059,6059,1.0911147001024801e-05,1.0,,,False,610.4236415419728
24060,6060,1.090595014829887e-05,1.0,,,False,610.523359082872
24061,6061,1.090174828277668e-05,1.0,,,False,610.6181621670257
24062,6062,1.0895429113588762e-05,1.0,,,False,610.7184075829573
24063,6063,1.089212946681073e-05,1.0,,,False,610.8179150000215
24064,6064,1.0885904885071795e-05,1.0,,,False,610.9139837080147
24065,6065,1.0884536095545627e-05,1.0,,,False,611.0194807499647
24066,6066,1.0879026376642287e-05,1.0,,,False,611.1205108328722
24067,6067,1.0876536180148832e-05,1.0,,,False,611.2265674998052
24068,6068,1.086803968064487e-05,1.0,,,False,611.3254882919136
24069,6069,1.086340216716053e-05,1.0,,,False,611.4252480419818
24070,6070,1.085823623725446e-05,1.0,,,False,611.524778416846
24071,6071,1.0855557775357738e-05,1.0,,,False,611.6258854998741
24072,6072,1.0852694686036557e-05,1.0,,,False,611.7280269579496
24073,6073,1.0847869816643652e-05,1.0,,,False,611.8329427498393
24074,6074,1.084401174011873e-05,1.0,,,False,611.9195637498051
24075,6075,1.0837599802471232e-05,1.0,,,False,612.0106698749587
24076,6076,1.0834331988007762e-05,1.0,,,False,612.1058035828173
24077,6077,1.0829756320163142e-05,1.0,,,False,612.2009393328335
24078,6078,1.082549260900123e-05,1.0,,,False,612.295300749829
24079,6079,1.0818893315445166e-05,1.0,,,False,612.3897989999969
24080,6080,1.081534537661355e-05,1.0,,,False,612.4857486248948
24081,6081,1.08102412923472e-05,1.0,,,False,612.5844386250246
24082,6082,1.080750189430546e-05,1.0,,,False,612.6799879169557
24083,6083,1.0801401003845967e-05,1.0,,,False,612.7770473749842
24084,6084,1.0798039511428215e-05,1.0,,,False,612.876842666883
24085,6085,1.0793590263347141e-05,1.0,,,False,612.9746500418987
24086,6086,1.0789698535518255e-05,1.0,,,False,613.0751003329642
24087,6087,1.078568402590463e-05,1.0,,,False,613.1796844168566
24088,6088,1.0782135177578311e-05,1.0,,,False,613.2844893329311
24089,6089,1.0777186616905965e-05,1.0,,,False,613.3849685420282
24090,6090,1.0772673704195768e-05,1.0,,,False,613.4950311249122
24091,6091,1.0766044397314545e-05,1.0,,,False,613.5970937500242
24092,6092,1.0761873454612214e-05,1.0,,,False,613.6999738749582
24093,6093,1.0755586117738858e-05,1.0,,,False,613.8047163749579
24094,6094,1.0752784874057397e-05,1.0,,,False,613.9052207078785
24095,6095,1.0748613931355067e-05,1.0,,,False,614.011830125004
24096,6096,1.0745688086899463e-05,1.0,,,False,614.1190152079798
24097,6097,1.0742451195255853e-05,1.0,,,False,614.2202854999341
24098,6098,1.0738498531281948e-05,1.0,,,False,614.3136372498702
24099,6099,1.0732553164416458e-05,1.0,,,False,614.4135991248768
24100,6100,1.0727355402195826e-05,1.0,0.9997762613267703,0.00886703005577925,False,614.6161186669488
24101,6101,1.0722500519477762e-05,1.0,,,False,614.7127864998765
24102,6102,1.0718702469603159e-05,1.0,,,False,614.8140987500083
24103,6103,1.0713007213780656e-05,1.0,,,False,614.9196520419791
24104,6104,1.0710578862926923e-05,1.0,,,False,615.0226963749155
24105,6105,1.0703420230129268e-05,1.0,,,False,615.1192121249624
24106,6106,1.0700464372348506e-05,1.0,,,False,615.2188396248966
24107,6107,1.0696230674511753e-05,1.0,,,False,615.3204607919324
24108,6108,1.0691500392567832e-05,1.0,,,False,615.4226215418894
24109,6109,1.0688511792977806e-05,1.0,,,False,615.5181651669554
24110,6110,1.068309666152345e-05,1.0,,,False,615.6218476670329
24111,6111,1.0680917512218002e-05,1.0,,,False,615.7250004999805
24112,6112,1.0674193617887795e-05,1.0,,,False,615.7996837918181
24113,6113,1.0671611562429462e-05,1.0,,,False,615.8908539169934
24114,6114,1.0664482942956965e-05,1.0,,,False,615.9943044998217
24115,6115,1.066140248440206e-05,1.0,,,False,616.0991036249325
24116,6116,1.0655549885996152e-05,1.0,,,False,616.2031688748393
24117,6117,1.0652033779479098e-05,1.0,,,False,616.305823792005
24118,6118,1.0646927876223344e-05,1.0,,,False,616.4039146248251
24119,6119,1.0643848327163141e-05,1.0,,,False,616.5064640829805
24120,6120,1.0640362233971246e-05,1.0,,,False,616.6036403749604
24121,6121,1.0635880244080909e-05,1.0,,,False,616.7065667079296
24122,6122,1.0632394150889013e-05,1.0,,,False,616.8032355420291
24123,6123,1.0626605217112228e-05,1.0,,,False,616.904466958018
24124,6124,1.0621718502079602e-05,1.0,,,False,617.0024627498351
24125,6125,1.061608509189682e-05,1.0,,,False,617.1098319999874
24126,6126,1.0613906852086075e-05,1.0,,,False,617.2114486249629
24127,6127,1.0607961485220585e-05,1.0,,,False,617.3093247918878
24128,6128,1.0604973795125261e-05,1.0,,,False,617.4109018750023
24129,6129,1.0599153029033914e-05,1.0,,,False,617.5094389999285
24130,6130,1.0594110790407285e-05,1.0,,,False,617.6141144998837
24131,6131,1.0589348676148802e-05,1.0,,,False,617.7129766668659
24132,6132,1.0584275514702313e-05,1.0,,,False,617.8136244579218
24133,6133,1.0581349670246709e-05,1.0,,,False,617.916095332941
24134,6134,1.057540430338122e-05,1.0,,,False,618.0130543329287
24135,6135,1.057307053997647e-05,1.0,,,False,618.1169834169559
24136,6136,1.0567623576207552e-05,1.0,,,False,618.2223064168356
24137,6137,1.0562955139903352e-05,1.0,,,False,618.3257616248447
24138,6138,1.0558194844634272e-05,1.0,,,False,618.418339750031
24139,6139,1.0554208529356401e-05,1.0,,,False,618.51986583299
24140,6140,1.0548419595579617e-05,1.0,,,False,618.6262235830072
24141,6141,1.0543408279772848e-05,1.0,,,False,618.7185296670068
24142,6142,1.0538304195506498e-05,1.0,,,False,618.8104947919492
24143,6143,1.053145660989685e-05,1.0,,,False,618.90296858293
24144,6144,1.0528065104153939e-05,1.0,,,False,618.998732249951
24145,6145,1.0522368029342033e-05,1.0,,,False,619.0900679579936
24146,6146,1.051981689670356e-05,1.0,,,False,619.1839467918035
24147,6147,1.051430717780022e-05,1.0,,,False,619.276125874836
24148,6148,1.0510355423321016e-05,1.0,,,False,619.3677915418521
24149,6149,1.0505156751605682e-05,1.0,,,False,619.4623628328554
24150,6150,1.0501638826099224e-05,1.0,,,False,619.557238999987
24151,6151,1.0495788956177421e-05,1.0,,,False,619.6513677919284
24152,6152,1.0493174158909824e-05,1.0,,,False,619.7445359169506
24153,6153,1.0486668543308042e-05,1.0,,,False,619.8405438328627
24154,6154,1.0483806363481563e-05,1.0,,,False,619.9313468749169
24155,6155,1.0476398529135622e-05,1.0,,,False,620.0220684169326
24156,6156,1.047263231157558e-05,1.0,,,False,620.1196295418777
24157,6157,1.0467713764228392e-05,1.0,,,False,620.2119233750273
24158,6158,1.0463606486155186e-05,1.0,,,False,620.3062216248363
24159,6159,1.0458938049850985e-05,1.0,,,False,620.400678541977
24160,6160,1.0453085451445077e-05,1.0,,,False,620.4947836669162
24161,6161,1.0451095477037597e-05,1.0,,,False,620.5897600420285
24162,6162,1.0445088264532387e-05,1.0,,,False,620.6849453749601
24163,6163,1.0442474376759492e-05,1.0,,,False,620.7798354998231
24164,6164,1.0435408512421418e-05,1.0,,,False,620.8715834999457
24165,6165,1.043176689563552e-05,1.0,,,False,620.9657700830139
24166,6166,1.0425012987980153e-05,1.0,,,False,621.0578342080116
24167,6167,1.0421776096336544e-05,1.0,,,False,621.150394457858
24168,6168,1.0416330042062327e-05,1.0,,,False,621.2437066668645
24169,6169,1.0412313713459298e-05,1.0,,,False,621.3367057079449
24170,6170,1.0407988156657666e-05,1.0,,,False,621.4309877499472
24171,6171,1.04040045698639e-05,1.0,,,False,621.526765541872
24172,6172,1.0399615348433144e-05,1.0,,,False,621.6297952919267
24173,6173,1.0393047887191642e-05,1.0,,,False,621.7337697499897
24174,6174,1.0389406270405743e-05,1.0,,,False,621.8381600829307
24175,6175,1.0385204404883552e-05,1.0,,,False,621.9450157498941
24176,6176,1.0380597814219072e-05,1.0,,,False,622.0398356248625
24177,6177,1.0375773854320869e-05,1.0,,,False,622.1374005000107
24178,6178,1.0371291864430532e-05,1.0,,,False,622.2418587920256
24179,6179,1.036568937706761e-05,1.0,,,False,622.351080916822
24180,6180,1.0362234206695575e-05,1.0,,,False,622.4547274578363
24181,6181,1.0356662642152514e-05,1.0,,,False,622.5543882078491
24182,6182,1.0352990102546755e-05,1.0,,,False,622.6615384169854
24183,6183,1.0347886018280406e-05,1.0,,,False,622.7691324998159
24184,6184,1.0343341273255646e-05,1.0,,,False,622.8745987080038
24185,6185,1.033889020618517e-05,1.0,,,False,622.9823844998609
24186,6186,1.033384796755854e-05,1.0,,,False,623.0873072918039
24187,6187,1.0328774806112051e-05,1.0,,,False,623.1884899169672
24188,6188,1.0324448339815717e-05,1.0,,,False,623.2864816668443
24189,6189,1.0320152796339244e-05,1.0,,,False,623.3789325419348
24190,6190,1.0315765393897891e-05,1.0,,,False,623.4880431669299
24191,6191,1.0311438018106855e-05,1.0,,,False,623.5918516670354
24192,6192,1.030692601489136e-05,1.0,,,False,623.6957814579364
24193,6193,1.0302754162694328e-05,1.0,,,False,623.8029302498326
24194,6194,1.0298646884621121e-05,1.0,,,False,623.8928532919381
24195,6195,1.029503528116038e-05,1.0,,,False,623.9884119168855
24196,6196,1.0289868441759609e-05,1.0,,,False,624.0814832500182
24197,6197,1.0285201824444812e-05,1.0,,,False,624.1734845829196
24198,6198,1.0279505659127608e-05,1.0,,,False,624.2667229999788
24199,6199,1.0275926797476131e-05,1.0,,,False,624.3581395000219
24200,6200,1.0271475730405655e-05,1.0,0.9997762613267703,0.008875703703203924,False,624.5133927080315
24201,6201,1.0266059689456597e-05,1.0,,,False,624.5825395418797
24202,6202,1.0261266652378254e-05,1.0,,,False,624.6535972920246
24203,6203,1.0254449989588466e-05,1.0,,,False,624.7190283748787
24204,6204,1.0250839295622427e-05,1.0,,,False,624.7869994170032
24205,6205,1.0247415957564954e-05,1.0,,,False,624.8536040419713
24206,6206,1.0245984412904363e-05,1.0,,,False,624.9197811249178
24207,6207,1.0241595191473607e-05,1.0,,,False,624.9839220829308
24208,6208,1.0238202776235994e-05,1.0,,,False,625.0495870828163
24209,6209,1.0231324267806485e-05,1.0,,,False,625.1160744579975
24210,6210,1.0225378900940996e-05,1.0,,,False,625.1814582080115
24211,6211,1.0221519914921373e-05,1.0,,,False,625.2456235829741
24212,6212,1.021495245367987e-05,1.0,,,False,625.3138594578486
24213,6213,1.0213582754659e-05,1.0,,,False,625.3754903329536
24214,6214,1.0205490070802625e-05,1.0,,,False,625.4399621249177
24215,6215,1.0204027603322174e-05,1.0,,,False,625.5068343749736
24216,6216,1.0196590665145777e-05,1.0,,,False,625.5700280829333
24217,6217,1.019350929709617e-05,1.0,,,False,625.637650874909
24218,6218,1.0189058230025694e-05,1.0,,,False,625.7057115000207
24219,6219,1.018479360936908e-05,1.0,,,False,625.7717711250298
24220,6220,1.0180405297433026e-05,1.0,,,False,625.8378224170301
24221,6221,1.0178164302487858e-05,1.0,,,False,625.9073798328172
24222,6222,1.0172935617447365e-05,1.0,,,False,625.9737830830272
24223,6223,1.0167768778046593e-05,1.0,,,False,626.0360829168931
24224,6224,1.0162632861465681e-05,1.0,,,False,626.1018136248458
24225,6225,1.0159676094190218e-05,1.0,,,False,626.1710212079342
24226,6226,1.0152765753446147e-05,1.0,,,False,626.2363173749764
24227,6227,1.0147318789677229e-05,1.0,,,False,626.3023747080006
24228,6228,1.0143490726477467e-05,1.0,,,False,626.3730847078841
24229,6229,1.0138884135812987e-05,1.0,,,False,626.4412662079558
24230,6230,1.013580276776338e-05,1.0,,,False,626.5068482919596
24231,6231,1.013072960631689e-05,1.0,,,False,626.5736860418692
24232,6232,1.0126184861292131e-05,1.0,,,False,626.638191957958
24233,6233,1.0120365914190188e-05,1.0,,,False,626.7069723329041
24234,6234,1.0114824362972286e-05,1.0,,,False,626.7752683749422
24235,6235,1.0111121810041368e-05,1.0,,,False,626.8453317498788
24236,6236,1.0107604794029612e-05,1.0,,,False,626.9129930830095
24237,6237,1.0103931344929151e-05,1.0,,,False,626.9796874579042
24238,6238,1.0098485290654935e-05,1.0,,,False,627.0468042918947
24239,6239,1.0095216566696763e-05,1.0,,,False,627.114262332907
24240,6240,1.008858725981554e-05,1.0,,,False,627.1818200829439
24241,6241,1.0083795132231899e-05,1.0,,,False,627.2497420830186
24242,6242,1.0078253581013996e-05,1.0,,,False,627.3171106670052
24243,6243,1.0076169019157533e-05,1.0,,,False,627.4093385420274
24244,6244,1.0072464647237211e-05,1.0,,,False,627.5031003749464
24245,6245,1.0070845746668056e-05,1.0,,,False,627.5983384170104
24246,6246,1.0065306014439557e-05,1.0,,,False,627.6921094998252
24247,6247,1.006135244097095e-05,1.0,,,False,627.7868481669575
24248,6248,1.0054536687675864e-05,1.0,,,False,627.8810153750237
24249,6249,1.0048996955447365e-05,1.0,,,False,627.9744917079806
24250,6250,1.0046132956631482e-05,1.0,,,False,628.0684719169512
24251,6251,1.0042054782388732e-05,1.0,,,False,628.1644409578294
24252,6252,1.0038009349955246e-05,1.0,,,False,628.2587242079899
24253,6253,1.0032842510554474e-05,1.0,,,False,628.3551969579421
24254,6254,1.0026088602899108e-05,1.0,,,False,628.4508519999217
24255,6255,1.0021389243775047e-05,1.0,,,False,628.544850874925
24256,6256,1.0016315172833856e-05,1.0,,,False,628.6395884999074
24257,6257,1.0011273843701929e-05,1.0,,,False,628.7341570828576
24258,6258,1.0010868209064938e-05,1.0,,,False,628.8272265419364
24259,6259,1.000579595711315e-05,1.0,,,False,628.9205189580098
24260,6260,1.0003212082665414e-05,1.0,,,False,629.013686374994
24261,6261,9.997735105571337e-06,1.0,,,False,629.1114152919035
24262,6262,9.991975275625009e-06,1.0,,,False,629.2120410418138
24263,6263,9.987089470087085e-06,1.0,,,False,629.3098715830129
24264,6264,9.98179802991217e-06,1.0,,,False,629.4063450419344
24265,6265,9.977254194382112e-06,1.0,,,False,629.5035454998724
24266,6266,9.971931831387337e-06,1.0,,,False,629.61024275003
24267,6267,9.96797825791873e-06,1.0,,,False,629.7118752920069
24268,6268,9.962252079276368e-06,1.0,,,False,629.8137259169016
24269,6269,9.959791896108072e-06,1.0,,,False,629.9109614999034
24270,6270,9.953225344361272e-06,1.0,,,False,630.0144089998212
24271,6271,9.949272680387367e-06,1.0,,,False,630.1111624999903
24272,6272,9.94301626633387e-06,1.0,,,False,630.212491291808
24273,6273,9.941211828845553e-06,1.0,,,False,630.3176037918311
24274,6274,9.937445611285511e-06,1.0,,,False,630.4216812918894
24275,6275,9.934925401466899e-06,1.0,,,False,630.5246238328982
24276,6276,9.92957029666286e-06,1.0,,,False,630.6193295000121
24277,6277,9.924031473929062e-06,1.0,,,False,630.7100811249111
24278,6278,9.91796150628943e-06,1.0,,,False,630.8143574579153
24279,6279,9.913137546391226e-06,1.0,,,False,630.9142100419849
24280,6280,9.908780157275032e-06,1.0,,,False,630.9948762918357
24281,6281,9.905480510497e-06,1.0,,,False,631.0589377498254
24282,6282,9.905294064083137e-06,1.0,,,False,631.123246624833
24283,6283,9.89838554232847e-06,1.0,,,False,631.1894752499647
24284,6284,9.894150934997015e-06,1.0,,,False,631.2577566248365
24285,6285,9.887740816338919e-06,1.0,,,False,631.3179024998099
24286,6286,9.883320672088303e-06,1.0,,,False,631.3822370418347
24287,6287,9.878714081423823e-06,1.0,,,False,631.4479394168593
24288,6288,9.874045645119622e-06,1.0,,,False,631.5107193749864
24289,6289,9.871680049400311e-06,1.0,,,False,631.5798217498232
24290,6290,9.865361789707094e-06,1.0,,,False,631.643733457895
24291,6291,9.863120794761926e-06,1.0,,,False,631.7083614999428
24292,6292,9.855868484009989e-06,1.0,,,False,631.7747017079964
24293,6293,9.853720257524401e-06,1.0,,,False,631.8418638329022
24294,6294,9.846936336543877e-06,1.0,,,False,631.909305332927
24295,6295,9.843915904639289e-06,1.0,,,False,631.9764222498052
24296,6296,9.839372069109231e-06,1.0,,,False,632.0433529999573
24297,6297,9.836072422331199e-06,1.0,,,False,632.1074977079406
24298,6298,9.833209333010018e-06,1.0,,,False,632.174130207859
24299,6299,9.826517270994373e-06,1.0,,,False,632.2414832080249
24300,6300,9.823654181673191e-06,1.0,0.9997762613267703,0.00882265729327742,False,632.3769225829747
24301,6301,9.81618450168753e-06,1.0,,,False,632.442214832874
24302,6302,9.814721124712378e-06,1.0,,,False,632.5098164998926
24303,6303,9.806691195990425e-06,1.0,,,False,632.5765367499553
24304,6304,9.805259651329834e-06,1.0,,,False,632.6442032919731
24305,6305,9.798567589314189e-06,1.0,,,False,632.7093170420267
24306,6306,9.796605809242465e-06,1.0,,,False,632.7742496249266
24307,6307,9.792312084755395e-06,1.0,,,False,632.8459560419433
24308,6308,9.788327588466927e-06,1.0,,,False,632.9151312918402
24309,6309,9.784032044990454e-06,1.0,,,False,632.9822817079257
24310,6310,9.779021638678387e-06,1.0,,,False,633.0485819168389
24311,6311,9.77500621957006e-06,1.0,,,False,633.1184949579183
24312,6312,9.770150427357294e-06,1.0,,,False,633.1857808330096
24313,6313,9.766633411345538e-06,1.0,,,False,633.2549218328204
24314,6314,9.761466571944766e-06,1.0,,,False,633.3175423748326
24315,6315,9.757048246683553e-06,1.0,,,False,633.3844764579553
24316,6316,9.750852768775076e-06,1.0,,,False,633.4446799999569
24317,6317,9.746963769430295e-06,1.0,,,False,633.5107349578757
24318,6318,9.742979273141827e-06,1.0,,,False,633.5741114998236
24319,6319,9.7417341748951e-06,1.0,,,False,633.6396034169011
24320,6320,9.738372682477348e-06,1.0,,,False,633.7076824170072
24321,6321,9.736131687532179e-06,1.0,,,False,633.7689586668275
24322,6322,9.732148100738414e-06,1.0,,,False,633.8357747078408
24323,6323,9.725362360768486e-06,1.0,,,False,633.9006081668194
24324,6324,9.722654795041308e-06,1.0,,,False,633.9694949579425
24325,6325,9.716398380987812e-06,1.0,,,False,634.0327656248119
24326,6326,9.714220141177066e-06,1.0,,,False,634.1188830418978
24327,6327,9.70942619460402e-06,1.0,,,False,634.2276632499415
24328,6328,9.705598131404258e-06,1.0,,,False,634.3364629580174
24329,6329,9.699652764538769e-06,1.0,,,False,634.4367550418247
24330,6330,9.696478628029581e-06,1.0,,,False,634.5375803748611
24331,6331,9.692618732515257e-06,1.0,,,False,634.6371732079424
24332,6332,9.691716513771098e-06,1.0,,,False,634.7418701248243
24333,6333,9.686643352324609e-06,1.0,,,False,634.8356990828179
24334,6334,9.685553777671885e-06,1.0,,,False,634.9331052079797
24335,6335,9.67932919593295e-06,1.0,,,False,635.0344630000181
24336,6336,9.676652553025633e-06,1.0,,,False,635.1289938329719
24337,6337,9.671268344391137e-06,1.0,,,False,635.2252050000243
24338,6338,9.666661753726657e-06,1.0,,,False,635.3169057918712
24339,6339,9.664607205195352e-06,1.0,,,False,635.4234951250255
24340,6340,9.65797789831413e-06,1.0,,,False,635.5251608749386
24341,6341,9.655923349782825e-06,1.0,,,False,635.6282147918828
24342,6342,9.64885748544475e-06,1.0,,,False,635.7265754169784
24343,6343,9.647550541558303e-06,1.0,,,False,635.8328422920313
24344,6344,9.643628800404258e-06,1.0,,,False,635.932960332837
24345,6345,9.641606084187515e-06,1.0,,,False,636.0332411248237
24346,6346,9.636687536840327e-06,1.0,,,False,636.1336487918161
24347,6347,9.633295121602714e-06,1.0,,,False,636.2393981248606
24348,6348,9.629933629184961e-06,1.0,,,False,636.3463729168288
24349,6349,9.625265192880761e-06,1.0,,,False,636.4502555418294
24350,6350,9.621561730455142e-06,1.0,,,False,636.5505202920176
24351,6351,9.617141586204525e-06,1.0,,,False,636.6495019169524
24352,6352,9.61262958298903e-06,1.0,,,False,636.7466846669558
24353,6353,9.607493666408118e-06,1.0,,,False,636.8524412079714
24354,6354,9.604287697584368e-06,1.0,,,False,636.9496467919089
24355,6355,9.599151781003457e-06,1.0,,,False,637.0314086249564
24356,6356,9.598218639439438e-06,1.0,,,False,637.0995923748706
24357,6357,9.59417229751125e-06,1.0,,,False,637.1668827498797
24358,6358,9.591183697921224e-06,1.0,,,False,637.2343787918799
24359,6359,9.586422493157443e-06,1.0,,,False,637.3021052079275
24360,6360,9.580447112966795e-06,1.0,,,False,637.369830749929
24361,6361,9.577209311828483e-06,1.0,,,False,637.4376861248165
24362,6362,9.57201154960785e-06,1.0,,,False,637.5044028328266
24363,6363,9.57051815930754e-06,1.0,,,False,637.5711484169587
24364,6364,9.563763342157472e-06,1.0,,,False,637.6387263329234
24365,6365,9.561989827489015e-06,1.0,,,False,637.7060283748433
24366,6366,9.554706593917217e-06,1.0,,,False,637.7705873749219
24367,6367,9.552776646160055e-06,1.0,,,False,637.8402319999877
24368,6368,9.547080480842851e-06,1.0,,,False,637.90690299985
24369,6369,9.54701863520313e-06,1.0,,,False,637.9741642919835
24370,6370,9.543066880723927e-06,1.0,,,False,638.0406282078475
24371,6371,9.53957987803733e-06,1.0,,,False,638.1025472918991
24372,6372,9.53581456997199e-06,1.0,,,False,638.1689427078236
24373,6373,9.529028830002062e-06,1.0,,,False,638.2369261248969
24374,6374,9.526538633508608e-06,1.0,,,False,638.3055934170261
24375,6375,9.520220373815391e-06,1.0,,,False,638.3710439580027
24376,6376,9.51785477809608e-06,1.0,,,False,638.4335629998241
24377,6377,9.512034921499435e-06,1.0,,,False,638.5031599169597
24378,6378,9.509638402960263e-06,1.0,,,False,638.5671603328083
24379,6379,9.503631190455053e-06,1.0,,,False,638.634272916941
24380,6380,9.500611668045167e-06,1.0,,,False,638.7033428328577
24381,6381,9.495849553786684e-06,1.0,,,False,638.7718522918876
24382,6382,9.492799108556937e-06,1.0,,,False,638.8427713748533
24383,6383,9.488785508438013e-06,1.0,,,False,638.9111120419111
24384,6384,9.484396287007257e-06,1.0,,,False,638.9797559578437
24385,6385,9.480817425355781e-06,1.0,,,False,639.042703416897
24386,6386,9.475495062361006e-06,1.0,,,False,639.1131977078039
24387,6387,9.471697012486402e-06,1.0,,,False,639.1778884578962
24388,6388,9.466592928220052e-06,1.0,,,False,639.2454110828694
24389,6389,9.462360139878001e-06,1.0,,,False,639.3092190828174
24390,6390,9.457939995627385e-06,1.0,,,False,639.3779810830019
24391,6391,9.452463018533308e-06,1.0,,,False,639.4421220829245
24392,6392,9.450096513319295e-06,1.0,,,False,639.5099836669397
24393,6393,9.44480507314438e-06,1.0,,,False,639.5756109999493
24394,6394,9.443591807212215e-06,1.0,,,False,639.6425607078709
24395,6395,9.438612323720008e-06,1.0,,,False,639.7118760829326
24396,6396,9.433538252778817e-06,1.0,,,False,639.7795516669285
24397,6397,9.429679266759194e-06,1.0,,,False,639.8460092919413
24398,6398,9.424045856576413e-06,1.0,,,False,639.9133913749829
24399,6399,9.421898539585527e-06,1.0,,,False,639.979608082911
24400,6400,9.415486601938028e-06,1.0,0.9996643919901554,0.008713519072416727,False,640.1126719999593
24401,6401,9.413961379323155e-06,1.0,,,False,640.215440957807
24402,6402,9.407020115759224e-06,1.0,,,False,640.3033162918873
24403,6403,9.403814146935474e-06,1.0,,,False,640.3925652918406
24404,6404,9.398305337526836e-06,1.0,,,False,640.4825525418855
24405,6405,9.396375389769673e-06,1.0,,,False,640.5786651249509
24406,6406,9.392453648615628e-06,1.0,,,False,640.6707778328564
24407,6407,9.389995284436736e-06,1.0,,,False,640.7624561670236
24408,6408,9.38557514018612e-06,1.0,,,False,640.8583383329678
24409,6409,9.382742973684799e-06,1.0,,,False,640.9473144169897
24410,6410,9.377357855555601e-06,1.0,,,False,641.0508349169977
24411,6411,9.375272384204436e-06,1.0,,,False,641.1554660419933
24412,6412,9.370105544803664e-06,1.0,,,False,641.254997208016
24413,6413,9.365592632093467e-06,1.0,,,False,641.3531579999253
24414,6414,9.360831427329686e-06,1.0,,,False,641.4471354999114
24415,6415,9.357688213640358e-06,1.0,,,False,641.5408764579333
24416,6416,9.35264597501373e-06,1.0,,,False,641.6349288329948
24417,6417,9.34953277464956e-06,1.0,,,False,641.7294702499639
24418,6418,9.346576007374097e-06,1.0,,,False,641.8233328328934
24419,6419,9.344769750896376e-06,1.0,,,False,641.9173226668499
24420,6420,9.340787073597312e-06,1.0,,,False,642.0102464579977
24421,6421,9.334873539046384e-06,1.0,,,False,642.1039447919466
24422,6422,9.330453394795768e-06,1.0,,,False,642.1989234169014
24423,6423,9.32494458538713e-06,1.0,,,False,642.2926144998055
24424,6424,9.323543963546399e-06,1.0,,,False,642.3877755829599
24425,6425,9.31853264773963e-06,1.0,,,False,642.4814074579626
24426,6426,9.31526483327616e-06,1.0,,,False,642.5786001249216
24427,6427,9.310128916695248e-06,1.0,,,False,642.6722310418263
24428,6428,9.305023922934197e-06,1.0,,,False,642.7652959579136
24429,6429,9.30184978642501e-06,1.0,,,False,642.8618528749794
24430,6430,9.298209079133812e-06,1.0,,,False,642.9557915418409
24431,6431,9.295033123635221e-06,1.0,,,False,643.0491349168587
24432,6432,9.291733476857189e-06,1.0,,,False,643.1326802920084
24433,6433,9.288590263167862e-06,1.0,,,False,643.1983639998361
24434,6434,9.28525969356997e-06,1.0,,,False,643.2684690419119
24435,6435,9.280808626499493e-06,1.0,,,False,643.3337299579289
24436,6436,9.277790013584308e-06,1.0,,,False,643.3972606249154
24437,6437,9.27358905755682e-06,1.0,,,False,643.4626301249955
24438,6438,9.268203939427622e-06,1.0,,,False,643.5294493329711
24439,6439,9.264095751859713e-06,1.0,,,False,643.5996143328957
24440,6440,9.258928912458941e-06,1.0,,,False,643.6669740418438
24441,6441,9.255941222363617e-06,1.0,,,False,643.7333590418566
24442,6442,9.252144081983715e-06,1.0,,,False,643.7995067918673
24443,6443,9.248128662875388e-06,1.0,,,False,643.8624708750285
24444,6444,9.246043191524222e-06,1.0,,,False,643.92300770781
24445,6445,9.242588930646889e-06,1.0,,,False,643.9853381249122
24446,6446,9.238542588718701e-06,1.0,,,False,644.0548176669981
24447,6447,9.23250445339363e-06,1.0,,,False,644.124924124917
24448,6448,9.228613635059446e-06,1.0,,,False,644.193498582812
24449,6449,9.223790584655944e-06,1.0,,,False,644.2619912498631
24450,6450,9.221767868439201e-06,1.0,,,False,644.3262687919196
24451,6451,9.216133548761718e-06,1.0,,,False,644.3966251669917
24452,6452,9.213706107402686e-06,1.0,,,False,644.4780367079657
24453,6453,9.207979019265622e-06,1.0,,,False,644.5726189578418
24454,6454,9.203435183735564e-06,1.0,,,False,644.6665581248235
24455,6455,9.198516636388376e-06,1.0,,,False,644.7598663328681
24456,6456,9.196120117849205e-06,1.0,,,False,644.8538406668231
24457,6457,9.195373422699049e-06,1.0,,,False,644.9467265829444
24458,6458,9.190922355628572e-06,1.0,,,False,645.0406588749029
24459,6459,9.187871910398826e-06,1.0,,,False,645.1357110829558
24460,6460,9.179530934488866e-06,1.0,,,False,645.2296350828838
24461,6461,9.177289939543698e-06,1.0,,,False,645.3301863749512
24462,6462,9.172060345008504e-06,1.0,,,False,645.4341419578996
24463,6463,9.168761607725173e-06,1.0,,,False,645.5331189578865
24464,6464,9.16443514142884e-06,1.0,,,False,645.6302435419057
24465,6465,9.159984983853064e-06,1.0,,,False,645.7278533750214
24466,6466,9.15522196009988e-06,1.0,,,False,645.8228636248969
24467,6467,9.152047823590692e-06,1.0,,,False,645.9173108749092
24468,6468,9.147658602159936e-06,1.0,,,False,646.0123602498788
24469,6469,9.144639989244752e-06,1.0,,,False,646.1064617079683
24470,6470,9.142150702245999e-06,1.0,,,False,646.2034569168463
24471,6471,9.138943823927548e-06,1.0,,,False,646.2996859168634
24472,6472,9.136640983342659e-06,1.0,,,False,646.3933207499795
24473,6473,9.13262465473963e-06,1.0,,,False,646.4867260418832
24474,6474,9.129606951319147e-06,1.0,,,False,646.5812734169886
24475,6475,9.122603842115495e-06,1.0,,,False,646.6758921248838
24476,6476,9.119366950471886e-06,1.0,,,False,646.7730555830058
24477,6477,9.114417480304837e-06,1.0,,,False,646.8691829999443
24478,6478,9.113016858464107e-06,1.0,,,False,646.9740034579299
24479,6479,9.104706805374008e-06,1.0,,,False,647.0792333749123
24480,6480,9.102777767111547e-06,1.0,,,False,647.1851000420284
24481,6481,9.096770554606337e-06,1.0,,,False,647.2889932498801
24482,6482,9.095962013816461e-06,1.0,,,False,647.3899363328237
24483,6483,9.089580998988822e-06,1.0,,,False,647.4891975829378
24484,6484,9.086125828616787e-06,1.0,,,False,647.5860596669372
24485,6485,9.083324584935326e-06,1.0,,,False,647.6869645419065
24486,6486,9.078064977074973e-06,1.0,,,False,647.777378333034
24487,6487,9.076321475731675e-06,1.0,,,False,647.8794784578495
24488,6488,9.069692168850452e-06,1.0,,,False,647.9820834998973
24489,6489,9.068260624189861e-06,1.0,,,False,648.0787063329481
24490,6490,9.062096978595946e-06,1.0,,,False,648.1715557079297
24491,6491,9.059420335688628e-06,1.0,,,False,648.2726373330224
24492,6492,9.05391152627999e-06,1.0,,,False,648.372387124924
24493,6493,9.051888810063247e-06,1.0,,,False,648.4685908330139
24494,6494,9.046721970662475e-06,1.0,,,False,648.5699791668449
24495,6495,9.04423177416902e-06,1.0,,,False,648.6625774998683
24496,6496,9.040559234563261e-06,1.0,,,False,648.7592230418231
24497,6497,9.037260497279931e-06,1.0,,,False,648.8562624168117
24498,6498,9.03259206097573e-06,1.0,,,False,648.9537445418537
24499,6499,9.029915418068413e-06,1.0,,,False,649.0427372499835
24500,6500,9.02518422662979e-06,1.0,0.9996643919901554,0.00857657517064404,False,649.2498811248224
24501,6501,9.022133781400044e-06,1.0,,,False,649.3553855828941
24502,6502,9.01740258996142e-06,1.0,,,False,649.4540889998898
24503,6503,9.013791895995382e-06,1.0,,,False,649.5490348748863
24504,6504,9.010057510749903e-06,1.0,,,False,649.6574675419834
24505,6505,9.003832019516267e-06,1.0,,,False,649.7577217079233
24506,6506,9.000128557090648e-06,1.0,,,False,649.8470141668804
24507,6507,8.994618838187307e-06,1.0,,,False,649.9522989999969
24508,6508,8.99194219527999e-06,1.0,,,False,650.0483308748808
24509,6509,8.986962711787783e-06,1.0,,,False,650.1407592918258
24510,6510,8.986744433059357e-06,1.0,,,False,650.2354487078264
24511,6511,8.984005035017617e-06,1.0,,,False,650.3275894168764
24512,6512,8.979835001809988e-06,1.0,,,False,650.4208747500088
24513,6513,8.973920557764359e-06,1.0,,,False,650.5090387079399
24514,6514,8.968691872723866e-06,1.0,,,False,650.5756535418332
24515,6515,8.963680556917097e-06,1.0,,,False,650.6469420418143
24516,6516,8.960194463725202e-06,1.0,,,False,650.7150799999945
24517,6517,8.956646524893586e-06,1.0,,,False,650.7785706669092
24518,6518,8.952602001954801e-06,1.0,,,False,650.8399514998309
24519,6519,8.947713467932772e-06,1.0,,,False,650.9064796669409
24520,6520,8.943887223722413e-06,1.0,,,False,650.9740030828398
24521,6521,8.938935934565961e-06,1.0,,,False,651.0429635830224
24522,6522,8.934674042393453e-06,1.0,,,False,651.1123770419508
24523,6523,8.931561751523986e-06,1.0,,,False,651.17889641691
24524,6524,8.930845979193691e-06,1.0,,,False,651.2451939999592
24525,6525,8.927795533963945e-06,1.0,,,False,651.3094679999631
24526,6526,8.924838766688481e-06,1.0,,,False,651.3809701248538
24527,6527,8.919018000597134e-06,1.0,,,False,651.449766207952
24528,6528,8.913166311685927e-06,1.0,,,False,651.5204419579823
24529,6529,8.909213647712022e-06,1.0,,,False,651.5906368750148
24530,6530,8.903953130356967e-06,1.0,,,False,651.6574227919336
24531,6531,8.899191016098484e-06,1.0,,,False,651.7251611668617
24532,6532,8.8961724031833e-06,1.0,,,False,651.7958921249956
24533,6533,8.891379366104957e-06,1.0,,,False,651.8608875419013
24534,6534,8.889075616025366e-06,1.0,,,False,651.9345374580007
24535,6535,8.884033377398737e-06,1.0,,,False,652.0018059168942
24536,6536,8.880640962161124e-06,1.0,,,False,652.0694525828585
24537,6537,8.875255844031926e-06,1.0,,,False,652.1385321249254
24538,6538,8.872392754710745e-06,1.0,,,False,652.207775332965
24539,6539,8.868875738698989e-06,1.0,,,False,652.2747022919357
24540,6540,8.869217708706856e-06,1.0,,,False,652.3443543750327
24541,6541,8.866292773745954e-06,1.0,,,False,652.4117398329545
24542,6542,8.860222806106322e-06,1.0,,,False,652.4814265000168
24543,6543,8.85543067852268e-06,1.0,,,False,652.5502853328362
24544,6544,8.85004465089878e-06,1.0,,,False,652.6196474169847
24545,6545,8.847307071846444e-06,1.0,,,False,652.6886215419509
24546,6546,8.844007425068412e-06,1.0,,,False,652.758468874963
24547,6547,8.839680958772078e-06,1.0,,,False,652.8283375829924
24548,6548,8.837222594593186e-06,1.0,,,False,652.8978576248046
24549,6549,8.833207175484858e-06,1.0,,,False,652.9690303329844
24550,6550,8.830156730255112e-06,1.0,,,False,653.0354914169293
24551,6551,8.825458280625753e-06,1.0,,,False,653.1053118749987
24552,6552,8.821161827654578e-06,1.0,,,False,653.1720841669012
24553,6553,8.818640708341263e-06,1.0,,,False,653.2402404169552
24554,6554,8.815964065433946e-06,1.0,,,False,653.3083774580155
24555,6555,8.812446139927488e-06,1.0,,,False,653.3739971669856
24556,6556,8.808991879050154e-06,1.0,,,False,653.4441762918141
24557,6557,8.804199751466513e-06,1.0,,,False,653.5147114580031
24558,6558,8.799219358479604e-06,1.0,,,False,653.5833815829828
24559,6559,8.794114364718553e-06,1.0,,,False,653.6526972919237
24560,6560,8.789881576376501e-06,1.0,,,False,653.721392332809
24561,6561,8.785804311628453e-06,1.0,,,False,653.7894917079248
24562,6562,8.785399586486164e-06,1.0,,,False,653.8561934169848
24563,6563,8.78107312018983e-06,1.0,,,False,653.9208547498565
24564,6564,8.778459232416935e-06,1.0,,,False,653.9874355418142
24565,6565,8.772047294769436e-06,1.0,,,False,654.0540806248318
24566,6566,8.770023669057991e-06,1.0,,,False,654.1158849578351
24567,6567,8.767751751292963e-06,1.0,,,False,654.1774487919174
24568,6568,8.764141057326924e-06,1.0,,,False,654.2442844579928
24569,6569,8.761807293922175e-06,1.0,,,False,654.3119738330133
24570,6570,8.755519957048818e-06,1.0,,,False,654.3777872079518
24571,6571,8.75187834026292e-06,1.0,,,False,654.4463095830288
24572,6572,8.746959792915732e-06,1.0,,,False,654.5157821248285
24573,6573,8.743630132812541e-06,1.0,,,False,654.583418832859
24574,6574,8.740236808080226e-06,1.0,,,False,654.6492210000288
24575,6575,8.739240911381785e-06,1.0,,,False,654.7162492920179
24576,6576,8.735008123039734e-06,1.0,,,False,654.7846726668067
24577,6577,8.732175956538413e-06,1.0,,,False,654.852669792017
24578,6578,8.728784450795501e-06,1.0,,,False,654.9230641250033
24579,6579,8.726200576347765e-06,1.0,,,False,654.9890580000356
24580,6580,8.722403435967863e-06,1.0,,,False,655.0556861669756
24581,6581,8.719197467144113e-06,1.0,,,False,655.1237470828928
24582,6582,8.714310752111487e-06,1.0,,,False,655.189858000027
24583,6583,8.709611392987426e-06,1.0,,,False,655.2565903328359
24584,6584,8.706218068255112e-06,1.0,,,False,655.3247476248071
24585,6585,8.702265404281206e-06,1.0,,,False,655.3921830418985
24586,6586,8.698124474904034e-06,1.0,,,False,655.4568548749667
24587,6587,8.695013093529269e-06,1.0,,,False,655.5261480000336
24588,6588,8.691558832651936e-06,1.0,,,False,655.5928858330008
24589,6589,8.68816550791962e-06,1.0,,,False,655.660719707841
24590,6590,8.684773092682008e-06,1.0,,,False,655.7305674999952
24591,6591,8.681287908984814e-06,1.0,,,False,655.7958206250332
24592,6592,8.6778954937472e-06,1.0,,,False,655.8627509579528
24593,6593,8.674439413880464e-06,1.0,,,False,655.9317010419909
24594,6594,8.671670002513565e-06,1.0,,,False,655.9996730829589
24595,6595,8.66862046677852e-06,1.0,,,False,656.0633420420345
24596,6596,8.663484550197609e-06,1.0,,,False,656.1331576248631
24597,6597,8.660153980599716e-06,1.0,,,False,656.2023212499917
24598,6598,8.654707016830798e-06,1.0,,,False,656.2712995829061
24599,6599,8.65144011186203e-06,1.0,,,False,656.34069037484
24600,6600,8.64863886818057e-06,1.0,0.9997762613267703,0.00850291569052996,False,656.4790488749277
24601,6601,8.648327820992563e-06,1.0,,,False,656.5458901668899
24602,6602,8.645837624499109e-06,1.0,,,False,656.6125413749833
24603,6603,8.642412467452232e-06,1.0,,,False,656.678541332949
24604,6604,8.637713108328171e-06,1.0,,,False,656.7393746669404
24605,6605,8.633293873572256e-06,1.0,,,False,656.806483207969
24606,6606,8.630399861431215e-06,1.0,,,False,656.8720488748513
24607,6607,8.62653996591689e-06,1.0,,,False,656.9373719168361
24608,6608,8.62420529301744e-06,1.0,,,False,657.005141624948
24609,6609,8.617980711278506e-06,1.0,,,False,657.0707951670047
24610,6610,8.615676961198915e-06,1.0,,,False,657.13773566694
24611,6611,8.608673851995263e-06,1.0,,,False,657.2057611248456
24612,6612,8.604316462879069e-06,1.0,,,False,657.2714199998882
24613,6613,8.60070576891303e-06,1.0,,,False,657.3391470420174
24614,6614,8.597313353675418e-06,1.0,,,False,657.4113040419761
24615,6615,8.597998203185853e-06,1.0,,,False,657.4834366668947
24616,6616,8.598278327553999e-06,1.0,,,False,657.5529074168298
24617,6617,8.593049642513506e-06,1.0,,,False,657.6204654169269
24618,6618,8.588599484937731e-06,1.0,,,False,657.6907249579672
24619,6619,8.583214366808534e-06,1.0,,,False,657.7582999579608
24620,6620,8.578731467423495e-06,1.0,,,False,657.826645999914
24621,6621,8.57702070788946e-06,1.0,,,False,657.8921005418524
24622,6622,8.571168109483551e-06,1.0,,,False,657.9629108328372
24623,6623,8.570360478188377e-06,1.0,,,False,658.0320283328183
24624,6624,8.563388291804586e-06,1.0,,,False,658.0997242080048
24625,6625,8.560959940950852e-06,1.0,,,False,658.1702922498807
24626,6626,8.55349026096519e-06,1.0,,,False,658.2399354998488
24627,6627,8.551062819606159e-06,1.0,,,False,658.3069447919261
24628,6628,8.546362550987396e-06,1.0,,,False,658.3751973749604
24629,6629,8.546829121769406e-06,1.0,,,False,658.442611000035
24630,6630,8.544401680410374e-06,1.0,,,False,658.5106157918926
24631,6631,8.543935109628364e-06,1.0,,,False,658.5837194169872
24632,6632,8.540014277969021e-06,1.0,,,False,658.6563560829964
24633,6633,8.535748747817706e-06,1.0,,,False,658.7247729578521
24634,6634,8.531330422556493e-06,1.0,,,False,658.7886863749009
24635,6635,8.525385055691004e-06,1.0,,,False,658.8517527920194
24636,6636,8.523206815880258e-06,1.0,,,False,658.9200565000065
24637,6637,8.518070899299346e-06,1.0,,,False,658.9893467919901
24638,6638,8.516856723872479e-06,1.0,,,False,659.0571942918468
24639,6639,8.515175977663603e-06,1.0,,,False,659.1216290418524
24640,6640,8.512654858350288e-06,1.0,,,False,659.1884002499282
24641,6641,8.507986422046088e-06,1.0,,,False,659.2538418329787
24642,6642,8.50347350933589e-06,1.0,,,False,659.3208299579564
24643,6643,8.498431270709261e-06,1.0,,,False,659.3879513328429
24644,6644,8.494011126458645e-06,1.0,,,False,659.4538613748737
24645,6645,8.49052503326675e-06,1.0,,,False,659.5157345829066
24646,6646,8.490774234815035e-06,1.0,,,False,659.5815214579925
24647,6647,8.48918625706574e-06,1.0,,,False,659.6513087078929
24648,6648,8.486758815706708e-06,1.0,,,False,659.7208719998598
24649,6649,8.482556950184517e-06,1.0,,,False,659.7893262498546
24650,6650,8.477109986415599e-06,1.0,,,False,659.8521418748423
24651,6651,8.471133696730249e-06,1.0,,,False,659.9190229168162
24652,6652,8.467119187116623e-06,1.0,,,False,659.9911742918193
24653,6653,8.463322046736721e-06,1.0,,,False,660.060176666826
24654,6654,8.461267498205416e-06,1.0,,,False,660.1239530418534
24655,6655,8.458155207335949e-06,1.0,,,False,660.1885423748754
24656,6656,8.456910109089222e-06,1.0,,,False,660.2566702920012
24657,6657,8.452365364064462e-06,1.0,,,False,660.3198957499117
24658,6658,8.448163498542272e-06,1.0,,,False,660.3855555828195
24659,6659,8.44246824271977e-06,1.0,,,False,660.4525597498287
24660,6660,8.437674296146724e-06,1.0,,,False,660.5213718328159
24661,6661,8.436149073531851e-06,1.0,,,False,660.5915487918537
24662,6662,8.434032679360826e-06,1.0,,,False,660.6607171248179
24663,6663,8.43334782985039e-06,1.0,,,False,660.7295519998297
24664,6664,8.428773071500473e-06,1.0,,,False,660.8142158749979
24665,6665,8.425722626270726e-06,1.0,,,False,660.8895429580007
24666,6666,8.421054189966526e-06,1.0,,,False,660.954070916865
24667,6667,8.416478522121906e-06,1.0,,,False,661.0236469169613
24668,6668,8.41159180708928e-06,1.0,,,False,661.0934291249141
24669,6669,8.406363122048788e-06,1.0,,,False,661.1615952500142
24670,6670,8.403530046052765e-06,1.0,,,False,661.2276799168903
24671,6671,8.399795660807285e-06,1.0,,,False,661.2971499999985
24672,6672,8.399235412070993e-06,1.0,,,False,661.3658403749578
24673,6673,8.397211786359549e-06,1.0,,,False,661.4493623329327
24674,6674,8.396341399929952e-06,1.0,,,False,661.5570177920163
24675,6675,8.390955372306053e-06,1.0,,,False,661.6632742919028
24676,6676,8.387719390157145e-06,1.0,,,False,661.7702534999698
24677,6677,8.382584383070935e-06,1.0,,,False,661.8745510829613
24678,6678,8.37869356473675e-06,1.0,,,False,661.9778074580245
24679,6679,8.37486641103169e-06,1.0,,,False,662.0840804998297
24680,6680,8.374616299988702e-06,1.0,,,False,662.1874258748721
24681,6681,8.37492825667141e-06,1.0,,,False,662.2949681668542
24682,6682,8.373246600967832e-06,1.0,,,False,662.3905007080175
24683,6683,8.369481292902492e-06,1.0,,,False,662.4951922919136
24684,6684,8.364531822735444e-06,1.0,,,False,662.5983974998817
24685,6685,8.359552339243237e-06,1.0,,,False,662.702032874804
24686,6686,8.35289029055275e-06,1.0,,,False,662.8031967079733
24687,6687,8.347725270141382e-06,1.0,,,False,662.8707503329497
24688,6688,8.344300113094505e-06,1.0,,,False,662.9367472080048
24689,6689,8.340284693986177e-06,1.0,,,False,663.0022085418459
24690,6690,8.339632586285006e-06,1.0,,,False,663.0725379169453
24691,6691,8.337827239301987e-06,1.0,,,False,663.137114541838
24692,6692,8.335897291544825e-06,1.0,,,False,663.2008810830303
24693,6693,8.333065125043504e-06,1.0,,,False,663.265364666935
24694,6694,8.33063677418977e-06,1.0,,,False,663.3333027919289
24695,6695,8.327649084094446e-06,1.0,,,False,663.3986838329583
24696,6696,8.321268069266807e-06,1.0,,,False,663.4656692498829
24697,6697,8.317533684021328e-06,1.0,,,False,663.5325418328866
24698,6698,8.312366844620556e-06,1.0,,,False,663.5986203330103
24699,6699,8.310094926855527e-06,1.0,,,False,663.664506791858
24700,6700,8.311183592013549e-06,1.0,0.9997762613267703,0.00845123843441432,False,663.8032680419274
24701,6701,8.309036275022663e-06,1.0,,,False,663.8737369168084
24702,6702,8.306359632115345e-06,1.0,,,False,663.9428217918612
24703,6703,8.301753041450866e-06,1.0,,,False,664.005892416928
24704,6704,8.296337000501808e-06,1.0,,,False,664.0667256668676
24705,6705,8.291855920106173e-06,1.0,,,False,664.1269792499952
24706,6706,8.286937372758985e-06,1.0,,,False,664.1947172079235
24707,6707,8.281926056952216e-06,1.0,,,False,664.2630494998302
24708,6708,8.27831718197558e-06,1.0,,,False,664.3327719168738
24709,6709,8.275142135971691e-06,1.0,,,False,664.3957718329038
24710,6710,8.272901141026523e-06,1.0,,,False,664.4563361669425
24711,6711,8.2719661804731e-06,1.0,,,False,664.5236861249432
24712,6712,8.27090934762964e-06,1.0,,,False,664.5888917918783
24713,6713,8.267889825219754e-06,1.0,,,False,664.6531851249747
24714,6714,8.264870302809868e-06,1.0,,,False,664.7149889578577
24715,6715,8.262225492217112e-06,1.0,,,False,664.7812048748601
24716,6716,8.255377906607464e-06,1.0,,,False,664.8496620829683
24717,6717,8.252296538557857e-06,1.0,,,False,664.917228249833
24718,6718,8.249183338193689e-06,1.0,,,False,664.9838083749637
24719,6719,8.247720870713238e-06,1.0,,,False,665.0498839169741
24720,6720,8.246257493738085e-06,1.0,,,False,665.1176782918628
24721,6721,8.242896910815034e-06,1.0,,,False,665.183405000018
24722,6722,8.239970156864729e-06,1.0,,,False,665.2495848329272
24723,6723,8.234585948230233e-06,1.0,,,False,665.3189667498227
24724,6724,8.230228559114039e-06,1.0,,,False,665.3889046669938
24725,6725,8.227334546972997e-06,1.0,,,False,665.4614574578591
24726,6726,8.22285255708266e-06,1.0,,,False,665.5297633749433
24727,6727,8.21998946776148e-06,1.0,,,False,665.5966231669299
24728,6728,8.218059520004317e-06,1.0,,,False,665.6612888330128
24729,6729,8.215320121962577e-06,1.0,,,False,665.7277969578281
24730,6730,8.214915396820288e-06,1.0,,,False,665.7970180418342
24731,6731,8.210496162064373e-06,1.0,,,False,665.8666636669077
24732,6732,8.208412509702612e-06,1.0,,,False,665.934975082986
24733,6733,8.20290188130457e-06,1.0,,,False,666.024772292003
24734,6734,8.20000877865823e-06,1.0,,,False,666.1292238328606
24735,6735,8.196457201847807e-06,1.0,,,False,666.2333243750036
24736,6736,8.193690518965013e-06,1.0,,,False,666.3321845829487
24737,6737,8.189797881641425e-06,1.0,,,False,666.4393964170013
24738,6738,8.18858461570926e-06,1.0,,,False,666.5428979168646
24739,6739,8.183666977856774e-06,1.0,,,False,666.6482214168645
24740,6740,8.181956218322739e-06,1.0,,,False,666.7467455419246
24741,6741,8.177255040209275e-06,1.0,,,False,666.8448865418322
24742,6742,8.171685294655617e-06,1.0,,,False,666.9445853750221
24743,6743,8.167545274773147e-06,1.0,,,False,667.0506717918906
24744,6744,8.165583494701423e-06,1.0,,,False,667.1449993329588
24745,6745,8.164682185451966e-06,1.0,,,False,667.2499475828372
24746,6746,8.16402734926669e-06,1.0,,,False,667.3424970419146
24747,6747,8.164028258761391e-06,1.0,,,False,667.4377926669549
24748,6748,8.160915058397222e-06,1.0,,,False,667.5298817500006
24749,6749,8.15935982245719e-06,1.0,,,False,667.6192447079811
24750,6750,8.152635928126983e-06,1.0,,,False,667.713576791808
24751,6751,8.148994311341085e-06,1.0,,,False,667.8079579998739
24752,6752,8.142520528053865e-06,1.0,,,False,667.8994643329643
24753,6753,8.138723387673963e-06,1.0,,,False,667.9904340000357
24754,6754,8.134116797009483e-06,1.0,,,False,668.0873774578795
24755,6755,8.132934453897178e-06,1.0,,,False,668.1793444168288
24756,6756,8.13346377981361e-06,1.0,,,False,668.2723747920245
24757,6757,8.131969480018597e-06,1.0,,,False,668.3634927079547
24758,6758,8.130382411764003e-06,1.0,,,False,668.4572970420122
24759,6759,8.125090971589088e-06,1.0,,,False,668.5513338749297
24760,6760,8.11958216218045e-06,1.0,,,False,668.6465272498317
24761,6761,8.114632692013402e-06,1.0,,,False,668.7401727079414
24762,6762,8.11043082649121e-06,1.0,,,False,668.8366571248043
24763,6763,8.10759865998989e-06,1.0,,,False,668.927539124852
24764,6764,8.105917913781013e-06,1.0,,,False,669.0212833748665
24765,6765,8.105357665044721e-06,1.0,,,False,669.1129144579172
24766,6766,8.103739673970267e-06,1.0,,,False,669.205540291965
24767,6767,8.102120773401111e-06,1.0,,,False,669.2998341668863
24768,6768,8.095864359347615e-06,1.0,,,False,669.391658624867
24769,6769,8.093405995168723e-06,1.0,,,False,669.4820549578872
24770,6770,8.087989954219665e-06,1.0,,,False,669.5715242498554
24771,6771,8.08447293820791e-06,1.0,,,False,669.6651186668314
24772,6772,8.080426596279722e-06,1.0,,,False,669.756394749973
24773,6773,8.078559403656982e-06,1.0,,,False,669.8489612499252
24774,6774,8.075570804066956e-06,1.0,,,False,669.9449557079934
24775,6775,8.073579010670073e-06,1.0,,,False,670.0408494579606
24776,6776,8.07059132057475e-06,1.0,,,False,670.1436289998237
24777,6777,8.066637747106142e-06,1.0,,,False,670.2353806248866
24778,6778,8.06094249128364e-06,1.0,,,False,670.3381082918495
24779,6779,8.057549166551325e-06,1.0,,,False,670.4425649170298
24780,6780,8.054125828493852e-06,1.0,,,False,670.5422083330341
24781,6781,8.054375030042138e-06,1.0,,,False,670.6485959168058
24782,6782,8.053317287703976e-06,1.0,,,False,670.744902791921
24783,6783,8.053191777435131e-06,1.0,,,False,670.8409489579499
24784,6784,8.051449185586534e-06,1.0,,,False,670.9434362498578
24785,6785,8.047713890846353e-06,1.0,,,False,671.0419584168121
24786,6786,8.041737601161003e-06,1.0,,,False,671.1513244998641
24787,6787,8.038190571824089e-06,1.0,,,False,671.2461309169885
24788,6788,8.032836376514751e-06,1.0,,,False,671.3149760419037
24789,6789,8.029226592043415e-06,1.0,,,False,671.3857541668694
24790,6790,8.026113391679246e-06,1.0,,,False,671.4622261668555
24791,6791,8.0258332673111e-06,1.0,,,False,671.5326911248267
24792,6792,8.024868293432519e-06,1.0,,,False,671.5997137499508
24793,6793,8.024743692658376e-06,1.0,,,False,671.6690866248682
24794,6794,8.022222573345061e-06,1.0,,,False,671.7388929168228
24795,6795,8.01792793936329e-06,1.0,,,False,671.8088294579647
24796,6796,8.013010301510803e-06,1.0,,,False,671.8779267498758
24797,6797,8.008559234440327e-06,1.0,,,False,671.9499598329421
24798,6798,8.003797120181844e-06,1.0,,,False,672.016203291947
24799,6799,8.000528396223672e-06,1.0,,,False,672.0872285829391
24800,6800,7.997198736120481e-06,1.0,0.9997762613267703,0.008422188798720741,False,672.2229946248699
24801,6801,7.996358363016043e-06,1.0,,,False,672.3378576249816
24802,6802,7.997571628948208e-06,1.0,,,False,672.4313383749686
24803,6803,7.998879482329357e-06,1.0,,,False,672.525030166842
24804,6804,7.99442841525888e-06,1.0,,,False,672.6182730828878
24805,6805,7.991378879523836e-06,1.0,,,False,672.712060791906
24806,6806,7.985495358298067e-06,1.0,,,False,672.806799541926
24807,6807,7.981698217918165e-06,1.0,,,False,672.9023047499359
24808,6808,7.978430403454695e-06,1.0,,,False,673.0124857078772
24809,6809,7.97503707872238e-06,1.0,,,False,673.1069833748043
24810,6810,7.973823812790215e-06,1.0,,,False,673.2120993328281
24811,6811,7.971520062710624e-06,1.0,,,False,673.3163709999062
24812,6812,7.970867045514751e-06,1.0,,,False,673.4239133750089
24813,6813,7.966976227180567e-06,1.0,,,False,673.53250879189
24814,6814,7.96202766650822e-06,1.0,,,False,673.6327829998918
24815,6815,7.958012247399893e-06,1.0,,,False,673.7343277079053
24816,6816,7.954370630613994e-06,1.0,,,False,673.8470189999789
24817,6817,7.952908163133543e-06,1.0,,,False,673.9438597080298
24818,6818,7.950667168188374e-06,1.0,,,False,674.0501063750125
24819,6819,7.952565283630975e-06,1.0,,,False,674.1499071249273
24820,6820,7.947553967824206e-06,1.0,,,False,674.2399748750031
24821,6821,7.946931873448193e-06,1.0,,,False,674.3375652499963
24822,6822,7.941889634821564e-06,1.0,,,False,674.4334539168049
24823,6823,7.9380606621271e-06,1.0,,,False,674.5332347080112
24824,6824,7.933735105325468e-06,1.0,,,False,674.6440572498832
24825,6825,7.931897926027887e-06,1.0,,,False,674.7409867499955
24826,6826,7.929501407488715e-06,1.0,,,False,674.8438956669997
24827,6827,7.926575563033111e-06,1.0,,,False,674.9438545419835
24828,6828,7.926358193799388e-06,1.0,,,False,675.045499707805
24829,6829,7.92324590292992e-06,1.0,,,False,675.1429760828614
24830,6830,7.92094215285033e-06,1.0,,,False,675.2461372918915
24831,6831,7.916523827589117e-06,1.0,,,False,675.3468349578325
24832,6832,7.912694854894653e-06,1.0,,,False,675.4578098328784
24833,6833,7.909800842753612e-06,1.0,,,False,675.5560376669746
24834,6834,7.90650119597558e-06,1.0,,,False,675.6632459168322
24835,6835,7.90519334259443e-06,1.0,,,False,675.758343791822
24836,6836,7.902205652499106e-06,1.0,,,False,675.8521842078771
24837,6837,7.901085155026522e-06,1.0,,,False,675.9441693748813
24838,6838,7.895669114077464e-06,1.0,,,False,676.0361557498109
24839,6839,7.895607268437743e-06,1.0,,,False,676.1307240419555
24840,6840,7.889289008744527e-06,1.0,,,False,676.2246770828497
24841,6841,7.886425009928644e-06,1.0,,,False,676.3274397919886
24842,6842,7.882596946728881e-06,1.0,,,False,676.421481374884
24843,6843,7.880355951783713e-06,1.0,,,False,676.5149666250218
24844,6844,7.880542398197576e-06,1.0,,,False,676.6097849579528
24845,6845,7.88206762081245e-06,1.0,,,False,676.7050233329646
24846,6846,7.879080840211827e-06,1.0,,,False,676.800265791826
24847,6847,7.876340532675385e-06,1.0,,,False,676.8929136670195
24848,6848,7.873508366174065e-06,1.0,,,False,676.9881822080351
24849,6849,7.869835826568305e-06,1.0,,,False,677.0814823328983
24850,6850,7.864170584070962e-06,1.0,,,False,677.1728191669099
24851,6851,7.861618541937787e-06,1.0,,,False,677.2637341669761
24852,6852,7.857541277189739e-06,1.0,,,False,677.3538017498795
24853,6853,7.854801879147999e-06,1.0,,,False,677.4447553330101
24854,6854,7.852218914194964e-06,1.0,,,False,677.5386727498844
24855,6855,7.849666872061789e-06,1.0,,,False,677.6372804169077
24856,6856,7.846896551200189e-06,1.0,,,False,677.7318808748387
24857,6857,7.844935680623166e-06,1.0,,,False,677.8320295829326
24858,6858,7.841947990527842e-06,1.0,,,False,677.9272415828891
24859,6859,7.836843906261493e-06,1.0,,,False,678.0198281668127
24860,6860,7.83257928560488e-06,1.0,,,False,678.1209804168902
24861,6861,7.830711183487438e-06,1.0,,,False,678.2142494579311
24862,6862,7.831738912500441e-06,1.0,,,False,678.3110330419149
24863,6863,7.831366019672714e-06,1.0,,,False,678.4053529580124
24864,6864,7.830743015802e-06,1.0,,,False,678.4993830828462
24865,6865,7.826634828234091e-06,1.0,,,False,678.5972591249738
24866,6866,7.823397936590482e-06,1.0,,,False,678.7028922918253
24867,6867,7.816176548658404e-06,1.0,,,False,678.8001528750174
24868,6868,7.81312701292336e-06,1.0,,,False,678.9007740828674
24869,6869,7.807803740433883e-06,1.0,,,False,678.9986989169847
24870,6870,7.805936547811143e-06,1.0,,,False,679.0932902079076
24871,6871,7.801391802786384e-06,1.0,,,False,679.1995575418696
24872,6872,7.80021036916878e-06,1.0,,,False,679.2958990000188
24873,6873,7.79650599724846e-06,1.0,,,False,679.4036848328542
24874,6874,7.797689249855466e-06,1.0,,,False,679.5108320419677
24875,6875,7.794419616402593e-06,1.0,,,False,679.6121823329013
24876,6876,7.793953955115285e-06,1.0,,,False,679.7166024579201
24877,6877,7.789751180098392e-06,1.0,,,False,679.821731749922
24878,6878,7.786265996401198e-06,1.0,,,False,679.9261862079147
24879,6879,7.782437933201436e-06,1.0,,,False,680.039810166927
24880,6880,7.777706741762813e-06,1.0,,,False,680.1544354578946
24881,6881,7.776710845064372e-06,1.0,,,False,680.2591490419582
24882,6882,7.775747690175194e-06,1.0,,,False,680.354900291888
24883,6883,7.774065124976914e-06,1.0,,,False,680.4247780418955
24884,6884,7.769396688672714e-06,1.0,,,False,680.4953045418952
24885,6885,7.765288501104806e-06,1.0,,,False,680.5684489170089
24886,6886,7.759778782201465e-06,1.0,,,False,680.6818945419509
24887,6887,7.757351340842433e-06,1.0,,,False,680.7904324168339
24888,6888,7.751780685794074e-06,1.0,,,False,680.894998166943
24889,6889,7.749694304948207e-06,1.0,,,False,680.9973917079624
24890,6890,7.748170901322737e-06,1.0,,,False,681.0998277498875
24891,6891,7.748916686978191e-06,1.0,,,False,681.2025093748234
24892,6892,7.745120456092991e-06,1.0,,,False,681.3010514578782
24893,6893,7.744466529402416e-06,1.0,,,False,681.4041947920341
24894,6894,7.739859938737936e-06,1.0,,,False,681.5012077919673
24895,6895,7.737183295830619e-06,1.0,,,False,681.5893729999661
24896,6896,7.732545782346278e-06,1.0,,,False,681.6775282078888
24897,6897,7.729775461484678e-06,1.0,,,False,681.7661395419855
24898,6898,7.725573595962487e-06,1.0,,,False,681.854450416984
24899,6899,7.720344910921995e-06,1.0,,,False,681.9459560830146
24900,6900,7.71782379160868e-06,1.0,0.9995525226535407,0.008377217605918495,False,682.1220609578304
24901,6901,7.71365284890635e-06,1.0,,,False,682.2315536669921
24902,6902,7.712065780651756e-06,1.0,,,False,682.3322244170122
24903,6903,7.706992619205266e-06,1.0,,,False,682.4385936670005
24904,6904,7.705529242230114e-06,1.0,,,False,682.5350212079939
24905,6905,7.700859896431211e-06,1.0,,,False,682.6337417499162
24906,6906,7.698930858168751e-06,1.0,,,False,682.7315045830328
24907,6907,7.698899025854189e-06,1.0,,,False,682.8239464578219
24908,6908,7.698028639424592e-06,1.0,,,False,682.919969541952
24909,6909,7.69612961448729e-06,1.0,,,False,683.0133710829541
24910,6910,7.691865903325379e-06,1.0,,,False,683.1119375419803
24911,6911,7.688878213230055e-06,1.0,,,False,683.2106363328639
24912,6912,7.683399417146575e-06,1.0,,,False,683.3039474999532
24913,6913,7.678419933654368e-06,1.0,,,False,683.397942249896
24914,6914,7.673377695027739e-06,1.0,,,False,683.4936104579829
24915,6915,7.669517799513415e-06,1.0,,,False,683.5889067919925
24916,6916,7.665782504773233e-06,1.0,,,False,683.6825453329366
24917,6917,7.664507393201347e-06,1.0,,,False,683.7790499168914
24918,6918,7.662763891858049e-06,1.0,,,False,683.8615048329812
24919,6919,7.66052289691288e-06,1.0,,,False,683.939963541925
24920,6920,7.657566129637416e-06,1.0,,,False,684.0075978329405
24921,6921,7.654110959265381e-06,1.0,,,False,684.0724992919713
24922,6922,7.650905899936333e-06,1.0,,,False,684.138409457868
24923,6923,7.64857031754218e-06,1.0,,,False,684.2053563748486
24924,6924,7.645397090527695e-06,1.0,,,False,684.2707612498198
24925,6925,7.642844138899818e-06,1.0,,,False,684.3398157500196
24926,6926,7.63967000239063e-06,1.0,,,False,684.4057310000062
24927,6927,7.635343536094297e-06,1.0,,,False,684.4729393748567
24928,6928,7.628806997672655e-06,1.0,,,False,684.5386804169975
24929,6929,7.626068509125616e-06,1.0,,,False,684.6064496249892
24930,6930,7.620838914590422e-06,1.0,,,False,684.6709494579118
24931,6931,7.619438292749692e-06,1.0,,,False,684.736775666941
24932,6932,7.616668426635442e-06,1.0,,,False,684.8032358328346
24933,6933,7.614334208483342e-06,1.0,,,False,684.8682574999984
24934,6934,7.612747140228748e-06,1.0,,,False,684.9350820828695
24935,6935,7.61050614528358e-06,1.0,,,False,684.9984497919213
24936,6936,7.607486622873694e-06,1.0,,,False,685.0604610419832
24937,6937,7.603254289278993e-06,1.0,,,False,685.1248536249623
24938,6938,7.59989234211389e-06,1.0,,,False,685.1913655828685
24939,6939,7.597309377160855e-06,1.0,,,False,685.2587152498309
24940,6940,7.592703241243726e-06,1.0,,,False,685.3230917078909
24941,6941,7.590399491164135e-06,1.0,,,False,685.3887906249147
24942,6942,7.586104857182363e-06,1.0,,,False,685.4577160419431
24943,6943,7.581871614092961e-06,1.0,,,False,685.5295535828918
24944,6944,7.578510121675208e-06,1.0,,,False,685.6004968748894
24945,6945,7.574682058475446e-06,1.0,,,False,685.6691648329142
24946,6946,7.571102287329268e-06,1.0,,,False,685.7540131669957
24947,6947,7.569763965875609e-06,1.0,,,False,685.8245232498739
24948,6948,7.56932831791346e-06,1.0,,,False,685.8936492498033
24949,6949,7.567678949271794e-06,1.0,,,False,685.9630691669881
24950,6950,7.564535280835116e-06,1.0,,,False,686.0303305829875
24951,6951,7.5601151365845e-06,1.0,,,False,686.100055207964
24952,6952,7.556287073384738e-06,1.0,,,False,686.16704845801
24953,6953,7.550995633209823e-06,1.0,,,False,686.2361785420217
24954,6954,7.547229415649781e-06,1.0,,,False,686.3082802079152
24955,6955,7.542902949353447e-06,1.0,,,False,686.3817822919227
24956,6956,7.538950285379542e-06,1.0,,,False,686.4509187499061
24957,6957,7.535401891800575e-06,1.0,,,False,686.5149317919277
24958,6958,7.532320523750968e-06,1.0,,,False,686.5785400418099
24959,6959,7.530110906373011e-06,1.0,,,False,686.6485142919701
24960,6960,7.526220088038826e-06,1.0,,,False,686.716446624836
24961,6961,7.526033186877612e-06,1.0,,,False,686.7854629999492
24962,6962,7.524290140281664e-06,1.0,,,False,686.8555226249155
24963,6963,7.5218936217424925e-06,1.0,,,False,686.9239371668082
24964,6964,7.518470283685019e-06,1.0,,,False,686.9925076668151
24965,6965,7.514983735745773e-06,1.0,,,False,687.054206041852
24966,6966,7.509817351092352e-06,1.0,,,False,687.1229689579923
24967,6967,7.506922429456608e-06,1.0,,,False,687.2023644170258
24968,6968,7.501725121983327e-06,1.0,,,False,687.273656624835
24969,6969,7.4987992775277235e-06,1.0,,,False,687.3462222919334
24970,6970,7.493445536965737e-06,1.0,,,False,687.4191910829395
24971,6971,7.4905201472574845e-06,1.0,,,False,687.4883437918033
24972,6972,7.487064976885449e-06,1.0,,,False,687.5590408749413
24973,6973,7.485135483875638e-06,1.0,,,False,687.6325466670096
24974,6974,7.483018634957261e-06,1.0,,,False,687.7010808328632
24975,6975,7.484450634365203e-06,1.0,,,False,687.7683129168581
24976,6976,7.4790968938032165e-06,1.0,,,False,687.8347497079521
24977,6977,7.479439318558434e-06,1.0,,,False,687.902099207975
24978,6978,7.47280955692986e-06,1.0,,,False,687.9717887919396
24979,6979,7.472125162166776e-06,1.0,,,False,688.0385041248519
24980,6980,7.4675494943221565e-06,1.0,,,False,688.1086705420166
24981,6981,7.464063401130261e-06,1.0,,,False,688.1737409168854
24982,6982,7.459768312401138e-06,1.0,,,False,688.2419759170152
24983,6983,7.454881597368512e-06,1.0,,,False,688.3144420830067
24984,6984,7.450337307091104e-06,1.0,,,False,688.3865111249033
24985,6985,7.446260042343056e-06,1.0,,,False,688.4575033329893
24986,6986,7.442462901963154e-06,1.0,,,False,688.5301397079602
24987,6987,7.440065928676631e-06,1.0,,,False,688.5938427499495
24988,6988,7.440377885359339e-06,1.0,,,False,688.6614785830025
24989,6989,7.435833595081931e-06,1.0,,,False,688.7316165829543
24990,6990,7.435024144797353e-06,1.0,,,False,688.8009186668787
24991,6991,7.429608558595646e-06,1.0,,,False,688.8717260418925
24992,6992,7.4293284342275e-06,1.0,,,False,688.9572228328325
24993,6993,7.4243480412405916e-06,1.0,,,False,689.0653986248653
24994,6994,7.423352599289501e-06,1.0,,,False,689.1648523330223
24995,6995,7.417531833198154e-06,1.0,,,False,689.2577888329979
24996,6996,7.414481842715759e-06,1.0,,,False,689.3532747079153
24997,6997,7.410124453599565e-06,1.0,,,False,689.4574156668968
24998,6998,7.405081760225585e-06,1.0,,,False,689.5552730418276
24999,6999,7.402311894111335e-06,1.0,,,False,689.6270043328404
25000,7000,7.397487479465781e-06,1.0,0.9995525226535407,0.00834898876385052,False,689.7763659169432
25001,7001,7.396584805974271e-06,1.0,,,False,689.9086867079604
25002,7002,7.391231065412285e-06,1.0,,,False,690.0033376249485
25003,7003,7.39191591492272e-06,1.0,,,False,690.0936211668886
25004,7004,7.385535354842432e-06,1.0,,,False,690.1634714999236
25005,7005,7.3883365985238925e-06,1.0,,,False,690.2335264168214
25006,7006,7.3830451583489776e-06,1.0,,,False,690.3055051248521
25007,7007,7.382796411548043e-06,1.0,,,False,690.3781098329928
25008,7008,7.378750069619855e-06,1.0,,,False,690.44743070798
25009,7009,7.377349447779125e-06,1.0,,,False,690.509083249839
25010,7010,7.372400432359427e-06,1.0,,,False,690.5763927078806
25011,7011,7.36928814148996e-06,1.0,,,False,690.6428161668591
25012,7012,7.363624263234669e-06,1.0,,,False,690.7060882919468
25013,7013,7.360262770816917e-06,1.0,,,False,690.7720206249505
25014,7014,7.3563096520956606e-06,1.0,,,False,690.8372219169978
25015,7015,7.352668035309762e-06,1.0,,,False,690.9064904169645
25016,7016,7.351329713856103e-06,1.0,,,False,690.9738101249095
25017,7017,7.346629899984691e-06,1.0,,,False,691.0373327499256
25018,7018,7.347812697844347e-06,1.0,,,False,691.1065017499495
25019,7019,7.341867785726208e-06,1.0,,,False,691.1728949169628
25020,7020,7.343860488617793e-06,1.0,,,False,691.2332205418497
25021,7021,7.340093361563049e-06,1.0,,,False,691.2991939578205
25022,7022,7.338039267779095e-06,1.0,,,False,691.3664071250241
25023,7023,7.3346773206139915e-06,1.0,,,False,691.4276250000112
25024,7024,7.3302271630382165e-06,1.0,,,False,691.489035874838
25025,7025,7.326865670620464e-06,1.0,,,False,691.5586482079234
25026,7026,7.321574230445549e-06,1.0,,,False,691.6239762078039
25027,7027,7.318431016756222e-06,1.0,,,False,691.6880642080214
25028,7028,7.3131086537614465e-06,1.0,,,False,691.7503129998222
25029,7029,7.311676654353505e-06,1.0,,,False,691.8211310829502
25030,7030,7.307786290766671e-06,1.0,,,False,691.8891669579316
25031,7031,7.305794042622438e-06,1.0,,,False,691.9550202919636
25032,7032,7.301779078261461e-06,1.0,,,False,692.0218932498246
25033,7033,7.30078318156302e-06,1.0,,,False,692.0919440418947
25034,7034,7.296736839634832e-06,1.0,,,False,692.1667145828251
25035,7035,7.2973593887581956e-06,1.0,,,False,692.2339572079945
25036,7036,7.294184342754306e-06,1.0,,,False,692.3032411669847
25037,7037,7.290978828677908e-06,1.0,,,False,692.3745808328968
25038,7038,7.290263056347612e-06,1.0,,,False,692.441650666995
25039,7039,7.285843366844347e-06,1.0,,,False,692.512083707843
25040,7040,7.282077149284305e-06,1.0,,,False,692.580369082978
25041,7041,7.277346412593033e-06,1.0,,,False,692.6447164169513
25042,7042,7.2730513238639105e-06,1.0,,,False,692.7094805419911
25043,7043,7.267853561643278e-06,1.0,,,False,692.7702330418397
25044,7044,7.26561256669811e-06,1.0,,,False,692.835585041903
25045,7045,7.260383426910266e-06,1.0,,,False,692.9025675829034
25046,7046,7.26050848243176e-06,1.0,,,False,692.9682848330121
25047,7047,7.257923698489321e-06,1.0,,,False,693.0359577080235
25048,7048,7.258454388647806e-06,1.0,,,False,693.1007956250105
25049,7049,7.254002412082627e-06,1.0,,,False,693.168070374988
25050,7050,7.252882369357394e-06,1.0,,,False,693.2329644998536
25051,7051,7.249459031299921e-06,1.0,,,False,693.297688457882
25052,7052,7.247778285091044e-06,1.0,,,False,693.3601887079421
25053,7053,7.2452262429578695e-06,1.0,,,False,693.4252804999705
25054,7054,7.241024377435679e-06,1.0,,,False,693.4939410418738
25055,7055,7.237102636281634e-06,1.0,,,False,693.5620023750234
25056,7056,7.231935796880862e-06,1.0,,,False,693.6314606668893
25057,7057,7.229134553199401e-06,1.0,,,False,693.6956915420014
25058,7058,7.224714863696136e-06,1.0,,,False,693.76442162483
25059,7059,7.223687589430483e-06,1.0,,,False,693.8283132079523
25060,7060,7.219921371870441e-06,1.0,,,False,693.8957653329708
25061,7061,7.219143299153075e-06,1.0,,,False,693.9597814169247
25062,7062,7.21472406439716e-06,1.0,,,False,694.0260251669679
25063,7063,7.212950094981352e-06,1.0,,,False,694.0875947079621
25064,7064,7.209246177808382e-06,1.0,,,False,694.154229916865
25065,7065,7.208591796370456e-06,1.0,,,False,694.222052082885
25066,7066,7.208249826362589e-06,1.0,,,False,694.2870507079642
25067,7067,7.207315775303869e-06,1.0,,,False,694.3538402919658
25068,7068,7.20180696589523e-06,1.0,,,False,694.4176039579324
25069,7069,7.1994413701759186e-06,1.0,,,False,694.4825231668074
25070,7070,7.193621058831923e-06,1.0,,,False,694.5494907079265
25071,7071,7.189201369328657e-06,1.0,,,False,694.616666499991
25072,7072,7.185933100117836e-06,1.0,,,False,694.6842514169402
25073,7073,7.181793534982717e-06,1.0,,,False,694.7506887919735
25074,7074,7.179085514508188e-06,1.0,,,False,694.817746500019
25075,7075,7.1749773269402795e-06,1.0,,,False,694.8813196248375
25076,7076,7.173140602390049e-06,1.0,,,False,694.9485278329812
25077,7077,7.169717264332576e-06,1.0,,,False,695.0174084168393
25078,7078,7.1727049544279e-06,1.0,,,False,695.0869347918779
25079,7079,7.16763179298141e-06,1.0,,,False,695.1519914998207
25080,7080,7.168752290453995e-06,1.0,,,False,695.2199197078589
25081,7081,7.162495876400499e-06,1.0,,,False,695.2865909170359
25082,7082,7.161531812016619e-06,1.0,,,False,695.3513964579906
25083,7083,7.156333140301285e-06,1.0,,,False,695.4195029998664
25084,7084,7.154248123697471e-06,1.0,,,False,695.486027207924
25085,7085,7.147898941184394e-06,1.0,,,False,695.5539721669629
25086,7086,7.14447514837957e-06,1.0,,,False,695.6191833328921
25087,7087,7.140553407225525e-06,1.0,,,False,695.6786946249194
25088,7088,7.136787189665483e-06,1.0,,,False,695.7460518749431
25089,7089,7.133021881600143e-06,1.0,,,False,695.8163416669704
25090,7090,7.129971891117748e-06,1.0,,,False,695.8841365829576
25091,7091,7.1291001404460985e-06,1.0,,,False,695.9504628328141
25092,7092,7.125768661353504e-06,1.0,,,False,696.017526374897
25093,7093,7.127014669094933e-06,1.0,,,False,696.0837274580263
25094,7094,7.125613137759501e-06,1.0,,,False,696.1533377920277
25095,7095,7.123684554244392e-06,1.0,,,False,696.2192419578787
25096,7096,7.121163434931077e-06,1.0,,,False,696.2856039579492
25097,7097,7.1183621912496164e-06,1.0,,,False,696.3536958750337
25098,7098,7.112883849913487e-06,1.0,,,False,696.4230510420166
25099,7099,7.10930453351466e-06,1.0,,,False,696.4966632078867
25100,7100,7.104169071681099e-06,1.0,0.9995525226535407,0.008281465934196,False,696.639928707853
25101,7101,7.100247330527054e-06,1.0,,,False,696.709676832892
25102,7102,7.097259185684379e-06,1.0,,,False,696.7763168329839
25103,7103,7.093835392879555e-06,1.0,,,False,696.8450705418363
25104,7104,7.092527994245756e-06,1.0,,,False,696.9148513749242
25105,7105,7.090286999300588e-06,1.0,,,False,696.9818748750258
25106,7106,7.0877972575544845e-06,1.0,,,False,697.0515227080323
25107,7107,7.084311164362589e-06,1.0,,,False,697.1185962499585
25108,7108,7.0812925514474045e-06,1.0,,,False,697.1824504998513
25109,7109,7.080420346028404e-06,1.0,,,False,697.2523397498298
25110,7110,7.077961981849512e-06,1.0,,,False,697.3244570828974
25111,7111,7.075378562149126e-06,1.0,,,False,697.4265462500043
25112,7112,7.070896572258789e-06,1.0,,,False,697.5193954168353
25113,7113,7.065574209264014e-06,1.0,,,False,697.6129596249666
25114,7114,7.06215041645919e-06,1.0,,,False,697.7071270418819
25115,7115,7.0568280534644146e-06,1.0,,,False,697.8014097078703
25116,7116,7.05340426065959e-06,1.0,,,False,697.8969919169322
25117,7117,7.050260592222912e-06,1.0,,,False,697.9923913748935
25118,7118,7.048144198051887e-06,1.0,,,False,698.0863813329488
25119,7119,7.046183327474864e-06,1.0,,,False,698.1807092498057
25120,7120,7.043537607387407e-06,1.0,,,False,698.2734560829122
25121,7121,7.041265689622378e-06,1.0,,,False,698.3676391248591
25122,7122,7.0382152443926316e-06,1.0,,,False,698.4601972498931
25123,7123,7.033920155663509e-06,1.0,,,False,698.5542074998375
25124,7124,7.0305895860656165e-06,1.0,,,False,698.6477742500138
25125,7125,7.027228093647864e-06,1.0,,,False,698.7420843329746
25126,7126,7.0286910158756655e-06,1.0,,,False,698.8385489168577
25127,7127,7.026169896562351e-06,1.0,,,False,698.9361698329449
25128,7128,7.025920695014065e-06,1.0,,,False,699.0426127079409
25129,7129,7.020350494713057e-06,1.0,,,False,699.1470729578286
25130,7130,7.018014912318904e-06,1.0,,,False,699.2522971248254
25131,7131,7.011510660959175e-06,1.0,,,False,699.3532754578628
25132,7132,7.009238743194146e-06,1.0,,,False,699.4518117499538
25133,7133,7.003106929914793e-06,1.0,,,False,699.5583974169567
25134,7134,7.001613084867131e-06,1.0,,,False,699.6714836249594
25135,7135,6.996850970608648e-06,1.0,,,False,699.7773490829859
25136,7136,6.996758202149067e-06,1.0,,,False,699.8832020829432
25137,7137,6.993022452661535e-06,1.0,,,False,699.9875762499869
25138,7138,6.991123882471584e-06,1.0,,,False,700.0905416249298
25139,7139,6.987575488892617e-06,1.0,,,False,700.1852602500003
25140,7140,6.983934326854069e-06,1.0,,,False,700.2865711250342
25141,7141,6.979607405810384e-06,1.0,,,False,700.3891884579789
25142,7142,6.976090844545979e-06,1.0,,,False,700.4901539168786
25143,7143,6.9761531449330505e-06,1.0,,,False,700.5910948750097
25144,7144,6.970612957957201e-06,1.0,,,False,700.6891477080062
25145,7145,6.974410098337103e-06,1.0,,,False,700.7938497078139
25146,7146,6.969180958549259e-06,1.0,,,False,700.893466041889
25147,7147,6.9701773099950515e-06,1.0,,,False,700.987224875018
25148,7148,6.9640768742829096e-06,1.0,,,False,701.0841009169817
25149,7149,6.961586677789455e-06,1.0,,,False,701.1887543329503
25150,7150,6.955112439754885e-06,1.0,,,False,701.2957525828388
25151,7151,6.952031071705278e-06,1.0,,,False,701.3996329999063
25152,7152,6.947642759769224e-06,1.0,,,False,701.5059931250289
25153,7153,6.942786967556458e-06,1.0,,,False,701.6075750419404
25154,7154,6.940888397366507e-06,1.0,,,False,701.7092498329002
25155,7155,6.93777610649704e-06,1.0,,,False,701.8045517499559
25156,7156,6.938460501260124e-06,1.0,,,False,701.89921266702
25157,7157,6.93593938194681e-06,1.0,,,False,701.9936806249898
25158,7158,6.933978511369787e-06,1.0,,,False,702.0880012498237
25159,7159,6.930025847395882e-06,1.0,,,False,702.1823967078235
25160,7160,6.926788955752272e-06,1.0,,,False,702.2772866669111
25161,7161,6.9242364588717464e-06,1.0,,,False,702.372583999997
25162,7162,6.9216530391713604e-06,1.0,,,False,702.466617041966
25163,7163,6.919100997038186e-06,1.0,,,False,702.5620733329561
25164,7164,6.9140587584115565e-06,1.0,,,False,702.6591531669255
25165,7165,6.9099810389161576e-06,1.0,,,False,702.7465573749505
25166,7166,6.9050011006766e-06,1.0,,,False,702.8407498749439
25167,7167,6.901328561070841e-06,1.0,,,False,702.9513829168864
25168,7168,6.897282673890004e-06,1.0,,,False,703.0539898748975
25169,7169,6.896037575643277e-06,1.0,,,False,703.1485237500165
25170,7170,6.895881597301923e-06,1.0,,,False,703.2492098328657
25171,7171,6.895632395753637e-06,1.0,,,False,703.3542915419675
25172,7172,6.893734280311037e-06,1.0,,,False,703.4529101669323
25173,7173,6.892551482451381e-06,1.0,,,False,703.5592037918977
25174,7174,6.889812993904343e-06,1.0,,,False,703.659169707913
25175,7175,6.885828042868525e-06,1.0,,,False,703.7567736669444
25176,7176,6.88321460984298e-06,1.0,,,False,703.8542141248472
25177,7177,6.878234671603423e-06,1.0,,,False,703.9554522079416
25178,7178,6.8734725573449396e-06,1.0,,,False,704.0588556248695
25179,7179,6.869270237075398e-06,1.0,,,False,704.1722835418768
25180,7180,6.865877821837785e-06,1.0,,,False,704.2774168329779
25181,7181,6.861551810288802e-06,1.0,,,False,704.3755002079997
25182,7182,6.85915529174963e-06,1.0,,,False,704.4662029168103
25183,7183,6.856291747681098e-06,1.0,,,False,704.5611454998143
25184,7184,6.8551403273886535e-06,1.0,,,False,704.6546063330024
25185,7185,6.85408167555579e-06,1.0,,,False,704.7460162919015
25186,7186,6.852837032056414e-06,1.0,,,False,704.8357362498064
25187,7187,6.8518720581778325e-06,1.0,,,False,704.9254833329469
25188,7188,6.848915290902369e-06,1.0,,,False,705.0164096248336
25189,7189,6.845117695775116e-06,1.0,,,False,705.107101792004
25190,7190,6.840947207820136e-06,1.0,,,False,705.2036852079909
25191,7191,6.836246939201374e-06,1.0,,,False,705.295142041985
25192,7192,6.832885446783621e-06,1.0,,,False,705.3886307498906
25193,7193,6.8286212808743585e-06,1.0,,,False,705.4832296669483
25194,7194,6.826411663496401e-06,1.0,,,False,705.5746744170319
25195,7195,6.823797320976155e-06,1.0,,,False,705.6673941668123
25196,7196,6.820591352152405e-06,1.0,,,False,705.7581376668531
25197,7197,6.816856057412224e-06,1.0,,,False,705.8521169170272
25198,7198,6.812125775468303e-06,1.0,,,False,705.9438412499148
25199,7199,6.808763828303199e-06,1.0,,,False,706.0484115828294
25200,7200,6.806024430261459e-06,1.0,0.9995525226535407,0.008144638858884796,False,706.2220450418536
25201,7201,6.806802957726177e-06,1.0,,,False,706.3201584578492
25202,7202,6.809043952671345e-06,1.0,,,False,706.4117769168224
25203,7203,6.807674708397826e-06,1.0,,,False,706.5062190829776
25204,7204,6.803503310948145e-06,1.0,,,False,706.5989067079499
25205,7205,6.801169547543395e-06,1.0,,,False,706.6907615419477
25206,7206,6.7960340857098345e-06,1.0,,,False,706.794774999842
25207,7207,6.791365194658283e-06,1.0,,,False,706.8928767498583
25208,7208,6.787568054278381e-06,1.0,,,False,706.9958478750195
25209,7209,6.783677235944197e-06,1.0,,,False,707.1045236669015
25210,7210,6.780315743526444e-06,1.0,,,False,707.205822999822
25211,7211,6.777514499844983e-06,1.0,,,False,707.3000950829592
25212,7212,6.774526355002308e-06,1.0,,,False,707.3993371250108
25213,7213,6.771787411707919e-06,1.0,,,False,707.4981858329847
25214,7214,6.766620572307147e-06,1.0,,,False,707.5925080829766
25215,7215,6.763944838894531e-06,1.0,,,False,707.6904254578985
25216,7216,6.763445981050609e-06,1.0,,,False,707.7865535828751
25217,7217,6.764379577361979e-06,1.0,,,False,707.8810022498947
25218,7218,6.76388253850746e-06,1.0,,,False,707.9718332078774
25219,7219,6.759648840670707e-06,1.0,,,False,708.0482705419417
25220,7220,6.7565674726211e-06,1.0,,,False,708.1434033748228
25221,7221,6.752521585440263e-06,1.0,,,False,708.2328836249653
25222,7222,6.7481023506843485e-06,1.0,,,False,708.3264138328377
25223,7223,6.744148322468391e-06,1.0,,,False,708.4195756248664
25224,7224,6.740725439158268e-06,1.0,,,False,708.5144737078808
25225,7225,6.738142019457882e-06,1.0,,,False,708.6110185419675
25226,7226,6.733037480444182e-06,1.0,,,False,708.708509082906
25227,7227,6.730952463840367e-06,1.0,,,False,708.8002887498587
25228,7228,6.726034825987881e-06,1.0,,,False,708.8954164169263
25229,7229,6.723638307448709e-06,1.0,,,False,708.9910665419884
25230,7230,6.719218617945444e-06,1.0,,,False,709.0843982920051
25231,7231,6.717693395330571e-06,1.0,,,False,709.1788959170226
25232,7232,6.713927177770529e-06,1.0,,,False,709.2732924579177
25233,7233,6.712215963489143e-06,1.0,,,False,709.3690237498377
25234,7234,6.708262390020536e-06,1.0,,,False,709.4617377920076
25235,7235,6.710005436616484e-06,1.0,,,False,709.5563226668164
25236,7236,6.707266493322095e-06,1.0,,,False,709.6520269578323
25237,7237,6.70795134283253e-06,1.0,,,False,709.7455708750058
25238,7238,6.702909104205901e-06,1.0,,,False,709.8397587079089
25239,7239,6.701757229166105e-06,1.0,,,False,709.9345804168843
25240,7240,6.697399840049911e-06,1.0,,,False,710.0272009170149
25241,7241,6.6940383476321585e-06,1.0,,,False,710.1211586249992
25242,7242,6.688933808618458e-06,1.0,,,False,710.2137187079061
25243,7243,6.684514573862543e-06,1.0,,,False,710.314701374853
25244,7244,6.681308605038794e-06,1.0,,,False,710.4173078329768
25245,7245,6.678227236989187e-06,1.0,,,False,710.5110928330105
25246,7246,6.675830718450015e-06,1.0,,,False,710.5951048748102
25247,7247,6.672967174381483e-06,1.0,,,False,710.6583377500065
25248,7248,6.672064500889974e-06,1.0,,,False,710.7274200830143
25249,7249,6.670881703030318e-06,1.0,,,False,710.7946003328543
25250,7250,6.669667982350802e-06,1.0,,,False,710.8593535418622
25251,7251,6.666959961876273e-06,1.0,,,False,710.926001207903
25252,7252,6.662540272373008e-06,1.0,,,False,711.0158947499003
25253,7253,6.659334303549258e-06,1.0,,,False,711.1105159998406
25254,7254,6.6546344896778464e-06,1.0,,,False,711.2046804169659
25255,7255,6.650743671343662e-06,1.0,,,False,711.2995387918781
25256,7256,6.647257578151766e-06,1.0,,,False,711.3950492499862
25257,7257,6.6455459091230296e-06,1.0,,,False,711.4908542919438
25258,7258,6.643678261752939e-06,1.0,,,False,711.5860539169516
25259,7259,6.641841991950059e-06,1.0,,,False,711.681104541989
25260,7260,6.638822924287524e-06,1.0,,,False,711.7759083330166
25261,7261,6.635243607888697e-06,1.0,,,False,711.865338207921
25262,7262,6.632317763433093e-06,1.0,,,False,711.9587157499045
25263,7263,6.63309583615046e-06,1.0,,,False,712.0519156670198
25264,7264,6.630885764025152e-06,1.0,,,False,712.1465507079847
25265,7265,6.627493348787539e-06,1.0,,,False,712.2416159578133
25266,7266,6.624194156756857e-06,1.0,,,False,712.3368893328588
25267,7267,6.619432042498374e-06,1.0,,,False,712.4330560828093
25268,7268,6.614732228626963e-06,1.0,,,False,712.527539792005
25269,7269,6.610281161556486e-06,1.0,,,False,712.6228027499747
25270,7270,6.607199793506879e-06,1.0,,,False,712.7179654999636
25271,7271,6.604398549825419e-06,1.0,,,False,712.809353957884
25272,7272,6.601939730899176e-06,1.0,,,False,712.9029401249718
25273,7273,6.600383130717091e-06,1.0,,,False,712.9961942918599
25274,7274,6.600476808671374e-06,1.0,,,False,713.0854718750343
25275,7275,6.596679213544121e-06,1.0,,,False,713.1834309999831
25276,7276,6.594562819373095e-06,1.0,,,False,713.2789017078467
25277,7277,6.590517386939609e-06,1.0,,,False,713.3879117500037
25278,7278,6.590050361410249e-06,1.0,,,False,713.489624624839
25279,7279,6.58877343084896e-06,1.0,,,False,713.5885118329898
25280,7280,6.586128620256204e-06,1.0,,,False,713.6829583328217
25281,7281,6.581957222806523e-06,1.0,,,False,713.7548928749748
25282,7282,6.577911790373037e-06,1.0,,,False,713.826414583018
25283,7283,6.573741302418057e-06,1.0,,,False,713.891770707909
25284,7284,6.5696012825355865e-06,1.0,,,False,713.956212666817
25285,7285,6.564963769051246e-06,1.0,,,False,714.0229458748363
25286,7286,6.5640301727398764e-06,1.0,,,False,714.0943936249241
25287,7287,6.56375004837173e-06,1.0,,,False,714.164920500014
25288,7288,6.56094880469027e-06,1.0,,,False,714.2362594578881
25289,7289,6.560730980709195e-06,1.0,,,False,714.3050740000326
25290,7290,6.556124390044715e-06,1.0,,,False,714.3741858748253
25291,7291,6.556746939168079e-06,1.0,,,False,714.4433327498846
25292,7292,6.5516733229742385e-06,1.0,,,False,714.5135720418766
25293,7293,6.550085799972294e-06,1.0,,,False,714.5855758748949
25294,7294,6.5455733420094475e-06,1.0,,,False,714.6559150000103
25295,7295,6.5421490944572724e-06,1.0,,,False,714.7236943328753
25296,7296,6.539068181155017e-06,1.0,,,False,714.791536625009
25297,7297,6.534585736517329e-06,1.0,,,False,714.8571235418785
25298,7298,6.531940925924573e-06,1.0,,,False,714.9242587918416
25299,7299,6.528111498482758e-06,1.0,,,False,714.9893412080128
25300,7300,6.526618562929798e-06,1.0,0.9995525226535407,0.008004679421005863,False,715.1304170419462
25301,7301,6.521980139950756e-06,1.0,,,False,715.1950463748071
25302,7302,6.519988801301224e-06,1.0,,,False,715.2573182079941
25303,7303,6.517404472106136e-06,1.0,,,False,715.3235565829091
25304,7304,6.515849236166105e-06,1.0,,,False,715.3879882919136
25305,7305,6.517499059555121e-06,1.0,,,False,715.4577224999666
25306,7306,6.5156937125721015e-06,1.0,,,False,715.5515847078059
25307,7307,6.51332811685279e-06,1.0,,,False,715.6480425419286
25308,7308,6.510028924822109e-06,1.0,,,False,715.7425032078754
25309,7309,6.50545371172484e-06,1.0,,,False,715.8397794999182
25310,7310,6.501593816210516e-06,1.0,,,False,715.9345522918738
25311,7311,6.498419224953977e-06,1.0,,,False,716.0263031248469
25312,7312,6.4951823333103675e-06,1.0,,,False,716.1206958328839
25313,7313,6.492661213997053e-06,1.0,,,False,716.2247626669705
25314,7314,6.493346063507488e-06,1.0,,,False,716.3269522499759
25315,7315,6.4909809225355275e-06,1.0,,,False,716.4268036668655
25316,7316,6.4883656705205794e-06,1.0,,,False,716.5234913749155
25317,7317,6.485502126452047e-06,1.0,,,False,716.6205503328238
25318,7318,6.480615866166772e-06,1.0,,,False,716.7187379170209
25319,7319,6.478499471995747e-06,1.0,,,False,716.821081624832
25320,7320,6.473675057350192e-06,1.0,,,False,716.923570707906
25321,7321,6.470625066867797e-06,1.0,,,False,717.0321578329895
25322,7322,6.466547802119749e-06,1.0,,,False,717.1345664579421
25323,7323,6.464400030381512e-06,1.0,,,False,717.2400437919423
25324,7324,6.46063381282147e-06,1.0,,,False,717.3346570418216
25325,7325,6.462065357482061e-06,1.0,,,False,717.4363382498268
25326,7326,6.462127657869132e-06,1.0,,,False,717.5456313330214
25327,7327,6.459108590206597e-06,1.0,,,False,717.6492874999531
25328,7328,6.454533377109328e-06,1.0,,,False,717.7460574998986
25329,7329,6.45092268314329e-06,1.0,,,False,717.8370033330284
25330,7330,6.448401563829975e-06,1.0,,,False,717.9295926669147
25331,7331,6.442737685574684e-06,1.0,,,False,718.0293337919284
25332,7332,6.440528068196727e-06,1.0,,,False,718.1274221669883
25333,7333,6.4372293309133966e-06,1.0,,,False,718.2269245828502
25334,7334,6.4342093537561595e-06,1.0,,,False,718.3255981670227
25335,7335,6.431781912397128e-06,1.0,,,False,718.4208556248341
25336,7336,6.4320306591980625e-06,1.0,,,False,718.5271146669984
25337,7337,6.428856522688875e-06,1.0,,,False,718.6233595828526
25338,7338,6.4282335188181605e-06,1.0,,,False,718.7232106670272
25339,7339,6.424219009204535e-06,1.0,,,False,718.8276232918724
25340,7340,6.4202349676634185e-06,1.0,,,False,718.9285067080054
25341,7341,6.416904398065526e-06,1.0,,,False,719.0325101248454
25342,7342,6.41341830487363e-06,1.0,,,False,719.1028664580081
25343,7343,6.409932211681735e-06,1.0,,,False,719.1726005419623
25344,7344,6.406135071301833e-06,1.0,,,False,719.2426130829845
25345,7345,6.404018677130807e-06,1.0,,,False,719.3102530830074
25346,7346,6.403956376743736e-06,1.0,,,False,719.3768896248657
25347,7347,6.4016221585916355e-06,1.0,,,False,719.4438296668231
25348,7348,6.397606739483308e-06,1.0,,,False,719.5131000420079
25349,7349,6.39352947473526e-06,1.0,,,False,719.577985416865
25350,7350,6.390697308233939e-06,1.0,,,False,719.6490339168813
25351,7351,6.386246241163462e-06,1.0,,,False,719.7162212918047
25352,7352,6.382417723216349e-06,1.0,,,False,719.7855733749457
25353,7353,6.379398655553814e-06,1.0,,,False,719.8514919579029
25354,7354,6.377811132551869e-06,1.0,,,False,719.9163802498952
25355,7355,6.37737548458972e-06,1.0,,,False,719.9858699578326
25356,7356,6.37644188827835e-06,1.0,,,False,720.0520519169513
25357,7357,6.373702944983961e-06,1.0,,,False,720.1179607498925
25358,7358,6.372115421982016e-06,1.0,,,False,720.1854736248497
25359,7359,6.369158654706553e-06,1.0,,,False,720.2540074998979
25360,7360,6.366948582581244e-06,1.0,,,False,720.3213124999311
25361,7361,6.362186468322761e-06,1.0,,,False,720.3885210829321
25362,7362,6.360163752106018e-06,1.0,,,False,720.4535558749922
25363,7363,6.3556813074683305e-06,1.0,,,False,720.5190260419622
25364,7364,6.352257969410857e-06,1.0,,,False,720.5861117918976
25365,7365,6.34730895399116e-06,1.0,,,False,720.649663124932
25366,7366,6.3446946114709135e-06,1.0,,,False,720.7168677079026
25367,7367,6.342080268950667e-06,1.0,,,False,720.7835064998362
25368,7368,6.33946547168307e-06,1.0,,,False,720.847840124974
25369,7369,6.339309493341716e-06,1.0,,,False,720.915280832909
25370,7370,6.335232683341019e-06,1.0,,,False,720.9822150829714
25371,7371,6.3332713580166455e-06,1.0,,,False,721.0495048749726
25372,7372,6.329132247628877e-06,1.0,,,False,721.1175357918255
25373,7373,6.328104973363224e-06,1.0,,,False,721.184006499825
25374,7374,6.328633844532305e-06,1.0,,,False,721.2495981669053
25375,7375,6.3272955230786465e-06,1.0,,,False,721.3159655828495
25376,7376,6.323062734736595e-06,1.0,,,False,721.3816785418894
25377,7377,6.32097726338543e-06,1.0,,,False,721.444334999891
25378,7378,6.315935024758801e-06,1.0,,,False,721.5117735830136
25379,7379,6.313631729426561e-06,1.0,,,False,721.5772614579182
25380,7380,6.3093675635172985e-06,1.0,,,False,721.6435865829699
25381,7381,6.30479235042003e-06,1.0,,,False,721.7127540418878
25382,7382,6.302115252765361e-06,1.0,,,False,721.7850864999928
25383,7383,6.298847438301891e-06,1.0,,,False,721.8545602078084
25384,7384,6.297570962487953e-06,1.0,,,False,721.9233284578659
25385,7385,6.294738795986632e-06,1.0,,,False,721.9912109170109
25386,7386,6.291532827162882e-06,1.0,,,False,722.0667368748691
25387,7387,6.29003898211522e-06,1.0,,,False,722.1403873329982
25388,7388,6.286303687375039e-06,1.0,,,False,722.2145182918757
25389,7389,6.2862732193025295e-06,1.0,,,False,722.3173429998569
25390,7390,6.284374194365228e-06,1.0,,,False,722.4114271248691
25391,7391,6.2840940699970815e-06,1.0,,,False,722.5068466670346
25392,7392,6.27799363428494e-06,1.0,,,False,722.6003737079445
25393,7393,6.276312888076063e-06,1.0,,,False,722.6961610829458
25394,7394,6.2727954173169564e-06,1.0,,,False,722.7908667498268
25395,7395,6.268344804993831e-06,1.0,,,False,722.87955508288
25396,7396,6.2666949816048145e-06,1.0,,,False,722.9734838330187
25397,7397,6.261185717448825e-06,1.0,,,False,723.0643898330163
25398,7398,6.260687769099604e-06,1.0,,,False,723.1595458749216
25399,7399,6.255022981349612e-06,1.0,,,False,723.2512624578085
25400,7400,6.2552721828978974e-06,1.0,0.9996643919901554,0.0078428515917373,False,723.4291894580238
25401,7401,6.2530934883398e-06,1.0,,,False,723.5234390418045
25402,7402,6.253280844248366e-06,1.0,,,False,723.6163515418302
25403,7403,6.251786544453353e-06,1.0,,,False,723.7095559169538
25404,7404,6.248331374081317e-06,1.0,,,False,723.7994211670011
25405,7405,6.245313215913484e-06,1.0,,,False,723.8916708328761
25406,7406,6.24238737145788e-06,1.0,,,False,723.9850162919611
25407,7407,6.239368303795345e-06,1.0,,,False,724.0809765418526
25408,7408,6.235570708668092e-06,1.0,,,False,724.1783473328687
25409,7409,6.233080966921989e-06,1.0,,,False,724.2676120419055
25410,7410,6.229812697711168e-06,1.0,,,False,724.3352606249973
25411,7411,6.227665835467633e-06,1.0,,,False,724.4030609580223
25412,7412,6.22346306045074e-06,1.0,,,False,724.469103832962
25413,7413,6.221129751793342e-06,1.0,,,False,724.5370034170337
25414,7414,6.217519057827303e-06,1.0,,,False,724.6036479580216
25415,7415,6.213784217834473e-06,1.0,,,False,724.6739432918839
25416,7416,6.214282166183693e-06,1.0,,,False,724.7429710000288
25417,7417,6.213224423845531e-06,1.0,,,False,724.8125423749443
25418,7418,6.210919764271239e-06,1.0,,,False,724.8731501668226
25419,7419,6.208337254065555e-06,1.0,,,False,724.937438624911
25420,7420,6.204385044839e-06,1.0,,,False,725.0054677498993
25421,7421,6.2019253164180554e-06,1.0,,,False,725.0728587920312
25422,7422,6.196634785737842e-06,1.0,,,False,725.1390279578045
25423,7423,6.194331490405602e-06,1.0,,,False,725.2063594579231
25424,7424,6.190472049638629e-06,1.0,,,False,725.2696485419292
25425,7425,6.189974101289408e-06,1.0,,,False,725.3364200419746
25426,7426,6.18866670265561e-06,1.0,,,False,725.4051333328243
25427,7427,6.187670805957168e-06,1.0,,,False,725.4710233749356
25428,7428,6.183282039273763e-06,1.0,,,False,725.5414190418087
25429,7429,6.179017873364501e-06,1.0,,,False,725.6079331669025
25430,7430,6.17484693066217e-06,1.0,,,False,725.675907708006
25431,7431,6.1720456869807094e-06,1.0,,,False,725.7414977080189
25432,7432,6.167625997477444e-06,1.0,,,False,725.825524082873
25433,7433,6.1640466810786165e-06,1.0,,,False,725.9312990829349
25434,7434,6.16143233855837e-06,1.0,,,False,726.0233099579345
25435,7435,6.161556939332513e-06,1.0,,,False,726.1169761668425
25436,7436,6.161556939332513e-06,1.0,,,False,726.2216911248397
25437,7437,6.162085810501594e-06,1.0,,,False,726.3247911669314
25438,7438,6.1577284213854e-06,1.0,,,False,726.4275003329385
25439,7439,6.154553375381511e-06,1.0,,,False,726.5266752499156
25440,7440,6.150289209472248e-06,1.0,,,False,726.6288041670341
25441,7441,6.14711461821571e-06,1.0,,,False,726.7326985418331
25442,7442,6.14390864939196e-06,1.0,,,False,726.8331246250309
25443,7443,6.141387530078646e-06,1.0,,,False,726.9286890418734
25444,7444,6.139395736681763e-06,1.0,,,False,727.0223506249022
25445,7445,6.1390533119265456e-06,1.0,,,False,727.1176013748627
25446,7446,6.13460269960342e-06,1.0,,,False,727.2112619578838
25447,7447,6.132828275440261e-06,1.0,,,False,727.3061581668444
25448,7448,6.127693268354051e-06,1.0,,,False,727.4008358328138
25449,7449,6.1260120673978236e-06,1.0,,,False,727.4912334578112
25450,7450,6.120596481196117e-06,1.0,,,False,727.5843926249072
25451,7451,6.119693807704607e-06,1.0,,,False,727.6749072920065
25452,7452,6.115772066550562e-06,1.0,,,False,727.7762838329654
25453,7453,6.118199962656945e-06,1.0,,,False,727.8822678748984
25454,7454,6.113686595199397e-06,1.0,,,False,727.98903112486
25455,7455,6.116207714512711e-06,1.0,,,False,728.0932323748711
25456,7456,6.108395609771833e-06,1.0,,,False,728.1928995000198
25457,7457,6.108146408223547e-06,1.0,,,False,728.2945116248447
25458,7458,6.100956397858681e-06,1.0,,,False,728.3940471250098
25459,7459,6.100832251831889e-06,1.0,,,False,728.4938307919074
25460,7460,6.096007837186335e-06,1.0,,,False,728.5849613749888
25461,7461,6.095758635638049e-06,1.0,,,False,728.6586813328322
25462,7462,6.092895091569517e-06,1.0,,,False,728.724659124855
25463,7463,6.089938324294053e-06,1.0,,,False,728.7932532078121
25464,7464,6.086919711378869e-06,1.0,,,False,728.8627381250262
25465,7465,6.083931111788843e-06,1.0,,,False,728.929747124901
25466,7466,6.079885224608006e-06,1.0,,,False,728.9991370418575
25467,7467,6.080289495002944e-06,1.0,,,False,729.0623687498737
25468,7468,6.074438260839088e-06,1.0,,,False,729.1315984998364
25469,7469,6.076025329093682e-06,1.0,,,False,729.1985953748226
25470,7470,6.0701740949298255e-06,1.0,,,False,729.2608222078998
25471,7471,6.070765266485978e-06,1.0,,,False,729.3283244168852
25472,7472,6.0641982599918265e-06,1.0,,,False,729.3965494169388
25473,7473,6.0636375565081835e-06,1.0,,,False,729.4631072499324
25474,7474,6.056572601664811e-06,1.0,,,False,729.5277005829848
25475,7475,6.0571328504011035e-06,1.0,,,False,729.5999999998603
25476,7476,6.051654963812325e-06,1.0,,,False,729.6710959998891
25477,7477,6.050814590707887e-06,1.0,,,False,729.7368224170059
25478,7478,6.048137493053218e-06,1.0,,,False,729.8060723748058
25479,7479,6.049756393622374e-06,1.0,,,False,729.8726981249638
25480,7480,6.045647751307115e-06,1.0,,,False,729.9388035419397
25481,7481,6.0443717302405275e-06,1.0,,,False,730.008472707821
25482,7482,6.038987066858681e-06,1.0,,,False,730.074615374906
25483,7483,6.036496870365227e-06,1.0,,,False,730.1420522078406
25484,7484,6.03201488047489e-06,1.0,,,False,730.2099409999792
25485,7485,6.029586984368507e-06,1.0,,,False,730.2795136668719
25486,7486,6.026723440299975e-06,1.0,,,False,730.3479059168603
25487,7487,6.023891273798654e-06,1.0,,,False,730.4144740418997
25488,7488,6.020654836902395e-06,1.0,,,False,730.4826517079491
25489,7489,6.020000455464469e-06,1.0,,,False,730.5487527078949
25490,7490,6.0162346926517785e-06,1.0,,,False,730.6191454168875
25491,7491,6.016047791490564e-06,1.0,,,False,730.6858699168079
25492,7492,6.010631750541506e-06,1.0,,,False,730.7520492498297
25493,7493,6.010041033732705e-06,1.0,,,False,730.8188013748731
25494,7494,6.004407168802572e-06,1.0,,,False,730.9027015829924
25495,7495,6.002477675792761e-06,1.0,,,False,731.012626624899
25496,7496,6.000454504828667e-06,1.0,,,False,731.1099717919715
25497,7497,5.997030712023843e-06,1.0,,,False,731.217695124913
25498,7498,5.994696493871743e-06,1.0,,,False,731.3209559998941
25499,7499,5.99229952058522e-06,1.0,,,False,731.415753332898
25500,7500,5.990214049234055e-06,1.0,0.9996643919901554,0.007713804650877741,False,731.6268139579333
25501,7501,5.988004431856098e-06,1.0,,,False,731.7341288328171
25502,7502,5.987039457977517e-06,1.0,,,False,731.8289944578428
25503,7503,5.982837592455326e-06,1.0,,,False,731.923967541894
25504,7504,5.980067271593725e-06,1.0,,,False,731.9927803329192
25505,7505,5.975772182864603e-06,1.0,,,False,732.0604554580059
25506,7506,5.97334428675822e-06,1.0,,,False,732.1302912498359
25507,7507,5.969547146378318e-06,1.0,,,False,732.1990979579277
25508,7508,5.966123353573494e-06,1.0,,,False,732.2674661248457
25509,7509,5.963975581835257e-06,1.0,,,False,732.3339198329486
25510,7510,5.9601161410682835e-06,1.0,,,False,732.4021348329261
25511,7511,5.958746896794764e-06,1.0,,,False,732.4665784579702
25512,7512,5.954327207291499e-06,1.0,,,False,732.5329913329333
25513,7513,5.9532067098189145e-06,1.0,,,False,732.6013043329585
25514,7514,5.952023911959259e-06,1.0,,,False,732.6672449999023
25515,7515,5.950997547188308e-06,1.0,,,False,732.7341173749883
25516,7516,5.948817943135509e-06,1.0,,,False,732.8033761668485
25517,7517,5.945144948782399e-06,1.0,,,False,732.8697925419547
25518,7518,5.941845756751718e-06,1.0,,,False,732.9386360419448
25519,7519,5.938888989476254e-06,1.0,,,False,733.0049683749676
25520,7520,5.935309673077427e-06,1.0,,,False,733.0734889998566
25521,7521,5.933006377745187e-06,1.0,,,False,733.1411989168264
25522,7522,5.929177859798074e-06,1.0,,,False,733.2072285828181
25523,7523,5.924197921558516e-06,1.0,,,False,733.2753403328825
25524,7524,5.92251717534964e-06,1.0,,,False,733.3429468749091
25525,7525,5.91741309108329e-06,1.0,,,False,733.4108235829044
25526,7526,5.917475846217712e-06,1.0,,,False,733.4805652499199
25527,7527,5.915297606406966e-06,1.0,,,False,733.5434957498219
25528,7528,5.914550001762109e-06,1.0,,,False,733.6150534579065
25529,7529,5.911375865252921e-06,1.0,,,False,733.6825827078428
25530,7530,5.908294497203315e-06,1.0,,,False,733.7493790828157
25531,7531,5.904216777707916e-06,1.0,,,False,733.8146595829166
25532,7532,5.9021313063567504e-06,1.0,,,False,733.8793768328615
25533,7533,5.897711616853485e-06,1.0,,,False,733.9466239579488
25534,7534,5.895999947824748e-06,1.0,,,False,734.0161582918372
25535,7535,5.891735781915486e-06,1.0,,,False,734.0883787078783
25536,7536,5.890024112886749e-06,1.0,,,False,734.1568082920276
25537,7537,5.8861019169853535e-06,1.0,,,False,734.2235829168931
25538,7538,5.883176527277101e-06,1.0,,,False,734.2923651249148
25539,7539,5.8825849009735975e-06,1.0,,,False,734.3556728328113
25540,7540,5.88130887990701e-06,1.0,,,False,734.4233275419101
25541,7541,5.881153356313007e-06,1.0,,,False,734.4910503330175
25542,7542,5.8781029110832606e-06,1.0,,,False,734.5591720829252
25543,7543,5.874461294297362e-06,1.0,,,False,734.6224660000298
25544,7544,5.870321729162242e-06,1.0,,,False,734.691624708008
25545,7545,5.866928859177278e-06,1.0,,,False,734.7581056668423
25546,7546,5.862727448402438e-06,1.0,,,False,734.8216088749468
25547,7547,5.8611085478332825e-06,1.0,,,False,734.8906917918939
25548,7548,5.8570312830852345e-06,1.0,,,False,734.9567205419298
25549,7549,5.855973085999722e-06,1.0,,,False,735.0247121248394
25550,7550,5.850557499798015e-06,1.0,,,False,735.0923013749998
25551,7551,5.84943654757808e-06,1.0,,,False,735.1621523329522
25552,7552,5.845110990776448e-06,1.0,,,False,735.2308938750066
25553,7553,5.846324256708613e-06,1.0,,,False,735.3041709579993
25554,7554,5.8414066188561264e-06,1.0,,,False,735.3767308329698
25555,7555,5.840347967023263e-06,1.0,,,False,735.4410322078038
25556,7556,5.8350260587758385e-06,1.0,,,False,735.5112251669634
25557,7557,5.831726411997806e-06,1.0,,,False,735.600100541953
25558,7558,5.827182576467749e-06,1.0,,,False,735.6893694170285
25559,7559,5.823540504934499e-06,1.0,,,False,735.7806400000118
25560,7560,5.820490969199454e-06,1.0,,,False,735.8745852499269
25561,7561,5.821144895890029e-06,1.0,,,False,735.9699909170158
25562,7562,5.820864316774532e-06,1.0,,,False,736.0645672499668
25563,7563,5.8219848142471164e-06,1.0,,,False,736.159232707927
25564,7564,5.817440523969708e-06,1.0,,,False,736.2531419580337
25565,7565,5.814421911054524e-06,1.0,,,False,736.3472397918813
25566,7566,5.809846697957255e-06,1.0,,,False,736.4469856668729
25567,7567,5.807201432617148e-06,1.0,,,False,736.5484021250159
25568,7568,5.803839940199396e-06,1.0,,,False,736.6381605828647
25569,7569,5.800042799819494e-06,1.0,,,False,736.7355438750237
25570,7570,5.798143774882192e-06,1.0,,,False,736.8345403748099
25571,7571,5.794626758870436e-06,1.0,,,False,736.9398097079247
25572,7572,5.792354841105407e-06,1.0,,,False,737.0365248748567
25573,7573,5.788401722384151e-06,1.0,,,False,737.1401756249834
25574,7574,5.78556955588283e-06,1.0,,,False,737.242081125034
25575,7575,5.782550033472944e-06,1.0,,,False,737.3385433328804
25576,7576,5.7811184888123535e-06,1.0,,,False,737.420415249886
25577,7577,5.778068043582607e-06,1.0,,,False,737.4917514168192
25578,7578,5.77725904804538e-06,1.0,,,False,737.5628149169497
25579,7579,5.775173576694215e-06,1.0,,,False,737.664337541908
25580,7580,5.774208602815634e-06,1.0,,,False,737.7699460829608
25581,7581,5.768948994955281e-06,1.0,,,False,737.865825332934
25582,7582,5.76757884118706e-06,1.0,,,False,737.9693947918713
25583,7583,5.76194634049898e-06,1.0,,,False,738.0624354169704
25584,7584,5.759611212852178e-06,1.0,,,False,738.1591044999659
25585,7585,5.755192432843614e-06,1.0,,,False,738.2597811250016
25586,7586,5.753044206358027e-06,1.0,,,False,738.3628638749942
25587,7587,5.7490915423841216e-06,1.0,,,False,738.4587214579806
25588,7588,5.747286650148453e-06,1.0,,,False,738.5569143330213
25589,7589,5.744547252106713e-06,1.0,,,False,738.6550384168513
25590,7590,5.742742359871045e-06,1.0,,,False,738.7535870419815
25591,7591,5.741372660850175e-06,1.0,,,False,738.8375722079072
25592,7592,5.738011168432422e-06,1.0,,,False,738.9030239998829
25593,7593,5.734058049711166e-06,1.0,,,False,738.972180249868
25594,7594,5.7301986089441925e-06,1.0,,,False,739.0358242499642
25595,7595,5.725685696233995e-06,1.0,,,False,739.1034399578348
25596,7596,5.722542027797317e-06,1.0,,,False,739.1684850419406
25597,7597,5.7190559346054215e-06,1.0,,,False,739.2370344998781
25598,7598,5.716970463254256e-06,1.0,,,False,739.3108727920335
25599,7599,5.715103270631516e-06,1.0,,,False,739.4031540828291
25600,7600,5.71435612073401e-06,1.0,0.9996643919901554,0.007556969459414502,False,739.5815292079933
25601,7601,5.711959602194838e-06,1.0,,,False,739.6712099579163
25602,7602,5.708659955416806e-06,1.0,,,False,739.7653331668116
25603,7603,5.704894192604115e-06,1.0,,,False,739.8579549579881
25604,7604,5.706325737264706e-06,1.0,,,False,739.949910499854
25605,7605,5.702310772903729e-06,1.0,,,False,740.0415175829548
25606,7606,5.698917902918765e-06,1.0,,,False,740.1331528748851
25607,7607,5.6944982134155e-06,1.0,,,False,740.2216520418879
25608,7608,5.68986069993116e-06,1.0,,,False,740.3141766248737
25609,7609,5.686094482371118e-06,1.0,,,False,740.4035526248626
25610,7610,5.682670689566294e-06,1.0,,,False,740.4961977920029
25611,7611,5.681643415300641e-06,1.0,,,False,740.5907129168045
25612,7612,5.677690751326736e-06,1.0,,,False,740.6795161250047
25613,7613,5.677566150552593e-06,1.0,,,False,740.7733102918137
25614,7614,5.675636202795431e-06,1.0,,,False,740.863813957898
25615,7615,5.674858130078064e-06,1.0,,,False,740.9469330830034
25616,7616,5.6716212384344544e-06,1.0,,,False,741.0192017918453
25617,7617,5.668104677170049e-06,1.0,,,False,741.0893037498463
25618,7618,5.663155207003001e-06,1.0,,,False,741.1632118329871
25619,7619,5.6605099416628946e-06,1.0,,,False,741.2324836668558
25620,7620,5.656557277688989e-06,1.0,,,False,741.3013172920328
25621,7621,5.653724656440318e-06,1.0,,,False,741.3726231248584
25622,7622,5.650269940815633e-06,1.0,,,False,741.4422173330095
25623,7623,5.646690624416806e-06,1.0,,,False,741.5101122499909
25624,7624,5.643951681122417e-06,1.0,,,False,741.5738151248079
25625,7625,5.6399676395813e-06,1.0,,,False,741.6411257500295
25626,7626,5.638380116579356e-06,1.0,,,False,741.7058089168277
25627,7627,5.635703473672038e-06,1.0,,,False,741.7730648329016
25628,7628,5.635143224935746e-06,1.0,,,False,741.8399007918779
25629,7629,5.634209173877025e-06,1.0,,,False,741.9033636248205
25630,7630,5.629851784760831e-06,1.0,,,False,741.9685226669535
25631,7631,5.626645815937081e-06,1.0,,,False,742.0389139580075
25632,7632,5.621883701678598e-06,1.0,,,False,742.1056141250301
25633,7633,5.619362582365284e-06,1.0,,,False,742.1975514579099
25634,7634,5.614538167719729e-06,1.0,,,False,742.2912247499917
25635,7635,5.612639597529778e-06,1.0,,,False,742.3848938329611
25636,7636,5.6089979807438795e-06,1.0,,,False,742.4796731669921
25637,7637,5.6067256082315e-06,1.0,,,False,742.5751691670157
25638,7638,5.602523742709309e-06,1.0,,,False,742.6701254579239
25639,7639,5.601092198048718e-06,1.0,,,False,742.7657972918823
25640,7640,5.5993491514527705e-06,1.0,,,False,742.8601818748284
25641,7641,5.59654790777131e-06,1.0,,,False,742.9550862920005
25642,7642,5.595302809524583e-06,1.0,,,False,743.0490959999152
25643,7643,5.5910700211825315e-06,1.0,,,False,743.1418422078714
25644,7644,5.587584837485338e-06,1.0,,,False,743.2368769168388
25645,7645,5.582074663834646e-06,1.0,,,False,743.3154255829286
25646,7646,5.579741355177248e-06,1.0,,,False,743.383231875021
25647,7647,5.57435623704805e-06,1.0,,,False,743.4485617079772
25648,7648,5.573203907260904e-06,1.0,,,False,743.5095963748172
25649,7649,5.568753749685129e-06,1.0,,,False,743.5726690418087
25650,7650,5.567664629779756e-06,1.0,,,False,743.6376795829274
25651,7651,5.563867489399854e-06,1.0,,,False,743.702000875026
25652,7652,5.562497790378984e-06,1.0,,,False,743.7705919169821
25653,7653,5.557611075346358e-06,1.0,,,False,743.837514041923
25654,7654,5.555152256420115e-06,1.0,,,False,743.90601529181
25655,7655,5.551324193220353e-06,1.0,,,False,743.9713993750047
25656,7656,5.5476202760473825e-06,1.0,,,False,744.0373692498542
25657,7657,5.543044608202763e-06,1.0,,,False,744.1083639578428
25658,7658,5.539122867048718e-06,1.0,,,False,744.1760301669128
25659,7659,5.534392130357446e-06,1.0,,,False,744.2386887499597
25660,7660,5.530936959985411e-06,1.0,,,False,744.3046139578801
25661,7661,5.527327175514074e-06,1.0,,,False,744.3734069999773
25662,7662,5.526144377654418e-06,1.0,,,False,744.4392774170265
25663,7663,5.523529580386821e-06,1.0,,,False,744.5064442500006
25664,7664,5.522315859707305e-06,1.0,,,False,744.5700609169435
25665,7665,5.519483693205984e-06,1.0,,,False,744.633064833004
25666,7666,5.5173359214677475e-06,1.0,,,False,744.7012265829835
25667,7667,5.5110795074142516e-06,1.0,,,False,744.7717099168804
25668,7668,5.507375590241281e-06,1.0,,,False,744.8365592078771
25669,7669,5.501773557625711e-06,1.0,,,False,744.9040836249478
25670,7670,5.498878635989968e-06,1.0,,,False,744.9717945419252
25671,7671,5.494458946486702e-06,1.0,,,False,745.0392879168503
25672,7672,5.491252977662953e-06,1.0,,,False,745.104491374921
25673,7673,5.486553618538892e-06,1.0,,,False,745.1703529998194
25674,7674,5.484655048348941e-06,1.0,,,False,745.2391213329975
25675,7675,5.481137577589834e-06,1.0,,,False,745.3058035420254
25676,7676,5.477838385559153e-06,1.0,,,False,745.3988072499633
25677,7677,5.47394847671967e-06,1.0,,,False,745.4965268748347
25678,7678,5.470212727232138e-06,1.0,,,False,745.5986990828533
25679,7679,5.46476576346322e-06,1.0,,,False,745.7044525418896
25680,7680,5.459848580358084e-06,1.0,,,False,745.8086683750153
25681,7681,5.454868642118527e-06,1.0,,,False,745.911832457874
25682,7682,5.450542175822193e-06,1.0,,,False,746.022393082967
25683,7683,5.445904662337853e-06,1.0,,,False,746.1193159578834
25684,7684,5.4403335525421426e-06,1.0,,,False,746.221678041853
25685,7685,5.43656688023475e-06,1.0,,,False,746.3223116248846
25686,7686,5.430373676063027e-06,1.0,,,False,746.4175007080194
25687,7687,5.426887582871132e-06,1.0,,,False,746.5106907498557
25688,7688,5.421347395895282e-06,1.0,,,False,746.6041050828062
25689,7689,5.418266027845675e-06,1.0,,,False,746.697401916841
25690,7690,5.4158695093065035e-06,1.0,,,False,746.7914838329889
25691,7691,5.411418442236027e-06,1.0,,,False,746.8877642918378
25692,7692,5.405909178080037e-06,1.0,,,False,746.9851410419215
25693,7693,5.3986263992555905e-06,1.0,,,False,747.080532166874
25694,7694,5.392650109570241e-06,1.0,,,False,747.178497249959
25695,7695,5.384651103668148e-06,1.0,,,False,747.2758682919666
25696,7696,5.377772595238639e-06,1.0,,,False,747.3694010828622
25697,7697,5.371142833610065e-06,1.0,,,False,747.4636545828544
25698,7698,5.36582047061529e-06,1.0,,,False,747.5556902079843
25699,7699,5.359689112083288e-06,1.0,,,False,747.64915908291
25700,7700,5.354553195502376e-06,1.0,0.9996643919901554,0.007286715029902601,False,747.8323284168728
25701,7701,5.346834313968429e-06,1.0,,,False,747.9285489169415
25702,7702,5.339613380783703e-06,1.0,,,False,748.0259802918881
25703,7703,5.3303074309951626e-06,1.0,,,False,748.1297369999811
25704,7704,5.3221210691845044e-06,1.0,,,False,748.2256885420065
25705,7705,5.3121925702726e-06,1.0,,,False,748.324346707901
25706,7706,5.303788839228218e-06,1.0,,,False,748.4276514998637
25707,7707,5.293579761200817e-06,1.0,,,False,748.5268635419197
25708,7708,5.284179678710643e-06,1.0,,,False,748.6248146248981
25709,7709,5.275309376884252e-06,1.0,,,False,748.7315681248438
25710,7710,5.266064817988081e-06,1.0,,,False,748.8363389580045
25711,7711,5.257973043626407e-06,1.0,,,False,748.9285694579594
25712,7712,5.249226887826808e-06,1.0,,,False,749.0301859169267
25713,7713,5.243375198915601e-06,1.0,,,False,749.1323422919959
25714,7714,5.233353022049414e-06,1.0,,,False,749.2254167078063
25715,7715,5.2233936003176495e-06,1.0,,,False,749.3273423749488
25716,7716,5.212654741626466e-06,1.0,,,False,749.4208552078344
25717,7717,5.202788543101633e-06,1.0,,,False,749.4915297080297
25718,7718,5.191832315176725e-06,1.0,,,False,749.5573307080194
25719,7719,5.183086159377126e-06,1.0,,,False,749.6284735419322
25720,7720,5.173219506104942e-06,1.0,,,False,749.6998995828908
25721,7721,5.164878075447632e-06,1.0,,,False,749.7712740828283
25722,7722,5.156567567610182e-06,1.0,,,False,749.8406011250336
25723,7723,5.148817763256375e-06,1.0,,,False,749.9126885000151
25724,7724,5.143464022694388e-06,1.0,,,False,749.9861094998196
25725,7725,5.13422082804027e-06,1.0,,,False,750.0582065419294
25726,7726,5.129676537762862e-06,1.0,,,False,750.124976541847
25727,7727,5.122517904965207e-06,1.0,,,False,750.1951202079654
25728,7728,5.116790816828143e-06,1.0,,,False,750.2659640419297
25729,7729,5.109569883643417e-06,1.0,,,False,750.3354364580009
25730,7730,5.103095645608846e-06,1.0,,,False,750.4054741668515
25731,7731,5.095158940093825e-06,1.0,,,False,750.4750800419133
25732,7732,5.0899607231258415e-06,1.0,,,False,750.5435345419683
25733,7733,5.08432731294306e-06,1.0,,,False,750.6117295830045
25734,7734,5.078662525193067e-06,1.0,,,False,750.6851756668184
25735,7735,5.076296929473756e-06,1.0,,,False,750.7516931248829
25736,7736,5.071690338809276e-06,1.0,,,False,750.8236725418828
25737,7737,5.071690338809276e-06,1.0,,,False,750.8927445828449
25738,7738,5.065559889771976e-06,1.0,,,False,750.9623871250078
25739,7739,5.063411208539037e-06,1.0,,,False,751.0316925828811
25740,7740,5.057747330283746e-06,1.0,,,False,751.1012589999009
25741,7741,5.0541048040031455e-06,1.0,,,False,751.1678863328416
25742,7742,5.049966148362728e-06,1.0,,,False,751.2357696669642
25743,7743,5.0469157031329814e-06,1.0,,,False,751.3038654169068
25744,7744,5.043274086347083e-06,1.0,,,False,751.3708409578539
25745,7745,5.041687018092489e-06,1.0,,,False,751.4400501248892
25746,7746,5.039476945967181e-06,1.0,,,False,751.5176322499756
25747,7747,5.040659743826836e-06,1.0,,,False,751.616822041804
25748,7748,5.037235951022012e-06,1.0,,,False,751.7143904168624
25749,7749,5.036768925492652e-06,1.0,,,False,751.8102194578387
25750,7750,5.032722583564464e-06,1.0,,,False,751.907215166837
25751,7751,5.031260570831364e-06,1.0,,,False,752.0035346248187
25752,7752,5.028085524827475e-06,1.0,,,False,752.0990009580273
25753,7753,5.0265603022126015e-06,1.0,,,False,752.1967724168207
25754,7754,5.024599431635579e-06,1.0,,,False,752.2925960419234
25755,7755,5.023510311730206e-06,1.0,,,False,752.3875364998821
25756,7756,5.022576260671485e-06,1.0,,,False,752.4811952498276
25757,7757,5.0222347454109695e-06,1.0,,,False,752.576296582818
25758,7758,5.020646767661674e-06,1.0,,,False,752.6714766249061
25759,7759,5.021673587179976e-06,1.0,,,False,752.7655830830336
25760,7760,5.0197436394228134e-06,1.0,,,False,752.8586261668243
25761,7761,5.020709068048745e-06,1.0,,,False,752.9517575828359
25762,7762,5.0196194933960214e-06,1.0,,,False,753.0456805420108
25763,7763,5.018468073103577e-06,1.0,,,False,753.1402735828888
25764,7764,5.016009254177334e-06,1.0,,,False,753.2359528329689
25765,7765,5.014826456317678e-06,1.0,,,False,753.3302189579699
25766,7766,5.012212113797432e-06,1.0,,,False,753.4237206669059
25767,7767,5.010811037209351e-06,1.0,,,False,753.5194607079029
25768,7768,5.010686436435208e-06,1.0,,,False,753.6157485828735
25769,7769,5.008881544199539e-06,1.0,,,False,753.7105672499165
25770,7770,5.0086323426512536e-06,1.0,,,False,753.81454987498
25771,7771,5.007917025068309e-06,1.0,,,False,753.9183858328033
25772,7772,5.0076673687726725e-06,1.0,,,False,754.024874625029
25773,7773,5.008539119444322e-06,1.0,,,False,754.1154207079671
25774,7774,5.007449544791598e-06,1.0,,,False,754.2259047499392
25775,7775,5.007636445952812e-06,1.0,,,False,754.3285003330093
25776,7776,5.0056446525559295e-06,1.0,,,False,754.4279878749512
25777,7777,5.005021648685215e-06,1.0,,,False,754.5289372499101
25778,7778,5.001473709853599e-06,1.0,,,False,754.6332859578542
25779,7779,4.999481916456716e-06,1.0,,,False,754.7379364999942
25780,7780,4.996369170839898e-06,1.0,,,False,754.8383928749245
25781,7781,4.996027200832032e-06,1.0,,,False,754.9363382498268
25782,7782,4.994626578991301e-06,1.0,,,False,755.0295117078349
25783,7783,4.993599304725649e-06,1.0,,,False,755.1257706249598
25784,7784,4.991949936083984e-06,1.0,,,False,755.2375154169276
25785,7785,4.993537004338577e-06,1.0,,,False,755.3378926250152
25786,7786,4.993848506273935e-06,1.0,,,False,755.4434701669961
25787,7787,4.992821232008282e-06,1.0,,,False,755.5511737498455
25788,7788,4.9913896873476915e-06,1.0,,,False,755.6549027080182
25789,7789,4.988152340956731e-06,1.0,,,False,755.763639624929
25790,7790,4.9866275730892085e-06,1.0,,,False,755.8646513749845
25791,7791,4.982363407179946e-06,1.0,,,False,755.9633240418043
25792,7792,4.980931407772005e-06,1.0,,,False,756.0710786248092
25793,7793,4.978285687684547e-06,1.0,,,False,756.1789202918299
25794,7794,4.976667241862742e-06,1.0,,,False,756.2855278749485
25795,7795,4.97423980050371e-06,1.0,,,False,756.3859640418086
25796,7796,4.974924195266794e-06,1.0,,,False,756.4881077078171
25797,7797,4.971842827217188e-06,1.0,,,False,756.590163124958
25798,7798,4.974301646143431e-06,1.0,,,False,756.6846161249559
25799,7799,4.97053588333074e-06,1.0,,,False,756.7782062080223
25800,7800,4.9714071792550385e-06,1.0,0.9997762613267703,0.006905553597804621,False,756.9741591669153
25801,7801,4.9692284846969415e-06,1.0,,,False,757.0790909579955
25802,7802,4.967360837326851e-06,1.0,,,False,757.1733889579773
25803,7803,4.964777417626465e-06,1.0,,,False,757.2686043749563
25804,7804,4.960482328897342e-06,1.0,,,False,757.3613351669628
25805,7805,4.959361831424758e-06,1.0,,,False,757.4554313749541
25806,7806,4.955502390657784e-06,1.0,,,False,757.549055499956
25807,7807,4.955190888722427e-06,1.0,,,False,757.6424707500264
25808,7808,4.953541520080762e-06,1.0,,,False,757.73577070795
25809,7809,4.952576546202181e-06,1.0,,,False,757.8297777078114
25810,7810,4.95207859785296e-06,1.0,,,False,757.9259100828785
25811,7811,4.951860773871886e-06,1.0,,,False,758.020185082918
25812,7812,4.950491074851016e-06,1.0,,,False,758.1135316248983
25813,7813,4.9468185352452565e-06,1.0,,,False,758.2094879578799
25814,7814,4.9438303904025815e-06,1.0,,,False,758.30340758292
25815,7815,4.939721748087322e-06,1.0,,,False,758.3971723748837
25816,7816,4.938352503813803e-06,1.0,,,False,758.4900466669351
25817,7817,4.935769084113417e-06,1.0,,,False,758.5825940829236
25818,7818,4.934928711008979e-06,1.0,,,False,758.6769169168547
25819,7819,4.932438514515525e-06,1.0,,,False,758.7750544999726
25820,7820,4.932656338496599e-06,1.0,,,False,758.868097916944
25821,7821,4.932376214128453e-06,1.0,,,False,758.9609407079406
25822,7822,4.93175366500509e-06,1.0,,,False,759.0536936249118
25823,7823,4.929637270834064e-06,1.0,,,False,759.1473353749607
25824,7824,4.92851677336148e-06,1.0,,,False,759.2416797918268
25825,7825,4.9260270316153765e-06,1.0,,,False,759.3349030828103
25826,7826,4.922727384837344e-06,1.0,,,False,759.4351560829673
25827,7827,4.9182767725142185e-06,1.0,,,False,759.5384220830165
25828,7828,4.916440502711339e-06,1.0,,,False,759.6452094998676
25829,7829,4.912611984764226e-06,1.0,,,False,759.7483537918888
25830,7830,4.910589268547483e-06,1.0,,,False,759.8551914999261
25831,7831,4.908783466817113e-06,1.0,,,False,759.9561476248782
25832,7832,4.906947197014233e-06,1.0,,,False,760.0536486669444
25833,7833,4.907849870505743e-06,1.0,,,False,760.154652332887
25834,7834,4.907507900497876e-06,1.0,,,False,760.2620667919982
25835,7835,4.9082232180808205e-06,1.0,,,False,760.3655952080153
25836,7836,4.90585807710886e-06,1.0,,,False,760.4706566669047
25837,7837,4.905484274786431e-06,1.0,,,False,760.5731647498906
25838,7838,4.900286512565799e-06,1.0,,,False,760.6806538328528
25839,7839,4.8977653932524845e-06,1.0,,,False,760.783219957957
25840,7840,4.894123776466586e-06,1.0,,,False,760.8864487498067
25841,7841,4.892785455012927e-06,1.0,,,False,760.9583542919718
25842,7842,4.889393039775314e-06,1.0,,,False,761.0280980418902
25843,7843,4.887152044830145e-06,1.0,,,False,761.0960676670074
25844,7844,4.885626822215272e-06,1.0,,,False,761.1869382918812
25845,7845,4.885751422989415e-06,1.0,,,False,761.289592082845
25846,7846,4.8854089982341975e-06,1.0,,,False,761.389575582929
25847,7847,4.886404894932639e-06,1.0,,,False,761.4900860828348
25848,7848,4.882950179307954e-06,1.0,,,False,761.6021702080034
25849,7849,4.880957931163721e-06,1.0,,,False,761.710987374885
25850,7850,4.875884769717231e-06,1.0,,,False,761.8187534168828
25851,7851,4.87214947497705e-06,1.0,,,False,761.9204743748996
25852,7852,4.869722033618018e-06,1.0,,,False,762.0232928749174
25853,7853,4.867107236350421e-06,1.0,,,False,762.1285804999061
25854,7854,4.86517774334061e-06,1.0,,,False,762.2296583750285
25855,7855,4.863341018790379e-06,1.0,,,False,762.3395277080126
25856,7856,4.8631231948093046e-06,1.0,,,False,762.4432235828135
25857,7857,4.863714821112808e-06,1.0,,,False,762.5371353749651
25858,7858,4.861411525780568e-06,1.0,,,False,762.6299349579494
25859,7859,4.861753950535785e-06,1.0,,,False,762.726995332865
25860,7860,4.859481578023406e-06,1.0,,,False,762.8285713328514
25861,7861,4.858485681324964e-06,1.0,,,False,762.9326795418747
25862,7862,4.852696292800829e-06,1.0,,,False,763.031712875003
25863,7863,4.850860022997949e-06,1.0,,,False,763.1324590418953
25864,7864,4.845413059229031e-06,1.0,,,False,763.2276843329892
25865,7865,4.8453198360220995e-06,1.0,,,False,763.2947335420176
25866,7866,4.840495421376545e-06,1.0,,,False,763.3643986249808
25867,7867,4.8413985496154055e-06,1.0,,,False,763.4652118328959
25868,7868,4.8385345507995225e-06,1.0,,,False,763.5683307498693
25869,7869,4.8387832976004574e-06,1.0,,,False,763.6722932499833
25870,7870,4.8360757318732794e-06,1.0,,,False,763.7777624579612
25871,7871,4.8373212848673575e-06,1.0,,,False,763.8745309999213
25872,7872,4.832465037907241e-06,1.0,,,False,763.9741286670323
25873,7873,4.830940270039719e-06,1.0,,,False,764.0830606669188
25874,7874,4.826489657716593e-06,1.0,,,False,764.1801633329596
25875,7875,4.823376912099775e-06,1.0,,,False,764.2729907918256
25876,7876,4.820513368031243e-06,1.0,,,False,764.3680981248617
25877,7877,4.819144123757724e-06,1.0,,,False,764.4620261669625
25878,7878,4.81528468299075e-06,1.0,,,False,764.5568344998173
25879,7879,4.8147553570743185e-06,1.0,,,False,764.6509072079789
25880,7880,4.812389761355007e-06,1.0,,,False,764.7423099579755
25881,7881,4.812389761355007e-06,1.0,,,False,764.8358903748449
25882,7882,4.811549388250569e-06,1.0,,,False,764.9275510830339
25883,7883,4.811954113392858e-06,1.0,,,False,765.0173532918561
25884,7884,4.810024165635696e-06,1.0,,,False,765.0880917080212
25885,7885,4.8094639168994036e-06,1.0,,,False,765.1580342918169
25886,7886,4.804826403415063e-06,1.0,,,False,765.2274384580087
25887,7887,4.802056082553463e-06,1.0,,,False,765.3204432078637
25888,7888,4.798445843334775e-06,1.0,,,False,765.4237940418534
25889,7889,4.794773303729016e-06,1.0,,,False,765.5252359169535
25890,7890,4.792594154423568e-06,1.0,,,False,765.6277609579265
25891,7891,4.790104867424816e-06,1.0,,,False,765.7222542078234
25892,7892,4.788641490449663e-06,1.0,,,False,765.8242404579651
25893,7893,4.787427769770147e-06,1.0,,,False,765.9185886669438
25894,7894,4.786338195117423e-06,1.0,,,False,766.0123798330314
25895,7895,4.786369117937284e-06,1.0,,,False,766.1121961248573
25896,7896,4.785062174050836e-06,1.0,,,False,766.2140933328774
25897,7897,4.782230007549515e-06,1.0,,,False,766.3158668328542
25898,7898,4.779770733875921e-06,1.0,,,False,766.4115030828398
25899,7899,4.774448825628497e-06,1.0,,,False,766.478691374883
25900,7900,4.770838131662458e-06,1.0,0.9997762613267703,0.006706361436580505,False,766.6166180828586
25901,7901,4.767788141180063e-06,1.0,,,False,766.7275273329578
25902,7902,4.7662629185651895e-06,1.0,,,False,766.8223784170114
25903,7903,4.7646444727433845e-06,1.0,,,False,766.9193359578494
25904,7904,4.763772722071735e-06,1.0,,,False,767.0115432918537
25905,7905,4.762621301779291e-06,1.0,,,False,767.1072583328933
25906,7906,4.761189302371349e-06,1.0,,,False,767.2045771249104
25907,7907,4.7584194362571e-06,1.0,,,False,767.2978392499499
25908,7908,4.7594776333426125e-06,1.0,,,False,767.3927425418515
25909,7909,4.757734586746665e-06,1.0,,,False,767.4904672498815
25910,7910,4.75751676276559e-06,1.0,,,False,767.5808929998893
25911,7911,4.755493591801496e-06,1.0,,,False,767.6697752079926
25912,7912,4.751789674628526e-06,1.0,,,False,767.7597776670009
25913,7913,4.7499534048256464e-06,1.0,,,False,767.8528415418696
25914,7914,4.744911166199017e-06,1.0,,,False,767.9495367498603
25915,7915,4.743292720377212e-06,1.0,,,False,768.0390135829803
25916,7916,4.739588803204242e-06,1.0,,,False,768.1384819578379
25917,7917,4.7382814045704436e-06,1.0,,,False,768.2394564999267
25918,7918,4.735884886031272e-06,1.0,,,False,768.3463936669286
25919,7919,4.736538357974496e-06,1.0,,,False,768.4525824580342
25920,7920,4.7342041398223955e-06,1.0,,,False,768.5535401250236
25921,7921,4.736195933219278e-06,1.0,,,False,768.6519118750002
25922,7922,4.7342041398223955e-06,1.0,,,False,768.7505552498624
25923,7923,4.733145487989532e-06,1.0,,,False,768.8447738329414
25924,7924,4.730033197120065e-06,1.0,,,False,768.9535747920163
25925,7925,4.726391580334166e-06,1.0,,,False,769.0573520418257
25926,7926,4.722625817521475e-06,1.0,,,False,769.1596818328835
25927,7927,4.719887328974437e-06,1.0,,,False,769.2597402918618
25928,7928,4.718019226856995e-06,1.0,,,False,769.3621270419098
25929,7929,4.715249815490097e-06,1.0,,,False,769.4691648748703
25930,7930,4.713724138127873e-06,1.0,,,False,769.5775374169461
25931,7931,4.712105692306068e-06,1.0,,,False,769.6825643749908
25932,7932,4.7100202209549025e-06,1.0,,,False,769.7765322078485
25933,7933,4.709802396973828e-06,1.0,,,False,769.8716007499024
25934,7934,4.70805935037788e-06,1.0,,,False,769.9768945828546
25935,7935,4.707406333182007e-06,1.0,,,False,770.079146457836
25936,7936,4.705102583102416e-06,1.0,,,False,770.1897166250274
25937,7937,4.7048852138686925e-06,1.0,,,False,770.2936130419839
25938,7938,4.700464614870725e-06,1.0,,,False,770.4003087079618
25939,7939,4.698255452240119e-06,1.0,,,False,770.4968729999382
25940,7940,4.692403308581561e-06,1.0,,,False,770.6047739998903
25941,7941,4.689727120421594e-06,1.0,,,False,770.7034524169285
25942,7942,4.686552529165056e-06,1.0,,,False,770.8042893749662
25943,7943,4.685027306550182e-06,1.0,,,False,770.9009293329436
25944,7944,4.682537110056728e-06,1.0,,,False,770.9882881669328
25945,7945,4.68076314064092e-06,1.0,,,False,771.054322083015
25946,7946,4.679953690356342e-06,1.0,,,False,771.1233325419016
25947,7947,4.679175617638975e-06,1.0,,,False,771.1933984169737
25948,7948,4.679425728681963e-06,1.0,,,False,771.2648522078525
25949,7949,4.678739969676826e-06,1.0,,,False,771.3381111249328
25950,7950,4.678647655964596e-06,1.0,,,False,771.4083176669665
25951,7951,4.67522295366507e-06,1.0,,,False,771.4766466668807
25952,7952,4.672422619478311e-06,1.0,,,False,771.5413423748687
25953,7953,4.6691220632055774e-06,1.0,,,False,771.6104936669581
25954,7954,4.667162556870608e-06,1.0,,,False,771.6801229999401
25955,7955,4.661652383219916e-06,1.0,,,False,771.7499742498621
25956,7956,4.661123966798186e-06,1.0,,,False,771.8197372918949
25957,7957,4.6573259169235826e-06,1.0,,,False,771.8946411670186
25958,7958,4.656641976907849e-06,1.0,,,False,771.9666683748364
25959,7959,4.653186351788463e-06,1.0,,,False,772.0377141670324
25960,7960,4.6530003601219505e-06,1.0,,,False,772.1057027080096
25961,7961,4.651941253541736e-06,1.0,,,False,772.1766298748553
25962,7962,4.652409188565798e-06,1.0,,,False,772.249000457814
25963,7963,4.651381914300146e-06,1.0,,,False,772.3227911668364
25964,7964,4.651008566725068e-06,1.0,,,False,772.393269749824
25965,7965,4.647522473533172e-06,1.0,,,False,772.4818384170067
25966,7966,4.644254204322351e-06,1.0,,,False,772.5812340418343
25967,7967,4.642293333745329e-06,1.0,,,False,772.6893033748493
25968,7968,4.637686743080849e-06,1.0,,,False,772.7926093749702
25969,7969,4.635663572116755e-06,1.0,,,False,772.8900550829712
25970,7970,4.634854576579528e-06,1.0,,,False,772.9834910000209
25971,7971,4.631991032510996e-06,1.0,,,False,773.0794103748631
25972,7972,4.629594513971824e-06,1.0,,,False,773.1789471670054
25973,7973,4.629158411262324e-06,1.0,,,False,773.283883624943
25974,7974,4.626388545148075e-06,1.0,,,False,773.3875458328985
25975,7975,4.625796918844571e-06,1.0,,,False,773.492881916929
25976,7976,4.623338099918328e-06,1.0,,,False,773.593889541924
25977,7977,4.625485871656565e-06,1.0,,,False,773.6895700828172
25978,7978,4.625081146514276e-06,1.0,,,False,773.7850292499643
25979,7979,4.623836048267549e-06,1.0,,,False,773.8872913329396
25980,7980,4.6203813326428644e-06,1.0,,,False,773.9792392919771
25981,7981,4.617953436536482e-06,1.0,,,False,774.0683702079114
25982,7982,4.61322269984521e-06,1.0,,,False,774.1602735000197
25983,7983,4.612070824805414e-06,1.0,,,False,774.2530584998894
25984,7984,4.607588834915077e-06,1.0,,,False,774.3432047499809
25985,7985,4.606623861036496e-06,1.0,,,False,774.4386545419693
25986,7986,4.6046320676396135e-06,1.0,,,False,774.5329944998957
25987,7987,4.60263981949538e-06,1.0,,,False,774.6270744579379
25988,7988,4.6009590732865036e-06,1.0,,,False,774.7201740418095
25989,7989,4.602017270372016e-06,1.0,,,False,774.8148720418103
25990,7990,4.5998699533811305e-06,1.0,,,False,774.9090040829033
25991,7991,4.599900876200991e-06,1.0,,,False,775.0045263748616
25992,7992,4.59663260699017e-06,1.0,,,False,775.1034029580187
25993,7993,4.595107839122647e-06,1.0,,,False,775.1996018749196
25994,7994,4.590563548845239e-06,1.0,,,False,775.2945390830282
25995,7995,4.588571300701005e-06,1.0,,,False,775.3899712918792
25996,7996,4.5860192585678305e-06,1.0,,,False,775.483061417006
25997,7997,4.584058387990808e-06,1.0,,,False,775.5779373748228
25998,7998,4.581412667903351e-06,1.0,,,False,775.674012791831
25999,7999,4.580260792863555e-06,1.0,,,False,775.7719795829616
26000,8000,4.577615527523449e-06,1.0,0.9997762613267703,0.006535400975346455,False,775.959700374864
26001,8001,4.576681476464728e-06,1.0,,,False,776.0927817500196
26002,8002,4.575094862957485e-06,1.0,,,False,776.1877432919573
26003,8003,4.576681476464728e-06,1.0,,,False,776.2792367499787
26004,8004,4.574534614221193e-06,1.0,,,False,776.3720439579338
26005,8005,4.573538262775401e-06,1.0,,,False,776.4698826249223
26006,8006,4.569647899188567e-06,1.0,,,False,776.5664443748537
26007,8007,4.568122676573694e-06,1.0,,,False,776.6611242080107
26008,8008,4.562333288049558e-06,1.0,,,False,776.7584068328142
26009,8009,4.561181867757114e-06,1.0,,,False,776.8612375829834
26010,8010,4.558162800094578e-06,1.0,,,False,776.959380291868
26011,8011,4.557010925054783e-06,1.0,,,False,777.0622558328323
26012,8012,4.554302904580254e-06,1.0,,,False,777.1706191250123
26013,8013,4.553307007881813e-06,1.0,,,False,777.2716035000049
26014,8014,4.549385266727768e-06,1.0,,,False,777.3797459169291
26015,8015,4.548451670416398e-06,1.0,,,False,777.4791030830238
26016,8016,4.545588126347866e-06,1.0,,,False,777.5851852919441
26017,8017,4.5454012251866516e-06,1.0,,,False,777.6934924998786
26018,8018,4.544000603345921e-06,1.0,,,False,777.8000571248122
26019,8019,4.543658178590704e-06,1.0,,,False,777.9037906669546
26020,8020,4.544249804894207e-06,1.0,,,False,778.0076173329726
26021,8021,4.54210203315597e-06,1.0,,,False,778.1076867498923
26022,8022,4.539923338597873e-06,1.0,,,False,778.2098902920261
26023,8023,4.536499545793049e-06,1.0,,,False,778.3098246250302
26024,8024,4.534196250460809e-06,1.0,,,False,778.4074679999612
26025,8025,4.530616934061982e-06,1.0,,,False,778.5132899999153
26026,8026,4.528781119006453e-06,1.0,,,False,778.619221832836
26027,8027,4.525450549408561e-06,1.0,,,False,778.7223270828836
26028,8028,4.523894403973827e-06,1.0,,,False,778.8303360829595
26029,8029,4.521030859905295e-06,1.0,,,False,778.9382372498512
26030,8030,4.519754384091357e-06,1.0,,,False,779.0413772498723
26031,8031,4.516361968853744e-06,1.0,,,False,779.1447507918347
26032,8032,4.517980414675549e-06,1.0,,,False,779.2384115420282
26033,8033,4.516922217590036e-06,1.0,,,False,779.3310610828921
26034,8034,4.516922217590036e-06,1.0,,,False,779.4273990828078
26035,8035,4.513280600804137e-06,1.0,,,False,779.5171452499926
26036,8036,4.511412953434046e-06,1.0,,,False,779.6086957498919
26037,8037,4.507709036261076e-06,1.0,,,False,779.7023886248935
26038,8038,4.505374818108976e-06,1.0,,,False,779.7931569579523
26039,8039,4.500986051425571e-06,1.0,,,False,779.886556582991
26040,8040,4.501266175793717e-06,1.0,,,False,779.9807196250185
26041,8041,4.496659130381886e-06,1.0,,,False,780.0712602499407
26042,8042,4.496504061535234e-06,1.0,,,False,780.1622474580072
26043,8043,4.493951564654708e-06,1.0,,,False,780.2575700418092
26044,8044,4.493267169891624e-06,1.0,,,False,780.350857042009
26045,8045,4.49220851805876e-06,1.0,,,False,780.4442497920245
26046,8046,4.491991148825036e-06,1.0,,,False,780.5388765828684
26047,8047,4.490030732995365e-06,1.0,,,False,780.631496499991
26048,8048,4.488411832426209e-06,1.0,,,False,780.7223681670148
26049,8049,4.485299086809391e-06,1.0,,,False,780.819269916974
26050,8050,4.481751147977775e-06,1.0,,,False,780.9136196249165
26051,8051,4.478482878766954e-06,1.0,,,False,781.0098552498966
26052,8052,4.476304184208857e-06,1.0,,,False,781.1024552499875
26053,8053,4.4747475840267725e-06,1.0,,,False,781.1966078330297
26054,8054,4.471821739571169e-06,1.0,,,False,781.2893560829107
26055,8055,4.471666215977166e-06,1.0,,,False,781.383619582979
26056,8056,4.468990027817199e-06,1.0,,,False,781.4789133330341
26057,8057,4.468274255486904e-06,1.0,,,False,781.5731855828781
26058,8058,4.466966856853105e-06,1.0,,,False,781.6684607919306
26059,8059,4.468025053938618e-06,1.0,,,False,781.7600055828225
26060,8060,4.46488138550194e-06,1.0,,,False,781.8514046249911
26061,8061,4.464041012397502e-06,1.0,,,False,781.9465037498157
26062,8062,4.4603684727917425e-06,1.0,,,False,782.04508708301
26063,8063,4.4568200792127755e-06,1.0,,,False,782.1462350420188
26064,8064,4.454983809409896e-06,1.0,,,False,782.2480845418759
26065,8065,4.450314918358345e-06,1.0,,,False,782.3544564580079
26066,8066,4.449692369234981e-06,1.0,,,False,782.4560453749727
26067,8067,4.446580078365514e-06,1.0,,,False,782.5535731669515
26068,8068,4.44549050371279e-06,1.0,,,False,782.6628037078772
26069,8069,4.4443390834203456e-06,1.0,,,False,782.7654629999306
26070,8070,4.443311809154693e-06,1.0,,,False,782.8705054998863
26071,8071,4.442471436050255e-06,1.0,,,False,782.9696567498613
26072,8072,4.441444161784602e-06,1.0,,,False,783.0698092919774
26073,8073,4.441600140125956e-06,1.0,,,False,783.172446792014
26074,8074,4.439047643245431e-06,1.0,,,False,783.2702379168477
26075,8075,4.437771622178843e-06,1.0,,,False,783.3782123329584
26076,8076,4.434908078110311e-06,1.0,,,False,783.4694031670224
26077,8077,4.431795332493493e-06,1.0,,,False,783.5694374998566
26078,8078,4.428776264830958e-06,1.0,,,False,783.6668598749675
26079,8079,4.426286523084855e-06,1.0,,,False,783.7785268328153
26080,8080,4.423609425430186e-06,1.0,,,False,783.8874109999742
26081,8081,4.423142854648177e-06,1.0,,,False,783.9965099578258
26082,8082,4.419096512719989e-06,1.0,,,False,784.1013700829353
26083,8083,4.41775819126633e-06,1.0,,,False,784.2081593328621
26084,8084,4.415205694385804e-06,1.0,,,False,784.3018953748979
26085,8085,4.415174771565944e-06,1.0,,,False,784.3960122498684
26086,8086,4.415548119141022e-06,1.0,,,False,784.491894708015
26087,8087,4.414209797687363e-06,1.0,,,False,784.5869764578529
26088,8088,4.412622274685418e-06,1.0,,,False,784.6804393329658
26089,8089,4.41178190158098e-06,1.0,,,False,784.7766749998555
26090,8090,4.408762833918445e-06,1.0,,,False,784.8765539578162
26091,8091,4.404747869557468e-06,1.0,,,False,784.9845281250309
26092,8092,4.401354999572504e-06,1.0,,,False,785.082109291805
26093,8093,4.398149030748755e-06,1.0,,,False,785.1800092498306
26094,8094,4.396686108520953e-06,1.0,,,False,785.2769457078539
26095,8095,4.396032636577729e-06,1.0,,,False,785.3734044579323
26096,8096,4.393480594444554e-06,1.0,,,False,785.4720656669233
26097,8097,4.3917375478486065e-06,1.0,,,False,785.5756475420203
26098,8098,4.389901732793078e-06,1.0,,,False,785.6760751248803
26099,8099,4.387567059893627e-06,1.0,,,False,785.7763584170025
26100,8100,4.386571163195185e-06,1.0,0.9997762613267703,0.006417233382180703,False,785.984140874818
26101,8101,4.3845479922310915e-06,1.0,,,False,786.0526442499831
26102,8102,4.3833342715515755e-06,1.0,,,False,786.1191529578064
26103,8103,4.38355209553265e-06,1.0,,,False,786.1872647500131
26104,8104,4.383209670777433e-06,1.0,,,False,786.2556009578984
26105,8105,4.38124880020041e-06,1.0,,,False,786.3231722919736
26106,8106,4.377171535452362e-06,1.0,,,False,786.3879483328201
26107,8107,4.3746190385718364e-06,1.0,,,False,786.4553657919168
26108,8108,4.371132945379941e-06,1.0,,,False,786.5232722498477
26109,8109,4.3689233280019835e-06,1.0,,,False,786.5903029169422
26110,8110,4.366650955489604e-06,1.0,,,False,786.6596178750042
26111,8111,4.363725111034e-06,1.0,,,False,786.727185833035
26112,8112,4.362168965599267e-06,1.0,,,False,786.7978674168698
26113,8113,4.3598033698799554e-06,1.0,,,False,786.8673219578341
26114,8114,4.358216301625362e-06,1.0,,,False,786.9334276248701
26115,8115,4.356939825811423e-06,1.0,,,False,786.9993394578341
26116,8116,4.357064881332917e-06,1.0,,,False,787.068247999996
26117,8117,4.35718948210706e-06,1.0,,,False,787.134585791966
26118,8118,4.357314082881203e-06,1.0,,,False,787.2050032499246
26119,8119,4.3526138142624404e-06,1.0,,,False,787.2698578329291
26120,8120,4.350404196884483e-06,1.0,,,False,787.3364566250239
26121,8121,4.345953129814006e-06,1.0,,,False,787.4010266249534
26122,8122,4.342280590208247e-06,1.0,,,False,787.466736332979
26123,8123,4.339884071669076e-06,1.0,,,False,787.5326362499036
26124,8124,4.339417046139715e-06,1.0,,,False,787.6033157079946
26125,8125,4.336211077315966e-06,1.0,,,False,787.6754432499874
26126,8126,4.335339781391667e-06,1.0,,,False,787.7408425419126
26127,8127,4.332818662078353e-06,1.0,,,False,787.8099411248695
26128,8128,4.332133812567918e-06,1.0,,,False,787.8794517919887
26129,8129,4.3303598431521095e-06,1.0,,,False,787.9457316668704
26130,8130,4.329986040829681e-06,1.0,,,False,788.013565375004
26131,8131,4.3296749936416745e-06,1.0,,,False,788.0796609169338
26132,8132,4.329114744905382e-06,1.0,,,False,788.1466338329483
26133,8133,4.328180693846662e-06,1.0,,,False,788.211986332899
26134,8134,4.32578417530749e-06,1.0,,,False,788.2752318750136
26135,8135,4.323636403569253e-06,1.0,,,False,788.3413218748756
26136,8136,4.320088464737637e-06,1.0,,,False,788.4056752920151
26137,8137,4.3179716158192605e-06,1.0,,,False,788.473378041992
26138,8138,4.313832050684141e-06,1.0,,,False,788.5336935420055
26139,8139,4.312773853598628e-06,1.0,,,False,788.6014010829385
26140,8140,4.310564236220671e-06,1.0,,,False,788.6676780418493
26141,8141,4.309474661567947e-06,1.0,,,False,788.7318768328987
26142,8142,4.306798018660629e-06,1.0,,,False,788.8030753328931
26143,8143,4.306268692744197e-06,1.0,,,False,788.8728122918401
26144,8144,4.3040899981861e-06,1.0,,,False,788.9376412499696
26145,8145,4.303001333028078e-06,1.0,,,False,788.9988083329517
26146,8146,4.302814431866864e-06,1.0,,,False,789.0652685828973
26147,8147,4.299981355870841e-06,1.0,,,False,789.1320707078557
26148,8148,4.296713996154722e-06,1.0,,,False,789.2127278749831
26149,8149,4.293476649763761e-06,1.0,,,False,789.3179046248551
26150,8150,4.291235200071242e-06,1.0,,,False,789.4192794999108
26151,8151,4.288123363949126e-06,1.0,,,False,789.5258868329693
26152,8152,4.28690964326961e-06,1.0,,,False,789.6206903329585
26153,8153,4.283579073671717e-06,1.0,,,False,789.7256125828717
26154,8154,4.2823962758120615e-06,1.0,,,False,789.8284518329892
26155,8155,4.279190306988312e-06,1.0,,,False,789.9338910419028
26156,8156,4.277976586308796e-06,1.0,,,False,790.042751791887
26157,8157,4.275548690202413e-06,1.0,,,False,790.1459895418957
26158,8158,4.274552793503972e-06,1.0,,,False,790.2490785419941
26159,8159,4.2716583266155794e-06,1.0,,,False,790.3454019168857
26160,8160,4.272000296623446e-06,1.0,,,False,790.4411449169274
26161,8161,4.268732482159976e-06,1.0,,,False,790.5404637919273
26162,8162,4.270008503226563e-06,1.0,,,False,790.6413382499013
26163,8163,4.269977125659352e-06,1.0,,,False,790.7329831249081
26164,8164,4.2708488763310015e-06,1.0,,,False,790.8279929999262
26165,8165,4.267456006346038e-06,1.0,,,False,790.9205689998344
26166,8166,4.26614906245959e-06,1.0,,,False,791.0170785419177
26167,8167,4.259519300831016e-06,1.0,,,False,791.1107315418776
26168,8168,4.258803528500721e-06,1.0,,,False,791.2075078748167
26169,8169,4.253947736287955e-06,1.0,,,False,791.3047688328661
26170,8170,4.254321538610384e-06,1.0,,,False,791.4001274169423
26171,8171,4.250212896295125e-06,1.0,,,False,791.4954300830141
26172,8172,4.2500573727011215e-06,1.0,,,False,791.5958080419805
26173,8173,4.246228854754008e-06,1.0,,,False,791.703060374828
26174,8174,4.245450782036642e-06,1.0,,,False,791.8131598329637
26175,8175,4.241559963702457e-06,1.0,,,False,791.9190666249488
26176,8176,4.242929662723327e-06,1.0,,,False,792.026183999842
26177,8177,4.238540896039922e-06,1.0,,,False,792.120473582996
26178,8178,4.241155238560168e-06,1.0,,,False,792.1994094168767
26179,8179,4.236704626237042e-06,1.0,,,False,792.2766318749636
26180,8180,4.23707797381212e-06,1.0,,,False,792.357598332921
26181,8181,4.231817911204416e-06,1.0,,,False,792.4428288328927
26182,8182,4.229950263834326e-06,1.0,,,False,792.5257203748915
26183,8183,4.226620148983784e-06,1.0,,,False,792.6130335419439
26184,8184,4.223881205689395e-06,1.0,,,False,792.6974583328702
26185,8185,4.2227293306495994e-06,1.0,,,False,792.7832441669889
26186,8186,4.220363734930288e-06,1.0,,,False,792.8624428748153
26187,8187,4.21952336182585e-06,1.0,,,False,792.9405547918286
26188,8188,4.217406967654824e-06,1.0,,,False,793.0174576248974
26189,8189,4.217532023176318e-06,1.0,,,False,793.1048703328706
26190,8190,4.220084065309493e-06,1.0,,,False,793.1897584169637
26191,8191,4.218154572299682e-06,1.0,,,False,793.2729818748776
26192,8192,4.2171895984211005e-06,1.0,,,False,793.3508512498811
26193,8193,4.2120227590203285e-06,1.0,,,False,793.431725082919
26194,8194,4.209065991744865e-06,1.0,,,False,793.51302604191
26195,8195,4.206015546515118e-06,1.0,,,False,793.6163654169068
26196,8196,4.20377455156995e-06,1.0,,,False,793.7206626669504
26197,8197,4.200755483907415e-06,1.0,,,False,793.8271009998862
26198,8198,4.198856458970113e-06,1.0,,,False,793.9284349998925
26199,8199,4.196459940430941e-06,1.0,,,False,794.0022965830285
26200,8200,4.1942189454857726e-06,1.0,0.9997762613267703,0.006318404832707683,False,794.1840764998924
26201,8201,4.1932539716071915e-06,1.0,,,False,794.2790428749286
26202,8202,4.1897369555954356e-06,1.0,,,False,794.3735917080194
26203,8203,4.189394530840218e-06,1.0,,,False,794.465727374889
26204,8204,4.187589183857199e-06,1.0,,,False,794.5593669998925
26205,8205,4.18721538153477e-06,1.0,,,False,794.6528511249926
26206,8206,4.187837930658134e-06,1.0,,,False,794.7476585418917
26207,8207,4.185036686976673e-06,1.0,,,False,794.840868792031
26208,8208,4.184227691439446e-06,1.0,,,False,794.935418457957
26209,8209,4.1794032767938916e-06,1.0,,,False,795.0289948750287
26210,8210,4.178003109700512e-06,1.0,,,False,795.1223664169665
26211,8211,4.173520665062824e-06,1.0,,,False,795.2148200829979
26212,8212,4.172306944383308e-06,1.0,,,False,795.3108618748374
26213,8213,4.16866578234476e-06,1.0,,,False,795.4051408749074
26214,8214,4.1674516069178935e-06,1.0,,,False,795.4984622499906
26215,8215,4.164526217209641e-06,1.0,,,False,795.5928589999676
26216,8216,4.164370693615638e-06,1.0,,,False,795.6868474169169
26217,8217,4.161507149547106e-06,1.0,,,False,795.7920634169132
26218,8218,4.1604180296417326e-06,1.0,,,False,795.8923347918317
26219,8219,4.157958301220788e-06,1.0,,,False,795.9947931249626
26220,8220,4.157616785960272e-06,1.0,,,False,796.0906648749951
26221,8221,4.155437636654824e-06,1.0,,,False,796.1942535419948
26222,8222,4.1542862163623795e-06,1.0,,,False,796.2995839999057
26223,8223,4.155001533945324e-06,1.0,,,False,796.3925859169103
26224,8224,4.153258942096727e-06,1.0,,,False,796.4848028749693
26225,8225,4.151391749473987e-06,1.0,,,False,796.57887474983
26226,8226,4.147936579101952e-06,1.0,,,False,796.6729416670278
26227,8227,4.1458511077507865e-06,1.0,,,False,796.7692808329593
26228,8228,4.141804765822599e-06,1.0,,,False,796.862068832852
26229,8229,4.140528744756011e-06,1.0,,,False,796.9560135419015
26230,8230,4.137478754273616e-06,1.0,,,False,797.0525017078035
26231,8231,4.135891231271671e-06,1.0,,,False,797.1213645418175
26232,8232,4.133681159146363e-06,1.0,,,False,797.1893792080227
26233,8233,4.132872618356487e-06,1.0,,,False,797.2767430418171
26234,8234,4.130070919927675e-06,1.0,,,False,797.369802583009
26235,8235,4.131097739445977e-06,1.0,,,False,797.4626940828748
26236,8236,4.1286079976998735e-06,1.0,,,False,797.557462082943
26237,8237,4.127393822273007e-06,1.0,,,False,797.6521973328199
26238,8238,4.126086878386559e-06,1.0,,,False,797.7475963328034
26239,8239,4.12194776799879e-06,1.0,,,False,797.8480021248106
26240,8240,4.121355686947936e-06,1.0,,,False,797.9520793328993
26241,8241,4.117154276173096e-06,1.0,,,False,798.051182749914
26242,8242,4.115567207918502e-06,1.0,,,False,798.1474447078072
26243,8243,4.1125790630758274e-06,1.0,,,False,798.2467820418533
26244,8244,4.111738689971389e-06,1.0,,,False,798.3406905420125
26245,8245,4.110057943762513e-06,1.0,,,False,798.4383814579342
26246,8246,4.108314897166565e-06,1.0,,,False,798.5372275419068
26247,8247,4.108999746677e-06,1.0,,,False,798.6440023328178
26248,8248,4.1076923480432015e-06,1.0,,,False,798.7428388330154
26249,8249,4.107038876099978e-06,1.0,,,False,798.8474946669303
26250,8250,4.1034904825210106e-06,1.0,,,False,798.9472981668077
26251,8251,4.102556886209641e-06,1.0,,,False,799.0472440419253
26252,8252,4.0984482438943814e-06,1.0,,,False,799.1509294998832
26253,8253,4.097234068467515e-06,1.0,,,False,799.2471059579402
26254,8254,4.0930326576926745e-06,1.0,,,False,799.3271742078941
26255,8255,4.092129529453814e-06,1.0,,,False,799.3928676249925
26256,8256,4.088706646143692e-06,1.0,,,False,799.4542800828349
26257,8257,4.088083642272977e-06,1.0,,,False,799.5143028330058
26258,8258,4.086465651198523e-06,1.0,,,False,799.5814215829596
26259,8259,4.087025899934815e-06,1.0,,,False,799.650319499895
26260,8260,4.0855629777070135e-06,1.0,,,False,799.7179719579872
26261,8261,4.082948180439416e-06,1.0,,,False,799.781116124941
26262,8262,4.080987309862394e-06,1.0,,,False,799.8478682499845
26263,8263,4.078372967342148e-06,1.0,,,False,799.9146316249389
26264,8264,4.0756340240477584e-06,1.0,,,False,799.9817111669108
26265,8265,4.072116553288652e-06,1.0,,,False,800.0485725000035
26266,8266,4.06931485485984e-06,1.0,,,False,800.1142002500128
26267,8267,4.067572717758594e-06,1.0,,,False,800.1795750418678
26268,8268,4.065953817189438e-06,1.0,,,False,800.2437451668084
26269,8269,4.065673692821292e-06,1.0,,,False,800.3127471248154
26270,8270,4.0635577533976175e-06,1.0,,,False,800.3800594578497
26271,8271,4.0634017750562634e-06,1.0,,,False,800.4464073749259
26272,8272,4.0604136302135885e-06,1.0,,,False,800.5099134168122
26273,8273,4.059168531966861e-06,1.0,,,False,800.6076584998518
26274,8274,4.057519163325196e-06,1.0,,,False,800.7041508748662
26275,8275,4.055433691974031e-06,1.0,,,False,800.8000148329884
26276,8276,4.051916675962275e-06,1.0,,,False,800.897027167026
26277,8277,4.050204552186187e-06,1.0,,,False,800.9936354169622
26278,8278,4.047029960929649e-06,1.0,,,False,801.0808091668878
26279,8279,4.0457539398630615e-06,1.0,,,False,801.1734589999542
26280,8280,4.04242382501252e-06,1.0,,,False,801.2689029169269
26281,8281,4.040026851725997e-06,1.0,,,False,801.3613853328861
26282,8282,4.0384084059041925e-06,1.0,,,False,801.4564843329135
26283,8283,4.0377235563937575e-06,1.0,,,False,801.5521318749525
26284,8284,4.035793608636595e-06,1.0,,,False,801.6471726668533
26285,8285,4.036883183289319e-06,1.0,,,False,801.7211877498776
26286,8286,4.034642188344151e-06,1.0,,,False,801.78614070802
26287,8287,4.033179266116349e-06,1.0,,,False,801.8533966669347
26288,8288,4.028946477774298e-06,1.0,,,False,801.9240535828285
26289,8289,4.027421255159425e-06,1.0,,,False,801.9937486669514
26290,8290,4.023841938760597e-06,1.0,,,False,802.0628416668624
26291,8291,4.023281690024305e-06,1.0,,,False,802.1327139169443
26292,8292,4.019888820039341e-06,1.0,,,False,802.2062335419469
26293,8293,4.020605047116987e-06,1.0,,,False,802.2756279169116
26294,8294,4.015967078885296e-06,1.0,,,False,802.3449743329547
26295,8295,4.016153980046511e-06,1.0,,,False,802.4126167078502
26296,8296,4.01335273636505e-06,1.0,,,False,802.4828751669265
26297,8297,4.011702912976034e-06,1.0,,,False,802.551209082827
26298,8298,4.01008492190158e-06,1.0,,,False,802.6220354170073
26299,8299,4.008995347248856e-06,1.0,,,False,802.6901432080194
26300,8300,4.009150870842859e-06,1.0,0.9997762613267703,0.006180170017684461,False,802.841031457996
26301,8301,4.006629751529545e-06,1.0,,,False,802.9135638750158
26302,8302,4.005167284049094e-06,1.0,,,False,802.9805341248866
26303,8303,4.002178684459068e-06,1.0,,,False,803.0496828330215
26304,8304,4.0007785173656885e-06,1.0,,,False,803.1179882499855
26305,8305,3.9975102481548674e-06,1.0,,,False,803.1848463329952
26306,8306,3.995082352048485e-06,1.0,,,False,803.2536282499786
26307,8307,3.992685833509313e-06,1.0,,,False,803.3223179168999
26308,8308,3.9888573155622e-06,1.0,,,False,803.4010634999722
26309,8309,3.988172920799116e-06,1.0,,,False,803.4921937079635
26310,8310,3.9848732740210835e-06,1.0,,,False,803.5868128750008
26311,8311,3.98471775042708e-06,1.0,,,False,803.6796028749086
26312,8312,3.980422661697958e-06,1.0,,,False,803.7717144999187
26313,8313,3.9806714084988926e-06,1.0,,,False,803.8658436248079
26314,8314,3.97774601879064e-06,1.0,,,False,803.9562009579968
26315,8315,3.977185770054348e-06,1.0,,,False,804.0559691670351
26316,8316,3.974353148805676e-06,1.0,,,False,804.1543795419857
26317,8317,3.9722367546346504e-06,1.0,,,False,804.2574785419274
26318,8318,3.969404133385979e-06,1.0,,,False,804.3593959580176
26319,8319,3.967288193962304e-06,1.0,,,False,804.4547804999165
26320,8320,3.966104941355297e-06,1.0,,,False,804.5547967499588
26321,8321,3.9635528992221225e-06,1.0,,,False,804.6582099169027
26322,8322,3.9621832002012525e-06,1.0,,,False,804.7612696248107
26323,8323,3.9611254578630906e-06,1.0,,,False,804.8678408330306
26324,8324,3.961094080295879e-06,1.0,,,False,804.975308666937
26325,8325,3.960253707191441e-06,1.0,,,False,805.0706838329788
26326,8326,3.95788811147213e-06,1.0,,,False,805.1668164578732
26327,8327,3.956829914386617e-06,1.0,,,False,805.2645811249968
26328,8328,3.952161023335066e-06,1.0,,,False,805.3663311249111
26329,8329,3.9510405258624814e-06,1.0,,,False,805.463913791813
26330,8330,3.946776359953219e-06,1.0,,,False,805.5664006248116
26331,8331,3.946465312765213e-06,1.0,,,False,805.6712509999052
26332,8332,3.943259343941463e-06,1.0,,,False,805.7781614579726
26333,8333,3.941983322874876e-06,1.0,,,False,805.879132000031
26334,8334,3.939804173569428e-06,1.0,,,False,805.976706791902
26335,8335,3.938123882107902e-06,1.0,,,False,806.0700187499169
26336,8336,3.935446784453234e-06,1.0,,,False,806.1728236249182
26337,8337,3.93289519706741e-06,1.0,,,False,806.2746066669933
26338,8338,3.930062575818738e-06,1.0,,,False,806.3795568749774
26339,8339,3.927541456505423e-06,1.0,,,False,806.4779125419445
26340,8340,3.926140379917342e-06,1.0,,,False,806.578807832906
26341,8341,3.922717041859869e-06,1.0,,,False,806.6773454169743
26342,8342,3.9222500163305085e-06,1.0,,,False,806.7795123748947
26343,8343,3.919573373423191e-06,1.0,,,False,806.8829909998458
26344,8344,3.917924004781526e-06,1.0,,,False,806.9864559578709
26345,8345,3.91860839954461e-06,1.0,,,False,807.0865777919535
26346,8346,3.918671154679032e-06,1.0,,,False,807.1931210418697
26347,8347,3.918670699931681e-06,1.0,,,False,807.2954786668997
26348,8348,3.914033186447341e-06,1.0,,,False,807.3963084998541
26349,8349,3.912819465767825e-06,1.0,,,False,807.503840124933
26350,8350,3.9077149267541245e-06,1.0,,,False,807.6049396668095
26351,8351,3.906812253262615e-06,1.0,,,False,807.7085514578503
26352,8352,3.90285958928871e-06,1.0,,,False,807.8102319999598
26353,8353,3.902174285030924e-06,1.0,,,False,807.9115326669998
26354,8354,3.899996045220178e-06,1.0,,,False,808.0108360829763
26355,8355,3.898377144651022e-06,1.0,,,False,808.1071895000059
26356,8356,3.895078407367691e-06,1.0,,,False,808.2023283748422
26357,8357,3.895731424563564e-06,1.0,,,False,808.2984981248155
26358,8358,3.893895609508036e-06,1.0,,,False,808.3951603330206
26359,8359,3.894082055921899e-06,1.0,,,False,808.4887634578627
26360,8360,3.889164418069413e-06,1.0,,,False,808.5818224998657
26361,8361,3.887389993906254e-06,1.0,,,False,808.6763617079705
26362,8362,3.882596956827911e-06,1.0,,,False,808.7702752079349
26363,8363,3.881601060129469e-06,1.0,,,False,808.8576222918928
26364,8364,3.878550614899723e-06,1.0,,,False,808.9513844170142
26365,8365,3.877928065776359e-06,1.0,,,False,809.0452091668267
26366,8366,3.876371920341626e-06,1.0,,,False,809.1385251670144
26367,8367,3.875718448398402e-06,1.0,,,False,809.2327971670311
26368,8368,3.873166406265227e-06,1.0,,,False,809.3245126248803
26369,8369,3.872543402394513e-06,1.0,,,False,809.418842874933
26370,8370,3.8719836084055714e-06,1.0,,,False,809.5114212078042
26371,8371,3.868777639581822e-06,1.0,,,False,809.6029037919361
26372,8372,3.867438863380812e-06,1.0,,,False,809.6918010828085
26373,8373,3.863236997858621e-06,1.0,,,False,809.7896279168781
26374,8374,3.861867753585102e-06,1.0,,,False,809.8835616668221
26375,8375,3.857790488837054e-06,1.0,,,False,809.9755079578608
26376,8376,3.856950115732616e-06,1.0,,,False,810.0694324169308
26377,8377,3.852094778267201e-06,1.0,,,False,810.160941625014
26378,8378,3.8520011003129184e-06,1.0,,,False,810.2543765830342
26379,8379,3.847799689538078e-06,1.0,,,False,810.346653791843
26380,8380,3.846274012175854e-06,1.0,,,False,810.4403819998261
26381,8381,3.843441845674533e-06,1.0,,,False,810.5307938328478
26382,8382,3.842539626930375e-06,1.0,,,False,810.6255007078871
26383,8383,3.841076704702573e-06,1.0,,,False,810.7196247498505
26384,8384,3.842383648589021e-06,1.0,,,False,810.8129212500062
26385,8385,3.84095210392843e-06,1.0,,,False,810.9211648330092
26386,8386,3.8393959584936965e-06,1.0,,,False,811.020793291973
26387,8387,3.835255938611226e-06,1.0,,,False,811.0918132918887
26388,8388,3.832922175206477e-06,1.0,,,False,811.16225866694
26389,8389,3.828875378530938e-06,1.0,,,False,811.2326858330052
26390,8390,3.827350610663416e-06,1.0,,,False,811.3016773329582
26391,8391,3.823739916697377e-06,1.0,,,False,811.3726025829092
26392,8392,3.823428869509371e-06,1.0,,,False,811.4590639998205
26393,8393,3.819102403213037e-06,1.0,,,False,811.5550763749052
26394,8394,3.817888682533521e-06,1.0,,,False,811.6448729168624
26395,8395,3.815647232841002e-06,1.0,,,False,811.7347542499192
26396,8396,3.813655439444119e-06,1.0,,,False,811.8295435828622
26397,8397,3.8109787965368014e-06,1.0,,,False,811.9211853749584
26398,8398,3.808052952081198e-06,1.0,,,False,812.0138752078637
26399,8399,3.806839231401682e-06,1.0,,,False,812.1066974578425
26400,8400,3.8032285374356434e-06,1.0,0.9997762613267703,0.0060160006905028126,False,812.2853447499219
26401,8401,3.802699438892887e-06,1.0,,,False,812.3821200418752
26402,8402,3.7992756460880628e-06,1.0,,,False,812.4776190419216
26403,8403,3.7992756460880628e-06,1.0,,,False,812.5658835000359
26404,8404,3.7993067962815985e-06,1.0,,,False,812.6607365419623
26405,8405,3.799244495894527e-06,1.0,,,False,812.7520740828477
26406,8406,3.794793656197726e-06,1.0,,,False,812.844081667019
26407,8407,3.792988536588382e-06,1.0,,,False,812.9382872499991
26408,8408,3.789440143009415e-06,1.0,,,False,813.0287757499609
26409,8409,3.786763500102097e-06,1.0,,,False,813.1223240420222
26410,8410,3.782499334192835e-06,1.0,,,False,813.2120429999195
26411,8411,3.7805698411830235e-06,1.0,,,False,813.302727749804
26412,8412,3.7768659240100533e-06,1.0,,,False,813.3965107919648
26413,8413,3.774905053433031e-06,1.0,,,False,813.4895145418122
26414,8414,3.77188575839682e-06,1.0,,,False,813.5834599579684
26415,8415,3.769893737626262e-06,1.0,,,False,813.676642374834
26416,8416,3.7671859445254086e-06,1.0,,,False,813.7725374170113
26417,8417,3.765225073948386e-06,1.0,,,False,813.8746860828251
26418,8418,3.7627351048286073e-06,1.0,,,False,813.9673582918476
26419,8419,3.761023208426195e-06,1.0,,,False,814.067877916852
26420,8420,3.757754939215374e-06,1.0,,,False,814.1616112918127
26421,8421,3.756447767955251e-06,1.0,,,False,814.2294514169917
26422,8422,3.7523702758335276e-06,1.0,,,False,814.2946624169126
26423,8423,3.7504717056435766e-06,1.0,,,False,814.3640926668886
26424,8424,3.747079063032288e-06,1.0,,,False,814.433757416904
26425,8425,3.7445579437189735e-06,1.0,,,False,814.4996714168228
26426,8426,3.7398269796540262e-06,1.0,,,False,814.5670826248825
26427,8427,3.7373990835476434e-06,1.0,,,False,814.6285132919438
26428,8428,3.7338820675358875e-06,1.0,,,False,814.6911788748112
26429,8429,3.732232471520547e-06,1.0,,,False,814.7585713749286
26430,8430,3.7299603263818426e-06,1.0,,,False,814.8235898748972
26431,8431,3.72799945580482e-06,1.0,,,False,814.8906508749351
26432,8432,3.7263498597894795e-06,1.0,,,False,814.9770181248896
26433,8433,3.7239531138766324e-06,1.0,,,False,815.0798325829674
26434,8434,3.722832616404048e-06,1.0,,,False,815.1827584998682
26435,8435,3.7196577977738343e-06,1.0,,,False,815.2831750418991
26436,8436,3.718568450494786e-06,1.0,,,False,815.3863774170168
26437,8437,3.713557589435368e-06,1.0,,,False,815.4910014169291
26438,8438,3.712063289640355e-06,1.0,,,False,815.5916281249374
26439,8439,3.7054651329526678e-06,1.0,,,False,815.6888120828662
26440,8440,3.7061497550894273e-06,1.0,,,False,815.794786375016
26441,8441,3.700080469570821e-06,1.0,,,False,815.893525582971
26442,8442,3.699302169479779e-06,1.0,,,False,815.9950900420081
26443,8443,3.694011184052215e-06,1.0,,,False,816.0980995828286
26444,8444,3.693637836477137e-06,1.0,,,False,816.2017666248139
26445,8445,3.6895603443554137e-06,1.0,,,False,816.3081108748447
26446,8446,3.688470997076365e-06,1.0,,,False,816.4099980418105
26447,8447,3.6868525512545602e-06,1.0,,,False,816.507202749839
26448,8448,3.684735929709859e-06,1.0,,,False,816.6122349998914
26449,8449,3.6805963645747397e-06,1.0,,,False,816.7063446668908
26450,8450,3.676705546240555e-06,1.0,,,False,816.8013860830106
26451,8451,3.673406354209874e-06,1.0,,,False,816.8976842078846
26452,8452,3.669765192171326e-06,1.0,,,False,816.9903994170018
26453,8453,3.6676792660728097e-06,1.0,,,False,817.0843571249861
26454,8454,3.663540155685041e-06,1.0,,,False,817.1671394580044
26455,8455,3.6622327570512425e-06,1.0,,,False,817.2353210828733
26456,8456,3.6578132949216524e-06,1.0,,,False,817.29820629186
26457,8457,3.6567857932823244e-06,1.0,,,False,817.367058499949
26458,8458,3.654576175904367e-06,1.0,,,False,817.4359494999517
26459,8459,3.6537669529934647e-06,1.0,,,False,817.4999765828252
26460,8460,3.648288839031011e-06,1.0,,,False,817.5612896250095
26461,8461,3.646483719421667e-06,1.0,,,False,817.6294234169181
26462,8462,3.64178367817658e-06,1.0,,,False,817.6963548748754
26463,8463,3.639885107986629e-06,1.0,,,False,817.761041124817
26464,8464,3.6361188904265873e-06,1.0,,,False,817.8237992078066
26465,8465,3.6346871183923213e-06,1.0,,,False,817.8903249579016
26466,8466,3.6302051285019843e-06,1.0,,,False,817.9578504578676
26467,8467,3.626501211329014e-06,1.0,,,False,818.0201106669847
26468,8468,3.6238868688087678e-06,1.0,,,False,818.0863477080129
26469,8469,3.6202761748427292e-06,1.0,,,False,818.152195374947
26470,8470,3.6186579563945998e-06,1.0,,,False,818.2166316248477
26471,8471,3.6170706607663305e-06,1.0,,,False,818.283739999868
26472,8472,3.6166352401778568e-06,1.0,,,False,818.350022832863
26473,8473,3.6145183912594803e-06,1.0,,,False,818.4121351668146
26474,8474,3.613024318838143e-06,1.0,,,False,818.4773360418621
26475,8475,3.6100052511756076e-06,1.0,,,False,818.5455596249085
26476,8476,3.607266535254894e-06,1.0,,,False,818.606211541919
26477,8477,3.60272201760381e-06,1.0,,,False,818.6725075419527
26478,8478,3.600574700612924e-06,1.0,,,False,818.7375797498971
26479,8479,3.597057684601168e-06,1.0,,,False,818.8068703748286
26480,8480,3.594754389268928e-06,1.0,,,False,818.8742203328293
26481,8481,3.5932914670411265e-06,1.0,,,False,818.9395641249139
26482,8482,3.5927312183048343e-06,1.0,,,False,819.0072711249813
26483,8483,3.5898676742363023e-06,1.0,,,False,819.0732427919284
26484,8484,3.5892451251129387e-06,1.0,,,False,819.143801207887
26485,8485,3.5863506582245464e-06,1.0,,,False,819.2095874168444
26486,8486,3.5857281091011828e-06,1.0,,,False,819.2751019578427
26487,8487,3.5818995911540696e-06,1.0,,,False,819.3425773328636
26488,8488,3.5803429909719853e-06,1.0,,,False,819.4100547498092
26489,8489,3.5756436318479246e-06,1.0,,,False,819.4777098749764
26490,8490,3.5727800877793925e-06,1.0,,,False,819.5451564579271
26491,8491,3.571130491764052e-06,1.0,,,False,819.614099791972
26492,8492,3.56736427420401e-06,1.0,,,False,819.6773214999121
26493,8493,3.5658079013956012e-06,1.0,,,False,819.7447142919991
26494,8494,3.564096004993189e-06,1.0,,,False,819.80796799995
26495,8495,3.5631001082947478e-06,1.0,,,False,819.8744881248567
26496,8496,3.562788833733066e-06,1.0,,,False,819.9357492078561
26497,8497,3.560298864613287e-06,1.0,,,False,820.0030284170061
26498,8498,3.55790211870044e-06,1.0,,,False,820.071062957868
26499,8499,3.552984480847954e-06,1.0,,,False,820.1390691248234
26500,8500,3.5508057862898568e-06,1.0,0.9997762613267703,0.005797086459609494,False,820.2804970419966
26501,8501,3.547070718923351e-06,1.0,,,False,820.3486604578793
26502,8502,3.545794470483088e-06,1.0,,,False,820.4101226669736
26503,8503,3.5429932268016273e-06,1.0,,,False,820.4757880419493
26504,8504,3.541686055541504e-06,1.0,,,False,820.5427866668906
26505,8505,3.5387913612794364e-06,1.0,,,False,820.6079673748463
26506,8506,3.5366440442885505e-06,1.0,,,False,820.6711059999652
26507,8507,3.5335624488652684e-06,1.0,,,False,820.7340693329461
26508,8508,3.532006303430535e-06,1.0,,,False,820.8002817498054
26509,8509,3.5303567074151943e-06,1.0,,,False,820.8904884168878
26510,8510,3.5297341582918307e-06,1.0,,,False,820.9893461668398
26511,8511,3.527119588397909e-06,1.0,,,False,821.0576569170225
26512,8512,3.526092541505932e-06,1.0,,,False,821.1242565829307
26513,8513,3.5210503028793028e-06,1.0,,,False,821.1925130828749
26514,8514,3.5184668831789168e-06,1.0,,,False,821.2598739168607
26515,8515,3.515229991535307e-06,1.0,,,False,821.3266976668965
26516,8516,3.5123041470797034e-06,1.0,,,False,821.3927032079082
26517,8517,3.5097832551400643e-06,1.0,,,False,821.4614791669883
26518,8518,3.5082578051515156e-06,1.0,,,False,821.527187707834
26519,8519,3.5059240417467663e-06,1.0,,,False,821.5889304168522
26520,8520,3.504024789435789e-06,1.0,,,False,821.6563569579739
26521,8521,3.5030604976782342e-06,1.0,,,False,821.7235120418482
26522,8522,3.501130095173721e-06,1.0,,,False,821.7878559578676
26523,8523,3.499231979731121e-06,1.0,,,False,821.8513506669551
26524,8524,3.4961194614879787e-06,1.0,,,False,821.9186007080134
26525,8525,3.492757969070226e-06,1.0,,,False,821.9864874170162
26526,8526,3.4893653264589375e-06,1.0,,,False,822.0557430000044
26527,8527,3.4870931813202333e-06,1.0,,,False,822.1242004169617
26528,8528,3.483607315502013e-06,1.0,,,False,822.1894657078665
26529,8529,3.481615294731455e-06,1.0,,,False,822.2581574579235
26530,8530,3.4789384244504618e-06,1.0,,,False,822.325003082864
26531,8531,3.4775378026097314e-06,1.0,,,False,822.3986228329595
26532,8532,3.4763861549436115e-06,1.0,,,False,822.4919325828087
26533,8533,3.4749543829093454e-06,1.0,,,False,822.5894555419218
26534,8534,3.471966465440346e-06,1.0,,,False,822.6808374999091
26535,8535,3.47053469340608e-06,1.0,,,False,822.779505666811
26536,8536,3.467920123512158e-06,1.0,,,False,822.8763059999328
26537,8537,3.4656791285669897e-06,1.0,,,False,822.9719271250069
26538,8538,3.463158009253675e-06,1.0,,,False,823.067820624914
26539,8539,3.4592985684867017e-06,1.0,,,False,823.1631828329992
26540,8540,3.4569329727673903e-06,1.0,,,False,823.2565252918284
26541,8541,3.453820454524248e-06,1.0,,,False,823.3488007499836
26542,8542,3.452108558121836e-06,1.0,,,False,823.4397798748687
26543,8543,3.4509571378293913e-06,1.0,,,False,823.5337269168813
26544,8544,3.44996124113095e-06,1.0,,,False,823.6290406668559
26545,8545,3.450801614235388e-06,1.0,,,False,823.7239399580285
26546,8546,3.4470042464818107e-06,1.0,,,False,823.8187941249926
26547,8547,3.4465685985196615e-06,1.0,,,False,823.9146186669823
26548,8548,3.4431448057148373e-06,1.0,,,False,824.0070486250333
26549,8549,3.4426154797984054e-06,1.0,,,False,824.1004412078764
26550,8550,3.4377601423329907e-06,1.0,,,False,824.1895995829254
26551,8551,3.4367951684544096e-06,1.0,,,False,824.2791089578532
26552,8552,3.433713800404803e-06,1.0,,,False,824.3692803329322
26553,8553,3.432531002545147e-06,1.0,,,False,824.4491669170093
26554,8554,3.4311926810914883e-06,1.0,,,False,824.5200083330274
26555,8555,3.429792059250758e-06,1.0,,,False,824.5865628749598
26556,8556,3.4286715617781738e-06,1.0,,,False,824.6522802498657
26557,8557,3.4280490126548102e-06,1.0,,,False,824.7218745418359
26558,8558,3.4268973649886902e-06,1.0,,,False,824.7905912499409
26559,8559,3.4245008464495186e-06,1.0,,,False,824.8561644169968
26560,8560,3.4229756238346454e-06,1.0,,,False,824.9251999999397
26561,8561,3.4193340070487466e-06,1.0,,,False,824.9932019580156
26562,8562,3.4184936339443084e-06,1.0,,,False,825.0597651668359
26563,8563,3.4152567423006985e-06,1.0,,,False,825.125789667014
26564,8564,3.4137003694922896e-06,1.0,,,False,825.1929778750055
26565,8565,3.413109197936137e-06,1.0,,,False,825.2610052078962
26566,8566,3.411085799598368e-06,1.0,,,False,825.3280331669375
26567,8567,3.410494855415891e-06,1.0,,,False,825.3941978749353
26568,8568,3.4093118301825598e-06,1.0,,,False,825.4558652499691
26569,8569,3.407600161153823e-06,1.0,,,False,825.5200173750054
26570,8570,3.4054833122354466e-06,1.0,,,False,825.5847737919539
26571,8571,3.4035226690320997e-06,1.0,,,False,825.6498192918953
26572,8572,3.403242317290278e-06,1.0,,,False,825.7163394170348
26573,8573,3.4010950002993923e-06,1.0,,,False,825.7835538329091
26574,8574,3.399943125259597e-06,1.0,,,False,825.8494194168597
26575,8575,3.397951331862714e-06,1.0,,,False,825.9144760419149
26576,8576,3.3959590837184805e-06,1.0,,,False,825.9816811669152
26577,8577,3.3935937153728446e-06,1.0,,,False,826.0521875829436
26578,8578,3.391694917809218e-06,1.0,,,False,826.1332596249413
26579,8579,3.3896719742187997e-06,1.0,,,False,826.2293280418962
26580,8580,3.3881779017974623e-06,1.0,,,False,826.3230691668577
26581,8581,3.3880846785905305e-06,1.0,,,False,826.4168094168417
26582,8582,3.3870264815050177e-06,1.0,,,False,826.5126819580328
26583,8583,3.386123808013508e-06,1.0,,,False,826.612775541842
26584,8584,3.384692035979242e-06,1.0,,,False,826.718808916863
26585,8585,3.382419890840538e-06,1.0,,,False,826.8264475828037
26586,8586,3.380210046088905e-06,1.0,,,False,826.9284288748167
26587,8587,3.3787471238611033e-06,1.0,,,False,827.0300936668646
26588,8588,3.376381528141792e-06,1.0,,,False,827.1391239999793
26589,8589,3.373704885234474e-06,1.0,,,False,827.2162465830334
26590,8590,3.3745141081453767e-06,1.0,,,False,827.28154429188
26591,8591,3.371308139321627e-06,1.0,,,False,827.3480003748555
26592,8592,3.372771061549429e-06,1.0,,,False,827.4155713748187
26593,8593,3.3697519938868936e-06,1.0,,,False,827.4831352080218
26594,8594,3.3691917451506015e-06,1.0,,,False,827.5492469999008
26595,8595,3.365985776326852e-06,1.0,,,False,827.6131627499126
26596,8596,3.3652700039965566e-06,1.0,,,False,827.6776613330003
26597,8597,3.362748884683242e-06,1.0,,,False,827.7446714169346
26598,8598,3.3614103358559078e-06,1.0,,,False,827.8089530419093
26599,8599,3.35873369294859e-06,1.0,,,False,827.8725504998583
26600,8600,3.3583912681933725e-06,1.0,0.9997762613267703,0.005576325753262333,False,828.0027950420044
26601,8601,3.3567728223715676e-06,1.0,,,False,828.105809916975
26602,8602,3.355185299369623e-06,1.0,,,False,828.2042865420226
26603,8603,3.3535045531607466e-06,1.0,,,False,828.3073173328303
26604,8604,3.352539806655841e-06,1.0,,,False,828.412367249839
26605,8605,3.351543682583724e-06,1.0,,,False,828.5161795830354
26606,8606,3.351948407726013e-06,1.0,,,False,828.6220809998922
26607,8607,3.349831786181312e-06,1.0,,,False,828.7279879169073
26608,8608,3.3487735890957993e-06,1.0,,,False,828.8312138328329
26609,8609,3.3467504181317054e-06,1.0,,,False,828.9394445829093
26610,8610,3.3433889257139526e-06,1.0,,,False,829.0388362498488
26611,8611,3.341147930768784e-06,1.0,,,False,829.1399892920163
26612,8612,3.339622708153911e-06,1.0,,,False,829.2367876670323
26613,8613,3.3380665627191775e-06,1.0,,,False,829.3397114579566
26614,8614,3.3375997645634925e-06,1.0,,,False,829.4397435828578
26615,8615,3.337101816214272e-06,1.0,,,False,829.5405077920295
26616,8616,3.3372264169884147e-06,1.0,,,False,829.6362732078414
26617,8617,3.337195266794879e-06,1.0,,,False,829.7430155000184
26618,8618,3.333864924570662e-06,1.0,,,False,829.8455680420157
26619,8619,3.333118002046831e-06,1.0,,,False,829.9457556668203
26620,8620,3.3299741062364774e-06,1.0,,,False,830.0459989169613
26621,8621,3.3281689866271336e-06,1.0,,,False,830.1538904998451
26622,8622,3.3246515158680268e-06,1.0,,,False,830.252105667023
26623,8623,3.3240917218790855e-06,1.0,,,False,830.3630681668874
26624,8624,3.3216949759662384e-06,1.0,,,False,830.4610117918346
26625,8625,3.321259328004089e-06,1.0,,,False,830.5656438330188
26626,8626,3.3195162814081414e-06,1.0,,,False,830.6646611248143
26627,8627,3.319049255878781e-06,1.0,,,False,830.7633587499149
26628,8628,3.3173064366565086e-06,1.0,,,False,830.8672775418963
26629,8629,3.315936965009314e-06,1.0,,,False,830.9690591248218
26630,8630,3.3145049656013725e-06,1.0,,,False,831.0620358330198
26631,8631,3.313571596663678e-06,1.0,,,False,831.1557927499525
26632,8632,3.3120461466751294e-06,1.0,,,False,831.251322374912
26633,8633,3.3080002594942925e-06,1.0,,,False,831.3502932498232
26634,8634,3.3074395560106495e-06,1.0,,,False,831.4433881249279
26635,8635,3.3040162179531762e-06,1.0,,,False,831.5358967918437
26636,8636,3.3041092137864325e-06,1.0,,,False,831.6281254168134
26637,8637,3.3008413993229624e-06,1.0,,,False,831.7155609168112
26638,8638,3.301307970104972e-06,1.0,,,False,831.7896320829168
26639,8639,3.29888052874594e-06,1.0,,,False,831.861218249891
26640,8640,3.2985067264235113e-06,1.0,,,False,831.9340185828041
26641,8641,3.2961418128252262e-06,1.0,,,False,832.0048153749667
26642,8642,3.294118414487457e-06,1.0,,,False,832.0744976249989
26643,8643,3.2927491702139378e-06,1.0,,,False,832.143618832808
26644,8644,3.289978621978662e-06,1.0,,,False,832.2154126248788
26645,8645,3.287146455477341e-06,1.0,,,False,832.2843704579864
26646,8646,3.285216507720179e-06,1.0,,,False,832.3518476670142
26647,8647,3.2828202165546827e-06,1.0,,,False,832.4194620000198
26648,8648,3.282042143837316e-06,1.0,,,False,832.4824485830031
26649,8649,3.27967677549168e-06,1.0,,,False,832.5465145828202
26650,8650,3.279800921518472e-06,1.0,,,False,832.6115698330104
26651,8651,3.277466703366372e-06,1.0,,,False,832.6759291668423
26652,8652,3.2787427244329592e-06,1.0,,,False,832.7409559998196
26653,8653,3.274011760368012e-06,1.0,,,False,832.8074539168738
26654,8654,3.2733271382312523e-06,1.0,,,False,832.8742900418583
26655,8655,3.2687205475667724e-06,1.0,,,False,832.9409400420263
26656,8656,3.2666664537828183e-06,1.0,,,False,833.0017311668489
26657,8657,3.265079158154549e-06,1.0,,,False,833.0681116250344
26658,8658,3.2627447126287734e-06,1.0,,,False,833.1364769169595
26659,8659,3.2630248369969195e-06,1.0,,,False,833.2441334999166
26660,8660,3.2610951166134328e-06,1.0,,,False,833.3376869168133
26661,8661,3.2617176657367963e-06,1.0,,,False,833.432133999886
26662,8662,3.2584182463324396e-06,1.0,,,False,833.5268237078562
26663,8663,3.2582315725449007e-06,1.0,,,False,833.6221707079094
26664,8664,3.255803676438518e-06,1.0,,,False,833.7133216669317
26665,8665,3.2532825571252033e-06,1.0,,,False,833.8037912079599
26666,8666,3.2513528367417166e-06,1.0,,,False,833.9030791670084
26667,8667,3.2483337690791814e-06,1.0,,,False,834.0089855419938
26668,8668,3.2470575206389185e-06,1.0,,,False,834.1179351250175
26669,8669,3.2444120279251365e-06,1.0,,,False,834.2224731249735
26670,8670,3.2434159038530197e-06,1.0,,,False,834.3297913328279
26671,8671,3.242046432205825e-06,1.0,,,False,834.4289014998358
26672,8672,3.2415484838566044e-06,1.0,,,False,834.5408169578295
26673,8673,3.2408015613327734e-06,1.0,,,False,834.6461428329349
26674,8674,3.237751116103027e-06,1.0,,,False,834.7564531669486
26675,8675,3.235416897950927e-06,1.0,,,False,834.8691360829398
26676,8676,3.2322732295142487e-06,1.0,,,False,834.9721029170323
26677,8677,3.2314017062162748e-06,1.0,,,False,835.0774417498615
26678,8678,3.227199840694084e-06,1.0,,,False,835.1722325829323
26679,8679,3.2264526907965774e-06,1.0,,,False,835.2784650418907
26680,8680,3.222748773623607e-06,1.0,,,False,835.3843960829545
26681,8681,3.2220641514868475e-06,1.0,,,False,835.4894922499079
26682,8682,3.217799985577585e-06,1.0,,,False,835.5928070419468
26683,8683,3.2181424103328027e-06,1.0,,,False,835.691726999823
26684,8684,3.2139716950041475e-06,1.0,,,False,835.7936633329373
26685,8685,3.2148120681085857e-06,1.0,,,False,835.8906290000305
26686,8686,3.210921249774401e-06,1.0,,,False,835.9873772498686
26687,8687,3.2126019959832774e-06,1.0,,,False,836.0799019169062
26688,8688,3.2087737054098397e-06,1.0,,,False,836.1717951670289
26689,8689,3.2096763789013494e-06,1.0,,,False,836.2818440420087
26690,8690,3.2060968351288466e-06,1.0,,,False,836.3869453328662
26691,8691,3.2043228657130385e-06,1.0,,,False,836.4970446249936
26692,8692,3.2006812489271397e-06,1.0,,,False,836.6044660829939
26693,8693,3.1971953831089195e-06,1.0,,,False,836.7115803749766
26694,8694,3.194767714376212e-06,1.0,,,False,836.8045626250096
26695,8695,3.19398941428517e-06,1.0,,,False,836.8982996249106
26696,8696,3.1921531444822904e-06,1.0,,,False,836.992172874976
26697,8697,3.189632025168976e-06,1.0,,,False,837.0869028749876
26698,8698,3.1901611237117322e-06,1.0,,,False,837.1812636668328
26699,8699,3.1879822017799597e-06,1.0,,,False,837.2748534579296
26700,8700,3.1872352792561287e-06,1.0,0.9997762613267703,0.005370861397623293,False,837.4623745828867
26701,8701,3.1845897865423467e-06,1.0,,,False,837.5663492078893
26702,8702,3.179765371896792e-06,1.0,,,False,837.6603430828545
26703,8703,3.179236273354036e-06,1.0,,,False,837.7537728748284
26704,8704,3.1753143048263155e-06,1.0,,,False,837.8492953749374
26705,8705,3.1736958590045106e-06,1.0,,,False,837.9454029169865
26706,8706,3.170303216393222e-06,1.0,,,False,838.0377617918421
26707,8707,3.169556293869391e-06,1.0,,,False,838.1315730828792
26708,8708,3.1656968531024177e-06,1.0,,,False,838.2257882920094
26709,8709,3.165852376696421e-06,1.0,,,False,838.3213097918779
26710,8710,3.1641404802940087e-06,1.0,,,False,838.4154807499144
26711,8711,3.1636736821383238e-06,1.0,,,False,838.5088567498606
26712,8712,3.1617128115613014e-06,1.0,,,False,838.6122675829101
26713,8713,3.160934511470259e-06,1.0,,,False,838.7154015828855
26714,8714,3.159253765261383e-06,1.0,,,False,838.8175064998213
26715,8715,3.158755816912162e-06,1.0,,,False,838.921232082881
26716,8716,3.1557678994431626e-06,1.0,,,False,839.0250691669062
26717,8717,3.1528109047940234e-06,1.0,,,False,839.125293500023
26718,8718,3.1491692880081246e-06,1.0,,,False,839.2340734170284
26719,8719,3.147519691992784e-06,1.0,,,False,839.3339539999142
26720,8720,3.145060873066541e-06,1.0,,,False,839.4385285419412
26721,8721,3.143878075206885e-06,1.0,,,False,839.5396639998071
26722,8722,3.1419172046298627e-06,1.0,,,False,839.645384500036
26723,8723,3.142851028314908e-06,1.0,,,False,839.7399958330207
26724,8724,3.140578883176204e-06,1.0,,,False,839.8346366249025
26725,8725,3.1379956908494933e-06,1.0,,,False,839.9294789999258
26726,8726,3.1340114219347015e-06,1.0,,,False,840.0221888329834
26727,8727,3.132175152131822e-06,1.0,,,False,840.1149364998564
26728,8728,3.129405058643897e-06,1.0,,,False,840.2094962080009
26729,8729,3.1272886644728715e-06,1.0,,,False,840.3033178329933
26730,8730,3.1261681670002872e-06,1.0,,,False,840.3975710419472
26731,8731,3.123677970506833e-06,1.0,,,False,840.4908550828695
26732,8732,3.1231488719640765e-06,1.0,,,False,840.5854192499537
26733,8733,3.120534302070155e-06,1.0,,,False,840.6807232499123
26734,8734,3.118884706054814e-06,1.0,,,False,840.7761353750248
26735,8735,3.1196009331324603e-06,1.0,,,False,840.8712392498273
26736,8736,3.117203959845938e-06,1.0,,,False,840.9658650418278
26737,8737,3.1176712127489736e-06,1.0,,,False,841.0607905830257
26738,8738,3.1133756692725e-06,1.0,,,False,841.1568557918072
26739,8739,3.113033471890958e-06,1.0,,,False,841.2516794579569
26740,8740,3.1090494303498417e-06,1.0,,,False,841.3474079580046
26741,8741,3.107244310740498e-06,1.0,,,False,841.4436415829696
26742,8742,3.1062170364748454e-06,1.0,,,False,841.5393934999593
26743,8743,3.103944891336141e-06,1.0,,,False,841.6344011668116
26744,8744,3.1035403935675276e-06,1.0,,,False,841.7306177918799
26745,8745,3.1008019050204894e-06,1.0,,,False,841.8255425828975
26746,8746,3.101112497461145e-06,1.0,,,False,841.9194937918801
26747,8747,3.0992143820185447e-06,1.0,,,False,842.0138797918335
26748,8748,3.0992450774647295e-06,1.0,,,False,842.1079271249473
26749,8749,3.097969511145493e-06,1.0,,,False,842.2030273329001
26750,8750,3.096910631938954e-06,1.0,,,False,842.2966079998296
26751,8751,3.096257614743081e-06,1.0,,,False,842.3894865829498
26752,8752,3.0933313155401265e-06,1.0,,,False,842.4851931249723
26753,8753,3.0907792734069517e-06,1.0,,,False,842.5975688328035
26754,8754,3.088818175456254e-06,1.0,,,False,842.7098260829225
26755,8755,3.0853323096380336e-06,1.0,,,False,842.8176706668455
26756,8756,3.0840560611977708e-06,1.0,,,False,842.9228787499014
26757,8757,3.0830601644993294e-06,1.0,,,False,843.0253509168979
26758,8758,3.0823441647953587e-06,1.0,,,False,843.1238941668998
26759,8759,3.0828423405182548e-06,1.0,,,False,843.2203662078828
26760,8760,3.0830287869321182e-06,1.0,,,False,843.3268282918725
26761,8761,3.0808503197476966e-06,1.0,,,False,843.4207092919387
26762,8762,3.0787957712163916e-06,1.0,,,False,843.4875424578786
26763,8763,3.0775825052842265e-06,1.0,,,False,843.5559394999873
26764,8764,3.0746878110221587e-06,1.0,,,False,843.6212635829579
26765,8765,3.0730070648132823e-06,1.0,,,False,843.6861043330282
26766,8766,3.070174670938286e-06,1.0,,,False,843.7502781669609
26767,8767,3.0695209716213867e-06,1.0,,,False,843.8188225419726
26768,8768,3.066719727939926e-06,1.0,,,False,843.8877683328465
26769,8769,3.06643960357178e-06,1.0,,,False,843.9572470828425
26770,8770,3.064447582801222e-06,1.0,,,False,844.0217002918944
26771,8771,3.0642920592072187e-06,1.0,,,False,844.085101292003
26772,8772,3.0633270853286376e-06,1.0,,,False,844.1517395419069
26773,8773,3.0639184842584655e-06,1.0,,,False,844.2218816250097
26774,8774,3.0623932616435923e-06,1.0,,,False,844.2903963329736
26775,8775,3.0608994165959302e-06,1.0,,,False,844.3599039998371
26776,8776,3.058782795051229e-06,1.0,,,False,844.4262353328522
26777,8777,3.056230525544379e-06,1.0,,,False,844.4905909998342
26778,8778,3.0549545044777915e-06,1.0,,,False,844.5573053329717
26779,8779,3.0527446597261587e-06,1.0,,,False,844.6243657500017
26780,8780,3.051935891562607e-06,1.0,,,False,844.6883112078067
26781,8781,3.049725819437299e-06,1.0,,,False,844.7541899168864
26782,8782,3.04953914564976e-06,1.0,,,False,844.8234676669817
26783,8783,3.049818815270555e-06,1.0,,,False,844.8891655418556
26784,8784,3.0496321414830163e-06,1.0,,,False,844.9575089169666
26785,8785,3.048791768378578e-06,1.0,,,False,845.0228744170163
26786,8786,3.047266545763705e-06,1.0,,,False,845.0863877499942
26787,8787,3.0433136544161243e-06,1.0,,,False,845.1533019579947
26788,8788,3.0421308565564686e-06,1.0,,,False,845.2215650419239
26789,8789,3.039298917428823e-06,1.0,,,False,845.2854793330189
26790,8790,3.0374933430721285e-06,1.0,,,False,845.354272791883
26791,8791,3.036590669580619e-06,1.0,,,False,845.4212595419958
26792,8792,3.0354701721080346e-06,1.0,,,False,845.4878883748315
26793,8793,3.0346297990035964e-06,1.0,,,False,845.5516363750212
26794,8794,3.0334781513374764e-06,1.0,,,False,845.6370884578209
26795,8795,3.03525234812696e-06,1.0,,,False,845.7391951668542
26796,8796,3.0329179026011843e-06,1.0,,,False,845.8318583748769
26797,8797,3.032544327652431e-06,1.0,,,False,845.9289943748154
26798,8798,3.029774234164506e-06,1.0,,,False,846.0132417499553
26799,8799,3.028653736691922e-06,1.0,,,False,846.0820844578557
26800,8800,3.025510068255244e-06,1.0,0.9997762613267703,0.005190866267339837,False,846.2150782498065
26801,8801,3.0242961202020524e-06,1.0,,,False,846.2864307498094
26802,8802,3.0215260267141275e-06,1.0,,,False,846.3546209998894
26803,8803,3.0213709578674752e-06,1.0,,,False,846.4181862499099
26804,8804,3.0194723876775242e-06,1.0,,,False,846.4830140830018
26805,8805,3.0201881600078195e-06,1.0,,,False,846.5497507918626
26806,8806,3.018227289430797e-06,1.0,,,False,846.6172693329863
26807,8807,3.0193166367098456e-06,1.0,,,False,846.681479957886
26808,8808,3.015768470504554e-06,1.0,,,False,846.7430156248156
26809,8809,3.0160797450662358e-06,1.0,,,False,846.8081745828968
26810,8810,3.011286480614217e-06,1.0,,,False,846.8771405420266
26811,8811,3.0117844289634377e-06,1.0,,,False,846.9445259168278
26812,8812,3.0075825634412467e-06,1.0,,,False,847.0087932078168
26813,8813,3.0076757866481785e-06,1.0,,,False,847.0739126249682
26814,8814,3.0044700451981043e-06,1.0,,,False,847.1421379579697
26815,8815,3.0054036415094743e-06,1.0,,,False,847.2099259579554
26816,8816,3.002571247634478e-06,1.0,,,False,847.2783027919941
26817,8817,3.0040341698622797e-06,1.0,,,False,847.3442960828543
26818,8818,3.0021355996723287e-06,1.0,,,False,847.4090810418129
26819,8819,3.003380697919056e-06,1.0,,,False,847.4722632919438
26820,8820,3.0000189781276276e-06,1.0,,,False,847.5388499998953
26821,8821,2.9990230814291863e-06,1.0,,,False,847.6073027078528
26822,8822,2.9950078896945342e-06,1.0,,,False,847.6724913329817
26823,8823,2.9951013402751414e-06,1.0,,,False,847.7407873750199
26824,8824,2.9910549983469537e-06,1.0,,,False,847.8094485418405
26825,8825,2.991926749018603e-06,1.0,,,False,847.8762578328606
26826,8826,2.9883160550525645e-06,1.0,,,False,847.9452268329915
26827,8827,2.9897792046540417e-06,1.0,,,False,848.0111117919441
26828,8828,2.9864484076824738e-06,1.0,,,False,848.0810106249992
26829,8829,2.9880673082516296e-06,1.0,,,False,848.1464762918185
26830,8830,2.984083039336838e-06,1.0,,,False,848.207967541879
26831,8831,2.9848924896214157e-06,1.0,,,False,848.2728581668343
26832,8832,2.9804416499246145e-06,1.0,,,False,848.3415557499975
26833,8833,2.9807529244862963e-06,1.0,,,False,848.4072217498906
26834,8834,2.9771733807137934e-06,1.0,,,False,848.4757689579856
26835,8835,2.975803909066599e-06,1.0,,,False,848.5437239168677
26836,8836,2.9742477636318654e-06,1.0,,,False,848.6094044579659
26837,8837,2.9720999918936286e-06,1.0,,,False,848.6772781668697
26838,8838,2.972286893054843e-06,1.0,,,False,848.7450399578083
26839,8839,2.969890147141996e-06,1.0,,,False,848.8105142079294
26840,8840,2.970356945297681e-06,1.0,,,False,848.8775234578643
26841,8841,2.966435204143636e-06,1.0,,,False,848.9389838329516
26842,8842,2.9664663543371717e-06,1.0,,,False,849.0026513750199
26843,8843,2.967493628602824e-06,1.0,,,False,849.0668702498078
26844,8844,2.964723307741224e-06,1.0,,,False,849.1326888748445
26845,8845,2.9645989343407564e-06,1.0,,,False,849.2004655420315
26846,8846,2.960241317850887e-06,1.0,,,False,849.2609344169032
26847,8847,2.959930043289205e-06,1.0,,,False,849.3249775830191
26848,8848,2.9563818770839134e-06,1.0,,,False,849.389740082901
26849,8849,2.955417130579008e-06,1.0,,,False,849.4601525419857
26850,8850,2.9526468097174075e-06,1.0,,,False,849.5570886668283
26851,8851,2.952615886897547e-06,1.0,,,False,849.6518909579609
26852,8852,2.9505615657399176e-06,1.0,,,False,849.7471594579984
26853,8853,2.9510597414628137e-06,1.0,,,False,849.8425927078351
26854,8854,2.9500633900170214e-06,1.0,,,False,849.9384235418402
26855,8855,2.9492232442862587e-06,1.0,,,False,850.0317710828967
26856,8856,2.9472932965290966e-06,1.0,,,False,850.1243223329075
26857,8857,2.946079803223256e-06,1.0,,,False,850.2141676249448
26858,8858,2.9449900011968566e-06,1.0,,,False,850.3091222499497
26859,8859,2.943776507891016e-06,1.0,,,False,850.4020847498905
26860,8860,2.9406326120806625e-06,1.0,,,False,850.4961753748357
26861,8861,2.939356591014075e-06,1.0,,,False,850.5649382919073
26862,8862,2.93658649752615e-06,1.0,,,False,850.6326051249634
26863,8863,2.9375514714047313e-06,1.0,,,False,850.6983043330256
26864,8864,2.9346567771426635e-06,1.0,,,False,850.7650960828178
26865,8865,2.934594476755592e-06,1.0,,,False,850.8360082078725
26866,8866,2.9321979582164204e-06,1.0,,,False,850.9050891669467
26867,8867,2.933722953457618e-06,1.0,,,False,850.9742961248849
26868,8868,2.931326207544771e-06,1.0,,,False,851.0477169170044
26869,8869,2.9291786631802097e-06,1.0,,,False,851.111883791862
26870,8870,2.9263151191116776e-06,1.0,,,False,851.1788368748967
26871,8871,2.923731926784967e-06,1.0,,,False,851.2473732079379
26872,8872,2.9221132535894867e-06,1.0,,,False,851.3197366669774
26873,8873,2.9184093364165165e-06,1.0,,,False,851.3947520419024
26874,8874,2.9190630357334157e-06,1.0,,,False,851.4645103749353
26875,8875,2.91788023787376e-06,1.0,,,False,851.5327954168897
26876,8876,2.918596237577731e-06,1.0,,,False,851.5986514999531
26877,8877,2.9187829113652697e-06,1.0,,,False,851.6646420420147
26878,8878,2.9177870146668283e-06,1.0,,,False,851.7314335419796
26879,8879,2.915016693805228e-06,1.0,,,False,851.7973583748098
26880,8880,2.9143009214749327e-06,1.0,,,False,851.864453041926
26881,8881,2.910379180320888e-06,1.0,,,False,851.9280773329083
26882,8882,2.9090097086736932e-06,1.0,,,False,851.9922022919636
26883,8883,2.9061150144116255e-06,1.0,,,False,852.0595205000136
26884,8884,2.9059904136374826e-06,1.0,,,False,852.1263727080077
26885,8885,2.902535698012798e-06,1.0,,,False,852.1967222499661
26886,8886,2.9036561954853823e-06,1.0,,,False,852.2609764579684
26887,8887,2.901103925978532e-06,1.0,,,False,852.3268537078984
26888,8888,2.9029715733486228e-06,1.0,,,False,852.3927352919709
26889,8889,2.901290599766071e-06,1.0,,,False,852.4559973329306
26890,8890,2.901570724134217e-06,1.0,,,False,852.5237889999989
26891,8891,2.900605750255636e-06,1.0,,,False,852.5913747919258
26892,8892,2.8984895834582858e-06,1.0,,,False,852.6574242499191
26893,8893,2.8961549105588347e-06,1.0,,,False,852.7228256668895
26894,8894,2.892513293772936e-06,1.0,,,False,852.7890237919055
26895,8895,2.8919530450366437e-06,1.0,,,False,852.85826537502
26896,8896,2.887906703108456e-06,1.0,,,False,852.9214572918136
26897,8897,2.887004256990622e-06,1.0,,,False,852.9934491668828
26898,8898,2.884981086026528e-06,1.0,,,False,853.0605958749074
26899,8899,2.8846700388385216e-06,1.0,,,False,853.1266433750279
26900,8900,2.885012463593739e-06,1.0,0.9997762613267703,0.0051115841711214345,False,853.2592427500058
26901,8901,2.8850433864135994e-06,1.0,,,False,853.3267244999297
26902,8902,2.884327614083304e-06,1.0,,,False,853.3906801249832
26903,8903,2.8813083190470934e-06,1.0,,,False,853.4536667920183
26904,8904,2.8799079245800385e-06,1.0,,,False,853.5176462919917
26905,8905,2.8773865778930485e-06,1.0,,,False,853.581349457847
26906,8906,2.8740873858623672e-06,1.0,,,False,853.6491212078836
26907,8907,2.8732781629514648e-06,1.0,,,False,853.7161093750037
26908,8908,2.8698543701466406e-06,1.0,,,False,853.7814255419653
26909,8909,2.870476919270004e-06,1.0,,,False,853.8472208748572
26910,8910,2.867146577045787e-06,1.0,,,False,853.9137424998917
26911,8911,2.8688584734481992e-06,1.0,,,False,853.9768500418868
26912,8912,2.865839405785664e-06,1.0,,,False,854.0462107919157
26913,8913,2.8657771053985925e-06,1.0,,,False,854.114153167
26914,8914,2.864999032681226e-06,1.0,,,False,854.182332249824
26915,8915,2.8623533125937684e-06,1.0,,,False,854.2483477918431
26916,8916,2.8609215405595023e-06,1.0,,,False,854.316162624862
26917,8917,2.8566885248437757e-06,1.0,,,False,854.3820912078954
26918,8918,2.8548831778607564e-06,1.0,,,False,854.4641569999512
26919,8919,2.851708586604218e-06,1.0,,,False,854.5566806669813
26920,8920,2.851023737093783e-06,1.0,,,False,854.651589917019
26921,8921,2.8483159439929295e-06,1.0,,,False,854.74684454198
26922,8922,2.849405291271978e-06,1.0,,,False,854.8423626669683
26923,8923,2.847226596713881e-06,1.0,,,False,854.9376189999748
26924,8924,2.84741327050142e-06,1.0,,,False,855.0311591669451
26925,8925,2.844082928277203e-06,1.0,,,False,855.1240371668246
26926,8926,2.8435847525543068e-06,1.0,,,False,855.21904429188
26927,8927,2.840223260136554e-06,1.0,,,False,855.3157398328185
26928,8928,2.839943135768408e-06,1.0,,,False,855.4115408749785
26929,8929,2.8359590942272916e-06,1.0,,,False,855.5071477079764
26930,8930,2.8342783480184153e-06,1.0,,,False,855.6018664999865
26931,8931,2.831383881130023e-06,1.0,,,False,855.6956468748394
26932,8932,2.8286135602684226e-06,1.0,,,False,855.7910491668154
26933,8933,2.8270262646401534e-06,1.0,,,False,855.8875769579317
26934,8934,2.8265283162909327e-06,1.0,,,False,855.9820358748548
26935,8935,2.8256879431864945e-06,1.0,,,False,856.0833223329391
26936,8936,2.827275466188439e-06,1.0,,,False,856.1840292499401
26937,8937,2.82453652289405e-06,1.0,,,False,856.2846925000194
26938,8938,2.822357828335953e-06,1.0,,,False,856.3854761668481
26939,8939,2.8196186576678883e-06,1.0,,,False,856.4886683749501
26940,8940,2.8163506158307428e-06,1.0,,,False,856.5880285419989
26941,8941,2.81392271972436e-06,1.0,,,False,856.6885889580008
26942,8942,2.8112149266235065e-06,1.0,,,False,856.7886356669478
26943,8943,2.8104993816668866e-06,1.0,,,False,856.8855189578608
26944,8944,2.8086003567295847e-06,1.0,,,False,856.9818994170055
26945,8945,2.8082893095415784e-06,1.0,,,False,857.0754350000061
26946,8946,2.806483962558559e-06,1.0,,,False,857.1693009578157
26947,8947,2.8063907393516274e-06,1.0,,,False,857.2641320419498
26948,8948,2.803651568683563e-06,1.0,,,False,857.3714110830333
26949,8949,2.8021577236359008e-06,1.0,,,False,857.4762683329172
26950,8950,2.7989206046186155e-06,1.0,,,False,857.5763362080324
26951,8951,2.7965863864665153e-06,1.0,,,False,857.6666377498768
26952,8952,2.795372438413324e-06,1.0,,,False,857.7654342500027
26953,8953,2.791544147839886e-06,1.0,,,False,857.8677416248247
26954,8954,2.7916064482269576e-06,1.0,,,False,857.9516621248331
26955,8955,2.786844106594799e-06,1.0,,,False,858.0208129170351
26956,8956,2.787062157949549e-06,1.0,,,False,858.0897796249483
26957,8957,2.7848832360177767e-06,1.0,,,False,858.1615379999857
26958,8958,2.7848832360177767e-06,1.0,,,False,858.2304466250353
26959,8959,2.7833893909701146e-06,1.0,,,False,858.2968189998064
26960,8960,2.780743670882657e-06,1.0,,,False,858.3635144999716
26961,8961,2.780370095933904e-06,1.0,,,False,858.428519167006
26962,8962,2.7749233595386613e-06,1.0,,,False,858.492379375035
26963,8963,2.7753901576943463e-06,1.0,,,False,858.5584933748469
26964,8964,2.7711571419786196e-06,1.0,,,False,858.6240774169564
26965,8965,2.7707210392691195e-06,1.0,,,False,858.6931206248701
26966,8966,2.766052602964919e-06,1.0,,,False,858.7626115828753
26967,8967,2.7650567062664777e-06,1.0,,,False,858.8334617919754
26968,8968,2.762722260740702e-06,1.0,,,False,858.8999843329657
26969,8969,2.763157681329176e-06,1.0,,,False,858.9663983329665
26970,8970,2.7630646854959195e-06,1.0,,,False,859.0261037920136
26971,8971,2.762099484243663e-06,1.0,,,False,859.0926482919604
26972,8972,2.7577732453210047e-06,1.0,,,False,859.1601070829201
26973,8973,2.756777121248888e-06,1.0,,,False,859.224347082898
26974,8974,2.75291790785559e-06,1.0,,,False,859.2899900828488
26975,8975,2.752108457571012e-06,1.0,,,False,859.3554200418293
26976,8976,2.7486225917527918e-06,1.0,,,False,859.4240542920306
26977,8977,2.748186716416967e-06,1.0,,,False,859.4879143750295
26978,8978,2.7449186745798215e-06,1.0,,,False,859.5545730418526
26979,8979,2.7457590476842597e-06,1.0,,,False,859.6202973329928
26980,8980,2.7415883323556045e-06,1.0,,,False,859.6853220828343
26981,8981,2.7427709028415848e-06,1.0,,,False,859.7504854169674
26982,8982,2.7416194825491402e-06,1.0,,,False,859.8175340830348
26983,8983,2.73906721304229e-06,1.0,,,False,859.880465041846
26984,8984,2.738257762757712e-06,1.0,,,False,859.9476307919249
26985,8985,2.7353009954822483e-06,1.0,,,False,860.0138269998133
26986,8986,2.7341181976225926e-06,1.0,,,False,860.0835406668484
26987,8987,2.7304765808366938e-06,1.0,,,False,860.1498047919013
26988,8988,2.730632104430697e-06,1.0,,,False,860.2130467079114
26989,8989,2.726648290263256e-06,1.0,,,False,860.2733443328179
26990,8990,2.7277376375423046e-06,1.0,,,False,860.3408651668578
26991,8991,2.7243138447374804e-06,1.0,,,False,860.4043491249904
26992,8992,2.7264304662821814e-06,1.0,,,False,860.4721064998303
26993,8993,2.7236289952270454e-06,1.0,,,False,860.5395452079829
26994,8994,2.7241892439633375e-06,1.0,,,False,860.6083219998982
26995,8995,2.7230687464907533e-06,1.0,,,False,860.6743598750327
26996,8996,2.719676103879465e-06,1.0,,,False,860.7430346249603
26997,8997,2.7192716061108513e-06,1.0,,,False,860.8089084578678
26998,8998,2.7160033369000303e-06,1.0,,,False,860.873642707942
26999,8999,2.7142295948578976e-06,1.0,,,False,860.9350377079099
27000,9000,2.7119260721519822e-06,1.0,0.9995525226535407,0.005010884710494532,False,861.1446143328212
27001,9001,2.7109924758406123e-06,1.0,,,False,861.2796985828318
27002,9002,2.7098717509943526e-06,1.0,,,False,861.3720818748698
27003,9003,2.71043222710432e-06,1.0,,,False,861.4632384169381
27004,9004,2.7107123514724663e-06,1.0,,,False,861.5586734169628
27005,9005,2.7073197088611778e-06,1.0,,,False,861.6506374578457
27006,9006,2.706977056732285e-06,1.0,,,False,861.7466549579985
27007,9007,2.703397967707133e-06,1.0,,,False,861.8385169999674
27008,9008,2.701997118492727e-06,1.0,,,False,861.9330493749585
27009,9009,2.699662900340627e-06,1.0,,,False,862.0269591249526
27010,9010,2.6978575533576077e-06,1.0,,,False,862.1233672918752
27011,9011,2.6972663818014553e-06,1.0,,,False,862.2158915419132
27012,9012,2.6967370558850234e-06,1.0,,,False,862.3084328328259
27013,9013,2.696892806852702e-06,1.0,,,False,862.4028140418231
27014,9014,2.6940604129777057e-06,1.0,,,False,862.4976667920128
27015,9015,2.6943716875393875e-06,1.0,,,False,862.5898418328725
27016,9016,2.6920995424006833e-06,1.0,,,False,862.6804723748937
27017,9017,2.6913214696833165e-06,1.0,,,False,862.7736367918551
27018,9018,2.689733946681372e-06,1.0,,,False,862.8741497499868
27019,9019,2.6880843506660312e-06,1.0,,,False,862.9716846249066
27020,9020,2.6873374281422002e-06,1.0,,,False,863.068806707859
27021,9021,2.684224909899058e-06,1.0,,,False,863.1740429168567
27022,9022,2.683820184756769e-06,1.0,,,False,863.2783573328052
27023,9023,2.6809877908817725e-06,1.0,,,False,863.3487604998518
27024,9024,2.6812990654434543e-06,1.0,,,False,863.4169974578544
27025,9025,2.6789025469042826e-06,1.0,,,False,863.485986958025
27026,9026,2.6801474177773343e-06,1.0,,,False,863.5550716249272
27027,9027,2.6785289719555294e-06,1.0,,,False,863.6217906668317
27028,9028,2.678311147974455e-06,1.0,,,False,863.6882637499366
27029,9029,2.6780310236063087e-06,1.0,,,False,863.7583437499125
27030,9030,2.675136329344241e-06,1.0,,,False,863.825882082805
27031,9031,2.675416453712387e-06,1.0,,,False,863.8929370418191
27032,9032,2.6704053652792936e-06,1.0,,,False,863.9584665829316
27033,9033,2.670343064892222e-06,1.0,,,False,864.0283332499675
27034,9034,2.6668569717003265e-06,1.0,,,False,864.0930388330016
27035,9035,2.6665768473321805e-06,1.0,,,False,864.1625257078558
27036,9036,2.6650830022845184e-06,1.0,,,False,864.2291329579893
27037,9037,2.6645536763680866e-06,1.0,,,False,864.2990110828541
27038,9038,2.6651139251043787e-06,1.0,,,False,864.3667050418444
27039,9039,2.6637133032636484e-06,1.0,,,False,864.435133166844
27040,9040,2.6623749818099895e-06,1.0,,,False,864.5055853750091
27041,9041,2.660009386090678e-06,1.0,,,False,864.5757248329464
27042,9042,2.657114919202286e-06,1.0,,,False,864.6418186249211
27043,9043,2.657270442796289e-06,1.0,,,False,864.7115048749838
27044,9044,2.6530997274676338e-06,1.0,,,False,864.7782423328608
27045,9045,2.6537222765909974e-06,1.0,,,False,864.8463042078074
27046,9046,2.6498626084503485e-06,1.0,,,False,864.9140842920169
27047,9047,2.65107655650354e-06,1.0,,,False,864.9789134168532
27048,9048,2.646283292051521e-06,1.0,,,False,865.0415608750191
27049,9049,2.648026338647469e-06,1.0,,,False,865.1086902499665
27050,9050,2.644851520017255e-06,1.0,,,False,865.173231374938
27051,9051,2.6487421109777642e-06,1.0,,,False,865.2471571669448
27052,9052,2.6445090952620376e-06,1.0,,,False,865.3167683328502
27053,9053,2.6453806185600115e-06,1.0,,,False,865.3864142498933
27054,9054,2.6430773232277716e-06,1.0,,,False,865.4725661249831
27055,9055,2.640556203914457e-06,1.0,,,False,865.5746393748559
27056,9056,2.638502110130503e-06,1.0,,,False,865.67132566683
27057,9057,2.6366033125668764e-06,1.0,,,False,865.7666396668646
27058,9058,2.636167664604727e-06,1.0,,,False,865.8630581668112
27059,9059,2.6332418201491237e-06,1.0,,,False,865.9576226668432
27060,9060,2.6335219445172697e-06,1.0,,,False,866.0306014579255
27061,9061,2.6309696750104195e-06,1.0,,,False,866.1030157499481
27062,9062,2.632183623063611e-06,1.0,,,False,866.1764551668894
27063,9063,2.6304094262741273e-06,1.0,,,False,866.247966832947
27064,9064,2.6289776542398613e-06,1.0,,,False,866.318853457924
27065,9065,2.6285731564712478e-06,1.0,,,False,866.3951368748676
27066,9066,2.625118213472888e-06,1.0,,,False,866.4707932078745
27067,9067,2.627296908030985e-06,1.0,,,False,866.5456770418677
27068,9068,2.6219124720228137e-06,1.0,,,False,866.6139844169375
27069,9069,2.6227526177535765e-06,1.0,,,False,866.6848389578518
27070,9070,2.6178352072747657e-06,1.0,,,False,866.746269499883
27071,9071,2.6183020054304507e-06,1.0,,,False,866.8165476669092
27072,9072,2.614909362819162e-06,1.0,,,False,866.8885894999839
27073,9073,2.6161233108723536e-06,1.0,,,False,866.9571816248354
27074,9074,2.612450543892919e-06,1.0,,,False,867.0267678329255
27075,9075,2.613882315927185e-06,1.0,,,False,867.0956632918678
27076,9076,2.609773673611926e-06,1.0,,,False,867.1672307078261
27077,9077,2.6116724711755523e-06,1.0,,,False,867.2339600829873
27078,9078,2.6084667297254782e-06,1.0,,,False,867.2998839169741
27079,9079,2.612637217680458e-06,1.0,,,False,867.3692607500125
27080,9080,2.6083109787577996e-06,1.0,,,False,867.438308582874
27081,9081,2.607128180898144e-06,1.0,,,False,867.511089499807
27082,9082,2.6041088858619332e-06,1.0,,,False,867.5818609998096
27083,9083,2.602023869258119e-06,1.0,,,False,867.6539885420352
27084,9084,2.6000004709203495e-06,1.0,,,False,867.7286847499199
27085,9085,2.5977285531553207e-06,1.0,,,False,867.800806874875
27086,9086,2.597510729174246e-06,1.0,,,False,867.8757413749117
27087,9087,2.595612158984295e-06,1.0,,,False,867.9505242498126
27088,9088,2.59607895713998e-06,1.0,,,False,868.0242195418105
27089,9089,2.596390231701662e-06,1.0,,,False,868.0920024998486
27090,9090,2.592935288703302e-06,1.0,,,False,868.1582917079795
27091,9091,2.5926863145286916e-06,1.0,,,False,868.2313258748036
27092,9092,2.589200221336796e-06,1.0,,,False,868.3054629999679
27093,9093,2.590476469777059e-06,1.0,,,False,868.3759026669431
27094,9094,2.585091806395212e-06,1.0,,,False,868.4487784169614
27095,9095,2.586336677268264e-06,1.0,,,False,868.5191071669105
27096,9096,2.5811700652411673e-06,1.0,,,False,868.5894867498428
27097,9097,2.580921091066557e-06,1.0,,,False,868.659890916897
27098,9098,2.578897920102463e-06,1.0,,,False,868.7291304578539
27099,9099,2.5779640964174177e-06,1.0,,,False,868.7981799999252
27100,9100,2.578244220785564e-06,1.0,0.9994406533169258,0.004934439450013468,False,868.9432799578644
27101,9101,2.5789602204895345e-06,1.0,,,False,869.0124509998132
27102,9102,2.5767501483642263e-06,1.0,,,False,869.0833796248771
27103,9103,2.576314500402077e-06,1.0,,,False,869.1552780419588
27104,9104,2.5727351840032497e-06,1.0,,,False,869.2299989168532
27105,9105,2.5713966351759154e-06,1.0,,,False,869.2974205419887
27106,9106,2.5680662929516984e-06,1.0,,,False,869.3686115418095
27107,9107,2.5666349756647833e-06,1.0,,,False,869.4355828748085
27108,9108,2.564206852184725e-06,1.0,,,False,869.5029994999059
27109,9109,2.5628378352848813e-06,1.0,,,False,869.5718273329549
27110,9110,2.559506810939638e-06,1.0,,,False,869.6444635828957
27111,9111,2.5626820843172027e-06,1.0,,,False,869.7129481669981
27112,9112,2.557702146077645e-06,1.0,,,False,869.7806122079492
27113,9113,2.560658913353109e-06,1.0,,,False,869.851176166907
27114,9114,2.555118726377259e-06,1.0,,,False,869.9184310829733
27115,9115,2.5542160528857494e-06,1.0,,,False,869.9880187918898
27116,9116,2.5518506845401134e-06,1.0,,,False,870.0528520420194
27117,9117,2.549485088820802e-06,1.0,,,False,870.1237969170325
27118,9118,2.5483022909611464e-06,1.0,,,False,870.190380374901
27119,9119,2.5450342491240008e-06,1.0,,,False,870.2556323749013
27120,9120,2.544629523981712e-06,1.0,,,False,870.321997749852
27121,9121,2.5410502075828845e-06,1.0,,,False,870.389880792005
27122,9122,2.5405834094271995e-06,1.0,,,False,870.4609012498986
27123,9123,2.5390270366187906e-06,1.0,,,False,870.5307126250118
27124,9124,2.538715762057109e-06,1.0,,,False,870.5964275419246
27125,9125,2.5390581868123263e-06,1.0,,,False,870.661671416834
27126,9126,2.5356032438139664e-06,1.0,,,False,870.731128957821
27127,9127,2.5353854198328918e-06,1.0,,,False,870.8015130828135
27128,9128,2.5298761556769023e-06,1.0,,,False,870.8688623749185
27129,9129,2.5291915335401427e-06,1.0,,,False,870.9353793328628
27130,9130,2.5260790152970003e-06,1.0,,,False,871.0048031248152
27131,9131,2.5242113679269096e-06,1.0,,,False,871.0775857919361
27132,9132,2.5213792014255887e-06,1.0,,,False,871.1510993328411
27133,9133,2.521534725019592e-06,1.0,,,False,871.2198186668102
27134,9134,2.5188269319187384e-06,1.0,,,False,871.2883541248739
27135,9135,2.520351927159936e-06,1.0,,,False,871.3580768329557
27136,9136,2.517799657653086e-06,1.0,,,False,871.4285931249615
27137,9137,2.5171150355163263e-06,1.0,,,False,871.4984203749336
27138,9138,2.514904963391018e-06,1.0,,,False,871.5683549169917
27139,9139,2.5136600925179664e-06,1.0,,,False,871.6405212078243
27140,9140,2.5105166514549637e-06,1.0,,,False,871.7103827078827
27141,9141,2.508555553504266e-06,1.0,,,False,871.7799043748528
27142,9142,2.5056299364223378e-06,1.0,,,False,871.8480628749821
27143,9143,2.504353687982075e-06,1.0,,,False,871.9188043328468
27144,9144,2.502050392649835e-06,1.0,,,False,871.9876702078618
27145,9145,2.5003696464409586e-06,1.0,,,False,872.0591827079188
27146,9146,2.4993737497425172e-06,1.0,,,False,872.1281339579728
27147,9147,2.4982841750897933e-06,1.0,,,False,872.1958435419947
27148,9148,2.4961057079053717e-06,1.0,,,False,872.262929874938
27149,9149,2.495109583833255e-06,1.0,,,False,872.3282560419757
27150,9150,2.4952341846073978e-06,1.0,,,False,872.395506999921
27151,9151,2.495483158782008e-06,1.0,,,False,872.4596831668168
27152,9152,2.4930552626756253e-06,1.0,,,False,872.5264232079498
27153,9153,2.490347469574772e-06,1.0,,,False,872.5917979998048
27154,9154,2.488479822204681e-06,1.0,,,False,872.6585347498767
27155,9155,2.485367531335214e-06,1.0,,,False,872.7263506669551
27156,9156,2.4827529614412924e-06,1.0,,,False,872.7915809578262
27157,9157,2.481383489794098e-06,1.0,,,False,872.8640364578459
27158,9158,2.4792670956230722e-06,1.0,,,False,872.92997358297
27159,9159,2.4789558210613905e-06,1.0,,,False,872.998540374916
27160,9160,2.4765590751485433e-06,1.0,,,False,873.0669615829829
27161,9161,2.4778041733952705e-06,1.0,,,False,873.1319334998261
27162,9162,2.4752207536948845e-06,1.0,,,False,873.1997919168789
27163,9163,2.4744426809775177e-06,1.0,,,False,873.265898207901
27164,9164,2.473259883117862e-06,1.0,,,False,873.3344447920099
27165,9165,2.471828111083596e-06,1.0,,,False,873.4035384999588
27166,9166,2.4701473648747196e-06,1.0,,,False,873.4708497920074
27167,9167,2.4674704945937265e-06,1.0,,,False,873.5366878749337
27168,9168,2.465603074597311e-06,1.0,,,False,873.6028874998447
27169,9169,2.4632686290715355e-06,1.0,,,False,873.6716299578547
27170,9170,2.462864131302922e-06,1.0,,,False,873.7418840418104
27171,9171,2.4599694370408542e-06,1.0,,,False,873.8062485828996
27172,9172,2.4609964839328313e-06,1.0,,,False,873.8721642920282
27173,9173,2.4588800897618057e-06,1.0,,,False,873.9386219168082
27174,9174,2.4591602141299518e-06,1.0,,,False,874.0055183749646
27175,9175,2.4562032194808125e-06,1.0,,,False,874.0728326248936
27176,9176,2.457137043165858e-06,1.0,,,False,874.140214666957
27177,9177,2.457323716953397e-06,1.0,,,False,874.2038922919892
27178,9178,2.4554874471505173e-06,1.0,,,False,874.2699809169862
27179,9179,2.4541805032640696e-06,1.0,,,False,874.3366103749722
27180,9180,2.4509743070666445e-06,1.0,,,False,874.4081908748485
27181,9181,2.4500407107552746e-06,1.0,,,False,874.4777820829768
27182,9182,2.447612814648892e-06,1.0,,,False,874.5457930418197
27183,9183,2.447021415719064e-06,1.0,,,False,874.6131607079878
27184,9184,2.4447804207738955e-06,1.0,,,False,874.67799620796
27185,9185,2.445340896883863e-06,1.0,,,False,874.7447722498327
27186,9186,2.443659923301311e-06,1.0,,,False,874.8087903750129
27187,9187,2.443504399707308e-06,1.0,,,False,874.8740905418526
27188,9188,2.4417611257376848e-06,1.0,,,False,874.9388815418351
27189,9189,2.4424462026217952e-06,1.0,,,False,875.0031527078245
27190,9190,2.4401738301094156e-06,1.0,,,False,875.0700146248564
27191,9191,2.4399250833084807e-06,1.0,,,False,875.1361798329744
27192,9192,2.4380883587582503e-06,1.0,,,False,875.2023222499993
27193,9193,2.4363146167161176e-06,1.0,,,False,875.2678539999761
27194,9194,2.4349139948753873e-06,1.0,,,False,875.3354394580238
27195,9195,2.4329842744919006e-06,1.0,,,False,875.4013540418819
27196,9196,2.4320504508068552e-06,1.0,,,False,875.4648626248818
27197,9197,2.429933829262154e-06,1.0,,,False,875.5306494578253
27198,9198,2.4304940779984463e-06,1.0,,,False,875.5974397498649
27199,9199,2.42903138314432e-06,1.0,,,False,875.6675529170316
27200,9200,2.4301828034367645e-06,1.0,0.9995525226535407,0.004780933701484841,False,875.8047246669885
27201,9201,2.4274438601423753e-06,1.0,,,False,875.8739993749186
27202,9202,2.4279729586851317e-06,1.0,,,False,875.9408426249865
27203,9203,2.4255141397588886e-06,1.0,,,False,876.0081677499693
27204,9204,2.4242381186923012e-06,1.0,,,False,876.072602750035
27205,9205,2.422712896077428e-06,1.0,,,False,876.1373233329505
27206,9206,2.4204719011322595e-06,1.0,,,False,876.2041099579073
27207,9207,2.4198182018153602e-06,1.0,,,False,876.2700206248555
27208,9208,2.416954657746828e-06,1.0,,,False,876.3380840828177
27209,9209,2.416207735222997e-06,1.0,,,False,876.4027934169862
27210,9210,2.413935590084293e-06,1.0,,,False,876.4688682919368
27211,9211,2.4138732896972215e-06,1.0,,,False,876.5312729999423
27212,9212,2.4137800664902898e-06,1.0,,,False,876.5963439999614
27213,9213,2.4133130409609294e-06,1.0,,,False,876.6627983329818
27214,9214,2.4127527922246372e-06,1.0,,,False,876.7308813750278
27215,9215,2.4095159005810274e-06,1.0,,,False,876.796902957838
27216,9216,2.408706677670125e-06,1.0,,,False,876.8610265420284
27217,9217,2.4055007088463753e-06,1.0,,,False,876.9288284578361
27218,9218,2.4049093099165475e-06,1.0,,,False,876.9979971249122
27219,9219,2.4023258902161615e-06,1.0,,,False,877.0608659579884
27220,9220,2.4024504909903044e-06,1.0,,,False,877.1260015419684
27221,9221,2.4001471956580644e-06,1.0,,,False,877.1952895829454
27222,9222,2.399400045760558e-06,1.0,,,False,877.2586870000232
27223,9223,2.3983420760487206e-06,1.0,,,False,877.3262752080336
27224,9224,2.39855967265612e-06,1.0,,,False,877.3960005829576
27225,9225,2.397999651293503e-06,1.0,,,False,877.463149332907
27226,9226,2.3959453301358735e-06,1.0,,,False,877.5308202498127
27227,9227,2.3973771021701396e-06,1.0,,,False,877.5989390418399
27228,9228,2.3939533093653154e-06,1.0,,,False,877.6658019169699
27229,9229,2.392832811892731e-06,1.0,,,False,877.7326329578646
27230,9230,2.3903116925794166e-06,1.0,,,False,877.8000897918828
27231,9231,2.3886311737442156e-06,1.0,,,False,877.8668994170148
27232,9232,2.3870745735621313e-06,1.0,,,False,877.9314856249839
27233,9233,2.3850827801652486e-06,1.0,,,False,877.9976499578916
27234,9234,2.3839934328862e-06,1.0,,,False,878.0650245000143
27235,9235,2.3820637125027133e-06,1.0,,,False,878.1344152078964
27236,9236,2.3836196305637714e-06,1.0,,,False,878.2006874168292
27237,9237,2.381503463766421e-06,1.0,,,False,878.266212791903
27238,9238,2.381783360760892e-06,1.0,,,False,878.3358516669832
27239,9239,2.3794491426087916e-06,1.0,,,False,878.4034770829603
27240,9240,2.3780485207680613e-06,1.0,,,False,878.4726489169989
27241,9241,2.376243173785042e-06,1.0,,,False,878.5371322080027
27242,9242,2.3742202301946236e-06,1.0,,,False,878.6028940000106
27243,9243,2.372539483985747e-06,1.0,,,False,878.6733410828747
27244,9244,2.370422862441046e-06,1.0,,,False,878.7428015000187
27245,9245,2.370173888266436e-06,1.0,,,False,878.8090712078847
27246,9246,2.368275318076485e-06,1.0,,,False,878.876606957987
27247,9247,2.3672480438108323e-06,1.0,,,False,878.9427161668427
27248,9248,2.3661898467253195e-06,1.0,,,False,879.0093496248592
27249,9249,2.3663144474994624e-06,1.0,,,False,879.0691664170008
27250,9250,2.365660748182563e-06,1.0,,,False,879.1277620829642
27251,9251,2.3655361474084202e-06,1.0,,,False,879.1902019169647
27252,9252,2.364851752645336e-06,1.0,,,False,879.2550234168302
27253,9253,2.362703753533424e-06,1.0,,,False,879.3149533329997
27254,9254,2.3611789856659016e-06,1.0,,,False,879.3778632918838
27255,9255,2.359280188102275e-06,1.0,,,False,879.4429194168188
27256,9256,2.3565100946143502e-06,1.0,,,False,879.5076941249426
27257,9257,2.354984871999477e-06,1.0,,,False,879.5754031250253
27258,9258,2.352183855691692e-06,1.0,,,False,879.6423499998637
27259,9259,2.3503471311414614e-06,1.0,,,False,879.7057979169767
27260,9260,2.350160684727598e-06,1.0,,,False,879.7676208328921
27261,9261,2.3487598355131922e-06,1.0,,,False,879.8359613749199
27262,9262,2.3486666123062605e-06,1.0,,,False,879.903366916813
27263,9263,2.348790985706728e-06,1.0,,,False,880.0027305828407
27264,9264,2.3487912130804034e-06,1.0,,,False,880.1112271249294
27265,9265,2.3488842089136597e-06,1.0,,,False,880.208282624837
27266,9266,2.3464567675546277e-06,1.0,,,False,880.3027782919817
27267,9267,2.3453983430954395e-06,1.0,,,False,880.3965098329354
27268,9268,2.3414145289279986e-06,1.0,,,False,880.490907917032
27269,9269,2.3406676064041676e-06,1.0,,,False,880.5847028749995
27270,9270,2.3388622594211483e-06,1.0,,,False,880.6773824580014
27271,9271,2.3372126634058077e-06,1.0,,,False,880.768961291993
27272,9272,2.3366835648630513e-06,1.0,,,False,880.8634107499383
27273,9273,2.335033741474035e-06,1.0,,,False,880.9573464170098
27274,9274,2.3368079382635187e-06,1.0,,,False,881.0569395418279
27275,9275,2.3353761662292527e-06,1.0,,,False,881.1541144170333
27276,9276,2.33546961680986e-06,1.0,,,False,881.2482793328818
27277,9277,2.3346603938989574e-06,1.0,,,False,881.3438987918198
27278,9278,2.3320146738115e-06,1.0,,,False,881.433016957948
27279,9279,2.3324505491473246e-06,1.0,,,False,881.5285189580172
27280,9280,2.32877778216789e-06,1.0,,,False,881.6232271250337
27281,9281,2.328964455955429e-06,1.0,,,False,881.7162691669073
27282,9282,2.3256652639247477e-06,1.0,,,False,881.8087585829198
27283,9283,2.325820787518751e-06,1.0,,,False,881.8995592079591
27284,9284,2.3229883936437545e-06,1.0,,,False,881.9949902498629
27285,9285,2.3221480205393163e-06,1.0,,,False,882.0848197918385
27286,9286,2.320622797924443e-06,1.0,,,False,882.1795786248986
27287,9287,2.3225215954880696e-06,1.0,,,False,882.2736563750077
27288,9288,2.321494321222417e-06,1.0,,,False,882.3694879168179
27289,9289,2.321338797628414e-06,1.0,,,False,882.4648055420257
27290,9290,2.3191912532638526e-06,1.0,,,False,882.5566999169532
27291,9291,2.3171057819126872e-06,1.0,,,False,882.6465636668727
27292,9292,2.3164209324022522e-06,1.0,,,False,882.738673707936
27293,9293,2.3131840407586424e-06,1.0,,,False,882.8301441669464
27294,9294,2.3140555640566163e-06,1.0,,,False,882.9206622079946
27295,9295,2.3108807454264024e-06,1.0,,,False,883.0176040828228
27296,9296,2.3110053462005453e-06,1.0,,,False,883.1167962078471
27297,9297,2.308733201061841e-06,1.0,,,False,883.211721124826
27298,9298,2.308515149707091e-06,1.0,,,False,883.3116663750261
27299,9299,2.3075192530086497e-06,1.0,,,False,883.4132994578686
27300,9300,2.3077370769897243e-06,1.0,0.9997762613267703,0.004648433910782975,False,883.6229269169271
27301,9301,2.3077370769897243e-06,1.0,,,False,883.7246152500156
27302,9302,2.3077370769897243e-06,1.0,,,False,883.8277115828823
27303,9303,2.3065542791300686e-06,1.0,,,False,883.9321867919061
27304,9304,2.3043132841849e-06,1.0,,,False,884.0288589999545
27305,9305,2.303192786712316e-06,1.0,,,False,884.1334571249317
27306,9306,2.300982941960683e-06,1.0,,,False,884.2376158328261
27307,9307,2.300298092450248e-06,1.0,,,False,884.3401787499897
27308,9308,2.2972167244006414e-06,1.0,,,False,884.4429744170047
27309,9309,2.297559149155859e-06,1.0,,,False,884.5473483749665
27310,9310,2.2952870040171547e-06,1.0,,,False,884.656674250029
27311,9311,2.295660578965908e-06,1.0,,,False,884.7685197079554
27312,9312,2.2936997083888855e-06,1.0,,,False,884.8676984999329
27313,9313,2.293792931595817e-06,1.0,,,False,884.9634141668212
27314,9314,2.292237013534759e-06,1.0,,,False,885.0577043329831
27315,9315,2.2920812625670806e-06,1.0,,,False,885.1542330419179
27316,9316,2.2930148588784505e-06,1.0,,,False,885.2529024579562
27317,9317,2.2914898636372527e-06,1.0,,,False,885.3530365419574
27318,9318,2.288937821504078e-06,1.0,,,False,885.4591002918314
27319,9319,2.287256847921526e-06,1.0,,,False,885.5557287919801
27320,9320,2.2853580503578996e-06,1.0,,,False,885.6583745419048
27321,9321,2.2839262783236336e-06,1.0,,,False,885.7633667078335
27322,9322,2.283241656186874e-06,1.0,,,False,885.8635948328301
27323,9323,2.282681407450582e-06,1.0,,,False,885.9673271668144
27324,9324,2.28121848522278e-06,1.0,,,False,886.0693814579863
27325,9325,2.2805959360994166e-06,1.0,,,False,886.1639803329017
27326,9326,2.2794442884332966e-06,1.0,,,False,886.2587466249242
27327,9327,2.2781059669796377e-06,1.0,,,False,886.3524901669007
27328,9328,2.2776396235713037e-06,1.0,,,False,886.4477055829484
27329,9329,2.2805338630860206e-06,1.0,,,False,886.540927332826
27330,9330,2.2778883703722386e-06,1.0,,,False,886.6354598328471
27331,9331,2.277452495036414e-06,1.0,,,False,886.7301503748167
27332,9332,2.275740598634002e-06,1.0,,,False,886.8248719170224
27333,9333,2.2734377580491127e-06,1.0,,,False,886.9196146249305
27334,9334,2.2722861103829928e-06,1.0,,,False,887.0143758750055
27335,9335,2.270356389999506e-06,1.0,,,False,887.1094789579511
27336,9336,2.2708854885422625e-06,1.0,,,False,887.2049412080087
27337,9337,2.267741592731909e-06,1.0,,,False,887.3005693748128
27338,9338,2.268115167680662e-06,1.0,,,False,887.3934824168682
27339,9339,2.2659362457488896e-06,1.0,,,False,887.4952830418479
27340,9340,2.2668702968076104e-06,1.0,,,False,887.5931424580049
27341,9341,2.264784825456445e-06,1.0,,,False,887.6896036670078
27342,9342,2.2637889287580037e-06,1.0,,,False,887.7839826249983
27343,9343,2.263571104776929e-06,1.0,,,False,887.8791331669781
27344,9344,2.2612055090576177e-06,1.0,,,False,887.9742577918805
27345,9345,2.263944452352007e-06,1.0,,,False,888.0703662920278
27346,9346,2.260209384985501e-06,1.0,,,False,888.1652822499163
27347,9347,2.2614233330386924e-06,1.0,,,False,888.2589591669384
27348,9348,2.2569413431483554e-06,1.0,,,False,888.3535522918683
27349,9349,2.256038897030521e-06,1.0,,,False,888.4510171669535
27350,9350,2.253828824905213e-06,1.0,,,False,888.546467457898
27351,9351,2.2536423784913495e-06,1.0,,,False,888.6412664169911
27352,9352,2.2525218810187653e-06,1.0,,,False,888.7367885420099
27353,9353,2.2511524093715707e-06,1.0,,,False,888.8413881249726
27354,9354,2.2509655082103563e-06,1.0,,,False,888.9358208749909
27355,9355,2.2504364096676e-06,1.0,,,False,889.042915500002
27356,9356,2.2507474568556063e-06,1.0,,,False,889.1397446668707
27357,9357,2.2509964310302166e-06,1.0,,,False,889.2393013329711
27358,9358,2.247354814244318e-06,1.0,,,False,889.3378331668209
27359,9359,2.247541715405532e-06,1.0,,,False,889.4386280828621
27360,9360,2.244304596388247e-06,1.0,,,False,889.546838582959
27361,9361,2.2442736735683866e-06,1.0,,,False,889.6525842079427
27362,9362,2.24122322833864e-06,1.0,,,False,889.7569562499411
27363,9363,2.241752554255072e-06,1.0,,,False,889.8660167919006
27364,9364,2.239169134554686e-06,1.0,,,False,889.9652466669213
27365,9365,2.2406320567824878e-06,1.0,,,False,890.068953666836
27366,9366,2.2382353108696407e-06,1.0,,,False,890.1696489579044
27367,9367,2.239044533780543e-06,1.0,,,False,890.2677553328685
27368,9368,2.2360566163115436e-06,1.0,,,False,890.3679380419198
27369,9369,2.2364613414538326e-06,1.0,,,False,890.4665848750155
27370,9370,2.234251041954849e-06,1.0,,,False,890.5733567078132
27371,9371,2.233660097772372e-06,1.0,,,False,890.6655124579556
27372,9372,2.2327574242808623e-06,1.0,,,False,890.7735264578369
27373,9373,2.231636926808278e-06,1.0,,,False,890.8711230419576
27374,9374,2.2299561805994017e-06,1.0,,,False,890.9759578329977
27375,9375,2.228648781965603e-06,1.0,,,False,891.0818100420292
27376,9376,2.2259721390582854e-06,1.0,,,False,891.17951812502
27377,9377,2.2258163880906068e-06,1.0,,,False,891.2867769580334
27378,9378,2.2240110411075875e-06,1.0,,,False,891.3844703750219
27379,9379,2.224508989456808e-06,1.0,,,False,891.4902288329322
27380,9380,2.223108367616078e-06,1.0,,,False,891.5965223328676
27381,9381,2.223575165771763e-06,1.0,,,False,891.6928043749649
27382,9382,2.221551994807669e-06,1.0,,,False,891.787831292022
27383,9383,2.219497901023715e-06,1.0,,,False,891.8751251248177
27384,9384,2.2187507511262083e-06,1.0,,,False,891.9702155420091
27385,9385,2.21766140384716e-06,1.0,,,False,892.0654625419993
27386,9386,2.2191243260749616e-06,1.0,,,False,892.1588311670348
27387,9387,2.221209797426127e-06,1.0,,,False,892.2613888748456
27388,9388,2.216914481323329e-06,1.0,,,False,892.3524369169027
27389,9389,2.216696657342254e-06,1.0,,,False,892.4445522078313
27390,9390,2.212961589975748e-06,1.0,,,False,892.534577250015
27391,9391,2.212806066381745e-06,1.0,,,False,892.6263866669033
27392,9392,2.2087597244535573e-06,1.0,,,False,892.7149792078417
27393,9393,2.2083863768784795e-06,1.0,,,False,892.8092034999281
27394,9394,2.2060205537854927e-06,1.0,,,False,892.9014062078204
27395,9395,2.2062076823203824e-06,1.0,,,False,892.9965485830326
27396,9396,2.20496235669998e-06,1.0,,,False,893.0891975830309
27397,9397,2.2072347292123595e-06,1.0,,,False,893.180876582861
27398,9398,2.2063318283471745e-06,1.0,,,False,893.2750314169098
27399,9399,2.2057718069845578e-06,1.0,,,False,893.3637107498944
27400,9400,2.202596988354344e-06,1.0,0.9997762613267703,0.0045775144369942285,False,893.5390592080075
27401,9401,2.202036739618052e-06,1.0,,,False,893.6414042918477
27402,9402,2.198893298555049e-06,1.0,,,False,893.7328314578626
27403,9403,2.197492676714319e-06,1.0,,,False,893.8227518750355
27404,9404,2.1963721792417346e-06,1.0,,,False,893.9174855418969
27405,9405,2.1959986042929813e-06,1.0,,,False,894.0024571670219
27406,9406,2.1940688839094946e-06,1.0,,,False,894.0724759998266
27407,9407,2.19478465623979e-06,1.0,,,False,894.1609310419299
27408,9408,2.191889961977722e-06,1.0,,,False,894.2621265829075
27409,9409,2.191827888964326e-06,1.0,,,False,894.365744791925
27410,9410,2.1891198684897972e-06,1.0,,,False,894.4650417498779
27411,9411,2.189835868193768e-06,1.0,,,False,894.5575724998489
27412,9412,2.188684220527648e-06,1.0,,,False,894.6486412498634
27413,9413,2.1891198684897972e-06,1.0,,,False,894.7383432500064
27414,9414,2.1865052985958755e-06,1.0,,,False,894.8287711669691
27415,9415,2.1849803033546777e-06,1.0,,,False,894.9181895419024
27416,9416,2.1823034330736846e-06,1.0,,,False,895.013898416888
27417,9417,2.180062438128516e-06,1.0,,,False,895.0971488328651
27418,9418,2.1779148937639548e-06,1.0,,,False,895.166975916829
27419,9419,2.1767009457107633e-06,1.0,,,False,895.2351651249919
27420,9420,2.1758294224127894e-06,1.0,,,False,895.3014916249085
27421,9421,2.1753314740635687e-06,1.0,,,False,895.366194125032
27422,9422,2.1745222511526663e-06,1.0,,,False,895.4305572079029
27423,9423,2.173277152905939e-06,1.0,,,False,895.496493041981
27424,9424,2.172281256207498e-06,1.0,,,False,895.5659923749045
27425,9425,2.1720943550462835e-06,1.0,,,False,895.6344353328459
27426,9426,2.1730904791184003e-06,1.0,,,False,895.7022645829711
27427,9427,2.171285132135381e-06,1.0,,,False,895.771209416911
27428,9428,2.1694177121389657e-06,1.0,,,False,895.8403064168524
27429,9429,2.1674256913684076e-06,1.0,,,False,895.9053180420306
27430,9430,2.1646555978804827e-06,1.0,,,False,895.9746946250089
27431,9431,2.162321152354707e-06,1.0,,,False,896.0402728749905
27432,9432,2.1600801574095385e-06,1.0,,,False,896.1026151250117
27433,9433,2.1583682610071264e-06,1.0,,,False,896.1674153329805
27434,9434,2.1564385406236397e-06,1.0,,,False,896.2343920418061
27435,9435,2.1569364889728604e-06,1.0,,,False,896.3003841249738
27436,9436,2.1541663954849355e-06,1.0,,,False,896.3647044999525
27437,9437,2.154010644517257e-06,1.0,,,False,896.4274303750135
27438,9438,2.151738726752228e-06,1.0,,,False,896.4947199169546
27439,9439,2.151085027435329e-06,1.0,,,False,896.5622193748131
27440,9440,2.150493628505501e-06,1.0,,,False,896.6294917918276
27441,9441,2.1505247786990367e-06,1.0,,,False,896.6983011248522
27442,9442,2.1495909550139913e-06,1.0,,,False,896.761270249961
27443,9443,2.147754685211112e-06,1.0,,,False,896.8261261668522
27444,9444,2.144735390174901e-06,1.0,,,False,896.8907561248634
27445,9445,2.1424943952297326e-06,1.0,,,False,896.9577955419663
27446,9446,2.139599700967665e-06,1.0,,,False,897.0243868329562
27447,9447,2.137607907570782e-06,1.0,,,False,897.0927037920337
27448,9448,2.1370785816543503e-06,1.0,,,False,897.1598246670328
27449,9449,2.1351488612708636e-06,1.0,,,False,897.2277189169545
27450,9450,2.1342152649594937e-06,1.0,,,False,897.2936128748115
27451,9451,2.1326900423446205e-06,1.0,,,False,897.3582336669788
27452,9452,2.130667098754202e-06,1.0,,,False,897.4202587918844
27453,9453,2.1286437004164327e-06,1.0,,,False,897.4880474999081
27454,9454,2.1279279280861374e-06,1.0,,,False,897.5533194169402
27455,9455,2.128550477209501e-06,1.0,,,False,897.6243707919493
27456,9456,2.126185108863865e-06,1.0,,,False,897.6918731250335
27457,9457,2.1250023110042093e-06,1.0,,,False,897.7564623330254
27458,9458,2.121142870237236e-06,1.0,,,False,897.8273327499628
27459,9459,2.1198977719905088e-06,1.0,,,False,897.8925584168173
27460,9460,2.1165051293792203e-06,1.0,,,False,897.9594696669374
27461,9461,2.114917833750951e-06,1.0,,,False,898.0263869999908
27462,9462,2.113890786858974e-06,1.0,,,False,898.094836999895
27463,9463,2.1115563413331984e-06,1.0,,,False,898.1732775829732
27464,9464,2.1118053155078087e-06,1.0,,,False,898.2750588329509
27465,9465,2.1093464965815656e-06,1.0,,,False,898.376529000001
27466,9466,2.1086616470711306e-06,1.0,,,False,898.4778749579564
27467,9467,2.1065761757199652e-06,1.0,,,False,898.5819443329237
27468,9468,2.106047077177209e-06,1.0,,,False,898.6890381670091
27469,9469,2.1051446310593747e-06,1.0,,,False,898.7778729170095
27470,9470,2.1057981030025985e-06,1.0,,,False,898.8439164578449
27471,9471,2.1044597815489396e-06,1.0,,,False,898.9068942919839
27472,9472,2.102530061165453e-06,1.0,,,False,898.9703322078567
27473,9473,2.099915491271531e-06,1.0,,,False,899.0369184168521
27474,9474,2.09754989555222e-06,1.0,,,False,899.1025606668554
27475,9475,2.095153377013048e-06,1.0,,,False,899.1664401248563
27476,9476,2.093441480610636e-06,1.0,,,False,899.2313166249078
27477,9477,2.0926636352669448e-06,1.0,,,False,899.297121749958
27478,9478,2.0925388071191264e-06,1.0,,,False,899.3591399169527
27479,9479,2.091792111968971e-06,1.0,,,False,899.4256795828696
27480,9480,2.0907336875097826e-06,1.0,,,False,899.4893052920233
27481,9481,2.0900179151794873e-06,1.0,,,False,899.5585652498994
27482,9482,2.0882434910163283e-06,1.0,,,False,899.6281240419485
27483,9483,2.088959490720299e-06,1.0,,,False,899.6932092919014
27484,9484,2.0884303921775427e-06,1.0,,,False,899.7584942919202
27485,9485,2.0875900190731045e-06,1.0,,,False,899.8282064578962
27486,9486,2.0857225990766892e-06,1.0,,,False,899.8958018328995
27487,9487,2.083045728795696e-06,1.0,,,False,899.9624075829051
27488,9488,2.081085085592349e-06,1.0,,,False,900.0281497498509
27489,9489,2.0800578113266965e-06,1.0,,,False,900.0945571670309
27490,9490,2.0788440906471806e-06,1.0,,,False,900.1612196250353
27491,9491,2.0783459149242844e-06,1.0,,,False,900.223796374863
27492,9492,2.0772877178387716e-06,1.0,,,False,900.2895873750094
27493,9493,2.0773188680323074e-06,1.0,,,False,900.3574410828296
27494,9494,2.0765407953149406e-06,1.0,,,False,900.4242431249004
27495,9495,2.075326847261749e-06,1.0,,,False,900.491033207858
27496,9496,2.074112899208558e-06,1.0,,,False,900.5598384169862
27497,9497,2.0723700799862854e-06,1.0,,,False,900.6267521670088
27498,9498,2.072868028335506e-06,1.0,,,False,900.6933759578969
27499,9499,2.07373955163348e-06,1.0,,,False,900.7618951250333
27500,9500,2.070564733003266e-06,1.0,0.9997762613267703,0.004509652744709399,False,900.9066893749405
27501,9501,2.069537686111289e-06,1.0,,,False,900.9735733328853
27502,9502,2.0673587641795166e-06,1.0,,,False,901.0395950418897
27503,9503,2.066082743112929e-06,1.0,,,False,901.1096563749015
27504,9504,2.0641530227294425e-06,1.0,,,False,901.1694502078462
27505,9505,2.063405872831936e-06,1.0,,,False,901.2353878328577
27506,9506,2.0617562768165953e-06,1.0,,,False,901.3039853328373
27507,9507,2.0620364011847414e-06,1.0,,,False,901.3691139169969
27508,9508,2.0611028048733715e-06,1.0,,,False,901.4413800418843
27509,9509,2.062814473902108e-06,1.0,,,False,901.5278423328418
27510,9510,2.0600443804141833e-06,1.0,,,False,901.6190489169676
27511,9511,2.061787427010131e-06,1.0,,,False,901.7127096669283
27512,9512,2.059920007013716e-06,1.0,,,False,901.8072662078775
27513,9513,2.059484131677891e-06,1.0,,,False,901.9007587498054
27514,9514,2.05618493964721e-06,1.0,,,False,901.9936793749221
27515,9515,2.0566828879964305e-06,1.0,,,False,902.0893531669863
27516,9516,2.0540373952826485e-06,1.0,,,False,902.1781729578506
27517,9517,2.053383695965749e-06,1.0,,,False,902.2833149170037
27518,9518,2.0523564217000967e-06,1.0,,,False,902.3930996668059
27519,9519,2.051298224614584e-06,1.0,,,False,902.4915264169686
27520,9520,2.053290245385142e-06,1.0,,,False,902.5951078329235
27521,9521,2.051671799563337e-06,1.0,,,False,902.6979339169338
27522,9522,2.050831426458899e-06,1.0,,,False,902.8009631249588
27523,9523,2.051267074421048e-06,1.0,,,False,902.90564433299
27524,9524,2.051205001407652e-06,1.0,,,False,903.0081866248511
27525,9525,2.0514539755822625e-06,1.0,,,False,903.1159111668821
27526,9526,2.0493373540375615e-06,1.0,,,False,903.2117530419491
27527,9527,2.0494308046181686e-06,1.0,,,False,903.3094554999843
27528,9528,2.0467539343371755e-06,1.0,,,False,903.4028296668548
27529,9529,2.0469408354983898e-06,1.0,,,False,903.4971489999443
27530,9530,2.0454156128835166e-06,1.0,,,False,903.5911658329424
27531,9531,2.045758037638734e-06,1.0,,,False,903.6909154169261
27532,9532,2.044326265604468e-06,1.0,,,False,903.7844724999741
27533,9533,2.0447619135666173e-06,1.0,,,False,903.8781940420158
27534,9534,2.043174617938348e-06,1.0,,,False,903.972181082936
27535,9535,2.042987944150809e-06,1.0,,,False,904.0668628748972
27536,9536,2.041276047748397e-06,1.0,,,False,904.1622595000081
27537,9537,2.0399686491145985e-06,1.0,,,False,904.2565286250319
27538,9538,2.0386303276609397e-06,1.0,,,False,904.3522005418781
27539,9539,2.0389416022226214e-06,1.0,,,False,904.4439160828479
27540,9540,2.039003902609693e-06,1.0,,,False,904.5360155419912
27541,9541,2.0392528767843032e-06,1.0,,,False,904.6312575829215
27542,9542,2.0374786799948197e-06,1.0,,,False,904.7319135828875
27543,9543,2.038287902905722e-06,1.0,,,False,904.8300406248309
27544,9544,2.0384748040669365e-06,1.0,,,False,904.9214420828503
27545,9545,2.039719674939988e-06,1.0,,,False,905.0067720829975
27546,9546,2.0374786799948197e-06,1.0,,,False,905.073559124954
27547,9547,2.037447529801284e-06,1.0,,,False,905.1403368748724
27548,9548,2.035829083979479e-06,1.0,,,False,905.2042635828257
27549,9549,2.034957560681505e-06,1.0,,,False,905.2699298330117
27550,9550,2.0333079646661645e-06,1.0,,,False,905.3345506668556
27551,9551,2.032094016612973e-06,1.0,,,False,905.4029793329537
27552,9552,2.031565145443892e-06,1.0,,,False,905.4662955829408
27553,9553,2.0301331460359506e-06,1.0,,,False,905.5300146669615
27554,9554,2.030911446126993e-06,1.0,,,False,905.5935585419647
27555,9555,2.0299776224419475e-06,1.0,,,False,905.6559173748828
27556,9556,2.0305690213717753e-06,1.0,,,False,905.7206212079618
27557,9557,2.0281725028326036e-06,1.0,,,False,905.7877964170184
27558,9558,2.0306624719523825e-06,1.0,,,False,905.8558154169004
27559,9559,2.028328026426607e-06,1.0,,,False,905.9159595000092
27560,9560,2.028577000601217e-06,1.0,,,False,905.9819589578547
27561,9561,2.027830078077386e-06,1.0,,,False,906.0503431668039
27562,9562,2.026273705268977e-06,1.0,,,False,906.116771957837
27563,9563,2.0244685856596334e-06,1.0,,,False,906.1829612499569
27564,9564,2.0243439848854905e-06,1.0,,,False,906.2521775828209
27565,9565,2.022849912464153e-06,1.0,,,False,906.3230960830115
27566,9566,2.021884938585572e-06,1.0,,,False,906.3889369168319
27567,9567,2.0212937670294195e-06,1.0,,,False,906.452698082896
27568,9568,2.0205468445055885e-06,1.0,,,False,906.5355337499641
27569,9569,2.0197373942210106e-06,1.0,,,False,906.626785374945
27570,9570,2.019364046645933e-06,1.0,,,False,906.7262118749786
27571,9571,2.0187103473290335e-06,1.0,,,False,906.833162332885
27572,9572,2.017527549469378e-06,1.0,,,False,906.9314535418525
27573,9573,2.0176833004370565e-06,1.0,,,False,907.0258432079572
27574,9574,2.0164070519967936e-06,1.0,,,False,907.1334163749125
27575,9575,2.0202667201374425e-06,1.0,,,False,907.2248962079175
27576,9576,2.016749476752011e-06,1.0,,,False,907.3196645418648
27577,9577,2.0171542018943e-06,1.0,,,False,907.4103917079046
27578,9578,2.0131078599661123e-06,1.0,,,False,907.50537458295
27579,9579,2.013761331909336e-06,1.0,,,False,907.5983509579673
27580,9580,2.010680191233405e-06,1.0,,,False,907.6780710830353
27581,9581,2.010430989685119e-06,1.0,,,False,907.7441820828244
27582,9582,2.0088748442503856e-06,1.0,,,False,907.8107997078914
27583,9583,2.008283445320558e-06,1.0,,,False,907.876612749882
27584,9584,2.0081279217265546e-06,1.0,,,False,907.9440650418401
27585,9585,2.007100647460902e-06,1.0,,,False,908.0122601250187
27586,9586,2.0074430722161196e-06,1.0,,,False,908.0841435829643
27587,9587,2.0073184714419767e-06,1.0,,,False,908.1531982920133
27588,9588,2.006260274356464e-06,1.0,,,False,908.2243351668585
27589,9589,2.0067893728992203e-06,1.0,,,False,908.2916022078134
27590,9590,2.005202077270951e-06,1.0,,,False,908.3550674170256
27591,9591,2.0052955278515583e-06,1.0,,,False,908.4174624579027
27592,9592,2.0031789063068572e-06,1.0,,,False,908.4799707918428
27593,9593,2.000720087380614e-06,1.0,,,False,908.5490134579595
27594,9594,1.999008190978202e-06,1.0,,,False,908.6158492499962
27595,9595,1.9972339941887185e-06,1.0,,,False,908.683297457872
27596,9596,1.996300170503673e-06,1.0,,,False,908.748817167012
27597,9597,1.995584398173378e-06,1.0,,,False,908.8144101249054
27598,9598,1.994899548662943e-06,1.0,,,False,908.8783847920131
27599,9599,1.9952419734181603e-06,1.0,,,False,908.9640125418082
27600,9600,1.995833372347988e-06,1.0,0.9997762613267703,0.004460399780494582,False,909.1687558749691
27601,9601,1.995553247979842e-06,1.0,,,False,909.2784270418342
27602,9602,1.995117600017693e-06,1.0,,,False,909.3773535829969
27603,9603,1.995397724385839e-06,1.0,,,False,909.4750537918881
27604,9604,1.993249952647602e-06,1.0,,,False,909.5429057078436
27605,9605,1.992814304685453e-06,1.0,,,False,909.6100198749918
27606,9606,1.9902931853721384e-06,1.0,,,False,909.6790927918628
27607,9607,1.988238864214509e-06,1.0,,,False,909.738673707936
27608,9608,1.9859978692693403e-06,1.0,,,False,909.798435207922
27609,9609,1.984503796848003e-06,1.0,,,False,909.8628952919971
27610,9610,1.9836945739371004e-06,1.0,,,False,909.923531832872
27611,9611,1.982760750252055e-06,1.0,,,False,909.9857669170015
27612,9612,1.9820761281152954e-06,1.0,,,False,910.053615582874
27613,9613,1.9825429262709804e-06,1.0,,,False,910.1251394578721
27614,9614,1.983290076168487e-06,1.0,,,False,910.2170786249917
27615,9615,1.9813601284113247e-06,1.0,,,False,910.3097015419044
27616,9616,1.981266905204393e-06,1.0,,,False,910.4032760828268
27617,9617,1.9804265320999548e-06,1.0,,,False,910.4996066668537
27618,9618,1.9790259102592245e-06,1.0,,,False,910.6024766669143
27619,9619,1.9788078589044744e-06,1.0,,,False,910.703727416927
27620,9620,1.9755709672608646e-06,1.0,,,False,910.8093558750115
27621,9621,1.9733922727027675e-06,1.0,,,False,910.907868332928
27622,9622,1.972084874068969e-06,1.0,,,False,911.0099674169905
27623,9623,1.9700928532984108e-06,1.0,,,False,911.108898999868
27624,9624,1.969190179806901e-06,1.0,,,False,911.2109351248946
27625,9625,1.9684121070895344e-06,1.0,,,False,911.314459499903
27626,9626,1.966855961654801e-06,1.0,,,False,911.419916999992
27627,9627,1.966918034668197e-06,1.0,,,False,911.5264650420286
27628,9628,1.9671049358294113e-06,1.0,,,False,911.6309049169067
27629,9629,1.9667002106871223e-06,1.0,,,False,911.7328769168817
27630,9630,1.9663889361254405e-06,1.0,,,False,911.8391052079387
27631,9631,1.9663889361254405e-06,1.0,,,False,911.9447834580205
27632,9632,1.964646116903168e-06,1.0,,,False,912.0437462918926
27633,9633,1.9621870706032496e-06,1.0,,,False,912.1505168329459
27634,9634,1.959479277502396e-06,1.0,,,False,912.2507542918902
27635,9635,1.957642780325841e-06,1.0,,,False,912.3563839998096
27636,9636,1.9558065105229616e-06,1.0,,,False,912.4600062919781
27637,9637,1.9536589661584003e-06,1.0,,,False,912.5639738750178
27638,9638,1.952818593053962e-06,1.0,,,False,912.6713827918284
27639,9639,1.952631919266423e-06,1.0,,,False,912.7881625830196
27640,9640,1.952164893737063e-06,1.0,,,False,912.8905142918229
27641,9641,1.9524761682987446e-06,1.0,,,False,912.9904008328449
27642,9642,1.9511064692778746e-06,1.0,,,False,913.0899268328212
27643,9643,1.951791546161985e-06,1.0,,,False,913.1934436669108
27644,9644,1.9485541997710243e-06,1.0,,,False,913.3068870829884
27645,9645,1.948429826370557e-06,1.0,,,False,913.4072010829113
27646,9646,1.9455353594821645e-06,1.0,,,False,913.50834449986
27647,9647,1.9448193597781938e-06,1.0,,,False,913.5912615829147
27648,9648,1.9418002921156585e-06,1.0,,,False,913.6559815418441
27649,9649,1.939372623382951e-06,1.0,,,False,913.723435124848
27650,9650,1.9388432974665193e-06,1.0,,,False,913.7908632499166
27651,9651,1.9364467789273476e-06,1.0,,,False,913.8601252078079
27652,9652,1.9375049760128604e-06,1.0,,,False,913.9276227918454
27653,9653,1.935544105435838e-06,1.0,,,False,913.993235041853
27654,9654,1.937442675625789e-06,1.0,,,False,914.0608851669822
27655,9655,1.9355129552423023e-06,1.0,,,False,914.1334003750235
27656,9656,1.936291027959669e-06,1.0,,,False,914.203134041978
27657,9657,1.935388581841835e-06,1.0,,,False,914.2717459578998
27658,9658,1.9357619294169126e-06,1.0,,,False,914.3355904170312
27659,9659,1.934299007189111e-06,1.0,,,False,914.4010061249137
27660,9660,1.931217639139504e-06,1.0,,,False,914.4677875000052
27661,9661,1.9309998151584296e-06,1.0,,,False,914.5298822079785
27662,9662,1.92801189768943e-06,1.0,,,False,914.596378041897
27663,9663,1.9272026747785276e-06,1.0,,,False,914.6614731249865
27664,9664,1.9248993794462876e-06,1.0,,,False,914.7269094998483
27665,9665,1.9246504052716773e-06,1.0,,,False,914.7930280829314
27666,9666,1.9239657831349177e-06,1.0,,,False,914.8596392499749
27667,9667,1.9241524569224566e-06,1.0,,,False,914.921334041981
27668,9668,1.923810032167239e-06,1.0,,,False,914.9916487080045
27669,9669,1.9242456801293883e-06,1.0,,,False,915.0591065830085
27670,9670,1.924276830322924e-06,1.0,,,False,915.1247182500083
27671,9671,1.922689534694655e-06,1.0,,,False,915.1954996248242
27672,9672,1.921693410622538e-06,1.0,,,False,915.2624055829365
27673,9673,1.918082944030175e-06,1.0,,,False,915.3264334578998
27674,9674,1.917242570925737e-06,1.0,,,False,915.4173269579187
27675,9675,1.9154997517034644e-06,1.0,,,False,915.5091266669333
27676,9676,1.9157798760716105e-06,1.0,,,False,915.604655041825
27677,9677,1.9157487258780748e-06,1.0,,,False,915.6986088328995
27678,9678,1.9154997517034644e-06,1.0,,,False,915.7963432499673
27679,9679,1.9150015759805683e-06,1.0,,,False,915.8918504170142
27680,9680,1.9129784050164744e-06,1.0,,,False,915.9972638748586
27681,9681,1.914597078211955e-06,1.0,,,False,916.0970769168343
27682,9682,1.9141300526825944e-06,1.0,,,False,916.1967862499878
27683,9683,1.914347876663669e-06,1.0,,,False,916.2929655418266
27684,9684,1.9122003322991077e-06,1.0,,,False,916.3956448328681
27685,9685,1.9122003322991077e-06,1.0,,,False,916.4942099580076
27686,9686,1.9097726635664003e-06,1.0,,,False,916.593744082842
27687,9687,1.9093367882305756e-06,1.0,,,False,916.6876528328285
27688,9688,1.9071892438660143e-06,1.0,,,False,916.792134999996
27689,9689,1.9074693682341604e-06,1.0,,,False,916.8909729998559
27690,9690,1.9060688600802678e-06,1.0,,,False,916.9965411250014
27691,9691,1.9053840105698328e-06,1.0,,,False,917.0962494998239
27692,9692,1.9051351500820601e-06,1.0,,,False,917.2007563749794
27693,9693,1.9053840105698328e-06,1.0,,,False,917.3059840828646
27694,9694,1.9053529740631348e-06,1.0,,,False,917.408757291967
27695,9695,1.9032676163988071e-06,1.0,,,False,917.5087289998773
27696,9696,1.9056952851315145e-06,1.0,,,False,917.6009117499925
27697,9697,1.9033921034861123e-06,1.0,,,False,917.6950414169114
27698,9698,1.904356849991018e-06,1.0,,,False,917.7876169998199
27699,9699,1.9009021343663335e-06,1.0,,,False,917.8813082918059
27700,9700,1.9013999690287164e-06,1.0,0.9997762613267703,0.00443294477298431,False,918.0629887499381
27701,9701,1.8983187146659475e-06,1.0,,,False,918.1586927499156
27702,9702,1.8993769117514603e-06,1.0,,,False,918.2527886668686
27703,9703,1.8960154193337075e-06,1.0,,,False,918.3456651249435
27704,9704,1.897229367386899e-06,1.0,,,False,918.4422075829934
27705,9705,1.8944591602121363e-06,1.0,,,False,918.5368575828616
27706,9706,1.896357844088925e-06,1.0,,,False,918.6311251248699
27707,9707,1.8935876369141624e-06,1.0,,,False,918.7256929578725
27708,9708,1.89682464224461e-06,1.0,,,False,918.8200926668942
27709,9709,1.8962643935083179e-06,1.0,,,False,918.9130666668061
27710,9710,1.8958908185595647e-06,1.0,,,False,919.0079455419909
27711,9711,1.8935876369141624e-06,1.0,,,False,919.1009521668311
27712,9712,1.8924671394415782e-06,1.0,,,False,919.1940348749049
27713,9713,1.889479108285741e-06,1.0,,,False,919.2868604999967
27714,9714,1.8895725588663481e-06,1.0,,,False,919.3799852919765
27715,9715,1.8879539993577055e-06,1.0,,,False,919.473951957887
27716,9716,1.888856672849215e-06,1.0,,,False,919.5672314169351
27717,9717,1.8881719370256178e-06,1.0,,,False,919.6609472078271
27718,9718,1.8881719370256178e-06,1.0,,,False,919.7540407078341
27719,9719,1.8872069631470367e-06,1.0,,,False,919.8475610418245
27720,9720,1.8865533775169752e-06,1.0,,,False,919.9421489578672
27721,9721,1.887144776446803e-06,1.0,,,False,920.0366370419506
27722,9722,1.8851839058697806e-06,1.0,,,False,920.1303480828647
27723,9723,1.88527724276355e-06,1.0,,,False,920.2238534579519
27724,9724,1.8837209836419788e-06,1.0,,,False,920.3174810828641
27725,9725,1.8821647245204076e-06,1.0,,,False,920.411085832864
27726,9726,1.8814799886968103e-06,1.0,,,False,920.5087876250036
27727,9727,1.8796124550135573e-06,1.0,,,False,920.6068495418876
27728,9728,1.8781806829792913e-06,1.0,,,False,920.7108159998897
27729,9729,1.8769668486129376e-06,1.0,,,False,920.817100541899
27730,9730,1.8766867242447915e-06,1.0,,,False,920.9168150420301
27731,9731,1.8775582475427655e-06,1.0,,,False,921.0211365418509
27732,9732,1.8781806829792913e-06,1.0,,,False,921.1248643749859
27733,9733,1.8789588693834958e-06,1.0,,,False,921.2345052498858
27734,9734,1.8768735117191682e-06,1.0,,,False,921.3431162920315
27735,9735,1.8765310869639507e-06,1.0,,,False,921.4374897920061
27736,9736,1.8736365063887206e-06,1.0,,,False,921.5418955828063
27737,9737,1.8730762576524285e-06,1.0,,,False,921.646212332882
27738,9738,1.871146423582104e-06,1.0,,,False,921.7429354998749
27739,9739,1.8706173250393476e-06,1.0,,,False,921.8457326248754
27740,9740,1.8696524648476043e-06,1.0,,,False,921.946029207902
27741,9741,1.867971718638728e-06,1.0,,,False,922.0486744169611
27742,9742,1.8684385167944129e-06,1.0,,,False,922.1510844170116
27743,9743,1.8675671071832767e-06,1.0,,,False,922.2206461669412
27744,9744,1.8667266203920008e-06,1.0,,,False,922.2915682080202
27745,9745,1.8658552107808646e-06,1.0,,,False,922.3592101249378
27746,9746,1.8674425064091338e-06,1.0,,,False,922.4286296248902
27747,9747,1.8664154595171567e-06,1.0,,,False,922.4975947919302
27748,9748,1.8653571487448062e-06,1.0,,,False,922.5672508329153
27749,9749,1.8646101125341374e-06,1.0,,,False,922.6369182078633
27750,9750,1.8619956563270534e-06,1.0,,,False,922.7088339999318
27751,9751,1.8611552832226153e-06,1.0,,,False,922.8011029169429
27752,9752,1.8590076251712162e-06,1.0,,,False,922.9040271670092
27753,9753,1.8587275008030701e-06,1.0,,,False,923.0091628329828
27754,9754,1.8568289306131192e-06,1.0,,,False,923.1117421670351
27755,9755,1.8573580291558756e-06,1.0,,,False,923.2092935829423
27756,9756,1.8556149825599277e-06,1.0,,,False,923.3072110000066
27757,9757,1.8579804645924014e-06,1.0,,,False,923.4108979578596
27758,9758,1.8550235836300999e-06,1.0,,,False,923.5033879999537
27759,9759,1.8559574073151452e-06,1.0,,,False,923.5793769999873
27760,9760,1.8541832105256617e-06,1.0,,,False,923.664056457812
27761,9761,1.8540587234383565e-06,1.0,,,False,923.7589492918923
27762,9762,1.851381966844201e-06,1.0,,,False,923.8520507498179
27763,9763,1.8500124951970065e-06,1.0,,,False,923.9511905829422
27764,9764,1.848518422775669e-06,1.0,,,False,924.0476808329113
27765,9765,1.8468066400600947e-06,1.0,,,False,924.1366600829642
27766,9766,1.8460284536558902e-06,1.0,,,False,924.2212501249742
27767,9767,1.8441297697791015e-06,1.0,,,False,924.3047652079258
27768,9768,1.8434139974488062e-06,1.0,,,False,924.3924735418987
27769,9769,1.841702101046394e-06,1.0,,,False,924.481382207945
27770,9770,1.8433516970617347e-06,1.0,,,False,924.5704173329286
27771,9771,1.8406437902740436e-06,1.0,,,False,924.6637480829377
27772,9772,1.8416709508528584e-06,1.0,,,False,924.7631675419398
27773,9773,1.8403014792056638e-06,1.0,,,False,924.8625442078337
27774,9774,1.8401768784315209e-06,1.0,,,False,924.9695609579794
27775,9775,1.8376559864918818e-06,1.0,,,False,925.0628822918516
27776,9776,1.8360375406700769e-06,1.0,,,False,925.1407523329835
27777,9777,1.833547571550298e-06,1.0,,,False,925.2181194999721
27778,9778,1.8320846493224963e-06,1.0,,,False,925.2935727918521
27779,9779,1.8299369912710972e-06,1.0,,,False,925.366871249862
27780,9780,1.8284430325365975e-06,1.0,,,False,925.4390989169478
27781,9781,1.8266376855535782e-06,1.0,,,False,925.5123007919174
27782,9782,1.8254238511872245e-06,1.0,,,False,925.5833871248178
27783,9783,1.8249880895382375e-06,1.0,,,False,925.6567180419806
27784,9784,1.8258596128362115e-06,1.0,,,False,925.7285072919913
27785,9785,1.825486151574296e-06,1.0,,,False,925.8001177499536
27786,9786,1.8244589909954811e-06,1.0,,,False,925.871439332841
27787,9787,1.823182856242056e-06,1.0,,,False,925.9437197498046
27788,9788,1.8202571254732902e-06,1.0,,,False,926.0177509170026
27789,9789,1.8168955193686998e-06,1.0,,,False,926.0887514578644
27790,9790,1.8161485968448687e-06,1.0,,,False,926.1589134170208
27791,9791,1.8152770735468948e-06,1.0,,,False,926.2272905828431
27792,9792,1.8144678506359924e-06,1.0,,,False,926.31613908289
27793,9793,1.81309826530196e-06,1.0,,,False,926.3876764168963
27794,9794,1.81194661763584e-06,1.0,,,False,926.455038332846
27795,9795,1.8095189489031327e-06,1.0,,,False,926.522984958021
27796,9796,1.809923560358584e-06,1.0,,,False,926.5908761250321
27797,9797,1.809767923077743e-06,1.0,,,False,926.683608375024
27798,9798,1.809923560358584e-06,1.0,,,False,926.7753290829714
27799,9799,1.8078692392009543e-06,1.0,,,False,926.8701358749531
27800,9800,1.8055037571684807e-06,1.0,0.9997762613267703,0.004393228734851296,False,927.0512414998375
27801,9801,1.8029514876616304e-06,1.0,,,False,927.1476147079375
27802,9802,1.8013952285400592e-06,1.0,,,False,927.2420395419467
27803,9803,1.7994655081565725e-06,1.0,,,False,927.3396598328836
27804,9804,1.7985006479648291e-06,1.0,,,False,927.4351188750006
27805,9805,1.79750463757955e-06,1.0,,,False,927.5304324580356
27806,9806,1.7963218397198943e-06,1.0,,,False,927.6254767498467
27807,9807,1.7954814666154562e-06,1.0,,,False,927.7207199169789
27808,9808,1.7934272591446643e-06,1.0,,,False,927.8158118329011
27809,9809,1.7921511243912391e-06,1.0,,,False,927.9114264168311
27810,9810,1.7913729379870347e-06,1.0,,,False,928.0054993329104
27811,9811,1.7897234556585317e-06,1.0,,,False,928.0998725418467
27812,9812,1.7892252799356356e-06,1.0,,,False,928.1925307079218
27813,9813,1.7881360463434248e-06,1.0,,,False,928.285255332943
27814,9814,1.7863928860606393e-06,1.0,,,False,928.3786282499786
27815,9815,1.7828136833486496e-06,1.0,,,False,928.4762601249386
27816,9816,1.7817865227698348e-06,1.0,,,False,928.5770778749138
27817,9817,1.780043476173887e-06,1.0,,,False,928.669343541842
27818,9818,1.7787673414204619e-06,1.0,,,False,928.7633368750103
27819,9819,1.7776779941414134e-06,1.0,,,False,928.8547104999889
27820,9820,1.7760905848263064e-06,1.0,,,False,928.9498352918308
27821,9821,1.774845600266417e-06,1.0,,,False,929.0427437918261
27822,9822,1.7745966260918067e-06,1.0,,,False,929.1359080828261
27823,9823,1.772947030076466e-06,1.0,,,False,929.2362250830047
27824,9824,1.7736006157065276e-06,1.0,,,False,929.3325624580029
27825,9825,1.770643734744226e-06,1.0,,,False,929.4412751668133
27826,9826,1.7704569472698495e-06,1.0,,,False,929.5276898329612
27827,9827,1.7673756929070805e-06,1.0,,,False,929.5962972079869
27828,9828,1.7662239315541228e-06,1.0,,,False,929.6685777078383
27829,9829,1.7638897134020226e-06,1.0,,,False,929.7389574579429
27830,9830,1.762302190400078e-06,1.0,,,False,929.8096267078072
27831,9831,1.760839381859114e-06,1.0,,,False,929.8788235418033
27832,9832,1.760279019435984e-06,1.0,,,False,929.980853207875
27833,9833,1.7590029983693967e-06,1.0,,,False,930.0531369168311
27834,9834,1.7581937754584942e-06,1.0,,,False,930.118659083033
27835,9835,1.7566686665304587e-06,1.0,,,False,930.1900518748444
27836,9836,1.7562950915817055e-06,1.0,,,False,930.2753635828849
27837,9837,1.7555170188643388e-06,1.0,,,False,930.36854304187
27838,9838,1.7548948108014883e-06,1.0,,,False,930.4594199168496
27839,9839,1.7533072877995437e-06,1.0,,,False,930.5509509169497
27840,9840,1.7515021681901999e-06,1.0,,,False,930.6462344168685
27841,9841,1.749914758875093e-06,1.0,,,False,930.7382631669752
27842,9842,1.7476737639299245e-06,1.0,,,False,930.8299403330311
27843,9843,1.7477359506301582e-06,1.0,,,False,930.9208187079057
27844,9844,1.7441876707380288e-06,1.0,,,False,931.0238667498343
27845,9845,1.743409598020662e-06,1.0,,,False,931.1126637498382
27846,9846,1.7415419506505714e-06,1.0,,,False,931.2043312918395
27847,9847,1.7426315253032953e-06,1.0,,,False,931.298148291884
27848,9848,1.7416352875443408e-06,1.0,,,False,931.3895777079742
27849,9849,1.741261939969263e-06,1.0,,,False,931.4786422078032
27850,9850,1.7395811937603867e-06,1.0,,,False,931.5701663750224
27851,9851,1.7381805719196564e-06,1.0,,,False,931.661569791846
27852,9852,1.7365620124110137e-06,1.0,,,False,931.7550376669969
27853,9853,1.7358150898871827e-06,1.0,,,False,931.8472798748408
27854,9854,1.7339787063974654e-06,1.0,,,False,931.958232749952
27855,9855,1.733636281642248e-06,1.0,,,False,932.0530886668712
27856,9856,1.7317998981525307e-06,1.0,,,False,932.1505495000165
27857,9857,1.732733721837576e-06,1.0,,,False,932.2457947498187
27858,9858,1.7294032659265213e-06,1.0,,,False,932.3414574998897
27859,9859,1.7295900534008979e-06,1.0,,,False,932.4353231668938
27860,9860,1.7273800949624274e-06,1.0,,,False,932.5297852498479
27861,9861,1.7282205817537033e-06,1.0,,,False,932.6242749998346
27862,9862,1.727722519717645e-06,1.0,,,False,932.719184541842
27863,9863,1.7277848201047163e-06,1.0,,,False,932.8162002919707
27864,9864,1.7250146129299537e-06,1.0,,,False,932.9113401249051
27865,9865,1.7244543641936616e-06,1.0,,,False,933.0068478749599
27866,9866,1.7222756696355646e-06,1.0,,,False,933.101155082928
27867,9867,1.7203769857587758e-06,1.0,,,False,933.2002394169103
27868,9868,1.7198167370224837e-06,1.0,,,False,933.2940971669741
27869,9869,1.717918053145695e-06,1.0,,,False,933.3895021670032
27870,9870,1.717918053145695e-06,1.0,,,False,933.4825307079591
27871,9871,1.7165485814985004e-06,1.0,,,False,933.5766415419057
27872,9872,1.7159261460619746e-06,1.0,,,False,933.6698861250188
27873,9873,1.7153658973256825e-06,1.0,,,False,933.7649627919309
27874,9874,1.7126579905379913e-06,1.0,,,False,933.8590415830258
27875,9875,1.7120044049079297e-06,1.0,,,False,933.9573882080149
27876,9876,1.7101058347179787e-06,1.0,,,False,934.0512593749445
27877,9877,1.7121600421887706e-06,1.0,,,False,934.1458333330229
27878,9878,1.7114440424847999e-06,1.0,,,False,934.2415562078822
27879,9879,1.7103235450122156e-06,1.0,,,False,934.3373195419554
27880,9880,1.707024466668372e-06,1.0,,,False,934.4383150418289
27881,9881,1.706526290945476e-06,1.0,,,False,934.5356885418296
27882,9882,1.7032892856150283e-06,1.0,,,False,934.631340791937
27883,9883,1.7036005601767101e-06,1.0,,,False,934.725506916875
27884,9884,1.7019509641613695e-06,1.0,,,False,934.8176336248871
27885,9885,1.7017330264934571e-06,1.0,,,False,934.9168521249667
27886,9886,1.702760187072272e-06,1.0,,,False,935.0114922919311
27887,9887,1.702542476778035e-06,1.0,,,False,935.1176065828186
27888,9888,1.7013595652315416e-06,1.0,,,False,935.219118457986
27889,9889,1.6991809843602823e-06,1.0,,,False,935.3214492499828
27890,9890,1.6974688605841948e-06,1.0,,,False,935.4158275418449
27891,9891,1.6959751292233705e-06,1.0,,,False,935.4824177499395
27892,9892,1.6949167047641822e-06,1.0,,,False,935.550410958007
27893,9893,1.6941387457336532e-06,1.0,,,False,935.6186130419374
27894,9894,1.6932049220486078e-06,1.0,,,False,935.6857683330309
27895,9895,1.693578496997361e-06,1.0,,,False,935.7507432079874
27896,9896,1.6934538962232182e-06,1.0,,,False,935.8198749169242
27897,9897,1.6919599374887184e-06,1.0,,,False,935.8850766669493
27898,9898,1.6916484355533612e-06,1.0,,,False,935.9516101668123
27899,9899,1.689096507107024e-06,1.0,,,False,936.0494087918196
27900,9900,1.6901856270123972e-06,1.0,0.9997762613267703,0.004249852180966345,False,936.2742486668285
27901,9901,1.6893454812816344e-06,1.0,,,False,936.3708394998685
27902,9902,1.6886916682778974e-06,1.0,,,False,936.4695676669944
27903,9903,1.6878201449799235e-06,1.0,,,False,936.5709498748183
27904,9904,1.6858593880897388e-06,1.0,,,False,936.6763380418997
27905,9905,1.68511235187907e-06,1.0,,,False,936.7864827078301
27906,9906,1.6832760820761905e-06,1.0,,,False,936.8862997919787
27907,9907,1.6824043314045412e-06,1.0,,,False,936.987283000024
27908,9908,1.681377284512564e-06,1.0,,,False,937.0943347918801
27909,9909,1.6806925486889668e-06,1.0,,,False,937.2002920829691
27910,9910,1.6802880509203533e-06,1.0,,,False,937.3023368748836
27911,9911,1.680817035776272e-06,1.0,,,False,937.4045589580201
27912,9912,1.6794475641290774e-06,1.0,,,False,937.5120359999128
27913,9913,1.6792919268482365e-06,1.0,,,False,937.615228332812
27914,9914,1.6789808796602301e-06,1.0,,,False,937.7176773748361
27915,9915,1.6774243931649835e-06,1.0,,,False,937.8233119579963
27916,9916,1.6767085071478505e-06,1.0,,,False,937.9189621668775
27917,9917,1.6753390355006559e-06,1.0,,,False,938.0153493329417
27918,9918,1.6736582892917795e-06,1.0,,,False,938.1120650419034
27919,9919,1.6717285689082928e-06,1.0,,,False,938.2061108748894
27920,9920,1.6713238437660038e-06,1.0,,,False,938.2998805828393
27921,9921,1.6699543721188093e-06,1.0,,,False,938.3945273328573
27922,9922,1.6691451492079068e-06,1.0,,,False,938.4893888328224
27923,9923,1.6691453765815822e-06,1.0,,,False,938.5847705828492
27924,9924,1.6695809108568938e-06,1.0,,,False,938.6682934998535
27925,9925,1.6697989622116438e-06,1.0,,,False,938.7371329998132
27926,9926,1.6683048897903063e-06,1.0,,,False,938.8062690829393
27927,9927,1.6671845060045598e-06,1.0,,,False,938.8729425419588
27928,9928,1.665316858634469e-06,1.0,,,False,938.9410688749049
27929,9929,1.6628889625280863e-06,1.0,,,False,939.0114025420044
27930,9930,1.6617996152490377e-06,1.0,,,False,939.0782718749251
27931,9931,1.6605234804956126e-06,1.0,,,False,939.1462552079465
27932,9932,1.6592784959357232e-06,1.0,,,False,939.2147701249924
27933,9933,1.6585314597250544e-06,1.0,,,False,939.2820956248324
27934,9934,1.6570064644838567e-06,1.0,,,False,939.3488377500325
27935,9935,1.6567263401157106e-06,1.0,,,False,939.4178399578668
27936,9936,1.6550144437132985e-06,1.0,,,False,939.4872946250252
27937,9937,1.6563527651669574e-06,1.0,,,False,939.5564867500216
27938,9938,1.6552946817682823e-06,1.0,,,False,939.6296222920064
27939,9939,1.6536138218725682e-06,1.0,,,False,939.7030553750228
27940,9940,1.6525244745935197e-06,1.0,,,False,939.7676762919873
27941,9941,1.6494429928570753e-06,1.0,,,False,939.835909999907
27942,9942,1.648882857807621e-06,1.0,,,False,939.8999006669037
27943,9943,1.6467663499497576e-06,1.0,,,False,939.9675261669327
27944,9944,1.6466418628624524e-06,1.0,,,False,940.0339080828708
27945,9945,1.6454280284960987e-06,1.0,,,False,940.0964428328443
27946,9946,1.6443386812170502e-06,1.0,,,False,940.1616654579993
27947,9947,1.6435916450063814e-06,1.0,,,False,940.2282955828123
27948,9948,1.6430313962700893e-06,1.0,,,False,940.3019201250281
27949,9949,1.6417241113231285e-06,1.0,,,False,940.3695257499348
27950,9950,1.64063476404408e-06,1.0,,,False,940.4386142918374
27951,9951,1.6403857898694696e-06,1.0,,,False,940.5053541248199
27952,9952,1.6421598729721154e-06,1.0,,,False,940.5827015419491
27953,9953,1.642066536078346e-06,1.0,,,False,940.6493037499022
27954,9954,1.6409460386057617e-06,1.0,,,False,940.7187218749896
27955,9955,1.6388605672545964e-06,1.0,,,False,940.7924323750194
27956,9956,1.6374910956074018e-06,1.0,,,False,940.8648282499053
27957,9957,1.636152774153743e-06,1.0,,,False,940.9332600419875
27958,9958,1.6344408777513308e-06,1.0,,,False,941.00169012486
27959,9959,1.6340362662958796e-06,1.0,,,False,941.072819791967
27960,9960,1.6327601315424545e-06,1.0,,,False,941.1776323330123
27961,9961,1.632417706787237e-06,1.0,,,False,941.2688989578746
27962,9962,1.6321687326126266e-06,1.0,,,False,941.336745374836
27963,9963,1.6318574580509448e-06,1.0,,,False,941.4024052498862
27964,9964,1.6296164631057763e-06,1.0,,,False,941.4694980829954
27965,9965,1.6288072401948739e-06,1.0,,,False,941.5370933748782
27966,9966,1.6262549706880236e-06,1.0,,,False,941.6046209998894
27967,9967,1.625912545932806e-06,1.0,,,False,941.6734574998263
27968,9968,1.626348307581793e-06,1.0,,,False,941.7412002079654
27969,9969,1.6260058828265755e-06,1.0,,,False,941.8094315000344
27970,9970,1.6248853853539913e-06,1.0,,,False,941.8784332920332
27971,9971,1.6238271882684785e-06,1.0,,,False,941.9462788328528
27972,9972,1.621150431674323e-06,1.0,,,False,942.0171804998536
27973,9973,1.6208080069191055e-06,1.0,,,False,942.085621249862
27974,9974,1.6191895610973006e-06,1.0,,,False,942.1561218330171
27975,9975,1.6189404732358526e-06,1.0,,,False,942.2254950830247
27976,9976,1.616855115571525e-06,1.0,,,False,942.2956693749875
27977,9977,1.616699478290684e-06,1.0,,,False,942.364509082865
27978,9978,1.6169485661521321e-06,1.0,,,False,942.4304827498272
27979,9979,1.6141783589773695e-06,1.0,,,False,942.497195957927
27980,9980,1.6143651464517461e-06,1.0,,,False,942.5631594168954
27981,9981,1.6120307009259705e-06,1.0,,,False,942.6312653329223
27982,9982,1.6119685142257367e-06,1.0,,,False,942.6961617500056
27983,9983,1.6132446489791619e-06,1.0,,,False,942.7625571249519
27984,9984,1.612373125681188e-06,1.0,,,False,942.8275712919421
27985,9985,1.6121241515065776e-06,1.0,,,False,942.8958505829796
27986,9986,1.609603032193263e-06,1.0,,,False,942.9696102498565
27987,9987,1.6082957472463022e-06,1.0,,,False,943.0589063749649
27988,9988,1.6058056644396856e-06,1.0,,,False,943.1505941669457
27989,9989,1.6061169390013674e-06,1.0,,,False,943.2450515418313
27990,9990,1.604156068424345e-06,1.0,,,False,943.3378234580159
27991,9991,1.6035646694945171e-06,1.0,,,False,943.4303298329469
27992,9992,1.6040938817241113e-06,1.0,,,False,943.5267577918712
27993,9993,1.6035646694945171e-06,1.0,,,False,943.6322133748326
27994,9994,1.602257498234394e-06,1.0,,,False,943.7456366249826
27995,9995,1.6021328974602511e-06,1.0,,,False,943.8544020829722
27996,9996,1.5999853530956898e-06,1.0,,,False,943.9317804169841
27997,9997,1.600825726200128e-06,1.0,,,False,944.0203464578371
27998,9998,1.597806544850755e-06,1.0,,,False,944.1077421249356
27999,9999,1.5966860473781708e-06,1.0,,,False,944.2008042079397
28000,10000,1.5944139022394666e-06,1.0,0.9998881306633851,0.004200858162922899,False,944.381121416809
28001,10001,1.5940092907840153e-06,1.0,,,False,944.4964002498891
28002,10002,1.5926398191368207e-06,1.0,,,False,944.5931680828799
28003,10003,1.593044430592272e-06,1.0,,,False,944.6949513328727
28004,10004,1.592172907294298e-06,1.0,,,False,944.797281249892
28005,10005,1.5925153320495156e-06,1.0,,,False,944.8992506249342
28006,10006,1.590305373611045e-06,1.0,,,False,945.0005220829044
28007,10007,1.588873601576779e-06,1.0,,,False,945.097051832825
28008,10008,1.5893716636128374e-06,1.0,,,False,945.1875294579659
28009,10009,1.5903677876849542e-06,1.0,,,False,945.2775136670098
28010,10010,1.5900563994364347e-06,1.0,,,False,945.3705837919842
28011,10011,1.5878466683716397e-06,1.0,,,False,945.4636844578199
28012,10012,1.5855121091590263e-06,1.0,,,False,945.5568158749957
28013,10013,1.5847029999349616e-06,1.0,,,False,945.6496541248634
28014,10014,1.5823062540221144e-06,1.0,,,False,945.7424894999713
28015,10015,1.5822440673218807e-06,1.0,,,False,945.8347747498192
28016,10016,1.580781145094079e-06,1.0,,,False,945.927153624827
28017,10017,1.580345383445092e-06,1.0,,,False,946.0277786250226
28018,10018,1.5787268239364494e-06,1.0,,,False,946.1289430828765
28019,10019,1.5789447616043617e-06,1.0,,,False,946.1923201668542
28020,10020,1.577264129082323e-06,1.0,,,False,946.2577483749483
28021,10021,1.5765791658850503e-06,1.0,,,False,946.325099957874
28022,10022,1.5756767197672161e-06,1.0,,,False,946.3906352079939
28023,10023,1.5748050827824045e-06,1.0,,,False,946.4564075418748
28024,10024,1.574120460645645e-06,1.0,,,False,946.5216532079503
28025,10025,1.5718794657004764e-06,1.0,,,False,946.5873997078743
28026,10026,1.5699495179433143e-06,1.0,,,False,946.6576273329556
28027,10027,1.5693583463871619e-06,1.0,,,False,946.7230375828221
28028,10028,1.5686423466831911e-06,1.0,,,False,946.7939015419688
28029,10029,1.5682065850342042e-06,1.0,,,False,946.8651934999507
28030,10030,1.5675840359108406e-06,1.0,,,False,946.933181792032
28031,10031,1.5686734968767269e-06,1.0,,,False,947.0024735420011
28032,10032,1.5661523775634123e-06,1.0,,,False,947.0664827500004
28033,10033,1.565187517371669e-06,1.0,,,False,947.1283785828855
28034,10034,1.5625729474777472e-06,1.0,,,False,947.1936428328045
28035,10035,1.5637868955309386e-06,1.0,,,False,947.2588915829547
28036,10036,1.5642536936866236e-06,1.0,,,False,947.3256949170027
28037,10037,1.5633511338819517e-06,1.0,,,False,947.3903574168216
28038,10038,1.5613591131113935e-06,1.0,,,False,947.4610247078817
28039,10039,1.5584955690428615e-06,1.0,,,False,947.5263731249142
28040,10040,1.5569393099212903e-06,1.0,,,False,947.5956509578973
28041,10041,1.5550095895378035e-06,1.0,,,False,947.666817832971
28042,10042,1.5543871541012777e-06,1.0,,,False,947.7326380419545
28043,10043,1.5525507706115604e-06,1.0,,,False,947.7953114998527
28044,10044,1.5518659211011254e-06,1.0,,,False,947.8605580828153
28045,10045,1.551056698190223e-06,1.0,,,False,947.9276942079887
28046,10046,1.5505587498410023e-06,1.0,,,False,947.9869116249029
28047,10047,1.549905050524103e-06,1.0,,,False,948.0496878749691
28048,10048,1.5475395684916293e-06,1.0,,,False,948.1181283749174
28049,10049,1.5467925322809606e-06,1.0,,,False,948.1897888330277
28050,10050,1.5446760244230973e-06,1.0,,,False,948.2588941249996
28051,10051,1.5440224387930357e-06,1.0,,,False,948.3271603328176
28052,10052,1.5416570704473997e-06,1.0,,,False,948.3943910419475
28053,10053,1.5407232467623544e-06,1.0,,,False,948.4618497078773
28054,10054,1.5396651633636793e-06,1.0,,,False,948.5231907078996
28055,10055,1.5393537751151598e-06,1.0,,,False,948.5901535418816
28056,10056,1.5384823655040236e-06,1.0,,,False,948.6649506248068
28057,10057,1.5377663658000529e-06,1.0,,,False,948.7353406669572
28058,10058,1.5366770185210044e-06,1.0,,,False,948.8025350419339
28059,10059,1.5346229247370502e-06,1.0,,,False,948.8733622499276
28060,10060,1.5351829460996669e-06,1.0,,,False,948.94415749982
28061,10061,1.532630903966492e-06,1.0,,,False,949.0163631248288
28062,10062,1.5319461681428947e-06,1.0,,,False,949.089638749836
28063,10063,1.528895836599986e-06,1.0,,,False,949.1565885418095
28064,10064,1.5284600749509991e-06,1.0,,,False,949.2302119578235
28065,10065,1.5268726656358922e-06,1.0,,,False,949.3019985829014
28066,10066,1.5258144685503794e-06,1.0,,,False,949.369207666954
28067,10067,1.524849608358636e-06,1.0,,,False,949.4400174578186
28068,10068,1.5239780850606621e-06,1.0,,,False,949.5096355830319
28069,10069,1.5243205098158796e-06,1.0,,,False,949.5795178748667
28070,10070,1.5232000123432954e-06,1.0,,,False,949.6485310830176
28071,10071,1.5213946653602761e-06,1.0,,,False,949.7166604578961
28072,10072,1.5208032664304483e-06,1.0,,,False,949.7849881248549
28073,10073,1.5202120948742959e-06,1.0,,,False,949.85209866683
28074,10074,1.5181577737166663e-06,1.0,,,False,949.9207239998505
28075,10075,1.5169439393503126e-06,1.0,,,False,949.9897047500126
28076,10076,1.5153565300352057e-06,1.0,,,False,950.0558342079166
28077,10077,1.5143605196499266e-06,1.0,,,False,950.121993499808
28078,10078,1.5127731103348196e-06,1.0,,,False,950.1880173329264
28079,10079,1.5124619494599756e-06,1.0,,,False,950.2513140828814
28080,10080,1.5109678770386381e-06,1.0,,,False,950.3166857918259
28081,10081,1.5112168512132484e-06,1.0,,,False,950.3815790419467
28082,10082,1.5094427681106026e-06,1.0,,,False,950.4485907920171
28083,10083,1.5090381566551514e-06,1.0,,,False,950.5159514169209
28084,10084,1.5069527989908238e-06,1.0,,,False,950.6140514998697
28085,10085,1.5051474520078045e-06,1.0,,,False,950.7060005420353
28086,10086,1.504773990745889e-06,1.0,,,False,950.7945027498063
28087,10087,1.5008833997853799e-06,1.0,,,False,950.8851345828734
28088,10088,1.500758799011237e-06,1.0,,,False,950.974161791848
28089,10089,1.4979575553297764e-06,1.0,,,False,951.0676788748242
28090,10090,1.49742845678702e-06,1.0,,,False,951.1596355419606
28091,10091,1.4963702597015072e-06,1.0,,,False,951.2416907078587
28092,10092,1.4964324464017409e-06,1.0,,,False,951.308974375017
28093,10093,1.495841047471913e-06,1.0,,,False,951.37888095784
28094,10094,1.4950318245610106e-06,1.0,,,False,951.446279207943
28095,10095,1.4930086535969167e-06,1.0,,,False,951.5151189579628
28096,10096,1.4904563840900664e-06,1.0,,,False,951.5840355418622
28097,10097,1.4890247257426381e-06,1.0,,,False,951.6630207498092
28098,10098,1.487748590989213e-06,1.0,,,False,951.7329151669983
28099,10099,1.4868459174977033e-06,1.0,,,False,951.8024942500051
28100,10100,1.4850718343950575e-06,1.0,0.9997762613267703,0.004120392023899237,False,951.9513570419513
28101,10101,1.4851963214823627e-06,1.0,,,False,952.0586169168819
28102,10102,1.4838267361483304e-06,1.0,,,False,952.1627213750035
28103,10103,1.4827373888692819e-06,1.0,,,False,952.2520017079078
28104,10104,1.4818036788710742e-06,1.0,,,False,952.3368236250244
28105,10105,1.4793135960644577e-06,1.0,,,False,952.4439671668224
28106,10106,1.4776951502426527e-06,1.0,,,False,952.5548675418831
28107,10107,1.4761388911210815e-06,1.0,,,False,952.6650795829482
28108,10108,1.4756097925783251e-06,1.0,,,False,952.7632302499842
28109,10109,1.4753918549104128e-06,1.0,,,False,952.8522433750331
28110,10110,1.475796466365864e-06,1.0,,,False,952.9486158748623
28111,10111,1.474053533456754e-06,1.0,,,False,953.0452171249781
28112,10112,1.4715012639499037e-06,1.0,,,False,953.1443801249843
28113,10113,1.4706608908454655e-06,1.0,,,False,953.2428519579116
28114,10114,1.4685754194943001e-06,1.0,,,False,953.3366272079293
28115,10115,1.4672370980406413e-06,1.0,,,False,953.4322522080038
28116,10116,1.4649026525148656e-06,1.0,,,False,953.5262885419652
28117,10117,1.4649026525148656e-06,1.0,,,False,953.6204638748895
28118,10118,1.463688818148512e-06,1.0,,,False,953.7132884168532
28119,10119,1.4633775435868301e-06,1.0,,,False,953.8055078748148
28120,10120,1.4634708804805996e-06,1.0,,,False,953.8990217919927
28121,10121,1.4618835848523304e-06,1.0,,,False,953.9927258749958
28122,10122,1.4614790870837169e-06,1.0,,,False,954.0852900829632
28123,10123,1.4588955536964932e-06,1.0,,,False,954.1825912499335
28124,10124,1.4571837709809188e-06,1.0,,,False,954.2483962918632
28125,10125,1.4562187971023377e-06,1.0,,,False,954.3147187498398
28126,10126,1.4539778021571692e-06,1.0,,,False,954.3784712918568
28127,10127,1.4526705172102083e-06,1.0,,,False,954.4451974579133
28128,10128,1.451425532650319e-06,1.0,,,False,954.5127639998682
28129,10129,1.4499626104225172e-06,1.0,,,False,954.580316624837
28130,10130,1.4497447864414426e-06,1.0,,,False,954.647479374893
28131,10131,1.4473791907221312e-06,1.0,,,False,954.716125875013
28132,10132,1.4472858538283617e-06,1.0,,,False,954.7851869580336
28133,10133,1.4452627965511056e-06,1.0,,,False,954.8533198749647
28134,10134,1.4455739574259496e-06,1.0,,,False,954.918057249859
28135,10135,1.4448581850956543e-06,1.0,,,False,954.9855262918863
28136,10136,1.4435507864618558e-06,1.0,,,False,955.054121249821
28137,10137,1.4407496564672329e-06,1.0,,,False,955.1265231668949
28138,10138,1.439193283658824e-06,1.0,,,False,955.1970240829978
28139,10139,1.4368902157002594e-06,1.0,,,False,955.2643319580238
28140,10140,1.435396143278922e-06,1.0,,,False,955.3331776249688
28141,10141,1.4335909099827404e-06,1.0,,,False,955.4004105420318
28142,10142,1.433248485227523e-06,1.0,,,False,955.468403916806
28143,10143,1.4322214383355458e-06,1.0,,,False,955.5310629999731
28144,10144,1.4325948995974613e-06,1.0,,,False,955.5942897079512
28145,10145,1.4296691688286955e-06,1.0,,,False,955.6621844579931
28146,10146,1.4284241842688061e-06,1.0,,,False,955.7314043329097
28147,10147,1.427148049515381e-06,1.0,,,False,955.8010343329515
28148,10148,1.4252493656385923e-06,1.0,,,False,955.870404999936
28149,10149,1.4232261946744984e-06,1.0,,,False,955.9361453328747
28150,10150,1.4206740388544858e-06,1.0,,,False,956.0280242080335
28151,10151,1.4197713653629762e-06,1.0,,,False,956.1255549578927
28152,10152,1.4184329302224796e-06,1.0,,,False,956.1945434999652
28153,10153,1.4176860076986486e-06,1.0,,,False,956.2594370830338
28154,10154,1.4165343600325286e-06,1.0,,,False,956.3267939579673
28155,10155,1.4147913134365808e-06,1.0,,,False,956.3914595828392
28156,10156,1.4131105672277045e-06,1.0,,,False,956.4570962078869
28157,10157,1.4121768572294968e-06,1.0,,,False,956.5199261249509
28158,10158,1.4124880181043409e-06,1.0,,,False,956.5893425419927
28159,10159,1.4097802250034874e-06,1.0,,,False,956.6547602920327
28160,10160,1.4089708884057472e-06,1.0,,,False,956.7202915418893
28161,10161,1.4055472092877608e-06,1.0,,,False,956.7874257918447
28162,10162,1.4046133856027154e-06,1.0,,,False,956.8568685830105
28163,10163,1.402372390657547e-06,1.0,,,False,956.9189597920049
28164,10164,1.4013763802722679e-06,1.0,,,False,956.9880961249582
28165,10165,1.4010029190103523e-06,1.0,,,False,957.0578514579684
28166,10166,1.4008784319230472e-06,1.0,,,False,957.1248655000236
28167,10167,1.398886411152489e-06,1.0,,,False,957.1891726669855
28168,10168,1.3986996236781124e-06,1.0,,,False,957.2589363749139
28169,10169,1.3963963283458725e-06,1.0,,,False,957.3267567500006
28170,10170,1.3950268566986779e-06,1.0,,,False,957.3970804999117
28171,10171,1.3932216234024963e-06,1.0,,,False,957.4659149169456
28172,10172,1.3921944628236815e-06,1.0,,,False,957.5371190418955
28173,10173,1.3911984524384025e-06,1.0,,,False,957.6033322499134
28174,10174,1.3901402553528897e-06,1.0,,,False,957.6690140829887
28175,10175,1.3888329704059288e-06,1.0,,,False,957.7337024998851
28176,10176,1.3869964732293738e-06,1.0,,,False,957.7998468750156
28177,10177,1.3854713643013383e-06,1.0,,,False,957.866859999951
28178,10178,1.3842575299349846e-06,1.0,,,False,957.9341694170143
28179,10179,1.383323819936777e-06,1.0,,,False,958.0021212918218
28180,10180,1.3831370324624004e-06,1.0,,,False,958.0721502078231
28181,10181,1.3806470633426215e-06,1.0,,,False,958.13932499988
28182,10182,1.3806782135361573e-06,1.0,,,False,958.2049823328853
28183,10183,1.3780636436422355e-06,1.0,,,False,958.269439375028
28184,10184,1.3768186590823461e-06,1.0,,,False,958.3375748749822
28185,10185,1.375231363454077e-06,1.0,,,False,958.4050809168257
28186,10186,1.3741108659814927e-06,1.0,,,False,958.4729372079019
28187,10187,1.3730526688959799e-06,1.0,,,False,958.5436867498793
28188,10188,1.3712784721064963e-06,1.0,,,False,958.6093657079618
28189,10189,1.371029497931886e-06,1.0,,,False,958.6710023328196
28190,10190,1.3709360473512788e-06,1.0,,,False,958.7383289998397
28191,10191,1.3681658401765162e-06,1.0,,,False,958.8063417079393
28192,10192,1.3678857158083702e-06,1.0,,,False,958.8737490000203
28193,10193,1.3655202337758965e-06,1.0,,,False,958.9403512079734
28194,10194,1.3640574252349325e-06,1.0,,,False,959.0087547078729
28195,10195,1.3621277048514457e-06,1.0,,,False,959.1095229168423
28196,10196,1.3611316944661667e-06,1.0,,,False,959.2112274998799
28197,10197,1.3609137567982543e-06,1.0,,,False,959.3341957498342
28198,10198,1.3598867099062772e-06,1.0,,,False,959.4348542080261
28199,10199,1.3600423471871181e-06,1.0,,,False,959.5475804999005
28200,10200,1.3588283991339267e-06,1.0,0.9997762613267703,0.00395298638390673,False,959.7642026250251
28201,10201,1.3586728755399236e-06,1.0,,,False,959.8698970419355
28202,10202,1.356462917101453e-06,1.0,,,False,959.9707314579282
28203,10203,1.3569920156442095e-06,1.0,,,False,960.074028957868
28204,10204,1.3562762433139142e-06,1.0,,,False,960.1729673750233
28205,10205,1.355996118945768e-06,1.0,,,False,960.2780423329677
28206,10206,1.3541597354560508e-06,1.0,,,False,960.3902747079264
28207,10207,1.351980927211116e-06,1.0,,,False,960.4872782079037
28208,10208,1.3513895282812882e-06,1.0,,,False,960.5828711248469
28209,10209,1.3505180049833143e-06,1.0,,,False,960.6787612498738
28210,10210,1.3504246680895449e-06,1.0,,,False,960.7739432498347
28211,10211,1.349117383142584e-06,1.0,,,False,960.8714214169886
28212,10212,1.3493353208104963e-06,1.0,,,False,960.9627396250144
28213,10213,1.347965735476464e-06,1.0,,,False,961.0710472078063
28214,10214,1.3478100981956231e-06,1.0,,,False,961.1680592920166
28215,10215,1.3466274140228052e-06,1.0,,,False,961.2632767078467
28216,10216,1.3449466678139288e-06,1.0,,,False,961.356176750036
28217,10217,1.3453201290758443e-06,1.0,,,False,961.4483801668976
28218,10218,1.343483745586127e-06,1.0,,,False,961.5431297079194
28219,10219,1.3429857972369064e-06,1.0,,,False,961.6286689168774
28220,10220,1.3415540252026403e-06,1.0,,,False,961.7300367499702
28221,10221,1.340900325885741e-06,1.0,,,False,961.8318451668601
28222,10222,1.3398421288002282e-06,1.0,,,False,961.936696749879
28223,10223,1.3393752169577056e-06,1.0,,,False,962.0375140418764
28224,10224,1.3389394553087186e-06,1.0,,,False,962.1353857498616
28225,10225,1.3380679320107447e-06,1.0,,,False,962.2334102080204
28226,10226,1.3379745951169753e-06,1.0,,,False,962.3300671249162
28227,10227,1.3374766467677546e-06,1.0,,,False,962.4322933750227
28228,10228,1.3361070614337223e-06,1.0,,,False,962.5329086668789
28229,10229,1.335142201241979e-06,1.0,,,False,962.63115379191
28230,10230,1.3347687399800634e-06,1.0,,,False,962.7200840418227
28231,10231,1.3334926052266383e-06,1.0,,,False,962.7894173748791
28232,10232,1.333274667558726e-06,1.0,,,False,962.8579500420019
28233,10233,1.3321853202796774e-06,1.0,,,False,962.9277202498633
28234,10234,1.332838905909739e-06,1.0,,,False,962.9979332918301
28235,10235,1.332527745034895e-06,1.0,,,False,963.0626126669813
28236,10236,1.3327144188224338e-06,1.0,,,False,963.1259698749054
28237,10237,1.3301621493155835e-06,1.0,,,False,963.192934416933
28238,10238,1.3298820249474375e-06,1.0,,,False,963.2606395829935
28239,10239,1.3281390920383274e-06,1.0,,,False,963.331951207947
28240,10240,1.3277033303893404e-06,1.0,,,False,963.4012084170245
28241,10241,1.326458345829451e-06,1.0,,,False,963.4949085828848
28242,10242,1.3263960454423795e-06,1.0,,,False,963.5843287499156
28243,10243,1.3252755479697953e-06,1.0,,,False,963.6784266249742
28244,10244,1.325742459812318e-06,1.0,,,False,963.7694909579586
28245,10245,1.3235636515673832e-06,1.0,,,False,963.8658619578928
28246,10246,1.3235636515673832e-06,1.0,,,False,963.9600224578753
28247,10247,1.322007392445812e-06,1.0,,,False,964.0515112499706
28248,10248,1.3233768640930066e-06,1.0,,,False,964.1432153328788
28249,10249,1.3209491953602992e-06,1.0,,,False,964.2370576248504
28250,10250,1.321135869147838e-06,1.0,,,False,964.3312374579255
28251,10251,1.3188948742026696e-06,1.0,,,False,964.4264526669867
28252,10252,1.3181789881855366e-06,1.0,,,False,964.5216015828773
28253,10253,1.316373754889355e-06,1.0,,,False,964.617128332844
28254,10254,1.315377744504076e-06,1.0,,,False,964.7123106250074
28255,10255,1.3153465943105402e-06,1.0,,,False,964.806552332826
28256,10256,1.3154400448911474e-06,1.0,,,False,964.902117999969
28257,10257,1.315813506153063e-06,1.0,,,False,964.9963935830165
28258,10258,1.3151287703294656e-06,1.0,,,False,965.0894907079637
28259,10259,1.3129188118909951e-06,1.0,,,False,965.1842432080302
28260,10260,1.3109890915075084e-06,1.0,,,False,965.2785783750005
28261,10261,1.309028220930486e-06,1.0,,,False,965.3727341250051
28262,10262,1.30874809656234e-06,1.0,,,False,965.4668948748149
28263,10263,1.3077832363705966e-06,1.0,,,False,965.556968791876
28264,10264,1.3069740134596941e-06,1.0,,,False,965.6546148329508
28265,10265,1.305728915212967e-06,1.0,,,False,965.7502061668783
28266,10266,1.3069740134596941e-06,1.0,,,False,965.8442097918596
28267,10267,1.3058223657935741e-06,1.0,,,False,965.9407467499841
28268,10268,1.3050753295829054e-06,1.0,,,False,966.0373118750285
28269,10269,1.3047018683209899e-06,1.0,,,False,966.1289743329398
28270,10270,1.3029276715315063e-06,1.0,,,False,966.2256637918763
28271,10271,1.300531039305497e-06,1.0,,,False,966.3211652499158
28272,10272,1.2999397540625068e-06,1.0,,,False,966.413632666925
28273,10273,1.2986946558157797e-06,1.0,,,False,966.5032065829728
28274,10274,1.2981345207663253e-06,1.0,,,False,966.5985025418922
28275,10275,1.2967650491191307e-06,1.0,,,False,966.6937871249393
28276,10276,1.2969518365935073e-06,1.0,,,False,966.7861190829426
28277,10277,1.2964849247509846e-06,1.0,,,False,966.8820714999456
28278,10278,1.295177526117186e-06,1.0,,,False,966.9773044998292
28279,10279,1.2951153394169523e-06,1.0,,,False,967.072677582968
28280,10280,1.2932166555401636e-06,1.0,,,False,967.1642664170358
28281,10281,1.29374575408292e-06,1.0,,,False,967.2553621670231
28282,10282,1.2921894949613488e-06,1.0,,,False,967.354546707822
28283,10283,1.2911624480693717e-06,1.0,,,False,967.4467286670115
28284,10284,1.2891392771052779e-06,1.0,,,False,967.5376191248652
28285,10285,1.2881432667199988e-06,1.0,,,False,967.627035249956
28286,10286,1.2864937843914959e-06,1.0,,,False,967.7221705419943
28287,10287,1.2864937843914959e-06,1.0,,,False,967.813278082991
28288,10288,1.2858712352681323e-06,1.0,,,False,967.9101640000008
28289,10289,1.2872405932284892e-06,1.0,,,False,968.0045218330342
28290,10290,1.2871162198280217e-06,1.0,,,False,968.0985204169992
28291,10291,1.2855598470196128e-06,1.0,,,False,968.1914659580216
28292,10292,1.284470613427402e-06,1.0,,,False,968.2874336249661
28293,10293,1.2820116808143212e-06,1.0,,,False,968.3811726248823
28294,10294,1.2809223335352726e-06,1.0,,,False,968.4737612500321
28295,10295,1.2793660744137014e-06,1.0,,,False,968.5650922919158
28296,10296,1.2784945511157275e-06,1.0,,,False,968.6591224998701
28297,10297,1.277840965485666e-06,1.0,,,False,968.7544687499758
28298,10298,1.277405203836679e-06,1.0,,,False,968.837847791845
28299,10299,1.2770939292749972e-06,1.0,,,False,968.9049177919514
28300,10300,1.2761290690832539e-06,1.0,0.9997762613267703,0.003830127649428912,False,969.0395344998688
28301,10301,1.2749462712235982e-06,1.0,,,False,969.1058087078854
28302,10302,1.2748529343298287e-06,1.0,,,False,969.1663983748294
28303,10303,1.2747908613164327e-06,1.0,,,False,969.231239042012
28304,10304,1.2743238357870723e-06,1.0,,,False,969.2959862498101
28305,10305,1.2719273172479006e-06,1.0,,,False,969.3620734168217
28306,10306,1.2718337529804558e-06,1.0,,,False,969.4293812499382
28307,10307,1.2696551721091964e-06,1.0,,,False,969.4982800828293
28308,10308,1.2682855867751641e-06,1.0,,,False,969.5642161248252
28309,10309,1.2673830269704922e-06,1.0,,,False,969.6323088328354
28310,10310,1.2671027889155084e-06,1.0,,,False,969.6986344170291
28311,10311,1.2657956176553853e-06,1.0,,,False,969.7676245828625
28312,10312,1.266853814740898e-06,1.0,,,False,969.8334226668812
28313,10313,1.2643638456211193e-06,1.0,,,False,969.8972655418329
28314,10314,1.2630565606741584e-06,1.0,,,False,969.9616937078536
28315,10315,1.2610335033969022e-06,1.0,,,False,970.0288713749032
28316,10316,1.2597261047631036e-06,1.0,,,False,970.0968072919641
28317,10317,1.2590102187459706e-06,1.0,,,False,970.1862389580347
28318,10318,1.2584499700096785e-06,1.0,,,False,970.2809229579289
28319,10319,1.2563958762257244e-06,1.0,,,False,970.3766705829185
28320,10320,1.2568004876811756e-06,1.0,,,False,970.4707454580348
28321,10321,1.2556176898215199e-06,1.0,,,False,970.5648095828947
28322,10322,1.2555555031212862e-06,1.0,,,False,970.6583313329611
28323,10323,1.2521628605099977e-06,1.0,,,False,970.7546939998865
28324,10324,1.2536256690509617e-06,1.0,,,False,970.8458504169248
28325,10325,1.250108539352368e-06,1.0,,,False,970.9377825418487
28326,10326,1.2504821143011213e-06,1.0,,,False,971.0291942919139
28327,10327,1.2463112852856284e-06,1.0,,,False,971.1202633329667
28328,10328,1.2461247251849272e-06,1.0,,,False,971.216352541931
28329,10329,1.2440704040272976e-06,1.0,,,False,971.3122153750155
28330,10330,1.2438214298526873e-06,1.0,,,False,971.4100135830231
28331,10331,1.242171720150509e-06,1.0,,,False,971.505918999901
28332,10332,1.2435101552910055e-06,1.0,,,False,971.6039856248535
28333,10333,1.242202756657207e-06,1.0,,,False,971.7002973328345
28334,10334,1.2417671086950577e-06,1.0,,,False,971.7944764578715
28335,10335,1.2390592019073665e-06,1.0,,,False,971.8922704579309
28336,10336,1.237689730260172e-06,1.0,,,False,971.9863913329318
28337,10337,1.235791160070221e-06,1.0,,,False,972.0905137499794
28338,10338,1.234203750755114e-06,1.0,,,False,972.1985029999632
28339,10339,1.2331455536696012e-06,1.0,,,False,972.2984362919815
28340,10340,1.2326786418270785e-06,1.0,,,False,972.4077114579268
28341,10341,1.2319627558099455e-06,1.0,,,False,972.509086499922
28342,10342,1.2314957302805851e-06,1.0,,,False,972.6169963749126
28343,10343,1.2295661235839361e-06,1.0,,,False,972.7164236248937
28344,10344,1.2300328080527834e-06,1.0,,,False,972.8183203330263
28345,10345,1.226702579515404e-06,1.0,,,False,972.9203457080293
28346,10346,1.2265469422345632e-06,1.0,,,False,973.0216257499997
28347,10347,1.223994672727713e-06,1.0,,,False,973.1191207920201
28348,10348,1.2236833981660311e-06,1.0,,,False,973.2171323748771
28349,10349,1.2216914910823107e-06,1.0,,,False,973.3219174998812
28350,10350,1.2211000921524828e-06,1.0,,,False,973.4259264168795
28351,10351,1.2202597190480446e-06,1.0,,,False,973.5256824998651
28352,10352,1.2192014082756941e-06,1.0,,,False,973.6250157919712
28353,10353,1.2182676982774865e-06,1.0,,,False,973.714231541846
28354,10354,1.2185789728391683e-06,1.0,,,False,973.8111914999317
28355,10355,1.216773625856149e-06,1.0,,,False,973.915372707881
28356,10356,1.2166491387688438e-06,1.0,,,False,974.0174072079826
28357,10357,1.2137545581936138e-06,1.0,,,False,974.1175176249817
28358,10358,1.2125406101404224e-06,1.0,,,False,974.2209012499079
28359,10359,1.2100817912141792e-06,1.0,,,False,974.322416291805
28360,10360,1.2096460295651923e-06,1.0,,,False,974.4243437079713
28361,10361,1.2070626098648063e-06,1.0,,,False,974.5240851249546
28362,10362,1.206657998409355e-06,1.0,,,False,974.6266103750095
28363,10363,1.2058176253049169e-06,1.0,,,False,974.7296317080036
28364,10364,1.2059732625857578e-06,1.0,,,False,974.8338149578776
28365,10365,1.202922931042849e-06,1.0,,,False,974.933480624808
28366,10366,1.2027051070617745e-06,1.0,,,False,975.0323750418611
28367,10367,1.2011176977466675e-06,1.0,,,False,975.1298118748236
28368,10368,1.2011488479402033e-06,1.0,,,False,975.2363142080139
28369,10369,1.1985654282398173e-06,1.0,,,False,975.3323339999188
28370,10370,1.197694018628681e-06,1.0,,,False,975.4365389579907
28371,10371,1.1963555834881845e-06,1.0,,,False,975.5358114999253
28372,10372,1.1950794487347594e-06,1.0,,,False,975.6369464579038
28373,10373,1.1947059874728438e-06,1.0,,,False,975.73671095795
28374,10374,1.1939278010686394e-06,1.0,,,False,975.8372123748995
28375,10375,1.1926516663152142e-06,1.0,,,False,975.931579249911
28376,10376,1.1929317906833603e-06,1.0,,,False,976.0113844999578
28377,10377,1.1908464330190327e-06,1.0,,,False,976.0767439999618
28378,10378,1.189663635159377e-06,1.0,,,False,976.1421616668813
28379,10379,1.1865822671097703e-06,1.0,,,False,976.209928457858
28380,10380,1.1862088058478548e-06,1.0,,,False,976.2745303749107
28381,10381,1.18402999760292e-06,1.0,,,False,976.340431666933
28382,10382,1.1839055105156149e-06,1.0,,,False,976.4062223329674
28383,10383,1.1821002772194333e-06,1.0,,,False,976.470221583033
28384,10384,1.1828161632365664e-06,1.0,,,False,976.5365364998579
28385,10385,1.1811976037279237e-06,1.0,,,False,976.6020551249385
28386,10386,1.1802950439232518e-06,1.0,,,False,976.6693609168287
28387,10387,1.1793612202382064e-06,1.0,,,False,976.7332194168121
28388,10388,1.1785208471337683e-06,1.0,,,False,976.7996976668946
28389,10389,1.1779294482039404e-06,1.0,,,False,976.8671787078492
28390,10390,1.1768401009248919e-06,1.0,,,False,976.943702874938
28391,10391,1.1741633443307364e-06,1.0,,,False,977.0468878329266
28392,10392,1.1726693855962367e-06,1.0,,,False,977.1521267078351
28393,10393,1.1722336239472497e-06,1.0,,,False,977.2493907499593
28394,10394,1.17133095045574e-06,1.0,,,False,977.3471107499208
28395,10395,1.1709263390002889e-06,1.0,,,False,977.4426980828866
28396,10396,1.1708330021065194e-06,1.0,,,False,977.5365197919309
28397,10397,1.1708018519129837e-06,1.0,,,False,977.6384389579762
28398,10398,1.1703037898769253e-06,1.0,,,False,977.740299582947
28399,10399,1.1674092093016952e-06,1.0,,,False,977.8395884169731
28400,10400,1.1670979347400134e-06,1.0,0.9997762613267703,0.0038304541300590504,False,978.0629555829801
28401,10401,1.1645145150396274e-06,1.0,,,False,978.1708430419676
28402,10402,1.163705292128725e-06,1.0,,,False,978.2774802919012
28403,10403,1.1616199344643974e-06,1.0,,,False,978.3793412079103
28404,10404,1.161401996796485e-06,1.0,,,False,978.4797119579744
28405,10405,1.1614331469900208e-06,1.0,,,False,978.5795452918392
28406,10406,1.1630517064986634e-06,1.0,,,False,978.6790516248439
28407,10407,1.1606862244661897e-06,1.0,,,False,978.7782327919267
28408,10408,1.1598768878684496e-06,1.0,,,False,978.8836769168265
28409,10409,1.1580405043787323e-06,1.0,,,False,978.983965374995
28410,10410,1.1563286079763202e-06,1.0,,,False,979.0824550830293
28411,10411,1.156359758169856e-06,1.0,,,False,979.1851335000247
28412,10412,1.154336587205762e-06,1.0,,,False,979.2846749168821
28413,10413,1.154461187979905e-06,1.0,,,False,979.3804648749065
28414,10414,1.1523446801220416e-06,1.0,,,False,979.4749915418215
28415,10415,1.1527492915774928e-06,1.0,,,False,979.5606289578136
28416,10416,1.150570483332558e-06,1.0,,,False,979.6290945420042
28417,10417,1.1508194575071684e-06,1.0,,,False,979.6987497499213
28418,10418,1.1490142242109869e-06,1.0,,,False,979.7930199168622
28419,10419,1.149076638284896e-06,1.0,,,False,979.8862845418043
28420,10420,1.147862576544867e-06,1.0,,,False,979.9773671249859
28421,10421,1.147924990618776e-06,1.0,,,False,980.0731847079005
28422,10422,1.144812358688796e-06,1.0,,,False,980.1677079168148
28423,10423,1.1442521099525038e-06,1.0,,,False,980.2730862079188
28424,10424,1.1423845762692508e-06,1.0,,,False,980.3781680830289
28425,10425,1.1411707419028971e-06,1.0,,,False,980.4800960419234
28426,10426,1.1404548558857641e-06,1.0,,,False,980.5837275828235
28427,10427,1.1394589591873228e-06,1.0,,,False,980.6936367920134
28428,10428,1.1391475709388033e-06,1.0,,,False,980.8067900419701
28429,10429,1.1388053735572612e-06,1.0,,,False,980.9122022499796
28430,10430,1.1369378398740082e-06,1.0,,,False,980.9991016669665
28431,10431,1.1353503168720636e-06,1.0,,,False,981.0664815418422
28432,10432,1.1337318710502586e-06,1.0,,,False,981.1355738330167
28433,10433,1.1314907624182524e-06,1.0,,,False,981.1998256668448
28434,10434,1.1305883163004182e-06,1.0,,,False,981.2697819999885
28435,10435,1.1291565442661522e-06,1.0,,,False,981.3319288748316
28436,10436,1.1291565442661522e-06,1.0,,,False,981.3936958329286
28437,10437,1.1291252803857788e-06,1.0,,,False,981.4629732498433
28438,10438,1.128471808442555e-06,1.0,,,False,981.5271228749771
28439,10439,1.1278802958258893e-06,1.0,,,False,981.5940755419433
28440,10440,1.1266664614595356e-06,1.0,,,False,981.6641900828108
28441,10441,1.1243632798141334e-06,1.0,,,False,981.7525511248969
28442,10442,1.1232116321480135e-06,1.0,,,False,981.8515195418149
28443,10443,1.1220599844818935e-06,1.0,,,False,981.9520053330343
28444,10444,1.1206282124476274e-06,1.0,,,False,982.0554178329185
28445,10445,1.118978502745449e-06,1.0,,,False,982.1577011668123
28446,10446,1.1181070931343129e-06,1.0,,,False,982.2626589168794
28447,10447,1.1185428547832998e-06,1.0,,,False,982.3669208749197
28448,10448,1.1177024816788617e-06,1.0,,,False,982.4698135829531
28449,10449,1.1181382433278486e-06,1.0,,,False,982.5708001668099
28450,10450,1.1158349479956087e-06,1.0,,,False,982.66589879198
28451,10451,1.1148700878038653e-06,1.0,,,False,982.7649277499877
28452,10452,1.112753579946002e-06,1.0,,,False,982.8680331669748
28453,10453,1.1107927093689796e-06,1.0,,,False,982.9685061669443
28454,10454,1.1090808129665675e-06,1.0,,,False,983.0798152079806
28455,10455,1.1087695384048857e-06,1.0,,,False,983.1844824578147
28456,10456,1.1076803048126749e-06,1.0,,,False,983.2963367919438
28457,10457,1.107400066757691e-06,1.0,,,False,983.3988705829252
28458,10458,1.1064973932661815e-06,1.0,,,False,983.4993215419818
28459,10459,1.106559693653253e-06,1.0,,,False,983.5939020419028
28460,10460,1.1056570201617433e-06,1.0,,,False,983.6911997080315
28461,10461,1.1057815072490484e-06,1.0,,,False,983.7843815418892
28462,10462,1.103384875023039e-06,1.0,,,False,983.8850363749079
28463,10463,1.102637952499208e-06,1.0,,,False,983.9885499998927
28464,10464,1.0999613095918903e-06,1.0,,,False,984.0808619579766
28465,10465,1.0992453098879196e-06,1.0,,,False,984.1769962080289
28466,10466,1.097720200959884e-06,1.0,,,False,984.2738851248287
28467,10467,1.0975334134855075e-06,1.0,,,False,984.3681107920129
28468,10468,1.0965063665935304e-06,1.0,,,False,984.463691416895
28469,10469,1.0971911024171277e-06,1.0,,,False,984.559154749848
28470,10470,1.0950745945592644e-06,1.0,,,False,984.6544357079547
28471,10471,1.0957593303828617e-06,1.0,,,False,984.7481181668118
28472,10472,1.0940163974737516e-06,1.0,,,False,984.8431634169538
28473,10473,1.0914641279669013e-06,1.0,,,False,984.9381352078635
28474,10474,1.091526314667135e-06,1.0,,,False,985.0329737919383
28475,10475,1.0887250709856744e-06,1.0,,,False,985.127220749855
28476,10476,1.0874177860387135e-06,1.0,,,False,985.2224241669755
28477,10477,1.0870131745832623e-06,1.0,,,False,985.319463082822
28478,10478,1.0859549774977495e-06,1.0,,,False,985.4120552078821
28479,10479,1.084896666725399e-06,1.0,,,False,985.5101103750058
28480,10480,1.0853947287614574e-06,1.0,,,False,985.6062083749566
28481,10481,1.0844920552699477e-06,1.0,,,False,985.7027576249093
28482,10482,1.0841185940080322e-06,1.0,,,False,985.797053874936
28483,10483,1.082282210518315e-06,1.0,,,False,985.8895173750352
28484,10484,1.0818775990628637e-06,1.0,,,False,985.9787970830221
28485,10485,1.079543153537088e-06,1.0,,,False,986.0685712499544
28486,10486,1.0785782933453447e-06,1.0,,,False,986.1602712499443
28487,10487,1.0767730600491632e-06,1.0,,,False,986.2513806249481
28488,10488,1.0761816611193353e-06,1.0,,,False,986.3544828328304
28489,10489,1.0754034747151309e-06,1.0,,,False,986.4567291669082
28490,10490,1.074345277629618e-06,1.0,,,False,986.5465015829541
28491,10491,1.0742519407358486e-06,1.0,,,False,986.633516541915
28492,10492,1.0753724382084329e-06,1.0,,,False,986.738568249857
28493,10493,1.072477743946365e-06,1.0,,,False,986.8383780829608
28494,10494,1.0732869668572675e-06,1.0,,,False,986.9405580419116
28495,10495,1.0699566246330505e-06,1.0,,,False,987.0310905829538
28496,10496,1.0702367490011966e-06,1.0,,,False,987.13177550002
28497,10497,1.0675599924070411e-06,1.0,,,False,987.2319739169907
28498,10498,1.0669685934772133e-06,1.0,,,False,987.3340028328821
28499,10499,1.0657236089173239e-06,1.0,,,False,987.4381376248784
28500,10500,1.0654746347427135e-06,1.0,0.9996643919901554,0.003946572267775737,False,987.6267099578399
28501,10501,1.064354250956967e-06,1.0,,,False,987.7382001248188
28502,10502,1.0640117125149118e-06,1.0,,,False,987.8496916668955
28503,10503,1.0625800541674835e-06,1.0,,,False,987.9556672920007
28504,10504,1.0622688932926394e-06,1.0,,,False,988.0599918749649
28505,10505,1.0623310799928731e-06,1.0,,,False,988.1662183329463
28506,10506,1.0609927585392143e-06,1.0,,,False,988.2692265829537
28507,10507,1.0597476602924871e-06,1.0,,,False,988.3701906248461
28508,10508,1.057288841366244e-06,1.0,,,False,988.4645341248251
28509,10509,1.0565106549620396e-06,1.0,,,False,988.5601415419951
28510,10510,1.0552034837019164e-06,1.0,,,False,988.6692581670359
28511,10511,1.0553901574894553e-06,1.0,,,False,988.7695379168727
28512,10512,1.054985546034004e-06,1.0,,,False,988.8661096668802
28513,10513,1.0544564474912477e-06,1.0,,,False,988.9655328749213
28514,10514,1.0539273489484913e-06,1.0,,,False,989.0686445420142
28515,10515,1.0522154525460792e-06,1.0,,,False,989.1781647920143
28516,10516,1.0530246754569816e-06,1.0,,,False,989.2723247078247
28517,10517,1.050379069056362e-06,1.0,,,False,989.3650922919624
28518,10518,1.0512816288610338e-06,1.0,,,False,989.4558655000292
28519,10519,1.0479512866368168e-06,1.0,,,False,989.5538547500037
28520,10520,1.0473910379005247e-06,1.0,,,False,989.6489541670308
28521,10521,1.045461317517038e-06,1.0,,,False,989.7421635419596
28522,10522,1.0446831311128335e-06,1.0,,,False,989.8370101668406
28523,10523,1.0439360949021648e-06,1.0,,,False,989.9329539579339
28524,10524,1.0451500429553562e-06,1.0,,,False,990.0266464168672
28525,10525,1.0442785196573823e-06,1.0,,,False,990.1220539580099
28526,10526,1.0453678669364308e-06,1.0,,,False,990.2155167919118
28527,10527,1.0426289236420416e-06,1.0,,,False,990.3113237498328
28528,10528,1.0432825092721032e-06,1.0,,,False,990.4044307498261
28529,10529,1.0407925401523244e-06,1.0,,,False,990.4961903328076
28530,10530,1.0408858770460938e-06,1.0,,,False,990.5929629998282
28531,10531,1.0395164053988992e-06,1.0,,,False,990.6867144168355
28532,10532,1.0386448821009253e-06,1.0,,,False,990.7788912078831
28533,10533,1.0380534831710975e-06,1.0,,,False,990.8741019999143
28534,10534,1.0374620842412696e-06,1.0,,,False,990.9634538749233
28535,10535,1.036964135892049e-06,1.0,,,False,991.0297625418752
28536,10536,1.0376488717156462e-06,1.0,,,False,991.0945652499795
28537,10537,1.0354078767704777e-06,1.0,,,False,991.1608978328295
28538,10538,1.0355012136642472e-06,1.0,,,False,991.2272502498236
28539,10539,1.0332602187190787e-06,1.0,,,False,991.2936610418838
28540,10540,1.0328244570700917e-06,1.0,,,False,991.360820916947
28541,10541,1.0312370477549848e-06,1.0,,,False,991.4270742919762
28542,10542,1.0307702495992999e-06,1.0,,,False,991.4925718749873
28543,10543,1.0298052757207188e-06,1.0,,,False,991.5591682919767
28544,10544,1.0298675761077902e-06,1.0,,,False,991.6275437499862
28545,10545,1.0290893897035858e-06,1.0,,,False,991.6967275419738
28546,10546,1.0300543635821668e-06,1.0,,,False,991.7635061249603
28547,10547,1.0292139904777287e-06,1.0,,,False,991.8311218749732
28548,10548,1.0288404155289754e-06,1.0,,,False,991.8984605418518
28549,10549,1.027751068249927e-06,1.0,,,False,991.9650482079014
28550,10550,1.0255722600049921e-06,1.0,,,False,992.0340888330247
28551,10551,1.0234247156404308e-06,1.0,,,False,992.0990131248254
28552,10552,1.0222419177807751e-06,1.0,,,False,992.1671545829158
28553,10553,1.0211214203081909e-06,1.0,,,False,992.2354342499748
28554,10554,1.0223664048680803e-06,1.0,,,False,992.3015689998865
28555,10555,1.0210280834144214e-06,1.0,,,False,992.3660292078275
28556,10556,1.0217128192380187e-06,1.0,,,False,992.4319618749432
28557,10557,1.0205923217654345e-06,1.0,,,False,992.5030520418659
28558,10558,1.0215571819571778e-06,1.0,,,False,992.5971919579897
28559,10559,1.0193161870120093e-06,1.0,,,False,992.700537082972
28560,10560,1.0180089020650485e-06,1.0,,,False,992.805981582962
28561,10561,1.016950591292698e-06,1.0,,,False,992.9087938328739
28562,10562,1.0148652336283703e-06,1.0,,,False,993.01347733289
28563,10563,1.014336135085614e-06,1.0,,,False,993.1143402918242
28564,10564,1.0135580623682472e-06,1.0,,,False,993.2236194168217
28565,10565,1.0129355132448836e-06,1.0,,,False,993.3118762078229
28566,10566,1.0135890988749452e-06,1.0,,,False,993.386235332815
28567,10567,1.0132778243132634e-06,1.0,,,False,993.4574254169129
28568,10568,1.0128420626642765e-06,1.0,,,False,993.5536135418806
28569,10569,1.0114104043168481e-06,1.0,,,False,993.6573295418639
28570,10570,1.0105077308253385e-06,1.0,,,False,993.766130791977
28571,10571,1.008951585390605e-06,1.0,,,False,993.8754932498559
28572,10572,1.0082045491799363e-06,1.0,,,False,993.9825021249708
28573,10573,1.0073641760754981e-06,1.0,,,False,994.0805230420083
28574,10574,1.0069284144265112e-06,1.0,,,False,994.184253957821
28575,10575,1.0062436786029139e-06,1.0,,,False,994.2845686248038
28576,10576,1.0063993158837548e-06,1.0,,,False,994.3879074999131
28577,10577,1.0052166317109368e-06,1.0,,,False,994.4939640418161
28578,10578,1.0044072951131966e-06,1.0,,,False,994.5862972498871
28579,10579,1.0037224456027616e-06,1.0,,,False,994.6865187918302
28580,10580,1.0020106628871872e-06,1.0,,,False,994.7936171249021
28581,10581,1.000641077553155e-06,1.0,,,False,994.9040280829649
28582,10582,1.000890165414603e-06,1.0,,,False,994.9972781250253
28583,10583,9.99302756099496e-07,1.0,,,False,995.0931564169005
28584,10584,9.988981446440448e-07,1.0,,,False,995.1878086249344
28585,10585,9.981512221202138e-07,1.0,,,False,995.282978749834
28586,10586,9.993339062930318e-07,1.0,,,False,995.3798292498104
28587,10587,9.978087973649963e-07,1.0,,,False,995.4770382919814
28588,10588,9.977776471714606e-07,1.0,,,False,995.572396958014
28589,10589,9.95536652226292e-07,1.0,,,False,995.6680812078994
28590,10590,9.955055020327563e-07,1.0,,,False,995.763707124861
28591,10591,9.937625691236462e-07,1.0,,,False,995.8568019168451
28592,10592,9.933578439813573e-07,1.0,,,False,995.9548496250063
28593,10593,9.921751598085393e-07,1.0,,,False,996.0513045829721
28594,10594,9.90961211755348e-07,1.0,,,False,996.1554332079832
28595,10595,9.89903014669835e-07,1.0,,,False,996.2592759998515
28596,10596,9.90058651950676e-07,1.0,,,False,996.3567064579111
28597,10597,9.881288178803516e-07,1.0,,,False,996.454288541805
28598,10598,9.8977852758253e-07,1.0,,,False,996.5486638748553
28599,10599,9.883156053547282e-07,1.0,,,False,996.6445057080127
28600,10600,9.867281960396213e-07,1.0,0.9995525226535407,0.003915107257458707,False,996.8520706668496
28601,10601,9.855143616732676e-07,1.0,,,False,996.9469651668333
28602,10602,9.847673254625988e-07,1.0,,,False,997.044590207981
28603,10603,9.83273366728099e-07,1.0,,,False,997.1378310830332
28604,10604,9.829309419728816e-07,1.0,,,False,997.2385277498979
28605,10605,9.817792943067616e-07,1.0,,,False,997.3392212919425
28606,10606,9.833667036218685e-07,1.0,,,False,997.4338585829828
28607,10607,9.81997231974674e-07,1.0,,,False,997.535478041973
28608,10608,9.813436463446124e-07,1.0,,,False,997.6319760419428
28609,10609,9.79413812274288e-07,1.0,,,False,997.7304176248144
28610,10610,9.787290764506906e-07,1.0,,,False,997.8223461250309
28611,10611,9.779820402400219e-07,1.0,,,False,997.9170575828757
28612,10612,9.761146202436066e-07,1.0,,,False,998.0118129169568
28613,10613,9.763324442246812e-07,1.0,,,False,998.0806112918071
28614,10614,9.743715736476588e-07,1.0,,,False,998.1470764579717
28615,10615,9.755543715073145e-07,1.0,,,False,998.2273116668221
28616,10616,9.738735116116004e-07,1.0,,,False,998.3210021669511
28617,10617,9.732822263686103e-07,1.0,,,False,998.4136346669402
28618,10618,9.725973768581753e-07,1.0,,,False,998.5058513330296
28619,10619,9.71725967247039e-07,1.0,,,False,998.5986312499736
28620,10620,9.708232937555294e-07,1.0,,,False,998.692765166983
28621,10621,9.68582298810361e-07,1.0,,,False,998.7878800828476
28622,10622,9.681153869678383e-07,1.0,,,False,998.8815042078495
28623,10623,9.679908998805331e-07,1.0,,,False,998.9759323748294
28624,10624,9.66279003478121e-07,1.0,,,False,999.0746163749136
28625,10625,9.661233661972801e-07,1.0,,,False,999.1736915418878
28626,10626,9.664034905654262e-07,1.0,,,False,999.2733887080103
28627,10627,9.655319672674523e-07,1.0,,,False,999.3762004580349
28628,10628,9.657187547418289e-07,1.0,,,False,999.4752256670035
28629,10629,9.628552106732968e-07,1.0,,,False,999.5830482079182
28630,10630,9.632599358155858e-07,1.0,,,False,999.6768306249287
28631,10631,9.606765161151998e-07,1.0,,,False,999.7794569579419
28632,10632,9.60365241553518e-07,1.0,,,False,999.8744372078218
28633,10633,9.608321533960407e-07,1.0,,,False,999.9773125420325
28634,10634,9.595560186426155e-07,1.0,,,False,1000.0794914579019
28635,10635,9.582487336956547e-07,1.0,,,False,1000.186683167005
28636,10636,9.594315315553104e-07,1.0,,,False,1000.2835766668431
28637,10637,9.578441222402034e-07,1.0,,,False,1000.380279332865
28638,10638,9.582798838891904e-07,1.0,,,False,1000.484020707896
28639,10639,9.556342774885707e-07,1.0,,,False,1000.5916625829414
28640,10640,9.55883251663181e-07,1.0,,,False,1000.6983651248738
28641,10641,9.540780183669995e-07,1.0,,,False,1000.7953222920187
28642,10642,9.532375884191424e-07,1.0,,,False,1000.8872681248467
28643,10643,9.535799563309411e-07,1.0,,,False,1000.9776167918462
28644,10644,9.528329769636912e-07,1.0,,,False,1001.0712421250064
28645,10645,9.529574640509964e-07,1.0,,,False,1001.1635868749581
28646,10646,9.528018267701555e-07,1.0,,,False,1001.2564057498239
28647,10647,9.522104846837465e-07,1.0,,,False,1001.3517260418739
28648,10648,9.509031997367856e-07,1.0,,,False,1001.4476812498178
28649,10649,9.495959716332436e-07,1.0,,,False,1001.54191166698
28650,10650,9.487244483352697e-07,1.0,,,False,1001.6356007079594
28651,10651,9.483198368798185e-07,1.0,,,False,1001.7252702498809
28652,10652,9.475417073190329e-07,1.0,,,False,1001.8149003749713
28653,10653,9.462655725656077e-07,1.0,,,False,1001.9073086669669
28654,10654,9.467324275647115e-07,1.0,,,False,1002.0002073328942
28655,10655,9.454562928112864e-07,1.0,,,False,1002.0949205418583
28656,10656,9.470747954765102e-07,1.0,,,False,1002.1885360828601
28657,10657,9.444602824260073e-07,1.0,,,False,1002.2834299169481
28658,10658,9.454251994611695e-07,1.0,,,False,1002.3794559168164
28659,10659,9.434331786906114e-07,1.0,,,False,1002.4753742499743
28660,10660,9.425305620425206e-07,1.0,,,False,1002.5698418328539
28661,10661,9.411610335519072e-07,1.0,,,False,1002.6650047078729
28662,10662,9.408186656401085e-07,1.0,,,False,1002.7628786668647
28663,10663,9.399160489920177e-07,1.0,,,False,1002.8576498748735
28664,10664,9.408497589902254e-07,1.0,,,False,1002.9532545418479
28665,10665,9.397915050612937e-07,1.0,,,False,1003.0478062080219
28666,10666,9.406630283592676e-07,1.0,,,False,1003.141487875022
28667,10667,9.3857767069494e-07,1.0,,,False,1003.2363131248858
28668,10668,9.387955515194335e-07,1.0,,,False,1003.3321613329463
28669,10669,9.366478934680345e-07,1.0,,,False,1003.4286402920261
28670,10670,9.361188517686969e-07,1.0,,,False,1003.5238142919261
28671,10671,9.363055823996547e-07,1.0,,,False,1003.6229160418734
28672,10672,9.351850849270704e-07,1.0,,,False,1003.7244796669111
28673,10673,9.354340591016808e-07,1.0,,,False,1003.8242359999567
28674,10674,9.355585461889859e-07,1.0,,,False,1003.9319095418323
28675,10675,9.336599191556161e-07,1.0,,,False,1004.0342971249484
28676,10676,9.35278364977421e-07,1.0,,,False,1004.1392841248307
28677,10677,9.329751833320188e-07,1.0,,,False,1004.2488303328864
28678,10678,9.330374268756714e-07,1.0,,,False,1004.3470840828959
28679,10679,9.304540640187042e-07,1.0,,,False,1004.4544167499989
28680,10680,9.30920919017808e-07,1.0,,,False,1004.5503733328078
28681,10681,9.295202971770777e-07,1.0,,,False,1004.6466581248678
28682,10682,9.291779292652791e-07,1.0,,,False,1004.7533512918744
28683,10683,9.286799240726396e-07,1.0,,,False,1004.8560721669346
28684,10684,9.303606702815159e-07,1.0,,,False,1004.9367009999696
28685,10685,9.2818191888e-07,1.0,,,False,1004.9983983749989
28686,10686,9.291156857216265e-07,1.0,,,False,1005.0643072498497
28687,10687,9.263766287403996e-07,1.0,,,False,1005.1254018328618
28688,10688,9.267190534956171e-07,1.0,,,False,1005.192772249924
28689,10689,9.245713954442181e-07,1.0,,,False,1005.2589942498598
28690,10690,9.248826700058999e-07,1.0,,,False,1005.3246554168873
28691,10691,9.237621725333156e-07,1.0,,,False,1005.3918802079279
28692,10692,9.231085300598352e-07,1.0,,,False,1005.4572765419725
28693,10693,9.245713954442181e-07,1.0,,,False,1005.5194878748152
28694,10694,9.236376286025916e-07,1.0,,,False,1005.5859970420133
28695,10695,9.224548875863547e-07,1.0,,,False,1005.6512510830071
28696,10696,9.224548875863547e-07,1.0,,,False,1005.7216350419912
28697,10697,9.210231723955076e-07,1.0,,,False,1005.7871925418731
28698,10698,9.203072863783746e-07,1.0,,,False,1005.8501454170328
28699,10699,9.185642397824267e-07,1.0,,,False,1005.9180110830348
28700,10700,9.173814987661899e-07,1.0,0.9995525226535407,0.0036282072379534196,False,1006.0610759579577
28701,10701,9.170080375042744e-07,1.0,,,False,1006.1707496668678
28702,10702,9.175682862405665e-07,1.0,,,False,1006.2738531669602
28703,10703,9.17070281047927e-07,1.0,,,False,1006.3696112919133
28704,10704,9.186887268697319e-07,1.0,,,False,1006.4657370420173
28705,10705,9.166344625555212e-07,1.0,,,False,1006.5727205828298
28706,10706,9.156696023637778e-07,1.0,,,False,1006.6729218750261
28707,10707,9.150160167337162e-07,1.0,,,False,1006.7717014998198
28708,10708,9.133663638749567e-07,1.0,,,False,1006.8780539578293
28709,10709,9.129618092629244e-07,1.0,,,False,1006.9802842079662
28710,10710,9.117167678596161e-07,1.0,,,False,1007.0869000419043
28711,10711,9.122459232457913e-07,1.0,,,False,1007.1831059579272
28712,10712,9.117167110161972e-07,1.0,,,False,1007.2982700418215
28713,10713,9.131485398938821e-07,1.0,,,False,1007.4023123749066
28714,10714,9.117478612097329e-07,1.0,,,False,1007.4981288330164
28715,10715,9.121213224716485e-07,1.0,,,False,1007.5907870000228
28716,10716,9.105339699999604e-07,1.0,,,False,1007.6911277498584
28717,10717,9.087598868973146e-07,1.0,,,False,1007.7993979998864
28718,10718,9.083241252483276e-07,1.0,,,False,1007.9028102499433
28719,10719,9.072036277757434e-07,1.0,,,False,1008.0058252918534
28720,10720,9.064565915650746e-07,1.0,,,False,1008.1044045828748
28721,10721,9.061765240403474e-07,1.0,,,False,1008.2048691248056
28722,10722,9.072969646695128e-07,1.0,,,False,1008.3055572498124
28723,10723,9.0508711991788e-07,1.0,,,False,1008.411540916888
28724,10724,9.072969646695128e-07,1.0,,,False,1008.5143575419206
28725,10725,9.051805136550684e-07,1.0,,,False,1008.6112287498545
28726,10726,9.052427571987209e-07,1.0,,,False,1008.719134666957
28727,10727,9.041845032697893e-07,1.0,,,False,1008.8223077079747
28728,10728,9.021302389555785e-07,1.0,,,False,1008.9276554170065
28729,10729,9.014455031319812e-07,1.0,,,False,1009.0340735828504
28730,10730,9.017256275001273e-07,1.0,,,False,1009.138654832961
28731,10731,9.001693683785561e-07,1.0,,,False,1009.2372976669576
28732,10732,9.004494927467022e-07,1.0,,,False,1009.3343740829732
28733,10733,8.997958502732217e-07,1.0,,,False,1009.4255703748204
28734,10734,9.000137310977152e-07,1.0,,,False,1009.519002832938
28735,10735,8.993912388177705e-07,1.0,,,False,1009.6147288328502
28736,10736,9.001382181850204e-07,1.0,,,False,1009.7039163748268
28737,10737,8.975859486781701e-07,1.0,,,False,1009.7931721250061
28738,10738,8.976170988717058e-07,1.0,,,False,1009.8874329579994
28739,10739,8.955628345574951e-07,1.0,,,False,1009.9810752079356
28740,10740,8.962787205746281e-07,1.0,,,False,1010.0726050420199
28741,10741,8.942866998040699e-07,1.0,,,False,1010.1660440829583
28742,10742,8.947224614530569e-07,1.0,,,False,1010.260316291824
28743,10743,8.936953008742421e-07,1.0,,,False,1010.351134874858
28744,10744,8.961853268374398e-07,1.0,,,False,1010.4432691249531
28745,10745,8.942866998040699e-07,1.0,,,False,1010.5357758328319
28746,10746,8.948780987338978e-07,1.0,,,False,1010.6281305418815
28747,10747,8.919523111217131e-07,1.0,,,False,1010.7069011249114
28748,10748,8.91111938017275e-07,1.0,,,False,1010.7778463750146
28749,10749,8.900536840883433e-07,1.0,,,False,1010.8470027078874
28750,10750,8.89368948264746e-07,1.0,,,False,1010.9110637919512
28751,10751,8.891821607903694e-07,1.0,,,False,1010.9960908750072
28752,10752,8.88217300598626e-07,1.0,,,False,1011.0897254168522
28753,10753,8.887775493349181e-07,1.0,,,False,1011.1860197919887
28754,10754,8.895556788957037e-07,1.0,,,False,1011.2820312499534
28755,10755,8.87501414581493e-07,1.0,,,False,1011.3784757079557
28756,10756,8.878749326868274e-07,1.0,,,False,1011.4715453328099
28757,10757,8.859763056534575e-07,1.0,,,False,1011.5664527500048
28758,10758,8.863186735652562e-07,1.0,,,False,1011.6602222919464
28759,10759,8.841710155138571e-07,1.0,,,False,1011.7576392500196
28760,10760,8.837664040584059e-07,1.0,,,False,1011.8484671248589
28761,10761,8.820545076559938e-07,1.0,,,False,1011.9416034999304
28762,10762,8.829882744976203e-07,1.0,,,False,1012.0367808749434
28763,10763,8.82178994743299e-07,1.0,,,False,1012.1321470828261
28764,10764,8.830505180412729e-07,1.0,,,False,1012.227905082982
28765,10765,8.820545076559938e-07,1.0,,,False,1012.327901457902
28766,10766,8.805916422716109e-07,1.0,,,False,1012.4247985829134
28767,10767,8.796890256235201e-07,1.0,,,False,1012.4911875829566
28768,10768,8.77977129221108e-07,1.0,,,False,1012.5574505829718
28769,10769,8.762029892750434e-07,1.0,,,False,1012.6246067499742
28770,10770,8.771367561166699e-07,1.0,,,False,1012.6889234168921
28771,10771,8.760473519942025e-07,1.0,,,False,1012.7555215829052
28772,10772,8.776036111157737e-07,1.0,,,False,1012.8194974169601
28773,10773,8.767943882048712e-07,1.0,,,False,1012.8837940418161
28774,10774,8.770745125730173e-07,1.0,,,False,1012.9496033748146
28775,10775,8.741487249608326e-07,1.0,,,False,1013.0161799169146
28776,10776,8.738686005926866e-07,1.0,,,False,1013.0799455419183
28777,10777,8.731527145755535e-07,1.0,,,False,1013.1471439998131
28778,10778,8.723123414711154e-07,1.0,,,False,1013.2154124998488
28779,10779,8.720944606466219e-07,1.0,,,False,1013.2839412079193
28780,10780,8.71938823365781e-07,1.0,,,False,1013.3548811669461
28781,10781,8.713163310858363e-07,1.0,,,False,1013.4236679580063
28782,10782,8.723745850147679e-07,1.0,,,False,1013.4940513749607
28783,10783,8.707560823495442e-07,1.0,,,False,1013.5627730418928
28784,10784,8.712852377357194e-07,1.0,,,False,1013.6280672498979
28785,10785,8.691375796843204e-07,1.0,,,False,1013.698695207946
28786,10786,8.689508490533626e-07,1.0,,,False,1013.7646953749936
28787,10787,8.679548386680835e-07,1.0,,,False,1013.8356104579289
28788,10788,8.673323463881388e-07,1.0,,,False,1013.9012752918061
28789,10789,8.660562116347137e-07,1.0,,,False,1013.9672434579115
28790,10790,8.67456833475444e-07,1.0,,,False,1014.0365590418223
28791,10791,8.654959628984216e-07,1.0,,,False,1014.1035135828424
28792,10792,8.670522220199928e-07,1.0,,,False,1014.1713144578971
28793,10793,8.65713843722915e-07,1.0,,,False,1014.2341821249574
28794,10794,8.661806987220189e-07,1.0,,,False,1014.3279765418265
28795,10795,8.639085535833146e-07,1.0,,,False,1014.409120749915
28796,10796,8.63566185671516e-07,1.0,,,False,1014.4758820829447
28797,10797,8.613874342700001e-07,1.0,,,False,1014.5448754169047
28798,10798,8.612006467956235e-07,1.0,,,False,1014.6092414578889
28799,10799,8.61698651988263e-07,1.0,,,False,1014.6739162500016
28800,10800,8.609828228145489e-07,1.0,0.9997762613267703,0.0033529323790398476,False,1014.8088851249777
28801,10801,8.607960353401722e-07,1.0,,,False,1014.9203444998711
28802,10802,8.604537242717925e-07,1.0,,,False,1015.0282063749619
28803,10803,8.600490559729224e-07,1.0,,,False,1015.1292034168728
28804,10804,8.602669936408347e-07,1.0,,,False,1015.2011510420125
28805,10805,8.579947916587116e-07,1.0,,,False,1015.2673025419936
28806,10806,8.58928615343757e-07,1.0,,,False,1015.3320721248165
28807,10807,8.568431439925916e-07,1.0,,,False,1015.4000866250135
28808,10808,8.578081178711727e-07,1.0,,,False,1015.4669432919472
28809,10809,8.555670660825854e-07,1.0,,,False,1015.5372477078345
28810,10810,8.566253768549359e-07,1.0,,,False,1015.6039983329829
28811,10811,8.549757808395952e-07,1.0,,,False,1015.6692254578229
28812,10812,8.572789624849975e-07,1.0,,,False,1015.7379882920068
28813,10813,8.551624546271341e-07,1.0,,,False,1015.8025548749138
28814,10814,8.551624546271341e-07,1.0,,,False,1015.8700349999126
28815,10815,8.533882578376506e-07,1.0,,,False,1015.9360289578326
28816,10816,8.53014853419154e-07,1.0,,,False,1016.0303506248165
28817,10817,8.527969725946605e-07,1.0,,,False,1016.1367002918851
28818,10818,8.518010190528003e-07,1.0,,,False,1016.2318346668035
28819,10819,8.513341072102776e-07,1.0,,,False,1016.3395180418156
28820,10820,8.509606459483621e-07,1.0,,,False,1016.4496222918388
28821,10821,8.509916256116412e-07,1.0,,,False,1016.5486533329822
28822,10822,8.50680521580216e-07,1.0,,,False,1016.6493307079654
28823,10823,8.510227758051769e-07,1.0,,,False,1016.7563398329075
28824,10824,8.49528873914096e-07,1.0,,,False,1016.8588903329801
28825,10825,8.496222676512843e-07,1.0,,,False,1016.9593593329191
28826,10826,8.489063816341513e-07,1.0,,,False,1017.0653689999599
28827,10827,8.474434594063496e-07,1.0,,,False,1017.1708437919151
28828,10828,8.474123660562327e-07,1.0,,,False,1017.2725187919568
28829,10829,8.46665329845564e-07,1.0,,,False,1017.3714122499805
28830,10830,8.468209671264049e-07,1.0,,,False,1017.4752222078387
28831,10831,8.457626563540543e-07,1.0,,,False,1017.5837334999815
28832,10832,8.478481277052197e-07,1.0,,,False,1017.6822516669054
28833,10833,8.469765475638269e-07,1.0,,,False,1017.7867637078743
28834,10834,8.474434594063496e-07,1.0,,,False,1017.8895622498821
28835,10835,8.445176717941649e-07,1.0,,,False,1017.9913888329174
28836,10836,8.436773555331456e-07,1.0,,,False,1018.087702791905
28837,10837,8.429925060227106e-07,1.0,,,False,1018.1853039579
28838,10838,8.42463464323373e-07,1.0,,,False,1018.2817083748523
28839,10839,8.432103868472041e-07,1.0,,,False,1018.3731088328641
28840,10840,8.418720653935452e-07,1.0,,,False,1018.467274375027
28841,10841,8.430547495663632e-07,1.0,,,False,1018.5616064579226
28842,10842,8.414052103944414e-07,1.0,,,False,1018.6590717078652
28843,10843,8.420275889875484e-07,1.0,,,False,1018.7522208748851
28844,10844,8.416230912189349e-07,1.0,,,False,1018.8441794579849
28845,10845,8.40938184865081e-07,1.0,,,False,1018.9328525420278
28846,10846,8.40160225834552e-07,1.0,,,False,1019.0268673750106
28847,10847,8.390707648686657e-07,1.0,,,False,1019.1164202918299
28848,10848,8.391953087993897e-07,1.0,,,False,1019.2116086250171
28849,10849,8.385105729757925e-07,1.0,,,False,1019.3081787079573
28850,10850,8.386350600630976e-07,1.0,,,False,1019.3991621248424
28851,10851,8.386039667129808e-07,1.0,,,False,1019.4934864169918
28852,10852,8.383549356949516e-07,1.0,,,False,1019.5874767079949
28853,10853,8.384483294321399e-07,1.0,,,False,1019.6787099170033
28854,10854,8.368609201170329e-07,1.0,,,False,1019.7715319579002
28855,10855,8.360516972061305e-07,1.0,,,False,1019.8646000418812
28856,10856,8.344642878910236e-07,1.0,,,False,1019.9597469579894
28857,10857,8.349311997335462e-07,1.0,,,False,1020.0511192919221
28858,10858,8.33966282698384e-07,1.0,,,False,1020.1464081248268
28859,10859,8.343708941538353e-07,1.0,,,False,1020.240432749968
28860,10860,8.327212981384946e-07,1.0,,,False,1020.3373577080201
28861,10861,8.346199251718645e-07,1.0,,,False,1020.4309071670286
28862,10862,8.334060339620919e-07,1.0,,,False,1020.5228522079997
28863,10863,8.338106454175431e-07,1.0,,,False,1020.616432624869
28864,10864,8.329702723131049e-07,1.0,,,False,1020.7099928748794
28865,10865,8.317564379467512e-07,1.0,,,False,1020.7797950829845
28866,10866,8.310716452797351e-07,1.0,,,False,1020.8395242500119
28867,10867,8.30791520911589e-07,1.0,,,False,1020.9067707918584
28868,10868,8.298889042634983e-07,1.0,,,False,1020.9708235829603
28869,10869,8.289862876154075e-07,1.0,,,False,1021.0378409998957
28870,10870,8.309783083859656e-07,1.0,,,False,1021.1075404998846
28871,10871,8.298266607198457e-07,1.0,,,False,1021.2170262078289
28872,10872,8.29920054457034e-07,1.0,,,False,1021.3150899999309
28873,10873,8.29204168439901e-07,1.0,,,False,1021.4153493328486
28874,10874,8.285816193165374e-07,1.0,,,False,1021.5117960828356
28875,10875,8.272743912129954e-07,1.0,,,False,1021.600763208
28876,10876,8.251578833551321e-07,1.0,,,False,1021.6965094169136
28877,10877,8.246910283560283e-07,1.0,,,False,1021.7884757500142
28878,10878,8.249711527241743e-07,1.0,,,False,1021.8812813749537
28879,10879,8.257803756350768e-07,1.0,,,False,1021.974177707918
28880,10880,8.243797537943465e-07,1.0,,,False,1022.062820082996
28881,10881,8.257803756350768e-07,1.0,,,False,1022.1298606668133
28882,10882,8.249400025306386e-07,1.0,,,False,1022.1967159579508
28883,10883,8.247532718996808e-07,1.0,,,False,1022.2637256248854
28884,10884,8.254068575297424e-07,1.0,,,False,1022.3310222919099
28885,10885,8.234148936026031e-07,1.0,,,False,1022.3962878750172
28886,10886,8.223566396736715e-07,1.0,,,False,1022.4643882499076
28887,10887,8.211115982703632e-07,1.0,,,False,1022.5252745419275
28888,10888,8.220765153055254e-07,1.0,,,False,1022.5873650419526
28889,10889,8.206135930777236e-07,1.0,,,False,1022.6544964578934
28890,10890,8.225745204981649e-07,1.0,,,False,1022.7227984578349
28891,10891,8.196175826924446e-07,1.0,,,False,1022.7890312918462
28892,10892,8.218586344810319e-07,1.0,,,False,1022.8541497499682
28893,10893,8.206758366213762e-07,1.0,,,False,1022.919290541904
28894,10894,8.19835463516938e-07,1.0,,,False,1022.986024041893
28895,10895,8.197421266231686e-07,1.0,,,False,1023.0541409170255
28896,10896,8.187149660443538e-07,1.0,,,False,1023.1179530420341
28897,10897,8.180613235708734e-07,1.0,,,False,1023.1830530418083
28898,10898,8.160382094501983e-07,1.0,,,False,1023.2487709168345
28899,10899,8.166296083800262e-07,1.0,,,False,1023.3125844998285
28900,10900,8.16660701730143e-07,1.0,0.9997762613267703,0.0030927035035104794,False,1023.4493042919785
28901,10901,8.177189556590747e-07,1.0,,,False,1023.5634881670121
28902,10902,8.171276135726657e-07,1.0,,,False,1023.6632496248931
28903,10903,8.162872404682275e-07,1.0,,,False,1023.7644940000027
28904,10904,8.163494840118801e-07,1.0,,,False,1023.8610847499222
28905,10905,8.159137223628932e-07,1.0,,,False,1023.9559860830195
28906,10906,8.155402042575588e-07,1.0,,,False,1024.0522424578667
28907,10907,8.141707326103642e-07,1.0,,,False,1024.1460924579296
28908,10908,8.125833232952573e-07,1.0,,,False,1024.2445913748816
28909,10909,8.116495564536308e-07,1.0,,,False,1024.3390524168499
28910,10910,8.129256912070559e-07,1.0,,,False,1024.4362151669338
28911,10911,8.119296808217769e-07,1.0,,,False,1024.5300625828095
28912,10912,8.139528517858707e-07,1.0,,,False,1024.6291509580333
28913,10913,8.127389605760982e-07,1.0,,,False,1024.723321541911
28914,10914,8.126455668389099e-07,1.0,,,False,1024.8202103329822
28915,10915,8.1074693980554e-07,1.0,,,False,1024.9151548750233
28916,10916,8.110582143672218e-07,1.0,,,False,1025.0115301248152
28917,10917,8.10031053788407e-07,1.0,,,False,1025.10529937502
28918,10918,8.090039500530111e-07,1.0,,,False,1025.2020401249174
28919,10919,8.098131729639135e-07,1.0,,,False,1025.2967768330127
28920,10920,8.089417065093585e-07,1.0,,,False,1025.3907040830236
28921,10921,8.098131729639135e-07,1.0,,,False,1025.4805653328076
28922,10922,8.101244475255953e-07,1.0,,,False,1025.57390737487
28923,10923,8.08599281754141e-07,1.0,,,False,1025.6697412920184
28924,10924,8.096886858766084e-07,1.0,,,False,1025.765486832941
28925,10925,8.08599281754141e-07,1.0,,,False,1025.859301791992
28926,10926,8.085059448603715e-07,1.0,,,False,1025.95363391703
28927,10927,8.07292053650599e-07,1.0,,,False,1026.0489025828429
28928,10928,8.065450742833491e-07,1.0,,,False,1026.144051332958
28929,10929,8.063894370025082e-07,1.0,,,False,1026.2384212079924
28930,10930,8.061093126343621e-07,1.0,,,False,1026.323313083034
28931,10931,8.064205303526251e-07,1.0,,,False,1026.3892039170023
28932,10932,8.071675665632938e-07,1.0,,,False,1026.4541355418041
28933,10933,8.067628982644237e-07,1.0,,,False,1026.5200624999125
28934,10934,8.069185355452646e-07,1.0,,,False,1026.5864754999056
28935,10935,8.060781624408264e-07,1.0,,,False,1026.6535027499776
28936,10936,8.042106856009923e-07,1.0,,,False,1026.7234630419407
28937,10937,8.04117291863804e-07,1.0,,,False,1026.8127631249372
28938,10938,8.035258929339761e-07,1.0,,,False,1026.9062782078981
28939,10939,8.043351726882975e-07,1.0,,,False,1026.9991498328745
28940,10940,8.016895094442589e-07,1.0,,,False,1027.0946883328725
28941,10941,8.042106856009923e-07,1.0,,,False,1027.188214957947
28942,10942,8.023431519177393e-07,1.0,,,False,1027.2802720828913
28943,10943,8.031835250221775e-07,1.0,,,False,1027.3720207498409
28944,10944,8.025921260923496e-07,1.0,,,False,1027.4632716248743
28945,10945,8.027789135667263e-07,1.0,,,False,1027.557767875027
28946,10946,8.027789135667263e-07,1.0,,,False,1027.6530472079758
28947,10947,8.002888876035286e-07,1.0,,,False,1027.7446679170243
28948,10948,8.01813996531564e-07,1.0,,,False,1027.834041332826
28949,10949,8.001644005162234e-07,1.0,,,False,1027.9279598328285
28950,10950,8.006001621652103e-07,1.0,,,False,1028.020904457895
28951,10951,7.997286388672364e-07,1.0,,,False,1028.113287041895
28952,10952,8.017517529879115e-07,1.0,,,False,1028.2063657499384
28953,10953,8.005690119716746e-07,1.0,,,False,1028.2991869999096
28954,10954,8.01813996531564e-07,1.0,,,False,1028.3916735828388
28955,10955,7.994796646926261e-07,1.0,,,False,1028.4852355828043
28956,10956,7.99074996393756e-07,1.0,,,False,1028.5814474578947
28957,10957,7.994485144990904e-07,1.0,,,False,1028.6730762920342
28958,10958,7.975187372721848e-07,1.0,,,False,1028.766748082824
28959,10959,7.9879487202561e-07,1.0,,,False,1028.8569555829745
28960,10960,7.962115091686428e-07,1.0,,,False,1028.9524123328738
28961,10961,7.975187372721848e-07,1.0,,,False,1029.0371234579943
28962,10962,7.961181154314545e-07,1.0,,,False,1029.127916916972
28963,10963,7.993240274117852e-07,1.0,,,False,1029.2210374169517
28964,10964,7.975187372721848e-07,1.0,,,False,1029.3119363749865
28965,10965,7.978300118338666e-07,1.0,,,False,1029.4063157918863
28966,10966,7.980167424648243e-07,1.0,,,False,1029.5000252500176
28967,10967,7.95900234606961e-07,1.0,,,False,1029.6035352919716
28968,10968,7.968340014485875e-07,1.0,,,False,1029.711759208003
28969,10969,7.945618563098833e-07,1.0,,,False,1029.8070634168107
28970,10970,7.955890168886981e-07,1.0,,,False,1029.9001682079397
28971,10971,7.958379910633084e-07,1.0,,,False,1029.9817906250246
28972,10972,7.968651516421232e-07,1.0,,,False,1030.0448560828809
28973,10973,7.944373692225781e-07,1.0,,,False,1030.1127003328875
28974,10974,7.975498874657205e-07,1.0,,,False,1030.1958799578715
28975,10975,7.950910116960586e-07,1.0,,,False,1030.290608207928
28976,10976,7.960870220813376e-07,1.0,,,False,1030.3836310829502
28977,10977,7.953399858706689e-07,1.0,,,False,1030.4790303329937
28978,10978,7.943751256789255e-07,1.0,,,False,1030.572457500035
28979,10979,7.951532552397111e-07,1.0,,,False,1030.670511291828
28980,10980,7.927877163638186e-07,1.0,,,False,1030.7679050418083
28981,10981,7.93161234469153e-07,1.0,,,False,1030.8645178750157
28982,10982,7.924764986455557e-07,1.0,,,False,1030.9595227919053
28983,10983,7.937837267490977e-07,1.0,,,False,1031.0288471248932
28984,10984,7.929122602945426e-07,1.0,,,False,1031.0934546249919
28985,10985,7.946552500470716e-07,1.0,,,False,1031.1569336249959
28986,10986,7.929745038381952e-07,1.0,,,False,1031.225298791891
28987,10987,7.937214832054451e-07,1.0,,,False,1031.2914287080057
28988,10988,7.927566230137018e-07,1.0,,,False,1031.357682207832
28989,10989,7.911069701549422e-07,1.0,,,False,1031.421840166906
28990,10990,7.9244534845202e-07,1.0,,,False,1031.486931124935
28991,10991,7.907957524366793e-07,1.0,,,False,1031.5524446249474
28992,10992,7.915427318039292e-07,1.0,,,False,1031.6198945420329
28993,10993,7.889282187534263e-07,1.0,,,False,1031.6868028328754
28994,10994,7.922586178210622e-07,1.0,,,False,1031.7520999168046
28995,10995,7.911692136985948e-07,1.0,,,False,1031.8180836248212
28996,10996,7.921652240838739e-07,1.0,,,False,1031.8856879579835
28997,10997,7.919786071397539e-07,1.0,,,False,1031.949729874963
28998,10998,7.912314572422474e-07,1.0,,,False,1032.0153670418076
28999,10999,7.909824830676371e-07,1.0,,,False,1032.0854368328582
29000,11000,7.889593689469621e-07,1.0,0.9997762613267703,0.0028316348647675488,False,1032.2114710418973
29001,11001,7.889282187534263e-07,1.0,,,False,1032.3503448329866
29002,11002,7.87963358561683e-07,1.0,,,False,1032.4519418329
29003,11003,7.902665970505041e-07,1.0,,,False,1032.5590361249633
29004,11004,7.870295917200565e-07,1.0,,,False,1032.652382500004
29005,11005,7.907957524366793e-07,1.0,,,False,1032.7500354580116
29006,11006,7.87527596912696e-07,1.0,,,False,1032.8533029169776
29007,11007,7.899242291387054e-07,1.0,,,False,1032.9528099999297
29008,11008,7.894574309830205e-07,1.0,,,False,1033.0196718748193
29009,11009,7.888659752097738e-07,1.0,,,False,1033.0882853749208
29010,11010,7.875898404563486e-07,1.0,,,False,1033.1542044579983
29011,11011,7.8609582487843e-07,1.0,,,False,1033.2214376670308
29012,11012,7.874031098253909e-07,1.0,,,False,1033.2884510830045
29013,11013,7.845395657568588e-07,1.0,,,False,1033.3576464999933
29014,11014,7.860647315283131e-07,1.0,,,False,1033.4237006669864
29015,11015,7.85660063229443e-07,1.0,,,False,1033.488085333025
29016,11016,7.874654102124623e-07,1.0,,,False,1033.5536127078813
29017,11017,7.869361979828682e-07,1.0,,,False,1033.6231883328874
29018,11018,7.857846640035859e-07,1.0,,,False,1033.6899754169863
29019,11019,7.858468507038197e-07,1.0,,,False,1033.7549184579402
29020,11020,7.833879749341577e-07,1.0,,,False,1033.822295416845
29021,11021,7.845084724067419e-07,1.0,,,False,1033.8902107919566
29022,11022,7.822363841114566e-07,1.0,,,False,1033.957330416888
29023,11023,7.822674206181546e-07,1.0,,,False,1034.0261901249178
29024,11024,7.818628660061222e-07,1.0,,,False,1034.0932662498672
29025,11025,7.840104672141024e-07,1.0,,,False,1034.1598946668673
29026,11026,7.83045607022359e-07,1.0,,,False,1034.226616416825
29027,11027,7.846641665310017e-07,1.0,,,False,1034.2930356250145
29028,11028,7.832634878468525e-07,1.0,,,False,1034.3611170419026
29029,11029,7.836682129891415e-07,1.0,,,False,1034.4270680418704
29030,11030,7.831390007595473e-07,1.0,,,False,1034.4938777920324
29031,11031,7.821117833373137e-07,1.0,,,False,1034.559300124878
29032,11032,7.796841146046063e-07,1.0,,,False,1034.6253550418187
29033,11033,7.802444201843173e-07,1.0,,,False,1034.6944747499656
29034,11034,7.7974630130484e-07,1.0,,,False,1034.7628891249187
29035,11035,7.796840577611874e-07,1.0,,,False,1034.8280277079903
29036,11036,7.803689072716224e-07,1.0,,,False,1034.8929676248226
29037,11037,7.813960678504372e-07,1.0,,,False,1034.9567577498965
29038,11038,7.822052339179209e-07,1.0,,,False,1035.0234754998237
29039,11039,7.811159434822912e-07,1.0,,,False,1035.0874385829084
29040,11040,7.809602493580314e-07,1.0,,,False,1035.151661374839
29041,11041,7.798086585353303e-07,1.0,,,False,1035.214875292033
29042,11042,7.780344049024279e-07,1.0,,,False,1035.2799633329269
29043,11043,7.789682854308921e-07,1.0,,,False,1035.346482707886
29044,11044,7.782523425703403e-07,1.0,,,False,1035.4121405419428
29045,11045,7.785013167449506e-07,1.0,,,False,1035.4764382080175
29046,11046,7.775365133966261e-07,1.0,,,False,1035.5417412079405
29047,11047,7.790305289745447e-07,1.0,,,False,1035.621196291875
29048,11048,7.775676635901618e-07,1.0,,,False,1035.714516832959
29049,11049,7.775676635901618e-07,1.0,,,False,1035.8127833749168
29050,11050,7.780344617458468e-07,1.0,,,False,1035.9073767918162
29051,11051,7.784080366946e-07,1.0,,,False,1036.0077130419668
29052,11052,7.780033683957299e-07,1.0,,,False,1036.101608542027
29053,11053,7.757935236440971e-07,1.0,,,False,1036.1975395418704
29054,11054,7.761047982057789e-07,1.0,,,False,1036.2905148749705
29055,11055,7.744239951534837e-07,1.0,,,False,1036.3841604578774
29056,11056,7.748596431156329e-07,1.0,,,False,1036.4799101669341
29057,11057,7.744864092273929e-07,1.0,,,False,1036.574727457948
29058,11058,7.755445494694868e-07,1.0,,,False,1036.67182570789
29059,11059,7.758870310681232e-07,1.0,,,False,1036.7697134579066
29060,11060,7.765717100483016e-07,1.0,,,False,1036.8649972919375
29061,11061,7.757001299069088e-07,1.0,,,False,1036.9593269999605
29062,11062,7.753577051516913e-07,1.0,,,False,1037.0534246668685
29063,11063,7.732724043307826e-07,1.0,,,False,1037.1483483328484
29064,11064,7.7321016078713e-07,1.0,,,False,1037.2428348748945
29065,11065,7.722453574388055e-07,1.0,,,False,1037.3279723748565
29066,11066,7.720896633145458e-07,1.0,,,False,1037.3956636670046
29067,11067,7.716539016655588e-07,1.0,,,False,1037.4627742499579
29068,11068,7.724008810328087e-07,1.0,,,False,1037.5309587498195
29069,11069,7.732724043307826e-07,1.0,,,False,1037.596695707878
29070,11070,7.717161452092114e-07,1.0,,,False,1037.6666320420336
29071,11071,7.733034976808995e-07,1.0,,,False,1037.7353629998397
29072,11072,7.730545235062891e-07,1.0,,,False,1037.8033644580282
29073,11073,7.736458655926981e-07,1.0,,,False,1037.8689966248348
29074,11074,7.723386374891561e-07,1.0,,,False,1037.9339514579624
29075,11075,7.700042488067993e-07,1.0,,,False,1038.000549291959
29076,11076,7.704088602622505e-07,1.0,,,False,1038.0682048329618
29077,11077,7.680744715798937e-07,1.0,,,False,1038.1362633330282
29078,11078,7.704711038059031e-07,1.0,,,False,1038.20391883282
29079,11079,7.68167865317082e-07,1.0,,,False,1038.2702344579156
29080,11080,7.687903575970267e-07,1.0,,,False,1038.3366979998536
29081,11081,7.690393886150559e-07,1.0,,,False,1038.4023618749343
29082,11082,7.717784455962828e-07,1.0,,,False,1038.472313791979
29083,11083,7.704088602622505e-07,1.0,,,False,1038.5398986248765
29084,11084,7.698175181758415e-07,1.0,,,False,1038.6088737498503
29085,11085,7.681990723540366e-07,1.0,,,False,1038.6755062078591
29086,11086,7.674831294934847e-07,1.0,,,False,1038.743081124965
29087,11087,7.650243105672416e-07,1.0,,,False,1038.8094184999354
29088,11088,7.650864972674754e-07,1.0,,,False,1038.876729917014
29089,11089,7.66113714689709e-07,1.0,,,False,1038.944142416818
29090,11090,7.657712330910726e-07,1.0,,,False,1039.010587082943
29091,11091,7.672030619687575e-07,1.0,,,False,1039.0780248329975
29092,11092,7.656467460037675e-07,1.0,,,False,1039.1468677078374
29093,11093,7.679188911424717e-07,1.0,,,False,1039.2165909169707
29094,11094,7.659268703719135e-07,1.0,,,False,1039.2863399169873
29095,11095,7.652420777048974e-07,1.0,,,False,1039.35392283299
29096,11096,7.658957201783778e-07,1.0,,,False,1039.4220122080296
29097,11097,7.632501137777581e-07,1.0,,,False,1039.4851336248685
29098,11098,7.623475539730862e-07,1.0,,,False,1039.5481103328057
29099,11099,7.615071240252291e-07,1.0,,,False,1039.6134612078313
29100,11100,7.609779686390539e-07,1.0,0.9997762613267703,0.0026486559271652705,False,1039.7476201669779
29101,11101,7.624408908668556e-07,1.0,,,False,1039.8573459170293
29102,11102,7.628765956724237e-07,1.0,,,False,1039.9530847079586
29103,11103,7.626587716913491e-07,1.0,,,False,1040.0484298330266
29104,11104,7.650554039173585e-07,1.0,,,False,1040.1415257498156
29105,11105,7.623475539730862e-07,1.0,,,False,1040.2352729579434
29106,11106,7.624408340234368e-07,1.0,,,False,1040.3270527499262
29107,11107,7.601687457281514e-07,1.0,,,False,1040.4211610418279
29108,11108,7.601375955346157e-07,1.0,,,False,1040.516380792018
29109,11109,7.595462534482067e-07,1.0,,,False,1040.613089499995
29110,11110,7.582700618513627e-07,1.0,,,False,1040.7081554168835
29111,11111,7.597018907290476e-07,1.0,,,False,1040.8045692918822
29112,11112,7.595773467983236e-07,1.0,,,False,1040.8953954579774
29113,11113,7.588926109747263e-07,1.0,,,False,1040.982267583022
29114,11114,7.606044505337195e-07,1.0,,,False,1041.0859073749743
29115,11115,7.594529165544373e-07,1.0,,,False,1041.182407291839
29116,11116,7.587681238874211e-07,1.0,,,False,1041.277309166966
29117,11117,7.585191497128108e-07,1.0,,,False,1041.3748764998745
29118,11118,7.594217663609015e-07,1.0,,,False,1041.4725474999286
29119,11119,7.561225174868014e-07,1.0,,,False,1041.5682233329862
29120,11120,7.562158543805708e-07,1.0,,,False,1041.6635140830185
29121,11121,7.557801495750027e-07,1.0,,,False,1041.7662444999442
29122,11122,7.555000252068567e-07,1.0,,,False,1041.8612696668133
29123,11123,7.549086262770288e-07,1.0,,,False,1041.9560451249126
29124,11124,7.577410201520252e-07,1.0,,,False,1042.0502236250322
29125,11125,7.567450097667461e-07,1.0,,,False,1042.1437141250353
29126,11126,7.573052016596193e-07,1.0,,,False,1042.238432499813
29127,11127,7.558734864687722e-07,1.0,,,False,1042.3296232919674
29128,11128,7.553443879260158e-07,1.0,,,False,1042.421747374814
29129,11129,7.542861339970841e-07,1.0,,,False,1042.519439375028
29130,11130,7.535080044362985e-07,1.0,,,False,1042.6163020420354
29131,11131,7.536636417171394e-07,1.0,,,False,1042.7034069579095
29132,11132,7.533212169619219e-07,1.0,,,False,1042.80562358303
29133,11133,7.537881288044446e-07,1.0,,,False,1042.9085289579816
29134,11134,7.53009999243659e-07,1.0,,,False,1043.0105820000172
29135,11135,7.529477557000064e-07,1.0,,,False,1043.1203420418315
29136,11136,7.528543619628181e-07,1.0,,,False,1043.2262976670172
29137,11137,7.535702479799511e-07,1.0,,,False,1043.3110499579925
29138,11138,7.546285019088828e-07,1.0,,,False,1043.388405167032
29139,11139,7.533212169619219e-07,1.0,,,False,1043.4711265829392
29140,11140,7.541927402598958e-07,1.0,,,False,1043.5451764999889
29141,11141,7.509868282795651e-07,1.0,,,False,1043.6197853749618
29142,11142,7.506444603677664e-07,1.0,,,False,1043.6978701669723
29143,11143,7.491504447898478e-07,1.0,,,False,1043.7709488328546
29144,11144,7.50426579543273e-07,1.0,,,False,1043.8415567078628
29145,11145,7.491815949833835e-07,1.0,,,False,1043.915516082896
29146,11146,7.520139888583799e-07,1.0,,,False,1043.9871918328572
29147,11147,7.509557349294482e-07,1.0,,,False,1044.0632639999967
29148,11148,7.520762324020325e-07,1.0,,,False,1044.1353025829885
29149,11149,7.504888230869255e-07,1.0,,,False,1044.206711041974
29150,11150,7.500531182813575e-07,1.0,,,False,1044.280590374954
29151,11151,7.489948643524258e-07,1.0,,,False,1044.3509631250054
29152,11152,7.475630923181598e-07,1.0,,,False,1044.4172204998322
29153,11153,7.477809731426532e-07,1.0,,,False,1044.486393457977
29154,11154,7.484034654225979e-07,1.0,,,False,1044.5554982079193
29155,11155,7.488703204217018e-07,1.0,,,False,1044.644791541854
29156,11156,7.484657089662505e-07,1.0,,,False,1044.739455249859
29157,11157,7.493683256143413e-07,1.0,,,False,1044.833058750024
29158,11158,7.483412218789454e-07,1.0,,,False,1044.9258139999583
29159,11159,7.479054602299584e-07,1.0,,,False,1045.0204675828572
29160,11160,7.495239628951822e-07,1.0,,,False,1045.1143277918454
29161,11161,7.476564860553481e-07,1.0,,,False,1045.2077997499146
29162,11162,7.481855845981045e-07,1.0,,,False,1045.3020035829395
29163,11163,7.45228703635803e-07,1.0,,,False,1045.3970712078735
29164,11164,7.464114446520398e-07,1.0,,,False,1045.4902257500216
29165,11165,7.443883305313648e-07,1.0,,,False,1045.5852079580072
29166,11166,7.453531907231081e-07,1.0,,,False,1045.6812432499137
29167,11167,7.452909471794555e-07,1.0,,,False,1045.7760547499638
29168,11168,7.476253358618123e-07,1.0,,,False,1045.870724832872
29169,11169,7.46504895232647e-07,1.0,,,False,1045.9690016668756
29170,11170,7.470339369319845e-07,1.0,,,False,1046.0636261249892
29171,11171,7.450419730048452e-07,1.0,,,False,1046.1569679169916
29172,11172,7.453843409166439e-07,1.0,,,False,1046.2526324170176
29173,11173,7.435790507770434e-07,1.0,,,False,1046.3464792079758
29174,11174,7.434545636897383e-07,1.0,,,False,1046.4417272920255
29175,11175,7.435479574269266e-07,1.0,,,False,1046.536578041967
29176,11176,7.441082061632187e-07,1.0,,,False,1046.6308264578693
29177,11177,7.439525688823778e-07,1.0,,,False,1046.7254997498821
29178,11178,7.443883305313648e-07,1.0,,,False,1046.8210483749863
29179,11179,7.438903253387252e-07,1.0,,,False,1046.9188031249214
29180,11180,7.455710715476016e-07,1.0,,,False,1047.0206126249395
29181,11181,7.419605481118197e-07,1.0,,,False,1047.1233496249188
29182,11182,7.449174290741212e-07,1.0,,,False,1047.2324101668783
29183,11183,7.405910764646251e-07,1.0,,,False,1047.3391722498927
29184,11184,7.410267812701932e-07,1.0,,,False,1047.4410534168128
29185,11185,7.396884029731154e-07,1.0,,,False,1047.5486076248344
29186,11186,7.406221698147419e-07,1.0,,,False,1047.6506504998542
29187,11187,7.406533200082777e-07,1.0,,,False,1047.744442916941
29188,11188,7.406844133583945e-07,1.0,,,False,1047.8404843749013
29189,11189,7.406221698147419e-07,1.0,,,False,1047.945735707879
29190,11190,7.420227916554722e-07,1.0,,,False,1048.0463812500238
29191,11191,7.407778639390017e-07,1.0,,,False,1048.1512167078909
29192,11192,7.40310952096479e-07,1.0,,,False,1048.258218999952
29193,11193,7.38412381906528e-07,1.0,,,False,1048.365605250001
29194,11194,7.377586825896287e-07,1.0,,,False,1048.4601798749063
29195,11195,7.379766202575411e-07,1.0,,,False,1048.5647609168664
29196,11196,7.373852213277132e-07,1.0,,,False,1048.6701984999236
29197,11197,7.373229777840606e-07,1.0,,,False,1048.7761664169375
29198,11198,7.367315788542328e-07,1.0,,,False,1048.87702887482
29199,11199,7.383500246760377e-07,1.0,,,False,1048.972968082875
29200,11200,7.37571951958671e-07,1.0,0.9998881306633851,0.002510469722271866,False,1049.16423187498
29201,11201,7.37416371521249e-07,1.0,,,False,1049.268540167017
29202,11202,7.388480867120961e-07,1.0,,,False,1049.3709008749574
29203,11203,7.355799880315317e-07,1.0,,,False,1049.4736062078737
29204,11204,7.357044751188369e-07,1.0,,,False,1049.5717499998864
29205,11205,7.343038532781065e-07,1.0,,,False,1049.6770538748242
29206,11206,7.348018584707461e-07,1.0,,,False,1049.7685830828268
29207,11207,7.335257237173209e-07,1.0,,,False,1049.8630154998973
29208,11208,7.355177444878791e-07,1.0,,,False,1049.9553487920202
29209,11209,7.341170658037299e-07,1.0,,,False,1050.0486368748825
29210,11210,7.358912057497946e-07,1.0,,,False,1050.1414003749378
29211,11211,7.350508326453564e-07,1.0,,,False,1050.2356415418908
29212,11212,7.360779932241712e-07,1.0,,,False,1050.3292996669188
29213,11213,7.336190606110904e-07,1.0,,,False,1050.421491832938
29214,11214,7.319694645957497e-07,1.0,,,False,1050.5123063749634
29215,11215,7.314403092095745e-07,1.0,,,False,1050.601119666826
29216,11216,7.31938314402214e-07,1.0,,,False,1050.6987181250006
29217,11217,7.317204335777205e-07,1.0,,,False,1050.791415625019
29218,11218,7.307555733859772e-07,1.0,,,False,1050.8830548329279
29219,11219,7.314403092095745e-07,1.0,,,False,1050.972280957969
29220,11220,7.336190606110904e-07,1.0,,,False,1051.061415416887
29221,11221,7.318138273149088e-07,1.0,,,False,1051.1527256248519
29222,11222,7.306621796487889e-07,1.0,,,False,1051.2471620419528
29223,11223,7.304442988242954e-07,1.0,,,False,1051.3437573330011
29224,11224,7.31658190034068e-07,1.0,,,False,1051.4398293748964
29225,11225,7.28047666598286e-07,1.0,,,False,1051.5398984998465
29226,11226,7.300708375623799e-07,1.0,,,False,1051.6373697498348
29227,11227,7.286079153345781e-07,1.0,,,False,1051.7307012078818
29228,11228,7.298218065443507e-07,1.0,,,False,1051.823214791948
29229,11229,7.279231795109808e-07,1.0,,,False,1051.9130715830252
29230,11230,7.291059205272177e-07,1.0,,,False,1052.0067618750036
29231,11231,7.29199314264406e-07,1.0,,,False,1052.103556792019
29232,11232,7.301330811060325e-07,1.0,,,False,1052.1976556668524
29233,11233,7.293238013517112e-07,1.0,,,False,1052.2904902079608
29234,11234,7.289503400897956e-07,1.0,,,False,1052.383882332826
29235,11235,7.273006872310361e-07,1.0,,,False,1052.4746146670077
29236,11236,7.269583193192375e-07,1.0,,,False,1052.5660579998512
29237,11237,7.268960757755849e-07,1.0,,,False,1052.6592697920278
29238,11238,7.266159514074388e-07,1.0,,,False,1052.76051145792
29239,11239,7.269894126693544e-07,1.0,,,False,1052.8403282498475
29240,11240,7.262735266522213e-07,1.0,,,False,1052.9360631669406
29241,11241,7.282966976163152e-07,1.0,,,False,1053.031205332838
29242,11242,7.271450499501952e-07,1.0,,,False,1053.124995791819
29243,11243,7.263046768457571e-07,1.0,,,False,1053.2200864579063
29244,11244,7.265536510203674e-07,1.0,,,False,1053.3131993748248
29245,11245,7.24592780443345e-07,1.0,,,False,1053.404243625002
29246,11246,7.25308666460478e-07,1.0,,,False,1053.500572499819
29247,11247,7.240325317070528e-07,1.0,,,False,1053.5942840420175
29248,11248,7.24872904811491e-07,1.0,,,False,1053.6898560419213
29249,11249,7.234411896206439e-07,1.0,,,False,1053.784649166977
29250,11250,7.243438062687346e-07,1.0,,,False,1053.8795146669727
29251,11251,7.234411896206439e-07,1.0,,,False,1053.9752959168982
29252,11252,7.24872904811491e-07,1.0,,,False,1054.0701906250324
29253,11253,7.227875471471634e-07,1.0,,,False,1054.1670741250273
29254,11254,7.254643037413189e-07,1.0,,,False,1054.2644519999158
29255,11255,7.235345265144133e-07,1.0,,,False,1054.3303347078618
29256,11256,7.233788892335724e-07,1.0,,,False,1054.3970013749786
29257,11257,7.226941534099751e-07,1.0,,,False,1054.4614322499838
29258,11258,7.216048061309266e-07,1.0,,,False,1054.5299375418108
29259,11259,7.228186404972803e-07,1.0,,,False,1054.5947439169977
29260,11260,7.196127853603684e-07,1.0,,,False,1054.6648293749895
29261,11261,7.216670496745792e-07,1.0,,,False,1054.7352989579085
29262,11262,7.205465522019949e-07,1.0,,,False,1054.8030103328638
29263,11263,7.208889201137936e-07,1.0,,,False,1054.8736905828118
29264,11264,7.208889201137936e-07,1.0,,,False,1054.9433334169444
29265,11265,7.197372724476736e-07,1.0,,,False,1055.012554957997
29266,11266,7.223829356917122e-07,1.0,,,False,1055.0847298749723
29267,11267,7.194882982730633e-07,1.0,,,False,1055.154914374929
29268,11268,7.214802622002026e-07,1.0,,,False,1055.2205732499715
29269,11269,7.179320391514921e-07,1.0,,,False,1055.2857750828844
29270,11270,7.189902930804237e-07,1.0,,,False,1055.3549686670303
29271,11271,7.172472464844759e-07,1.0,,,False,1055.424288457958
29272,11272,7.181810133261024e-07,1.0,,,False,1055.5203297080006
29273,11273,7.187412620623945e-07,1.0,,,False,1055.6140150828287
29274,11274,7.200173968158197e-07,1.0,,,False,1055.7061520419084
29275,11275,7.18772525942768e-07,1.0,,,False,1055.8040989579167
29276,11276,7.20390914921154e-07,1.0,,,False,1055.899217416998
29277,11277,7.179943963819824e-07,1.0,,,False,1055.9942459999584
29278,11278,7.174028837653168e-07,1.0,,,False,1056.0881743328646
29279,11279,7.164691169236903e-07,1.0,,,False,1056.1805017499719
29280,11280,7.172783966780116e-07,1.0,,,False,1056.2732890418265
29281,11281,7.168116553657455e-07,1.0,,,False,1056.3661244579125
29282,11282,7.160333552747034e-07,1.0,,,False,1056.460380292032
29283,11283,7.173719041020377e-07,1.0,,,False,1056.5543144168332
29284,11284,7.148196345951874e-07,1.0,,,False,1056.6455261670053
29285,11285,7.175897849265311e-07,1.0,,,False,1056.7361696669832
29286,11286,7.144772666833887e-07,1.0,,,False,1056.8355375828687
29287,11287,7.150063652261451e-07,1.0,,,False,1056.9310417079832
29288,11288,7.145706035771582e-07,1.0,,,False,1057.0260747079737
29289,11289,7.177452516771154e-07,1.0,,,False,1057.1204056669958
29290,11290,7.155355206123204e-07,1.0,,,False,1057.2160767498426
29291,11291,7.1506849508296e-07,1.0,,,False,1057.310958707938
29292,11292,7.133256190172688e-07,1.0,,,False,1057.406773332972
29293,11293,7.136678732422297e-07,1.0,,,False,1057.4955146668945
29294,11294,7.1373023047272e-07,1.0,,,False,1057.5618519168347
29295,11295,7.125163392629474e-07,1.0,,,False,1057.6312717918772
29296,11296,7.113958417903632e-07,1.0,,,False,1057.7022804999724
29297,11297,7.14632733433973e-07,1.0,,,False,1057.775153500028
29298,11298,7.140725983845186e-07,1.0,,,False,1057.8473586249165
29299,11299,7.159711117310508e-07,1.0,,,False,1057.9230551249348
29300,11300,7.126719765437883e-07,1.0,0.9997762613267703,0.002422053909594946,False,1058.0719175420236
29301,11301,7.138857540667232e-07,1.0,,,False,1058.174694916932
29302,11302,7.099329764059803e-07,1.0,,,False,1058.2680600830354
29303,11303,7.11987240720191e-07,1.0,,,False,1058.362183582969
29304,11304,7.102131007741264e-07,1.0,,,False,1058.4655617498793
29305,11305,7.116137226148567e-07,1.0,,,False,1058.579559582984
29306,11306,7.105243753358081e-07,1.0,,,False,1058.6891259169206
29307,11307,7.117693598956976e-07,1.0,,,False,1058.7899604579434
29308,11308,7.108043291736976e-07,1.0,,,False,1058.894619999919
29309,11309,7.106799557732302e-07,1.0,,,False,1058.9927042499185
29310,11310,7.115202151908306e-07,1.0,,,False,1059.0959784998558
29311,11311,7.097150955814868e-07,1.0,,,False,1059.1926322919317
29312,11312,7.136678732422297e-07,1.0,,,False,1059.2944354999345
29313,11313,7.089681162142369e-07,1.0,,,False,1059.3960457078647
29314,11314,7.111156037353794e-07,1.0,,,False,1059.4923661670182
29315,11315,7.08003085492237e-07,1.0,,,False,1059.5890653748065
29316,11316,7.082521165102662e-07,1.0,,,False,1059.6896998328157
29317,11317,7.079096917550487e-07,1.0,,,False,1059.7824067499023
29318,11318,7.098394689819543e-07,1.0,,,False,1059.8881709999405
29319,11319,7.081588364599156e-07,1.0,,,False,1059.9849839999806
29320,11320,7.107109922799282e-07,1.0,,,False,1060.0927808328997
29321,11321,7.081277431097988e-07,1.0,,,False,1060.193263291847
29322,11322,7.10026199612912e-07,1.0,,,False,1060.2972789998166
29323,11323,7.075674375300878e-07,1.0,,,False,1060.401215333026
29324,11324,7.061978521960555e-07,1.0,,,False,1060.4955205000006
29325,11325,7.064158467073867e-07,1.0,,,False,1060.6032647499815
29326,11326,7.057309403535328e-07,1.0,,,False,1060.706755375024
29327,11327,7.058555979710945e-07,1.0,,,False,1060.7953883330338
29328,11328,7.043614687063382e-07,1.0,,,False,1060.8676867499016
29329,11329,7.063536031637341e-07,1.0,,,False,1060.9638361670077
29330,11330,7.054819661789224e-07,1.0,,,False,1061.0682994578965
29331,11331,7.049840746731206e-07,1.0,,,False,1061.1687473328784
29332,11332,7.06260095739708e-07,1.0,,,False,1061.2658976248931
29333,11333,7.051085617604258e-07,1.0,,,False,1061.3583013748284
29334,11334,7.076918677739741e-07,1.0,,,False,1061.4612110829912
29335,11335,7.039569709377247e-07,1.0,,,False,1061.5557398328092
29336,11336,7.039568004074681e-07,1.0,,,False,1061.6492408749182
29337,11337,7.012490641500335e-07,1.0,,,False,1061.7434419579804
29338,11338,7.040814580250299e-07,1.0,,,False,1061.8380069578998
29339,11339,7.014980383246439e-07,1.0,,,False,1061.9335428748745
29340,11340,7.041747949187993e-07,1.0,,,False,1062.0293337078765
29341,11341,7.02058287060936e-07,1.0,,,False,1062.1227073748596
29342,11342,7.058554842842568e-07,1.0,,,False,1062.21194933285
29343,11343,7.019337999736308e-07,1.0,,,False,1062.315423999913
29344,11344,7.029296966720722e-07,1.0,,,False,1062.4001239580102
29345,11345,7.002219035712187e-07,1.0,,,False,1062.5298318748828
29346,11346,7.005330644460628e-07,1.0,,,False,1062.6210603748914
29347,11347,6.998484423093032e-07,1.0,,,False,1062.7024240000173
29348,11348,6.989458256612124e-07,1.0,,,False,1062.7813184999395
29349,11349,7.000974164839135e-07,1.0,,,False,1062.8599029169418
29350,11350,6.990703127485176e-07,1.0,,,False,1062.9403933328576
29351,11351,6.998172921157675e-07,1.0,,,False,1063.0185724578332
29352,11352,6.997550485721149e-07,1.0,,,False,1063.0952327919658
29353,11353,6.985100640122255e-07,1.0,,,False,1063.1669283329975
29354,11354,7.005641577961796e-07,1.0,,,False,1063.2406165830325
29355,11355,6.971094421714952e-07,1.0,,,False,1063.3156015828717
29356,11356,6.995371677476214e-07,1.0,,,False,1063.3889030418359
29357,11357,6.963001624171739e-07,1.0,,,False,1063.4632539998274
29358,11358,6.967670174162777e-07,1.0,,,False,1063.5359371670056
29359,11359,6.955220328563883e-07,1.0,,,False,1063.6105873328634
29360,11360,6.966114369788556e-07,1.0,,,False,1063.6815973329358
29361,11361,6.944637789274566e-07,1.0,,,False,1063.7440784578212
29362,11362,6.980120588195859e-07,1.0,,,False,1063.8169227498583
29363,11363,6.949617841200961e-07,1.0,,,False,1063.8915391669143
29364,11364,6.982609193073586e-07,1.0,,,False,1063.9665547078475
29365,11365,6.942148047528462e-07,1.0,,,False,1064.0383357920218
29366,11366,6.948682766960701e-07,1.0,,,False,1064.112530541839
29367,11367,6.934055249985249e-07,1.0,,,False,1064.1885074579623
29368,11368,6.923160071892198e-07,1.0,,,False,1064.261488832999
29369,11369,6.925962452442036e-07,1.0,,,False,1064.3359474998433
29370,11370,6.943392918401514e-07,1.0,,,False,1064.4029947079252
29371,11371,6.921293902450998e-07,1.0,,,False,1064.474891624879
29372,11372,6.939656600479793e-07,1.0,,,False,1064.5488894169684
29373,11373,6.931565508239146e-07,1.0,,,False,1064.620382957859
29374,11374,6.944325150470831e-07,1.0,,,False,1064.690648916876
29375,11375,6.915379913152719e-07,1.0,,,False,1064.764063749928
29376,11376,6.934988050488755e-07,1.0,,,False,1064.8338783748914
29377,11377,6.899194886500482e-07,1.0,,,False,1064.9028022079729
29378,11378,6.91849152190116e-07,1.0,,,False,1064.9727711249143
29379,11379,6.882698926347075e-07,1.0,,,False,1065.0444197079632
29380,11380,6.907286547175318e-07,1.0,,,False,1065.1148137918208
29381,11381,6.887056542836945e-07,1.0,,,False,1065.182214749977
29382,11382,6.905418672431551e-07,1.0,,,False,1065.2515330829192
29383,11383,6.892659030199866e-07,1.0,,,False,1065.3498129579239
29384,11384,6.927829190317425e-07,1.0,,,False,1065.4405274169985
29385,11385,6.888612347211165e-07,1.0,,,False,1065.5307465828955
29386,11386,6.914756340847816e-07,1.0,,,False,1065.6270825418178
29387,11387,6.873983693367336e-07,1.0,,,False,1065.7194753328804
29388,11388,6.882697789478698e-07,1.0,,,False,1065.814072957961
29389,11389,6.871493951621233e-07,1.0,,,False,1065.9143247078173
29390,11390,6.874604991935485e-07,1.0,,,False,1066.0055766250007
29391,11391,6.858732604086981e-07,1.0,,,False,1066.1046386249363
29392,11392,6.880207479298406e-07,1.0,,,False,1066.197521082824
29393,11393,6.865579962322954e-07,1.0,,,False,1066.2902192079928
29394,11394,6.876472298245062e-07,1.0,,,False,1066.3839394168463
29395,11395,6.860911412331916e-07,1.0,,,False,1066.479944957886
29396,11396,6.87958504386188e-07,1.0,,,False,1066.5760189169087
29397,11397,6.839123329882568e-07,1.0,,,False,1066.677259207936
29398,11398,6.865578825454577e-07,1.0,,,False,1066.7779346669558
29399,11399,6.825428613410622e-07,1.0,,,False,1066.8776492078323
29400,11400,6.843479809504061e-07,1.0,0.9998881306633851,0.0023696819126596234,False,1067.082984957844
29401,11401,6.83351970565127e-07,1.0,,,False,1067.1917212498374
29402,11402,6.857175094410195e-07,1.0,,,False,1067.2961642500013
29403,11403,6.83009716340166e-07,1.0,,,False,1067.4019676249009
29404,11404,6.857175094410195e-07,1.0,,,False,1067.5008320829365
29405,11405,6.825117111475265e-07,1.0,,,False,1067.611422542017
29406,11406,6.851261673546105e-07,1.0,,,False,1067.716520291986
29407,11407,6.825739546911791e-07,1.0,,,False,1067.8271312080324
29408,11408,6.832275403212407e-07,1.0,,,False,1067.9346076250076
29409,11409,6.819514624112344e-07,1.0,,,False,1068.0295181670226
29410,11410,6.805819907640398e-07,1.0,,,False,1068.1234955829568
29411,11411,6.808309649386501e-07,1.0,,,False,1068.21790545783
29412,11412,6.800528353778645e-07,1.0,,,False,1068.3124996249098
29413,11413,6.816090944994357e-07,1.0,,,False,1068.4076106250286
29414,11414,6.803641099395463e-07,1.0,,,False,1068.5123698329553
29415,11415,6.809243586758384e-07,1.0,,,False,1068.6149993748404
29416,11416,6.809554520259553e-07,1.0,,,False,1068.7200503749773
29417,11417,6.781542083444947e-07,1.0,,,False,1068.82226145803
29418,11418,6.816402446929715e-07,1.0,,,False,1068.916914792033
29419,11419,6.772204415028682e-07,1.0,,,False,1069.0111993330065
29420,11420,6.782164518881473e-07,1.0,,,False,1069.1059652080294
29421,11421,6.771270477656799e-07,1.0,,,False,1069.207793291891
29422,11422,6.777806902391603e-07,1.0,,,False,1069.3095459998585
29423,11423,6.75664182381297e-07,1.0,,,False,1069.411401957972
29424,11424,6.787456072743225e-07,1.0,,,False,1069.508821874857
29425,11425,6.771581979592156e-07,1.0,,,False,1069.6069722499233
29426,11426,6.793369493607315e-07,1.0,,,False,1069.7004103329964
29427,11427,6.763489182048943e-07,1.0,,,False,1069.794740458019
29428,11428,6.764112185919657e-07,1.0,,,False,1069.8931678328663
29429,11429,6.751661771886575e-07,1.0,,,False,1069.9965666248463
29430,11430,6.733609438924759e-07,1.0,,,False,1070.1008069578093
29431,11431,6.738277988915797e-07,1.0,,,False,1070.2017815418076
29432,11432,6.727073014189955e-07,1.0,,,False,1070.3023609998636
29433,11433,6.732987003488233e-07,1.0,,,False,1070.3958365418948
29434,11434,6.746370786459011e-07,1.0,,,False,1070.4979159999639
29435,11435,6.745125915585959e-07,1.0,,,False,1070.5917699169368
29436,11436,6.755397521374107e-07,1.0,,,False,1070.6818032078445
29437,11437,6.723960268573137e-07,1.0,,,False,1070.7939141248353
29438,11438,6.739523996657226e-07,1.0,,,False,1070.9006550419144
29439,11439,6.700927883684926e-07,1.0,,,False,1070.9921150419395
29440,11440,6.71057648560236e-07,1.0,,,False,1071.0627040828113
29441,11441,6.699993946313043e-07,1.0,,,False,1071.13110124995
29442,11442,6.708398814225802e-07,1.0,,,False,1071.1983062918298
29443,11443,6.699683012811875e-07,1.0,,,False,1071.264774166979
29444,11444,6.716490474900638e-07,1.0,,,False,1071.3341146248858
29445,11445,6.702172754557978e-07,1.0,,,False,1071.403725208016
29446,11446,6.714623168591061e-07,1.0,,,False,1071.472604041919
29447,11447,6.688478606520221e-07,1.0,,,False,1071.5415267078206
29448,11448,6.684120990030351e-07,1.0,,,False,1071.6092854170129
29449,11449,6.666379022135516e-07,1.0,,,False,1071.6765019169543
29450,11450,6.663577778454055e-07,1.0,,,False,1071.7439827919006
29451,11451,6.66139897020912e-07,1.0,,,False,1071.813465041807
29452,11452,6.664823217761295e-07,1.0,,,False,1071.8838924579322
29453,11453,6.662643841082172e-07,1.0,,,False,1071.9532292499207
29454,11454,6.681941613351228e-07,1.0,,,False,1072.0208782919217
29455,11455,6.676339125988306e-07,1.0,,,False,1072.1072283748072
29456,11456,6.691902285638207e-07,1.0,,,False,1072.2013466670178
29457,11457,6.643346637247305e-07,1.0,,,False,1072.2976801248733
29458,11458,6.658598294961848e-07,1.0,,,False,1072.4008731669746
29459,11459,6.633075031459157e-07,1.0,,,False,1072.501789166825
29460,11460,6.625293735851301e-07,1.0,,,False,1072.6068895419594
29461,11461,6.630585289713053e-07,1.0,,,False,1072.710749791935
29462,11462,6.645213943556882e-07,1.0,,,False,1072.806818666868
29463,11463,6.639923526563507e-07,1.0,,,False,1072.9106240828987
29464,11464,6.654862545474316e-07,1.0,,,False,1073.0142174579669
29465,11465,6.632142230955651e-07,1.0,,,False,1073.0991349578835
29466,11466,6.641478762503539e-07,1.0,,,False,1073.176636582939
29467,11467,6.618758447984874e-07,1.0,,,False,1073.2758845000062
29468,11468,6.616890573241108e-07,1.0,,,False,1073.3863344169222
29469,11469,6.61253238831705e-07,1.0,,,False,1073.4921875419095
29470,11470,6.600082542718155e-07,1.0,,,False,1073.601376208011
29471,11471,6.59074487430189e-07,1.0,,,False,1073.7067306248937
29472,11472,6.593235184482182e-07,1.0,,,False,1073.8063775419723
29473,11473,6.595725494662474e-07,1.0,,,False,1073.8779357080348
29474,11474,6.60070554658887e-07,1.0,,,False,1073.9461529999971
29475,11475,6.593857619918708e-07,1.0,,,False,1074.0139006669633
29476,11476,6.605997100450622e-07,1.0,,,False,1074.079602832906
29477,11477,6.584209018001275e-07,1.0,,,False,1074.14653183287
29478,11478,6.609731713069777e-07,1.0,,,False,1074.209297833033
29479,11479,6.572381607838906e-07,1.0,,,False,1074.298004125012
29480,11480,6.574249482582672e-07,1.0,,,False,1074.4052222080063
29481,11481,6.543124300151248e-07,1.0,,,False,1074.5119731249288
29482,11482,6.567090053977154e-07,1.0,,,False,1074.619115541922
29483,11483,6.541255856973294e-07,1.0,,,False,1074.7268784579355
29484,11484,6.57051373309514e-07,1.0,,,False,1074.8409978328273
29485,11485,6.543435233652417e-07,1.0,,,False,1074.9368629578967
29486,11486,6.568023991349037e-07,1.0,,,False,1075.033389542019
29487,11487,6.536898808917613e-07,1.0,,,False,1075.1279018749483
29488,11488,6.544057669088943e-07,1.0,,,False,1075.2227812078781
29489,11489,6.523204092445667e-07,1.0,,,False,1075.3250962079037
29490,11490,6.529117513309757e-07,1.0,,,False,1075.4262670830358
29491,11491,6.51853497402044e-07,1.0,,,False,1075.5257164170034
29492,11492,6.517912538583914e-07,1.0,,,False,1075.6235364580061
29493,11493,6.528495077873231e-07,1.0,,,False,1075.7279709579889
29494,11494,6.530362952616997e-07,1.0,,,False,1075.8360116668046
29495,11495,6.514799792967096e-07,1.0,,,False,1075.9376388329547
29496,11496,6.521336217701901e-07,1.0,,,False,1076.0381038750056
29497,11497,6.486476422651322e-07,1.0,,,False,1076.1383624998853
29498,11498,6.497681397377164e-07,1.0,,,False,1076.226258666953
29499,11499,6.466244713010383e-07,1.0,,,False,1076.3298369999975
29500,11500,6.506707563858072e-07,1.0,0.9998881306633851,0.0022769525850273005,False,1076.5511538328137
29501,11501,6.472470204244019e-07,1.0,,,False,1076.658876542002
29502,11502,6.49394621632382e-07,1.0,,,False,1076.7647109169047
29503,11503,6.46500041057152e-07,1.0,,,False,1076.865512207849
29504,11504,6.498615334749047e-07,1.0,,,False,1076.9660783328582
29505,11505,6.464377975134994e-07,1.0,,,False,1077.0585402080324
29506,11506,6.466244713010383e-07,1.0,,,False,1077.1558038748335
29507,11507,6.453484502344509e-07,1.0,,,False,1077.261295416858
29508,11508,6.454417302848015e-07,1.0,,,False,1077.355560041964
29509,11509,6.439788649004186e-07,1.0,,,False,1077.4636677920353
29510,11510,6.434497095142433e-07,1.0,,,False,1077.5583939580247
29511,11511,6.445702638302464e-07,1.0,,,False,1077.6516760829836
29512,11512,6.453794867411489e-07,1.0,,,False,1077.745473666815
29513,11513,6.441345590246783e-07,1.0,,,False,1077.8406564169563
29514,11514,6.439788649004186e-07,1.0,,,False,1077.9339359169826
29515,11515,6.429829113585583e-07,1.0,,,False,1078.0348260418978
29516,11516,6.434497095142433e-07,1.0,,,False,1078.100641625002
29517,11517,6.406796160263184e-07,1.0,,,False,1078.16285520792
29518,11518,6.405550720955944e-07,1.0,,,False,1078.233377541881
29519,11519,6.395591185537342e-07,1.0,,,False,1078.2984761248808
29520,11520,6.404306418517081e-07,1.0,,,False,1078.3648256249726
29521,11521,6.407730097635067e-07,1.0,,,False,1078.4299591248855
29522,11522,6.42049087673513e-07,1.0,,,False,1078.4967942498624
29523,11523,6.409597972378833e-07,1.0,,,False,1078.5651200828142
29524,11524,6.422358751478896e-07,1.0,,,False,1078.631098832935
29525,11525,6.382518904501921e-07,1.0,,,False,1078.695238124812
29526,11526,6.383140771504259e-07,1.0,,,False,1078.7629934169818
29527,11527,6.372558800649131e-07,1.0,,,False,1078.8280323748477
29528,11528,6.360730253618385e-07,1.0,,,False,1078.8923267920036
29529,11529,6.366021239045949e-07,1.0,,,False,1078.9591955828946
29530,11530,6.352637456075172e-07,1.0,,,False,1079.02423654194
29531,11531,6.369756988533481e-07,1.0,,,False,1079.0898329168558
29532,11532,6.376293413268286e-07,1.0,,,False,1079.1544753329363
29533,11533,6.356684707498061e-07,1.0,,,False,1079.2189782499336
29534,11534,6.373180667651468e-07,1.0,,,False,1079.2864880829584
29535,11535,6.339254241538583e-07,1.0,,,False,1079.3512807500083
29536,11536,6.349525278892543e-07,1.0,,,False,1079.4173425829504
29537,11537,6.318711029962287e-07,1.0,,,False,1079.4844237079378
29538,11538,6.326492325570143e-07,1.0,,,False,1079.5522614170332
29539,11539,6.31093030278862e-07,1.0,,,False,1079.6219394998625
29540,11540,6.332406314868422e-07,1.0,,,False,1079.6854614578187
29541,11541,6.308440561042516e-07,1.0,,,False,1079.75219083298
29542,11542,6.3383203041667e-07,1.0,,,False,1079.8264474580064
29543,11543,6.30532724699151e-07,1.0,,,False,1079.909778041998
29544,11544,6.324003152258229e-07,1.0,,,False,1079.9760527079925
29545,11545,6.29225496595609e-07,1.0,,,False,1080.0431205418427
29546,11546,6.302837505245407e-07,1.0,,,False,1080.1090887498576
29547,11547,6.287585847530863e-07,1.0,,,False,1080.175174624892
29548,11548,6.293188334893784e-07,1.0,,,False,1080.2406892918516
29549,11549,6.288831286838104e-07,1.0,,,False,1080.3110498329625
29550,11550,6.295990715443622e-07,1.0,,,False,1080.3770394579042
29551,11551,6.283851234911708e-07,1.0,,,False,1080.4451587079093
29552,11552,6.314976985777321e-07,1.0,,,False,1080.5120175420307
29553,11553,6.265798901949893e-07,1.0,,,False,1080.5781489578076
29554,11554,6.28789734946622e-07,1.0,,,False,1080.6423049578443
29555,11555,6.252726052480284e-07,1.0,,,False,1080.7062853749376
29556,11556,6.260818281589309e-07,1.0,,,False,1080.7744239168242
29557,11557,6.230627036529768e-07,1.0,,,False,1080.844037582865
29558,11558,6.248056934055057e-07,1.0,,,False,1080.9116852919105
29559,11559,6.2343627860173e-07,1.0,,,False,1080.9882785419468
29560,11560,6.276069939303852e-07,1.0,,,False,1081.0792235829867
29561,11561,6.222535375854932e-07,1.0,,,False,1081.1528696669266
29562,11562,6.270156518439762e-07,1.0,,,False,1081.237862457987
29563,11563,6.223780246727983e-07,1.0,,,False,1081.3458917918615
29564,11564,6.24152164618863e-07,1.0,,,False,1081.4335047078785
29565,11565,6.199501854098344e-07,1.0,,,False,1081.5367389998864
29566,11566,6.214754080247076e-07,1.0,,,False,1081.6340311248787
29567,11567,6.208839522514609e-07,1.0,,,False,1081.7259514168836
29568,11568,6.22253594428912e-07,1.0,,,False,1081.802460707957
29569,11569,6.19545630797802e-07,1.0,,,False,1081.8977574999444
29570,11570,6.230005737961619e-07,1.0,,,False,1081.9801424168982
29571,11571,6.19545630797802e-07,1.0,,,False,1082.0627519169357
29572,11572,6.233740919014963e-07,1.0,,,False,1082.1444056669716
29573,11573,6.177714908517373e-07,1.0,,,False,1082.232490208
29574,11574,6.18798708273971e-07,1.0,,,False,1082.34399187495
29575,11575,6.172423923089809e-07,1.0,,,False,1082.449853416998
29576,11576,6.182073093441431e-07,1.0,,,False,1082.5657261668239
29577,11577,6.170868118715589e-07,1.0,,,False,1082.677860833006
29578,11578,6.182072525007243e-07,1.0,,,False,1082.7904455829412
29579,11579,6.157172265375266e-07,1.0,,,False,1082.9007657079492
29580,11580,6.18113858763536e-07,1.0,,,False,1083.0118284998462
29581,11581,6.143166046967963e-07,1.0,,,False,1083.1233206668403
29582,11582,6.191099259922339e-07,1.0,,,False,1083.2283482919447
29583,11583,6.138497496976925e-07,1.0,,,False,1083.3142074579373
29584,11584,6.15188184838189e-07,1.0,,,False,1083.408747291891
29585,11585,6.131649570306763e-07,1.0,,,False,1083.5108568749856
29586,11586,6.132272574177478e-07,1.0,,,False,1083.6165867499076
29587,11587,6.138498065411113e-07,1.0,,,False,1083.7127958328929
29588,11588,6.146278792584781e-07,1.0,,,False,1083.7897482919507
29589,11589,6.11639791259222e-07,1.0,,,False,1083.8685074998066
29590,11590,6.150013405203936e-07,1.0,,,False,1083.943087541964
29591,11591,6.102703196120274e-07,1.0,,,False,1084.0218838748988
29592,11592,6.118889359640889e-07,1.0,,,False,1084.1016464999411
29593,11593,6.094300033510081e-07,1.0,,,False,1084.204688332975
29594,11594,6.099280653870665e-07,1.0,,,False,1084.3059801249765
29595,11595,6.096790912124561e-07,1.0,,,False,1084.4000861670356
29596,11596,6.103326199990988e-07,1.0,,,False,1084.5008660419844
29597,11597,6.083407129153784e-07,1.0,,,False,1084.6019668329973
29598,11598,6.089631483519042e-07,1.0,,,False,1084.6998862079345
29599,11599,6.074691896174045e-07,1.0,,,False,1084.7948016249575
29600,11600,6.09990308930719e-07,1.0,0.9998881306633851,0.0021378591439938817,False,1084.9740597920027
29601,11601,6.062241482140962e-07,1.0,,,False,1085.0687273328658
29602,11602,6.072202154427941e-07,1.0,,,False,1085.1654532919638
29603,11603,6.050103138477425e-07,1.0,,,False,1085.2591673748102
29604,11604,6.057261998648755e-07,1.0,,,False,1085.3606357919052
29605,11605,6.040143034624634e-07,1.0,,,False,1085.4641398750246
29606,11606,6.041076971996517e-07,1.0,,,False,1085.5656023328193
29607,11607,6.043877647243789e-07,1.0,,,False,1085.6590752918273
29608,11608,6.060374175831384e-07,1.0,,,False,1085.7629256669898
29609,11609,6.026136247783143e-07,1.0,,,False,1085.8656503329985
29610,11610,6.035162982698239e-07,1.0,,,False,1085.9661122078542
29611,11611,6.00901785219321e-07,1.0,,,False,1086.0664522498846
29612,11612,6.038898163751583e-07,1.0,,,False,1086.1722879998852
29613,11613,5.999368681841588e-07,1.0,,,False,1086.2809494580142
29614,11614,6.01337546868308e-07,1.0,,,False,1086.3569836248644
29615,11615,6.00061355271464e-07,1.0,,,False,1086.4246240828652
29616,11616,6.011819095874671e-07,1.0,,,False,1086.5052433328237
29617,11617,6.010574225001619e-07,1.0,,,False,1086.6080665418413
29618,11618,6.021156764290936e-07,1.0,,,False,1086.7027508330066
29619,11619,6.004037231832626e-07,1.0,,,False,1086.7969305419829
29620,11620,6.00185899202188e-07,1.0,,,False,1086.892659791978
29621,11621,5.987229769743863e-07,1.0,,,False,1086.9871920000296
29622,11622,5.989097644487629e-07,1.0,,,False,1087.0663869578857
29623,11623,5.987852205180388e-07,1.0,,,False,1087.168760041939
29624,11624,5.976647230454546e-07,1.0,,,False,1087.2727507918607
29625,11625,5.97477935571078e-07,1.0,,,False,1087.366266374942
29626,11626,5.990341946926492e-07,1.0,,,False,1087.462485749973
29627,11627,5.980693345009058e-07,1.0,,,False,1087.5578586249612
29628,11628,5.987852773614577e-07,1.0,,,False,1087.6510772919282
29629,11629,5.966064691165229e-07,1.0,,,False,1087.7456375418697
29630,11630,5.971667178528151e-07,1.0,,,False,1087.841682832921
29631,11631,5.953614277132147e-07,1.0,,,False,1087.9356051248033
29632,11632,5.965442824162892e-07,1.0,,,False,1088.029581332812
29633,11633,5.941476501902798e-07,1.0,,,False,1088.1220679169055
29634,11634,5.967931997474807e-07,1.0,,,False,1088.1924493329134
29635,11635,5.949568162577634e-07,1.0,,,False,1088.2937021669932
29636,11636,5.964196816421463e-07,1.0,,,False,1088.3978489169385
29637,11637,5.949257229076466e-07,1.0,,,False,1088.4937299168669
29638,11638,5.960462203802308e-07,1.0,,,False,1088.5873439169955
29639,11639,5.951746970822569e-07,1.0,,,False,1088.6771551249549
29640,11640,5.949568162577634e-07,1.0,,,False,1088.7702959999442
29641,11641,5.937740752415266e-07,1.0,,,False,1088.8594657080248
29642,11642,5.934628006798448e-07,1.0,,,False,1088.9519622919615
29643,11643,5.941164431533252e-07,1.0,,,False,1089.0449398329947
29644,11644,5.930893394179293e-07,1.0,,,False,1089.1222779999953
29645,11645,5.929647954872053e-07,1.0,,,False,1089.2051361668855
29646,11646,5.943654741713544e-07,1.0,,,False,1089.3005638329778
29647,11647,5.94303173784283e-07,1.0,,,False,1089.401602666825
29648,11648,5.95019059801416e-07,1.0,,,False,1089.5034356669057
29649,11649,5.920310854889976e-07,1.0,,,False,1089.606131374836
29650,11650,5.919376917518093e-07,1.0,,,False,1089.7073057920206
29651,11651,5.906927071919199e-07,1.0,,,False,1089.8052361668088
29652,11652,5.914708367527055e-07,1.0,,,False,1089.9029638748616
29653,11653,5.919999352954619e-07,1.0,,,False,1090.0036356248893
29654,11654,5.919999352954619e-07,1.0,,,False,1090.1036287499592
29655,11655,5.913151994718646e-07,1.0,,,False,1090.2011324579362
29656,11656,5.927780648562475e-07,1.0,,,False,1090.3089077919722
29657,11657,5.91252955928212e-07,1.0,,,False,1090.4129113329109
29658,11658,5.921866659264197e-07,1.0,,,False,1090.5190881669987
29659,11659,5.877669195797353e-07,1.0,,,False,1090.6145170829259
29660,11660,5.91564173646475e-07,1.0,,,False,1090.724841749994
29661,11661,5.881715310351865e-07,1.0,,,False,1090.8222870419268
29662,11662,5.898834274375986e-07,1.0,,,False,1090.9161644999404
29663,11663,5.890741476832773e-07,1.0,,,False,1091.0139970418531
29664,11664,5.89821183893946e-07,1.0,,,False,1091.1026351668406
29665,11665,5.890119041396247e-07,1.0,,,False,1091.1666110418737
29666,11666,5.902880388930498e-07,1.0,,,False,1091.2307200420182
29667,11667,5.875180022485438e-07,1.0,,,False,1091.2960906249937
29668,11668,5.904748263674264e-07,1.0,,,False,1091.3594376249239
29669,11669,5.867708523510373e-07,1.0,,,False,1091.4251165420283
29670,11670,5.882649247723748e-07,1.0,,,False,1091.4894477080088
29671,11671,5.85370230510307e-07,1.0,,,False,1091.555363124935
29672,11672,5.88078194141417e-07,1.0,,,False,1091.618916499894
29673,11673,5.872689712305146e-07,1.0,,,False,1091.6837720000185
29674,11674,5.882649816157937e-07,1.0,,,False,1091.7474283748306
29675,11675,5.857748988091771e-07,1.0,,,False,1091.8124581668526
29676,11676,5.905059765609622e-07,1.0,,,False,1091.8786400419194
29677,11677,5.860550231773232e-07,1.0,,,False,1091.957512541907
29678,11678,5.880782509848359e-07,1.0,,,False,1092.0490293749608
29679,11679,5.860861733708589e-07,1.0,,,False,1092.1529374578968
29680,11680,5.863351475454692e-07,1.0,,,False,1092.2604002498556
29681,11681,5.838140282321547e-07,1.0,,,False,1092.3593738749623
29682,11682,5.854636810909142e-07,1.0,,,False,1092.4582607080229
29683,11683,5.855569611412648e-07,1.0,,,False,1092.5606340419035
29684,11684,5.845610075994045e-07,1.0,,,False,1092.660647999961
29685,11685,5.849033186677843e-07,1.0,,,False,1092.7571187079884
29686,11686,5.862418106516998e-07,1.0,,,False,1092.8584129998926
29687,11687,5.840318522132293e-07,1.0,,,False,1092.954628916923
29688,11688,5.870510335626022e-07,1.0,,,False,1093.0475247078575
29689,11689,5.822266189170477e-07,1.0,,,False,1093.1411153329536
29690,11690,5.848411319675506e-07,1.0,,,False,1093.2360215419903
29691,11691,5.827868676533399e-07,1.0,,,False,1093.3110501668416
29692,11692,5.838140282321547e-07,1.0,,,False,1093.3755483329296
29693,11693,5.833782665831677e-07,1.0,,,False,1093.4431107079145
29694,11694,5.838140282321547e-07,1.0,,,False,1093.5054073748179
29695,11695,5.822577122671646e-07,1.0,,,False,1093.5709585000295
29696,11696,5.851835567227681e-07,1.0,,,False,1093.6373987079132
29697,11697,5.825689299854275e-07,1.0,,,False,1093.7026344579645
29698,11698,5.859927796336706e-07,1.0,,,False,1093.77905891696
29699,11699,5.818219506181777e-07,1.0,,,False,1093.870077374857
29700,11700,5.814173960061453e-07,1.0,0.9998881306633851,0.0020570356003053155,False,1094.0821477919817
29701,11701,5.79581012516428e-07,1.0,,,False,1094.1544523749035
29702,11702,5.8203988828609e-07,1.0,,,False,1094.2209175829776
29703,11703,5.823511628477718e-07,1.0,,,False,1094.285144082969
29704,11704,5.801412612527201e-07,1.0,,,False,1094.3529399998952
29705,11705,5.81604126637103e-07,1.0,,,False,1094.414954916807
29706,11706,5.821332820232783e-07,1.0,,,False,1094.4805520419031
29707,11707,5.810749712509278e-07,1.0,,,False,1094.5461812079884
29708,11708,5.832226293023268e-07,1.0,,,False,1094.6114587078337
29709,11709,5.790518002868339e-07,1.0,,,False,1094.6798936249688
29710,11710,5.82320012654236e-07,1.0,,,False,1094.7770617078058
29711,11711,5.782426342193503e-07,1.0,,,False,1094.8707994578872
29712,11712,5.81324002268957e-07,1.0,,,False,1094.9749852078967
29713,11713,5.787406394119898e-07,1.0,,,False,1095.0744471668731
29714,11714,5.791452508674411e-07,1.0,,,False,1095.1642114999704
29715,11715,5.791141006739053e-07,1.0,,,False,1095.230026166886
29716,11716,5.797054996037332e-07,1.0,,,False,1095.29492591694
29717,11717,5.797366497972689e-07,1.0,,,False,1095.3826034169178
29718,11718,5.815730332869862e-07,1.0,,,False,1095.4596802499145
29719,11719,5.76997592816042e-07,1.0,,,False,1095.5683829579502
29720,11720,5.809193908135057e-07,1.0,,,False,1095.6728618750349
29721,11721,5.754101835009351e-07,1.0,,,False,1095.7449784998316
29722,11722,5.782114840258146e-07,1.0,,,False,1095.8131451248191
29723,11723,5.773088673777238e-07,1.0,,,False,1095.8957313329447
29724,11724,5.773088673777238e-07,1.0,,,False,1095.9916405829135
29725,11725,5.769042559222726e-07,1.0,,,False,1096.1010993330274
29726,11726,5.766552249042434e-07,1.0,,,False,1096.2021734998561
29727,11727,5.771843234469998e-07,1.0,,,False,1096.3063665828668
29728,11728,5.783359711131197e-07,1.0,,,False,1096.4108645829838
29729,11729,5.749122351517144e-07,1.0,,,False,1096.5077368328348
29730,11730,5.775267482022173e-07,1.0,,,False,1096.6010570828803
29731,11731,5.731691885557666e-07,1.0,,,False,1096.7007068328094
29732,11732,5.774955980086816e-07,1.0,,,False,1096.7998319999315
29733,11733,5.725466962758219e-07,1.0,,,False,1096.9084890419617
29734,11734,5.753168466071656e-07,1.0,,,False,1097.0096715418622
29735,11735,5.741963491345814e-07,1.0,,,False,1097.0948105829302
29736,11736,5.760327326242987e-07,1.0,,,False,1097.1742246670183
29737,11737,5.723911158383999e-07,1.0,,,False,1097.2731348748785
29738,11738,5.764996444668213e-07,1.0,,,False,1097.3659403750207
29739,11739,5.730758516619971e-07,1.0,,,False,1097.4652707919013
29740,11740,5.753479968007014e-07,1.0,,,False,1097.560650582891
29741,11741,5.715507427339617e-07,1.0,,,False,1097.6602101249155
29742,11742,5.710216441912053e-07,1.0,,,False,1097.7519116250332
29743,11743,5.713017685593513e-07,1.0,,,False,1097.8424382498488
29744,11744,5.721110483136727e-07,1.0,,,False,1097.93691833294
29745,11745,5.715818360840785e-07,1.0,,,False,1098.0383686248679
29746,11746,5.728579708375037e-07,1.0,,,False,1098.143192624906
29747,11747,5.716129862776143e-07,1.0,,,False,1098.2415498748887
29748,11748,5.738851314163185e-07,1.0,,,False,1098.3401902918704
29749,11749,5.701812142433482e-07,1.0,,,False,1098.4350640829653
29750,11750,5.734493697673315e-07,1.0,,,False,1098.5346969168168
29751,11751,5.686561053153127e-07,1.0,,,False,1098.6434672498144
29752,11752,5.708348567168287e-07,1.0,,,False,1098.7440391669516
29753,11753,5.698389031749684e-07,1.0,,,False,1098.8415449999738
29754,11754,5.696832090507087e-07,1.0,,,False,1098.945161666954
29755,11755,5.694342917195172e-07,1.0,,,False,1099.0396178748924
29756,11756,5.702746079805365e-07,1.0,,,False,1099.1384778749198
29757,11757,5.693408979823289e-07,1.0,,,False,1099.242471957812
29758,11758,5.719242039958772e-07,1.0,,,False,1099.3428652498405
29759,11759,5.677846388607577e-07,1.0,,,False,1099.4437984169926
29760,11760,5.707103127861046e-07,1.0,,,False,1099.5459509578068
29761,11761,5.671309963872773e-07,1.0,,,False,1099.648981457809
29762,11762,5.675667011928454e-07,1.0,,,False,1099.7470838329755
29763,11763,5.671620897373941e-07,1.0,,,False,1099.8424290418625
29764,11764,5.668819653692481e-07,1.0,,,False,1099.9414546668995
29765,11765,5.673488772117707e-07,1.0,,,False,1100.031377124833
29766,11766,5.672865768246993e-07,1.0,,,False,1100.1239351669792
29767,11767,5.656680741594755e-07,1.0,,,False,1100.2164524169639
29768,11768,5.691541105079523e-07,1.0,,,False,1100.3074493748136
29769,11769,5.650455818795308e-07,1.0,,,False,1100.399693083018
29770,11770,5.679402192981797e-07,1.0,,,False,1100.4925406668335
29771,11771,5.640807216877874e-07,1.0,,,False,1100.5824089169037
29772,11772,5.67317727018235e-07,1.0,,,False,1100.6765482078772
29773,11773,5.62835737127898e-07,1.0,,,False,1100.7695120419376
29774,11774,5.648899445986899e-07,1.0,,,False,1100.866002124967
29775,11775,5.641430220748589e-07,1.0,,,False,1100.9547225828283
29776,11776,5.653567995977937e-07,1.0,,,False,1101.0486558328848
29777,11777,5.631781050396967e-07,1.0,,,False,1101.1422769168857
29778,11778,5.656680741594755e-07,1.0,,,False,1101.2375020419713
29779,11779,5.634271360577259e-07,1.0,,,False,1101.3311778330244
29780,11780,5.643296958623978e-07,1.0,,,False,1101.4269316669088
29781,11781,5.619642138299241e-07,1.0,,,False,1101.512511332985
29782,11782,5.622131880045345e-07,1.0,,,False,1101.6234775418416
29783,11783,5.614662086372846e-07,1.0,,,False,1101.7120477498975
29784,11784,5.603768613582361e-07,1.0,,,False,1101.7945520419162
29785,11785,5.615596023744729e-07,1.0,,,False,1101.859533791896
29786,11786,5.612172344626742e-07,1.0,,,False,1101.9204215419013
29787,11787,5.602523742709309e-07,1.0,,,False,1101.9874335420318
29788,11788,5.629602242152032e-07,1.0,,,False,1102.0558252499904
29789,11789,5.584782343248662e-07,1.0,,,False,1102.1222448328044
29790,11790,5.598166126219439e-07,1.0,,,False,1102.1869538750034
29791,11791,5.569842187469476e-07,1.0,,,False,1102.2531782498118
29792,11792,5.590695764112752e-07,1.0,,,False,1102.317939291941
29793,11793,5.569530685534119e-07,1.0,,,False,1102.383822707925
29794,11794,5.582914468504896e-07,1.0,,,False,1102.4510914999992
29795,11795,5.567662810790353e-07,1.0,,,False,1102.515112916939
29796,11796,5.58229203306837e-07,1.0,,,False,1102.5805465828162
29797,11797,5.558014777307108e-07,1.0,,,False,1102.6701374580152
29798,11798,5.586027214121714e-07,1.0,,,False,1102.7748180828057
29799,11799,5.552722655011166e-07,1.0,,,False,1102.8651195829734
29800,11800,5.577001047640806e-07,1.0,0.9998881306633851,0.002099129597946823,False,1102.99655349995
29801,11801,5.54338555502909e-07,1.0,,,False,1103.0633514169604
29802,11802,5.561749389926263e-07,1.0,,,False,1103.1289527500048
29803,11803,5.535604259421234e-07,1.0,,,False,1103.1940263328142
29804,11804,5.55490203169029e-07,1.0,,,False,1103.2565330828074
29805,11805,5.542451617657207e-07,1.0,,,False,1103.3219083750155
29806,11806,5.55490203169029e-07,1.0,,,False,1103.3887382079847
29807,11807,5.538094001167337e-07,1.0,,,False,1103.4548831668217
29808,11808,5.545875865209382e-07,1.0,,,False,1103.5233699579258
29809,11809,5.539650373975746e-07,1.0,,,False,1103.5864724579733
29810,11810,5.539028506973409e-07,1.0,,,False,1103.6507319998927
29811,11811,5.51163793716114e-07,1.0,,,False,1103.717491291929
29812,11812,5.541518248719512e-07,1.0,,,False,1103.7819181669038
29813,11813,5.512571874533023e-07,1.0,,,False,1103.849013207946
29814,11814,5.521287107512762e-07,1.0,,,False,1103.914427457843
29815,11815,5.517239856089873e-07,1.0,,,False,1103.97958116699
29816,11816,5.543696488530259e-07,1.0,,,False,1104.0421002500225
29817,11817,5.509459128916205e-07,1.0,,,False,1104.1084167920053
29818,11818,5.539028506973409e-07,1.0,,,False,1104.1744838748127
29819,11819,5.511949439096497e-07,1.0,,,False,1104.2410621249583
29820,11820,5.544007422031427e-07,1.0,,,False,1104.3085927499924
29821,11821,5.50323363768257e-07,1.0,,,False,1104.3752816668712
29822,11822,5.52471021819656e-07,1.0,,,False,1104.4406572498847
29823,11823,5.509770062417374e-07,1.0,,,False,1104.5041257499252
29824,11824,5.527822395379189e-07,1.0,,,False,1104.568461666815
29825,11825,5.519730734704353e-07,1.0,,,False,1104.6364094170276
29826,11826,5.540272809412272e-07,1.0,,,False,1104.699990291847
29827,11827,5.497008714883123e-07,1.0,,,False,1104.763389499858
29828,11828,5.539961307476915e-07,1.0,,,False,1104.8318205419928
29829,11829,5.489849854711792e-07,1.0,,,False,1104.8920762499329
29830,11830,5.534358820113994e-07,1.0,,,False,1104.957436708035
29831,11831,5.508525759978511e-07,1.0,,,False,1105.0260703749955
29832,11832,5.512571874533023e-07,1.0,,,False,1105.093837124994
29833,11833,5.504790578925167e-07,1.0,,,False,1105.1583224169444
29834,11834,5.524087782760034e-07,1.0,,,False,1105.222403707914
29835,11835,5.484559437718417e-07,1.0,,,False,1105.2888370000292
29836,11836,5.525021151697729e-07,1.0,,,False,1105.3537672918756
29837,11837,5.491406227520201e-07,1.0,,,False,1105.420808166964
29838,11838,5.522219908016268e-07,1.0,,,False,1105.4852916249074
29839,11839,5.48455830085004e-07,1.0,,,False,1105.5471046250314
29840,11840,5.499809958564583e-07,1.0,,,False,1105.612506999867
29841,11841,5.48300249647582e-07,1.0,,,False,1105.6764000419062
29842,11842,5.50012146049994e-07,1.0,,,False,1105.7420112919062
29843,11843,5.467439905260107e-07,1.0,,,False,1105.807741416851
29844,11844,5.518173793461756e-07,1.0,,,False,1105.8732242078986
29845,11845,5.475843636304489e-07,1.0,,,False,1105.936445832951
29846,11846,5.505412445927504e-07,1.0,,,False,1106.0039107080083
29847,11847,5.464639230012835e-07,1.0,,,False,1106.0689312499017
29848,11848,5.501677264874161e-07,1.0,,,False,1106.1290076668374
29849,11849,5.459970111587609e-07,1.0,,,False,1106.1943721668795
29850,11850,5.470863584378094e-07,1.0,,,False,1106.2603307499085
29851,11851,5.46121498246066e-07,1.0,,,False,1106.325393582927
29852,11852,5.473042392623029e-07,1.0,,,False,1106.3919809169602
29853,11853,5.454990628095402e-07,1.0,,,False,1106.4569826668594
29854,11854,5.486737677529163e-07,1.0,,,False,1106.5407574579585
29855,11855,5.442851715997676e-07,1.0,,,False,1106.6356776249595
29856,11856,5.462459853333712e-07,1.0,,,False,1106.7289581669029
29857,11857,5.450010576169007e-07,1.0,,,False,1106.825437166961
29858,11858,5.447831199489883e-07,1.0,,,False,1106.9195990418084
29859,11859,5.454679126160045e-07,1.0,,,False,1107.0136735828128
29860,11860,5.457791303342674e-07,1.0,,,False,1107.1076879578177
29861,11861,5.449076638797123e-07,1.0,,,False,1107.2001329169143
29862,11862,5.463082288770238e-07,1.0,,,False,1107.294963749824
29863,11863,5.429156431091542e-07,1.0,,,False,1107.3911979168188
29864,11864,5.456545864035434e-07,1.0,,,False,1107.4862010418437
29865,11865,5.42075270004716e-07,1.0,,,False,1107.5812083329074
29866,11866,5.439738970380859e-07,1.0,,,False,1107.6769787499215
29867,11867,5.421064201982517e-07,1.0,,,False,1107.773022041889
29868,11868,5.43226917670836e-07,1.0,,,False,1107.868458832847
29869,11869,5.417951456365699e-07,1.0,,,False,1107.963392707985
29870,11870,5.443162649498845e-07,1.0,,,False,1108.0577634170186
29871,11871,5.411104098129726e-07,1.0,,,False,1108.1541623750236
29872,11872,5.443785084935371e-07,1.0,,,False,1108.2492640828714
29873,11873,5.404567673394922e-07,1.0,,,False,1108.3452268748078
29874,11874,5.428845497590373e-07,1.0,,,False,1108.4415732498746
29875,11875,5.418262958301057e-07,1.0,,,False,1108.53653187491
29876,11876,5.420130264610634e-07,1.0,,,False,1108.6332957919221
29877,11877,5.407991352512909e-07,1.0,,,False,1108.7301060419995
29878,11878,5.430090368463425e-07,1.0,,,False,1108.8159277499653
29879,11879,5.399899123403884e-07,1.0,,,False,1108.880187207833
29880,11880,5.422309072855569e-07,1.0,,,False,1108.943896374898
29881,11881,5.394296067606774e-07,1.0,,,False,1109.0106997918338
29882,11882,5.430401301964594e-07,1.0,,,False,1109.078082041815
29883,11883,5.376866170081485e-07,1.0,,,False,1109.1436540829018
29884,11884,5.401143994276936e-07,1.0,,,False,1109.210526124807
29885,11885,5.391806325860671e-07,1.0,,,False,1109.2753979999106
29886,11886,5.411415031630895e-07,1.0,,,False,1109.340605791891
29887,11887,5.381223786571354e-07,1.0,,,False,1109.4078752920032
29888,11888,5.412971404439304e-07,1.0,,,False,1109.4726442918181
29889,11889,5.381535288506711e-07,1.0,,,False,1109.5408361249138
29890,11890,5.419507829174108e-07,1.0,,,False,1109.6068186669145
29891,11891,5.368151505535934e-07,1.0,,,False,1109.6745919999667
29892,11892,5.395852440415183e-07,1.0,,,False,1109.7365569579415
29893,11893,5.376866170081485e-07,1.0,,,False,1109.8016411249992
29894,11894,5.384336532188172e-07,1.0,,,False,1109.869550375035
29895,11895,5.365972697290999e-07,1.0,,,False,1109.933054041816
29896,11896,5.395541506914014e-07,1.0,,,False,1109.9994659170043
29897,11897,5.380601351134828e-07,1.0,,,False,1110.0630722078495
29898,11898,5.398653684096644e-07,1.0,,,False,1110.1311139168683
29899,11899,5.365038759919116e-07,1.0,,,False,1110.1969206249341
29900,11900,5.403945237958396e-07,1.0,0.9998881306633851,0.0020024118996037166,False,1110.3373651669826
29901,11901,5.364104822547233e-07,1.0,,,False,1110.439146374818
29902,11902,5.383091092880932e-07,1.0,,,False,1110.5320873749442
29903,11903,5.360681143429247e-07,1.0,,,False,1110.6265022498555
29904,11904,5.383713528317458e-07,1.0,,,False,1110.7182712499052
29905,11905,5.36441632448259e-07,1.0,,,False,1110.8135560420342
29906,11906,5.405812544267974e-07,1.0,,,False,1110.9057365418412
29907,11907,5.346674925021944e-07,1.0,,,False,1110.9861432919279
29908,11908,5.388382646742684e-07,1.0,,,False,1111.052905374905
29909,11909,5.352588914320222e-07,1.0,,,False,1111.1197099168785
29910,11910,5.35725746431126e-07,1.0,,,False,1111.1882162080146
29911,11911,5.357568397812429e-07,1.0,,,False,1111.25038712495
29912,11912,5.348231297830353e-07,1.0,,,False,1111.3205297919922
29913,11913,5.35009860413993e-07,1.0,,,False,1111.3853368749842
29914,11914,5.36877394097246e-07,1.0,,,False,1111.452410375001
29915,11915,5.340138500287139e-07,1.0,,,False,1111.519808499841
29916,11916,5.363793889046065e-07,1.0,,,False,1111.5829221669119
29917,11917,5.328933525561297e-07,1.0,,,False,1111.6524433749728
29918,11918,5.352588914320222e-07,1.0,,,False,1111.7184028329793
29919,11919,5.318973421708506e-07,1.0,,,False,1111.7830080830026
29920,11920,5.347919795894995e-07,1.0,,,False,1111.8506672079675
29921,11921,5.326443783815193e-07,1.0,,,False,1111.9189841249026
29922,11922,5.345740987650061e-07,1.0,,,False,1111.9803824578412
29923,11923,5.309635753292241e-07,1.0,,,False,1112.0433931248263
29924,11924,5.353211349756748e-07,1.0,,,False,1112.109914291883
29925,11925,5.318039484336623e-07,1.0,,,False,1112.1775715828408
29926,11926,5.338893629414088e-07,1.0,,,False,1112.2418997918721
29927,11927,5.309013317855715e-07,1.0,,,False,1112.307790957857
29928,11928,5.326132281879836e-07,1.0,,,False,1112.3771965829656
29929,11929,5.321152229953441e-07,1.0,,,False,1112.445464124903
29930,11930,5.300298653310165e-07,1.0,,,False,1112.5128998749424
29931,11931,5.323331038198376e-07,1.0,,,False,1112.5777944168076
29932,11932,5.309324819791073e-07,1.0,,,False,1112.6462759999558
29933,11933,5.327377152752888e-07,1.0,,,False,1112.7159657080192
29934,11934,5.29967564943945e-07,1.0,,,False,1112.7851815419272
29935,11935,5.306212074174255e-07,1.0,,,False,1112.8532259999774
29936,11936,5.303722332428151e-07,1.0,,,False,1112.920392749831
29937,11937,5.294073162076529e-07,1.0,,,False,1112.9879244579934
29938,11938,5.320529794516915e-07,1.0,,,False,1113.0534976248164
29939,11939,5.2679280315715e-07,1.0,,,False,1113.1204628329724
29940,11940,5.289716114020848e-07,1.0,,,False,1113.1844198328909
29941,11941,5.287848239277082e-07,1.0,,,False,1113.2462605419569
29942,11942,5.292828291203477e-07,1.0,,,False,1113.313944333
29943,11943,5.274464456306305e-07,1.0,,,False,1113.385097292019
29944,11944,5.288470674713608e-07,1.0,,,False,1113.4797310000286
29945,11945,5.272908083497896e-07,1.0,,,False,1113.5733387498185
29946,11946,5.282557253849518e-07,1.0,,,False,1113.665119666839
29947,11947,5.273530518934422e-07,1.0,,,False,1113.7583316669334
29948,11948,5.266060725261923e-07,1.0,,,False,1113.8474595418666
29949,11949,5.256100621409132e-07,1.0,,,False,1113.9255493329838
29950,11950,5.258901865090593e-07,1.0,,,False,1113.98729666695
29951,11951,5.278199637359648e-07,1.0,,,False,1114.050226958003
29952,11952,5.246140517556341e-07,1.0,,,False,1114.1159115829505
29953,11953,5.254544248600723e-07,1.0,,,False,1114.1863103748765
29954,11954,5.257656994217541e-07,1.0,,,False,1114.2544618749525
29955,11955,5.239915594756894e-07,1.0,,,False,1114.3205300830305
29956,11956,5.266994662633806e-07,1.0,,,False,1114.387006332865
29957,11957,5.231200361777155e-07,1.0,,,False,1114.4922701248433
29958,11958,5.236180413703551e-07,1.0,,,False,1114.6007443750277
29959,11959,5.225909376349591e-07,1.0,,,False,1114.7037660828792
29960,11960,5.25205450685462e-07,1.0,,,False,1114.811678207945
29961,11961,5.22622030985076e-07,1.0,,,False,1114.9021319579333
29962,11962,5.238048288447317e-07,1.0,,,False,1115.006227249978
29963,11963,5.220929324423196e-07,1.0,,,False,1115.1059973749798
29964,11964,5.239293159320368e-07,1.0,,,False,1115.198241124861
29965,11965,5.210969220570405e-07,1.0,,,False,1115.2936499170028
29966,11966,5.226531811786117e-07,1.0,,,False,1115.3901747500058
29967,11967,5.20879041232547e-07,1.0,,,False,1115.4916067919694
29968,11968,5.219995387051313e-07,1.0,,,False,1115.5964458750095
29969,11969,5.190115643927129e-07,1.0,,,False,1115.6988460419234
29970,11970,5.20879041232547e-07,1.0,,,False,1115.8114174578805
29971,11971,5.177976731829403e-07,1.0,,,False,1115.9127690419555
29972,11972,5.187625333746837e-07,1.0,,,False,1116.006879207911
29973,11973,5.182956783755799e-07,1.0,,,False,1116.1109227079432
29974,11974,5.175175488147943e-07,1.0,,,False,1116.2261920419987
29975,11975,5.165526317796321e-07,1.0,,,False,1116.3268120419234
29976,11976,5.180466473575507e-07,1.0,,,False,1116.4393016668037
29977,11977,5.143427870279993e-07,1.0,,,False,1116.542117124889
29978,11978,5.157122586751939e-07,1.0,,,False,1116.6486476669088
29979,11979,5.141871497471584e-07,1.0,,,False,1116.7574202918913
29980,11980,5.143116368344636e-07,1.0,,,False,1116.8520253328606
29981,11981,5.124441599946294e-07,1.0,,,False,1116.946914708009
29982,11982,5.128798648001975e-07,1.0,,,False,1117.0415264999028
29983,11983,5.103276521367661e-07,1.0,,,False,1117.1367924998049
29984,11984,5.120083983456425e-07,1.0,,,False,1117.2354471669532
29985,11985,5.087713930151949e-07,1.0,,,False,1117.3431778748054
29986,11986,5.095183723824448e-07,1.0,,,False,1117.4433819579426
29987,11987,5.083044811726722e-07,1.0,,,False,1117.5470131668262
29988,11988,5.076197453490749e-07,1.0,,,False,1117.64869945799
29989,11989,5.061879733148089e-07,1.0,,,False,1117.755431624828
29990,11990,5.078687195236853e-07,1.0,,,False,1117.8563901670277
29991,11991,5.038535846324521e-07,1.0,,,False,1117.9597222078592
29992,11992,5.065303412266076e-07,1.0,,,False,1118.0596008750144
29993,11993,5.011768280382967e-07,1.0,,,False,1118.1576378748287
29994,11994,5.038847348259878e-07,1.0,,,False,1118.2626659998205
29995,11995,5.016437398808193e-07,1.0,,,False,1118.3621287499554
29996,11996,5.005232424082351e-07,1.0,,,False,1118.4654811669607
29997,11997,5.006166361454234e-07,1.0,,,False,1118.5697762079071
29998,11998,5.000563874091313e-07,1.0,,,False,1118.6672666668892
29999,11999,4.976597551831219e-07,1.0,,,False,1118.7598905419
30000,12000,5.011768848817155e-07,1.0,0.9998881306633851,0.0019170755819645933,False,1118.9689137078822
