step,local_step,train_loss,train_accuracy,test_accuracy,test_loss64,joint_failure,elapsed_seconds
15000,0,5.707494779016997e-07,1.0,1.0,0.0011503106131165904,False,0.21948204189538956
15001,1,5.686864028575656e-07,1.0,,,False,0.43691054196096957
15002,2,5.658903319272213e-07,1.0,,,False,0.5872598339337856
15003,3,5.624451659969054e-07,1.0,,,False,0.7357432087883353
15004,4,5.584793711932434e-07,1.0,,,False,0.8885426667984575
15005,5,5.541132281905448e-07,1.0,,,False,1.0428065839223564
15006,6,5.494464971889101e-07,1.0,,,False,1.1940530419815332
15007,7,5.445756414701464e-07,1.0,,,False,1.3372470838949084
15008,8,5.395787070483493e-07,1.0,,,False,1.4850100418552756
15009,9,5.345127078726364e-07,1.0,,,False,1.6423557919915766
15010,10,5.294369316288794e-07,1.0,,,False,1.799470541998744
15011,11,5.243978762337065e-07,1.0,,,False,1.940541208954528
15012,12,5.19436241575022e-07,1.0,,,False,2.092469999799505
15013,13,5.145840873410634e-07,1.0,,,False,2.2430097088217735
15014,14,5.098721658214345e-07,1.0,,,False,2.3904062919318676
15015,15,5.053191216575215e-07,1.0,,,False,2.5474879588000476
15016,16,5.009358119423268e-07,1.0,,,False,2.7007910839747638
15017,17,4.967413360645878e-07,1.0,,,False,2.8492845417931676
15018,18,4.927420036437979e-07,1.0,,,False,2.9940407499670982
15019,19,4.889596993962186e-07,1.0,,,False,3.150195333873853
15020,20,4.85417672280164e-07,1.0,,,False,3.3003882088232785
15021,21,4.821317816094961e-07,1.0,,,False,3.459879791829735
15022,22,4.791140781890135e-07,1.0,,,False,3.6068894588388503
15023,23,4.76376499136677e-07,1.0,,,False,3.7629048340022564
15024,24,4.739168559808604e-07,1.0,,,False,3.899708417011425
15025,25,4.717337276360922e-07,1.0,,,False,4.054631583858281
15026,26,4.698237319189502e-07,1.0,,,False,4.198453249875456
15027,27,4.681795076066919e-07,1.0,,,False,4.350657125003636
15028,28,4.667907660405035e-07,1.0,,,False,4.500316708814353
15029,29,4.6564670697080146e-07,1.0,,,False,4.649962958879769
15030,30,4.6473209636133106e-07,1.0,,,False,4.807067499961704
15031,31,4.6403258124882996e-07,1.0,,,False,4.968925541965291
15032,32,4.635348318515753e-07,1.0,,,False,5.117275541881099
15033,33,4.632213972399768e-07,1.0,,,False,5.254384416854009
15034,34,4.630804539829114e-07,1.0,,,False,5.408498874865472
15035,35,4.630952048501058e-07,1.0,,,False,5.570387083804235
15036,36,4.6325760649779113e-07,1.0,,,False,5.724478124873713
15037,37,4.6355182803381467e-07,1.0,,,False,5.874770124908537
15038,38,4.639679218598758e-07,1.0,,,False,6.020707292016596
15039,39,4.6449409296656086e-07,1.0,,,False,6.17416812479496
15040,40,4.651173810543696e-07,1.0,,,False,6.341373916948214
15041,41,4.6582354684687743e-07,1.0,,,False,6.492095374967903
15042,42,4.666038933009986e-07,1.0,,,False,6.642662624828517
15043,43,4.674489559874928e-07,1.0,,,False,6.797974959015846
15044,44,4.683457746068598e-07,1.0,,,False,6.942146041896194
15045,45,4.6928121832934266e-07,1.0,,,False,7.096780916908756
15046,46,4.7024255422911665e-07,1.0,,,False,7.254254791885614
15047,47,4.71218243092153e-07,1.0,,,False,7.410339249996468
15048,48,4.7220441956596915e-07,1.0,,,False,7.554465416818857
15049,49,4.731849969630275e-07,1.0,,,False,7.708965958794579
15050,50,4.741562520393927e-07,1.0,,,False,7.859837708994746
15051,51,4.751088056309527e-07,1.0,,,False,8.00860962481238
15052,52,4.760396734582173e-07,1.0,,,False,8.163813541876152
15053,53,4.769370320900634e-07,1.0,,,False,8.32591712498106
15054,54,4.778007109962346e-07,1.0,,,False,8.469411333790049
15055,55,4.786194836015056e-07,1.0,,,False,8.609483334003016
15056,56,4.793932930624578e-07,1.0,,,False,8.760858041932806
15057,57,4.801178761226765e-07,1.0,,,False,8.915339708793908
15058,58,4.807918116966903e-07,1.0,,,False,9.069215624826029
15059,59,4.814131671082578e-07,1.0,,,False,9.220239624846727
15060,60,4.819783043785719e-07,1.0,,,False,9.372767583932728
15061,61,4.824842108064331e-07,1.0,,,False,9.53902416699566
15062,62,4.829303179576527e-07,1.0,,,False,9.693104708800092
15063,63,4.833156594941102e-07,1.0,,,False,9.842438874999061
15064,64,4.836489893023099e-07,1.0,,,False,10.0054959168192
15065,65,4.839164944314689e-07,1.0,,,False,10.162506208987907
15066,66,4.841336362915172e-07,1.0,,,False,10.306887208949775
15067,67,4.842922862735577e-07,1.0,,,False,10.4692503339611
15068,68,4.84392614907847e-07,1.0,,,False,10.605937874875963
15069,69,4.844439445150783e-07,1.0,,,False,10.760412208968773
15070,70,4.844485488320061e-07,1.0,,,False,10.909278249833733
15071,71,4.844058594244416e-07,1.0,,,False,11.05832429183647
15072,72,4.843179226554639e-07,1.0,,,False,11.202001416822895
15073,73,4.841878649131104e-07,1.0,,,False,11.356444916920736
15074,74,4.840173914999468e-07,1.0,,,False,11.501169916940853
15075,75,4.838116751670896e-07,1.0,,,False,11.653822374995798
15076,76,4.835744675801834e-07,1.0,,,False,11.80163999996148
15077,77,4.83305939269485e-07,1.0,,,False,11.960196333937347
15078,78,4.830155262425251e-07,1.0,,,False,12.112158834002912
15079,79,4.827008979191305e-07,1.0,,,False,12.268886333797127
15080,80,4.823683639187948e-07,1.0,,,False,12.427425624802709
15081,81,4.820182084586122e-07,1.0,,,False,12.564023624872789
15082,82,4.816475325242209e-07,1.0,,,False,12.718969083856791
15083,83,4.81267704799393e-07,1.0,,,False,12.860489666927606
15084,84,4.80889923437644e-07,1.0,,,False,13.031180583871901
15085,85,4.805025355381076e-07,1.0,,,False,13.187057041795924
15086,86,4.801114528163453e-07,1.0,,,False,13.340063583804294
15087,87,4.797155952473986e-07,1.0,,,False,13.492485083872452
15088,88,4.793246830558928e-07,1.0,,,False,13.659064541803673
15089,89,4.789341119249002e-07,1.0,,,False,13.816798291867599
15090,90,4.78551953619899e-07,1.0,,,False,13.957552124978974
15091,91,4.781800271302927e-07,1.0,,,False,14.125202208990231
15092,92,4.778162292495836e-07,1.0,,,False,14.270009249914438
15093,93,4.774601052304206e-07,1.0,,,False,14.427009041886777
15094,94,4.771170551975956e-07,1.0,,,False,14.576075749937445
15095,95,4.7678148007435084e-07,1.0,,,False,14.725128833903
15096,96,4.7646068424000987e-07,1.0,,,False,14.885655416874215
15097,97,4.7615321818739176e-07,1.0,,,False,15.037176874931902
15098,98,4.758645104629977e-07,1.0,,,False,15.19189149979502
15099,99,4.755837608172442e-07,1.0,,,False,15.351358708925545
15100,100,4.753162556880852e-07,1.0,1.0,0.001110774366263772,False,15.637880958849564
15101,101,4.750617961235548e-07,1.0,,,False,15.799560374813154
15102,102,4.7482029685852467e-07,1.0,,,False,15.967309041880071
15103,103,4.745954242935113e-07,1.0,,,False,16.13121062493883
15104,104,4.7438672368116386e-07,1.0,,,False,16.284446791978553
15105,105,4.741863222079701e-07,1.0,,,False,16.439479291904718
15106,106,4.739956409594015e-07,1.0,,,False,16.58712891698815
15107,107,4.7382226853187603e-07,1.0,,,False,16.74011604185216
15108,108,4.736626806334243e-07,1.0,,,False,16.892181458882987
15109,109,4.7351170451293e-07,1.0,,,False,17.039549874840304
15110,110,4.7337431396954344e-07,1.0,,,False,17.187103166943416
15111,111,4.73239310849749e-07,1.0,,,False,17.337005208944902
15112,112,4.7311368689406663e-07,1.0,,,False,17.488601541845128
15113,113,4.729926956770214e-07,1.0,,,False,17.63939266698435
15114,114,4.728824762878503e-07,1.0,,,False,17.78899195883423
15115,115,4.7278379611270793e-07,1.0,,,False,17.93069599987939
15116,116,4.726879296867992e-07,1.0,,,False,18.08816424990073
15117,117,4.7259368329832796e-07,1.0,,,False,18.240650874795392
15118,118,4.725061444332823e-07,1.0,,,False,18.386812291806564
15119,119,4.7241530864994274e-07,1.0,,,False,18.529892708873376
15120,120,4.723329993794323e-07,1.0,,,False,18.684831249993294
15121,121,4.722528217371291e-07,1.0,,,False,18.838568416889757
15122,122,4.7217935161825153e-07,1.0,,,False,18.984398250002414
15123,123,4.7210619413817767e-07,1.0,,,False,19.125228583812714
15124,124,4.720307913430588e-07,1.0,,,False,19.27993066678755
15125,125,4.7195166530400456e-07,1.0,,,False,19.431983874877915
15126,126,4.718750687970896e-07,1.0,,,False,19.596232916926965
15127,127,4.718008312920574e-07,1.0,,,False,19.740992499981076
15128,128,4.7172812855933444e-07,1.0,,,False,19.89105287496932
15129,129,4.7164888883344247e-07,1.0,,,False,20.02972683380358
15130,130,4.715681711786601e-07,1.0,,,False,20.17868929193355
15131,131,4.7147949544523726e-07,1.0,,,False,20.328152959002182
15132,132,4.7139440084720263e-07,1.0,,,False,20.47847970901057
15133,133,4.7130512825788173e-07,1.0,,,False,20.627794083906338
15134,134,4.7121690727180976e-07,1.0,,,False,20.771247708937153
15135,135,4.7112453671616095e-07,1.0,,,False,20.93287904188037
15136,136,4.710321377388027e-07,1.0,,,False,21.087094584014267
15137,137,4.709310701400682e-07,1.0,,,False,21.229502291884273
15138,138,4.708292635768885e-07,1.0,,,False,21.380887624807656
15139,139,4.707231084921659e-07,1.0,,,False,21.53662958391942
15140,140,4.706099900886329e-07,1.0,,,False,21.696918417001143
15141,141,4.704909599695384e-07,1.0,,,False,21.852713875006884
15142,142,4.703725551280513e-07,1.0,,,False,22.006064124871045
15143,143,4.7025463345562457e-07,1.0,,,False,22.16431999998167
15144,144,4.701375360127713e-07,1.0,,,False,22.33038774994202
15145,145,4.7000810354802525e-07,1.0,,,False,22.477183749899268
15146,146,4.6988208168841084e-07,1.0,,,False,22.630762291839346
15147,147,4.697477891113522e-07,1.0,,,False,22.7847535838373
15148,148,4.696132691606181e-07,1.0,,,False,22.936856749933213
15149,149,4.694775839197973e-07,1.0,,,False,23.090407333802432
15150,150,4.6933880071264866e-07,1.0,,,False,23.24618749995716
15151,151,4.6919902274566994e-07,1.0,,,False,23.401270292000845
15152,152,4.690605237556156e-07,1.0,,,False,23.553076499840245
15153,153,4.689156298809394e-07,1.0,,,False,23.717350041959435
15154,154,4.687709349582292e-07,1.0,,,False,23.86155545897782
15155,155,4.6862692215654533e-07,1.0,,,False,24.0099322500173
15156,156,4.6847944190631097e-07,1.0,,,False,24.16652745893225
15157,157,4.683259646753868e-07,1.0,,,False,24.31416620896198
15158,158,4.6817439169899444e-07,1.0,,,False,24.47807279182598
15159,159,4.6802315978311526e-07,1.0,,,False,24.631862999871373
15160,160,4.6787900487288425e-07,1.0,,,False,24.77913441695273
15161,161,4.6773288886470255e-07,1.0,,,False,24.930366624845192
15162,162,4.675771947404428e-07,1.0,,,False,25.08773499983363
15163,163,4.674206195431907e-07,1.0,,,False,25.251599666895345
15164,164,4.672699560615001e-07,1.0,,,False,25.40881466679275
15165,165,4.67121566316564e-07,1.0,,,False,25.566324417013675
15166,166,4.669732334150467e-07,1.0,,,False,25.721312999958172
15167,167,4.668212056913035e-07,1.0,,,False,25.8762909588404
15168,168,4.666714517043147e-07,1.0,,,False,26.022950624814257
15169,169,4.6652448304485006e-07,1.0,,,False,26.18192966701463
15170,170,4.6637612172162335e-07,1.0,,,False,26.337785999989137
15171,171,4.662227865992463e-07,1.0,,,False,26.500954624963924
15172,172,4.660743115891819e-07,1.0,,,False,26.654763374943286
15173,173,4.659277692553587e-07,1.0,,,False,26.82085737492889
15174,174,4.6578139745179215e-07,1.0,,,False,26.979542791843414
15175,175,4.6563661726395367e-07,1.0,,,False,27.137089625000954
15176,176,4.6550115939680836e-07,1.0,,,False,27.293811791809276
15177,177,4.6535961928384495e-07,1.0,,,False,27.453090416966006
15178,178,4.652142990835273e-07,1.0,,,False,27.606946291867644
15179,179,4.650694904739794e-07,1.0,,,False,27.757773958845064
15180,180,4.649347999929887e-07,1.0,,,False,27.913043083855882
15181,181,4.647943967484025e-07,1.0,,,False,28.078837499953806
15182,182,4.6465336822620884e-07,1.0,,,False,28.22980579198338
15183,183,4.645129081382038e-07,1.0,,,False,28.378133916994557
15184,184,4.643761712941341e-07,1.0,,,False,28.527942708926275
15185,185,4.6423440380749526e-07,1.0,,,False,28.67413229192607
15186,186,4.6409743958975014e-07,1.0,,,False,28.82969216699712
15187,187,4.639599922029447e-07,1.0,,,False,28.981775749940425
15188,188,4.638301334125572e-07,1.0,,,False,29.127187124919146
15189,189,4.636911512534425e-07,1.0,,,False,29.276706625008956
15190,190,4.635553239040746e-07,1.0,,,False,29.42990087484941
15191,191,4.634233903288987e-07,1.0,,,False,29.580203916877508
15192,192,4.6328540292961407e-07,1.0,,,False,29.73170829191804
15193,193,4.631446302028053e-07,1.0,,,False,29.886635791976005
15194,194,4.6301309453156136e-07,1.0,,,False,30.043943458935246
15195,195,4.6288630528579233e-07,1.0,,,False,30.19474858394824
15196,196,4.627518706001865e-07,1.0,,,False,30.33803995884955
15197,197,4.6261737907116185e-07,1.0,,,False,30.483370541827753
15198,198,4.624850760137633e-07,1.0,,,False,30.64206266682595
15199,199,4.623456959507166e-07,1.0,,,False,30.789139708969742
15200,200,4.6220839067245834e-07,1.0,1.0,0.0011887525320408807,False,31.063220334006473
15201,201,4.620760591933504e-07,1.0,,,False,31.215772083960474
15202,202,4.6194415403988387e-07,1.0,,,False,31.363732624799013
15203,203,4.6180895196812344e-07,1.0,,,False,31.507841208949685
15204,204,4.6167284040166123e-07,1.0,,,False,31.671858624788
15205,205,4.615350235326332e-07,1.0,,,False,31.823847958818078
15206,206,4.6139857090565783e-07,1.0,,,False,31.969185083871707
15207,207,4.612633688338974e-07,1.0,,,False,32.12745633395389
15208,208,4.611284509792313e-07,1.0,,,False,32.27274199994281
15209,209,4.609889856510563e-07,1.0,,,False,32.42610887484625
15210,210,4.6084704763416084e-07,1.0,,,False,32.59356025001034
15211,211,4.607057633165823e-07,1.0,,,False,32.73671999992803
15212,212,4.6056595692789415e-07,1.0,,,False,32.89832279179245
15213,213,4.604247578754439e-07,1.0,,,False,33.054840583819896
15214,214,4.6028486622162745e-07,1.0,,,False,33.21261666691862
15215,215,4.6014324084353575e-07,1.0,,,False,33.374291291926056
15216,216,4.6000207021279493e-07,1.0,,,False,33.54346420895308
15217,217,4.5986215013726905e-07,1.0,,,False,33.70793066686019
15218,218,4.597210363499471e-07,1.0,,,False,33.85902424994856
15219,219,4.5957804672980274e-07,1.0,,,False,34.021372166927904
15220,220,4.594340623498283e-07,1.0,,,False,34.18604950001463
15221,221,4.5929209591122344e-07,1.0,,,False,34.340815708972514
15222,222,4.591513516061241e-07,1.0,,,False,34.4983068339061
15223,223,4.5900520717623294e-07,1.0,,,False,34.65653937496245
15224,224,4.5885843746873434e-07,1.0,,,False,34.81431199982762
15225,225,4.5871757947679725e-07,1.0,,,False,34.979197583859786
15226,226,4.585762667375093e-07,1.0,,,False,35.13722745887935
15227,227,4.5843449925087043e-07,1.0,,,False,35.286829124903306
15228,228,4.582855410717457e-07,1.0,,,False,35.457005666801706
15229,229,4.5813854399057163e-07,1.0,,,False,35.607776374788955
15230,230,4.5798984160683176e-07,1.0,,,False,35.76090112491511
15231,231,4.5784875624121923e-07,1.0,,,False,35.92252212483436
15232,232,4.57708154044667e-07,1.0,,,False,36.08016233379021
15233,233,4.5756374333905114e-07,1.0,,,False,36.229347749846056
15234,234,4.574196736939484e-07,1.0,,,False,36.384462208952755
15235,235,4.5727264819106495e-07,1.0,,,False,36.53129312489182
15236,236,4.571284364374151e-07,1.0,,,False,36.670442124828696
15237,237,4.569860152514593e-07,1.0,,,False,36.82274041697383
15238,238,4.568469194055069e-07,1.0,,,False,36.99045304185711
15239,239,4.5669747805732186e-07,1.0,,,False,37.13847666699439
15240,240,4.5655352209905686e-07,1.0,,,False,37.30046037491411
15241,241,4.564093387671164e-07,1.0,,,False,37.45656695892103
15242,242,4.562673439068021e-07,1.0,,,False,37.61679083388299
15243,243,4.561311186535022e-07,1.0,,,False,37.76690879184753
15244,244,4.5599102804771974e-07,1.0,,,False,37.92074108379893
15245,245,4.5584397412312683e-07,1.0,,,False,38.07503066700883
15246,246,4.55700160273409e-07,1.0,,,False,38.22833358380012
15247,247,4.5555643168881943e-07,1.0,,,False,38.3753091248218
15248,248,4.554169095172256e-07,1.0,,,False,38.53217733395286
15249,249,4.5528057057708793e-07,1.0,,,False,38.67053795885295
15250,250,4.5513795043916616e-07,1.0,,,False,38.82644187496044
15251,251,4.5499837142415345e-07,1.0,,,False,38.97687258385122
15252,252,4.5485197119887744e-07,1.0,,,False,39.122230999870226
15253,253,4.5470494569599396e-07,1.0,,,False,39.270938333822414
15254,254,4.545649403553398e-07,1.0,,,False,39.42260270891711
15255,255,4.5441964857673156e-07,1.0,,,False,39.57361745880917
15256,256,4.542756357750477e-07,1.0,,,False,39.7243280839175
15257,257,4.541349483133672e-07,1.0,,,False,39.87921499996446
15258,258,4.539947155990376e-07,1.0,,,False,40.03161249984987
15259,259,4.538518112440215e-07,1.0,,,False,40.19132316694595
15260,260,4.537083952982357e-07,1.0,,,False,40.34265808388591
15261,261,4.5356739519775147e-07,1.0,,,False,40.492749333847314
15262,262,4.534228992270073e-07,1.0,,,False,40.66842179186642
15263,263,4.5327357156565995e-07,1.0,,,False,40.820104874903336
15264,264,4.5312970087252324e-07,1.0,,,False,40.9628652499523
15265,265,4.529825048393832e-07,1.0,,,False,41.10976229188964
15266,266,4.528369856870995e-07,1.0,,,False,41.2620087498799
15267,267,4.526940244886646e-07,1.0,,,False,41.40700041688979
15268,268,4.52547851637064e-07,1.0,,,False,41.55643366696313
15269,269,4.524039809439273e-07,1.0,,,False,41.70168116688728
15270,270,4.522564722719835e-07,1.0,,,False,41.865929583786055
15271,271,4.5210899202174915e-07,1.0,,,False,42.03199199982919
15272,272,4.5196000542091497e-07,1.0,,,False,42.188394624972716
15273,273,4.5181582208897453e-07,1.0,,,False,42.35171683388762
15274,274,4.5166757445258554e-07,1.0,,,False,42.50461183395237
15275,275,4.51517507826793e-07,1.0,,,False,42.65148991695605
15276,276,4.5136732751416275e-07,1.0,,,False,42.796509166946635
15277,277,4.512237694598298e-07,1.0,,,False,42.952907958999276
15278,278,4.5107509549779934e-07,1.0,,,False,43.11124616698362
15279,279,4.509307416356023e-07,1.0,,,False,43.27275141701102
15280,280,4.507815276610927e-07,1.0,,,False,43.42076083389111
15281,281,4.5063043785376067e-07,1.0,,,False,43.58183016697876
15282,282,4.5048187757856795e-07,1.0,,,False,43.73758279182948
15283,283,4.503330330862809e-07,1.0,,,False,43.88143320893869
15284,284,4.5018433070254105e-07,1.0,,,False,44.03946945886128
15285,285,4.500410852870118e-07,1.0,,,False,44.177806791849434
15286,286,4.4989690195507137e-07,1.0,,,False,44.32517383387312
15287,287,4.4974899537919555e-07,1.0,,,False,44.47850333387032
15288,288,4.495979055718635e-07,1.0,,,False,44.64021399989724
15289,289,4.494454231007694e-07,1.0,,,False,44.78487987490371
15290,290,4.4928981424163794e-07,1.0,,,False,44.945533541962504
15291,291,4.491339495871216e-07,1.0,,,False,45.102033708943054
15292,292,4.489843945520988e-07,1.0,,,False,45.25561658386141
15293,293,4.488330489493819e-07,1.0,,,False,45.40984624996781
15294,294,4.486886098220566e-07,1.0,,,False,45.57101216679439
15295,295,4.485336262405326e-07,1.0,,,False,45.72926841699518
15296,296,4.4837699419986166e-07,1.0,,,False,45.8927529999055
15297,297,4.482225222091074e-07,1.0,,,False,46.056834583869204
15298,298,4.480680786400626e-07,1.0,,,False,46.22387720900588
15299,299,4.4791110553887847e-07,1.0,,,False,46.384812333853915
15300,300,4.4776018626180303e-07,1.0,0.9998881306633851,0.001241552308921769,False,46.67539304192178
15301,301,4.4760895434592385e-07,1.0,,,False,46.83600337500684
15302,302,4.4745647187482973e-07,1.0,,,False,47.01151354191825
15303,303,4.4730703052664467e-07,1.0,,,False,47.1735846248921
15304,304,4.471548606943543e-07,1.0,,,False,47.33523991680704
15305,305,4.4699976342599257e-07,1.0,,,False,47.49296379182488
15306,306,4.468449787964346e-07,1.0,,,False,47.657160041853786
15307,307,4.46689426780722e-07,1.0,,,False,47.82119124988094
15308,308,4.4653728537014103e-07,1.0,,,False,47.97257854184136
15309,309,4.463881282390503e-07,1.0,,,False,48.12417554180138
15310,310,4.4623462258641666e-07,1.0,,,False,48.29037112486549
15311,311,4.460759157609573e-07,1.0,,,False,48.45116270892322
15312,312,4.459214153484936e-07,1.0,,,False,48.617461749818176
15313,313,4.4576825075637316e-07,1.0,,,False,48.76889883400872
15314,314,4.4561622303262993e-07,1.0,,,False,48.92527970881201
15315,315,4.4546879962581443e-07,1.0,,,False,49.07944024982862
15316,316,4.4531549292514683e-07,1.0,,,False,49.224693833850324
15317,317,4.45158804041057e-07,1.0,,,False,49.37875724979676
15318,318,4.4499563500721706e-07,1.0,,,False,49.53694820892997
15319,319,4.4483698502517655e-07,1.0,,,False,49.69705466693267
15320,320,4.446791592727095e-07,1.0,,,False,49.86098129185848
15321,321,4.445206229775067e-07,1.0,,,False,50.01041241688654
15322,322,4.443641046236735e-07,1.0,,,False,50.17223429190926
15323,323,4.4420355038710113e-07,1.0,,,False,50.3198392088525
15324,324,4.440406939920649e-07,1.0,,,False,50.47129683382809
15325,325,4.438774681148061e-07,1.0,,,False,50.61795795895159
15326,326,4.437177096860978e-07,1.0,,,False,50.77615304198116
15327,327,4.435599976204685e-07,1.0,,,False,50.925375333987176
15328,328,4.4340364979689184e-07,1.0,,,False,51.07877533393912
15329,329,4.432494620232319e-07,1.0,,,False,51.23462645895779
15330,330,4.430897888596519e-07,1.0,,,False,51.39207745878957
15331,331,4.4292926304478897e-07,1.0,,,False,51.53695633378811
15332,332,4.427694193509524e-07,1.0,,,False,51.680908833863214
15333,333,4.426101725130138e-07,1.0,,,False,51.826188209000975
15334,334,4.424543931236258e-07,1.0,,,False,51.975461416877806
15335,335,4.422970789619285e-07,1.0,,,False,52.13484899979085
15336,336,4.4214672811904165e-07,1.0,,,False,52.310528041794896
15337,337,4.4199379090059665e-07,1.0,,,False,52.4599829998333
15338,338,4.4184199055052886e-07,1.0,,,False,52.61812691693194
15339,339,4.4168865542815183e-07,1.0,,,False,52.7705353340134
15340,340,4.4153304656902037e-07,1.0,,,False,52.932036167010665
15341,341,4.413761303112551e-07,1.0,,,False,53.089954499853775
15342,342,4.412285079524736e-07,1.0,,,False,53.2480006669648
15343,343,4.4108224983574473e-07,1.0,,,False,53.39898783387616
15344,344,4.4093775386500056e-07,1.0,,,False,53.549377999966964
15345,345,4.4079126837459626e-07,1.0,,,False,53.71957379183732
15346,346,4.40639240650853e-07,1.0,,,False,53.884025333914906
15347,347,4.4048948666386423e-07,1.0,,,False,54.04999891691841
15348,348,4.403412958708941e-07,1.0,,,False,54.21734879189171
15349,349,4.401978230816894e-07,1.0,,,False,54.36905929190107
15350,350,4.4005128074786626e-07,1.0,,,False,54.52987041696906
15351,351,4.3990442577523936e-07,1.0,,,False,54.69366583391093
15352,352,4.3975725816380873e-07,1.0,,,False,54.86025437479839
15353,353,4.396050599098089e-07,1.0,,,False,55.01817999989726
15354,354,4.3946195660282683e-07,1.0,,,False,55.18161562480964
15355,355,4.393127142066078e-07,1.0,,,False,55.32680154195987
15356,356,4.3916750769312785e-07,1.0,,,False,55.47408516681753
15357,357,4.3902403490392317e-07,1.0,,,False,55.63486295891926
15358,358,4.388822389955749e-07,1.0,,,False,55.76678174990229
15359,359,4.387399883398757e-07,1.0,,,False,55.916043374920264
15360,360,4.385903196180152e-07,1.0,,,False,56.067582374904305
15361,361,4.384422425118828e-07,1.0,,,False,56.22441929182969
15362,362,4.382964391425048e-07,1.0,,,False,56.38452991680242
15363,363,4.381486178317573e-07,1.0,,,False,56.5425878749229
15364,364,4.3800397975246597e-07,1.0,,,False,56.69062429200858
15365,365,4.3786559444924933e-07,1.0,,,False,56.849688292015344
15366,366,4.377185973680753e-07,1.0,,,False,57.01466229185462
15367,367,4.375697244540788e-07,1.0,,,False,57.16819041687995
15368,368,4.3742599586948927e-07,1.0,,,False,57.3144521669019
15369,369,4.372852231426805e-07,1.0,,,False,57.46338799991645
15370,370,4.371434556560416e-07,1.0,,,False,57.630888334009796
15371,371,4.369995849629049e-07,1.0,,,False,57.79373729182407
15372,372,4.3685358264156093e-07,1.0,,,False,57.95600162493065
15373,373,4.367094277313299e-07,1.0,,,False,58.11542870895937
15374,374,4.365688823781966e-07,1.0,,,False,58.274965666932985
15375,375,4.3642347691275063e-07,1.0,,,False,58.436038749990985
15376,376,4.3627926515910076e-07,1.0,,,False,58.61783854197711
15377,377,4.361344849712623e-07,1.0,,,False,58.78790245880373
15378,378,4.359892500360729e-07,1.0,,,False,58.94829612481408
15379,379,4.3584131503848766e-07,1.0,,,False,59.112348791910335
15380,380,4.356929821369704e-07,1.0,,,False,59.27117716684006
15381,381,4.3554814510571305e-07,1.0,,,False,59.42915349989198
15382,382,4.3539708372009045e-07,1.0,,,False,59.59148383396678
15383,383,4.352460791778867e-07,1.0,,,False,59.76418970897794
15384,384,4.350989399881655e-07,1.0,,,False,59.947758291848004
15385,385,4.349570019712701e-07,1.0,,,False,60.12538033397868
15386,386,4.3481151124069584e-07,1.0,,,False,60.292084749788046
15387,387,4.34659312986696e-07,1.0,,,False,60.45780595880933
15388,388,4.345076831668848e-07,1.0,,,False,60.60426512500271
15389,389,4.343594923739147e-07,1.0,,,False,60.75849154195748
15390,390,4.342082604580355e-07,1.0,,,False,60.92922495887615
15391,391,4.3406012650848425e-07,1.0,,,False,61.07830533385277
15392,392,4.3391560211603064e-07,1.0,,,False,61.227142499992624
15393,393,4.337595385095483e-07,1.0,,,False,61.37699187500402
15394,394,4.3360975610085006e-07,1.0,,,False,61.540450416971
15395,395,4.33462361115744e-07,1.0,,,False,61.698147458955646
15396,396,4.3331107235644595e-07,1.0,,,False,61.8495738748461
15397,397,4.3316038045304595e-07,1.0,,,False,62.029696041950956
15398,398,4.3301503183101886e-07,1.0,,,False,62.19038266688585
15399,399,4.328647378315509e-07,1.0,,,False,62.3424292919226
15400,400,4.327171438944788e-07,1.0,0.9998881306633851,0.001276159287479827,False,62.65200912486762
15401,401,4.325590907683363e-07,1.0,,,False,62.819591083796695
15402,402,4.324016629198013e-07,1.0,,,False,62.98119566682726
15403,403,4.322398297063046e-07,1.0,,,False,63.13965233392082
15404,404,4.3207882072238135e-07,1.0,,,False,63.28825249988586
15405,405,4.3192412135795166e-07,1.0,,,False,63.44977850001305
15406,406,4.317716104651481e-07,1.0,,,False,63.601187583990395
15407,407,4.316157458106318e-07,1.0,,,False,63.75426129181869
15408,408,4.3145493577867455e-07,1.0,,,False,63.90570016694255
15409,409,4.31293443625691e-07,1.0,,,False,64.04908583383076
15410,410,4.311367547416012e-07,1.0,,,False,64.20049349986948
15411,411,4.309833911975147e-07,1.0,,,False,64.36231733392924
15412,412,4.30823405395131e-07,1.0,,,False,64.52081841696054
15413,413,4.3066438593086787e-07,1.0,,,False,64.67298974981532
15414,414,4.305048264541256e-07,1.0,,,False,64.84089837479405
15415,415,4.303440448438778e-07,1.0,,,False,65.00018645892851
15416,416,4.3018638962166733e-07,1.0,,,False,65.17008983390406
15417,417,4.300273417356948e-07,1.0,,,False,65.31670204200782
15418,418,4.2986781068066193e-07,1.0,,,False,65.4692397089675
15419,419,4.2970506797246344e-07,1.0,,,False,65.62779141683131
15420,420,4.295445421576005e-07,1.0,,,False,65.78172970889136
15421,421,4.293804636290588e-07,1.0,,,False,65.93577133398503
15422,422,4.2921803355966404e-07,1.0,,,False,66.08497416693717
15423,423,4.290562856112956e-07,1.0,,,False,66.23355683381669
15424,424,4.2889598717010813e-07,1.0,,,False,66.39186145900749
15425,425,4.2872829908446874e-07,1.0,,,False,66.54457945888862
15426,426,4.2856731852225494e-07,1.0,,,False,66.70024325000122
15427,427,4.284033252588415e-07,1.0,,,False,66.85801749979146
15428,428,4.2824174784072966e-07,1.0,,,False,67.01050858385861
15429,429,4.2808011357919895e-07,1.0,,,False,67.1726747089997
15430,430,4.279115159988578e-07,1.0,,,False,67.3332486669533
15431,431,4.2774360053954297e-07,1.0,,,False,67.48785504186526
15432,432,4.275778167084354e-07,1.0,,,False,67.65206941682845
15433,433,4.2740796857287933e-07,1.0,,,False,67.80844979197718
15434,434,4.2724178683783975e-07,1.0,,,False,67.95933166681789
15435,435,4.270673059636465e-07,1.0,,,False,68.123331541894
15436,436,4.268999020951014e-07,1.0,,,False,68.2759030838497
15437,437,4.2673090661082824e-07,1.0,,,False,68.43884849990718
15438,438,4.265583868345857e-07,1.0,,,False,68.60190774989314
15439,439,4.2638251329663035e-07,1.0,,,False,68.76614979188889
15440,440,4.2620874296517286e-07,1.0,,,False,68.91939666680992
15441,441,4.260349157902965e-07,1.0,,,False,69.0846320418641
15442,442,4.2585901383063174e-07,1.0,,,False,69.23680258379318
15443,443,4.256696684024064e-07,1.0,,,False,69.39011508389376
15444,444,4.25484415700339e-07,1.0,,,False,69.55814020894468
15445,445,4.2529185861894803e-07,1.0,,,False,69.71280291699804
15446,446,4.2509921627242875e-07,1.0,,,False,69.86791170900688
15447,447,4.248979053045332e-07,1.0,,,False,70.01430391683243
15448,448,4.2469699224056967e-07,1.0,,,False,70.17029358400032
15449,449,4.2448832004993164e-07,1.0,,,False,70.31941466685385
15450,450,4.2427623725416197e-07,1.0,,,False,70.47670854185708
15451,451,4.240574185132573e-07,1.0,,,False,70.62825162499212
15452,452,4.2383246068311564e-07,1.0,,,False,70.77302395901643
15453,453,4.2359772578492993e-07,1.0,,,False,70.92470095888712
15454,454,4.2335815919614106e-07,1.0,,,False,71.08422216679901
15455,455,4.231030175105843e-07,1.0,,,False,71.2409572089091
15456,456,4.2284483470211853e-07,1.0,,,False,71.39190966682509
15457,457,4.225741747632128e-07,1.0,,,False,71.54041399993002
15458,458,4.2229734731336066e-07,1.0,,,False,71.69973912485875
15459,459,4.220077869376837e-07,1.0,,,False,71.86716195894405
15460,460,4.2170196934421256e-07,1.0,,,False,72.01316024991684
15461,461,4.2138040612371697e-07,1.0,,,False,72.15823129191995
15462,462,4.210531869830447e-07,1.0,,,False,72.32156570884399
15463,463,4.207028041491867e-07,1.0,,,False,72.49303324986249
15464,464,4.203477601549821e-07,1.0,,,False,72.6482167087961
15465,465,4.1997594735221355e-07,1.0,,,False,72.82193787489086
15466,466,4.19586569933017e-07,1.0,,,False,72.97703579184599
15467,467,4.1918312376765243e-07,1.0,,,False,73.12607879191637
15468,468,4.187671152067196e-07,1.0,,,False,73.27888154191896
15469,469,4.1833740738184133e-07,1.0,,,False,73.44176408392377
15470,470,4.178999120085791e-07,1.0,,,False,73.60725483391434
15471,471,4.174486605279526e-07,1.0,,,False,73.75749141699634
15472,472,4.1698831410030834e-07,1.0,,,False,73.90168341691606
15473,473,4.165296729752299e-07,1.0,,,False,74.06607187492773
15474,474,4.160594357927039e-07,1.0,,,False,74.21875324985012
15475,475,4.1559340502317355e-07,1.0,,,False,74.36104291700758
15476,476,4.151312680278352e-07,1.0,,,False,74.49926099996082
15477,477,4.1467748701506935e-07,1.0,,,False,74.65873066685162
15478,478,4.142280829455558e-07,1.0,,,False,74.81860299990512
15479,479,4.137902465117804e-07,1.0,,,False,74.96615129197016
15480,480,4.133641198222904e-07,1.0,,,False,75.11607270897366
15481,481,4.1295436403743224e-07,1.0,,,False,75.26072274986655
15482,482,4.125604959881457e-07,1.0,,,False,75.4285433748737
15483,483,4.121838799164834e-07,1.0,,,False,75.59594487491995
15484,484,4.1182767063219217e-07,1.0,,,False,75.75208787480369
15485,485,4.1148859963868745e-07,1.0,,,False,75.9153682498727
15486,486,4.111684859253728e-07,1.0,,,False,76.08171424991451
15487,487,4.1086352098318457e-07,1.0,,,False,76.24318733392283
15488,488,4.105816913124727e-07,1.0,,,False,76.39370695897378
15489,489,4.103233379737503e-07,1.0,,,False,76.55295583396219
15490,490,4.1008163975675416e-07,1.0,,,False,76.71233508386649
15491,491,4.098600356883253e-07,1.0,,,False,76.86545158387162
15492,492,4.0965403513837373e-07,1.0,,,False,77.01719254185446
15493,493,4.094580958735605e-07,1.0,,,False,77.16584674990736
15494,494,4.09276793789104e-07,1.0,,,False,77.31918233400211
15495,495,4.0910316556619364e-07,1.0,,,False,77.47655470878817
15496,496,4.089453113920172e-07,1.0,,,False,77.62766674999148
15497,497,4.0879936591409205e-07,1.0,,,False,77.77867774991319
15498,498,4.0866277117856953e-07,1.0,,,False,77.93351958389394
15499,499,4.0853012706065783e-07,1.0,,,False,78.0989367919974
15500,500,4.084033378148888e-07,1.0,0.9998881306633851,0.001269118539342263,False,78.43447424983606
15501,501,4.082791917880968e-07,1.0,,,False,78.58437149995007
15502,502,4.081616964413115e-07,1.0,,,False,78.7371000838466
15503,503,4.0804627587931463e-07,1.0,,,False,78.89897337486036
15504,504,4.079299742443254e-07,1.0,,,False,79.06022929190658
15505,505,4.0781765164865647e-07,1.0,,,False,79.22844704193994
15506,506,4.0770368059384055e-07,1.0,,,False,79.41203729179688
15507,507,4.0759832131698204e-07,1.0,,,False,79.57435741694644
15508,508,4.074858281910565e-07,1.0,,,False,79.73663066700101
15509,509,4.073711465935048e-07,1.0,,,False,79.89954320900142
15510,510,4.0725740291236434e-07,1.0,,,False,80.07341991690919
15511,511,4.071441708219936e-07,1.0,,,False,80.2279860000126
15512,512,4.070264481015329e-07,1.0,,,False,80.38833508384414
15513,513,4.0690815694688354e-07,1.0,,,False,80.54271025001071
15514,514,4.0679177004676603e-07,1.0,,,False,80.70219641691074
15515,515,4.0667634948476916e-07,1.0,,,False,80.85212204186246
15516,516,4.0656081523593457e-07,1.0,,,False,80.99550887499936
15517,517,4.0644079035700997e-07,1.0,,,False,81.14589008386247
15518,518,4.063243181917642e-07,1.0,,,False,81.2963942089118
15519,519,4.062054301812168e-07,1.0,,,False,81.45030333381146
15520,520,4.060869969180203e-07,1.0,,,False,81.60873066680506
15521,521,4.059724858507252e-07,1.0,,,False,81.76861045882106
15522,522,4.058574916143698e-07,1.0,,,False,81.91491979197599
15523,523,4.0574201420895406e-07,1.0,,,False,82.06022974988446
15524,524,4.056252862483234e-07,1.0,,,False,82.2240720000118
15525,525,4.055122531099187e-07,1.0,,,False,82.37538474984467
15526,526,4.0539407564210705e-07,1.0,,,False,82.5165899170097
15527,527,4.052763244999369e-07,1.0,,,False,82.66872674995102
15528,528,4.051619271194795e-07,1.0,,,False,82.81521262484603
15529,529,4.050471318350901e-07,1.0,,,False,82.9793175838422
15530,530,4.049312849474518e-07,1.0,,,False,83.12808074988425
15531,531,4.048142727697268e-07,1.0,,,False,83.2760849588085
15532,532,4.0469930695508083e-07,1.0,,,False,83.43012720881961
15533,533,4.0457641148350376e-07,1.0,,,False,83.583049666835
15534,534,4.0445618765261315e-07,1.0,,,False,83.73849033401348
15535,535,4.043334058678738e-07,1.0,,,False,83.87885724985972
15536,536,4.0420826508125174e-07,1.0,,,False,84.03053641691804
15537,537,4.0408639279121417e-07,1.0,,,False,84.1788985838648
15538,538,4.039665100208367e-07,1.0,,,False,84.33603916689754
15539,539,4.0384546196037263e-07,1.0,,,False,84.5036291249562
15540,540,4.037197243178525e-07,1.0,,,False,84.66207274980843
15541,541,4.0359992681260337e-07,1.0,,,False,84.82484625000507
15542,542,4.0347623553316225e-07,1.0,,,False,84.97534504183568
15543,543,4.033558695937245e-07,1.0,,,False,85.13961766683497
15544,544,4.0323843109035806e-07,1.0,,,False,85.28449304192327
15545,545,4.031162177398073e-07,1.0,,,False,85.45167929190211
15546,546,4.029963349694299e-07,1.0,,,False,85.61024908395484
15547,547,4.028757416563167e-07,1.0,,,False,85.76025083381683
15548,548,4.0275781998388993e-07,1.0,,,False,85.91633966681547
15549,549,4.0263884670821426e-07,1.0,,,False,86.07090058387257
15550,550,4.0252271560348163e-07,1.0,,,False,86.21746700000949
15551,551,4.0239945064968197e-07,1.0,,,False,86.37228820892051
15552,552,4.022788857582782e-07,1.0,,,False,86.52370462496765
15553,553,4.021570703116595e-07,1.0,,,False,86.68465233384632
15554,554,4.0203505591307476e-07,1.0,,,False,86.83664433378726
15555,555,4.019125299237203e-07,1.0,,,False,86.99976812489331
15556,556,4.017867354377813e-07,1.0,,,False,87.15339883393608
15557,557,4.016606283130386e-07,1.0,,,False,87.29939512489364
15558,558,4.0153167901735287e-07,1.0,,,False,87.4508076668717
15559,559,4.0140304236047086e-07,1.0,,,False,87.6106424590107
15560,560,4.012738656911097e-07,1.0,,,False,87.75982183380984
15561,561,4.011459964203823e-07,1.0,,,False,87.91325258393772
15562,562,4.010165355339268e-07,1.0,,,False,88.06566874985583
15563,563,4.0088008290695143e-07,1.0,,,False,88.21874704188667
15564,564,4.007439713404892e-07,1.0,,,False,88.37061058380641
15565,565,4.0060581341094803e-07,1.0,,,False,88.53412687499076
15566,566,4.00467797589954e-07,1.0,,,False,88.68455116683617
15567,567,4.0033671666606097e-07,1.0,,,False,88.84299720893614
15568,568,4.0019648395173135e-07,1.0,,,False,88.99853654182516
15569,569,4.0006074186749174e-07,1.0,,,False,89.15660833381116
15570,570,3.999210491656413e-07,1.0,,,False,89.31033579190262
15571,571,3.9977757637643663e-07,1.0,,,False,89.4660650419537
15572,572,3.9963231301953783e-07,1.0,,,False,89.62269037496299
15573,573,3.994891528691369e-07,1.0,,,False,89.77228070888668
15574,574,3.993411894498422e-07,1.0,,,False,89.92896358389407
15575,575,3.9919521555020765e-07,1.0,,,False,90.07701729191467
15576,576,3.9904827531245246e-07,1.0,,,False,90.22757916687988
15577,577,3.9890102243589354e-07,1.0,,,False,90.38929812493734
15578,578,3.9874905155556917e-07,1.0,,,False,90.54803141695447
15579,579,3.9859656908447505e-07,1.0,,,False,90.7020782919135
15580,580,3.984446266258601e-07,1.0,,,False,90.86067233397625
15581,581,3.9829268416724517e-07,1.0,,,False,91.01164283393882
15582,582,3.9813824059820035e-07,1.0,,,False,91.17273641680367
15583,583,3.979824612088123e-07,1.0,,,False,91.31734024989419
15584,584,3.978260565418168e-07,1.0,,,False,91.46303583378904
15585,585,3.97669566609693e-07,1.0,,,False,91.61882991692983
15586,586,3.9751193980919197e-07,1.0,,,False,91.77922458387911
15587,587,3.9735226664561196e-07,1.0,,,False,91.91846145899035
15588,588,3.971918829392962e-07,1.0,,,False,92.0741933749523
15589,589,3.970297939304146e-07,1.0,,,False,92.22843341692351
15590,590,3.968659427755483e-07,1.0,,,False,92.3881649998948
15591,591,3.967024326811952e-07,1.0,,,False,92.53956866683438
15592,592,3.965384394177818e-07,1.0,,,False,92.69486829196103
15593,593,3.963730250688968e-07,1.0,,,False,92.83772829198278
15594,594,3.96207752828559e-07,1.0,,,False,93.00301583390683
15595,595,3.9604194057574205e-07,1.0,,,False,93.1668037918862
15596,596,3.9587115452377475e-07,1.0,,,False,93.32711970899254
15597,597,3.9569943055539625e-07,1.0,,,False,93.48654012498446
15598,598,3.955293550461647e-07,1.0,,,False,93.6345100000035
15599,599,3.953556699798355e-07,1.0,,,False,93.7954483749345
15600,600,3.9518241123914777e-07,1.0,0.9998881306633851,0.0012511330923803785,False,94.11929220892489
15601,601,3.9500946513726376e-07,1.0,,,False,94.28379570879042
15602,602,3.9484174862991495e-07,1.0,,,False,94.44232858391479
15603,603,3.9466834778068005e-07,1.0,,,False,94.60081500001252
15604,604,3.9449608379982237e-07,1.0,,,False,94.75250204186887
15605,605,3.9432205767298e-07,1.0,,,False,94.89569299994037
15606,606,3.941433135423722e-07,1.0,,,False,95.04053691681474
15607,607,3.9396547890646616e-07,1.0,,,False,95.20138637488708
15608,608,3.937870758363715e-07,1.0,,,False,95.3652147918474
15609,609,3.936127370707254e-07,1.0,,,False,95.52577187493443
15610,610,3.934371477498644e-07,1.0,,,False,95.67295779194683
15611,611,3.932610468382336e-07,1.0,,,False,95.82522091688588
15612,612,3.930815637431806e-07,1.0,,,False,95.98364133387804
15613,613,3.929008869363315e-07,1.0,,,False,96.14010187494569
15614,614,3.927204659248673e-07,1.0,,,False,96.28961162478663
15615,615,3.9253822592399956e-07,1.0,,,False,96.44572795880958
15616,616,3.9235519011526776e-07,1.0,,,False,96.58678695885465
15617,617,3.921722964150831e-07,1.0,,,False,96.73716158396564
15618,618,3.9198621948344226e-07,1.0,,,False,96.89741999981925
15619,619,3.918010804682126e-07,1.0,,,False,97.05188937485218
15620,620,3.916166235740093e-07,1.0,,,False,97.19268495892175
15621,621,3.9142963714766665e-07,1.0,,,False,97.35764741688035
15622,622,3.912440433850861e-07,1.0,,,False,97.52042016689666
15623,623,3.91058676996181e-07,1.0,,,False,97.6750588750001
15624,624,3.9086285141820554e-07,1.0,,,False,97.81995325000025
15625,625,3.9066944168553164e-07,1.0,,,False,97.96622020890936
15626,626,3.904772256646538e-07,1.0,,,False,98.1110991248861
15627,627,3.902790126630862e-07,1.0,,,False,98.26834316691384
15628,628,3.900880756191327e-07,1.0,,,False,98.41439291695133
15629,629,3.8989273321021756e-07,1.0,,,False,98.57454762491398
15630,630,3.8969267279753694e-07,1.0,,,False,98.73621474998072
15631,631,3.894910776125471e-07,1.0,,,False,98.8873279588297
15632,632,3.8928919821046293e-07,1.0,,,False,99.03808570886031
15633,633,3.8908675037419016e-07,1.0,,,False,99.18861666694283
15634,634,3.8888060771569144e-07,1.0,,,False,99.3503075838089
15635,635,3.886759429860831e-07,1.0,,,False,99.50208070897497
15636,636,3.884753425609233e-07,1.0,,,False,99.65995562495664
15637,637,3.8827161574772617e-07,1.0,,,False,99.82475304184482
15638,638,3.8806444990768796e-07,1.0,,,False,99.98030058387667
15639,639,3.878539871493558e-07,1.0,,,False,100.12451120885089
15640,640,3.8764164855820127e-07,1.0,,,False,100.27332887495868
15641,641,3.8742962260585045e-07,1.0,,,False,100.42619708389975
15642,642,3.87220921993503e-07,1.0,,,False,100.57238333392888
15643,643,3.87015290925774e-07,1.0,,,False,100.72928720898926
15644,644,3.868080398206075e-07,1.0,,,False,100.87921208399348
15645,645,3.866018118969805e-07,1.0,,,False,101.02755862497725
15646,646,3.863962660943798e-07,1.0,,,False,101.18155608396046
15647,647,3.8618549069724395e-07,1.0,,,False,101.33593320893124
15648,648,3.859786659177189e-07,1.0,,,False,101.49531220900826
15649,649,3.857751380564878e-07,1.0,,,False,101.65540679194964
15650,650,3.85570047001238e-07,1.0,,,False,101.80898370896466
15651,651,3.8536967394975363e-07,1.0,,,False,101.95020362478681
15652,652,3.851665155707451e-07,1.0,,,False,102.09679758385755
15653,653,3.8496696674883424e-07,1.0,,,False,102.26197591680102
15654,654,3.8476935060316464e-07,1.0,,,False,102.42096999986097
15655,655,3.845746903152758e-07,1.0,,,False,102.57118179183453
15656,656,3.8438506066995615e-07,1.0,,,False,102.71634791698307
15657,657,3.8419594261540624e-07,1.0,,,False,102.8641569588799
15658,658,3.8401122992581804e-07,1.0,,,False,103.01520475000143
15659,659,3.838264888145204e-07,1.0,,,False,103.17871641693637
15660,660,3.8364237298083026e-07,1.0,,,False,103.33079504198395
15661,661,3.8345933717209846e-07,1.0,,,False,103.48719474999234
15662,662,3.8328329310388654e-07,1.0,,,False,103.63388450001366
15663,663,3.8310793115670094e-07,1.0,,,False,103.7899259168189
15664,664,3.829372872132808e-07,1.0,,,False,103.93546137493104
15665,665,3.82763232664729e-07,1.0,,,False,104.08640391682275
15666,666,3.8259764778558747e-07,1.0,,,False,104.24707754189149
15667,667,3.8242919231379346e-07,1.0,,,False,104.40435312478803
15668,668,3.822639769168745e-07,1.0,,,False,104.5574924168177
15669,669,3.8210396269278135e-07,1.0,,,False,104.71892058383673
15670,670,3.819490927980951e-07,1.0,,,False,104.86152112483978
15671,671,3.817897322733188e-07,1.0,,,False,105.00292037497275
15672,672,3.8163125282153487e-07,1.0,,,False,105.15413891687058
15673,673,3.814793672063388e-07,1.0,,,False,105.30146166682243
15674,674,3.813260889273806e-07,1.0,,,False,105.46204912499525
15675,675,3.811775286521879e-07,1.0,,,False,105.62409408390522
15676,676,3.8102967891973094e-07,1.0,,,False,105.78098824992776
15677,677,3.808820565609494e-07,1.0,,,False,105.9383312498685
15678,678,3.807323878390889e-07,1.0,,,False,106.08329670899548
15679,679,3.8058351492509246e-07,1.0,,,False,106.236846084008
15680,680,3.804352957104129e-07,1.0,,,False,106.38966541690752
15681,681,3.8028849758120487e-07,1.0,,,False,106.53947208379395
15682,682,3.801486627708073e-07,1.0,,,False,106.69684220897034
15683,683,3.8000814583938336e-07,1.0,,,False,106.84580687480047
15684,684,3.7987007317497046e-07,1.0,,,False,106.99958091694862
15685,685,3.797352405854326e-07,1.0,,,False,107.16328666685149
15686,686,3.795958605223859e-07,1.0,,,False,107.31640533381142
15687,687,3.7946145425848954e-07,1.0,,,False,107.46497187484056
15688,688,3.793247742578387e-07,1.0,,,False,107.61535999993794
15689,689,3.791929543695005e-07,1.0,,,False,107.76970291696489
15690,690,3.7906389138697705e-07,1.0,,,False,107.93644608394243
15691,691,3.789347715610347e-07,1.0,,,False,108.09059137501754
15692,692,3.788061917475716e-07,1.0,,,False,108.23706549988128
15693,693,3.786768445479538e-07,1.0,,,False,108.38477799994871
15694,694,3.7854488255106844e-07,1.0,,,False,108.54276958387345
15695,695,3.784167859066656e-07,1.0,,,False,108.69853116688319
15696,696,3.7829033772140974e-07,1.0,,,False,108.84716749982908
15697,697,3.781651116696594e-07,1.0,,,False,109.00068420893513
15698,698,3.7803945929226757e-07,1.0,,,False,109.14377345889807
15699,699,3.7791008367094037e-07,1.0,,,False,109.28309024986811
15700,700,3.777813049055112e-07,1.0,0.9998881306633851,0.0012592637039966102,False,109.59509366680868
15701,701,3.7765423144264787e-07,1.0,,,False,109.75269591691904
15702,702,3.7752710113636567e-07,1.0,,,False,109.90617754193954
15703,703,3.773963328512764e-07,1.0,,,False,110.05379283381626
15704,704,3.7726607615695684e-07,1.0,,,False,110.21064458391629
15705,705,3.771333751956263e-07,1.0,,,False,110.36157508380711
15706,706,3.7700107213822776e-07,1.0,,,False,110.51832741685212
15707,707,3.768709859741648e-07,1.0,,,False,110.6853071670048
15708,708,3.767400471588189e-07,1.0,,,False,110.83081954182126
15709,709,3.7661135365851806e-07,1.0,,,False,110.98213079199195
15710,710,3.764752989354747e-07,1.0,,,False,111.12569545884617
15711,711,3.7634060845448403e-07,1.0,,,False,111.27839316683821
15712,712,3.76205235852467e-07,1.0,,,False,111.42585116694681
15713,713,3.760718243484007e-07,1.0,,,False,111.58242591680028
15714,714,3.759407718462171e-07,1.0,,,False,111.7377114999108
15715,715,3.75803807628472e-07,1.0,,,False,111.89286558399908
15716,716,3.756632054319198e-07,1.0,,,False,112.04437708389014
15717,717,3.755235695734882e-07,1.0,,,False,112.18492012494244
15718,718,3.7538555375249416e-07,1.0,,,False,112.33693133387715
15719,719,3.7524608842431917e-07,1.0,,,False,112.49280716688372
15720,720,3.7510622519221215e-07,1.0,,,False,112.64591095899232
15721,721,3.749661630081391e-07,1.0,,,False,112.79749983386137
15722,722,3.748219796761987e-07,1.0,,,False,112.95633708382957
15723,723,3.7467808056135254e-07,1.0,,,False,113.11727683385834
15724,724,3.7453429513334413e-07,1.0,,,False,113.28259037481621
15725,725,3.7439306765918445e-07,1.0,,,False,113.4280282498803
15726,726,3.7424777588057623e-07,1.0,,,False,113.58220458379947
15727,727,3.741090495168464e-07,1.0,,,False,113.7318487088196
15728,728,3.7396790730781504e-07,1.0,,,False,113.87740929191932
15729,729,3.73825599808697e-07,1.0,,,False,114.0321380419191
15730,730,3.7367672689470055e-07,1.0,,,False,114.18048316682689
15731,731,3.7353677839746524e-07,1.0,,,False,114.32682874985039
15732,732,3.733920266313362e-07,1.0,,,False,114.47349162492901
15733,733,3.732475875040109e-07,1.0,,,False,114.6180484588258
15734,734,3.7310181255634234e-07,1.0,,,False,114.77786562498659
15735,735,3.7296001664799405e-07,1.0,,,False,114.92944662482478
15736,736,3.728100352873298e-07,1.0,,,False,115.07263091695495
15737,737,3.726654256297479e-07,1.0,,,False,115.21584320883267
15738,738,3.725205885984906e-07,1.0,,,False,115.35583870881237
15739,739,3.723773147612519e-07,1.0,,,False,115.50804758397862
15740,740,3.722333303812775e-07,1.0,,,False,115.65766241680831
15741,741,3.720919892202801e-07,1.0,,,False,115.81641416694038
15742,742,3.7195079016782984e-07,1.0,,,False,115.97753158397973
15743,743,3.718065215707611e-07,1.0,,,False,116.119971124921
15744,744,3.7165486332924047e-07,1.0,,,False,116.26194133399986
15745,745,3.715060756803723e-07,1.0,,,False,116.40816833381541
15746,746,3.7135870911697566e-07,1.0,,,False,116.55899520893581
15747,747,3.712130194344354e-07,1.0,,,False,116.70693387486972
15748,748,3.7106366335137864e-07,1.0,,,False,116.85153933381662
15749,749,3.709156715103745e-07,1.0,,,False,117.0000979998149
15750,750,3.707604037117562e-07,1.0,,,False,117.15484829200432
15751,751,3.706023790073232e-07,1.0,,,False,117.3225932919886
15752,752,3.7044381429041096e-07,1.0,,,False,117.47563174995594
15753,753,3.702912181324791e-07,1.0,,,False,117.63576433388516
15754,754,3.7013484188719303e-07,1.0,,,False,117.79098495887592
15755,755,3.6997957408857474e-07,1.0,,,False,117.94687924999744
15756,756,3.698202419855079e-07,1.0,,,False,118.11120141693391
15757,757,3.69658067711498e-07,1.0,,,False,118.26147745898925
15758,758,3.6949535342500894e-07,1.0,,,False,118.42377837491222
15759,759,3.693356518397195e-07,1.0,,,False,118.58022895897739
15760,760,3.6917555235049804e-07,1.0,,,False,118.72387037496082
15761,761,3.6901749922435556e-07,1.0,,,False,118.87692804192193
15762,762,3.688496406084596e-07,1.0,,,False,119.03055691695772
15763,763,3.6868365782538604e-07,1.0,,,False,119.1981911668554
15764,764,3.685161118482938e-07,1.0,,,False,119.35577612486668
15765,765,3.683442173496587e-07,1.0,,,False,119.50991312484257
15766,766,3.681764724206005e-07,1.0,,,False,119.6783322498668
15767,767,3.680043221265805e-07,1.0,,,False,119.86605429183692
15768,768,3.6782321899409e-07,1.0,,,False,120.03623012499884
15769,769,3.67639842124845e-07,1.0,,,False,120.21149904187769
15770,770,3.6745674947269436e-07,1.0,,,False,120.38625449989922
15771,771,3.6727331576003053e-07,1.0,,,False,120.55863845883869
15772,772,3.6708308925881283e-07,1.0,,,False,120.74676058394834
15773,773,3.6689436910819495e-07,1.0,,,False,120.91824979195371
15774,774,3.6669925407295523e-07,1.0,,,False,121.09557270887308
15775,775,3.66498625226086e-07,1.0,,,False,121.26917495881207
15776,776,3.6629714372793387e-07,1.0,,,False,121.46488620899618
15777,777,3.6609390008379705e-07,1.0,,,False,121.6615964169614
15778,778,3.6588357943401206e-07,1.0,,,False,121.85428954195231
15779,779,3.6567658412423043e-07,1.0,,,False,122.08722891681828
15780,780,3.654623981219629e-07,1.0,,,False,122.30335791688412
15781,781,3.6524829738482367e-07,1.0,,,False,122.54611975001171
15782,782,3.650286544143455e-07,1.0,,,False,122.77048270893283
15783,783,3.6480761878010526e-07,1.0,,,False,122.96785937482491
15784,784,3.645812398644921e-07,1.0,,,False,123.17773649981245
15785,785,3.6435591255212785e-07,1.0,,,False,123.39549466688186
15786,786,3.641260946096736e-07,1.0,,,False,123.66685983398929
15787,787,3.639000567545736e-07,1.0,,,False,123.92218145891093
15788,788,3.636683914010064e-07,1.0,,,False,124.15582391689532
15789,789,3.6343456599752244e-07,1.0,,,False,124.42040979187004
15790,790,3.632068796832755e-07,1.0,,,False,124.65455187484622
15791,791,3.6297888073022477e-07,1.0,,,False,124.88213541684672
15792,792,3.6274508374845027e-07,1.0,,,False,125.13450304185972
15793,793,3.6251614687898837e-07,1.0,,,False,125.38290554191917
15794,794,3.6228158251105924e-07,1.0,,,False,125.61048641684465
15795,795,3.6204630760039436e-07,1.0,,,False,125.87009804183617
15796,796,3.618137611738348e-07,1.0,,,False,126.10473258397542
15797,797,3.615785715282982e-07,1.0,,,False,126.36303583392873
15798,798,3.6134483138994256e-07,1.0,,,False,126.60069120884873
15799,799,3.611138765791111e-07,1.0,,,False,126.7923750418704
15800,800,3.6088226806896273e-07,1.0,0.9998881306633851,0.0012673777141139816,False,127.19119133381173
15801,801,3.6065102904103696e-07,1.0,,,False,127.40602212492377
15802,802,3.6042200690644677e-07,1.0,,,False,127.5934380418621
15803,803,3.601918194817699e-07,1.0,,,False,127.80229141679592
15804,804,3.599612909965799e-07,1.0,,,False,128.0163695840165
15805,805,3.597356226237025e-07,1.0,,,False,128.21307191695087
15806,806,3.595055488858634e-07,1.0,,,False,128.42043512500823
15807,807,3.5927459407503193e-07,1.0,,,False,128.5957391669508
15808,808,3.590363064631674e-07,1.0,,,False,128.76789983385243
15809,809,3.588050390135322e-07,1.0,,,False,128.92156995879486
15810,810,3.5857669899996836e-07,1.0,,,False,129.08222708385438
15811,811,3.583454599720426e-07,1.0,,,False,129.23962491680868
15812,812,3.581164662591618e-07,1.0,,,False,129.406461333856
15813,813,3.57884232471406e-07,1.0,,,False,129.556317999959
15814,814,3.576527660698048e-07,1.0,,,False,129.7132183338981
15815,815,3.5742445447795035e-07,1.0,,,False,129.87474224995822
15816,816,3.5719310176318686e-07,1.0,,,False,130.03943024994805
15817,817,3.5696305644705717e-07,1.0,,,False,130.19105329201557
15818,818,3.5672925946528267e-07,1.0,,,False,130.3563338338863
15819,819,3.5650094787342823e-07,1.0,,,False,130.50519549986348
15820,820,3.5627016359285335e-07,1.0,,,False,130.65741879190318
15821,821,3.560452057627117e-07,1.0,,,False,130.81969529180788
15822,822,3.5581697943598556e-07,1.0,,,False,130.9754064588342
15823,823,3.555910552677233e-07,1.0,,,False,131.12951045879163
15824,824,3.553665237632231e-07,1.0,,,False,131.2786934589967
15825,825,3.551454597072734e-07,1.0,,,False,131.43514574994333
15826,826,3.549280336301308e-07,1.0,,,False,131.59154387493618
15827,827,3.547099538536713e-07,1.0,,,False,131.75572137488052
15828,828,3.544884918937896e-07,1.0,,,False,131.9200299589429
15829,829,3.542723732152808e-07,1.0,,,False,132.0711550838314
15830,830,3.5405523135523254e-07,1.0,,,False,132.23688199999742
15831,831,3.538380610734748e-07,1.0,,,False,132.40496195899323
15832,832,3.536218002864189e-07,1.0,,,False,132.56961899995804
15833,833,3.5341003012945293e-07,1.0,,,False,132.72539520892315
15834,834,3.531950767410308e-07,1.0,,,False,132.87156383390538
15835,835,3.5298413081363833e-07,1.0,,,False,133.034448124934
15836,836,3.5277327015137416e-07,1.0,,,False,133.18952045892365
15837,837,3.5255825991953316e-07,1.0,,,False,133.3644082499668
15838,838,3.5234577921983146e-07,1.0,,,False,133.52104116696864
15839,839,3.5213841442782723e-07,1.0,,,False,133.67298904201016
15840,840,3.51933493902834e-07,1.0,,,False,133.82421875
15841,841,3.5173047763237264e-07,1.0,,,False,133.99146016687155
15842,842,3.515241076001985e-07,1.0,,,False,134.16126333386637
15843,843,3.5132029552187305e-07,1.0,,,False,134.33212525001727
15844,844,3.5111921192765294e-07,1.0,,,False,134.49197583389468
15845,845,3.509141492941126e-07,1.0,,,False,134.64513550000265
15846,846,3.5071772686023905e-07,1.0,,,False,134.80947637488134
15847,847,3.5052190128226357e-07,1.0,,,False,134.9659151248634
15848,848,3.5032519463129574e-07,1.0,,,False,135.14872629195452
15849,849,3.5012871535400336e-07,1.0,,,False,135.30590987484902
15850,850,3.499344245483371e-07,1.0,,,False,135.45598683389835
15851,851,3.497391105611314e-07,1.0,,,False,135.6115989589598
15852,852,3.4954064176417887e-07,1.0,,,False,135.7615419588983
15853,853,3.493459530545806e-07,1.0,,,False,135.92065787501633
15854,854,3.4915098012788803e-07,1.0,,,False,136.0754997918848
15855,855,3.489571440695727e-07,1.0,,,False,136.2353711668402
15856,856,3.4876381960202707e-07,1.0,,,False,136.39203433389775
15857,857,3.4857083619499463e-07,1.0,,,False,136.55903687491082
15858,858,3.48376914871551e-07,1.0,,,False,136.71653387486003
15859,859,3.481825672224659e-07,1.0,,,False,136.87089208397083
15860,860,3.4798304682226444e-07,1.0,,,False,137.0326454997994
15861,861,3.4778869917317934e-07,1.0,,,False,137.19459945894778
15862,862,3.475961705134978e-07,1.0,,,False,137.34689908381552
15863,863,3.4740131127364293e-07,1.0,,,False,137.5129362088628
15864,864,3.472021603556641e-07,1.0,,,False,137.67394241690636
15865,865,3.4700693163358665e-07,1.0,,,False,137.82008091686293
15866,866,3.4680940075304534e-07,1.0,,,False,137.97257374995388
15867,867,3.466130351625907e-07,1.0,,,False,138.13767229183577
15868,868,3.464163569333323e-07,1.0,,,False,138.30019012489356
15869,869,3.4622505040715623e-07,1.0,,,False,138.45360258384608
15870,870,3.460305890712334e-07,1.0,,,False,138.61786237498745
15871,871,3.4583794672471413e-07,1.0,,,False,138.77217320888303
15872,872,3.456449064742628e-07,1.0,,,False,138.92337083397433
15873,873,3.454564421190298e-07,1.0,,,False,139.08184595895
15874,874,3.452688304150797e-07,1.0,,,False,139.23015808383934
15875,875,3.4508255453147285e-07,1.0,,,False,139.37512737489305
15876,876,3.448950849360699e-07,1.0,,,False,139.54235008382238
15877,877,3.447094343300705e-07,1.0,,,False,139.69610541686416
15878,878,3.445226468556939e-07,1.0,,,False,139.86302158399485
15879,879,3.4433656992405304e-07,1.0,,,False,140.01180304191075
15880,880,3.441478213517257e-07,1.0,,,False,140.1688967498485
15881,881,3.4396245496282063e-07,1.0,,,False,140.32497170893475
15882,882,3.43777912803489e-07,1.0,,,False,140.49162754183635
15883,883,3.43595786489459e-07,1.0,,,False,140.64955016691238
15884,884,3.4341420018790814e-07,1.0,,,False,140.7952474169433
15885,885,3.432348023579834e-07,1.0,,,False,140.95520587498322
15886,886,3.430512549584819e-07,1.0,,,False,141.12293004198
15887,887,3.4287035077795736e-07,1.0,,,False,141.27412195899524
15888,888,3.4269217508153815e-07,1.0,,,False,141.4229582089465
15889,889,3.42514596241017e-07,1.0,,,False,141.5904210419394
15890,890,3.423384100642579e-07,1.0,,,False,141.74445491679944
15891,891,3.421617975618574e-07,1.0,,,False,141.9094829999376
15892,892,3.419899883283506e-07,1.0,,,False,142.07054187497124
15893,893,3.4181962860202475e-07,1.0,,,False,142.2259329999797
15894,894,3.4165137208219676e-07,1.0,,,False,142.38614887488075
15895,895,3.4148337135775364e-07,1.0,,,False,142.5419967919588
15896,896,3.413130968965561e-07,1.0,,,False,142.70536824990995
15897,897,3.4113958236048347e-07,1.0,,,False,142.85719920881093
15898,898,3.4097240586561384e-07,1.0,,,False,143.01575874979608
15899,899,3.408041777674953e-07,1.0,,,False,143.1691124588251
15900,900,3.406390192139952e-07,1.0,0.9998881306633851,0.0012669285929150012,False,143.50001637497917
15901,901,3.404736332868197e-07,1.0,,,False,143.67175383400172
15902,902,3.403105210963986e-07,1.0,,,False,143.8477329998277
15903,903,3.401418098292197e-07,1.0,,,False,144.0129874588456
15904,904,3.3997693549281394e-07,1.0,,,False,144.18117158394307
15905,905,3.3981626756940386e-07,1.0,,,False,144.3440772499889
15906,906,3.3965321222240163e-07,1.0,,,False,144.48839449998923
15907,907,3.394871441741998e-07,1.0,,,False,144.63533554179594
15908,908,3.3932172982531483e-07,1.0,,,False,144.7971864999272
15909,909,3.391625114090857e-07,1.0,,,False,144.9552420838736
15910,910,3.3900150242516247e-07,1.0,,,False,145.10393045889214
15911,911,3.38839356572862e-07,1.0,,,False,145.24900787486695
15912,912,3.3867590332192776e-07,1.0,,,False,145.4042504997924
15913,913,3.3851222269731807e-07,1.0,,,False,145.56024229200557
15914,914,3.383489683983498e-07,1.0,,,False,145.72352787479758
15915,915,3.381856572559627e-07,1.0,,,False,145.88069774978794
15916,916,3.380188502433157e-07,1.0,,,False,146.0300299997907
15917,917,3.378546011845174e-07,1.0,,,False,146.17837124993093
15918,918,3.3768390039767837e-07,1.0,,,False,146.33449874981306
15919,919,3.375154733475938e-07,1.0,,,False,146.47873541689478
15920,920,3.373456252120377e-07,1.0,,,False,146.63400562480092
15921,921,3.3717898872964724e-07,1.0,,,False,146.7778247089591
15922,922,3.3701232382554736e-07,1.0,,,False,146.92739529185928
15923,923,3.368455168129003e-07,1.0,,,False,147.08100337488577
15924,924,3.3667549814708764e-07,1.0,,,False,147.2465619589202
15925,925,3.365075826877728e-07,1.0,,,False,147.39919745898806
15926,926,3.363305438597308e-07,1.0,,,False,147.55977508379146
15927,927,3.3616004202485783e-07,1.0,,,False,147.7313045838382
15928,928,3.3598806226109446e-07,1.0,,,False,147.883908291813
15929,929,3.358185551860515e-07,1.0,,,False,148.02952991682105
15930,930,3.356447564328846e-07,1.0,,,False,148.187859833939
15931,931,3.3547325983818155e-07,1.0,,,False,148.34043637500145
15932,932,3.353031559072406e-07,1.0,,,False,148.49665516684763
15933,933,3.351320003730507e-07,1.0,,,False,148.649614041904
15934,934,3.3496249329800776e-07,1.0,,,False,148.78834391687997
15935,935,3.3479199146313476e-07,1.0,,,False,148.94675037497655
15936,936,3.346235644130502e-07,1.0,,,False,149.08745099999942
15937,937,3.344559615925391e-07,1.0,,,False,149.23166733398102
15938,938,3.3428679557800933e-07,1.0,,,False,149.38669570884667
15939,939,3.341184822147625e-07,1.0,,,False,149.54300870886073
15940,940,3.339551710723754e-07,1.0,,,False,149.6912113749422
15941,941,3.3379097885699593e-07,1.0,,,False,149.84029912482947
15942,942,3.336271561238391e-07,1.0,,,False,149.98280391679145
15943,943,3.334625375828182e-07,1.0,,,False,150.14211199991405
15944,944,3.3329590110042773e-07,1.0,,,False,150.30065929191187
15945,945,3.3313025937786733e-07,1.0,,,False,150.44860029197298
15946,946,3.329683124775329e-07,1.0,,,False,150.61060566687956
15947,947,3.328067919028399e-07,1.0,,,False,150.76669049984775
15948,948,3.3264586818404496e-07,1.0,,,False,150.91239504190162
15949,949,3.3248377917516336e-07,1.0,,,False,151.07261841697618
15950,950,3.3231953011636506e-07,1.0,,,False,151.22463766695
15951,951,3.3215920325346815e-07,1.0,,,False,151.37836883380078
15952,952,3.3199813742612605e-07,1.0,,,False,151.54052654188126
15953,953,3.318377821415197e-07,1.0,,,False,151.68707758397795
15954,954,3.3167785318255483e-07,1.0,,,False,151.83020116691478
15955,955,3.315200274300878e-07,1.0,,,False,151.99076704191975
15956,956,3.3136302590719424e-07,1.0,,,False,152.13955158391036
15957,957,3.3120113585027866e-07,1.0,,,False,152.2966314589139
15958,958,3.310405816137063e-07,1.0,,,False,152.4422451669816
15959,959,3.308854843453446e-07,1.0,,,False,152.59267487493344
15960,960,3.307266638330475e-07,1.0,,,False,152.7481526248157
15961,961,3.305711970824632e-07,1.0,,,False,152.9039703339804
15962,962,3.3041382607734704e-07,1.0,,,False,153.05926624988206
15963,963,3.302571087715478e-07,1.0,,,False,153.22167637501843
15964,964,3.3009834510266955e-07,1.0,,,False,153.38848629198037
15965,965,3.29945834209866e-07,1.0,,,False,153.54095883388072
15966,966,3.2978903163893847e-07,1.0,,,False,153.69126391690224
15967,967,3.2963382068373903e-07,1.0,,,False,153.84006420895457
15968,968,3.2947781392067554e-07,1.0,,,False,153.99697179184295
15969,969,3.293250472324871e-07,1.0,,,False,154.15290062478743
15970,970,3.291657151294203e-07,1.0,,,False,154.3056105838623
15971,971,3.2901408530960907e-07,1.0,,,False,154.45611212495714
15972,972,3.2885878908928134e-07,1.0,,,False,154.60798799991608
15973,973,3.2870622135305894e-07,1.0,,,False,154.76254737493582
15974,974,3.2855544418453064e-07,1.0,,,False,154.90737079200335
15975,975,3.284068839093379e-07,1.0,,,False,155.06175987492315
15976,976,3.2825388984747406e-07,1.0,,,False,155.2116373339668
15977,977,3.2810066841193475e-07,1.0,,,False,155.37019691686146
15978,978,3.27947617506652e-07,1.0,,,False,155.53694383380935
15979,979,3.2779638559077284e-07,1.0,,,False,155.69667458394542
15980,980,3.2764373258942214e-07,1.0,,,False,155.85274954186752
15981,981,3.274932112162787e-07,1.0,,,False,156.0141357500106
15982,982,3.2733655075389834e-07,1.0,,,False,156.16669391700998
15983,983,3.27187422044517e-07,1.0,,,False,156.325593666872
15984,984,3.2703059105188004e-07,1.0,,,False,156.4800034170039
15985,985,3.2687111684026604e-07,1.0,,,False,156.63464020891115
15986,986,3.267139163654065e-07,1.0,,,False,156.7872513749171
15987,987,3.265599843871314e-07,1.0,,,False,156.94514362490736
15988,988,3.264058250351809e-07,1.0,,,False,157.09484662488103
15989,989,3.2624703294459323e-07,1.0,,,False,157.25815958390012
15990,990,3.2608832611913385e-07,1.0,,,False,157.40104491682723
15991,991,3.2593194987384777e-07,1.0,,,False,157.55781995900907
15992,992,3.257752894114674e-07,1.0,,,False,157.70115949981846
15993,993,3.256160994169477e-07,1.0,,,False,157.85824554180726
15994,994,3.254561704579828e-07,1.0,,,False,158.01346037490293
15995,995,3.2529214877285995e-07,1.0,,,False,158.15830587479286
15996,996,3.251262512549147e-07,1.0,,,False,158.30801712488756
15997,997,3.2496075164090144e-07,1.0,,,False,158.45562812499702
15998,998,3.247974120768049e-07,1.0,,,False,158.61791458399966
15999,999,3.246310029680899e-07,1.0,,,False,158.77441779198125
16000,1000,3.244657307277521e-07,1.0,0.9998881306633851,0.0012964123585488786,False,159.09860683395527
16001,1001,3.2429423413304903e-07,1.0,,,False,159.2970711668022
16002,1002,3.2412552286587015e-07,1.0,,,False,159.43682062486187
16003,1003,3.239543957533897e-07,1.0,,,False,159.59141537500545
16004,1004,3.237850023651845e-07,1.0,,,False,159.73814545897767
16005,1005,3.236077930068859e-07,1.0,,,False,159.89170716679655
16006,1006,3.2342745726055e-07,1.0,,,False,160.0525314169936
16007,1007,3.232474341530178e-07,1.0,,,False,160.2012700419873
16008,1008,3.230651088870218e-07,1.0,,,False,160.35075541678816
16009,1009,3.2288502893607074e-07,1.0,,,False,160.50015333388
16010,1010,3.2270040151161083e-07,1.0,,,False,160.65590045880526
16011,1011,3.2251980996989005e-07,1.0,,,False,160.81467699981295
16012,1012,3.2232912872132147e-07,1.0,,,False,160.97127116681077
16013,1013,3.2213569056693814e-07,1.0,,,False,161.13343762489967
16014,1014,3.2194390087170177e-07,1.0,,,False,161.29162279190496
16015,1015,3.2174671105167363e-07,1.0,,,False,161.4460694999434
16016,1016,3.215524486677168e-07,1.0,,,False,161.590178999817
16017,1017,3.2135824312717887e-07,1.0,,,False,161.74681429192424
16018,1018,3.211565626770607e-07,1.0,,,False,161.89979695901275
16019,1019,3.2095616120386694e-07,1.0,,,False,162.0598363338504
16020,1020,3.207505585578474e-07,1.0,,,False,162.2133250418119
16021,1021,3.2054651910584653e-07,1.0,,,False,162.3642554169055
16022,1022,3.203410017249553e-07,1.0,,,False,162.5087426668033
16023,1023,3.2013571171773947e-07,1.0,,,False,162.66472820891067
16024,1024,3.199244815732527e-07,1.0,,,False,162.82459291699342
16025,1025,3.197154683221015e-07,1.0,,,False,162.97055129194632
16026,1026,3.1950497714205994e-07,1.0,,,False,163.12970995879732
16027,1027,3.1929204169500736e-07,1.0,,,False,163.28410141682252
16028,1028,3.190815505149658e-07,1.0,,,False,163.44911304186098
16029,1029,3.188679613685963e-07,1.0,,,False,163.61799062485807
16030,1030,3.186558501511172e-07,1.0,,,False,163.78620795882307
16031,1031,3.1844473369346815e-07,1.0,,,False,163.93974062497728
16032,1032,3.1823597623770183e-07,1.0,,,False,164.09202066692524
16033,1033,3.1802741773390153e-07,1.0,,,False,164.24134041694924
16034,1034,3.1782292353454977e-07,1.0,,,False,164.41115570883267
16035,1035,3.176171219365642e-07,1.0,,,False,164.55891545885243
16036,1036,3.174110929649032e-07,1.0,,,False,164.71608837484382
16037,1037,3.1720389870315557e-07,1.0,,,False,164.8704949999228
16038,1038,3.1700074032414705e-07,1.0,,,False,165.01040783384815
16039,1039,3.1679994094702124e-07,1.0,,,False,165.16316437488422
16040,1040,3.1659962473895575e-07,1.0,,,False,165.31561887497082
16041,1041,3.1640752240491565e-07,1.0,,,False,165.46893654181622
16042,1042,3.162157611313887e-07,1.0,,,False,165.62905445881188
16043,1043,3.160235735322203e-07,1.0,,,False,165.7882492498029
16044,1044,3.158353933940816e-07,1.0,,,False,165.93917062482797
16045,1045,3.156493448841502e-07,1.0,,,False,166.09387687500566
16046,1046,3.1547008916277264e-07,1.0,,,False,166.2457278338261
16047,1047,3.152902081637876e-07,1.0,,,False,166.39950424991548
16048,1048,3.1511115139437607e-07,1.0,,,False,166.55196970887482
16049,1049,3.1493192409470794e-07,1.0,,,False,166.6953238339629
16050,1050,3.147563347738469e-07,1.0,,,False,166.8685249169357
16051,1051,3.145857476738456e-07,1.0,,,False,167.02382187498733
16052,1052,3.144179174796591e-07,1.0,,,False,167.17536499979906
16053,1053,3.142560274227435e-07,1.0,,,False,167.32995679182932
16054,1054,3.140974058624124e-07,1.0,,,False,167.48376833391376
16055,1055,3.139420243769564e-07,1.0,,,False,167.64724650001153
16056,1056,3.1378559128825145e-07,1.0,,,False,167.80884199985303
16057,1057,3.136362636269041e-07,1.0,,,False,167.96137841697782
16058,1058,3.13493160319922e-07,1.0,,,False,168.12776854191907
16059,1059,3.133531834009773e-07,1.0,,,False,168.27680258383043
16060,1060,3.1321403071160603e-07,1.0,,,False,168.43901783390902
16061,1061,3.130795676042908e-07,1.0,,,False,168.5935016667936
16062,1062,3.12945331870651e-07,1.0,,,False,168.742403708864
16063,1063,3.128163541532558e-07,1.0,,,False,168.8989932499826
16064,1064,3.126928334040713e-07,1.0,,,False,169.06392974988557
16065,1065,3.125694831851433e-07,1.0,,,False,169.2087316669058
16066,1066,3.124511351870751e-07,1.0,,,False,169.37209041696042
16067,1067,3.1233039976541477e-07,1.0,,,False,169.5306417918764
16068,1068,3.1221503604683676e-07,1.0,,,False,169.71013212483376
16069,1069,3.1209791018227406e-07,1.0,,,False,169.8721723749768
16070,1070,3.1198527494780137e-07,1.0,,,False,170.03923316695727
16071,1071,3.118743450158945e-07,1.0,,,False,170.19680262496695
16072,1072,3.1176185188996897e-07,1.0,,,False,170.36098212492652
16073,1073,3.1165302516455995e-07,1.0,,,False,170.52611862495542
16074,1074,3.115454774160753e-07,1.0,,,False,170.67637249990366
16075,1075,3.114364801604097e-07,1.0,,,False,170.83957508392632
16076,1076,3.1132947242440423e-07,1.0,,,False,171.00349862501025
16077,1077,3.1122385735216085e-07,1.0,,,False,171.15734912501648
16078,1078,3.1111551379581215e-07,1.0,,,False,171.31400637491606
16079,1079,3.110068576006597e-07,1.0,,,False,171.46711650001816
16080,1080,3.1090144148038235e-07,1.0,,,False,171.62311308388598
16081,1081,3.107934105628374e-07,1.0,,,False,171.78086029179394
16082,1082,3.106850101630698e-07,1.0,,,False,171.923485416919
16083,1083,3.105758992205665e-07,1.0,,,False,172.06657920894213
16084,1084,3.104638324202824e-07,1.0,,,False,172.23018229193985
16085,1085,3.103562278283789e-07,1.0,,,False,172.3997042919509
16086,1086,3.102446157754457e-07,1.0,,,False,172.555174583802
16087,1087,3.101321510712296e-07,1.0,,,False,172.70849783392623
16088,1088,3.1002085165710014e-07,1.0,,,False,172.86320220888592
16089,1089,3.0990869959168776e-07,1.0,,,False,173.0229513340164
16090,1090,3.0979043685874785e-07,1.0,,,False,173.1761870838236
16091,1091,3.096742773323058e-07,1.0,,,False,173.32561387494206
16092,1092,3.095560430210753e-07,1.0,,,False,173.4856361669954
16093,1093,3.0943567708163755e-07,1.0,,,False,173.63906208379194
16094,1094,3.0931329320083023e-07,1.0,,,False,173.78215299989097
16095,1095,3.091927851528453e-07,1.0,,,False,173.94287504185922
16096,1096,3.0906755910109496e-07,1.0,,,False,174.09598179184832
16097,1097,3.089417930368654e-07,1.0,,,False,174.25472133397125
16098,1098,3.0881264478921366e-07,1.0,,,False,174.4109437498264
16099,1099,3.086812228048075e-07,1.0,,,False,174.57311558397487
16100,1100,3.085491755427938e-07,1.0,1.0,0.001314872950992577,False,174.8952864999883
16101,1101,3.0841616194265953e-07,1.0,,,False,175.04619816690683
16102,1102,3.082828357037215e-07,1.0,,,False,175.20330462488346
16103,1103,3.081500210555532e-07,1.0,,,False,175.36120558390394
16104,1104,3.0801405159763817e-07,1.0,,,False,175.51982454187237
16105,1105,3.078717156768107e-07,1.0,,,False,175.67231837497093
16106,1106,3.0773264825256774e-07,1.0,,,False,175.83964820881374
16107,1107,3.075923871165287e-07,1.0,,,False,176.00053587486036
16108,1108,3.074525238844217e-07,1.0,,,False,176.16287162480876
16109,1109,3.073141954246239e-07,1.0,,,False,176.31510504195467
16110,1110,3.071714615998644e-07,1.0,,,False,176.4679606249556
16111,1111,3.0702733511134284e-07,1.0,,,False,176.62554783397354
16112,1112,3.068807075123914e-07,1.0,,,False,176.77573487488553
16113,1113,3.0673655260216037e-07,1.0,,,False,176.92088087485172
16114,1114,3.0658844707431854e-07,1.0,,,False,177.0739737499971
16115,1115,3.064420184273331e-07,1.0,,,False,177.22379958396778
16116,1116,3.062932876218838e-07,1.0,,,False,177.37821279186755
16117,1117,3.061430504658347e-07,1.0,,,False,177.5383406248875
16118,1118,3.0599449019064195e-07,1.0,,,False,177.687294999836
16119,1119,3.0584629939767183e-07,1.0,,,False,177.8424653338734
16120,1120,3.0569805176128284e-07,1.0,,,False,177.98928549978882
16121,1121,3.055505715110485e-07,1.0,,,False,178.15072979195975
16122,1122,3.054052228890214e-07,1.0,,,False,178.31282008392736
16123,1123,3.052623185340053e-07,1.0,,,False,178.4580177089665
16124,1124,3.0511577620018215e-07,1.0,,,False,178.62456504185684
16125,1125,3.0497014336106076e-07,1.0,,,False,178.78388862498105
16126,1126,3.0482812007903703e-07,1.0,,,False,178.9566697499249
16127,1127,3.0468288514384767e-07,1.0,,,False,179.12304712482728
16128,1128,3.0454162924797856e-07,1.0,,,False,179.28940891684033
16129,1129,3.04404636608524e-07,1.0,,,False,179.46113158389926
16130,1130,3.042665639441111e-07,1.0,,,False,179.63001424982212
16131,1131,3.0413059448619606e-07,1.0,,,False,179.8020102919545
16132,1132,3.0399652928281284e-07,1.0,,,False,179.96369591681287
16133,1133,3.0386397043002944e-07,1.0,,,False,180.12527745892294
16134,1134,3.0373468007383053e-07,1.0,,,False,180.28133570891805
16135,1135,3.036065834294277e-07,1.0,,,False,180.45015537482686
16136,1136,3.034768099041685e-07,1.0,,,False,180.61799687496386
16137,1137,3.033480879821582e-07,1.0,,,False,180.78112420882098
16138,1138,3.0322235033963807e-07,1.0,,,False,180.94172424986027
16139,1139,3.0309706744446885e-07,1.0,,,False,181.1169169167988
16140,1140,3.02973461430156e-07,1.0,,,False,181.27702637482435
16141,1141,3.028561934570462e-07,1.0,,,False,181.440098333871
16142,1142,3.027378738806874e-07,1.0,,,False,181.61160929198377
16143,1143,3.026216006674076e-07,1.0,,,False,181.78548841690645
16144,1144,3.025049011284864e-07,1.0,,,False,181.96565941697918
16145,1145,3.023910721822176e-07,1.0,,,False,182.1315041668713
16146,1146,3.022819612397143e-07,1.0,,,False,182.2897026669234
16147,1147,3.0217285029721097e-07,1.0,,,False,182.45401816698723
16148,1148,3.0206675205590727e-07,1.0,,,False,182.63107529189438
16149,1149,3.0196196121323737e-07,1.0,,,False,182.81034149997868
16150,1150,3.018607515059557e-07,1.0,,,False,182.99014058383182
16151,1151,3.0176076393217954e-07,1.0,,,False,183.1925813748967
16152,1152,3.0166188480507117e-07,1.0,,,False,183.3831324169878
16153,1153,3.015650804627512e-07,1.0,,,False,183.55265874997713
16154,1154,3.014679350599181e-07,1.0,,,False,183.73651399998926
16155,1155,3.013716707300773e-07,1.0,,,False,183.9176773747895
16156,1156,3.012801528257114e-07,1.0,,,False,184.09737691679038
16157,1157,3.0118437166493095e-07,1.0,,,False,184.27372195897624
16158,1158,3.0108873261269764e-07,1.0,,,False,184.44876287481748
16159,1159,3.0099658943072427e-07,1.0,,,False,184.6140097498428
16160,1160,3.0090552627370926e-07,1.0,,,False,184.78338941698894
16161,1161,3.008152873462677e-07,1.0,,,False,184.94963216688484
16162,1162,3.007231157425849e-07,1.0,,,False,185.1285067088902
16163,1163,3.006298925356532e-07,1.0,,,False,185.30108845885843
16164,1164,3.005378061970987e-07,1.0,,,False,185.45468462491408
16165,1165,3.004457482802536e-07,1.0,,,False,185.64278483390808
16166,1166,3.0035334930289537e-07,1.0,,,False,185.8288977087941
16167,1167,3.0026257036297466e-07,1.0,,,False,185.99673766689375
16168,1168,3.0017170615792566e-07,1.0,,,False,186.16575483395718
16169,1169,3.0007618079253007e-07,1.0,,,False,186.34397645900026
16170,1170,2.999814228132891e-07,1.0,,,False,186.52416687482037
16171,1171,2.9988535743541433e-07,1.0,,,False,186.70198516687378
16172,1172,2.9978514248796273e-07,1.0,,,False,186.88537591695786
16173,1173,2.996838759372622e-07,1.0,,,False,187.05477541685104
16174,1174,2.9958167147015047e-07,1.0,,,False,187.23284108401276
16175,1175,2.9947912594252557e-07,1.0,,,False,187.4207874168642
16176,1176,2.993738235090859e-07,1.0,,,False,187.59383987495676
16177,1177,2.992669578816276e-07,1.0,,,False,187.77893674978986
16178,1178,2.991588985423732e-07,1.0,,,False,187.95691800001077
16179,1179,2.990487644183304e-07,1.0,,,False,188.1326158749871
16180,1180,2.9893794817326125e-07,1.0,,,False,188.30884349998087
16181,1181,2.9882221497246064e-07,1.0,,,False,188.4952490418218
16182,1182,2.98708528134739e-07,1.0,,,False,188.6681612499524
16183,1183,2.9859114647479146e-07,1.0,,,False,188.850805999944
16184,1184,2.9847234372937237e-07,1.0,,,False,189.03287020884454
16185,1185,2.983509546083951e-07,1.0,,,False,189.21384820900857
16186,1186,2.9823050340382906e-07,1.0,,,False,189.39861541683786
16187,1187,2.9810297519361484e-07,1.0,,,False,189.5742025419604
16188,1188,2.9797519118801574e-07,1.0,,,False,189.76136349979788
16189,1189,2.9784467869831133e-07,1.0,,,False,189.93528645881452
16190,1190,2.9771624099339533e-07,1.0,,,False,190.11454733391292
16191,1191,2.975854158648872e-07,1.0,,,False,190.30223004193977
16192,1192,2.974550454837299e-07,1.0,,,False,190.481596916914
16193,1193,2.9731916129094316e-07,1.0,,,False,190.65540641685948
16194,1194,2.9718697192038235e-07,1.0,,,False,190.82838966697454
16195,1195,2.970516561617842e-07,1.0,,,False,191.0185452918522
16196,1196,2.969162267163483e-07,1.0,,,False,191.21309299999848
16197,1197,2.9678184887416137e-07,1.0,,,False,191.39395287493244
16198,1198,2.9664448675248423e-07,1.0,,,False,191.58142041694373
16199,1199,2.9651113209183677e-07,1.0,,,False,191.76487287483178
16200,1200,2.963769247799064e-07,1.0,1.0,0.0013221147844065433,False,192.14863837487064
16201,1201,2.9624303010677977e-07,1.0,,,False,192.34921274986118
16202,1202,2.961121765565622e-07,1.0,,,False,192.52463208395056
16203,1203,2.9598061246360885e-07,1.0,,,False,192.71247399994172
16204,1204,2.9584955996142526e-07,1.0,,,False,192.902357541956
16205,1205,2.957198432795849e-07,1.0,,,False,193.08841233397834
16206,1206,2.95588705512273e-07,1.0,,,False,193.28990483400412
16207,1207,2.9546302471317176e-07,1.0,,,False,193.4693512499798
16208,1208,2.953369744318479e-07,1.0,,,False,193.64464912493713
16209,1209,2.9520668931581895e-07,1.0,,,False,193.83573183394037
16210,1210,2.950812643121026e-07,1.0,,,False,194.0231079168152
16211,1211,2.9495578246496734e-07,1.0,,,False,194.22984320879914
16212,1212,2.9483302910193743e-07,1.0,,,False,194.44058749987744
16213,1213,2.947111852336093e-07,1.0,,,False,194.62527570896782
16214,1214,2.9459363304340513e-07,1.0,,,False,194.80893737496808
16215,1215,2.944784398550837e-07,1.0,,,False,194.99317391682416
16216,1216,2.943639287877886e-07,1.0,,,False,195.17259054188617
16217,1217,2.942480819001503e-07,1.0,,,False,195.35487812501378
16218,1218,2.9413465085781354e-07,1.0,,,False,195.5422042917926
16219,1219,2.940244883120613e-07,1.0,,,False,195.72539099981077
16220,1220,2.939152921044297e-07,1.0,,,False,195.92149758385494
16221,1221,2.9380541377577174e-07,1.0,,,False,196.10843162494712
16222,1222,2.937010492587433e-07,1.0,,,False,196.29367699986324
16223,1223,2.935944678483793e-07,1.0,,,False,196.47423745901324
16224,1224,2.93488199076819e-07,1.0,,,False,196.66110174986534
16225,1225,2.9338605145312613e-07,1.0,,,False,196.84691070881672
16226,1226,2.9328251116567117e-07,1.0,,,False,197.0293793748133
16227,1227,2.9318329097804963e-07,1.0,,,False,197.2149127498269
16228,1228,2.930839002601715e-07,1.0,,,False,197.40834087482654
16229,1229,2.929866980139195e-07,1.0,,,False,197.59092979179695
16230,1230,2.928925368905766e-07,1.0,,,False,197.78365358384326
16231,1231,2.9279630098244525e-07,1.0,,,False,197.96792391687632
16232,1232,2.927017703768797e-07,1.0,,,False,198.16147941700183
16233,1233,2.9260840506140084e-07,1.0,,,False,198.3444298338145
16234,1234,2.9251529554130684e-07,1.0,,,False,198.52132204198278
16235,1235,2.924251418789936e-07,1.0,,,False,198.69912362494506
16236,1236,2.923376314356574e-07,1.0,,,False,198.8847223748453
16237,1237,2.922481598943705e-07,1.0,,,False,199.07706533395685
16238,1238,2.9216062102932483e-07,1.0,,,False,199.25052374997176
16239,1239,2.9207660645624856e-07,1.0,,,False,199.44469070900232
16240,1240,2.919908297371876e-07,1.0,,,False,199.63149612490088
16241,1241,2.919043424753909e-07,1.0,,,False,199.8378529169131
16242,1242,2.9182092475821264e-07,1.0,,,False,200.02710037492216
16243,1243,2.917368533417175e-07,1.0,,,False,200.21194566693157
16244,1244,2.9165258297325636e-07,1.0,,,False,200.4083011248149
16245,1245,2.9156609571145964e-07,1.0,,,False,200.59158529201522
16246,1246,2.9148438329684723e-07,1.0,,,False,200.784083499806
16247,1247,2.9139758339624677e-07,1.0,,,False,200.96174045884982
16248,1248,2.913145067395817e-07,1.0,,,False,201.14226212492213
16249,1249,2.912311174441129e-07,1.0,,,False,201.32120579201728
16250,1250,2.9114835342625156e-07,1.0,,,False,201.49347329186276
16251,1251,2.910670389155712e-07,1.0,,,False,201.66494929185137
16252,1252,2.9098634968249826e-07,1.0,,,False,201.84383816691115
16253,1253,2.9090256248309743e-07,1.0,,,False,202.0143021249678
16254,1254,2.9081900265737204e-07,1.0,,,False,202.19675912498496
16255,1255,2.9073561336190323e-07,1.0,,,False,202.3710681668017
16256,1256,2.9065671469652443e-07,1.0,,,False,202.56663174997084
16257,1257,2.905701990130183e-07,1.0,,,False,202.74958262499422
16258,1258,2.9048698024780606e-07,1.0,,,False,202.93445445899852
16259,1259,2.9040310778327694e-07,1.0,,,False,203.13863841700368
16260,1260,2.903217364291777e-07,1.0,,,False,203.3253338339273
16261,1261,2.9023877345935034e-07,1.0,,,False,203.5067679998465
16262,1262,2.901542188737949e-07,1.0,,,False,203.6859730000142
16263,1263,2.900702611441375e-07,1.0,,,False,203.87011145893484
16264,1264,2.8998601919738576e-07,1.0,,,False,204.06061237491667
16265,1265,2.899059552419203e-07,1.0,,,False,204.24642220884562
16266,1266,2.8982327648918726e-07,1.0,,,False,204.4365977498237
16267,1267,2.8974054089303536e-07,1.0,,,False,204.62093420885503
16268,1268,2.8965965270799643e-07,1.0,,,False,204.83953333389945
16269,1269,2.895791340051801e-07,1.0,,,False,205.03576704184525
16270,1270,2.894964268307376e-07,1.0,,,False,205.23223570897244
16271,1271,2.8941400387338945e-07,1.0,,,False,205.4084287500009
16272,1272,2.89336384184935e-07,1.0,,,False,205.58622929197736
16273,1273,2.8925481387886975e-07,1.0,,,False,205.7770747919567
16274,1274,2.891747499234043e-07,1.0,,,False,205.9595768339932
16275,1275,2.8909292382195417e-07,1.0,,,False,206.12950070900843
16276,1276,2.890170662794844e-07,1.0,,,False,206.3178548750002
16277,1277,2.889341033096571e-07,1.0,,,False,206.48685229197145
16278,1278,2.8885060032735055e-07,1.0,,,False,206.67302266694605
16279,1279,2.8876581836811965e-07,1.0,,,False,206.8641093748156
16280,1280,2.886824006509414e-07,1.0,,,False,207.04983470891602
16281,1281,2.885958281240164e-07,1.0,,,False,207.23301345901564
16282,1282,2.8851306410615507e-07,1.0,,,False,207.40879183379002
16283,1283,2.8842845267718076e-07,1.0,,,False,207.5694472498726
16284,1284,2.883421927890595e-07,1.0,,,False,207.75115729193203
16285,1285,2.882519254399085e-07,1.0,,,False,207.92993474984542
16286,1286,2.88161885464433e-07,1.0,,,False,208.1144517089706
16287,1287,2.8807050966861425e-07,1.0,,,False,208.29728483385406
16288,1288,2.8798226026083285e-07,1.0,,,False,208.47596649988554
16289,1289,2.878880991374899e-07,1.0,,,False,208.66676295897923
16290,1290,2.877945917134639e-07,1.0,,,False,208.8367946248036
16291,1291,2.8769798632310994e-07,1.0,,,False,209.03579074982554
16292,1292,2.87603427295835e-07,1.0,,,False,209.21140487492085
16293,1293,2.8750568503710383e-07,1.0,,,False,209.38637500000186
16294,1294,2.8740802804350096e-07,1.0,,,False,209.55997674982063
16295,1295,2.8730838153023797e-07,1.0,,,False,209.739634583937
16296,1296,2.872082234262052e-07,1.0,,,False,209.9246955839917
16297,1297,2.871083779609762e-07,1.0,,,False,210.10016058385372
16298,1298,2.87009640942415e-07,1.0,,,False,210.2898524168413
16299,1299,2.869095396818011e-07,1.0,,,False,210.4607829588931
16300,1300,2.86805857285799e-07,1.0,1.0,0.0013588445957408621,False,210.81770916678943
16301,1301,2.86704363361423e-07,1.0,,,False,210.99574474990368
16302,1302,2.8660176099037926e-07,1.0,,,False,211.1796664588619
16303,1303,2.8650273975472373e-07,1.0,,,False,211.3696383337956
16304,1304,2.8640468485718884e-07,1.0,,,False,211.54948983388022
16305,1305,2.8630654469452566e-07,1.0,,,False,211.72432512487285
16306,1306,2.862056476260477e-07,1.0,,,False,211.89859595894814
16307,1307,2.861063705950073e-07,1.0,,,False,212.0728927499149
16308,1308,2.860067809251632e-07,1.0,,,False,212.26470033382066
16309,1309,2.8590849865395285e-07,1.0,,,False,212.44206112483516
16310,1310,2.8581257538462523e-07,1.0,,,False,212.64273449988104
16311,1311,2.857142078482866e-07,1.0,,,False,212.8237909169402
16312,1312,2.8561450449160475e-07,1.0,,,False,213.01595479180105
16313,1313,2.855178138361225e-07,1.0,,,False,213.19962674984708
16314,1314,2.85416945189354e-07,1.0,,,False,213.38008787482977
16315,1315,2.8531781026686076e-07,1.0,,,False,213.57109758397564
16316,1316,2.8522131856334454e-07,1.0,,,False,213.75496175000444
16317,1317,2.851247131729906e-07,1.0,,,False,213.94084979197942
16318,1318,2.8502577720246336e-07,1.0,,,False,214.1154783340171
16319,1319,2.8492911496869056e-07,1.0,,,False,214.29075604188256
16320,1320,2.8483310643423465e-07,1.0,,,False,214.46240791701712
16321,1321,2.84738632672088e-07,1.0,,,False,214.6320390838664
16322,1322,2.846428230895981e-07,1.0,,,False,214.82884024991654
16323,1323,2.845429776243691e-07,1.0,,,False,215.0295501248911
16324,1324,2.8444273425520805e-07,1.0,,,False,215.2120680839289
16325,1325,2.843466688773333e-07,1.0,,,False,215.37760691693984
16326,1326,2.8424960873962846e-07,1.0,,,False,215.56462566694245
16327,1327,2.8415368547030084e-07,1.0,,,False,215.7494376669638
16328,1328,2.8405619900695456e-07,1.0,,,False,215.919408749789
16329,1329,2.8395848516993283e-07,1.0,,,False,216.1034769169055
16330,1330,2.83859577621115e-07,1.0,,,False,216.29141908395104
16331,1331,2.837594479387917e-07,1.0,,,False,216.47857708390802
16332,1332,2.836654857674148e-07,1.0,,,False,216.66800029180013
16333,1333,2.835685393165477e-07,1.0,,,False,216.85107679199427
16334,1334,2.8347380975901615e-07,1.0,,,False,217.02878845878877
16335,1335,2.833756127529341e-07,1.0,,,False,217.20482024992816
16336,1336,2.832798884355725e-07,1.0,,,False,217.38474254193716
16337,1337,2.831809808867547e-07,1.0,,,False,217.57393137481995
16338,1338,2.8308502919571765e-07,1.0,,,False,217.74970537493937
16339,1339,2.8298595111664326e-07,1.0,,,False,217.93329683388583
16340,1340,2.8288826570133097e-07,1.0,,,False,218.0967454998754
16341,1341,2.827872265243059e-07,1.0,,,False,218.28218554193154
16342,1342,2.826880631801032e-07,1.0,,,False,218.46674308390357
16343,1343,2.8258901352273824e-07,1.0,,,False,218.6643894999288
16344,1344,2.824895943831507e-07,1.0,,,False,218.84158179187216
16345,1345,2.8239037419552915e-07,1.0,,,False,219.02964420896024
16346,1346,2.822940530222695e-07,1.0,,,False,219.19560891692527
16347,1347,2.821936391228519e-07,1.0,,,False,219.37857187492773
16348,1348,2.820925146806985e-07,1.0,,,False,219.55199958384037
16349,1349,2.8198945756230387e-07,1.0,,,False,219.72250783396885
16350,1350,2.818896689404937e-07,1.0,,,False,219.8879062088672
16351,1351,2.8178806132928e-07,1.0,,,False,220.06021312484518
16352,1352,2.816875621647341e-07,1.0,,,False,220.24680616683327
16353,1353,2.815870345784788e-07,1.0,,,False,220.4265471668914
16354,1354,2.814845174725633e-07,1.0,,,False,220.60687545896508
16355,1355,2.8138228458374215e-07,1.0,,,False,220.7914959588088
16356,1356,2.812774653193628e-07,1.0,,,False,220.96570899989456
16357,1357,2.8117062811361393e-07,1.0,,,False,221.15156558388844
16358,1358,2.8106416039008764e-07,1.0,,,False,221.33418808388524
16359,1359,2.809607622111798e-07,1.0,,,False,221.50194112490863
16360,1360,2.808561418987665e-07,1.0,,,False,221.68010041699745
16361,1361,2.8075280056327756e-07,1.0,,,False,221.86184491682798
16362,1362,2.8064809498573595e-07,1.0,,,False,222.02676429180428
16363,1363,2.8054245149178314e-07,1.0,,,False,222.20528783393092
16364,1364,2.804418386403995e-07,1.0,,,False,222.39032183401287
16365,1365,2.803390941608086e-07,1.0,,,False,222.57215891685337
16366,1366,2.8023799814036465e-07,1.0,,,False,222.7503576669842
16367,1367,2.801345715397474e-07,1.0,,,False,222.9250562498346
16368,1368,2.800336176278506e-07,1.0,,,False,223.10035600000992
16369,1369,2.799314415824483e-07,1.0,,,False,223.2838793748524
16370,1370,2.7982872552456683e-07,1.0,,,False,223.4705500837881
16371,1371,2.797257820930099e-07,1.0,,,False,223.6504503749311
16372,1372,2.796242597469245e-07,1.0,,,False,223.81696058390662
16373,1373,2.7952251002716366e-07,1.0,,,False,223.98386933398433
16374,1374,2.7942255087509693e-07,1.0,,,False,224.1735722499434
16375,1375,2.7932384227824514e-07,1.0,,,False,224.3457774168346
16376,1376,2.792252757899405e-07,1.0,,,False,224.54158020881005
16377,1377,2.791237818655645e-07,1.0,,,False,224.71025808388367
16378,1378,2.7902285637537716e-07,1.0,,,False,224.88622716697864
16379,1379,2.789223003674124e-07,1.0,,,False,225.0766444168985
16380,1380,2.7882344966201345e-07,1.0,,,False,225.25067712482996
16381,1381,2.787202788567811e-07,1.0,,,False,225.4270623337943
16382,1382,2.786180459679599e-07,1.0,,,False,225.60852299979888
16383,1383,2.7851572781401046e-07,1.0,,,False,225.77882758388296
16384,1384,2.784139780942496e-07,1.0,,,False,225.96119887498207
16385,1385,2.7831558213620156e-07,1.0,,,False,226.1287829168141
16386,1386,2.782163335268706e-07,1.0,,,False,226.3008124588523
16387,1387,2.7810992264676315e-07,1.0,,,False,226.47961149993353
16388,1388,2.780054728646064e-07,1.0,,,False,226.660920499824
16389,1389,2.7790025569629506e-07,1.0,,,False,226.84016241692007
16390,1390,2.77794924841146e-07,1.0,,,False,227.0176156249363
16391,1391,2.776895939859969e-07,1.0,,,False,227.19352837488987
16392,1392,2.775832967927272e-07,1.0,,,False,227.37374758394435
16393,1393,2.774734753074881e-07,1.0,,,False,227.55254187481478
16394,1394,2.7736535912481486e-07,1.0,,,False,227.7240033748094
16395,1395,2.772550828922249e-07,1.0,,,False,227.89850408397615
16396,1396,2.7714798989109113e-07,1.0,,,False,228.06580387498252
16397,1397,2.770349567526864e-07,1.0,,,False,228.24956512497738
16398,1398,2.7692533421941334e-07,1.0,,,False,228.4262337088585
16399,1399,2.768107094652805e-07,1.0,,,False,228.60601975000463
16400,1400,2.766973921097815e-07,1.0,0.9998881306633851,0.0013892060428525989,False,228.99156345892698
16401,1401,2.765866895515501e-07,1.0,,,False,229.16031866683625
16402,1402,2.7646905209621764e-07,1.0,,,False,229.3371824589558
16403,1403,2.76354768402598e-07,1.0,,,False,229.52377137495205
16404,1404,2.76237756224873e-07,1.0,,,False,229.71141033386812
16405,1405,2.761249220384343e-07,1.0,,,False,229.89497849997133
16406,1406,2.7600765406532446e-07,1.0,,,False,230.08237924985588
16407,1407,2.7588967554947885e-07,1.0,,,False,230.2556482499931
16408,1408,2.7577189598559926e-07,1.0,,,False,230.43860216694884
16409,1409,2.756558217242855e-07,1.0,,,False,230.6036958748009
16410,1410,2.7553932113733026e-07,1.0,,,False,230.76655083382502
16411,1411,2.754241847924277e-07,1.0,,,False,230.93480779184029
16412,1412,2.7531092428034754e-07,1.0,,,False,231.10508237499744
16413,1413,2.7520184175955364e-07,1.0,,,False,231.28688049991615
16414,1414,2.750926171302126e-07,1.0,,,False,231.4673264999874
16415,1415,2.7498376198309415e-07,1.0,,,False,231.64296395890415
16416,1416,2.748761289694812e-07,1.0,,,False,231.817137792008
16417,1417,2.7476696118355903e-07,1.0,,,False,232.00287908385508
16418,1418,2.7466330720926635e-07,1.0,,,False,232.18608287489042
16419,1419,2.7455982376523025e-07,1.0,,,False,232.35402391687967
16420,1420,2.7445597083897155e-07,1.0,,,False,232.5209231248591
16421,1421,2.7435763172434235e-07,1.0,,,False,232.68698729178868
16422,1422,2.7426153792475816e-07,1.0,,,False,232.87232087482698
16423,1423,2.7416646730671346e-07,1.0,,,False,233.05004270887002
16424,1424,2.7407409675106464e-07,1.0,,,False,233.2148287089076
16425,1425,2.7398164093028754e-07,1.0,,,False,233.3970761669334
16426,1426,2.7389023671275936e-07,1.0,,,False,233.576191250002
16427,1427,2.7380414735489467e-07,1.0,,,False,233.75457849982195
16428,1428,2.737175179845508e-07,1.0,,,False,233.92951179179363
16429,1429,2.736353508225875e-07,1.0,,,False,234.1051347919274
16430,1430,2.735584985202877e-07,1.0,,,False,234.29561704187654
16431,1431,2.7347874720362597e-07,1.0,,,False,234.4713836668525
16432,1432,2.73401752792779e-07,1.0,,,False,234.64277479192242
16433,1433,2.733297890245012e-07,1.0,,,False,234.82165770884603
16434,1434,2.7325924634169496e-07,1.0,,,False,234.99810133385472
16435,1435,2.731891015628207e-07,1.0,,,False,235.18326733401045
16436,1436,2.731245842824137e-07,1.0,,,False,235.35755345900543
16437,1437,2.730573669396108e-07,1.0,,,False,235.53665741696022
16438,1438,2.729916275256983e-07,1.0,,,False,235.7068757088855
16439,1439,2.729252912558877e-07,1.0,,,False,235.88191949995235
16440,1440,2.728618824221485e-07,1.0,,,False,236.05934695899487
16441,1441,2.7279818937131495e-07,1.0,,,False,236.2272403750103
16442,1442,2.727356047671492e-07,1.0,,,False,236.40071379183792
16443,1443,2.726710022216139e-07,1.0,,,False,236.57883295882493
16444,1444,2.726057459767617e-07,1.0,,,False,236.74172062496655
16445,1445,2.725421950344753e-07,1.0,,,False,236.9218522917945
16446,1446,2.724759156080836e-07,1.0,,,False,237.09225999983028
16447,1447,2.7241034672442765e-07,1.0,,,False,237.26858783396892
16448,1448,2.723462557696621e-07,1.0,,,False,237.4470748337917
16449,1449,2.722781857755763e-07,1.0,,,False,237.63066370901652
16450,1450,2.7220841047892463e-07,1.0,,,False,237.80518249981105
16451,1451,2.7213437192585843e-07,1.0,,,False,237.97500220895745
16452,1452,2.720604186379205e-07,1.0,,,False,238.1393584588077
16453,1453,2.7198584007237514e-07,1.0,,,False,238.31588333379477
16454,1454,2.719071687806718e-07,1.0,,,False,238.4787695419509
16455,1455,2.718273321988818e-07,1.0,,,False,238.6467682919465
16456,1456,2.717493998716236e-07,1.0,,,False,238.80751358391717
16457,1457,2.7167055804966367e-07,1.0,,,False,238.9770597089082
16458,1458,2.7158489501744043e-07,1.0,,,False,239.14421412488446
16459,1459,2.7149852144248143e-07,1.0,,,False,239.31715020886622
16460,1460,2.714075151288853e-07,1.0,,,False,239.4975240000058
16461,1461,2.713217952532432e-07,1.0,,,False,239.6693513749633
16462,1462,2.712319826514431e-07,1.0,,,False,239.83256095880643
16463,1463,2.7113873102280195e-07,1.0,,,False,240.00576274981722
16464,1464,2.710457636112551e-07,1.0,,,False,240.1681742919609
16465,1465,2.70948618208422e-07,1.0,,,False,240.32484529190697
16466,1466,2.708525528305472e-07,1.0,,,False,240.50131524982862
16467,1467,2.7075583375335555e-07,1.0,,,False,240.66406216681935
16468,1468,2.706555903841945e-07,1.0,,,False,240.81985870888457
16469,1469,2.705559154492221e-07,1.0,,,False,240.98870866699144
16470,1470,2.704528014874086e-07,1.0,,,False,241.15233779186383
16471,1471,2.7035173388867406e-07,1.0,,,False,241.33561916695908
16472,1472,2.702468862025853e-07,1.0,,,False,241.49335816688836
16473,1473,2.701387984416215e-07,1.0,,,False,241.66419812501408
16474,1474,2.7003267177860835e-07,1.0,,,False,241.8289774588775
16475,1475,2.699229071367881e-07,1.0,,,False,242.00210387492552
16476,1476,2.698171499559976e-07,1.0,,,False,242.17598295887
16477,1477,2.6971193278768624e-07,1.0,,,False,242.35238083382137
16478,1478,2.696026228932169e-07,1.0,,,False,242.52636945899576
16479,1479,2.6949516040986055e-07,1.0,,,False,242.7010364169255
16480,1480,2.6938718633573444e-07,1.0,,,False,242.88732500001788
16481,1481,2.6927511953545036e-07,1.0,,,False,243.06384012498893
16482,1482,2.691649569896981e-07,1.0,,,False,243.24306158395484
16483,1483,2.6905320282821776e-07,1.0,,,False,243.4215262499638
16484,1484,2.6894400662058615e-07,1.0,,,False,243.59226649999619
16485,1485,2.688366578240675e-07,1.0,,,False,243.77719229180366
16486,1486,2.6872675107370014e-07,1.0,,,False,243.9317342089489
16487,1487,2.6861329160965397e-07,1.0,,,False,244.09902691701427
16488,1488,2.685051754269807e-07,1.0,,,False,244.27043149992824
16489,1489,2.683968887140509e-07,1.0,,,False,244.44415037496947
16490,1490,2.682895967609511e-07,1.0,,,False,244.59654712490737
16491,1491,2.681846069663152e-07,1.0,,,False,244.77185766701587
16492,1492,2.6807651920535136e-07,1.0,,,False,244.939998249989
16493,1493,2.6797258101396437e-07,1.0,,,False,245.13887299993075
16494,1494,2.6786833018377365e-07,1.0,,,False,245.3236298339907
16495,1495,2.6776473305289983e-07,1.0,,,False,245.49214770901017
16496,1496,2.6766051064441854e-07,1.0,,,False,245.663735791808
16497,1497,2.6755694193525414e-07,1.0,,,False,245.82904412481003
16498,1498,2.674578070127609e-07,1.0,,,False,245.99584745895118
16499,1499,2.673589847290714e-07,1.0,,,False,246.1630619999487
16500,1500,2.672600771802536e-07,1.0,0.9997762613267703,0.0014407138108402783,False,246.52582720899954
16501,1501,2.6715991907622083e-07,1.0,,,False,246.71910704183392
16502,1502,2.6706254629971227e-07,1.0,,,False,246.9013417919632
16503,1503,2.6696466193243396e-07,1.0,,,False,247.06680724979378
16504,1504,2.6687322929319635e-07,1.0,,,False,247.2357736248523
16505,1505,2.667783007836988e-07,1.0,,,False,247.41884529194795
16506,1506,2.666829459485598e-07,1.0,,,False,247.60151958395727
16507,1507,2.6658989327188465e-07,1.0,,,False,247.76756299985573
16508,1508,2.6649661322153406e-07,1.0,,,False,247.93527679191902
16509,1509,2.6640518058229645e-07,1.0,,,False,248.1100804999005
16510,1510,2.663152258719492e-07,1.0,,,False,248.27462862501852
16511,1511,2.6622262794262497e-07,1.0,,,False,248.45209729182534
16512,1512,2.661342364262964e-07,1.0,,,False,248.618415083969
16513,1513,2.660435711732134e-07,1.0,,,False,248.79005129192956
16514,1514,2.659523943293607e-07,1.0,,,False,248.96001241682097
16515,1515,2.6586036483422504e-07,1.0,,,False,249.13348212488927
16516,1516,2.657703248587495e-07,1.0,,,False,249.3142477918882
16517,1517,2.656827859937039e-07,1.0,,,False,249.4755588748958
16518,1518,2.655917796801077e-07,1.0,,,False,249.6557689998299
16519,1519,2.6550367238087347e-07,1.0,,,False,249.83344037481584
16520,1520,2.654198567597632e-07,1.0,,,False,250.0151229170151
16521,1521,2.653277704212087e-07,1.0,,,False,250.18181104189716
16522,1522,2.6523818519308406e-07,1.0,,,False,250.36126904189587
16523,1523,2.6514589990256354e-07,1.0,,,False,250.52989341691136
16524,1524,2.6505486516725796e-07,1.0,,,False,250.69943770882674
16525,1525,2.6496277882870345e-07,1.0,,,False,250.88003808399662
16526,1526,2.648698966822849e-07,1.0,,,False,251.05475816689432
16527,1527,2.6477798087398696e-07,1.0,,,False,251.23155829194002
16528,1528,2.646850134624401e-07,1.0,,,False,251.41639420879073
16529,1529,2.645922734245687e-07,1.0,,,False,251.598020499805
16530,1530,2.6449828283148236e-07,1.0,,,False,251.78602854185738
16531,1531,2.6440113742864924e-07,1.0,,,False,251.95065462496132
16532,1532,2.6430552679812536e-07,1.0,,,False,252.13398708379827
16533,1533,2.642117067352956e-07,1.0,,,False,252.32208579196595
16534,1534,2.641151297666511e-07,1.0,,,False,252.49679254181683
16535,1535,2.640187517499726e-07,1.0,,,False,252.67451091692783
16536,1536,2.639218337208149e-07,1.0,,,False,252.8514677498024
16537,1537,2.638214482431067e-07,1.0,,,False,253.0247562499717
16538,1538,2.6371969852334587e-07,1.0,,,False,253.20450749993324
16539,1539,2.6361757932136243e-07,1.0,,,False,253.3888926669024
16540,1540,2.6351568749305443e-07,1.0,,,False,253.56747241690755
16541,1541,2.634151883285085e-07,1.0,,,False,253.73941691685468
16542,1542,2.633143765251589e-07,1.0,,,False,253.92395979189314
16543,1543,2.6320964252590784e-07,1.0,,,False,254.11752395890653
16544,1544,2.631062159252906e-07,1.0,,,False,254.29419124987908
16545,1545,2.630005155879189e-07,1.0,,,False,254.4592228338588
16546,1546,2.6289563948012074e-07,1.0,,,False,254.62928483379073
16547,1547,2.627880348882172e-07,1.0,,,False,254.7935528748203
16548,1548,2.626807713568269e-07,1.0,,,False,254.97016212483868
16549,1549,2.6256847718286735e-07,1.0,,,False,255.1566635838244
16550,1550,2.62461213651477e-07,1.0,,,False,255.3234215839766
16551,1551,2.6235187533529825e-07,1.0,,,False,255.4814949168358
16552,1552,2.622435886223684e-07,1.0,,,False,255.65854083397426
16553,1553,2.621318628825975e-07,1.0,,,False,255.8227848338429
16554,1554,2.6201863079222676e-07,1.0,,,False,255.99387683393434
16555,1555,2.619042334117694e-07,1.0,,,False,256.1776662499178
16556,1556,2.617883296807122e-07,1.0,,,False,256.349911917001
16557,1557,2.616737333482888e-07,1.0,,,False,256.5271117920056
16558,1558,2.615605296796275e-07,1.0,,,False,256.6987323749345
16559,1559,2.6144923026549804e-07,1.0,,,False,256.86063487501815
16560,1560,2.613342928725615e-07,1.0,,,False,257.03395341685973
16561,1561,2.612199807572324e-07,1.0,,,False,257.2097036668565
16562,1562,2.6110308226634515e-07,1.0,,,False,257.37287870887667
16563,1563,2.60985331124175e-07,1.0,,,False,257.55076929181814
16564,1564,2.60870564261495e-07,1.0,,,False,257.72690208395943
16565,1565,2.607538078791549e-07,1.0,,,False,257.89831137494184
16566,1566,2.606391831250221e-07,1.0,,,False,258.0757460419554
16567,1567,2.6052379098473466e-07,1.0,,,False,258.2424669167958
16568,1568,2.604099620384659e-07,1.0,,,False,258.4029345838353
16569,1569,2.6029539412775193e-07,1.0,,,False,258.57214704179205
16570,1570,2.601755966225028e-07,1.0,,,False,258.73719620890915
16571,1571,2.600605171210191e-07,1.0,,,False,258.9174774168059
16572,1572,2.5994683028329746e-07,1.0,,,False,259.0973813747987
16573,1573,2.59828993875999e-07,1.0,,,False,259.26127004181035
16574,1574,2.5971328909690783e-07,1.0,,,False,259.4333859588951
16575,1575,2.5959840854739014e-07,1.0,,,False,259.6113431248814
16576,1576,2.594822774426575e-07,1.0,,,False,259.7760631667916
16577,1577,2.593685906049359e-07,1.0,,,False,259.9406916669104
16578,1578,2.59255216406018e-07,1.0,,,False,260.11065445886925
16579,1579,2.591423822195793e-07,1.0,,,False,260.28880258393474
16580,1580,2.590308554317744e-07,1.0,,,False,260.4594402499497
16581,1581,2.589200107649958e-07,1.0,,,False,260.6427844588179
16582,1582,2.588110135093302e-07,1.0,,,False,260.8177272498142
16583,1583,2.5870298259178526e-07,1.0,,,False,260.99341158382595
16584,1584,2.585960601209081e-07,1.0,,,False,261.1579422499053
16585,1585,2.584899903013138e-07,1.0,,,False,261.32920029200613
16586,1586,2.583855405191571e-07,1.0,,,False,261.50973258400336
16587,1587,2.582790727956308e-07,1.0,,,False,261.68159599998035
16588,1588,2.58171979794497e-07,1.0,,,False,261.8501694588922
16589,1589,2.58069889014223e-07,1.0,,,False,262.0179817918688
16590,1590,2.5796867930694134e-07,1.0,,,False,262.20481820893474
16591,1591,2.5786940227590094e-07,1.0,,,False,262.3818338748533
16592,1592,2.57770949474434e-07,1.0,,,False,262.5618144997861
16593,1593,2.576713598045899e-07,1.0,,,False,262.7366432088893
16594,1594,2.5757026378414594e-07,1.0,,,False,262.9198357500136
16595,1595,2.574714415004564e-07,1.0,,,False,263.088864833815
16596,1596,2.5737369924172526e-07,1.0,,,False,263.2680042919237
16597,1597,2.5727925390128803e-07,1.0,,,False,263.4425904999953
16598,1598,2.5718699703247694e-07,1.0,,,False,263.62059112498537
16599,1599,2.570910453414399e-07,1.0,,,False,263.809719708981
16600,1600,2.5699628736219893e-07,1.0,0.9997762613267703,0.0014676774789154142,False,264.17896404187195
16601,1601,2.5690692950774974e-07,1.0,,,False,264.37950349994935
16602,1602,2.5681308102321054e-07,1.0,,,False,264.5556932918262
16603,1603,2.567214210102975e-07,1.0,,,False,264.73739641695283
16604,1604,2.566324326380709e-07,1.0,,,False,264.9114701668732
16605,1605,2.565416821198596e-07,1.0,,,False,265.09325966681354
16606,1606,2.564529495430179e-07,1.0,,,False,265.2786632499192
16607,1607,2.5636222744651604e-07,1.0,,,False,265.4540173748974
16608,1608,2.562712211329199e-07,1.0,,,False,265.63201620895416
16609,1609,2.561816643265047e-07,1.0,,,False,265.8043500839267
16610,1610,2.5609298859308183e-07,1.0,,,False,265.9886919588316
16611,1611,2.5600502340239473e-07,1.0,,,False,266.15714887483045
16612,1612,2.5591734242880193e-07,1.0,,,False,266.32622254197486
16613,1613,2.558271035013604e-07,1.0,,,False,266.4970275419764
16614,1614,2.5573740458639804e-07,1.0,,,False,266.6722875838168
16615,1615,2.5565012151673727e-07,1.0,,,False,266.8404277919326
16616,1616,2.5556118998792954e-07,1.0,,,False,267.0233303748537
16617,1617,2.55470752108522e-07,1.0,,,False,267.1951587498188
16618,1618,2.553837248342461e-07,1.0,,,False,267.36426374991424
16619,1619,2.552968112468079e-07,1.0,,,False,267.53037583385594
16620,1620,2.552073112838116e-07,1.0,,,False,267.7224705419503
16621,1621,2.5512042611808283e-07,1.0,,,False,267.9108692498412
16622,1622,2.5502956191303383e-07,1.0,,,False,268.09189029200934
16623,1623,2.5493770294815477e-07,1.0,,,False,268.26798595883884
16624,1624,2.5484484922344564e-07,1.0,,,False,268.4433534590062
16625,1625,2.547563724419888e-07,1.0,,,False,268.6415896669496
16626,1626,2.546630071265099e-07,1.0,,,False,268.8232666249387
16627,1627,2.5456668595325027e-07,1.0,,,False,269.00746249989606
16628,1628,2.544721269259753e-07,1.0,,,False,269.1804467497859
16629,1629,2.5437682893425517e-07,1.0,,,False,269.36325470893644
16630,1630,2.542774950597959e-07,1.0,,,False,269.53988437494263
16631,1631,2.5418216864636634e-07,1.0,,,False,269.723597999895
16632,1632,2.5408479586985777e-07,1.0,,,False,269.88982695899904
16633,1633,2.5398230718565173e-07,1.0,,,False,270.07024404197
16634,1634,2.5387939217580424e-07,1.0,,,False,270.246064708801
16635,1635,2.5377789825142827e-07,1.0,,,False,270.4206693340093
16636,1636,2.536742442771356e-07,1.0,,,False,270.59575837501325
16637,1637,2.535686292048922e-07,1.0,,,False,270.7763036249671
16638,1638,2.5346156462546787e-07,1.0,,,False,270.97341137495823
16639,1639,2.533559779749339e-07,1.0,,,False,271.1640692499932
16640,1640,2.532451901515742e-07,1.0,,,False,271.3394212499261
16641,1641,2.531363634261652e-07,1.0,,,False,271.5267434588168
16642,1642,2.5302861672571453e-07,1.0,,,False,271.7222806669306
16643,1643,2.52918368914834e-07,1.0,,,False,271.8953892919235
16644,1644,2.52809542189425e-07,1.0,,,False,272.06668008398265
16645,1645,2.5270023229495564e-07,1.0,,,False,272.23541966686025
16646,1646,2.5259197400373523e-07,1.0,,,False,272.39927583397366
16647,1647,2.5248587576243153e-07,1.0,,,False,272.58136558393016
16648,1648,2.5237886802642606e-07,1.0,,,False,272.77046170900576
16649,1649,2.5227049604836793e-07,1.0,,,False,272.96770104183815
16650,1650,2.521629767215927e-07,1.0,,,False,273.1406958748121
16651,1651,2.5205832798746997e-07,1.0,,,False,273.30983049981296
16652,1652,2.519562940506148e-07,1.0,,,False,273.49174649990164
16653,1653,2.518528674499976e-07,1.0,,,False,273.66583537496626
16654,1654,2.5175461360049667e-07,1.0,,,False,273.8520921668969
16655,1655,2.5165317651953956e-07,1.0,,,False,274.038942999905
16656,1656,2.5155202365567675e-07,1.0,,,False,274.2135382499546
16657,1657,2.5145286031147407e-07,1.0,,,False,274.3925422918983
16658,1658,2.5135256009889417e-07,1.0,,,False,274.56805883394554
16659,1659,2.5125365255007637e-07,1.0,,,False,274.7485218339134
16660,1660,2.5115912194451084e-07,1.0,,,False,274.92153820884414
16661,1661,2.5106285761467007e-07,1.0,,,False,275.0937214998994
16662,1662,2.509695207209006e-07,1.0,,,False,275.279015542008
16663,1663,2.508751606455917e-07,1.0,,,False,275.4576349169947
16664,1664,2.5077949317164894e-07,1.0,,,False,275.6544107089285
16665,1665,2.5068379727599677e-07,1.0,,,False,275.82808549981564
16666,1666,2.505910003947065e-07,1.0,,,False,276.0094492919743
16667,1667,2.5049681084965414e-07,1.0,,,False,276.18530299980193
16668,1668,2.50405804536058e-07,1.0,,,False,276.3690760419704
16669,1669,2.5031221184690366e-07,1.0,,,False,276.539734874852
16670,1670,2.5021608962561004e-07,1.0,,,False,276.7153697919566
16671,1671,2.501234916962858e-07,1.0,,,False,276.8959938338958
16672,1672,2.5002896109072026e-07,1.0,,,False,277.0652855418157
16673,1673,2.499384947896033e-07,1.0,,,False,277.23838783381507
16674,1674,2.4984584001686017e-07,1.0,,,False,277.42956345900893
16675,1675,2.497543505342037e-07,1.0,,,False,277.61407845886424
16676,1676,2.4966260525616235e-07,1.0,,,False,277.7790414998308
16677,1677,2.495693820492306e-07,1.0,,,False,277.957560333889
16678,1678,2.494737145752879e-07,1.0,,,False,278.1494926668238
16679,1679,2.4937972398220154e-07,1.0,,,False,278.3243302088231
16680,1680,2.4928465336415684e-07,1.0,,,False,278.511300166836
16681,1681,2.491926522907306e-07,1.0,,,False,278.68283495889045
16682,1682,2.49099173288414e-07,1.0,,,False,278.8592124588322
16683,1683,2.4900722905840666e-07,1.0,,,False,279.06062374985777
16684,1684,2.4891167527130165e-07,1.0,,,False,279.24066370888613
16685,1685,2.488139614342799e-07,1.0,,,False,279.4169442919083
16686,1686,2.4871835080375604e-07,1.0,,,False,279.5915154169779
16687,1687,2.486237917764811e-07,1.0,,,False,279.7673632497899
16688,1688,2.4852980118339474e-07,1.0,,,False,279.93989899987355
16689,1689,2.4843481583047833e-07,1.0,,,False,280.1083790420089
16690,1690,2.4834034206833167e-07,1.0,,,False,280.27743024984375
16691,1691,2.482450156549021e-07,1.0,,,False,280.4695217499975
16692,1692,2.4814983135001967e-07,1.0,,,False,280.6473151249811
16693,1693,2.480554712747107e-07,1.0,,,False,280.82153120893054
16694,1694,2.4795843955871533e-07,1.0,,,False,281.0016945837997
16695,1695,2.4786328367554233e-07,1.0,,,False,281.18776691681705
16696,1696,2.4776812779236934e-07,1.0,,,False,281.37142395880073
16697,1697,2.47669845521159e-07,1.0,,,False,281.5472223749384
16698,1698,2.47576736001065e-07,1.0,,,False,281.72407304192893
16699,1699,2.474809264185751e-07,1.0,,,False,281.8969298338052
16700,1700,2.4738776005506224e-07,1.0,0.9997762613267703,0.0014782705188892604,False,282.25902262493037
16701,1701,2.4729439473958337e-07,1.0,,,False,282.436631541932
16702,1702,2.472007452070102e-07,1.0,,,False,282.6147753337864
16703,1703,2.4710647039682954e-07,1.0,,,False,282.79719291697256
16704,1704,2.4701532197468623e-07,1.0,,,False,282.9560926249251
16705,1705,2.469238893354486e-07,1.0,,,False,283.1245432088617
16706,1706,2.4683126298441493e-07,1.0,,,False,283.31170104187913
16707,1707,2.4673974508004903e-07,1.0,,,False,283.4862059999723
16708,1708,2.466486535013246e-07,1.0,,,False,283.66540483385324
16709,1709,2.465583577304642e-07,1.0,,,False,283.8375953338109
16710,1710,2.464694546233659e-07,1.0,,,False,284.00819933391176
16711,1711,2.4637810724925657e-07,1.0,,,False,284.17913424992
16712,1712,2.4628724304420757e-07,1.0,,,False,284.35262866690755
16713,1713,2.4619421878924186e-07,1.0,,,False,284.51070999982767
16714,1714,2.461050030433398e-07,1.0,,,False,284.68931324989535
16715,1715,2.460147641158983e-07,1.0,,,False,284.8444584168028
16716,1716,2.459292431922222e-07,1.0,,,False,285.01199795887806
16717,1717,2.458386632042675e-07,1.0,,,False,285.18474404187873
16718,1718,2.4574652002229413e-07,1.0,,,False,285.3573193338234
16719,1719,2.4565500211792823e-07,1.0,,,False,285.52538449992426
16720,1720,2.455626884056983e-07,1.0,,,False,285.6998151249718
16721,1721,2.4546909571654396e-07,1.0,,,False,285.85807595890947
16722,1722,2.453762135701254e-07,1.0,,,False,286.02366162487306
16723,1723,2.452841556532803e-07,1.0,,,False,286.1851585418917
16724,1724,2.451904492772883e-07,1.0,,,False,286.35609966679476
16725,1725,2.450930765007797e-07,1.0,,,False,286.5202748340089
16726,1726,2.4499954065504426e-07,1.0,,,False,286.6969243339263
16727,1727,2.449018836614414e-07,1.0,,,False,286.85735816694796
16728,1728,2.4480314664288017e-07,1.0,,,False,287.02697829180397
16729,1729,2.447046654197038e-07,1.0,,,False,287.1953847918194
16730,1730,2.44603711507807e-07,1.0,,,False,287.36125112487935
16731,1731,2.4450147861898586e-07,1.0,,,False,287.5243756249547
16732,1732,2.4440089418931166e-07,1.0,,,False,287.692264333833
16733,1733,2.442995139517734e-07,1.0,,,False,287.86419312492944
16734,1734,2.4419364308414515e-07,1.0,,,False,288.033896708861
16735,1735,2.4408521426266816e-07,1.0,,,False,288.21228658384643
16736,1736,2.4397752440563636e-07,1.0,,,False,288.4036432087887
16737,1737,2.438706019347592e-07,1.0,,,False,288.5849062919151
16738,1738,2.437633099816594e-07,1.0,,,False,288.7530794169288
16739,1739,2.436543127259938e-07,1.0,,,False,288.937558791833
16740,1740,2.4353974481527985e-07,1.0,,,False,289.1226241670083
16741,1741,2.4342671167687513e-07,1.0,,,False,289.3002071247902
16742,1742,2.4331444592462503e-07,1.0,,,False,289.48074874980375
16743,1743,2.431979169159604e-07,1.0,,,False,289.6541894997936
16744,1744,2.430791141705413e-07,1.0,,,False,289.8329628338106
16745,1745,2.4295653133776796e-07,1.0,,,False,290.03457649983466
16746,1746,2.428328116366174e-07,1.0,,,False,290.2305073339958
16747,1747,2.4270738663290103e-07,1.0,,,False,290.4172802919056
16748,1748,2.4258307007585245e-07,1.0,,,False,290.6089628338814
16749,1749,2.42454404997261e-07,1.0,,,False,290.79314108379185
16750,1750,2.4232477358054894e-07,1.0,,,False,290.9898912499193
16751,1751,2.421919873540901e-07,1.0,,,False,291.1613845839165
16752,1752,2.420610201170348e-07,1.0,,,False,291.3312977917958
16753,1753,2.4192308956116904e-07,1.0,,,False,291.5232631249819
16754,1754,2.417860116565862e-07,1.0,,,False,291.70988995884545
16755,1755,2.416452389297774e-07,1.0,,,False,291.8813607499469
16756,1756,2.4150318722604425e-07,1.0,,,False,292.0631174168084
16757,1757,2.413583501947869e-07,1.0,,,False,292.2444733339362
16758,1758,2.412127741990844e-07,1.0,,,False,292.42585849994794
16759,1759,2.410652086837217e-07,1.0,,,False,292.63146016700193
16760,1760,2.409180694940005e-07,1.0,,,False,292.8037203338463
16761,1761,2.407674344340194e-07,1.0,,,False,292.9868723338004
16762,1762,2.4061137082753703e-07,1.0,,,False,293.1700998749584
16763,1763,2.4045451141319063e-07,1.0,,,False,293.3593530419748
16764,1764,2.4029759515542537e-07,1.0,,,False,293.5251352088526
16765,1765,2.40138888329966e-07,1.0,,,False,293.70721416687593
16766,1766,2.399791583229671e-07,1.0,,,False,293.8773267499637
16767,1767,2.398163871930592e-07,1.0,,,False,294.06615024991333
16768,1768,2.396568277163169e-07,1.0,,,False,294.24551458400674
16769,1769,2.394918965364923e-07,1.0,,,False,294.4310267919209
16770,1770,2.393283295987203e-07,1.0,,,False,294.6051761668641
16771,1771,2.391607267782092e-07,1.0,,,False,294.7849834167864
16772,1772,2.389930955359887e-07,1.0,,,False,294.94109945883974
16773,1773,2.388234179306892e-07,1.0,,,False,295.12204383383505
16774,1774,2.3865422349445e-07,1.0,,,False,295.2936566248536
16775,1775,2.384820447787206e-07,1.0,,,False,295.48780324985273
16776,1776,2.383125661253871e-07,1.0,,,False,295.67169587500393
16777,1777,2.3814236271846312e-07,1.0,,,False,295.85085204197094
16778,1778,2.3796889081495465e-07,1.0,,,False,296.02840249985456
16779,1779,2.3779340097007662e-07,1.0,,,False,296.20488520897925
16780,1780,2.3761775480579672e-07,1.0,,,False,296.37303062481806
16781,1781,2.374409575622849e-07,1.0,,,False,296.54158770898357
16782,1782,2.3726033759885468e-07,1.0,,,False,296.7223062918056
16783,1783,2.3708165031166573e-07,1.0,,,False,296.88379954197444
16784,1784,2.3690124351105624e-07,1.0,,,False,297.0701843749266
16785,1785,2.367187335039489e-07,1.0,,,False,297.24504749989137
16786,1786,2.3653223024666659e-07,1.0,,,False,297.4177027498372
16787,1787,2.3634775914160855e-07,1.0,,,False,297.5888930838555
16788,1788,2.3616358646449953e-07,1.0,,,False,297.76933858380653
16789,1789,2.359758610737117e-07,1.0,,,False,297.94056354183704
16790,1790,2.357885051651465e-07,1.0,,,False,298.12598062492907
16791,1791,2.355959480837555e-07,1.0,,,False,298.305269833887
16792,1792,2.3540444260561344e-07,1.0,,,False,298.49066912499256
16793,1793,2.3521261027781293e-07,1.0,,,False,298.6724872919731
16794,1794,2.350182342070184e-07,1.0,,,False,298.8442402088549
16795,1795,2.348177332578416e-07,1.0,,,False,299.01875770883635
16796,1796,2.3461900866550423e-07,1.0,,,False,299.2001781668514
16797,1797,2.3441610608188057e-07,1.0,,,False,299.3829142919276
16798,1798,2.3421567618697736e-07,1.0,,,False,299.557330874959
16799,1799,2.340099598541201e-07,1.0,,,False,299.7354570419993
16800,1800,2.3380194136279897e-07,1.0,0.9997762613267703,0.0015153517553766092,False,300.1001365839038
16801,1801,2.3359223177976673e-07,1.0,,,False,300.27492904197425
16802,1802,2.3338220955793076e-07,1.0,,,False,300.4495931668207
16803,1803,2.3316955832797248e-07,1.0,,,False,300.62027187482454
16804,1804,2.3295618234442372e-07,1.0,,,False,300.80097608384676
16805,1805,2.3274014893104322e-07,1.0,,,False,300.9723512919154
16806,1806,2.325243713130476e-07,1.0,,,False,301.15634495881386
16807,1807,2.3230221302128484e-07,1.0,,,False,301.35588795901276
16808,1808,2.3207722676943376e-07,1.0,,,False,301.5256174169481
16809,1809,2.3185043573903386e-07,1.0,,,False,301.7042464998085
16810,1810,2.3162391471487354e-07,1.0,,,False,301.8754592498299
16811,1811,2.313953331167795e-07,1.0,,,False,302.07349816686474
16812,1812,2.3116332670269912e-07,1.0,,,False,302.25056312489323
16813,1813,2.3093087975212256e-07,1.0,,,False,302.4294991248753
16814,1814,2.3069526378094452e-07,1.0,,,False,302.61060879193246
16815,1815,2.304571609101913e-07,1.0,,,False,302.7824521670118
16816,1816,2.302199959558493e-07,1.0,,,False,302.9630950000137
16817,1817,2.2997791404577583e-07,1.0,,,False,303.1500774999149
16818,1818,2.297383758786964e-07,1.0,,,False,303.34768708399497
16819,1819,2.2949090805468586e-07,1.0,,,False,303.5480225838255
16820,1820,2.292410670179379e-07,1.0,,,False,303.75227729184553
16821,1821,2.289844616143455e-07,1.0,,,False,303.94902762491256
16822,1822,2.287249714072459e-07,1.0,,,False,304.1440354168881
16823,1823,2.284624827098014e-07,1.0,,,False,304.32154454197735
16824,1824,2.2819411071850482e-07,1.0,,,False,304.50406091683544
16825,1825,2.2792437448515557e-07,1.0,,,False,304.6908758748323
16826,1826,2.276447190752151e-07,1.0,,,False,304.86982220900245
16827,1827,2.2735808613560948e-07,1.0,,,False,305.05373691697605
16828,1828,2.270668204573667e-07,1.0,,,False,305.23555070883594
16829,1829,2.267681509238173e-07,1.0,,,False,305.41001112479717
16830,1830,2.26468628738985e-07,1.0,,,False,305.58743587485515
16831,1831,2.261567004779863e-07,1.0,,,False,305.77268595900387
16832,1832,2.2583655834296223e-07,1.0,,,False,305.96324612479657
16833,1833,2.255095239434013e-07,1.0,,,False,306.1406138748862
16834,1834,2.2517659203913354e-07,1.0,,,False,306.33132041688077
16835,1835,2.248341388622066e-07,1.0,,,False,306.51647445885465
16836,1836,2.2448305969646754e-07,1.0,,,False,306.68916858383454
16837,1837,2.241209671183242e-07,1.0,,,False,306.8712238748558
16838,1838,2.2374891273102548e-07,1.0,,,False,307.04676645901054
16839,1839,2.2336861604799196e-07,1.0,,,False,307.2328825839795
16840,1840,2.229797644304199e-07,1.0,,,False,307.4057899590116
16841,1841,2.225803399369397e-07,1.0,,,False,307.5922719168011
16842,1842,2.2217096784515888e-07,1.0,,,False,307.7711635418236
16843,1843,2.2175213132413774e-07,1.0,,,False,307.9392156668473
16844,1844,2.2132634569516085e-07,1.0,,,False,308.1085576249752
16845,1845,2.2088751450155542e-07,1.0,,,False,308.2951320419088
16846,1846,2.2043796832349472e-07,1.0,,,False,308.48038320895284
16847,1847,2.199782187517485e-07,1.0,,,False,308.6554584999103
16848,1848,2.1951048267965234e-07,1.0,,,False,308.8330912499223
16849,1849,2.1903132108036516e-07,1.0,,,False,309.0160438749008
16850,1850,2.1854654619346547e-07,1.0,,,False,309.19829695881344
16851,1851,2.1804966365834844e-07,1.0,,,False,309.3639920838177
16852,1852,2.1754544832219835e-07,1.0,,,False,309.5429805838503
16853,1853,2.1702697949876892e-07,1.0,,,False,309.71177070890553
16854,1854,2.1650288317687227e-07,1.0,,,False,309.89169895881787
16855,1855,2.1596966348624846e-07,1.0,,,False,310.0650980838109
16856,1856,2.1543111472510645e-07,1.0,,,False,310.24478379194625
16857,1857,2.1488058621343953e-07,1.0,,,False,310.41175516694784
16858,1858,2.1432231278595282e-07,1.0,,,False,310.591811374994
16859,1859,2.137588097639309e-07,1.0,,,False,310.76848787488416
16860,1860,2.1318864185104758e-07,1.0,,,False,310.9385804589838
16861,1861,2.1261251959003857e-07,1.0,,,False,311.1281354587991
16862,1862,2.1203170774697355e-07,1.0,,,False,311.31981887482107
16863,1863,2.1144369100056792e-07,1.0,,,False,311.50194287486374
16864,1864,2.1085844537083176e-07,1.0,,,False,311.67787208384834
16865,1865,2.102677854054491e-07,1.0,,,False,311.8494964169804
16866,1866,2.0967721070519474e-07,1.0,,,False,312.04053837480024
16867,1867,2.090890802719514e-07,1.0,,,False,312.2106912918389
16868,1868,2.0850264093041915e-07,1.0,,,False,312.3918823748827
16869,1869,2.079190863923941e-07,1.0,,,False,312.5746654998511
16870,1870,2.0734030670155335e-07,1.0,,,False,312.7594239169266
16871,1871,2.0676519341122912e-07,1.0,,,False,312.9416270838119
16872,1872,2.061965460598003e-07,1.0,,,False,313.12430770881474
16873,1873,2.0564128533351322e-07,1.0,,,False,313.30387237481773
16874,1874,2.0509560272330418e-07,1.0,,,False,313.4935025838204
16875,1875,2.0455560445498122e-07,1.0,,,False,313.6777702088002
16876,1876,2.0402794120855106e-07,1.0,,,False,313.85764570883475
16877,1877,2.035101118735838e-07,1.0,,,False,314.02646791678853
16878,1878,2.0300697656239208e-07,1.0,,,False,314.19881329196505
16879,1879,2.0251562204975926e-07,1.0,,,False,314.3873545418028
16880,1880,2.020378957467983e-07,1.0,,,False,314.56308849994093
16881,1881,2.015739539729111e-07,1.0,,,False,314.74422658397816
16882,1882,2.0112493359647488e-07,1.0,,,False,314.9344337088987
16883,1883,2.0068658557192975e-07,1.0,,,False,315.1149211667944
16884,1884,2.0026189417876594e-07,1.0,,,False,315.30023770895787
16885,1885,1.9984953780749493e-07,1.0,,,False,315.47858399990946
16886,1886,1.9945402129906142e-07,1.0,,,False,315.6528971667867
16887,1887,1.990681965935437e-07,1.0,,,False,315.8374416248407
16888,1888,1.9869439427111502e-07,1.0,,,False,316.0321058749687
16889,1889,1.983322306386981e-07,1.0,,,False,316.2051188747864
16890,1890,1.9798125094894203e-07,1.0,,,False,316.393100959016
16891,1891,1.9763797354244161e-07,1.0,,,False,316.56360770901665
16892,1892,1.9730775591142447e-07,1.0,,,False,316.76218512491323
16893,1893,1.969832368331481e-07,1.0,,,False,316.94120220886543
16894,1894,1.9667095330078155e-07,1.0,,,False,317.12001229193993
16895,1895,1.9636703996184224e-07,1.0,,,False,317.29928704188205
16896,1896,1.96071056279834e-07,1.0,,,False,317.4875381668098
16897,1897,1.957836985866379e-07,1.0,,,False,317.6959197088145
16898,1898,1.9549999308310362e-07,1.0,,,False,317.8835997499991
16899,1899,1.9522380512171367e-07,1.0,,,False,318.0631728749722
16900,1900,1.949520793687043e-07,1.0,0.9997762613267703,0.00162950151678199,False,318.4430028339848
16901,1901,1.946857537404867e-07,1.0,,,False,318.62999037490226
16902,1902,1.9442292398252903e-07,1.0,,,False,318.7973084168043
16903,1903,1.9416350482970302e-07,1.0,,,False,318.9754394998308
16904,1904,1.9390739680602564e-07,1.0,,,False,319.1454212919343
16905,1905,1.9365856473996246e-07,1.0,,,False,319.3297936669551
16906,1906,1.9341122481364437e-07,1.0,,,False,319.512955624843
16907,1907,1.9316583177442226e-07,1.0,,,False,319.68812745879404
16908,1908,1.9292362196665636e-07,1.0,,,False,319.8665665418375
16909,1909,1.9268289008778083e-07,1.0,,,False,320.0414729998447
16910,1910,1.9244484406044648e-07,1.0,,,False,320.22006595879793
16911,1911,1.9220887281790056e-07,1.0,,,False,320.40247354190797
16912,1912,1.9197516110125434e-07,1.0,,,False,320.57957162498496
16913,1913,1.9174260046384006e-07,1.0,,,False,320.7537104168441
16914,1914,1.9151065089317854e-07,1.0,,,False,320.91644745878875
16915,1915,1.912795397629452e-07,1.0,,,False,321.10881841694936
16916,1916,1.9105010551356827e-07,1.0,,,False,321.2960248750169
16917,1917,1.9082169444573083e-07,1.0,,,False,321.4621952918824
16918,1918,1.9059440603541589e-07,1.0,,,False,321.62707366701216
16919,1919,1.9036241383219021e-07,1.0,,,False,321.79271062486805
16920,1920,1.9013212693153037e-07,1.0,,,False,321.97674633399583
16921,1921,1.89900617897365e-07,1.0,,,False,322.1636951249093
16922,1922,1.8966679249388108e-07,1.0,,,False,322.35158558399417
16923,1923,1.8943204338484065e-07,1.0,,,False,322.5281324998941
16924,1924,1.8919672584161162e-07,1.0,,,False,322.7196886248421
16925,1925,1.8895553921538522e-07,1.0,,,False,322.90885329199955
16926,1926,1.887138694200985e-07,1.0,,,False,323.08533370890655
16927,1927,1.8846543525796733e-07,1.0,,,False,323.26824333379045
16928,1928,1.882160063360061e-07,1.0,,,False,323.43881595879793
16929,1929,1.8796394840592257e-07,1.0,,,False,323.61961141694337
16930,1930,1.8770796827993763e-07,1.0,,,False,323.8138567088172
16931,1931,1.874470427765118e-07,1.0,,,False,324.00367212481797
16932,1932,1.871828629873562e-07,1.0,,,False,324.1921167918481
16933,1933,1.8691181935537315e-07,1.0,,,False,324.37629108387046
16934,1934,1.8663604350876994e-07,1.0,,,False,324.5566459170077
16935,1935,1.8635451226600708e-07,1.0,,,False,324.7302309998777
16936,1936,1.86072043106833e-07,1.0,,,False,324.9010397498496
16937,1937,1.857796263493583e-07,1.0,,,False,325.0671678748913
16938,1938,1.854833016068369e-07,1.0,,,False,325.24699254194275
16939,1939,1.8518009881063335e-07,1.0,,,False,325.421101083979
16940,1940,1.8487284592083597e-07,1.0,,,False,325.5963885418605
16941,1941,1.8456051975590526e-07,1.0,,,False,325.77411354193464
16942,1942,1.8424400138883357e-07,1.0,,,False,325.9513892917894
16943,1943,1.8392080392004573e-07,1.0,,,False,326.12756316689774
16944,1944,1.8359344267082633e-07,1.0,,,False,326.31944562494755
16945,1945,1.832581091321117e-07,1.0,,,False,326.5026547918096
16946,1946,1.8292028869382193e-07,1.0,,,False,326.6928976669442
16947,1947,1.825760733709103e-07,1.0,,,False,326.8676984999329
16948,1948,1.8223200015654584e-07,1.0,,,False,327.05295616691
16949,1949,1.8188401895713469e-07,1.0,,,False,327.24315087497234
16950,1950,1.8153271241772018e-07,1.0,,,False,327.42383187497035
16951,1951,1.8118129219146795e-07,1.0,,,False,327.61470258398913
16952,1952,1.8082511132888612e-07,1.0,,,False,327.8098221248947
16953,1953,1.8046573302399338e-07,1.0,,,False,327.99867245880887
16954,1954,1.8010526048328757e-07,1.0,,,False,328.18928754189983
16955,1955,1.7973887622702023e-07,1.0,,,False,328.364833666943
16956,1956,1.793739130562244e-07,1.0,,,False,328.54405933385715
16957,1957,1.7901149362842261e-07,1.0,,,False,328.71993445884436
16958,1958,1.7864486778762512e-07,1.0,,,False,328.91927824984305
16959,1959,1.7827970566486329e-07,1.0,,,False,329.10500624985434
16960,1960,1.779112182020981e-07,1.0,,,False,329.28718454181217
16961,1961,1.7754366865574411e-07,1.0,,,False,329.4740315838717
16962,1962,1.7717654543503158e-07,1.0,,,False,329.6546959588304
16963,1963,1.7681000485936238e-07,1.0,,,False,329.83273895899765
16964,1964,1.7644224215018767e-07,1.0,,,False,330.01465412485413
16965,1965,1.76075076296911e-07,1.0,,,False,330.19454237492755
16966,1966,1.7570800991961733e-07,1.0,,,False,330.3803384169005
16967,1967,1.7534338780933467e-07,1.0,,,False,330.556833416922
16968,1968,1.7498007309768582e-07,1.0,,,False,330.73919866699725
16969,1969,1.7461752577219158e-07,1.0,,,False,330.92765908385627
16970,1970,1.7425500686840678e-07,1.0,,,False,331.10286137484945
16971,1971,1.7389884021667967e-07,1.0,,,False,331.2855930419173
16972,1972,1.7354479098230513e-07,1.0,,,False,331.4681895838585
16973,1973,1.7319354128630948e-07,1.0,,,False,331.6615000839811
16974,1974,1.7284313003074203e-07,1.0,,,False,331.8580514588393
16975,1975,1.7249352879389335e-07,1.0,,,False,332.03814216679893
16976,1976,1.7214605918525194e-07,1.0,,,False,332.2220100418199
16977,1977,1.7180315126097412e-07,1.0,,,False,332.41051808395423
16978,1978,1.7146179231986025e-07,1.0,,,False,332.5817509999033
16979,1979,1.7112449768319493e-07,1.0,,,False,332.76721408381127
16980,1980,1.7079072733849898e-07,1.0,,,False,332.9542258339934
16981,1981,1.7046096445483272e-07,1.0,,,False,333.13907324988395
16982,1982,1.7013542219501687e-07,1.0,,,False,333.3261073338799
16983,1983,1.6981095996015938e-07,1.0,,,False,333.5072311668191
16984,1984,1.6948960990248452e-07,1.0,,,False,333.691142416792
16985,1985,1.6917115885917156e-07,1.0,,,False,333.8836064999923
16986,1986,1.6885434206415084e-07,1.0,,,False,334.0602479998488
16987,1987,1.6854298223734077e-07,1.0,,,False,334.24871658394113
16988,1988,1.682327592789079e-07,1.0,,,False,334.4427180418279
16989,1989,1.6792732537851407e-07,1.0,,,False,334.63879070896655
16990,1990,1.6762651000590267e-07,1.0,,,False,334.81691783387214
16991,1991,1.6732896312987577e-07,1.0,,,False,334.98989391699433
16992,1992,1.6703376104487688e-07,1.0,,,False,335.16356679191813
16993,1993,1.6674178482389834e-07,1.0,,,False,335.3467310417909
16994,1994,1.6645360290112876e-07,1.0,,,False,335.52967812493443
16995,1995,1.6616844789041352e-07,1.0,,,False,335.70909024984576
16996,1996,1.6589008566825214e-07,1.0,,,False,335.8856237498112
16997,1997,1.6561426718908479e-07,1.0,,,False,336.0685261248145
16998,1998,1.6534228564069053e-07,1.0,,,False,336.2439380418509
16999,1999,1.6507664213349926e-07,1.0,,,False,336.43346862494946
17000,2000,1.6481317288707942e-07,1.0,0.9998881306633851,0.00176691829637198,False,336.8008399589453
17001,2001,1.6455460638553632e-07,1.0,,,False,337.03966891695745
17002,2002,1.643007863094681e-07,1.0,,,False,337.22781712491997
17003,2003,1.640501636757108e-07,1.0,,,False,337.4282867498696
17004,2004,1.638058080288829e-07,1.0,,,False,337.625993499998
17005,2005,1.6356709409137693e-07,1.0,,,False,337.8169286670163
17006,2006,1.6333348185071372e-07,1.0,,,False,337.99914237484336
17007,2007,1.6310774242356274e-07,1.0,,,False,338.1983478749171
17008,2008,1.628899042316334e-07,1.0,,,False,338.3860932919197
17009,2009,1.6268083413706336e-07,1.0,,,False,338.55688279191963
17010,2010,1.6247852840933774e-07,1.0,,,False,338.7309853748884
17011,2011,1.6228362653691875e-07,1.0,,,False,338.91913445899263
17012,2012,1.6209450848236884e-07,1.0,,,False,339.1049813339487
17013,2013,1.6191427221201593e-07,1.0,,,False,339.29270649980754
17014,2014,1.617396350184208e-07,1.0,,,False,339.4717100840062
17015,2015,1.6157392224158684e-07,1.0,,,False,339.65116779180244
17016,2016,1.6141414960202383e-07,1.0,,,False,339.82492195884697
17017,2017,1.6126263346905034e-07,1.0,,,False,340.00821191701107
17018,2018,1.6112075229557377e-07,1.0,,,False,340.18003712501377
17019,2019,1.6098861976843182e-07,1.0,,,False,340.35871537495404
17020,2020,1.6086207210719294e-07,1.0,,,False,340.53962870896794
17021,2021,1.6074575626134902e-07,1.0,,,False,340.72670287499204
17022,2022,1.6063593477610993e-07,1.0,,,False,340.911166083999
17023,2023,1.6053439821916982e-07,1.0,,,False,341.1069036249537
17024,2024,1.6043965445078356e-07,1.0,,,False,341.2984409998171
17025,2025,1.6035318139984156e-07,1.0,,,False,341.48364524985664
17026,2026,1.602721653171102e-07,1.0,,,False,341.6595900419634
17027,2027,1.6019846782455716e-07,1.0,,,False,341.826979749836
17028,2028,1.6013284209748235e-07,1.0,,,False,342.01122454181314
17029,2029,1.6007369652015768e-07,1.0,,,False,342.1929595838301
17030,2030,1.60020888984036e-07,1.0,,,False,342.3737110418733
17031,2031,1.5997400737433054e-07,1.0,,,False,342.5524412088562
17032,2032,1.5993300905847718e-07,1.0,,,False,342.72401749994606
17033,2033,1.5989627399903839e-07,1.0,,,False,342.9019330840092
17034,2034,1.5986204005002946e-07,1.0,,,False,343.08794004190713
17035,2035,1.598301082594844e-07,1.0,,,False,343.2842747089453
17036,2036,1.59801786026037e-07,1.0,,,False,343.469250791939
17037,2037,1.5977633438524208e-07,1.0,,,False,343.6494625839405
17038,2038,1.5975116696154146e-07,1.0,,,False,343.8249617088586
17039,2039,1.5972825906374055e-07,1.0,,,False,343.98705358384177
17040,2040,1.597058769675641e-07,1.0,,,False,344.16125695896335
17041,2041,1.5968608124694583e-07,1.0,,,False,344.34222166682594
17042,2042,1.596635286205128e-07,1.0,,,False,344.5295795418788
17043,2043,1.5964185706707212e-07,1.0,,,False,344.70640262495726
17044,2044,1.5961919075380138e-07,1.0,,,False,344.8858747498598
17045,2045,1.5959868449044734e-07,1.0,,,False,345.06429283390753
17046,2046,1.5957674293076707e-07,1.0,,,False,345.2374470420182
17047,2047,1.5955215815210977e-07,1.0,,,False,345.4052214589901
17048,2048,1.5952379328609823e-07,1.0,,,False,345.5980443339795
17049,2049,1.5949382259350386e-07,1.0,,,False,345.779079916887
17050,2050,1.5946260134569457e-07,1.0,,,False,345.96641512494534
17051,2051,1.594281400230102e-07,1.0,,,False,346.15179745899513
17052,2052,1.5939203024117887e-07,1.0,,,False,346.3283162089065
17053,2053,1.5935212616113859e-07,1.0,,,False,346.49704266688786
17054,2054,1.5930740460134984e-07,1.0,,,False,346.6837237919681
17055,2055,1.5926150354061974e-07,1.0,,,False,346.8525570000056
17056,2056,1.5921493456971803e-07,1.0,,,False,347.02537620882504
17057,2057,1.5916758400180697e-07,1.0,,,False,347.20762295881286
17058,2058,1.5911214745756297e-07,1.0,,,False,347.37767587485723
17059,2059,1.590517797467328e-07,1.0,,,False,347.57001658389345
17060,2060,1.5899182415068935e-07,1.0,,,False,347.7541624167934
17061,2061,1.5892837268438598e-07,1.0,,,False,347.94081774982624
17062,2062,1.58859862153804e-07,1.0,,,False,348.1178869588766
17063,2063,1.5878850945227896e-07,1.0,,,False,348.29636870883405
17064,2064,1.5871644620801817e-07,1.0,,,False,348.47513108397834
17065,2065,1.5864155500366905e-07,1.0,,,False,348.6550957087893
17066,2066,1.5856379320666747e-07,1.0,,,False,348.82824562489986
17067,2067,1.5848601719881117e-07,1.0,,,False,349.01320133381523
17068,2068,1.584061237736023e-07,1.0,,,False,349.19279983383603
17069,2069,1.5832630140266701e-07,1.0,,,False,349.37786966678686
17070,2070,1.5824367949335283e-07,1.0,,,False,349.5560882089194
17071,2071,1.5816098652976507e-07,1.0,,,False,349.72404266684316
17072,2072,1.5807476927420794e-07,1.0,,,False,349.8975838748738
17073,2073,1.5798950414591673e-07,1.0,,,False,350.08218837482855
17074,2074,1.5790372742685577e-07,1.0,,,False,350.2601542088669
17075,2075,1.5781658646574215e-07,1.0,,,False,350.43313095881604
17076,2076,1.5773173345223768e-07,1.0,,,False,350.6079631249886
17077,2077,1.576429582428318e-07,1.0,,,False,350.7840766250156
17078,2078,1.5755510673898243e-07,1.0,,,False,350.9594272088725
17079,2079,1.574668289094916e-07,1.0,,,False,351.1381054588128
17080,2080,1.5737985847863456e-07,1.0,,,False,351.3183816669043
17081,2081,1.572922201376059e-07,1.0,,,False,351.4952560418751
17082,2082,1.5720530655016773e-07,1.0,,,False,351.6659503749106
17083,2083,1.5711995615674823e-07,1.0,,,False,351.8396765838843
17084,2084,1.570334688949515e-07,1.0,,,False,352.00733570894226
17085,2085,1.5694844535119046e-07,1.0,,,False,352.1960167919751
17086,2086,1.5686448762153304e-07,1.0,,,False,352.36767345899716
17087,2087,1.567818088688e-07,1.0,,,False,352.55002029193565
17088,2088,1.5669830588649347e-07,1.0,,,False,352.71379716694355
17089,2089,1.5661629504393204e-07,1.0,,,False,352.89391999994405
17090,2090,1.5653401419513102e-07,1.0,,,False,353.0698240417987
17091,2091,1.5645480289094849e-07,1.0,,,False,353.2453325840179
17092,2092,1.5637762373899022e-07,1.0,,,False,353.4239377088379
17093,2093,1.563004872195961e-07,1.0,,,False,353.59362991689704
17094,2094,1.5622576654550357e-07,1.0,,,False,353.7690478749573
17095,2095,1.561533480298749e-07,1.0,,,False,353.9375222499948
17096,2096,1.5608121373134054e-07,1.0,,,False,354.1216867088806
17097,2097,1.560132147915283e-07,1.0,,,False,354.31256208382547
17098,2098,1.55944320567869e-07,1.0,,,False,354.4874227088876
17099,2099,1.558769184839548e-07,1.0,,,False,354.6744142919779
17100,2100,1.558125148903855e-07,1.0,0.9998881306633851,0.0018295043808792726,False,355.00507683400065
17101,2101,1.5574659073536168e-07,1.0,,,False,355.1956044170074
17102,2102,1.5568443245683738e-07,1.0,,,False,355.3721503338311
17103,2103,1.556209667796793e-07,1.0,,,False,355.5490679589566
17104,2104,1.55558808501155e-07,1.0,,,False,355.718763083918
17105,2105,1.5549736076536647e-07,1.0,,,False,355.90083579183556
17106,2106,1.5543604092727037e-07,1.0,,,False,356.0781745838467
17107,2107,1.5537339947968576e-07,1.0,,,False,356.24846224999055
17108,2108,1.553134296727876e-07,1.0,,,False,356.42713083396666
17109,2109,1.5525476726452325e-07,1.0,,,False,356.6051299998071
17110,2110,1.5519560747634387e-07,1.0,,,False,356.77670316700824
17111,2111,1.5513651874243806e-07,1.0,,,False,356.94553795899265
17112,2112,1.5507791317759256e-07,1.0,,,False,357.1126563749276
17113,2113,1.5502095607189403e-07,1.0,,,False,357.2855944999028
17114,2114,1.5496357264055405e-07,1.0,,,False,357.4491942918394
17115,2115,1.5490871874135337e-07,1.0,,,False,357.64028179179877
17116,2116,1.5485314008856221e-07,1.0,,,False,357.80675787478685
17117,2117,1.5479474768653745e-07,1.0,,,False,357.98697304190136
17118,2118,1.5474061854092724e-07,1.0,,,False,358.1642738748342
17119,2119,1.5468593517198315e-07,1.0,,,False,358.3533976248
17120,2120,1.546318628697918e-07,1.0,,,False,358.53053083387204
17121,2121,1.545765258015308e-07,1.0,,,False,358.7020874998998
17122,2122,1.5452225454737345e-07,1.0,,,False,358.88890491682105
17123,2123,1.5446833856458397e-07,1.0,,,False,359.07290424988605
17124,2124,1.5441352729794744e-07,1.0,,,False,359.264247833984
17125,2125,1.5436046396644088e-07,1.0,,,False,359.43968008388765
17126,2126,1.543087080335681e-07,1.0,,,False,359.61035183398053
17127,2127,1.5425459309881262e-07,1.0,,,False,359.7750031668693
17128,2128,1.5420333454585489e-07,1.0,,,False,359.939413666958
17129,2129,1.541524881076839e-07,1.0,,,False,360.1122902499046
17130,2130,1.5410068954224698e-07,1.0,,,False,360.2900044589769
17131,2131,1.5404680198116694e-07,1.0,,,False,360.47821691678837
17132,2132,1.5399739083932218e-07,1.0,,,False,360.637664666865
17133,2133,1.5394498120713251e-07,1.0,,,False,360.80248149996623
17134,2134,1.538928984246013e-07,1.0,,,False,360.9778556670062
17135,2135,1.5384171092591714e-07,1.0,,,False,361.1600384169724
17136,2136,1.5379019657757453e-07,1.0,,,False,361.33078445889987
17137,2137,1.5373970541077142e-07,1.0,,,False,361.5052047499921
17138,2138,1.5368961214790033e-07,1.0,,,False,361.686808333965
17139,2139,1.5364120997674036e-07,1.0,,,False,361.8609342088457
17140,2140,1.5359100302703155e-07,1.0,,,False,362.03570949984714
17141,2141,1.5354332560946204e-07,1.0,,,False,362.2166507919319
17142,2142,1.53494028154455e-07,1.0,,,False,362.39466120884754
17143,2143,1.5344627968261193e-07,1.0,,,False,362.56672029197216
17144,2144,1.534009044235063e-07,1.0,,,False,362.738965208875
17145,2145,1.5335514547132334e-07,1.0,,,False,362.89822237496264
17146,2146,1.5330802227708773e-07,1.0,,,False,363.05811362480745
17147,2147,1.5325959168421832e-07,1.0,,,False,363.22694183397107
17148,2148,1.532121700620337e-07,1.0,,,False,363.4113420417998
17149,2149,1.531670363874582e-07,1.0,,,False,363.5839763749391
17150,2150,1.531193589698887e-07,1.0,,,False,363.76516179181635
17151,2151,1.5307371370454348e-07,1.0,,,False,363.93858599988744
17152,2152,1.5302836686714727e-07,1.0,,,False,364.1061079998035
17153,2153,1.5298265054752846e-07,1.0,,,False,364.28453483385965
17154,2154,1.5293625210688333e-07,1.0,,,False,364.46949624991976
17155,2155,1.5289131738427386e-07,1.0,,,False,364.6480563338846
17156,2156,1.528434836473025e-07,1.0,,,False,364.8154023748357
17157,2157,1.5279863418982131e-07,1.0,,,False,364.9887730840128
17158,2158,1.5275416842541745e-07,1.0,,,False,365.17042137496173
17159,2159,1.5271099584879266e-07,1.0,,,False,365.3404217918869
17160,2160,1.5266809327840747e-07,1.0,,,False,365.50812045880593
17161,2161,1.5262492070178268e-07,1.0,,,False,365.6967710419558
17162,2162,1.5258255814387667e-07,1.0,,,False,365.87629908393137
17163,2163,1.525431514437514e-07,1.0,,,False,366.06033224985003
17164,2164,1.5250249418841122e-07,1.0,,,False,366.2357102499809
17165,2165,1.5246308748828596e-07,1.0,,,False,366.42084295884706
17166,2166,1.5242326867337397e-07,1.0,,,False,366.597393583972
17167,2167,1.523843167205996e-07,1.0,,,False,366.78280787495896
17168,2168,1.5234489580961963e-07,1.0,,,False,366.9712446669582
17169,2169,1.5230956762479764e-07,1.0,,,False,367.15307837491855
17170,2170,1.5227023197894596e-07,1.0,,,False,367.3348052089568
17171,2171,1.5223265847907896e-07,1.0,,,False,367.5089573338628
17172,2172,1.5219518445519498e-07,1.0,,,False,367.70741979195736
17173,2173,1.5215844939575618e-07,1.0,,,False,367.88605133397505
17174,2174,1.5212333437375491e-07,1.0,,,False,368.0761515838094
17175,2175,1.5208719617021416e-07,1.0,,,False,368.2702822498977
17176,2176,1.5204898318188498e-07,1.0,,,False,368.4664321669843
17177,2177,1.5201433711808932e-07,1.0,,,False,368.6279869589489
17178,2178,1.519764651902733e-07,1.0,,,False,368.81199895893224
17179,2179,1.51938607473312e-07,1.0,,,False,368.9985903338529
17180,2180,1.518998971050678e-07,1.0,,,False,369.17854737490416
17181,2181,1.5186276414169697e-07,1.0,,,False,369.37083170888945
17182,2182,1.5182612855824118e-07,1.0,,,False,369.56605208385736
17183,2183,1.5178929402281938e-07,1.0,,,False,369.7577121669892
17184,2184,1.517532410844069e-07,1.0,,,False,369.93668249994516
17185,2185,1.5171907818967156e-07,1.0,,,False,370.1142318339553
17186,2186,1.5168215838912147e-07,1.0,,,False,370.2992953339126
17187,2187,1.5164579281190527e-07,1.0,,,False,370.4614962087944
17188,2188,1.516094698672532e-07,1.0,,,False,370.65171654196456
17189,2189,1.515724505907201e-07,1.0,,,False,370.82328633381985
17190,2190,1.5153440813264751e-07,1.0,,,False,370.99080645898357
17191,2191,1.5149676357850694e-07,1.0,,,False,371.172087874962
17192,2192,1.5145825216222875e-07,1.0,,,False,371.35944333393127
17193,2193,1.5142131815082394e-07,1.0,,,False,371.5526144169271
17194,2194,1.5138419939830783e-07,1.0,,,False,371.73396154190414
17195,2195,1.5134961017793103e-07,1.0,,,False,371.9176214169711
17196,2196,1.5131324460071482e-07,1.0,,,False,372.09098124993034
17197,2197,1.5127776009649097e-07,1.0,,,False,372.26345941680484
17198,2198,1.5123985974696552e-07,1.0,,,False,372.4468063749373
17199,2199,1.512027267835947e-07,1.0,,,False,372.627136999974
17200,2200,1.5116665963432752e-07,1.0,0.9997762613267703,0.0018509806338458843,False,372.99568474991247
17201,2201,1.5112978246634157e-07,1.0,,,False,373.1691765419673
17202,2202,1.51092137912201e-07,1.0,,,False,373.33465045900084
17203,2203,1.5105626971489983e-07,1.0,,,False,373.5185612088535
17204,2204,1.5101956307717046e-07,1.0,,,False,373.69135708385147
17205,2205,1.5098376593414287e-07,1.0,,,False,373.8669742089696
17206,2206,1.5094521188530052e-07,1.0,,,False,374.04939491697587
17207,2207,1.509077094397071e-07,1.0,,,False,374.2288489998318
17208,2208,1.5087019278325897e-07,1.0,,,False,374.3971365839243
17209,2209,1.5083240612057125e-07,1.0,,,False,374.57408829196356
17210,2210,1.507946905121571e-07,1.0,,,False,374.7456594998948
17211,2211,1.5075828230237676e-07,1.0,,,False,374.9157894169912
17212,2212,1.5072147618866438e-07,1.0,,,False,375.0971203749068
17213,2213,1.5068364689341252e-07,1.0,,,False,375.25542999990284
17214,2214,1.506465139300417e-07,1.0,,,False,375.44939974998124
17215,2215,1.5060963676205574e-07,1.0,,,False,375.63471233379096
17216,2216,1.5056993163398147e-07,1.0,,,False,375.82424016692676
17217,2217,1.505327560380465e-07,1.0,,,False,375.9879484588746
17218,2218,1.504954525444191e-07,1.0,,,False,376.16246933396906
17219,2219,1.5045884538267273e-07,1.0,,,False,376.324427541811
17220,2220,1.5042087397887371e-07,1.0,,,False,376.5072742498014
17221,2221,1.503841247085802e-07,1.0,,,False,376.6732846668456
17222,2222,1.5034824230042432e-07,1.0,,,False,376.8446264588274
17223,2223,1.5031123723474593e-07,1.0,,,False,377.0115444168914
17224,2224,1.5027293898128846e-07,1.0,,,False,377.1777128339745
17225,2225,1.5023752553133818e-07,1.0,,,False,377.34800399979576
17226,2226,1.5019952570582973e-07,1.0,,,False,377.5364537499845
17227,2227,1.5016317433946824e-07,1.0,,,False,377.7119593748357
17228,2228,1.5012520293566922e-07,1.0,,,False,377.8612455839757
17229,2229,1.5008932052751334e-07,1.0,,,False,378.03652395890094
17230,2230,1.50053210745682e-07,1.0,,,False,378.2165194170084
17231,2231,1.5001643305367907e-07,1.0,,,False,378.39740137499757
17232,2232,1.4998174435731926e-07,1.0,,,False,378.5715127498843
17233,2233,1.4994478192420502e-07,1.0,,,False,378.7592299589887
17234,2234,1.4990892793775856e-07,1.0,,,False,378.93514720886014
17235,2235,1.4987357133122714e-07,1.0,,,False,379.11084745894186
17236,2236,1.4983787366418255e-07,1.0,,,False,379.2881258749403
17237,2237,1.498043644687641e-07,1.0,,,False,379.4736707499251
17238,2238,1.4977055684539664e-07,1.0,,,False,379.65422758390196
17239,2239,1.497355555102331e-07,1.0,,,False,379.8264692919329
17240,2240,1.497004120665224e-07,1.0,,,False,380.01008791686036
17241,2241,1.4966859396281507e-07,1.0,,,False,380.1893394999206
17242,2242,1.4963495686970418e-07,1.0,,,False,380.3806014168076
17243,2243,1.4960130556573858e-07,1.0,,,False,380.55207133386284
17244,2244,1.4956781058117485e-07,1.0,,,False,380.71051799994893
17245,2245,1.495370014481523e-07,1.0,,,False,380.8921188749373
17246,2246,1.4950620652598445e-07,1.0,,,False,381.0601544168312
17247,2247,1.4947292470424145e-07,1.0,,,False,381.2271306249313
17248,2248,1.4944068027489266e-07,1.0,,,False,381.39609637483954
17249,2249,1.4940833636956086e-07,1.0,,,False,381.57791858399287
17250,2250,1.4937508296952728e-07,1.0,,,False,381.7703662919812
17251,2251,1.4934268222077662e-07,1.0,,,False,381.9679177918006
17252,2252,1.493096704052732e-07,1.0,,,False,382.16180383390747
17253,2253,1.4927616120985476e-07,1.0,,,False,382.3384429998696
17254,2254,1.4924115987469122e-07,1.0,,,False,382.51059412490577
17255,2255,1.4920821911346138e-07,1.0,,,False,382.68396391696297
17256,2256,1.491736441039393e-07,1.0,,,False,382.85802270891145
17257,2257,1.4914094492723962e-07,1.0,,,False,383.03631624998525
17258,2258,1.4910787626831734e-07,1.0,,,False,383.2194771668874
17259,2259,1.4907713818956836e-07,1.0,,,False,383.4007406248711
17260,2260,1.490436289941499e-07,1.0,,,False,383.5768360418733
17261,2261,1.490110008717238e-07,1.0,,,False,383.74827774986625
17262,2262,1.4897619848852628e-07,1.0,,,False,383.9264888749458
17263,2263,1.4894196453951736e-07,1.0,,,False,384.114635291975
17264,2264,1.4890895272401394e-07,1.0,,,False,384.2876934169326
17265,2265,1.4887635302329727e-07,1.0,,,False,384.4474595419597
17266,2266,1.4884405175052962e-07,1.0,,,False,384.6179345420096
17267,2267,1.4881136678468465e-07,1.0,,,False,384.788601124892
17268,2268,1.487784260234548e-07,1.0,,,False,384.96935741696507
17269,2269,1.4874706266709836e-07,1.0,,,False,385.13664779183455
17270,2270,1.48714747183476e-07,1.0,,,False,385.3117155840155
17271,2271,1.4868246012156305e-07,1.0,,,False,385.49008720880374
17272,2272,1.4865126729546319e-07,1.0,,,False,385.65673699998297
17273,2273,1.48617544937224e-07,1.0,,,False,385.8299916249234
17274,2274,1.4858683528018446e-07,1.0,,,False,386.00554120889865
17275,2275,1.4855554297810158e-07,1.0,,,False,386.18627058388665
17276,2276,1.4852322749447922e-07,1.0,,,False,386.3625368748326
17277,2277,1.484913383364983e-07,1.0,,,False,386.5335728339851
17278,2278,1.484583265209949e-07,1.0,,,False,386.71564949979074
17279,2279,1.4842554207916692e-07,1.0,,,False,386.8958638748154
17280,2280,1.4839220341400505e-07,1.0,,,False,387.07433420885354
17281,2281,1.4835993056294683e-07,1.0,,,False,387.2575672089588
17282,2282,1.4832649242180196e-07,1.0,,,False,387.432259749854
17283,2283,1.4829267058757978e-07,1.0,,,False,387.60583616700023
17284,2284,1.4826019878455554e-07,1.0,,,False,387.7868421250023
17285,2285,1.4822700222794083e-07,1.0,,,False,387.96612295880914
17286,2286,1.4819383409303555e-07,1.0,,,False,388.1336758339312
17287,2287,1.481597706742832e-07,1.0,,,False,388.29064808390103
17288,2288,1.4812636095484777e-07,1.0,,,False,388.4652420838829
17289,2289,1.4809371862156695e-07,1.0,,,False,388.63314295886084
17290,2290,1.480609626014484e-07,1.0,,,False,388.80332333385013
17291,2291,1.4802803605107329e-07,1.0,,,False,388.9749314589426
17292,2292,1.479955216154849e-07,1.0,,,False,389.14832908380777
17293,2293,1.4796520986237738e-07,1.0,,,False,389.3276545419358
17294,2294,1.4793087643738545e-07,1.0,,,False,389.4969201670028
17295,2295,1.4789738145282172e-07,1.0,,,False,389.68520287494175
17296,2296,1.4786442648073717e-07,1.0,,,False,389.862410124857
17297,2297,1.478322104730978e-07,1.0,,,False,390.0477869589813
17298,2298,1.477994828746887e-07,1.0,,,False,390.2325203749351
17299,2299,1.4776728107790404e-07,1.0,,,False,390.4100416668225
17300,2300,1.4773372924992145e-07,1.0,0.9997762613267703,0.0018583539713102738,False,390.76262649986893
17301,2301,1.4769949530091253e-07,1.0,,,False,390.93651604186743
17302,2302,1.476675066669486e-07,1.0,,,False,391.0915837089997
17303,2303,1.476358164609337e-07,1.0,,,False,391.276793041965
17304,2304,1.476007440714966e-07,1.0,,,False,391.44137616688386
17305,2305,1.475671069783857e-07,1.0,,,False,391.60509758396074
17306,2306,1.475329867162145e-07,1.0,,,False,391.79143433389254
17307,2307,1.4750001753327524e-07,1.0,,,False,391.9527481668629
17308,2308,1.4746802889931132e-07,1.0,,,False,392.1160300418269
17309,2309,1.4743474707756832e-07,1.0,,,False,392.2862624169793
17310,2310,1.4740412268565706e-07,1.0,,,False,392.4497005417943
17311,2311,1.4737447884272115e-07,1.0,,,False,392.629769208841
17312,2312,1.4734324338405713e-07,1.0,,,False,392.8131049168296
17313,2313,1.4731055841821217e-07,1.0,,,False,392.9960964168422
17314,2314,1.472776887112559e-07,1.0,,,False,393.17952824989334
17315,2315,1.4724639640917303e-07,1.0,,,False,393.3554808748886
17316,2316,1.4721491936597886e-07,1.0,,,False,393.5249861248303
17317,2317,1.4718595764406928e-07,1.0,,,False,393.70590970898047
17318,2318,1.471546653419864e-07,1.0,,,False,393.88575612497516
17319,2319,1.471244814865713e-07,1.0,,,False,394.0757643748075
17320,2320,1.4709407025748078e-07,1.0,,,False,394.23674666695297
17321,2321,1.470645543122373e-07,1.0,,,False,394.42053458397277
17322,2322,1.4703412887229206e-07,1.0,,,False,394.58875583391637
17323,2323,1.4700178496696026e-07,1.0,,,False,394.77143320883624
17324,2324,1.4696971106786805e-07,1.0,,,False,394.94136479194276
17325,2325,1.4693893035655492e-07,1.0,,,False,395.10642820899375
17326,2326,1.469075101567796e-07,1.0,,,False,395.27398299984634
17327,2327,1.4687785210298898e-07,1.0,,,False,395.4495264168363
17328,2328,1.4684559346278547e-07,1.0,,,False,395.62864029197954
17329,2329,1.4681576487873826e-07,1.0,,,False,395.8082039169967
17330,2330,1.467823409484481e-07,1.0,,,False,395.9843546668999
17331,2331,1.4675109127892938e-07,1.0,,,False,396.1486742917914
17332,2332,1.4671972792257293e-07,1.0,,,False,396.33244470879436
17333,2333,1.4668714243271097e-07,1.0,,,False,396.5108497918118
17334,2334,1.466557648654998e-07,1.0,,,False,396.68367225001566
17335,2335,1.4662496994333196e-07,1.0,,,False,396.85614074999467
17336,2336,1.4659465819022444e-07,1.0,,,False,397.03703479189426
17337,2337,1.4656370694865473e-07,1.0,,,False,397.2089861249551
17338,2338,1.46532457279136e-07,1.0,,,False,397.38817499997094
17339,2339,1.4650251500825107e-07,1.0,,,False,397.56556933396496
17340,2340,1.4647018531377398e-07,1.0,,,False,397.7345530418679
17341,2341,1.4644128043528326e-07,1.0,,,False,397.89606483397074
17342,2342,1.4641032919371355e-07,1.0,,,False,398.07640366698615
17343,2343,1.463803585011192e-07,1.0,,,False,398.26159366685897
17344,2344,1.4635131151408132e-07,1.0,,,False,398.4332687088754
17345,2345,1.463230603349075e-07,1.0,,,False,398.6262810837943
17346,2346,1.4629422651069035e-07,1.0,,,False,398.81053712498397
17347,2347,1.462651084693789e-07,1.0,,,False,398.9975561669562
17348,2348,1.4623782362832571e-07,1.0,,,False,399.17797087482177
17349,2349,1.4621262778291566e-07,1.0,,,False,399.3572688337881
17350,2350,1.4618456134485314e-07,1.0,,,False,399.5479717918206
17351,2351,1.4615855548072432e-07,1.0,,,False,399.7228248338215
17352,2352,1.461321659235182e-07,1.0,,,False,399.889669416938
17353,2353,1.4610643006562896e-07,1.0,,,False,400.0602787497919
17354,2354,1.4608028209295298e-07,1.0,,,False,400.2406871248968
17355,2355,1.4605694786951062e-07,1.0,,,False,400.4202142090071
17356,2356,1.4603183728922886e-07,1.0,,,False,400.59681137488224
17357,2357,1.4600755093852058e-07,1.0,,,False,400.7758044588845
17358,2358,1.459825256233671e-07,1.0,,,False,400.958377874922
17359,2359,1.4595795505556453e-07,1.0,,,False,401.1431721248664
17360,2360,1.459329723729752e-07,1.0,,,False,401.32692120899446
17361,2361,1.4590892760679708e-07,1.0,,,False,401.5119423340075
17362,2362,1.4588451335839636e-07,1.0,,,False,401.69315249985084
17363,2363,1.458595875192259e-07,1.0,,,False,401.8645243339706
17364,2364,1.4583447693894414e-07,1.0,,,False,402.04637820879
17365,2365,1.4580960794319253e-07,1.0,,,False,402.2341442918405
17366,2366,1.4578287732547324e-07,1.0,,,False,402.40964845893905
17367,2367,1.4575790885373863e-07,1.0,,,False,402.5936064168345
17368,2368,1.4573299722542288e-07,1.0,,,False,402.7695257498417
17369,2369,1.4570994721907482e-07,1.0,,,False,402.9541632088367
17370,2370,1.4568583139862312e-07,1.0,,,False,403.138413624838
17371,2371,1.4566137451765826e-07,1.0,,,False,403.32204012479633
17372,2372,1.456375713360103e-07,1.0,,,False,403.50259170890786
17373,2373,1.456135407806869e-07,1.0,,,False,403.68384129181504
17374,2374,1.455859859333941e-07,1.0,,,False,403.85204341681674
17375,2375,1.4556283645106305e-07,1.0,,,False,404.0328865419142
17376,2376,1.4553796745531145e-07,1.0,,,False,404.206343291793
17377,2377,1.4551264371220896e-07,1.0,,,False,404.39149650000036
17378,2378,1.4549056004398153e-07,1.0,,,False,404.5899959169328
17379,2379,1.454635025766038e-07,1.0,,,False,404.775400249986
17380,2380,1.4543857673743332e-07,1.0,,,False,404.96590437483974
17381,2381,1.4541282666868938e-07,1.0,,,False,405.1426357498858
17382,2382,1.4538653658746625e-07,1.0,,,False,405.3245353749953
17383,2383,1.4536243497786927e-07,1.0,,,False,405.5146215839777
17384,2384,1.4533780756664783e-07,1.0,,,False,405.6970109168906
17385,2385,1.4531234171499818e-07,1.0,,,False,405.86072433390655
17386,2386,1.4528781377975974e-07,1.0,,,False,406.03585533378646
17387,2387,1.4526231950640067e-07,1.0,,,False,406.21091129188426
17388,2388,1.4523725155868306e-07,1.0,,,False,406.3933946248144
17389,2389,1.4521127411626367e-07,1.0,,,False,406.5707739999052
17390,2390,1.451842877031595e-07,1.0,,,False,406.7658584997989
17391,2391,1.451594187074079e-07,1.0,,,False,406.95148570882156
17392,2392,1.4513504709157132e-07,1.0,,,False,407.13478174991906
17393,2393,1.4510740697915026e-07,1.0,,,False,407.3100604999345
17394,2394,1.4508175638638932e-07,1.0,,,False,407.5087227500044
17395,2395,1.4505525314234546e-07,1.0,,,False,407.6960840418469
17396,2396,1.450299578209524e-07,1.0,,,False,407.88805016689
17397,2397,1.4500389511340472e-07,1.0,,,False,408.06126337498426
17398,2398,1.4497877032226825e-07,1.0,,,False,408.24822720885277
17399,2399,1.4495449818241468e-07,1.0,,,False,408.4388763338793
17400,2400,1.4492832178802928e-07,1.0,0.9997762613267703,0.0018594760443248425,False,408.8060637919698
17401,2401,1.449025432975759e-07,1.0,,,False,408.9868154588621
17402,2402,1.448756137278906e-07,1.0,,,False,409.14885074994527
17403,2403,1.4485152632914833e-07,1.0,,,False,409.3186914587859
17404,2404,1.4482826315997954e-07,1.0,,,False,409.499702291796
17405,2405,1.4480201571132056e-07,1.0,,,False,409.67068454180844
17406,2406,1.447770898721501e-07,1.0,,,False,409.83649462484755
17407,2407,1.447528887865701e-07,1.0,,,False,410.01582220895216
17408,2408,1.4472743714577518e-07,1.0,,,False,410.1887713340111
17409,2409,1.4470150233591994e-07,1.0,,,False,410.357575916918
17410,2410,1.4467536857409868e-07,1.0,,,False,410.5351686249487
17411,2411,1.4465011588526977e-07,1.0,,,False,410.7168127920013
17412,2412,1.4462366948464478e-07,1.0,,,False,410.88419520901516
17413,2413,1.4459678254752362e-07,1.0,,,False,411.05962149985135
17414,2414,1.4457175723237015e-07,1.0,,,False,411.2288496668916
17415,2415,1.445471298211487e-07,1.0,,,False,411.4011661668774
17416,2416,1.4452099605932744e-07,1.0,,,False,411.5873844169546
17417,2417,1.4449622653955885e-07,1.0,,,False,411.74104829179123
17418,2418,1.4447026330799417e-07,1.0,,,False,411.91262899991125
17419,2419,1.44445422733952e-07,1.0,,,False,412.08801504201256
17420,2420,1.4442035478623438e-07,1.0,,,False,412.25224474980496
17421,2421,1.4439450524150743e-07,1.0,,,False,412.4344262499362
17422,2422,1.443698920411407e-07,1.0,,,False,412.60012412490323
17423,2423,1.4434360195991758e-07,1.0,,,False,412.7727522919886
17424,2424,1.4431849137963582e-07,1.0,,,False,412.94229054194875
17425,2425,1.4429204497901083e-07,1.0,,,False,413.1199674999807
17426,2426,1.4426549910240283e-07,1.0,,,False,413.293013041839
17427,2427,1.442413548602417e-07,1.0,,,False,413.45806258381344
17428,2428,1.442144252905564e-07,1.0,,,False,413.6368602497969
17429,2429,1.4418822047446156e-07,1.0,,,False,413.8060729589779
17430,2430,1.4416231408631575e-07,1.0,,,False,413.9856020419393
17431,2431,1.4413761562082072e-07,1.0,,,False,414.1522515839897
17432,2432,1.441127324142144e-07,1.0,,,False,414.3240758748725
17433,2433,1.440889718651306e-07,1.0,,,False,414.491526333848
17434,2434,1.4406390391741297e-07,1.0,,,False,414.65894933394156
17435,2435,1.440374717276427e-07,1.0,,,False,414.84770141681656
17436,2436,1.4401318537693442e-07,1.0,,,False,415.0171814998612
17437,2437,1.4398882797195256e-07,1.0,,,False,415.19625195884146
17438,2438,1.43964456356116e-07,1.0,,,False,415.3609946668148
17439,2439,1.4394004210771527e-07,1.0,,,False,415.53454958391376
17440,2440,1.4391434888239019e-07,1.0,,,False,415.7053845420014
17441,2441,1.438901620076649e-07,1.0,,,False,415.8845025419723
17442,2442,1.438658472352472e-07,1.0,,,False,416.0582904589828
17443,2443,1.4384289670488215e-07,1.0,,,False,416.2236874590162
17444,2444,1.4381888036041346e-07,1.0,,,False,416.4076559590176
17445,2445,1.4379411084064486e-07,1.0,,,False,416.5944008748047
17446,2446,1.4376907131463668e-07,1.0,,,False,416.76895074988715
17447,2447,1.4374532497640757e-07,1.0,,,False,416.94823191687465
17448,2448,1.437225449762991e-07,1.0,,,False,417.1327866669744
17449,2449,1.4369993550644722e-07,1.0,,,False,417.29960212484
17450,2450,1.43674498076507e-07,1.0,,,False,417.4881373338867
17451,2451,1.436514054375948e-07,1.0,,,False,417.6622201248538
17452,2452,1.4362647959842434e-07,1.0,,,False,417.8427495418582
17453,2453,1.436002605714748e-07,1.0,,,False,418.0090090839658
17454,2454,1.4357414102050825e-07,1.0,,,False,418.1818510838784
17455,2455,1.4354930044646608e-07,1.0,,,False,418.3536064589862
17456,2456,1.4352468724609935e-07,1.0,,,False,418.5189014589414
17457,2457,1.4349933508128743e-07,1.0,,,False,418.68166854185984
17458,2458,1.4347403975989437e-07,1.0,,,False,418.8540747498628
17459,2459,1.434491139207239e-07,1.0,,,False,419.03680208395235
17460,2460,1.4342323595428752e-07,1.0,,,False,419.2218061250169
17461,2461,1.4339961751375085e-07,1.0,,,False,419.4026926669758
17462,2462,1.4337467746372567e-07,1.0,,,False,419.57076924992725
17463,2463,1.4335014952848724e-07,1.0,,,False,419.74193641683087
17464,2464,1.4332546527384693e-07,1.0,,,False,419.92581049981527
17465,2465,1.432988767646748e-07,1.0,,,False,420.09468966699205
17466,2466,1.432726151051611e-07,1.0,,,False,420.2843704589177
17467,2467,1.4324864139325655e-07,1.0,,,False,420.46884658397175
17468,2468,1.432241134580181e-07,1.0,,,False,420.6562112090178
17469,2469,1.4319937235995894e-07,1.0,,,False,420.8357285838574
17470,2470,1.431736365020697e-07,1.0,,,False,421.0423723747954
17471,2471,1.4314649376956368e-07,1.0,,,False,421.2782942089252
17472,2472,1.431222074188554e-07,1.0,,,False,421.5149006249849
17473,2473,1.4309850371319044e-07,1.0,,,False,421.7535214589443
17474,2474,1.4307157414350513e-07,1.0,,,False,422.01182362483814
17475,2475,1.4304606565929134e-07,1.0,,,False,422.2563984168228
17476,2476,1.4301981821063237e-07,1.0,,,False,422.48681149980985
17477,2477,1.4299261863470747e-07,1.0,,,False,422.72685024980456
17478,2478,1.4296711015049368e-07,1.0,,,False,423.01030987501144
17479,2479,1.4294126060576673e-07,1.0,,,False,423.2669135418255
17480,2480,1.4291526895249262e-07,1.0,,,False,423.5189210840035
17481,2481,1.42889902576826e-07,1.0,,,False,423.77437041699886
17482,2482,1.4286538885244227e-07,1.0,,,False,424.0247015838977
17483,2483,1.4283780558344006e-07,1.0,,,False,424.2966523747891
17484,2484,1.428110181223019e-07,1.0,,,False,424.534669124987
17485,2485,1.4278397486577887e-07,1.0,,,False,424.7790088749025
17486,2486,1.4275752846515388e-07,1.0,,,False,425.0208706248086
17487,2487,1.4273307158418902e-07,1.0,,,False,425.293732999824
17488,2488,1.4270760573253938e-07,1.0,,,False,425.5500324999448
17489,2489,1.4268202619405201e-07,1.0,,,False,425.81187324994244
17490,2490,1.4265467029872525e-07,1.0,,,False,426.07737808395177
17491,2491,1.4262849390433985e-07,1.0,,,False,426.3154229170177
17492,2492,1.426023743533733e-07,1.0,,,False,426.5504139168188
17493,2493,1.4257645375437278e-07,1.0,,,False,426.81729870894924
17494,2494,1.425493678652856e-07,1.0,,,False,427.0614344999194
17495,2495,1.4252360358568694e-07,1.0,,,False,427.3107787920162
17496,2496,1.4249835089685803e-07,1.0,,,False,427.57334779179655
17497,2497,1.4247174817683117e-07,1.0,,,False,427.8542984169908
17498,2498,1.4244697865706257e-07,1.0,,,False,428.11917408392765
17499,2499,1.4241864221276046e-07,1.0,,,False,428.38137149997056
17500,2500,1.4239189738418645e-07,1.0,0.9997762613267703,0.00186626383342602,False,428.8800792088732
17501,2501,1.4236590573091235e-07,1.0,,,False,429.1268014998641
17502,2502,1.423381092990894e-07,1.0,,,False,429.38374879187904
17503,2503,1.423116486876097e-07,1.0,,,False,429.6050752089359
17504,2504,1.42285287552113e-07,1.0,,,False,429.85975166689605
17505,2505,1.422583579824277e-07,1.0,,,False,430.1322523339186
17506,2506,1.4223049049633119e-07,1.0,,,False,430.34637924982235
17507,2507,1.4220276511878183e-07,1.0,,,False,430.592263083905
17508,2508,1.42174613415591e-07,1.0,,,False,430.8407375419047
17509,2509,1.4214782595445286e-07,1.0,,,False,431.0668703748379
17510,2510,1.4212051269169024e-07,1.0,,,False,431.3059699588921
17511,2511,1.4209250309704657e-07,1.0,,,False,431.5543525000103
17512,2512,1.4206425191787275e-07,1.0,,,False,431.7878886249382
17513,2513,1.4203851605998352e-07,1.0,,,False,432.03520866693
17514,2514,1.4200985276602296e-07,1.0,,,False,432.3005704169627
17515,2515,1.4198313635915838e-07,1.0,,,False,432.5847848749254
17516,2516,1.419549278125487e-07,1.0,,,False,432.84787387494
17517,2517,1.4192833930337656e-07,1.0,,,False,433.0992101249285
17518,2518,1.419012676251441e-07,1.0,,,False,433.368237583898
17519,2519,1.418747075376814e-07,1.0,,,False,433.6209145418834
17520,2520,1.4184784902226966e-07,1.0,,,False,433.8667269588914
17521,2521,1.4181986784933542e-07,1.0,,,False,434.1137728339527
17522,2522,1.4179175877870875e-07,1.0,,,False,434.3211047919467
17523,2523,1.4176504237184417e-07,1.0,,,False,434.5940936668776
17524,2524,1.4173566853514785e-07,1.0,,,False,434.8248988338746
17525,2525,1.4170815632041922e-07,1.0,,,False,435.0702409169171
17526,2526,1.416799904063737e-07,1.0,,,False,435.3230040417984
17527,2527,1.4165463824156177e-07,1.0,,,False,435.57226791698486
17528,2528,1.416259749476012e-07,1.0,,,False,435.8069397090003
17529,2529,1.4159972749894223e-07,1.0,,,False,436.0378134998027
17530,2530,1.415714621089137e-07,1.0,,,False,436.2889198749326
17531,2531,1.4154338145999645e-07,1.0,,,False,436.53338633384556
17532,2532,1.4151513028082263e-07,1.0,,,False,436.74669004185125
17533,2533,1.4148736227070913e-07,1.0,,,False,436.98118599993177
17534,2534,1.4145847160307312e-07,1.0,,,False,437.24276316701435
17535,2535,1.414303198998823e-07,1.0,,,False,437.52700695884414
17536,2536,1.4139897075438057e-07,1.0,,,False,437.77802658383735
17537,2537,1.4137022219529172e-07,1.0,,,False,438.0620182089042
17538,2538,1.4134101888885198e-07,1.0,,,False,438.33215829194523
17539,2539,1.413109487202746e-07,1.0,,,False,438.57002895884216
17540,2540,1.412823422697329e-07,1.0,,,False,438.82396029192023
17541,2541,1.4125360792149877e-07,1.0,,,False,439.0516741250176
17542,2542,1.4122406355454586e-07,1.0,,,False,439.3178133338224
17543,2543,1.411958550079362e-07,1.0,,,False,439.56235545896925
17544,2544,1.4116596958047012e-07,1.0,,,False,439.813820875017
17545,2545,1.4113619783984177e-07,1.0,,,False,440.0675763748586
17546,2546,1.4110746349160763e-07,1.0,,,False,440.3256673750002
17547,2547,1.4108020707226387e-07,1.0,,,False,440.5901189169381
17548,2548,1.4105197010394477e-07,1.0,,,False,440.861808833899
17549,2549,1.4102209888733341e-07,1.0,,,False,441.1080238339491
17550,2550,1.4099357770192e-07,1.0,,,False,441.37337524979375
17551,2551,1.4096518441419903e-07,1.0,,,False,441.6272568339482
17552,2552,1.4093643585511018e-07,1.0,,,False,441.8516495418735
17553,2553,1.4090836941704765e-07,1.0,,,False,442.13088245899417
17554,2554,1.4088108457599446e-07,1.0,,,False,442.376733958954
17555,2555,1.4085424027143745e-07,1.0,,,False,442.67109574982896
17556,2556,1.4082630173106736e-07,1.0,,,False,442.91921362490393
17557,2557,1.4079761001539737e-07,1.0,,,False,443.191890334012
17558,2558,1.407669714126314e-07,1.0,,,False,443.4214773338754
17559,2559,1.4074022658405738e-07,1.0,,,False,443.6956832918804
17560,2560,1.4071207488086657e-07,1.0,,,False,443.9432277919259
17561,2561,1.4068423581647949e-07,1.0,,,False,444.1903429168742
17562,2562,1.4065626885439997e-07,1.0,,,False,444.44039983395487
17563,2563,1.40627975042662e-07,1.0,,,False,444.6721062089782
17564,2564,1.405990985858807e-07,1.0,,,False,444.92456349986605
17565,2565,1.4057302166747832e-07,1.0,,,False,445.1777066248469
17566,2566,1.4054332098112354e-07,1.0,,,False,445.43821283383295
17567,2567,1.4051302343887073e-07,1.0,,,False,445.699651916977
17568,2568,1.40483820132431e-07,1.0,,,False,445.9696733339224
17569,2569,1.404558815920609e-07,1.0,,,False,446.2252424589824
17570,2570,1.4042711882211734e-07,1.0,,,False,446.4718668749556
17571,2571,1.4039869711268693e-07,1.0,,,False,446.70343004190363
17572,2572,1.403692095891529e-07,1.0,,,False,446.92664816696197
17573,2573,1.4034132789220166e-07,1.0,,,False,447.1781453748699
17574,2574,1.4031267880909581e-07,1.0,,,False,447.46154779195786
17575,2575,1.4028323391812592e-07,1.0,,,False,447.71860412484966
17576,2576,1.402543432504899e-07,1.0,,,False,447.9731367919594
17577,2577,1.402241309733654e-07,1.0,,,False,448.22351908381097
17578,2578,1.40193662900856e-07,1.0,,,False,448.4652198338881
17579,2579,1.4016428906415968e-07,1.0,,,False,448.69865762488917
17580,2580,1.401346878537879e-07,1.0,,,False,448.94140062481165
17581,2581,1.4010535664965573e-07,1.0,,,False,449.18587624980137
17582,2582,1.400766365122763e-07,1.0,,,False,449.4347568748053
17583,2583,1.4004574211412546e-07,1.0,,,False,449.67438229196705
17584,2584,1.400154019393085e-07,1.0,,,False,449.9597277918365
17585,2585,1.3998382542013132e-07,1.0,,,False,450.20094474987127
17586,2586,1.3995366998642567e-07,1.0,,,False,450.4460510839708
17587,2587,1.3992189451528247e-07,1.0,,,False,450.67318904190324
17588,2588,1.398904174720883e-07,1.0,,,False,450.9385518748313
17589,2589,1.398598499235959e-07,1.0,,,False,451.1795905418694
17590,2590,1.398284439346753e-07,1.0,,,False,451.39729108382016
17591,2591,1.397985300854998e-07,1.0,,,False,451.6827248749323
17592,2592,1.397686020254696e-07,1.0,,,False,451.9311317917891
17593,2593,1.3973763657304517e-07,1.0,,,False,452.18127241684124
17594,2594,1.397071116571169e-07,1.0,,,False,452.39286933396943
17595,2595,1.3967856204999407e-07,1.0,,,False,452.64031595899723
17596,2596,1.3964759659756965e-07,1.0,,,False,452.86511570890434
17597,2597,1.3961793854377902e-07,1.0,,,False,453.09465720900334
17598,2598,1.3958928946067317e-07,1.0,,,False,453.338609166909
17599,2599,1.395585655927789e-07,1.0,,,False,453.60722224996425
17600,2600,1.3952774224890163e-07,1.0,0.9998881306633851,0.0018599580469859031,False,454.0617292919196
17601,2601,1.3949794208656385e-07,1.0,,,False,454.33184595895
17602,2602,1.394673176946526e-07,1.0,,,False,454.5943589999806
17603,2603,1.3943650856163003e-07,1.0,,,False,454.8706381667871
17604,2604,1.3940518783783773e-07,1.0,,,False,455.13135791686364
17605,2605,1.3937490450643963e-07,1.0,,,False,455.3842033748515
17606,2606,1.393437543129039e-07,1.0,,,False,455.6501851249486
17607,2607,1.393135420357794e-07,1.0,,,False,455.89025779184885
17608,2608,1.3928142550412304e-07,1.0,,,False,456.1413314999081
17609,2609,1.392526058907606e-07,1.0,,,False,456.4058574589435
17610,2610,1.3922335995175672e-07,1.0,,,False,456.6377844589297
17611,2611,1.391913713177928e-07,1.0,,,False,456.89316370896995
17612,2612,1.391607042933174e-07,1.0,,,False,457.14285133383237
17613,2613,1.39128090381746e-07,1.0,,,False,457.39495291700587
17614,2614,1.3909721019444987e-07,1.0,,,False,457.6438219998963
17615,2615,1.3906493734339165e-07,1.0,,,False,457.88312774989754
17616,2616,1.3903144235882792e-07,1.0,,,False,458.11074012494646
17617,2617,1.389994679357187e-07,1.0,,,False,458.334584249882
17618,2618,1.3896669770474546e-07,1.0,,,False,458.5311074589845
17619,2619,1.3893493644445698e-07,1.0,,,False,458.7166218748316
17620,2620,1.3890154093587626e-07,1.0,,,False,458.89461624994874
17621,2621,1.388682164815691e-07,1.0,,,False,459.0699612919707
17622,2622,1.3883415306281677e-07,1.0,,,False,459.24172429181635
17623,2623,1.3880038807201345e-07,1.0,,,False,459.4096535418648
17624,2624,1.387659551710385e-07,1.0,,,False,459.5805359999649
17625,2625,1.3873233228878235e-07,1.0,,,False,459.74963008379564
17626,2626,1.3869777149011497e-07,1.0,,,False,459.9203619589098
17627,2627,1.3866447545751726e-07,1.0,,,False,460.0975232918281
17628,2628,1.3862897674243868e-07,1.0,,,False,460.2714791249018
17629,2629,1.3859340697308653e-07,1.0,,,False,460.43283616681583
17630,2630,1.3855891722869274e-07,1.0,,,False,460.61085595889017
17631,2631,1.3852417168891407e-07,1.0,,,False,460.79400212480687
17632,2632,1.3848955404682783e-07,1.0,,,False,460.95688462490216
17633,2633,1.3845432533798885e-07,1.0,,,False,461.13684291695245
17634,2634,1.3842057455804024e-07,1.0,,,False,461.30772758391686
17635,2635,1.3838450740877306e-07,1.0,,,False,461.48765762499534
17636,2636,1.383488381634379e-07,1.0,,,False,461.65452237497084
17637,2637,1.3831213152570854e-07,1.0,,,False,461.82662812480703
17638,2638,1.382768459734507e-07,1.0,,,False,461.99903566692956
17639,2639,1.3824130462580797e-07,1.0,,,False,462.1933107499499
17640,2640,1.382050527354295e-07,1.0,,,False,462.38619570899755
17641,2641,1.3816764976581908e-07,1.0,,,False,462.5806219999213
17642,2642,1.3813109944749158e-07,1.0,,,False,462.76540824980475
17643,2643,1.3809378174300946e-07,1.0,,,False,462.96251095901243
17644,2644,1.3805710352698952e-07,1.0,,,False,463.18610033392906
17645,2645,1.3801860632156604e-07,1.0,,,False,463.401798625011
17646,2646,1.379822975877687e-07,1.0,,,False,463.62777504185215
17647,2647,1.3794620201679209e-07,1.0,,,False,463.8560402088333
17648,2648,1.3790641162358952e-07,1.0,,,False,464.0715657498222
17649,2649,1.3786790020731132e-07,1.0,,,False,464.30687074991874
17650,2650,1.37829545110435e-07,1.0,,,False,464.49906179192476
17651,2651,1.3779305163552635e-07,1.0,,,False,464.7021745839156
17652,2652,1.3775633078694227e-07,1.0,,,False,464.89442212483846
17653,2653,1.3771594353784167e-07,1.0,,,False,465.0776823749766
17654,2654,1.37676707367973e-07,1.0,,,False,465.26025529182516
17655,2655,1.3763718698101002e-07,1.0,,,False,465.45566658396274
17656,2656,1.3759424177806068e-07,1.0,,,False,465.6521635418758
17657,2657,1.3755477823451656e-07,1.0,,,False,465.8373801249545
17658,2658,1.3751530048011773e-07,1.0,,,False,466.01165337488055
17659,2659,1.3747509797212842e-07,1.0,,,False,466.197023042012
17660,2660,1.3743336069182988e-07,1.0,,,False,466.36835395894013
17661,2661,1.3739129656187288e-07,1.0,,,False,466.54978091688827
17662,2662,1.3734927506448003e-07,1.0,,,False,466.7275958338287
17663,2663,1.373078362121305e-07,1.0,,,False,466.9280945418868
17664,2664,1.372653173348226e-07,1.0,,,False,467.1118154998403
17665,2665,1.3722265634896758e-07,1.0,,,False,467.3065460838843
17666,2666,1.371788300730259e-07,1.0,,,False,467.49004004197195
17667,2667,1.3713591329178598e-07,1.0,,,False,467.6795767089352
17668,2668,1.3709230017866503e-07,1.0,,,False,467.86300374986604
17669,2669,1.3705006551845145e-07,1.0,,,False,468.06545608397573
17670,2670,1.3700538659122685e-07,1.0,,,False,468.24875729181804
17671,2671,1.369624271774228e-07,1.0,,,False,468.4549826248549
17672,2672,1.3691818878669437e-07,1.0,,,False,468.63755758386105
17673,2673,1.3687468936041114e-07,1.0,,,False,468.8691622088663
17674,2674,1.3683042254797328e-07,1.0,,,False,469.1196625418961
17675,2675,1.3678760524271638e-07,1.0,,,False,469.3773947919253
17676,2676,1.3674241472472204e-07,1.0,,,False,469.5821831668727
17677,2677,1.3669651366399194e-07,1.0,,,False,469.8526938748546
17678,2678,1.3665079734437313e-07,1.0,,,False,470.1174724998418
17679,2679,1.3660658737535414e-07,1.0,,,False,470.3719875838142
17680,2680,1.3656143948992394e-07,1.0,,,False,470.62879508384503
17681,2681,1.3651684582782764e-07,1.0,,,False,470.88679183390923
17682,2682,1.3647009211581462e-07,1.0,,,False,471.14806816680357
17683,2683,1.364244610613241e-07,1.0,,,False,471.39550383388996
17684,2684,1.3637740892136208e-07,1.0,,,False,471.5989320417866
17685,2685,1.3632997308832273e-07,1.0,,,False,471.78911920893006
17686,2686,1.3628378781049832e-07,1.0,,,False,472.0363925418351
17687,2687,1.36238696768487e-07,1.0,,,False,472.277572958963
17688,2688,1.3619143146570423e-07,1.0,,,False,472.5073472918011
17689,2689,1.361438251024083e-07,1.0,,,False,472.7519553748425
17690,2690,1.3609563609406905e-07,1.0,,,False,472.9668439589441
17691,2691,1.3604805815248255e-07,1.0,,,False,473.1847705419641
17692,2692,1.3599813541986805e-07,1.0,,,False,473.40515716699883
17693,2693,1.3595092696050415e-07,1.0,,,False,473.6261127498001
17694,2694,1.3590354797088366e-07,1.0,,,False,473.8344088748563
17695,2695,1.3585237468305422e-07,1.0,,,False,474.07088387501426
17696,2696,1.3580211088992655e-07,1.0,,,False,474.3065833749715
17697,2697,1.3575396451415145e-07,1.0,,,False,474.524150458863
17698,2698,1.3570513601735001e-07,1.0,,,False,474.7474497088697
17699,2699,1.3565653489422402e-07,1.0,,,False,474.95286758383736
17700,2700,1.3560676848101139e-07,1.0,0.9998881306633851,0.0018537112890219748,False,475.3571890417952
17701,2701,1.3555758471284207e-07,1.0,,,False,475.5514105418697
17702,2702,1.3550663879868807e-07,1.0,,,False,475.7368380839471
17703,2703,1.3545661659009056e-07,1.0,,,False,475.91890116687864
17704,2704,1.35405898049612e-07,1.0,,,False,476.12276362488046
17705,2705,1.3535365894767892e-07,1.0,,,False,476.31308975000866
17706,2706,1.353037220042097e-07,1.0,,,False,476.5290869588498
17707,2707,1.3525405506698007e-07,1.0,,,False,476.72277720901184
17708,2708,1.3520185859761114e-07,1.0,,,False,476.95206154184416
17709,2709,1.3515092689431185e-07,1.0,,,False,477.16729824990034
17710,2710,1.350985314729769e-07,1.0,,,False,477.39399104192853
17711,2711,1.3504401863428939e-07,1.0,,,False,477.60968058393337
17712,2712,1.3499240480996377e-07,1.0,,,False,477.8213714999147
17713,2713,1.349392277916195e-07,1.0,,,False,478.0539840417914
17714,2714,1.348870881656694e-07,1.0,,,False,478.3153314997908
17715,2715,1.3483776228895294e-07,1.0,,,False,478.56930733378977
17716,2716,1.3478488369855768e-07,1.0,,,False,478.8297135839239
17717,2717,1.3473402304953197e-07,1.0,,,False,479.0645864168182
17718,2718,1.3468033444041794e-07,1.0,,,False,479.28340483387
17719,2719,1.346273847957491e-07,1.0,,,False,479.50343137490563
17720,2720,1.345741935665501e-07,1.0,,,False,479.7018449588213
17721,2721,1.345203486380342e-07,1.0,,,False,479.9274726668373
17722,2722,1.3446748425849364e-07,1.0,,,False,480.1299776248634
17723,2723,1.3441548674109072e-07,1.0,,,False,480.36277566687204
17724,2724,1.3436122969778808e-07,1.0,,,False,480.5829234169796
17725,2725,1.3430718581730616e-07,1.0,,,False,480.77275499980897
17726,2726,1.3425463407656935e-07,1.0,,,False,480.9727958338335
17727,2727,1.3419921174318006e-07,1.0,,,False,481.1686395839788
17728,2728,1.3414575050774147e-07,1.0,,,False,481.36946124979295
17729,2729,1.340925024351236e-07,1.0,,,False,481.54701583390124
17730,2730,1.3403789012045308e-07,1.0,,,False,481.7146045838017
17731,2731,1.3398317832979956e-07,1.0,,,False,481.885710750008
17732,2732,1.3392812547863286e-07,1.0,,,False,482.06257587485015
17733,2733,1.3387267472353415e-07,1.0,,,False,482.2293350419495
17734,2734,1.338158881480922e-07,1.0,,,False,482.3932439999189
17735,2735,1.337592294703427e-07,1.0,,,False,482.5608042089734
17736,2736,1.3370041074267647e-07,1.0,,,False,482.7338494169526
17737,2737,1.3364385154090996e-07,1.0,,,False,482.90781899983995
17738,2738,1.33584521222474e-07,1.0,,,False,483.0835936667863
17739,2739,1.3352624250728695e-07,1.0,,,False,483.2563435418997
17740,2740,1.334671964059453e-07,1.0,,,False,483.43073041690513
17741,2741,1.3340910243186954e-07,1.0,,,False,483.61523541691713
17742,2742,1.3334854997992807e-07,1.0,,,False,483.7943288749084
17743,2743,1.332880117388413e-07,1.0,,,False,483.9820382918697
17744,2744,1.332260239905736e-07,1.0,,,False,484.17446841695346
17745,2745,1.331629420064928e-07,1.0,,,False,484.3710973339621
17746,2746,1.3310098267993453e-07,1.0,,,False,484.5772437918931
17747,2747,1.3303652224294638e-07,1.0,,,False,484.81770899984986
17748,2748,1.32970924937581e-07,1.0,,,False,485.06517662480474
17749,2749,1.329078145317908e-07,1.0,,,False,485.32136554201134
17750,2750,1.3284278566061403e-07,1.0,,,False,485.55641199997626
17751,2751,1.3277669097533362e-07,1.0,,,False,485.7901430418715
17752,2752,1.327103973380872e-07,1.0,,,False,486.0172229169402
17753,2753,1.326448568761407e-07,1.0,,,False,486.21344695892185
17754,2754,1.325781084915434e-07,1.0,,,False,486.39186124992557
17755,2755,1.3251136010694609e-07,1.0,,,False,486.58022241690196
17756,2756,1.3244380170363002e-07,1.0,,,False,486.77301512495615
17757,2757,1.323753480164669e-07,1.0,,,False,486.95916145900264
17758,2758,1.323053311352851e-07,1.0,,,False,487.1322454169858
17759,2759,1.3223507266957313e-07,1.0,,,False,487.30588908400387
17760,2760,1.3216339311838965e-07,1.0,,,False,487.4951935838908
17761,2761,1.320926656944721e-07,1.0,,,False,487.6767150419764
17762,2762,1.3202040349824529e-07,1.0,,,False,487.8419773338828
17763,2763,1.3194893710988254e-07,1.0,,,False,488.0119068338536
17764,2764,1.3187826652938384e-07,1.0,,,False,488.1791438339278
17765,2765,1.3180458324768551e-07,1.0,,,False,488.3447314167861
17766,2766,1.3173124102650036e-07,1.0,,,False,488.50737712485716
17767,2767,1.3165634982215124e-07,1.0,,,False,488.67037649988197
17768,2768,1.3158214073882846e-07,1.0,,,False,488.8331735418178
17769,2769,1.315058142381531e-07,1.0,,,False,489.00276441685855
17770,2770,1.314300988042305e-07,1.0,,,False,489.16961924987845
17771,2771,1.3135397125552117e-07,1.0,,,False,489.3330992918927
17772,2772,1.312775310680081e-07,1.0,,,False,489.4959395418409
17773,2773,1.312014461518629e-07,1.0,,,False,489.6589104998857
17774,2774,1.3112405383708392e-07,1.0,,,False,489.83355616685003
17775,2775,1.3104722995649354e-07,1.0,,,False,490.00081345881335
17776,2776,1.309687576167562e-07,1.0,,,False,490.1655666248407
17777,2777,1.308901431684717e-07,1.0,,,False,490.33012920897454
17778,2778,1.3081537986181502e-07,1.0,,,False,490.50098316697404
17779,2779,1.3074037497062818e-07,1.0,,,False,490.67536300001666
17780,2780,1.3066605220046767e-07,1.0,,,False,490.844260541955
17781,2781,1.30593733160822e-07,1.0,,,False,491.0193229999859
17782,2782,1.3052093095211603e-07,1.0,,,False,491.1810844168067
17783,2783,1.304504166910192e-07,1.0,,,False,491.3492874999065
17784,2784,1.3038129509368446e-07,1.0,,,False,491.52308008400723
17785,2785,1.3031313983447035e-07,1.0,,,False,491.70813954179175
17786,2786,1.302491483556878e-07,1.0,,,False,491.87817645887844
17787,2787,1.301843610690412e-07,1.0,,,False,492.0426977497991
17788,2788,1.3012284227897908e-07,1.0,,,False,492.21297949994914
17789,2789,1.3006290089379036e-07,1.0,,,False,492.3892544589471
17790,2790,1.3000519061279192e-07,1.0,,,False,492.545124291908
17791,2791,1.299493561646159e-07,1.0,,,False,492.7182589999866
17792,2792,1.298943033134492e-07,1.0,,,False,492.8816204168834
17793,2793,1.2984219210920855e-07,1.0,,,False,493.0482181669213
17794,2794,1.2979106145394326e-07,1.0,,,False,493.22162324981764
17795,2795,1.2974308560842474e-07,1.0,,,False,493.3917842498049
17796,2796,1.296948255458119e-07,1.0,,,False,493.5588351248298
17797,2797,1.2965092821559665e-07,1.0,,,False,493.71929191681556
17798,2798,1.2960660455973994e-07,1.0,,,False,493.88683495880105
17799,2799,1.2956472517089423e-07,1.0,,,False,494.04309216700494
17800,2800,1.2952344263794657e-07,1.0,0.9998881306633851,0.0017203177561377504,False,494.37901087501086
17801,2801,1.294829843345724e-07,1.0,,,False,494.5592087088153
17802,2802,1.29443733953849e-07,1.0,,,False,494.7197637918871
17803,2803,1.294050377964595e-07,1.0,,,False,494.8898804169148
17804,2804,1.2936702376009634e-07,1.0,,,False,495.05618754192255
17805,2805,1.2932919446484448e-07,1.0,,,False,495.2374323748518
17806,2806,1.2929011461437767e-07,1.0,,,False,495.40685862489045
17807,2807,1.29253223235537e-07,1.0,,,False,495.56476829200983
17808,2808,1.2921550762712286e-07,1.0,,,False,495.71709474991076
17809,2809,1.2917753622332384e-07,1.0,,,False,495.88129991688766
17810,2810,1.2914021851884172e-07,1.0,,,False,496.0548688338604
17811,2811,1.291015081505975e-07,1.0,,,False,496.2302651249338
17812,2812,1.2906207302876282e-07,1.0,,,False,496.39642208395526
17813,2813,1.2902422952265624e-07,1.0,,,False,496.56938374997117
17814,2814,1.2898364332158962e-07,1.0,,,False,496.73293270892464
17815,2815,1.289463114062528e-07,1.0,,,False,496.89137849980034
17816,2816,1.2890455991509953e-07,1.0,,,False,497.05531420884654
17817,2817,1.2886300737591228e-07,1.0,,,False,497.21798345888965
17818,2818,1.2882091482424585e-07,1.0,,,False,497.37683479185216
17819,2819,1.2877771382591163e-07,1.0,,,False,497.5330602088943
17820,2820,1.2873388754996995e-07,1.0,,,False,497.70132849994116
17821,2821,1.2868885335137747e-07,1.0,,,False,497.86227537482046
17822,2822,1.286437338876567e-07,1.0,,,False,498.0263319169171
17823,2823,1.285976480858153e-07,1.0,,,False,498.1864216669928
17824,2824,1.2855039699388726e-07,1.0,,,False,498.3522340839263
17825,2825,1.285026627328989e-07,1.0,,,False,498.515972541878
17826,2826,1.284545163571238e-07,1.0,,,False,498.6792474167887
17827,2827,1.284049773175866e-07,1.0,,,False,498.8424034169875
17828,2828,1.2835610618822102e-07,1.0,,,False,499.0067227089312
17829,2829,1.2830592766022164e-07,1.0,,,False,499.1818811248522
17830,2830,1.2825601913846185e-07,1.0,,,False,499.3737904999871
17831,2831,1.2820504480259842e-07,1.0,,,False,499.5301111249719
17832,2832,1.281534167674181e-07,1.0,,,False,499.69770754198544
17833,2833,1.2810430405352236e-07,1.0,,,False,499.8646357918624
17834,2834,1.280533155068042e-07,1.0,,,False,500.0305638338905
17835,2835,1.2800069271179382e-07,1.0,,,False,500.1944343748037
17836,2836,1.2794909309832292e-07,1.0,,,False,500.3590673338622
17837,2837,1.2789845982297265e-07,1.0,,,False,500.52491337480024
17838,2838,1.2784889236172603e-07,1.0,,,False,500.69670970900916
17839,2839,1.2780022018432646e-07,1.0,,,False,500.8537779999897
17840,2840,1.277498569152158e-07,1.0,,,False,501.0173689168878
17841,2841,1.2770007629114843e-07,1.0,,,False,501.200856667012
17842,2842,1.2765076462528668e-07,1.0,,,False,501.3667659589555
17843,2843,1.2760156664626265e-07,1.0,,,False,501.52452204190195
17844,2844,1.2755089073834824e-07,1.0,,,False,501.6923448338639
17845,2845,1.275008401080413e-07,1.0,,,False,501.8434986670036
17846,2846,1.2744949628995528e-07,1.0,,,False,502.00880112499
17847,2847,1.2740159149871033e-07,1.0,,,False,502.1588181669358
17848,2848,1.2735179666378826e-07,1.0,,,False,502.3106549999211
17849,2849,1.2730268394989253e-07,1.0,,,False,502.47890874999575
17850,2850,1.272536707119798e-07,1.0,,,False,502.6456480419729
17851,2851,1.2720447273295576e-07,1.0,,,False,502.80382879194804
17852,2852,1.2715518948880344e-07,1.0,,,False,502.9658560419921
17853,2853,1.2710674468507932e-07,1.0,,,False,503.13948070886545
17854,2854,1.2705658036793466e-07,1.0,,,False,503.30300924996845
17855,2855,1.2700900242634816e-07,1.0,,,False,503.46823454182595
17856,2856,1.2695964812792226e-07,1.0,,,False,503.63720087497495
17857,2857,1.2690964013017947e-07,1.0,,,False,503.80218362482265
17858,2858,1.2686169270637038e-07,1.0,,,False,503.98513133381493
17859,2859,1.2681269367931236e-07,1.0,,,False,504.15902429190464
17860,2860,1.2676380833909207e-07,1.0,,,False,504.32376249996014
17861,2861,1.267158040718641e-07,1.0,,,False,504.49076649989
17862,2862,1.266684961365172e-07,1.0,,,False,504.6593241249211
17863,2863,1.2662086135151185e-07,1.0,,,False,504.8178447089158
17864,2864,1.2657423553719127e-07,1.0,,,False,504.9898878338281
17865,2865,1.265269560235538e-07,1.0,,,False,505.15420745895244
17866,2866,1.264799323053012e-07,1.0,,,False,505.3327712919563
17867,2867,1.264328233219203e-07,1.0,,,False,505.495826917002
17868,2868,1.2638798807529383e-07,1.0,,,False,505.6532622089144
17869,2869,1.263391595784924e-07,1.0,,,False,505.8056396669708
17870,2870,1.2629183743229078e-07,1.0,,,False,505.9772184169851
17871,2871,1.2624460055121745e-07,1.0,,,False,506.1374512088951
17872,2872,1.2619690892279323e-07,1.0,,,False,506.3121578749269
17873,2873,1.261505246930028e-07,1.0,,,False,506.49041045899503
17874,2874,1.2610408361979353e-07,1.0,,,False,506.6557109998539
17875,2875,1.260572304317975e-07,1.0,,,False,506.83232929185033
17876,2876,1.26009553014228e-07,1.0,,,False,506.9952170839533
17877,2877,1.2596254350683012e-07,1.0,,,False,507.1678985420149
17878,2878,1.2591286235874577e-07,1.0,,,False,507.363585999934
17879,2879,1.2586350806031987e-07,1.0,,,False,507.5532186247874
17880,2880,1.2581448061155243e-07,1.0,,,False,507.7559692498762
17881,2881,1.2576327890201355e-07,1.0,,,False,507.95203924993984
17882,2882,1.2571514673709316e-07,1.0,,,False,508.15452908398584
17883,2883,1.256641439795203e-07,1.0,,,False,508.3455596668646
17884,2884,1.2561321227622102e-07,1.0,,,False,508.5464369589463
17885,2885,1.2556068895719363e-07,1.0,,,False,508.7703992498573
17886,2886,1.2550741246286634e-07,1.0,,,False,508.98748908401467
17887,2887,1.254539085948636e-07,1.0,,,False,509.1900614169426
17888,2888,1.2540148475181923e-07,1.0,,,False,509.3918818749953
17889,2889,1.2534933091501443e-07,1.0,,,False,509.6044172497932
17890,2890,1.252976886689794e-07,1.0,,,False,509.83671445888467
17891,2891,1.2524603221208963e-07,1.0,,,False,510.02668249979615
17892,2892,1.2519222991613788e-07,1.0,,,False,510.2062774589285
17893,2893,1.2513997660335008e-07,1.0,,,False,510.39368987479247
17894,2894,1.2508695590440766e-07,1.0,,,False,510.58866054192185
17895,2895,1.2503311097589176e-07,1.0,,,False,510.7657045419328
17896,2896,1.2497925183652114e-07,1.0,,,False,510.94467054191045
17897,2897,1.2492627377014287e-07,1.0,,,False,511.12396791693754
17898,2898,1.2487181777487422e-07,1.0,,,False,511.3038734169677
17899,2899,1.2481912392559025e-07,1.0,,,False,511.4901061668061
17900,2900,1.247655205816045e-07,1.0,0.9998881306633851,0.0016086211711550048,False,511.87001445889473
17901,2901,1.2471237198496965e-07,1.0,,,False,512.0614261250012
17902,2902,1.2466064447380631e-07,1.0,,,False,512.2545596249402
17903,2903,1.246085616912751e-07,1.0,,,False,512.4505754588172
17904,2904,1.2455512887754594e-07,1.0,,,False,512.6658518339973
17905,2905,1.2450354347492976e-07,1.0,,,False,512.8620523340069
17906,2906,1.2444866115401965e-07,1.0,,,False,513.0913352498319
17907,2907,1.243961662567017e-07,1.0,,,False,513.3744046669453
17908,2908,1.2434286134066497e-07,1.0,,,False,513.6166837918572
17909,2909,1.2429015328052628e-07,1.0,,,False,513.8848951668479
17910,2910,1.2423500095337658e-07,1.0,,,False,514.1246253747959
17911,2911,1.2418109918144182e-07,1.0,,,False,514.3668530418072
17912,2912,1.241275100483108e-07,1.0,,,False,514.5824081669562
17913,2913,1.2407312510731572e-07,1.0,,,False,514.7699328749441
17914,2914,1.2401874016632064e-07,1.0,,,False,514.9523070419673
17915,2915,1.2396321835694835e-07,1.0,,,False,515.1448681249749
17916,2916,1.239085776205684e-07,1.0,,,False,515.3436993749347
17917,2917,1.2385336844999983e-07,1.0,,,False,515.535161916865
17918,2918,1.2379726399558422e-07,1.0,,,False,515.7250417917967
17919,2919,1.2374179902963078e-07,1.0,,,False,515.9064031247981
17920,2920,1.2368566615350574e-07,1.0,,,False,516.0747192499693
17921,2921,1.2362868062609778e-07,1.0,,,False,516.2380457089748
17922,2922,1.2357118350792007e-07,1.0,,,False,516.4140159168746
17923,2923,1.2351388534170837e-07,1.0,,,False,516.5826379170176
17924,2924,1.234564166452401e-07,1.0,,,False,516.7760507499333
17925,2925,1.233999569194566e-07,1.0,,,False,516.9408469588961
17926,2926,1.2334412247128057e-07,1.0,,,False,517.1143550418783
17927,2927,1.2328719378729147e-07,1.0,,,False,517.2854224168696
17928,2928,1.2323118880885886e-07,1.0,,,False,517.4570921668783
17929,2929,1.2317465802880179e-07,1.0,,,False,517.6309536248446
17930,2930,1.2311892305660876e-07,1.0,,,False,517.8022794588469
17931,2931,1.2306307439757802e-07,1.0,,,False,517.978449374903
17932,2932,1.2300581886393047e-07,1.0,,,False,518.148398833815
17933,2933,1.229494870358394e-07,1.0,,,False,518.3209262089804
17934,2934,1.2289567052903294e-07,1.0,,,False,518.4837845838629
17935,2935,1.228419819199189e-07,1.0,,,False,518.6822399590164
17936,2936,1.2278667327336734e-07,1.0,,,False,518.8712303338107
17937,2937,1.227326862363043e-07,1.0,,,False,519.0588668338023
17938,2938,1.2267759075257345e-07,1.0,,,False,519.2461289588828
17939,2939,1.2262334792012552e-07,1.0,,,False,519.4384812088683
17940,2940,1.2256973036528507e-07,1.0,,,False,519.6338055839296
17941,2941,1.225170365160011e-07,1.0,,,False,519.8369056668598
17942,2942,1.2246471214893973e-07,1.0,,,False,520.0266894588713
17943,2943,1.2241254410128022e-07,1.0,,,False,520.2201471249573
17944,2944,1.2236118607233948e-07,1.0,,,False,520.4296333747916
17945,2945,1.2230971435656102e-07,1.0,,,False,520.6609585839324
17946,2946,1.222570773506959e-07,1.0,,,False,520.8849805418868
17947,2947,1.2220681355756824e-07,1.0,,,False,521.1192016669083
17948,2948,1.2215633660161984e-07,1.0,,,False,521.3352973749861
17949,2949,1.2210662703182606e-07,1.0,,,False,521.5379075838719
17950,2950,1.2205663324493798e-07,1.0,,,False,521.7605829169042
17951,2951,1.2200716525967437e-07,1.0,,,False,521.9805527918506
17952,2952,1.219575693767183e-07,1.0,,,False,522.1851403338369
17953,2953,1.2190986353743938e-07,1.0,,,False,522.3704841248691
17954,2954,1.2186275455405848e-07,1.0,,,False,522.5714894998819
17955,2955,1.218134002556326e-07,1.0,,,False,522.766881124815
17956,2956,1.217652823015669e-07,1.0,,,False,522.9613089589402
17957,2957,1.2171652485903905e-07,1.0,,,False,523.1463963747956
17958,2958,1.216686058569394e-07,1.0,,,False,523.3331720000133
17959,2959,1.2161864049176074e-07,1.0,,,False,523.5305135839153
17960,2960,1.2156908724136883e-07,1.0,,,False,523.7075222088024
17961,2961,1.2152116823926917e-07,1.0,,,False,523.8975574169308
17962,2962,1.2147356187597325e-07,1.0,,,False,524.0809779998381
17963,2963,1.214256570847283e-07,1.0,,,False,524.2541769167874
17964,2964,1.2137898863784358e-07,1.0,,,False,524.4521863749251
17965,2965,1.2133118332258164e-07,1.0,,,False,524.6407745839097
17966,2966,1.2128406012834603e-07,1.0,,,False,524.8302962498274
17967,2967,1.2123854276069324e-07,1.0,,,False,525.0134807089344
17968,2968,1.211912064036369e-07,1.0,,,False,525.2034488338977
17969,2969,1.2114504954752192e-07,1.0,,,False,525.4122776249424
17970,2970,1.2109795477499574e-07,1.0,,,False,525.6108276247978
17971,2971,1.2105168423204304e-07,1.0,,,False,525.8150367499329
17972,2972,1.2100559843020164e-07,1.0,,,False,526.0049492088147
17973,2973,1.2095976842374512e-07,1.0,,,False,526.2011881668586
17974,2974,1.2091362577848486e-07,1.0,,,False,526.4187648748048
17975,2975,1.208657209872399e-07,1.0,,,False,526.6095515838824
17976,2976,1.2081750355719123e-07,1.0,,,False,526.8055182499811
17977,2977,1.207695277116727e-07,1.0,,,False,526.9960392918438
17978,2978,1.2072032973264868e-07,1.0,,,False,527.1743074588012
17979,2979,1.206709896450775e-07,1.0,,,False,527.3582270420156
17980,2980,1.2062376697485888e-07,1.0,,,False,527.540734292008
17981,2981,1.2057438425472355e-07,1.0,,,False,527.7139238337986
17982,2982,1.205253568059561e-07,1.0,,,False,527.8714446248487
17983,2983,1.204775799124036e-07,1.0,,,False,528.0312608338427
17984,2984,1.2042940511491906e-07,1.0,,,False,528.1982754168566
17985,2985,1.203803634552969e-07,1.0,,,False,528.3668581249658
17986,2986,1.203315633802049e-07,1.0,,,False,528.5289982089307
17987,2987,1.2028462492708059e-07,1.0,,,False,528.6932325838134
17988,2988,1.2023727435916953e-07,1.0,,,False,528.8582532089204
17989,2989,1.2018931272450573e-07,1.0,,,False,529.0237445000093
17990,2990,1.2014146477667964e-07,1.0,,,False,529.1724737498444
17991,2991,1.200935741962894e-07,1.0,,,False,529.3364099168684
17992,2992,1.2004507254914643e-07,1.0,,,False,529.5113737918437
17993,2993,1.1999713933619205e-07,1.0,,,False,529.6852469169535
17994,2994,1.1994929138836596e-07,1.0,,,False,529.8539849589579
17995,2995,1.1990226767011336e-07,1.0,,,False,530.0150318339001
17996,2996,1.198549171022023e-07,1.0,,,False,530.184060083935
17997,2997,1.198066712504442e-07,1.0,,,False,530.3647580000106
17998,2998,1.1975838276612194e-07,1.0,,,False,530.5212443338241
17999,2999,1.197090853111149e-07,1.0,,,False,530.6925806249492
18000,3000,1.1966025681431347e-07,1.0,1.0,0.0015890572136252393,False,531.0435199998319
18001,3001,1.1961100199187058e-07,1.0,,,False,531.2718640419189
18002,3002,1.1956267087498418e-07,1.0,,,False,531.4450496248901
18003,3003,1.1951308920288284e-07,1.0,,,False,531.6169915418141
18004,3004,1.1946431754950027e-07,1.0,,,False,531.7888027089648
18005,3005,1.1941624222799874e-07,1.0,,,False,531.9583757498767
18006,3006,1.1936808164136892e-07,1.0,,,False,532.1304520419799
18007,3007,1.193190826143109e-07,1.0,,,False,532.2872322918847
18008,3008,1.192702967500736e-07,1.0,,,False,532.4541913748253
18009,3009,1.1922183773549477e-07,1.0,,,False,532.6108084588777
18010,3010,1.1917503428549026e-07,1.0,,,False,532.7852077919524
18011,3011,1.1912901243249507e-07,1.0,,,False,532.9554755839054
18012,3012,1.1908139896377179e-07,1.0,,,False,533.1489366670139
18013,3013,1.1903512842081909e-07,1.0,,,False,533.3237427920103
18014,3014,1.1898705309931756e-07,1.0,,,False,533.4943697918206
18015,3015,1.1894086782149316e-07,1.0,,,False,533.6671837498434
18016,3016,1.1889414963661693e-07,1.0,,,False,533.8391738748178
18017,3017,1.1884715434007376e-07,1.0,,,False,534.0061203748919
18018,3018,1.1880046457690696e-07,1.0,,,False,534.170679041883
18019,3019,1.1875498984181831e-07,1.0,,,False,534.3482248338405
18020,3020,1.1871013327890978e-07,1.0,,,False,534.5290447499137
18021,3021,1.1866362825685428e-07,1.0,,,False,534.6943564589601
18022,3022,1.1861838089544108e-07,1.0,,,False,534.8634256247897
18023,3023,1.1857211745791574e-07,1.0,,,False,535.0287218748126
18024,3024,1.1852624481889507e-07,1.0,,,False,535.195805166848
18025,3025,1.1848008796278009e-07,1.0,,,False,535.362556291977
18026,3026,1.1843405900435755e-07,1.0,,,False,535.5378049169667
18027,3027,1.1838854163670476e-07,1.0,,,False,535.6997830839828
18028,3028,1.183423137263162e-07,1.0,,,False,535.8608425839338
18029,3029,1.1829576607169656e-07,1.0,,,False,536.024876124924
18030,3030,1.1824830181694779e-07,1.0,,,False,536.194621542003
18031,3031,1.1820214496083281e-07,1.0,,,False,536.3429085838143
18032,3032,1.181542685912973e-07,1.0,,,False,536.5159285420086
18033,3033,1.181065059085995e-07,1.0,,,False,536.6764214169234
18034,3034,1.1805923350038938e-07,1.0,,,False,536.838840499986
18035,3035,1.1801069632610961e-07,1.0,,,False,537.0167714999989
18036,3036,1.1796300469768539e-07,1.0,,,False,537.1809464998078
18037,3037,1.1791295406737845e-07,1.0,,,False,537.3526880838908
18038,3038,1.1786372056121763e-07,1.0,,,False,537.5304708338808
18039,3039,1.1781506970010014e-07,1.0,,,False,537.6912638749927
18040,3040,1.1776594988077704e-07,1.0,,,False,537.859877416864
18041,3041,1.1771639663038513e-07,1.0,,,False,538.0283007919788
18042,3042,1.1766645258148856e-07,1.0,,,False,538.1934346668422
18043,3043,1.1761571272472793e-07,1.0,,,False,538.3514053339604
18044,3044,1.1756488760283901e-07,1.0,,,False,538.5272803339176
18045,3045,1.1751455275543776e-07,1.0,,,False,538.6836762088351
18046,3046,1.1746421790803652e-07,1.0,,,False,538.8464782088995
18047,3047,1.1741470729020875e-07,1.0,,,False,539.0134319588542
18048,3048,1.173632853124218e-07,1.0,,,False,539.1763964998536
18049,3049,1.1731281546190075e-07,1.0,,,False,539.3429253338836
18050,3050,1.1726122295385721e-07,1.0,,,False,539.5123369588982
18051,3051,1.1721090942273804e-07,1.0,,,False,539.6744000839535
18052,3052,1.1715984982174632e-07,1.0,,,False,539.8356607919559
18053,3053,1.1710898917272061e-07,1.0,,,False,540.0008622088935
18054,3054,1.170589172261316e-07,1.0,,,False,540.1778588749003
18055,3055,1.1700890212296144e-07,1.0,,,False,540.3426067088731
18056,3056,1.1695921386944974e-07,1.0,,,False,540.5106594169047
18057,3057,1.1690998036328892e-07,1.0,,,False,540.6699784169905
18058,3058,1.1685991552212727e-07,1.0,,,False,540.8309544168878
18059,3059,1.1681020595233349e-07,1.0,,,False,540.9965673747938
18060,3060,1.1675970768010302e-07,1.0,,,False,541.1517084999941
18061,3061,1.1671174604543921e-07,1.0,,,False,541.3252305840142
18062,3062,1.166617238368417e-07,1.0,,,False,541.493189916946
18063,3063,1.1661256138495446e-07,1.0,,,False,541.6637506668922
18064,3064,1.1656409526494826e-07,1.0,,,False,541.8284597918391
18065,3065,1.1651525966271947e-07,1.0,,,False,541.9952334589325
18066,3066,1.1646639563878125e-07,1.0,,,False,542.1623029999901
18067,3067,1.1641634500847431e-07,1.0,,,False,542.3270472500008
18068,3068,1.1636894470257175e-07,1.0,,,False,542.4916112918872
18069,3069,1.1631912144594025e-07,1.0,,,False,542.6634411669802
18070,3070,1.1626978135836907e-07,1.0,,,False,542.8272156249732
18071,3071,1.1622135076549966e-07,1.0,,,False,542.9966060838196
18072,3072,1.1617198936164641e-07,1.0,,,False,543.15840470884
18073,3073,1.1612297612373368e-07,1.0,,,False,543.3171440837905
18074,3074,1.1607577476979714e-07,1.0,,,False,543.4816732918844
18075,3075,1.1602683969158534e-07,1.0,,,False,543.6645847088657
18076,3076,1.1597859383982723e-07,1.0,,,False,543.8285524998792
18077,3077,1.1593183302238685e-07,1.0,,,False,543.9979861248285
18078,3078,1.1588397796913341e-07,1.0,,,False,544.1724671248812
18079,3079,1.1583760795019771e-07,1.0,,,False,544.3352371249348
18080,3080,1.1579223979651942e-07,1.0,,,False,544.5082805838902
18081,3081,1.1574684322113171e-07,1.0,,,False,544.6819675839506
18082,3082,1.1570148217288079e-07,1.0,,,False,544.8541731669102
18083,3083,1.1565560953386012e-07,1.0,,,False,545.0196398748085
18084,3084,1.1561193247189294e-07,1.0,,,False,545.1987417088822
18085,3085,1.1556816303937012e-07,1.0,,,False,545.3664457499981
18086,3086,1.1552253909030696e-07,1.0,,,False,545.5334895418491
18087,3087,1.1547791700650123e-07,1.0,,,False,545.7114794168156
18088,3088,1.154340978359869e-07,1.0,,,False,545.8755563339218
18089,3089,1.1538857336290675e-07,1.0,,,False,546.0449085419532
18090,3090,1.1534546473512819e-07,1.0,,,False,546.2103989168536
18091,3091,1.1530314480978632e-07,1.0,,,False,546.371900916798
18092,3092,1.1526079646273502e-07,1.0,,,False,546.5318374589551
18093,3093,1.1521744625042629e-07,1.0,,,False,546.6868687497918
18094,3094,1.1517403919469871e-07,1.0,,,False,546.8561295419931
18095,3095,1.1513265718576804e-07,1.0,,,False,547.0229145418853
18096,3096,1.1509052910696482e-07,1.0,,,False,547.1883377919439
18097,3097,1.1504821628705031e-07,1.0,,,False,547.3580108748283
18098,3098,1.1500450369794635e-07,1.0,,,False,547.519876458915
18099,3099,1.1496191376636489e-07,1.0,,,False,547.6935575418174
18100,3100,1.149179880144402e-07,1.0,0.9998881306633851,0.001556274909898917,False,548.0363842919469
18101,3101,1.1487471596183241e-07,1.0,,,False,548.1980204589199
18102,3102,1.1483046336024927e-07,1.0,,,False,548.3655675419141
18103,3103,1.1478775974183009e-07,1.0,,,False,548.5565849998966
18104,3104,1.1474407557443556e-07,1.0,,,False,548.7381792089436
18105,3105,1.1469953165033075e-07,1.0,,,False,548.9073731249664
18106,3106,1.1465642302255219e-07,1.0,,,False,549.0908340418246
18107,3107,1.146118435713106e-07,1.0,,,False,549.2768896250054
18108,3108,1.1456846493729245e-07,1.0,,,False,549.4509261669591
18109,3109,1.1452208781292939e-07,1.0,,,False,549.6462679998949
18110,3110,1.144773236205765e-07,1.0,,,False,549.8275589998811
18111,3111,1.144305343814267e-07,1.0,,,False,550.0007478748448
18112,3112,1.1438579150535588e-07,1.0,,,False,550.1840621249285
18113,3113,1.1433923674530888e-07,1.0,,,False,550.3616324998438
18114,3114,1.1429362700710044e-07,1.0,,,False,550.5702247088775
18115,3115,1.1424816648286651e-07,1.0,,,False,550.7693177498877
18116,3116,1.1420292622688066e-07,1.0,,,False,550.9672879998107
18117,3117,1.1415698963901377e-07,1.0,,,False,551.1638267089147
18118,3118,1.141114864822157e-07,1.0,,,False,551.34462595894
18119,3119,1.140652656772545e-07,1.0,,,False,551.5272111669183
18120,3120,1.1401866828464335e-07,1.0,,,False,551.7131479999516
18121,3121,1.1397116850275779e-07,1.0,,,False,551.899678541813
18122,3122,1.139229865998459e-07,1.0,,,False,552.0845707089175
18123,3123,1.1387535181484054e-07,1.0,,,False,552.2816975838505
18124,3124,1.1382805098492099e-07,1.0,,,False,552.488207208924
18125,3125,1.1378103437209575e-07,1.0,,,False,552.6806335838046
18126,3126,1.1373405328640729e-07,1.0,,,False,552.8670409999322
18127,3127,1.1368743457751407e-07,1.0,,,False,553.056776791811
18128,3128,1.136393166234484e-07,1.0,,,False,553.2460898749996
18129,3129,1.1359128393451101e-07,1.0,,,False,553.4441620837897
18130,3130,1.1354313045330855e-07,1.0,,,False,553.6481524168048
18131,3131,1.1349557382800413e-07,1.0,,,False,553.8640446248464
18132,3132,1.1344796035928084e-07,1.0,,,False,554.1145168337971
18133,3133,1.133992668655992e-07,1.0,,,False,554.3552679589484
18134,3134,1.1335200156281644e-07,1.0,,,False,554.5938603340182
18135,3135,1.1330532601050436e-07,1.0,,,False,554.839723666897
18136,3136,1.132581104457131e-07,1.0,,,False,555.0722516248934
18137,3137,1.1320933879233053e-07,1.0,,,False,555.283870749874
18138,3138,1.1316157610963273e-07,1.0,,,False,555.4888295838609
18139,3139,1.1311510661471402e-07,1.0,,,False,555.6908219167963
18140,3140,1.1306890002060754e-07,1.0,,,False,555.8783364589326
18141,3141,1.1302288527303972e-07,1.0,,,False,556.0793551669922
18142,3142,1.1297593260906069e-07,1.0,,,False,556.2695046248846
18143,3143,1.1292816282093554e-07,1.0,,,False,556.4454331248999
18144,3144,1.128814304252046e-07,1.0,,,False,556.6386624169536
18145,3145,1.1283554357532921e-07,1.0,,,False,556.8164189169183
18146,3146,1.127904312170358e-07,1.0,,,False,556.9962298749015
18147,3147,1.1274495648194716e-07,1.0,,,False,557.1919588749297
18148,3148,1.1269965227711509e-07,1.0,,,False,557.3816859589424
18149,3149,1.1265597521514792e-07,1.0,,,False,557.5549272089265
18150,3150,1.1261112575766674e-07,1.0,,,False,557.7291266669054
18151,3151,1.1256653209557044e-07,1.0,,,False,557.9180666669272
18152,3152,1.1252034681774603e-07,1.0,,,False,558.1030779588036
18153,3153,1.1247571052308558e-07,1.0,,,False,558.2889295839705
18154,3154,1.124315645029128e-07,1.0,,,False,558.4696538338903
18155,3155,1.1238768138355226e-07,1.0,,,False,558.6589839169756
18156,3156,1.1234197927478817e-07,1.0,,,False,558.8363462088164
18157,3157,1.122980179957267e-07,1.0,,,False,559.0221361669246
18158,3158,1.12252820372305e-07,1.0,,,False,559.1987070839386
18159,3159,1.1220610218742877e-07,1.0,,,False,559.392958750017
18160,3160,1.1216121009738345e-07,1.0,,,False,559.5654812499415
18161,3161,1.1211430006596856e-07,1.0,,,False,559.7546337919775
18162,3162,1.1206981298528262e-07,1.0,,,False,559.9363122498617
18163,3163,1.1202402561139024e-07,1.0,,,False,560.1198084168136
18164,3164,1.1197857929801103e-07,1.0,,,False,560.3099286668003
18165,3165,1.1193373694595721e-07,1.0,,,False,560.4991376248654
18166,3166,1.1188808457518462e-07,1.0,,,False,560.6794268339872
18167,3167,1.1184232562300167e-07,1.0,,,False,560.8608052087948
18168,3168,1.1179584191722824e-07,1.0,,,False,561.0531668749172
18169,3169,1.1175113456829422e-07,1.0,,,False,561.2507570839953
18170,3170,1.117046508625208e-07,1.0,,,False,561.4424119167961
18171,3171,1.1165857216610675e-07,1.0,,,False,561.6365263748448
18172,3172,1.116127634759323e-07,1.0,,,False,561.8208562918007
18173,3173,1.1156665635780882e-07,1.0,,,False,561.9984314169269
18174,3174,1.1152000922720617e-07,1.0,,,False,562.1820200418588
18175,3175,1.1147353973228746e-07,1.0,,,False,562.3638697089627
18176,3176,1.1142548572706801e-07,1.0,,,False,562.5485868749674
18177,3177,1.1137947808492754e-07,1.0,,,False,562.7421451669652
18178,3178,1.1133293753573525e-07,1.0,,,False,562.9309540838003
18179,3179,1.1128678778504764e-07,1.0,,,False,563.116531208856
18180,3180,1.1123840693016973e-07,1.0,,,False,563.3064280839171
18181,3181,1.111914045281992e-07,1.0,,,False,563.5021300839726
18182,3182,1.111454182023408e-07,1.0,,,False,563.6950599169359
18183,3183,1.1109850106549857e-07,1.0,,,False,563.8840611670166
18184,3184,1.1105141339839975e-07,1.0,,,False,564.0754437088035
18185,3185,1.1100360097771045e-07,1.0,,,False,564.2587653337978
18186,3186,1.1095684016027008e-07,1.0,,,False,564.4476599998306
18187,3187,1.1090930485124773e-07,1.0,,,False,564.6482301249634
18188,3188,1.1086260087722621e-07,1.0,,,False,564.8219307498075
18189,3189,1.108162663854273e-07,1.0,,,False,565.0073188748211
18190,3190,1.1076861738956723e-07,1.0,,,False,565.1999001249205
18191,3191,1.1072229000319567e-07,1.0,,,False,565.385068167001
18192,3192,1.1067587024626846e-07,1.0,,,False,565.5714994589798
18193,3193,1.106301965592138e-07,1.0,,,False,565.7436640840024
18194,3194,1.1058557447540807e-07,1.0,,,False,565.9195262920111
18195,3195,1.1053984394493455e-07,1.0,,,False,566.1095973749179
18196,3196,1.1049350234770827e-07,1.0,,,False,566.2903600838035
18197,3197,1.1044703995821692e-07,1.0,,,False,566.4738205419853
18198,3198,1.1040045677646049e-07,1.0,,,False,566.6620786248241
18199,3199,1.103531630519683e-07,1.0,,,False,566.8408862089273
18200,3200,1.103069919849986e-07,1.0,0.9998881306633851,0.0014967494553250592,False,567.2229876669589
18201,3201,1.1026121882196094e-07,1.0,,,False,567.4215772498865
18202,3202,1.102141169440074e-07,1.0,,,False,567.6169957499951
18203,3203,1.1016808798558486e-07,1.0,,,False,567.8055226248689
18204,3204,1.1012056688741723e-07,1.0,,,False,567.9914359999821
18205,3205,1.1007441713672961e-07,1.0,,,False,568.1746978338342
18206,3206,1.1002848054886272e-07,1.0,,,False,568.358806541888
18207,3207,1.0998263633155148e-07,1.0,,,False,568.5464555840008
18208,3208,1.0993706212047982e-07,1.0,,,False,568.734499208862
18209,3209,1.0989145948769874e-07,1.0,,,False,568.925128916977
18210,3210,1.0984592790919123e-07,1.0,,,False,569.1093816668727
18211,3211,1.0980047449038466e-07,1.0,,,False,569.2886463338509
18212,3212,1.0975638531363074e-07,1.0,,,False,569.4720767918043
18213,3213,1.0971492514499914e-07,1.0,,,False,569.6747161669191
18214,3214,1.096718804660668e-07,1.0,,,False,569.8545403338503
18215,3215,1.0962902052824575e-07,1.0,,,False,570.0373326248955
18216,3216,1.095856916322191e-07,1.0,,,False,570.2372377919964
18217,3217,1.0954403961704884e-07,1.0,,,False,570.428571249824
18218,3218,1.0950207496307485e-07,1.0,,,False,570.6248642499559
18219,3219,1.0945914397098022e-07,1.0,,,False,570.8198854587972
18220,3220,1.0941653272311669e-07,1.0,,,False,571.01287674997
18221,3221,1.0937356620388528e-07,1.0,,,False,571.1962114169728
18222,3222,1.093310970645689e-07,1.0,,,False,571.3758761249483
18223,3223,1.092867520924301e-07,1.0,,,False,571.5521758338436
18224,3224,1.0924456006478067e-07,1.0,,,False,571.7372607088182
18225,3225,1.0920192750063507e-07,1.0,,,False,571.9286149588879
18226,3226,1.0915840675806976e-07,1.0,,,False,572.1255115838721
18227,3227,1.0911510628375254e-07,1.0,,,False,572.3193268748
18228,3228,1.090729995212314e-07,1.0,,,False,572.5136620418634
18229,3229,1.0903072933388103e-07,1.0,,,False,572.680675541982
18230,3230,1.0898724411845251e-07,1.0,,,False,572.876588499872
18231,3231,1.0894448365661447e-07,1.0,,,False,573.0604975000024
18232,3232,1.0889966262084272e-07,1.0,,,False,573.249941958813
18233,3233,1.0885689505357732e-07,1.0,,,False,573.4484022918623
18234,3234,1.0881307588306299e-07,1.0,,,False,573.6343356249854
18235,3235,1.0876760114797435e-07,1.0,,,False,573.82642195886
18236,3236,1.0872373934489588e-07,1.0,,,False,574.0191655419767
18237,3237,1.0867905331224392e-07,1.0,,,False,574.2091413747985
18238,3238,1.086358025759182e-07,1.0,,,False,574.402423084015
18239,3239,1.0859049837108614e-07,1.0,,,False,574.587735833833
18240,3240,1.0854504495227957e-07,1.0,,,False,574.7631354588084
18241,3241,1.0850038734133705e-07,1.0,,,False,574.9423096249811
18242,3242,1.0845468523257296e-07,1.0,,,False,575.1332988338545
18243,3243,1.0840902575637301e-07,1.0,,,False,575.3221685839817
18244,3244,1.083637286569683e-07,1.0,,,False,575.5125312088057
18245,3245,1.0831664809529684e-07,1.0,,,False,575.6959913750179
18246,3246,1.0826934726537729e-07,1.0,,,False,575.883354374906
18247,3247,1.0822255802622749e-07,1.0,,,False,576.0611337088048
18248,3248,1.081757829979324e-07,1.0,,,False,576.2494333749637
18249,3249,1.0812921402703068e-07,1.0,,,False,576.4486035839655
18250,3250,1.0808251715843653e-07,1.0,,,False,576.6318930420093
18251,3251,1.0803459105090951e-07,1.0,,,False,576.8234709168319
18252,3252,1.0798832761338417e-07,1.0,,,False,576.9971799589694
18253,3253,1.0794182259132867e-07,1.0,,,False,577.1838275420014
18254,3254,1.0789480597850343e-07,1.0,,,False,577.3551972918212
18255,3255,1.078486064898243e-07,1.0,,,False,577.5260913339444
18256,3256,1.0780254910969234e-07,1.0,,,False,577.7033357499167
18257,3257,1.0775580250310668e-07,1.0,,,False,577.901037374977
18258,3258,1.0770985880981243e-07,1.0,,,False,578.078187166946
18259,3259,1.0766419222818513e-07,1.0,,,False,578.2688698749989
18260,3260,1.0761726088048817e-07,1.0,,,False,578.4528442088049
18261,3261,1.0757135271433071e-07,1.0,,,False,578.6468573338352
18262,3262,1.0752290791060659e-07,1.0,,,False,578.8318108338863
18263,3263,1.0747500311936165e-07,1.0,,,False,579.0139446668327
18264,3264,1.0742684963815918e-07,1.0,,,False,579.2043172498234
18265,3265,1.0737805666849454e-07,1.0,,,False,579.3954605839681
18266,3266,1.07329782395027e-07,1.0,,,False,579.599565875018
18267,3267,1.0728206234489335e-07,1.0,,,False,579.7783287919592
18268,3268,1.0723304910698062e-07,1.0,,,False,579.9738415000029
18269,3269,1.071843342970169e-07,1.0,,,False,580.158656333806
18270,3270,1.0713664266859269e-07,1.0,,,False,580.343930374831
18271,3271,1.0708699704764513e-07,1.0,,,False,580.5480981247965
18272,3272,1.0703809749657012e-07,1.0,,,False,580.7198409999255
18273,3273,1.0698803976083582e-07,1.0,,,False,580.9105788338929
18274,3274,1.0693830887475997e-07,1.0,,,False,581.0925586249214
18275,3275,1.0688774665368328e-07,1.0,,,False,581.2779277497903
18276,3276,1.0683849183124039e-07,1.0,,,False,581.4596965839155
18277,3277,1.0678783723960805e-07,1.0,,,False,581.6546208339278
18278,3278,1.0673912242964434e-07,1.0,,,False,581.8407645418774
18279,3279,1.0668824756976392e-07,1.0,,,False,582.0101154588629
18280,3280,1.0663886484962859e-07,1.0,,,False,582.201214666944
18281,3281,1.0658968108145928e-07,1.0,,,False,582.4032231669407
18282,3282,1.0653892701384393e-07,1.0,,,False,582.5988749589305
18283,3283,1.0648933823631523e-07,1.0,,,False,582.7970547089353
18284,3284,1.0643892522921305e-07,1.0,,,False,582.9866169169545
18285,3285,1.063885406438203e-07,1.0,,,False,583.1954581248574
18286,3286,1.0633845448637658e-07,1.0,,,False,583.3917943339329
18287,3287,1.0628752278307729e-07,1.0,,,False,583.5813404999208
18288,3288,1.0623700319456475e-07,1.0,,,False,583.7844490418211
18289,3289,1.0618660439831729e-07,1.0,,,False,583.9734455838334
18290,3290,1.0613835144113182e-07,1.0,,,False,584.1555493338965
18291,3291,1.060893026760823e-07,1.0,,,False,584.3366799168289
18292,3292,1.0604034628158843e-07,1.0,,,False,584.5282700839452
18293,3293,1.0599149646850492e-07,1.0,,,False,584.7175277499482
18294,3294,1.0594377641837127e-07,1.0,,,False,584.9044787918683
18295,3295,1.0589531740379243e-07,1.0,,,False,585.1025615839753
18296,3296,1.0584768972421443e-07,1.0,,,False,585.2848668748047
18297,3297,1.0580000520121757e-07,1.0,,,False,585.4799725417979
18298,3298,1.0575384123967524e-07,1.0,,,False,585.6829482920002
18299,3299,1.057074427990301e-07,1.0,,,False,585.8669262919575
18300,3300,1.0566110830723119e-07,1.0,0.9998881306633851,0.0014145814929100561,False,586.238370083971
18301,3301,1.0561536356590295e-07,1.0,,,False,586.4212458338588
18302,3302,1.0556695428931562e-07,1.0,,,False,586.6002780417912
18303,3303,1.0552179929845806e-07,1.0,,,False,586.7905650839675
18304,3304,1.0547603324084776e-07,1.0,,,False,586.9572703749873
18305,3305,1.0543155326558917e-07,1.0,,,False,587.143892249791
18306,3306,1.053858156296883e-07,1.0,,,False,587.3183161669876
18307,3307,1.0534046879229209e-07,1.0,,,False,587.5046114998404
18308,3308,1.0529408456250167e-07,1.0,,,False,587.6755982087925
18309,3309,1.0524863114369509e-07,1.0,,,False,587.8683507088572
18310,3310,1.052025950798452e-07,1.0,,,False,588.0570090839174
18311,3311,1.051580511557404e-07,1.0,,,False,588.2395587919746
18312,3312,1.0511192272133485e-07,1.0,,,False,588.4324490418658
18313,3313,1.0506671088705843e-07,1.0,,,False,588.6085240419488
18314,3314,1.0502008507273786e-07,1.0,,,False,588.7976452088915
18315,3315,1.0497421953914454e-07,1.0,,,False,588.9694196667988
18316,3316,1.0492782109849941e-07,1.0,,,False,589.1601180839352
18317,3317,1.048814510795637e-07,1.0,,,False,589.333452208899
18318,3318,1.0483427814733659e-07,1.0,,,False,589.5072671249509
18319,3319,1.0478742495934057e-07,1.0,,,False,589.6826684169937
18320,3320,1.0474138889549067e-07,1.0,,,False,589.865149666788
18321,3321,1.0469348410424573e-07,1.0,,,False,590.046939374879
18322,3322,1.0464582089753094e-07,1.0,,,False,590.2257126669865
18323,3323,1.0459808663654258e-07,1.0,,,False,590.4037022918928
18324,3324,1.0455026711042592e-07,1.0,,,False,590.5843928339891
18325,3325,1.045016375655905e-07,1.0,,,False,590.7694778339937
18326,3326,1.0445383935575592e-07,1.0,,,False,590.9570314588491
18327,3327,1.0440431452707344e-07,1.0,,,False,591.1448692919221
18328,3328,1.0435647368467471e-07,1.0,,,False,591.3208455839194
18329,3329,1.0430829888719018e-07,1.0,,,False,591.5126867918298
18330,3330,1.0426246888073365e-07,1.0,,,False,591.6966415420175
18331,3331,1.0421607754551587e-07,1.0,,,False,591.8892049589194
18332,3332,1.0417000595452919e-07,1.0,,,False,592.0637575418223
18333,3333,1.041232806642256e-07,1.0,,,False,592.2538277499843
18334,3334,1.0407730144379457e-07,1.0,,,False,592.4399835418444
18335,3335,1.0403139327763711e-07,1.0,,,False,592.6295958748087
18336,3336,1.0398559169289001e-07,1.0,,,False,592.8085236249026
18337,3337,1.039385182366459e-07,1.0,,,False,592.9997069588862
18338,3338,1.0389244664565922e-07,1.0,,,False,593.1748856669292
18339,3339,1.0384623294612538e-07,1.0,,,False,593.3624872500077
18340,3340,1.0379893922163319e-07,1.0,,,False,593.557069625007
18341,3341,1.0375217840419282e-07,1.0,,,False,593.7468068748713
18342,3342,1.0370548153559866e-07,1.0,,,False,593.931602791883
18343,3343,1.0365889124841488e-07,1.0,,,False,594.1049825840164
18344,3344,1.036122654340943e-07,1.0,,,False,594.2845815420151
18345,3345,1.0356574620118408e-07,1.0,,,False,594.4781624998432
18346,3346,1.0351839563327303e-07,1.0,,,False,594.6636869998183
18347,3347,1.0347083190254125e-07,1.0,,,False,594.850978583796
18348,3348,1.0342309053612553e-07,1.0,,,False,595.0422511668876
18349,3349,1.0337536338056452e-07,1.0,,,False,595.2240327917971
18350,3350,1.0332716726679791e-07,1.0,,,False,595.4150397498161
18351,3351,1.0327897115303131e-07,1.0,,,False,595.5875844999682
18352,3352,1.0323027765934967e-07,1.0,,,False,595.7764496249147
18353,3353,1.0318120757801807e-07,1.0,,,False,595.9623384589795
18354,3354,1.0313119247484792e-07,1.0,,,False,596.1448367089033
18355,3355,1.0308134079650699e-07,1.0,,,False,596.3393273339607
18356,3356,1.0303065778316522e-07,1.0,,,False,596.5291197919287
18357,3357,1.0297971186901123e-07,1.0,,,False,596.7371052498929
18358,3358,1.0292860963545536e-07,1.0,,,False,596.9295704169199
18359,3359,1.0287671159403544e-07,1.0,,,False,597.1422422497999
18360,3360,1.0282569462560787e-07,1.0,,,False,597.333040749887
18361,3361,1.0277293682747768e-07,1.0,,,False,597.540630124975
18362,3362,1.0272142247913507e-07,1.0,,,False,597.7302228747867
18363,3363,1.0267000050134811e-07,1.0,,,False,597.9157616249286
18364,3364,1.0261754113116694e-07,1.0,,,False,598.117140499875
18365,3365,1.0256639626504693e-07,1.0,,,False,598.3025426249951
18366,3366,1.0251432769337043e-07,1.0,,,False,598.497943374794
18367,3367,1.0246168358207797e-07,1.0,,,False,598.6742061248515
18368,3368,1.0240852788001575e-07,1.0,,,False,598.8619405420031
18369,3369,1.0235595482299686e-07,1.0,,,False,599.0646811248735
18370,3370,1.0230326807914025e-07,1.0,,,False,599.260631499812
18371,3371,1.0224912472267533e-07,1.0,,,False,599.4523530839942
18372,3372,1.0219702062386204e-07,1.0,,,False,599.6511351668742
18373,3373,1.0214282042397826e-07,1.0,,,False,599.8465629587881
18374,3374,1.0209073053601969e-07,1.0,,,False,600.0371508339886
18375,3375,1.0203646638728969e-07,1.0,,,False,600.2190058338456
18376,3376,1.0198262856420115e-07,1.0,,,False,600.40575333382
18377,3377,1.0192772492700897e-07,1.0,,,False,600.5985264168121
18378,3378,1.0187332577515917e-07,1.0,,,False,600.7959324168041
18379,3379,1.0181992138313944e-07,1.0,,,False,600.9950069999322
18380,3380,1.0176679410278666e-07,1.0,,,False,601.1879505419638
18381,3381,1.0171296338512548e-07,1.0,,,False,601.398507083999
18382,3382,1.0165843633558325e-07,1.0,,,False,601.6237602918409
18383,3383,1.0160552221805119e-07,1.0,,,False,601.821456083795
18384,3384,1.0155292073932287e-07,1.0,,,False,602.0130737088621
18385,3385,1.0150007057063704e-07,1.0,,,False,602.2055336670019
18386,3386,1.0144690776314746e-07,1.0,,,False,602.3944916250184
18387,3387,1.0139385153706826e-07,1.0,,,False,602.5822945418768
18388,3388,1.01340098979108e-07,1.0,,,False,602.7995245419443
18389,3389,1.012870427530288e-07,1.0,,,False,603.0041099588852
18390,3390,1.0123451943400141e-07,1.0,,,False,603.1986522919033
18391,3391,1.0118195348240988e-07,1.0,,,False,603.3844820419326
18392,3392,1.0112974280218623e-07,1.0,,,False,603.5656882089097
18393,3393,1.0107836345696342e-07,1.0,,,False,603.7632495418657
18394,3394,1.0102697700631325e-07,1.0,,,False,603.984462124994
18395,3395,1.0097566160993665e-07,1.0,,,False,604.2076694997959
18396,3396,1.0092486490975716e-07,1.0,,,False,604.4077189168893
18397,3397,1.0087453006235592e-07,1.0,,,False,604.6178159588017
18398,3398,1.0082536050504132e-07,1.0,,,False,604.8264098339714
18399,3399,1.0077668832764175e-07,1.0,,,False,605.0141305418219
18400,3400,1.007270924446857e-07,1.0,0.9998881306633851,0.001314058119008157,False,605.4123604588676
18401,3401,1.0067794420365317e-07,1.0,,,False,605.6085243748967
18402,3402,1.0062974808988656e-07,1.0,,,False,605.8033814169466
18403,3403,1.0058236199483872e-07,1.0,,,False,606.0037914169952
18404,3404,1.0053454246872207e-07,1.0,,,False,606.1793024998624
18405,3405,1.0048692189457142e-07,1.0,,,False,606.3800125420094
18406,3406,1.0043979870033581e-07,1.0,,,False,606.5728020418901
18407,3407,1.0039239839443326e-07,1.0,,,False,606.7784065417945
18408,3408,1.0034543862502687e-07,1.0,,,False,606.9771686668973
18409,3409,1.0029796726485074e-07,1.0,,,False,607.1658756248653
18410,3410,1.002505811698029e-07,1.0,,,False,607.357373583829
18411,3411,1.002049145881756e-07,1.0,,,False,607.5430013339501
18412,3412,1.0015688189923821e-07,1.0,,,False,607.7356050419621
18413,3413,1.0011126505560242e-07,1.0,,,False,607.9199312918354
18414,3414,1.0006549189256475e-07,1.0,,,False,608.1116969168652
18415,3415,1.0002025874200626e-07,1.0,,,False,608.2999294588808
18416,3416,9.997463479294311e-08,1.0,,,False,608.4834104168694
18417,3417,9.992927374469218e-08,1.0,,,False,608.6709598340094
18418,3418,9.988414717554406e-08,1.0,,,False,608.8501562918536
18419,3419,9.983998694451657e-08,1.0,,,False,609.0395949168596
18420,3420,9.979491011335995e-08,1.0,,,False,609.2353495839052
18421,3421,9.97504585598108e-08,1.0,,,False,609.446822916856
18422,3422,9.97068028141257e-08,1.0,,,False,609.655066458974
18423,3423,9.966210967604638e-08,1.0,,,False,609.8407714169007
18424,3424,9.961889446685745e-08,1.0,,,False,610.0528218338732
18425,3425,9.95759847910449e-08,1.0,,,False,610.2395750838332
18426,3426,9.953129875839295e-08,1.0,,,False,610.4542316249572
18427,3427,9.948843171514454e-08,1.0,,,False,610.6617421249393
18428,3428,9.94455362501867e-08,1.0,,,False,610.8644996248186
18429,3429,9.940349343651178e-08,1.0,,,False,611.078261874849
18430,3430,9.935921241321921e-08,1.0,,,False,611.2763880838174
18431,3431,9.931677169561226e-08,1.0,,,False,611.463691291865
18432,3432,9.927283883826021e-08,1.0,,,False,611.6609367919154
18433,3433,9.92286999235148e-08,1.0,,,False,611.8449236669112
18434,3434,9.918607446479655e-08,1.0,,,False,612.0443894588389
18435,3435,9.914318610526607e-08,1.0,,,False,612.245888749836
18436,3436,9.91003972217186e-08,1.0,,,False,612.4420547918417
18437,3437,9.905740228077775e-08,1.0,,,False,612.6334655419923
18438,3438,9.901562236791506e-08,1.0,,,False,612.8249415839091
18439,3439,9.897417641013817e-08,1.0,,,False,613.0006715420168
18440,3440,9.893266650351507e-08,1.0,,,False,613.1844738749787
18441,3441,9.889141239227683e-08,1.0,,,False,613.3743995418772
18442,3442,9.885036433843197e-08,1.0,,,False,613.558511583833
18443,3443,9.881046736381904e-08,1.0,,,False,613.7547270418145
18444,3444,9.876998063873543e-08,1.0,,,False,613.9439849168994
18445,3445,9.872888284689907e-08,1.0,,,False,614.1299712089822
18446,3446,9.868757899766933e-08,1.0,,,False,614.3314727088436
18447,3447,9.864608330190094e-08,1.0,,,False,614.5307371669915
18448,3448,9.860617922186066e-08,1.0,,,False,614.7105857089628
18449,3449,9.856615434955529e-08,1.0,,,False,614.8993132088799
18450,3450,9.852570315160847e-08,1.0,,,False,615.1026854168158
18451,3451,9.848589854755119e-08,1.0,,,False,615.2977709588595
18452,3452,9.844619341947691e-08,1.0,,,False,615.4899482498877
18453,3453,9.84063106557187e-08,1.0,,,False,615.6904937918298
18454,3454,9.836576708721623e-08,1.0,,,False,615.8896617498249
18455,3455,9.832827174705017e-08,1.0,,,False,616.083086208906
18456,3456,9.8290158234704e-08,1.0,,,False,616.2692089588381
18457,3457,9.825034652521936e-08,1.0,,,False,616.4773517088033
18458,3458,9.821041402346964e-08,1.0,,,False,616.6706877090037
18459,3459,9.817192392347351e-08,1.0,,,False,616.8710668338463
18460,3460,9.813265933189541e-08,1.0,,,False,617.064124208875
18461,3461,9.809339474031731e-08,1.0,,,False,617.2500304169953
18462,3462,9.805455647438066e-08,1.0,,,False,617.4382413339335
18463,3463,9.801480160831488e-08,1.0,,,False,617.6322483748663
18464,3464,9.797498279340289e-08,1.0,,,False,617.8308766249102
18465,3465,9.793577504524364e-08,1.0,,,False,618.0179436670151
18466,3466,9.789641097768254e-08,1.0,,,False,618.2123842919245
18467,3467,9.785583188204328e-08,1.0,,,False,618.41975666699
18468,3468,9.781598464542185e-08,1.0,,,False,618.6242542499676
18469,3469,9.777659215615131e-08,1.0,,,False,618.808436999796
18470,3470,9.773755493824865e-08,1.0,,,False,619.0038800418843
18471,3471,9.769708242401975e-08,1.0,,,False,619.1925319170114
18472,3472,9.765797415184352e-08,1.0,,,False,619.3825589588378
18473,3473,9.7617906646974e-08,1.0,,,False,619.575148666976
18474,3474,9.757741281646304e-08,1.0,,,False,619.7487989589572
18475,3475,9.75355405330447e-08,1.0,,,False,619.9470231668092
18476,3476,9.749503249167901e-08,1.0,,,False,620.1410508749541
18477,3477,9.745334494937197e-08,1.0,,,False,620.3341991668567
18478,3478,9.741164319621021e-08,1.0,,,False,620.5253119589761
18479,3479,9.736960748796264e-08,1.0,,,False,620.7080808340106
18480,3480,9.732762151770658e-08,1.0,,,False,620.9010977498256
18481,3481,9.728575633971559e-08,1.0,,,False,621.0810297089629
18482,3482,9.724231375685122e-08,1.0,,,False,621.2690080418251
18483,3483,9.720092464249319e-08,1.0,,,False,621.4537690419238
18484,3484,9.715977000723797e-08,1.0,,,False,621.6352273339871
18485,3485,9.711862958283746e-08,1.0,,,False,621.8361262090039
18486,3486,9.707709835993228e-08,1.0,,,False,622.0206419588067
18487,3487,9.703651926429302e-08,1.0,,,False,622.2048671669327
18488,3488,9.699522252049064e-08,1.0,,,False,622.3841691249982
18489,3489,9.695537528386922e-08,1.0,,,False,622.5526775838807
18490,3490,9.691469671224695e-08,1.0,,,False,622.7302588338498
18491,3491,9.687371971267567e-08,1.0,,,False,622.9083234998398
18492,3492,9.683373036750709e-08,1.0,,,False,623.0953155839816
18493,3493,9.679318679900462e-08,1.0,,,False,623.2671508339699
18494,3494,9.675232348627105e-08,1.0,,,False,623.4502397498582
18495,3495,9.671199308058931e-08,1.0,,,False,623.6265670838766
18496,3496,9.66711866112746e-08,1.0,,,False,623.8027770838235
18497,3497,9.663023803341275e-08,1.0,,,False,623.9665144588798
18498,3498,9.658976551918386e-08,1.0,,,False,624.1359298338648
18499,3499,9.65487672033305e-08,1.0,,,False,624.3115646669175
18500,3500,9.650711518816024e-08,1.0,0.9997762613267703,0.0012121201164230861,False,624.6563993338495
18501,3501,9.646588239320408e-08,1.0,,,False,624.8180595419835
18502,3502,9.642433695944419e-08,1.0,,,False,624.9855407089926
18503,3503,9.638338838158234e-08,1.0,,,False,625.1343210418709
18504,3504,9.634140951675363e-08,1.0,,,False,625.3164753338788
18505,3505,9.629997776983146e-08,1.0,,,False,625.4709884589538
18506,3506,9.625821206782348e-08,1.0,,,False,625.6343597499654
18507,3507,9.6217469547355e-08,1.0,,,False,625.8014597089496
18508,3508,9.617478724521789e-08,1.0,,,False,625.970403916901
18509,3509,9.613403761932204e-08,1.0,,,False,626.1384337919299
18510,3510,9.609361484308465e-08,1.0,,,False,626.3044383749366
18511,3511,9.605298600945389e-08,1.0,,,False,626.4723301669583
18512,3512,9.601241401924199e-08,1.0,,,False,626.6394329587929
18513,3513,9.597064831723401e-08,1.0,,,False,626.8134062089957
18514,3514,9.592957894710707e-08,1.0,,,False,626.9808617089875
18515,3515,9.588931959569891e-08,1.0,,,False,627.1442730838899
18516,3516,9.584894655745302e-08,1.0,,,False,627.3094050418586
18517,3517,9.580711690659882e-08,1.0,,,False,627.4802916669287
18518,3518,9.576690729318216e-08,1.0,,,False,627.6395622498821
18519,3519,9.572486447950723e-08,1.0,,,False,627.8168840839062
18520,3520,9.568254455416536e-08,1.0,,,False,627.9840235000011
18521,3521,9.564086411728567e-08,1.0,,,False,628.1491838749498
18522,3522,9.559918368040599e-08,1.0,,,False,628.3214290000033
18523,3523,9.555763824664609e-08,1.0,,,False,628.4893407088239
18524,3524,9.551598623147584e-08,1.0,,,False,628.6703305838164
18525,3525,9.54751513404517e-08,1.0,,,False,628.8464140419383
18526,3526,9.543284562596455e-08,1.0,,,False,629.0146109168418
18527,3527,9.53909733425462e-08,1.0,,,False,629.1891139168292
18528,3528,9.534889500173449e-08,1.0,,,False,629.3607884589583
18529,3529,9.530720035400009e-08,1.0,,,False,629.5416543749161
18530,3530,9.526381461455458e-08,1.0,,,False,629.715500124963
18531,3531,9.522067045963922e-08,1.0,,,False,629.8812211668119
18532,3532,9.517901133904161e-08,1.0,,,False,630.063035500003
18533,3533,9.513607324151963e-08,1.0,,,False,630.2333106668666
18534,3534,9.509361831305796e-08,1.0,,,False,630.4057970838621
18535,3535,9.505155418310096e-08,1.0,,,False,630.5927747499663
18536,3536,9.500926267946852e-08,1.0,,,False,630.7686262920033
18537,3537,9.496746855575111e-08,1.0,,,False,630.9371204588097
18538,3538,9.492615049566666e-08,1.0,,,False,631.088820541976
18539,3539,9.488433505566718e-08,1.0,,,False,631.2530802919064
18540,3540,9.484411833682316e-08,1.0,,,False,631.4306320420001
18541,3541,9.480250895421705e-08,1.0,,,False,631.5961857498623
18542,3542,9.476175222289385e-08,1.0,,,False,631.7617648749147
18543,3543,9.472055495507448e-08,1.0,,,False,631.9340244589839
18544,3544,9.468092798670114e-08,1.0,,,False,632.1047908340115
18545,3545,9.463960282118933e-08,1.0,,,False,632.2794059168082
18546,3546,9.459797212230114e-08,1.0,,,False,632.4547429999802
18547,3547,9.45574569755081e-08,1.0,,,False,632.6372167919762
18548,3548,9.451643023794531e-08,1.0,,,False,632.8148148339242
18549,3549,9.447645510363145e-08,1.0,,,False,632.984005624894
18550,3550,9.443551363119695e-08,1.0,,,False,633.1565550419036
18551,3551,9.439502690611334e-08,1.0,,,False,633.3153585419059
18552,3552,9.435510150979098e-08,1.0,,,False,633.4791950839572
18553,3553,9.431344949462073e-08,1.0,,,False,633.6401945420075
18554,3554,9.42734672548795e-08,1.0,,,False,633.8143421248533
18555,3555,9.423353475312979e-08,1.0,,,False,633.9828322499525
18556,3556,9.419218827133591e-08,1.0,,,False,634.1527793339919
18557,3557,9.415154522685043e-08,1.0,,,False,634.3233783338219
18558,3558,9.411092349864703e-08,1.0,,,False,634.4817629999015
18559,3559,9.406988965565688e-08,1.0,,,False,634.6580068338662
18560,3560,9.402885581266673e-08,1.0,,,False,634.8158049997874
18561,3561,9.398779354796716e-08,1.0,,,False,634.9850516668521
18562,3562,9.394754130198635e-08,1.0,,,False,635.1530802499037
18563,3563,9.390743116455269e-08,1.0,,,False,635.3110017499421
18564,3564,9.386810262412837e-08,1.0,,,False,635.4808866668027
18565,3565,9.382878829455876e-08,1.0,,,False,635.6419325838797
18566,3566,9.378915422075806e-08,1.0,,,False,635.8054330418818
18567,3567,9.374844012199901e-08,1.0,,,False,635.9777643338311
18568,3568,9.370881315362567e-08,1.0,,,False,636.148045708891
18569,3569,9.366905828755989e-08,1.0,,,False,636.3282254589722
18570,3570,9.362990027739215e-08,1.0,,,False,636.4907228338998
18571,3571,9.358973329653963e-08,1.0,,,False,636.6582472498994
18572,3572,9.354963736996069e-08,1.0,,,False,636.8278463338502
18573,3573,9.350986118761284e-08,1.0,,,False,636.9964587499853
18574,3574,9.346999263470934e-08,1.0,,,False,637.1639968338422
18575,3575,9.343048645860108e-08,1.0,,,False,637.335105124861
18576,3576,9.339134976471541e-08,1.0,,,False,637.511497624917
18577,3577,9.335072093108465e-08,1.0,,,False,637.6914582918398
18578,3578,9.331096606501887e-08,1.0,,,False,637.8731460839044
18579,3579,9.327134620207289e-08,1.0,,,False,638.0350270417985
18580,3580,9.323177607711841e-08,1.0,,,False,638.2011023338418
18581,3581,9.319164462340268e-08,1.0,,,False,638.3726744169835
18582,3582,9.315243687524344e-08,1.0,,,False,638.5285515419673
18583,3583,9.311385440469166e-08,1.0,,,False,638.7004377499688
18584,3584,9.307529325042196e-08,1.0,,,False,638.8671241668053
18585,3585,9.303689552098149e-08,1.0,,,False,639.0521825000178
18586,3586,9.299780145965997e-08,1.0,,,False,639.2228176668286
18587,3587,9.296030611949391e-08,1.0,,,False,639.4039997088257
18588,3588,9.292228497770338e-08,1.0,,,False,639.5706265838817
18589,3589,9.288463331813546e-08,1.0,,,False,639.7504480839707
18590,3590,9.284726587566183e-08,1.0,,,False,639.9156435418408
18591,3591,9.281112767212107e-08,1.0,,,False,640.0911367088556
18592,3592,9.277531631823877e-08,1.0,,,False,640.2600580838043
18593,3593,9.273822598743209e-08,1.0,,,False,640.4342009997927
18594,3594,9.270334544453362e-08,1.0,,,False,640.6051187498961
18595,3595,9.266749145808717e-08,1.0,,,False,640.7720342918765
18596,3596,9.263118272428983e-08,1.0,,,False,640.9350341667887
18597,3597,9.259592559374141e-08,1.0,,,False,641.0992168339435
18598,3598,9.256127952994575e-08,1.0,,,False,641.2538435838651
18599,3599,9.252565291717474e-08,1.0,,,False,641.4180377088487
18600,3600,9.24908007959857e-08,1.0,0.9997762613267703,0.001076227268023351,False,641.7517140838318
18601,3601,9.245648158184849e-08,1.0,,,False,641.9146697088145
18602,3602,9.242191367775376e-08,1.0,,,False,642.0762194998097
18603,3603,9.238690523716286e-08,1.0,,,False,642.2442464588676
18604,3604,9.235269260443602e-08,1.0,,,False,642.418665374862
18605,3605,9.231798259179413e-08,1.0,,,False,642.5879463749006
18606,3606,9.228320152487868e-08,1.0,,,False,642.7542036247905
18607,3607,9.224842756339058e-08,1.0,,,False,642.9045097918715
18608,3608,9.221515995250229e-08,1.0,,,False,643.071507708868
18609,3609,9.218101126862166e-08,1.0,,,False,643.2349601248279
18610,3610,9.214738128093813e-08,1.0,,,False,643.4041815840174
18611,3611,9.211371576611782e-08,1.0,,,False,643.5625752918422
18612,3612,9.208007867300694e-08,1.0,,,False,643.7154443748295
18613,3613,9.204742923429876e-08,1.0,,,False,643.8911818338092
18614,3614,9.201310291473419e-08,1.0,,,False,644.0584852090105
18615,3615,9.19798850418374e-08,1.0,,,False,644.2255002500024
18616,3616,9.194585715022185e-08,1.0,,,False,644.4162072918843
18617,3617,9.191389693796737e-08,1.0,,,False,644.5848904168233
18618,3618,9.18796700943858e-08,1.0,,,False,644.7508758748882
18619,3619,9.184508797943636e-08,1.0,,,False,644.9260503340047
18620,3620,9.180958215893043e-08,1.0,,,False,645.0971166249365
18621,3621,9.177504978197248e-08,1.0,,,False,645.2441207917873
18622,3622,9.17403895073221e-08,1.0,,,False,645.4197668340057
18623,3623,9.170484105425203e-08,1.0,,,False,645.5960862089414
18624,3624,9.16694844477206e-08,1.0,,,False,645.7684597498737
18625,3625,9.163404257606089e-08,1.0,,,False,645.936100083869
18626,3626,9.159820990589651e-08,1.0,,,False,646.0959072499536
18627,3627,9.156254776598871e-08,1.0,,,False,646.2629795838147
18628,3628,9.152672930667904e-08,1.0,,,False,646.4362351668533
18629,3629,9.149081847681373e-08,1.0,,,False,646.597668999806
18630,3630,9.14549929120767e-08,1.0,,,False,646.7625737919006
18631,3631,9.141843548832185e-08,1.0,,,False,646.9214229998179
18632,3632,9.138160095290004e-08,1.0,,,False,647.0891548339278
18633,3633,9.134555511991493e-08,1.0,,,False,647.2565396667924
18634,3634,9.13092108589808e-08,1.0,,,False,647.4342845838983
18635,3635,9.127234079642221e-08,1.0,,,False,647.5937524589244
18636,3636,9.123522914933346e-08,1.0,,,False,647.7620734998491
18637,3637,9.11988067286984e-08,1.0,,,False,647.9332530419342
18638,3638,9.116237009720862e-08,1.0,,,False,648.1099559587892
18639,3639,9.112496712759821e-08,1.0,,,False,648.2625031250063
18640,3640,9.108795495649247e-08,1.0,,,False,648.4194914170075
18641,3641,9.105039566748019e-08,1.0,,,False,648.5856248338241
18642,3642,9.101297848701506e-08,1.0,,,False,648.7551492089406
18643,3643,9.097568920424237e-08,1.0,,,False,648.9238065418322
18644,3644,9.093820096950367e-08,1.0,,,False,649.0879688749555
18645,3645,9.090128116895357e-08,1.0,,,False,649.2498349167872
18646,3646,9.08658321918665e-08,1.0,,,False,649.4248269170057
18647,3647,9.082934582238522e-08,1.0,,,False,649.5909413748886
18648,3648,9.079314366999824e-08,1.0,,,False,649.7510063338559
18649,3649,9.075697704474806e-08,1.0,,,False,649.932558124885
18650,3650,9.072120121800253e-08,1.0,,,False,650.1002927499358
18651,3651,9.06858801386079e-08,1.0,,,False,650.2734169999603
18652,3652,9.06515751353254e-08,1.0,,,False,650.4353334589396
18653,3653,9.06160977365289e-08,1.0,,,False,650.6033591669984
18654,3654,9.058196326350298e-08,1.0,,,False,650.7740114168264
18655,3655,9.054797089902422e-08,1.0,,,False,650.9426656668074
18656,3656,9.051418459193883e-08,1.0,,,False,651.1100505839568
18657,3657,9.047985827237426e-08,1.0,,,False,651.281428999966
18658,3658,9.044715909567458e-08,1.0,,,False,651.4579647087958
18659,3659,9.0414879139189e-08,1.0,,,False,651.6310817499179
18660,3660,9.038129178406962e-08,1.0,,,False,651.7969812089577
18661,3661,9.034828707399356e-08,1.0,,,False,651.9650765419938
18662,3662,9.031757741695401e-08,1.0,,,False,652.1264599168207
18663,3663,9.028599379234947e-08,1.0,,,False,652.2863687498029
18664,3664,9.025460201428359e-08,1.0,,,False,652.4532021668274
18665,3665,9.022274838343947e-08,1.0,,,False,652.6184605839662
18666,3666,9.019119318054436e-08,1.0,,,False,652.7944100419991
18667,3667,9.015968771564076e-08,1.0,,,False,652.9672339588869
18668,3668,9.012865120894276e-08,1.0,,,False,653.1393086249009
18669,3669,9.009866630549368e-08,1.0,,,False,653.2994864168577
18670,3670,9.006748058482117e-08,1.0,,,False,653.4680769168772
18671,3671,9.003718304256836e-08,1.0,,,False,653.640326624969
18672,3672,9.000650180723824e-08,1.0,,,False,653.8091553749982
18673,3673,8.997602662930149e-08,1.0,,,False,653.976216416806
18674,3674,8.99453738156808e-08,1.0,,,False,654.1472603748553
18675,3675,8.991452915552145e-08,1.0,,,False,654.3158397090156
18676,3676,8.988357791395174e-08,1.0,,,False,654.4882109998725
18677,3677,8.985292510033105e-08,1.0,,,False,654.6674209998455
18678,3678,8.982207333474435e-08,1.0,,,False,654.8421611669473
18679,3679,8.978980048368612e-08,1.0,,,False,655.0105105838738
18680,3680,8.975864318472304e-08,1.0,,,False,655.1875127088279
18681,3681,8.972700271669964e-08,1.0,,,False,655.3684391668066
18682,3682,8.96962077945318e-08,1.0,,,False,655.5455717497971
18683,3683,8.966543418864603e-08,1.0,,,False,655.7103207919281
18684,3684,8.963401398887072e-08,1.0,,,False,655.8886263750028
18685,3685,8.960159902926534e-08,1.0,,,False,656.0615029588807
18686,3686,8.957031383260983e-08,1.0,,,False,656.2264940838795
18687,3687,8.95384602017657e-08,1.0,,,False,656.3973813338671
18688,3688,8.950685526087909e-08,1.0,,,False,656.561550791841
18689,3689,8.947613849841218e-08,1.0,,,False,656.7289304998703
18690,3690,8.944439144897842e-08,1.0,,,False,656.902373541845
18691,3691,8.941315599031441e-08,1.0,,,False,657.065817499999
18692,3692,8.938111761835899e-08,1.0,,,False,657.2350664169062
18693,3693,8.934945583405351e-08,1.0,,,False,657.4218365419656
18694,3694,8.931833406222722e-08,1.0,,,False,657.5896753747948
18695,3695,8.928689254616984e-08,1.0,,,False,657.7509278748184
18696,3696,8.925650973878874e-08,1.0,,,False,657.9190001247916
18697,3697,8.922512506615021e-08,1.0,,,False,658.0897649168037
18698,3698,8.919424487885408e-08,1.0,,,False,658.2549049998634
18699,3699,8.916411786685785e-08,1.0,,,False,658.4243786667939
18700,3700,8.91334579478098e-08,1.0,0.9998881306633851,0.0009195395513961674,False,658.7597498749383
18701,3701,8.910272697448818e-08,1.0,,,False,658.9333174999338
18702,3702,8.907274917646646e-08,1.0,,,False,659.1014260838274
18703,3703,8.904214610083727e-08,1.0,,,False,659.2668447089382
18704,3704,8.901179882059296e-08,1.0,,,False,659.4291233338881
18705,3705,8.898171444116088e-08,1.0,,,False,659.6043874998577
18706,3706,8.895170822142973e-08,1.0,,,False,659.7806345839053
18707,3707,8.892200753507495e-08,1.0,,,False,659.9522299589589
18708,3708,8.88914328811552e-08,1.0,,,False,660.133528374834
18709,3709,8.886230062898903e-08,1.0,,,False,660.3139648749493
18710,3710,8.883344548848982e-08,1.0,,,False,660.5002529169433
18711,3711,8.880389401610955e-08,1.0,,,False,660.6830090419389
18712,3712,8.877484702907168e-08,1.0,,,False,660.8579052498098
18713,3713,8.874597767771775e-08,1.0,,,False,661.0354052498005
18714,3714,8.871780465824486e-08,1.0,,,False,661.2089792089537
18715,3715,8.868907031001072e-08,1.0,,,False,661.3732149999123
18716,3716,8.866037148891337e-08,1.0,,,False,661.5447457088158
18717,3717,8.863298717187718e-08,1.0,,,False,661.718892792007
18718,3718,8.860479283612221e-08,1.0,,,False,661.8964222089853
18719,3719,8.857735167566716e-08,1.0,,,False,662.0636842919048
18720,3720,8.854971866867345e-08,1.0,,,False,662.23968112492
18721,3721,8.852076405219123e-08,1.0,,,False,662.4127189589199
18722,3722,8.84920936528033e-08,1.0,,,False,662.5932265839074
18723,3723,8.846311061461165e-08,1.0,,,False,662.7647600839846
18724,3724,8.843461074548031e-08,1.0,,,False,662.9349758338649
18725,3725,8.840494558626233e-08,1.0,,,False,663.098118416965
18726,3726,8.83757564906773e-08,1.0,,,False,663.2748444587924
18727,3727,8.834603448804046e-08,1.0,,,False,663.4326642088126
18728,3728,8.831614906057439e-08,1.0,,,False,663.5936988338362
18729,3729,8.828693154327993e-08,1.0,,,False,663.7724422088359
18730,3730,8.825735164919024e-08,1.0,,,False,663.9321881248616
18731,3731,8.822757280313454e-08,1.0,,,False,664.0974725419655
18732,3732,8.819836239126744e-08,1.0,,,False,664.2723913339432
18733,3733,8.81684556475193e-08,1.0,,,False,664.4377439590171
18734,3734,8.813957208531065e-08,1.0,,,False,664.6028242500033
18735,3735,8.810908980194654e-08,1.0,,,False,664.7696087919176
18736,3736,8.80790977930701e-08,1.0,,,False,664.937220291933
18737,3737,8.804850182286827e-08,1.0,,,False,665.1150907089468
18738,3738,8.801756479215328e-08,1.0,,,False,665.2796918340027
18739,3739,8.798660644515621e-08,1.0,,,False,665.4490016249474
18740,3740,8.795573336328744e-08,1.0,,,False,665.6206110839266
18741,3741,8.792437711235834e-08,1.0,,,False,665.7854318339378
18742,3742,8.78933477110877e-08,1.0,,,False,665.9394005839713
18743,3743,8.78619417221671e-08,1.0,,,False,666.1080211249646
18744,3744,8.783070626350309e-08,1.0,,,False,666.2716488339938
18745,3745,8.779942817227493e-08,1.0,,,False,666.4441009168513
18746,3746,8.776753190886666e-08,1.0,,,False,666.6110446248204
18747,3747,8.7735131160116e-08,1.0,,,False,666.7958674170077
18748,3748,8.770391701773406e-08,1.0,,,False,666.9773589170072
18749,3749,8.767185732949656e-08,1.0,,,False,667.1388540419284
18750,3750,8.763928605048932e-08,1.0,,,False,667.293849583948
18751,3751,8.760725478396125e-08,1.0,,,False,667.4767535419669
18752,3752,8.757574221363029e-08,1.0,,,False,667.6509542500135
18753,3753,8.754402358590596e-08,1.0,,,False,667.8353117918596
18754,3754,8.751128177664214e-08,1.0,,,False,667.9963764999993
18755,3755,8.747930735353293e-08,1.0,,,False,668.1765741668642
18756,3756,8.744752477696238e-08,1.0,,,False,668.3482550838962
18757,3757,8.741674406564925e-08,1.0,,,False,668.5257544999477
18758,3758,8.738469148283912e-08,1.0,,,False,668.689972708933
18759,3759,8.735300127682422e-08,1.0,,,False,668.8645756668411
18760,3760,8.732133238709139e-08,1.0,,,False,669.0212704169098
18761,3761,8.728883216235772e-08,1.0,,,False,669.1883794169407
18762,3762,8.725722011604375e-08,1.0,,,False,669.361350833904
18763,3763,8.722506095182325e-08,1.0,,,False,669.5374319998082
18764,3764,8.719366917375737e-08,1.0,,,False,669.7104059588164
18765,3765,8.716203581116133e-08,1.0,,,False,669.88749691681
18766,3766,8.71301324423257e-08,1.0,,,False,670.0526937500108
18767,3767,8.709878329682397e-08,1.0,,,False,670.2263738748152
18768,3768,8.70667520302959e-08,1.0,,,False,670.4053803340066
18769,3769,8.70342233838528e-08,1.0,,,False,670.5673219999298
18770,3770,8.700250475612847e-08,1.0,,,False,670.7386971667875
18771,3771,8.697097086951544e-08,1.0,,,False,670.8982250418048
18772,3772,8.693935882320147e-08,1.0,,,False,671.0674189589918
18773,3773,8.690818020795632e-08,1.0,,,False,671.2332133338787
18774,3774,8.68771294904036e-08,1.0,,,False,671.4119946248829
18775,3775,8.684597929686788e-08,1.0,,,False,671.5826563748997
18776,3776,8.681515595299061e-08,1.0,,,False,671.7504514169414
18777,3777,8.678365759351436e-08,1.0,,,False,671.9136019998696
18778,3778,8.675207396890983e-08,1.0,,,False,672.0794818338472
18779,3779,8.672076035054488e-08,1.0,,,False,672.2516373749822
18780,3780,8.668904172282055e-08,1.0,,,False,672.4161855420098
18781,3781,8.665771389360089e-08,1.0,,,False,672.5938929999247
18782,3782,8.662527761771344e-08,1.0,,,False,672.7558875000104
18783,3783,8.659331740545895e-08,1.0,,,False,672.923162916908
18784,3784,8.656172667542705e-08,1.0,,,False,673.1170811669435
18785,3785,8.653056227103662e-08,1.0,,,False,673.2858991248067
18786,3786,8.64994618154924e-08,1.0,,,False,673.4657122499775
18787,3787,8.646691895819458e-08,1.0,,,False,673.6366707920097
18788,3788,8.643598903290695e-08,1.0,,,False,673.7939217088278
18789,3789,8.640471094167879e-08,1.0,,,False,673.9592222499195
18790,3790,8.637432102887033e-08,1.0,,,False,674.1271342919208
18791,3791,8.634341952529212e-08,1.0,,,False,674.2936007089447
18792,3792,8.631261039226956e-08,1.0,,,False,674.4658643337898
18793,3793,8.628211389805074e-08,1.0,,,False,674.6352611668408
18794,3794,8.625037395404433e-08,1.0,,,False,674.8004002089147
18795,3795,8.622032510174904e-08,1.0,,,False,674.959432041971
18796,3796,8.618872726628979e-08,1.0,,,False,675.1259649170097
18797,3797,8.615755575647199e-08,1.0,,,False,675.2939563749824
18798,3798,8.612618529468818e-08,1.0,,,False,675.4558976669796
18799,3799,8.609529800196469e-08,1.0,,,False,675.6215222089086
18800,3800,8.60638920130441e-08,1.0,0.9998881306633851,0.0008111164761255508,False,675.9716400839388
18801,3801,8.603271339779894e-08,1.0,,,False,676.1463302089833
18802,3802,8.600020606763792e-08,1.0,,,False,676.3002292090096
18803,3803,8.596961720286345e-08,1.0,,,False,676.4679798749276
18804,3804,8.593703171300149e-08,1.0,,,False,676.6450669169426
18805,3805,8.59060094171582e-08,1.0,,,False,676.81320658396
18806,3806,8.587439026541688e-08,1.0,,,False,676.996548374882
18807,3807,8.584436272940366e-08,1.0,,,False,677.172477416927
18808,3808,8.58129993730472e-08,1.0,,,False,677.3358254998457
18809,3809,8.578142995929738e-08,1.0,,,False,677.5182532919571
18810,3810,8.575043608516353e-08,1.0,,,False,677.6917168339714
18811,3811,8.571856113803733e-08,1.0,,,False,677.8723889167886
18812,3812,8.568657960950077e-08,1.0,,,False,678.0335477918852
18813,3813,8.565513809344338e-08,1.0,,,False,678.2096453749109
18814,3814,8.5622623657855e-08,1.0,,,False,678.3841206249781
18815,3815,8.559062081303637e-08,1.0,,,False,678.570419541793
18816,3816,8.555905139928655e-08,1.0,,,False,678.7378451668192
18817,3817,8.552588326438126e-08,1.0,,,False,678.9203094169497
18818,3818,8.549423569093051e-08,1.0,,,False,679.0991689998191
18819,3819,8.546209073756472e-08,1.0,,,False,679.2776935838629
18820,3820,8.54293489283009e-08,1.0,,,False,679.455167084001
18821,3821,8.539737450519169e-08,1.0,,,False,679.613271708833
18822,3822,8.536351714383272e-08,1.0,,,False,679.7735075838864
18823,3823,8.53303063763633e-08,1.0,,,False,679.9573479588144
18824,3824,8.529775641363813e-08,1.0,,,False,680.121503375005
18825,3825,8.526551198428933e-08,1.0,,,False,680.2926587089896
18826,3826,8.523335282006883e-08,1.0,,,False,680.4605142499786
18827,3827,8.51998578355051e-08,1.0,,,False,680.6207372918725
18828,3828,8.51666257517536e-08,1.0,,,False,680.7738358338829
18829,3829,8.513382709907091e-08,1.0,,,False,680.9330527498387
18830,3830,8.510090054869579e-08,1.0,,,False,681.0934231248684
18831,3831,8.506793136575652e-08,1.0,,,False,681.2598573339637
18832,3832,8.503443638119279e-08,1.0,,,False,681.4233082088176
18833,3833,8.50013037734243e-08,1.0,,,False,681.6016001249664
18834,3834,8.4967936686553e-08,1.0,,,False,681.7703715418465
18835,3835,8.493476144622036e-08,1.0,,,False,681.9410956669599
18836,3836,8.49021262183669e-08,1.0,,,False,682.1002162918448
18837,3837,8.486882308034183e-08,1.0,,,False,682.266530791996
18838,3838,8.483543467718846e-08,1.0,,,False,682.4157904998865
18839,3839,8.480144941813705e-08,1.0,,,False,682.5949851667974
18840,3840,8.476838786464214e-08,1.0,,,False,682.763375459006
18841,3841,8.473534762742929e-08,1.0,,,False,682.918247958878
18842,3842,8.470318135778143e-08,1.0,,,False,683.084789333865
18843,3843,8.467068113304776e-08,1.0,,,False,683.2482589588035
18844,3844,8.46371577267746e-08,1.0,,,False,683.4107015419286
18845,3845,8.460463618575886e-08,1.0,,,False,683.5658829589374
18846,3846,8.457138278572529e-08,1.0,,,False,683.7262923337985
18847,3847,8.453823596710208e-08,1.0,,,False,683.8897065420169
18848,3848,8.450545152527411e-08,1.0,,,False,684.0592126247939
18849,3849,8.44737471084045e-08,1.0,,,False,684.2276577500161
18850,3850,8.444235533033861e-08,1.0,,,False,684.3923498338554
18851,3851,8.441075749487936e-08,1.0,,,False,684.5546649168245
18852,3852,8.437898912916353e-08,1.0,,,False,684.7386894167867
18853,3853,8.434719234173826e-08,1.0,,,False,684.9160493339878
18854,3854,8.431563713884316e-08,1.0,,,False,685.086321583949
18855,3855,8.428388298398204e-08,1.0,,,False,685.270607791841
18856,3856,8.425165987091532e-08,1.0,,,False,685.4621054588351
18857,3857,8.42208933704569e-08,1.0,,,False,685.6515860420186
18858,3858,8.418897579076656e-08,1.0,,,False,685.8489553339314
18859,3859,8.415701557851207e-08,1.0,,,False,686.0697281248868
18860,3860,8.412514063138588e-08,1.0,,,False,686.278758124914
18861,3861,8.409390517272186e-08,1.0,,,False,686.5009444998577
18862,3862,8.406158968909949e-08,1.0,,,False,686.742556624813
18863,3863,8.40295797388535e-08,1.0,,,False,686.9803362088278
18864,3864,8.39983584910442e-08,1.0,,,False,687.2375979169738
18865,3865,8.396587247716525e-08,1.0,,,False,687.5075393749867
18866,3866,8.3934374117689e-08,1.0,,,False,687.7503674589097
18867,3867,8.390287575821276e-08,1.0,,,False,687.9808269590139
18868,3868,8.387161898326667e-08,1.0,,,False,688.2094302088954
18869,3869,8.384015615092721e-08,1.0,,,False,688.4261105000041
18870,3870,8.380825988751894e-08,1.0,,,False,688.6112099587917
18871,3871,8.377585203334093e-08,1.0,,,False,688.8071563339327
18872,3872,8.374486526463443e-08,1.0,,,False,689.0063423339743
18873,3873,8.371340953772233e-08,1.0,,,False,689.1949695418589
18874,3874,8.368240145273376e-08,1.0,,,False,689.3707298338413
18875,3875,8.365127257548011e-08,1.0,,,False,689.5734950839542
18876,3876,8.362064818356885e-08,1.0,,,False,689.7600327499676
18877,3877,8.358961167687085e-08,1.0,,,False,689.944893250009
18878,3878,8.355919334235296e-08,1.0,,,False,690.1440474169794
18879,3879,8.352835578762097e-08,1.0,,,False,690.325867083855
18880,3880,8.349748270575219e-08,1.0,,,False,690.5141624589451
18881,3881,8.346741964260218e-08,1.0,,,False,690.7065700839739
18882,3882,8.34364470847504e-08,1.0,,,False,690.8978890839498
18883,3883,8.340534662920618e-08,1.0,,,False,691.0864292499609
18884,3884,8.337532619862031e-08,1.0,,,False,691.2923462498002
18885,3885,8.334426127021288e-08,1.0,,,False,691.5083514167927
18886,3886,8.331344503176297e-08,1.0,,,False,691.7518932919484
18887,3887,8.328166245519242e-08,1.0,,,False,691.9653737498447
18888,3888,8.32511304338368e-08,1.0,,,False,692.1995534999296
18889,3889,8.321913469444553e-08,1.0,,,False,692.4704159998801
18890,3890,8.318824740172204e-08,1.0,,,False,692.7246539588086
18891,3891,8.315723221130611e-08,1.0,,,False,692.9714682498015
18892,3892,8.312610333405246e-08,1.0,,,False,693.2515771668404
18893,3893,8.30949602459441e-08,1.0,,,False,693.5016963749658
18894,3894,8.30639734772376e-08,1.0,,,False,693.7327303749043
18895,3895,8.303283038912923e-08,1.0,,,False,693.9500199998729
18896,3896,8.300182940956802e-08,1.0,,,False,694.1701111248694
18897,3897,8.29701249926984e-08,1.0,,,False,694.3958733337931
18898,3898,8.293940112480414e-08,1.0,,,False,694.6064968339633
18899,3899,8.29082367204137e-08,1.0,,,False,694.8180010837968
18900,3900,8.287635466786014e-08,1.0,0.9998881306633851,0.0007572055948083949,False,695.2853676669765
18901,3901,8.284555264026494e-08,1.0,,,False,695.5087996670045
18902,3902,8.281406138621605e-08,1.0,,,False,695.7600829589646
18903,3903,8.278225038793607e-08,1.0,,,False,696.0085453749634
18904,3904,8.275053176021174e-08,1.0,,,False,696.2518117500003
18905,3905,8.271882023791477e-08,1.0,,,False,696.5189121249132
18906,3906,8.268706608305365e-08,1.0,,,False,696.7819802919403
18907,3907,8.265475770485864e-08,1.0,,,False,696.9900897918269
18908,3908,8.262350803533991e-08,1.0,,,False,697.2240814168472
18909,3909,8.259126360599112e-08,1.0,,,False,697.4891069168225
18910,3910,8.25598434062158e-08,1.0,,,False,697.7184584999923
18911,3911,8.252816741105562e-08,1.0,,,False,697.9216356668621
18912,3912,8.249642746704922e-08,1.0,,,False,698.1063902499154
18913,3913,8.246423277569193e-08,1.0,,,False,698.2919195420109
18914,3914,8.243186755407805e-08,1.0,,,False,698.4699212918058
18915,3915,8.239933890763496e-08,1.0,,,False,698.6617269588169
18916,3916,8.236730764110689e-08,1.0,,,False,698.8438621249516
18917,3917,8.233414661162897e-08,1.0,,,False,699.036780583905
18918,3918,8.23008576844586e-08,1.0,,,False,699.208946416853
18919,3919,8.226873404737489e-08,1.0,,,False,699.3961025418248
18920,3920,8.223601355439314e-08,1.0,,,False,699.593287208816
18921,3921,8.220312963658216e-08,1.0,,,False,699.778542333981
18922,3922,8.217004676680517e-08,1.0,,,False,699.9521900420077
18923,3923,8.213714863813948e-08,1.0,,,False,700.1482877498493
18924,3924,8.210454183199545e-08,1.0,,,False,700.348128041951
18925,3925,8.207124579939773e-08,1.0,,,False,700.5313794168178
18926,3926,8.203844004128769e-08,1.0,,,False,700.7183074168861
18927,3927,8.200553480719464e-08,1.0,,,False,700.9203531669918
18928,3928,8.197260825681951e-08,1.0,,,False,701.1132842919324
18929,3929,8.194056277943673e-08,1.0,,,False,701.3181759167928
18930,3930,8.190730937940316e-08,1.0,,,False,701.509852041956
18931,3931,8.187476652210535e-08,1.0,,,False,701.7094909169246
18932,3932,8.184197497485002e-08,1.0,,,False,701.8771979168523
18933,3933,8.180811050806369e-08,1.0,,,False,702.0923668339383
18934,3934,8.177585897328754e-08,1.0,,,False,702.3379053748213
18935,3935,8.174230714530495e-08,1.0,,,False,702.5587538748514
18936,3936,8.17095866523232e-08,1.0,,,False,702.8158851249609
18937,3937,8.167521059476712e-08,1.0,,,False,703.0635478748009
18938,3938,8.164124665199779e-08,1.0,,,False,703.311671666801
18939,3939,8.16073253417926e-08,1.0,,,False,703.5514349169098
18940,3940,8.157275033227052e-08,1.0,,,False,703.781149874907
18941,3941,8.153747188544003e-08,1.0,,,False,704.0021214999724
18942,3942,8.150251318284063e-08,1.0,,,False,704.2282112499233
18943,3943,8.146720631430071e-08,1.0,,,False,704.4770353748463
18944,3944,8.143234708768432e-08,1.0,,,False,704.7117695419583
18945,3945,8.139654283922937e-08,1.0,,,False,704.9737274169456
18946,3946,8.13608593830395e-08,1.0,,,False,705.2056119588669
18947,3947,8.132508355629398e-08,1.0,,,False,705.41377929179
18948,3948,8.129012485369458e-08,1.0,,,False,705.6197250839323
18949,3949,8.125498140998388e-08,1.0,,,False,705.8627650418784
18950,3950,8.122075456640232e-08,1.0,,,False,706.0874982918613
18951,3951,8.11855827009822e-08,1.0,,,False,706.3048402499408
18952,3952,8.114933791603107e-08,1.0,,,False,706.5552686669398
18953,3953,8.111346261330254e-08,1.0,,,False,706.8158819167875
18954,3954,8.107819837732677e-08,1.0,,,False,707.0488625417929
18955,3955,8.104308335532551e-08,1.0,,,False,707.2760918338317
18956,3956,8.100742121541771e-08,1.0,,,False,707.5034572498407
18957,3957,8.097227777170701e-08,1.0,,,False,707.7297534169629
18958,3958,8.093667247521807e-08,1.0,,,False,707.9430944588967
18959,3959,8.090184877573847e-08,1.0,,,False,708.1252179588191
18960,3960,8.08663500606599e-08,1.0,,,False,708.3334589998703
18961,3961,8.083023317340121e-08,1.0,,,False,708.5373293748125
18962,3962,8.079481972345093e-08,1.0,,,False,708.7251435839571
18963,3963,8.075882362845732e-08,1.0,,,False,708.9144082500134
18964,3964,8.072137802628276e-08,1.0,,,False,709.1169177088886
18965,3965,8.068558088325517e-08,1.0,,,False,709.3024363338482
18966,3966,8.064907319749182e-08,1.0,,,False,709.4912033339497
18967,3967,8.061256551172846e-08,1.0,,,False,709.6856617089361
18968,3968,8.057599387711889e-08,1.0,,,False,709.8693825840019
18969,3969,8.05392232905433e-08,1.0,,,False,710.0496623748913
18970,3970,8.05029074513186e-08,1.0,,,False,710.2208052920178
18971,3971,8.046563237940063e-08,1.0,,,False,710.3995003339369
18972,3972,8.042864152457696e-08,1.0,,,False,710.5762284169905
18973,3973,8.039144461235992e-08,1.0,,,False,710.7557372918818
18974,3974,8.035471665834848e-08,1.0,,,False,710.9314342089929
18975,3975,8.031807396946533e-08,1.0,,,False,711.1130615419243
18976,3976,8.028091258438508e-08,1.0,,,False,711.3095752499066
18977,3977,8.024449726917737e-08,1.0,,,False,711.5043174168095
18978,3978,8.020622033200198e-08,1.0,,,False,711.6817667088471
18979,3979,8.016879604610949e-08,1.0,,,False,711.8663718749303
18980,3980,8.013081043145576e-08,1.0,,,False,712.0511227499228
18981,3981,8.009359220295664e-08,1.0,,,False,712.2428844168317
18982,3982,8.005468998817378e-08,1.0,,,False,712.4226294169202
18983,3983,8.001745044339259e-08,1.0,,,False,712.6142009589821
18984,3984,7.997864059916537e-08,1.0,,,False,712.8228102920111
18985,3985,7.993972417352779e-08,1.0,,,False,713.0111037499737
18986,3986,7.990091432930058e-08,1.0,,,False,713.234007333871
18987,3987,7.986179184626963e-08,1.0,,,False,713.4676189168822
18988,3988,7.982259120353774e-08,1.0,,,False,713.6670805418398
18989,3989,7.978294291888233e-08,1.0,,,False,713.8932400839403
18990,3990,7.974415439093718e-08,1.0,,,False,714.070793208899
18991,3991,7.970491822106851e-08,1.0,,,False,714.2609836249612
18992,3992,7.966586679231114e-08,1.0,,,False,714.446691374993
18993,3993,7.962771064740082e-08,1.0,,,False,714.6533569169696
18994,3994,7.958966108390086e-08,1.0,,,False,714.8483115839772
18995,3995,7.955082992339157e-08,1.0,,,False,715.0476165839937
18996,3996,7.951260982963504e-08,1.0,,,False,715.2334974168334
18997,3997,7.947384972339933e-08,1.0,,,False,715.4121689170133
18998,3998,7.943474855665045e-08,1.0,,,False,715.6135752499104
18999,3999,7.939584634186758e-08,1.0,,,False,715.8448927497957
19000,4000,7.935620516263953e-08,1.0,0.9998881306633851,0.0007185341103056881,False,716.3219185839407
19001,4001,7.93176653246519e-08,1.0,,,False,716.6473837089725
19002,4002,7.927825151909929e-08,1.0,,,False,716.8715190419462
19003,4003,7.923948430743621e-08,1.0,,,False,717.0728062919807
19004,4004,7.919944522427613e-08,1.0,,,False,717.2788663748652
19005,4005,7.916050037692912e-08,1.0,,,False,717.4557856668252
19006,4006,7.912144894817175e-08,1.0,,,False,717.637709208997
19007,4007,7.908246146826059e-08,1.0,,,False,717.8435528338887
19008,4008,7.904291976501554e-08,1.0,,,False,718.0319358338602
19009,4009,7.900290199813753e-08,1.0,,,False,718.229272083845
19010,4010,7.896279896613123e-08,1.0,,,False,718.428457666887
19011,4011,7.892261066899664e-08,1.0,,,False,718.6195569587871
19012,4012,7.888267106181956e-08,1.0,,,False,718.8248656250071
19013,4013,7.884199959562466e-08,1.0,,,False,719.0180034588557
19014,4014,7.880156260853255e-08,1.0,,,False,719.2014742498286
19015,4015,7.876023744302074e-08,1.0,,,False,719.404802666977
19016,4016,7.871980756135599e-08,1.0,,,False,719.5999354168307
19017,4017,7.867913609516108e-08,1.0,,,False,719.8051820418332
19018,4018,7.863859963208597e-08,1.0,,,False,719.9952567089349
19019,4019,7.859751605110432e-08,1.0,,,False,720.198930791812
19020,4020,7.855690142832827e-08,1.0,,,False,720.3917267499492
19021,4021,7.851637207068052e-08,1.0,,,False,720.5883074589074
19022,4022,7.847626903867422e-08,1.0,,,False,720.7783187918831
19023,4023,7.843505756000013e-08,1.0,,,False,720.9612749998923
19024,4024,7.839457794034388e-08,1.0,,,False,721.1450651669875
19025,4025,7.835350857021695e-08,1.0,,,False,721.3252630839124
19026,4026,7.831292947457769e-08,1.0,,,False,721.5129921250045
19027,4027,7.827070191979146e-08,1.0,,,False,721.6935055418871
19028,4028,7.822828962389394e-08,1.0,,,False,721.8740055419039
19029,4029,7.818595548769736e-08,1.0,,,False,722.0497114169411
19030,4030,7.814416136397995e-08,1.0,,,False,722.2318354169838
19031,4031,7.810240276739933e-08,1.0,,,False,722.4019636248704
19032,4032,7.80591378202189e-08,1.0,,,False,722.57111595897
19033,4033,7.801564549936302e-08,1.0,,,False,722.7419887499418
19034,4034,7.797292056466176e-08,1.0,,,False,722.919147958979
19035,4035,7.792905165615593e-08,1.0,,,False,723.0984203338157
19036,4036,7.788470668401715e-08,1.0,,,False,723.2600122918375
19037,4037,7.784148436940086e-08,1.0,,,False,723.4408247089013
19038,4038,7.779727440038187e-08,1.0,,,False,723.6144756248686
19039,4039,7.775306443136287e-08,1.0,,,False,723.7855980838649
19040,4040,7.771047449978141e-08,1.0,,,False,723.9745708748233
19041,4041,7.766602294623226e-08,1.0,,,False,724.1735161668621
19042,4042,7.762206877259814e-08,1.0,,,False,724.3618354999926
19043,4043,7.75784698703319e-08,1.0,,,False,724.5614439998753
19044,4044,7.753492070605716e-08,1.0,,,False,724.753428875003
19045,4045,7.749093811071361e-08,1.0,,,False,724.9424924589694
19046,4046,7.74457760144287e-08,1.0,,,False,725.1509326668456
19047,4047,7.740120366861447e-08,1.0,,,False,725.360740291886
19048,4048,7.73560842048937e-08,1.0,,,False,725.5625094999559
19049,4049,7.731054552095884e-08,1.0,,,False,725.8069330418948
19050,4050,7.726544737352015e-08,1.0,,,False,726.0452419589274
19051,4051,7.722152162159546e-08,1.0,,,False,726.2738337088376
19052,4052,7.717563477172007e-08,1.0,,,False,726.5358164999634
19053,4053,7.713103400419641e-08,1.0,,,False,726.7600215419661
19054,4054,7.708656823979254e-08,1.0,,,False,727.0010081669316
19055,4055,7.704115034812276e-08,1.0,,,False,727.2530245839152
19056,4056,7.699689774653962e-08,1.0,,,False,727.5168169999961
19057,4057,7.695199855106694e-08,1.0,,,False,727.7598155839369
19058,4058,7.690734804555177e-08,1.0,,,False,728.003810999915
19059,4059,7.686168856935183e-08,1.0,,,False,728.2328921249136
19060,4060,7.681695279870837e-08,1.0,,,False,728.4873498338275
19061,4061,7.677086699686697e-08,1.0,,,False,728.735956416931
19062,4062,7.672479540588029e-08,1.0,,,False,728.9802700839937
19063,4063,7.667824775126064e-08,1.0,,,False,729.2772951249499
19064,4064,7.663212642228245e-08,1.0,,,False,729.5355616249144
19065,4065,7.65851950745855e-08,1.0,,,False,729.7851890840102
19066,4066,7.653834899201684e-08,1.0,,,False,730.0231589169707
19067,4067,7.649160238543118e-08,1.0,,,False,730.2152174168732
19068,4068,7.644467814316158e-08,1.0,,,False,730.4096953338012
19069,4069,7.639786048230235e-08,1.0,,,False,730.5939424168319
19070,4070,7.635068044464788e-08,1.0,,,False,730.7699959999882
19071,4071,7.630391252178015e-08,1.0,,,False,730.9502462497912
19072,4072,7.625644116160402e-08,1.0,,,False,731.1291124587879
19073,4073,7.620917585882125e-08,1.0,,,False,731.3189680839423
19074,4074,7.616191055603849e-08,1.0,,,False,731.4786249590106
19075,4075,7.611425445475106e-08,1.0,,,False,731.6485747499391
19076,4076,7.606595175957409e-08,1.0,,,False,731.8203618337866
19077,4077,7.601681772939628e-08,1.0,,,False,731.9977229998913
19078,4078,7.596821660627029e-08,1.0,,,False,732.16551491688
19079,4079,7.591945916374243e-08,1.0,,,False,732.3375177499838
19080,4080,7.58702114467269e-08,1.0,,,False,732.5025215419009
19081,4081,7.582040240095012e-08,1.0,,,False,732.6719844168983
19082,4082,7.577115468393458e-08,1.0,,,False,732.8485394169111
19083,4083,7.572126747845687e-08,1.0,,,False,733.0209317088593
19084,4084,7.56711884264405e-08,1.0,,,False,733.1960772499442
19085,4085,7.562096016044961e-08,1.0,,,False,733.3724183749873
19086,4086,7.557063952390308e-08,1.0,,,False,733.5546447089873
19087,4087,7.551963676633022e-08,1.0,,,False,733.7377794168424
19088,4088,7.546938007862991e-08,1.0,,,False,733.9299429589882
19089,4089,7.541868285443343e-08,1.0,,,False,734.0956190419383
19090,4090,7.53679927356643e-08,1.0,,,False,734.2806783749256
19091,4091,7.531762236112627e-08,1.0,,,False,734.4572224589065
19092,4092,7.526708856175901e-08,1.0,,,False,734.6349194168579
19093,4093,7.521627054529745e-08,1.0,,,False,734.8090453338809
19094,4094,7.516575806221226e-08,1.0,,,False,734.9913758339826
19095,4095,7.511502531087899e-08,1.0,,,False,735.1562089168001
19096,4096,7.506412202928914e-08,1.0,,,False,735.3266620838549
19097,4097,7.501164844825325e-08,1.0,,,False,735.5008716669399
19098,4098,7.496119991401429e-08,1.0,,,False,735.6653187919874
19099,4099,7.490930897802173e-08,1.0,,,False,735.8422134169377
19100,4100,7.485790831651684e-08,1.0,0.9998881306633851,0.0006829806037868469,False,736.1878796250094
19101,4101,7.480518604552344e-08,1.0,,,False,736.3769448339008
19102,4102,7.475284746760735e-08,1.0,,,False,736.5662028749939
19103,4103,7.470032414857997e-08,1.0,,,False,736.7369685419835
19104,4104,7.464723950079133e-08,1.0,,,False,736.9258032918442
19105,4105,7.459419748556684e-08,1.0,,,False,737.0948014589958
19106,4106,7.454058703615374e-08,1.0,,,False,737.2717647089157
19107,4107,7.448734606896323e-08,1.0,,,False,737.4588379589841
19108,4108,7.44330037605323e-08,1.0,,,False,737.6269838339649
19109,4109,7.437899540718718e-08,1.0,,,False,737.8019159589894
19110,4110,7.432493731585055e-08,1.0,,,False,737.9697677919175
19111,4111,7.426986314840178e-08,1.0,,,False,738.1375674998853
19112,4112,7.421356684744751e-08,1.0,,,False,738.3257061250042
19113,4113,7.415645342234711e-08,1.0,,,False,738.4973969589919
19114,4114,7.409985869344382e-08,1.0,,,False,738.6654192088172
19115,4115,7.404297264201887e-08,1.0,,,False,738.8500015838072
19116,4116,7.398544710213173e-08,1.0,,,False,739.0145765838679
19117,4117,7.39277865591248e-08,1.0,,,False,739.2010163748637
19118,4118,7.386966416333962e-08,1.0,,,False,739.3717808339279
19119,4119,7.381157729469123e-08,1.0,,,False,739.5470391667914
19120,4120,7.375249566621278e-08,1.0,,,False,739.7247085839044
19121,4121,7.369234111820333e-08,1.0,,,False,739.9137636669911
19122,4122,7.363292553463907e-08,1.0,,,False,740.08994049998
19123,4123,7.357211018188536e-08,1.0,,,False,740.2625417499803
19124,4124,7.351130903998637e-08,1.0,,,False,740.4229811669793
19125,4125,7.344912944518e-08,1.0,,,False,740.5890264168847
19126,4126,7.338694274494628e-08,1.0,,,False,740.78352583386
19127,4127,7.332302942586466e-08,1.0,,,False,740.9559172918089
19128,4128,7.326002560148481e-08,1.0,,,False,741.1124625839293
19129,4129,7.319653150261729e-08,1.0,,,False,741.30162787484
19130,4130,7.313190764079991e-08,1.0,,,False,741.4732812498696
19131,4131,7.30670706161618e-08,1.0,,,False,741.6621749589685
19132,4132,7.30019635852841e-08,1.0,,,False,741.8417807919905
19133,4133,7.29366718132951e-08,1.0,,,False,742.0243328749202
19134,4134,7.286979553100537e-08,1.0,,,False,742.2094969169702
19135,4135,7.280404190623813e-08,1.0,,,False,742.3861267918255
19136,4136,7.273842328459068e-08,1.0,,,False,742.5665240839589
19137,4137,7.267195911708768e-08,1.0,,,False,742.7479462088086
19138,4138,7.260403833697637e-08,1.0,,,False,742.9295980418101
19139,4139,7.25363804576773e-08,1.0,,,False,743.1162794998381
19140,4140,7.24676709751293e-08,1.0,,,False,743.2946519998368
19141,4141,7.239846411266626e-08,1.0,,,False,743.4571323338896
19142,4142,7.23276869507572e-08,1.0,,,False,743.6318009588867
19143,4143,7.225745690675467e-08,1.0,,,False,743.8001112497877
19144,4144,7.218759634497474e-08,1.0,,,False,743.9809588338248
19145,4145,7.211634311943271e-08,1.0,,,False,744.1534336248878
19146,4146,7.204531726756613e-08,1.0,,,False,744.3413857498672
19147,4147,7.197235873945829e-08,1.0,,,False,744.5282133338042
19148,4148,7.189976258814568e-08,1.0,,,False,744.6981863749679
19149,4149,7.182661221349917e-08,1.0,,,False,744.8895126248244
19150,4150,7.175292893180085e-08,1.0,,,False,745.0723871248774
19151,4151,7.16793167043761e-08,1.0,,,False,745.2502318338957
19152,4152,7.160569026609664e-08,1.0,,,False,745.4375147498213
19153,4153,7.153109038426919e-08,1.0,,,False,745.6111485839356
19154,4154,7.145633418303987e-08,1.0,,,False,745.7823350417893
19155,4155,7.138183377719542e-08,1.0,,,False,745.9671074999496
19156,4156,7.130761758844528e-08,1.0,,,False,746.1438013338484
19157,4157,7.123152556687273e-08,1.0,,,False,746.3181452499703
19158,4158,7.115622935316424e-08,1.0,,,False,746.4935636669397
19159,4159,7.108030786184827e-08,1.0,,,False,746.669899249915
19160,4160,7.100410925886536e-08,1.0,,,False,746.8561228339095
19161,4161,7.092766196592493e-08,1.0,,,False,747.0300227499101
19162,4162,7.08508451907619e-08,1.0,,,False,747.1921558338217
19163,4163,7.077382235820551e-08,1.0,,,False,747.3648426248692
19164,4164,7.069663610081989e-08,1.0,,,False,747.5630837089848
19165,4165,7.06190093069381e-08,1.0,,,False,747.7473682919517
19166,4166,7.054054407262811e-08,1.0,,,False,747.9286974167917
19167,4167,7.046273253763502e-08,1.0,,,False,748.106999124866
19168,4168,7.038412519477788e-08,1.0,,,False,748.2946610418148
19169,4169,7.030673998542625e-08,1.0,,,False,748.4752065839712
19170,4170,7.022813264256911e-08,1.0,,,False,748.6433931668289
19171,4171,7.014982372766099e-08,1.0,,,False,748.8218705418985
19172,4172,7.00714082313425e-08,1.0,,,False,748.9924789587967
19173,4173,6.999273693963914e-08,1.0,,,False,749.1727193337865
19174,4174,6.99146838201159e-08,1.0,,,False,749.3438589998987
19175,4175,6.983501066315512e-08,1.0,,,False,749.5088715839665
19176,4176,6.975652411256306e-08,1.0,,,False,749.685432374943
19177,4177,6.967680121761077e-08,1.0,,,False,749.8553828748409
19178,4178,6.959840703757436e-08,1.0,,,False,750.0241644999478
19179,4179,6.951920994424654e-08,1.0,,,False,750.1889826247934
19180,4180,6.944075892079127e-08,1.0,,,False,750.3758659169544
19181,4181,6.93627768555416e-08,1.0,,,False,750.5660565418657
19182,4182,6.928308238229874e-08,1.0,,,False,750.7457218749914
19183,4183,6.92042405603388e-08,1.0,,,False,750.9224138748832
19184,4184,6.912532057867793e-08,1.0,,,False,751.0941379168071
19185,4185,6.904685534436794e-08,1.0,,,False,751.2661849588621
19186,4186,6.8967914046425e-08,1.0,,,False,751.4470260839444
19187,4187,6.88897685563461e-08,1.0,,,False,751.631830124883
19188,4188,6.881069225528336e-08,1.0,,,False,751.82887487486
19189,4189,6.873206359614414e-08,1.0,,,False,752.0093275839463
19190,4190,6.865438706427085e-08,1.0,,,False,752.209348958917
19191,4191,6.857561629658449e-08,1.0,,,False,752.3989796249662
19192,4192,6.849651867923967e-08,1.0,,,False,752.5851246248931
19193,4193,6.841840871629756e-08,1.0,,,False,752.7563536248636
19194,4194,6.83401069068168e-08,1.0,,,False,752.9521132498048
19195,4195,6.82618122027634e-08,1.0,,,False,753.1353502089623
19196,4196,6.81842706740099e-08,1.0,,,False,753.3267967498396
19197,4197,6.810726205230822e-08,1.0,,,False,753.4988480419852
19198,4198,6.803016816547824e-08,1.0,,,False,753.6726494168397
19199,4199,6.795273321813511e-08,1.0,,,False,753.8383407918736
19200,4200,6.787706752220402e-08,1.0,0.9998881306633851,0.0006093767505745384,False,754.2056341669522
19201,4201,6.780060601840887e-08,1.0,,,False,754.3881402499974
19202,4202,6.772501137675135e-08,1.0,,,False,754.5612445839215
19203,4203,6.765011306697488e-08,1.0,,,False,754.7445992089342
19204,4204,6.757544213087385e-08,1.0,,,False,754.9264743749518
19205,4205,6.750164516233781e-08,1.0,,,False,755.1018189168535
19206,4206,6.742828162487058e-08,1.0,,,False,755.2880674169865
19207,4207,6.735483282227506e-08,1.0,,,False,755.4641053339001
19208,4208,6.728133428168803e-08,1.0,,,False,755.624730624957
19209,4209,6.720850365127262e-08,1.0,,,False,755.8119003339671
19210,4210,6.713652567214012e-08,1.0,,,False,755.991127749905
19211,4211,6.70651729706151e-08,1.0,,,False,756.16626558383
19212,4212,6.69937634256712e-08,1.0,,,False,756.3542650418822
19213,4213,6.692282994436027e-08,1.0,,,False,756.5318911247887
19214,4214,6.685327491595672e-08,1.0,,,False,756.7149680419825
19215,4215,6.678425990003234e-08,1.0,,,False,756.9198107919656
19216,4216,6.671557173376641e-08,1.0,,,False,757.0993144169915
19217,4217,6.664725304972308e-08,1.0,,,False,757.2822103339713
19218,4218,6.657923279362876e-08,1.0,,,False,757.4639684169088
19219,4219,6.651126227552595e-08,1.0,,,False,757.6392354168929
19220,4220,6.644368966135517e-08,1.0,,,False,757.8290408749599
19221,4221,6.637670679765506e-08,1.0,,,False,757.9994024999905
19222,4222,6.631069737750295e-08,1.0,,,False,758.1737331668846
19223,4223,6.62447448007697e-08,1.0,,,False,758.3550001250114
19224,4224,6.617897696514774e-08,1.0,,,False,758.5442355838604
19225,4225,6.611574576709245e-08,1.0,,,False,758.7123557499144
19226,4226,6.605187508057497e-08,1.0,,,False,758.8895761668682
19227,4227,6.59890773135885e-08,1.0,,,False,759.0715530419257
19228,4228,6.592667745053404e-08,1.0,,,False,759.2680225837976
19229,4229,6.586473233483048e-08,1.0,,,False,759.4527925418224
19230,4230,6.580433620229087e-08,1.0,,,False,759.6411573339719
19231,4231,6.574412481086256e-08,1.0,,,False,759.8263517089654
19232,4232,6.568485844127281e-08,1.0,,,False,760.0225520839449
19233,4233,6.562591892134151e-08,1.0,,,False,760.2040357918013
19234,4234,6.556778231470162e-08,1.0,,,False,760.3901481248904
19235,4235,6.551045572678049e-08,1.0,,,False,760.579158041859
19236,4236,6.545425890180923e-08,1.0,,,False,760.7562017918099
19237,4237,6.539708863328997e-08,1.0,,,False,760.9418282918632
19238,4238,6.53420642038327e-08,1.0,,,False,761.1329232919961
19239,4239,6.528539842065584e-08,1.0,,,False,761.3061542499345
19240,4240,6.5230203460942e-08,1.0,,,False,761.4926494169049
19241,4241,6.517505823921965e-08,1.0,,,False,761.6891425419599
19242,4242,6.512072303621608e-08,1.0,,,False,761.8705133749172
19243,4243,6.506586203158804e-08,1.0,,,False,762.0533270838205
19244,4244,6.501008442683087e-08,1.0,,,False,762.2386124168988
19245,4245,6.495437787634728e-08,1.0,,,False,762.4167168748099
19246,4246,6.489972292911261e-08,1.0,,,False,762.6101002919022
19247,4247,6.484523140670717e-08,1.0,,,False,762.7869825419039
19248,4248,6.479067593545551e-08,1.0,,,False,762.9648787919432
19249,4249,6.47356586114256e-08,1.0,,,False,763.1335252088029
19250,4250,6.468093971534472e-08,1.0,,,False,763.3094238338526
19251,4251,6.462603607815254e-08,1.0,,,False,763.4862630418502
19252,4252,6.457000978343785e-08,1.0,,,False,763.6559299998917
19253,4253,6.451447376321084e-08,1.0,,,False,763.843100791797
19254,4254,6.445916511665928e-08,1.0,,,False,764.0196383339353
19255,4255,6.440401278950958e-08,1.0,,,False,764.2061643749475
19256,4256,6.434758859086287e-08,1.0,,,False,764.3811910839286
19257,4257,6.429173282640477e-08,1.0,,,False,764.5537205839064
19258,4258,6.423667286981072e-08,1.0,,,False,764.7288996668067
19259,4259,6.418204634428548e-08,1.0,,,False,764.9020329168998
19260,4260,6.412614794726323e-08,1.0,,,False,765.0748562498484
19261,4261,6.40708179844296e-08,1.0,,,False,765.2551810420118
19262,4262,6.401609908834871e-08,1.0,,,False,765.4358343339991
19263,4263,6.39609325503443e-08,1.0,,,False,765.6116244588047
19264,4264,6.390565943092952e-08,1.0,,,False,765.8042533339467
19265,4265,6.384934181369317e-08,1.0,,,False,765.9876062090043
19266,4266,6.379364236863694e-08,1.0,,,False,766.1653705418576
19267,4267,6.373803529413635e-08,1.0,,,False,766.3402061669622
19268,4268,6.368033922399263e-08,1.0,,,False,766.5199644588865
19269,4269,6.362368765167048e-08,1.0,,,False,766.6829599170014
19270,4270,6.356654580486065e-08,1.0,,,False,766.8559739589691
19271,4271,6.350852999048584e-08,1.0,,,False,767.012221041834
19272,4272,6.345027259158087e-08,1.0,,,False,767.1932429589797
19273,4273,6.339205071981269e-08,1.0,,,False,767.3590981669258
19274,4274,6.333306146188988e-08,1.0,,,False,767.54649504181
19275,4275,6.327407220396708e-08,1.0,,,False,767.744364624843
19276,4276,6.321420897847929e-08,1.0,,,False,767.9339913749136
19277,4277,6.315445233440187e-08,1.0,,,False,768.1102100838907
19278,4278,6.309441147323014e-08,1.0,,,False,768.2981050419621
19279,4279,6.303432797949426e-08,1.0,,,False,768.4829839998856
19280,4280,6.297401000665559e-08,1.0,,,False,768.6597832089756
19281,4281,6.291321597018396e-08,1.0,,,False,768.8370033749379
19282,4282,6.285272036166134e-08,1.0,,,False,769.0037274588831
19283,4283,6.279123709873602e-08,1.0,,,False,769.1831347499974
19284,4284,6.272973251952862e-08,1.0,,,False,769.3591658337973
19285,4285,6.266899532647585e-08,1.0,,,False,769.551063583931
19286,4286,6.260844287453438e-08,1.0,,,False,769.733634833945
19287,4287,6.254821016682399e-08,1.0,,,False,769.9203805839643
19288,4288,6.248779271800231e-08,1.0,,,False,770.1109326668084
19289,4289,6.242618866281191e-08,1.0,,,False,770.2789768339135
19290,4290,6.236550120775064e-08,1.0,,,False,770.4529815418646
19291,4291,6.230443716503942e-08,1.0,,,False,770.6211384588387
19292,4292,6.22438918185253e-08,1.0,,,False,770.802811749978
19293,4293,6.218256487500184e-08,1.0,,,False,770.9878097088076
19294,4294,6.212158609741891e-08,1.0,,,False,771.1740819169208
19295,4295,6.206138181141796e-08,1.0,,,False,771.3853342088405
19296,4296,6.20006588292199e-08,1.0,,,False,771.578882874921
19297,4297,6.194004242843221e-08,1.0,,,False,771.7692192499526
19298,4298,6.187960366332845e-08,1.0,,,False,771.9516422089655
19299,4299,6.181873857258324e-08,1.0,,,False,772.1234416668303
19300,4300,6.175734057478621e-08,1.0,1.0,0.000510505629287756,False,772.4867851668969
19301,4301,6.169587862814296e-08,1.0,,,False,772.6743403337896
19302,4302,6.163449484120065e-08,1.0,,,False,772.8511243748944
19303,4303,6.157228682468485e-08,1.0,,,False,773.033746833913
19304,4304,6.150999354304076e-08,1.0,,,False,773.2091029169969
19305,4305,6.144747288772123e-08,1.0,,,False,773.3920600838028
19306,4306,6.138522934406865e-08,1.0,,,False,773.5770455419552
19307,4307,6.132291474614249e-08,1.0,,,False,773.7597192919347
19308,4308,6.126117568783229e-08,1.0,,,False,773.9388257919345
19309,4309,6.119989137687298e-08,1.0,,,False,774.1292791669257
19310,4310,6.113684491992899e-08,1.0,,,False,774.2950597919989
19311,4311,6.107512007247351e-08,1.0,,,False,774.487839584006
19312,4312,6.101136307279376e-08,1.0,,,False,774.6736261248589
19313,4313,6.094953874935527e-08,1.0,,,False,774.8627605838701
19314,4314,6.088659176839428e-08,1.0,,,False,775.038511083927
19315,4315,6.082341741375785e-08,1.0,,,False,775.2273062500171
19316,4316,6.075963909779603e-08,1.0,,,False,775.4049300418701
19317,4317,6.069640789974073e-08,1.0,,,False,775.5804340417963
19318,4318,6.06333685482241e-08,1.0,,,False,775.7643744999077
19319,4319,6.056987444935658e-08,1.0,,,False,775.9424265839625
19320,4320,6.050556322634293e-08,1.0,,,False,776.1230188747868
19321,4321,6.044137279559436e-08,1.0,,,False,776.312593834009
19322,4322,6.03772321028373e-08,1.0,,,False,776.4938501249999
19323,4323,6.031297772324251e-08,1.0,,,False,776.6619164589792
19324,4324,6.024830412343363e-08,1.0,,,False,776.8493830419611
19325,4325,6.018372999960775e-08,1.0,,,False,777.0326056669
19326,4326,6.01178768988575e-08,1.0,,,False,777.2231128748972
19327,4327,6.005141983678186e-08,1.0,,,False,777.3980057919398
19328,4328,5.998534646778353e-08,1.0,,,False,777.5835944588762
19329,4329,5.991947205075121e-08,1.0,,,False,777.7589247918222
19330,4330,5.985330631119723e-08,1.0,,,False,777.9418299999088
19331,4331,5.9787751638396e-08,1.0,,,False,778.1196639589034
19332,4332,5.97208185126874e-08,1.0,,,False,778.3051361248363
19333,4333,5.96538853869788e-08,1.0,,,False,778.4905736669898
19334,4334,5.958674975659051e-08,1.0,,,False,778.6708481668029
19335,4335,5.951968518047579e-08,1.0,,,False,778.8558052498847
19336,4336,5.9452435863249775e-08,1.0,,,False,779.0426811249927
19337,4337,5.938504443747661e-08,1.0,,,False,779.2195332499687
19338,4338,5.931730484576292e-08,1.0,,,False,779.4083349169232
19339,4339,5.92487658934715e-08,1.0,,,False,779.5865104999393
19340,4340,5.9180838007932834e-08,1.0,,,False,779.7656784998253
19341,4341,5.9112505113034786e-08,1.0,,,False,779.9400237498339
19342,4342,5.9044534594931974e-08,1.0,,,False,780.106983208796
19343,4343,5.89759885372132e-08,1.0,,,False,780.2877053748816
19344,4344,5.89072612910968e-08,1.0,,,False,780.4815830839798
19345,4345,5.883819653718092e-08,1.0,,,False,780.6540746248793
19346,4346,5.8768257815700053e-08,1.0,,,False,780.8415022918489
19347,4347,5.869831198879183e-08,1.0,,,False,781.0237805419602
19348,4348,5.862829155489635e-08,1.0,,,False,781.2050122499932
19349,4349,5.855744689142739e-08,1.0,,,False,781.3841821248643
19350,4350,5.848642103956081e-08,1.0,,,False,781.5750151248649
19351,4351,5.8414251213889656e-08,1.0,,,False,781.7551607917994
19352,4352,5.8341218078794554e-08,1.0,,,False,781.9492711247876
19353,4353,5.8267556113378305e-08,1.0,,,False,782.1390358339995
19354,4354,5.819387283167998e-08,1.0,,,False,782.3162329997867
19355,4355,5.8119969281733574e-08,1.0,,,False,782.4965297919698
19356,4356,5.804566072242778e-08,1.0,,,False,782.6799719589762
19357,4357,5.7971785594190806e-08,1.0,,,False,782.861537624849
19358,4358,5.789767243413735e-08,1.0,,,False,783.0379109999631
19359,4359,5.782273504451041e-08,1.0,,,False,783.2308472499717
19360,4360,5.7747751469605646e-08,1.0,,,False,783.4166136668064
19361,4361,5.767288513425228e-08,1.0,,,False,783.5997177918907
19362,4362,5.759642718317082e-08,1.0,,,False,783.7701863748953
19363,4363,5.751936171805028e-08,1.0,,,False,783.9525866250042
19364,4364,5.744193742884818e-08,1.0,,,False,784.1225639588665
19365,4365,5.736438524195364e-08,1.0,,,False,784.301782624796
19366,4366,5.7285326704459294e-08,1.0,,,False,784.4761149999686
19367,4367,5.720604789871686e-08,1.0,,,False,784.6535113339778
19368,4368,5.7125667751734e-08,1.0,,,False,784.8268369999714
19369,4369,5.704539773887518e-08,1.0,,,False,785.0030656668823
19370,4370,5.6964228889455626e-08,1.0,,,False,785.179782499792
19371,4371,5.6882750953946015e-08,1.0,,,False,785.3568726249505
19372,4372,5.680070103153412e-08,1.0,,,False,785.5356631670147
19373,4373,5.671840952459206e-08,1.0,,,False,785.7148409998044
19374,4374,5.66352476027987e-08,1.0,,,False,785.8954241669271
19375,4375,5.655236989809964e-08,1.0,,,False,786.0837978338823
19376,4376,5.6467207798505115e-08,1.0,,,False,786.2647287498694
19377,4377,5.638139555230737e-08,1.0,,,False,786.4563003338408
19378,4378,5.6294826578096036e-08,1.0,,,False,786.6312579999212
19379,4379,5.6206832965699505e-08,1.0,,,False,786.8283867498394
19380,4380,5.6119130675824636e-08,1.0,,,False,787.0186576668639
19381,4381,5.602969466167451e-08,1.0,,,False,787.203358041821
19382,4382,5.593932783654054e-08,1.0,,,False,787.3712598748971
19383,4383,5.5847952040721793e-08,1.0,,,False,787.5498951249756
19384,4384,5.575552108894044e-08,1.0,,,False,787.7333928749431
19385,4385,5.566192839978612e-08,1.0,,,False,787.9264582919423
19386,4386,5.556678672746784e-08,1.0,,,False,788.0975822918117
19387,4387,5.547030212937898e-08,1.0,,,False,788.272599666845
19388,4388,5.5373043039708136e-08,1.0,,,False,788.4507614588365
19389,4389,5.527392943349696e-08,1.0,,,False,788.6177567089908
19390,4390,5.517469858773438e-08,1.0,,,False,788.796426624991
19391,4391,5.507358835643572e-08,1.0,,,False,788.9637409998104
19392,4392,5.4970477947335894e-08,1.0,,,False,789.1361460417975
19393,4393,5.486640475282911e-08,1.0,,,False,789.318998333998
19394,4394,5.476093178913288e-08,1.0,,,False,789.5083298338577
19395,4395,5.465278007932284e-08,1.0,,,False,789.706806874834
19396,4396,5.4543498606562935e-08,1.0,,,False,789.8851975838188
19397,4397,5.443238748625845e-08,1.0,,,False,790.0600827499293
19398,4398,5.4319553299819745e-08,1.0,,,False,790.2450480838306
19399,4399,5.420524118449066e-08,1.0,,,False,790.42450524983
19400,4400,5.4088769019244864e-08,1.0,1.0,0.0004433431147591027,False,790.8171588748228
19401,4401,5.3970911295664337e-08,1.0,,,False,790.986701999791
19402,4402,5.3851529457915603e-08,1.0,,,False,791.1639981667977
19403,4403,5.372984546170301e-08,1.0,,,False,791.3516621668823
19404,4404,5.360583088531712e-08,1.0,,,False,791.5343287920114
19405,4405,5.3479343620210784e-08,1.0,,,False,791.7375331248622
19406,4406,5.335053643307219e-08,1.0,,,False,791.9104156249668
19407,4407,5.3218997209114605e-08,1.0,,,False,792.0895163340028
19408,4408,5.3084292517269205e-08,1.0,,,False,792.2610551249236
19409,4409,5.2947985551554666e-08,1.0,,,False,792.4443767918274
19410,4410,5.280834614040941e-08,1.0,,,False,792.6232247089501
19411,4411,5.2666557337488484e-08,1.0,,,False,792.8248576668557
19412,4412,5.252092805108077e-08,1.0,,,False,793.0029203749727
19413,4413,5.2372893577512514e-08,1.0,,,False,793.1827819589525
19414,4414,5.222169718877012e-08,1.0,,,False,793.3658114999998
19415,4415,5.2067438360836604e-08,1.0,,,False,793.5494202917907
19416,4416,5.190976537505776e-08,1.0,,,False,793.743422874948
19417,4417,5.1748560991882186e-08,1.0,,,False,793.9277807089966
19418,4418,5.1583800342314134e-08,1.0,,,False,794.1109294169582
19419,4419,5.141520631468666e-08,1.0,,,False,794.3027209169231
19420,4420,5.124285706870069e-08,1.0,,,False,794.4930177498609
19421,4421,5.10666389175185e-08,1.0,,,False,794.6750858749729
19422,4422,5.0886733049537725e-08,1.0,,,False,794.8424619168509
19423,4423,5.07028126150999e-08,1.0,,,False,795.0449488749728
19424,4424,5.0515076566171047e-08,1.0,,,False,795.2271279587876
19425,4425,5.0322622513476745e-08,1.0,,,False,795.434979334008
19426,4426,5.012596204778674e-08,1.0,,,False,795.6400722088292
19427,4427,4.992581281726416e-08,1.0,,,False,795.8300649588928
19428,4428,4.9721343486908154e-08,1.0,,,False,796.0271152087953
19429,4429,4.9512742350543704e-08,1.0,,,False,796.2116085838061
19430,4430,4.930042862838491e-08,1.0,,,False,796.4189813749399
19431,4431,4.908394046765352e-08,1.0,,,False,796.6099717498291
19432,4432,4.886313931251607e-08,1.0,,,False,796.7985046249814
19433,4433,4.86393076926106e-08,1.0,,,False,796.9853752499912
19434,4434,4.841196599159048e-08,1.0,,,False,797.1639709589072
19435,4435,4.818088328306658e-08,1.0,,,False,797.3413879999425
19436,4436,4.794669195007373e-08,1.0,,,False,797.5101679998916
19437,4437,4.770980055468499e-08,1.0,,,False,797.6718372087926
19438,4438,4.747019133333197e-08,1.0,,,False,797.8573723749723
19439,4439,4.7227835864305234e-08,1.0,,,False,798.0496311669704
19440,4440,4.698287980886562e-08,1.0,,,False,798.2452594588976
19441,4441,4.673657372222806e-08,1.0,,,False,798.4349744589999
19442,4442,4.648844864618695e-08,1.0,,,False,798.6313231249806
19443,4443,4.6239350126597856e-08,1.0,,,False,798.8240718338639
19444,4444,4.5989608565832896e-08,1.0,,,False,799.024989791913
19445,4445,4.5739458442994874e-08,1.0,,,False,799.2016967087984
19446,4446,4.548945398141768e-08,1.0,,,False,799.4016127919313
19447,4447,4.524024532770454e-08,1.0,,,False,799.5976525838487
19448,4448,4.4991359970936173e-08,1.0,,,False,799.7983804999385
19449,4449,4.474419768030202e-08,1.0,,,False,799.9846804998815
19450,4450,4.449820067975452e-08,1.0,,,False,800.1596422919538
19451,4451,4.425466570978642e-08,1.0,,,False,800.3472002497874
19452,4452,4.401217879035357e-08,1.0,,,False,800.5417652497999
19453,4453,4.377233153718407e-08,1.0,,,False,800.7239851669874
19454,4454,4.35349427618803e-08,1.0,,,False,800.928976124851
19455,4455,4.330058800405823e-08,1.0,,,False,801.1198491249233
19456,4456,4.3069338317991424e-08,1.0,,,False,801.3129499589559
19457,4457,4.284065724391439e-08,1.0,,,False,801.5087289169896
19458,4458,4.2615436512960514e-08,1.0,,,False,801.6983151249588
19459,4459,4.2393832444531654e-08,1.0,,,False,801.8749622500036
19460,4460,4.217573490450377e-08,1.0,,,False,802.0497562498786
19461,4461,4.1961516927813136e-08,1.0,,,False,802.249058333924
19462,4462,4.1751317070293226e-08,1.0,,,False,802.4315799588803
19463,4463,4.154572152970104e-08,1.0,,,False,802.6048772498034
19464,4464,4.134393805088621e-08,1.0,,,False,802.7704921669792
19465,4465,4.114667007115713e-08,1.0,,,False,802.9526782089379
19466,4466,4.095469918752315e-08,1.0,,,False,803.1290522918571
19467,4467,4.076738946423575e-08,1.0,,,False,803.292179166805
19468,4468,4.0585273808346756e-08,1.0,,,False,803.4667661248241
19469,4469,4.040763812440673e-08,1.0,,,False,803.6620095418766
19470,4470,4.0236312059960255e-08,1.0,,,False,803.832375541795
19471,4471,4.006954057445e-08,1.0,,,False,804.0061347919982
19472,4472,3.9908702120783346e-08,1.0,,,False,804.1810792088509
19473,4473,3.975416618118288e-08,1.0,,,False,804.3604682087898
19474,4474,3.9605325241609535e-08,1.0,,,False,804.5582313749474
19475,4475,3.946230719975574e-08,1.0,,,False,804.7360561669338
19476,4476,3.932636616355012e-08,1.0,,,False,804.9268144168891
19477,4477,3.919636171190177e-08,1.0,,,False,805.1169756669551
19478,4478,3.9072013180430076e-08,1.0,,,False,805.2961327498779
19479,4479,3.895365452422084e-08,1.0,,,False,805.4698001670185
19480,4480,3.884035493229021e-08,1.0,,,False,805.6494214588311
19481,4481,3.873342890869935e-08,1.0,,,False,805.8257224168628
19482,4482,3.863148378968617e-08,1.0,,,False,806.012607584009
19483,4483,3.853487839933223e-08,1.0,,,False,806.1975409588777
19484,4484,3.844279206077772e-08,1.0,,,False,806.383121416904
19485,4485,3.83554663585528e-08,1.0,,,False,806.5602014588658
19486,4486,3.8271373625775595e-08,1.0,,,False,806.7419200418517
19487,4487,3.819038951746734e-08,1.0,,,False,806.9317804169841
19488,4488,3.81130220716841e-08,1.0,,,False,807.1236780839972
19489,4489,3.8038038496779336e-08,1.0,,,False,807.3107259999961
19490,4490,3.796584735482611e-08,1.0,,,False,807.4995450419374
19491,4491,3.7895578230973115e-08,1.0,,,False,807.6768034589477
19492,4492,3.782711743838263e-08,1.0,,,False,807.8802093339618
19493,4493,3.7759662063763244e-08,1.0,,,False,808.0574155419599
19494,4494,3.769347856064087e-08,1.0,,,False,808.2242424997967
19495,4495,3.762763611803166e-08,1.0,,,False,808.4120925839525
19496,4496,3.7562017496384215e-08,1.0,,,False,808.5949592499528
19497,4497,3.7496267424330654e-08,1.0,,,False,808.7643976248801
19498,4498,3.742957233043853e-08,1.0,,,False,808.9496254588012
19499,4499,3.7361651550327224e-08,1.0,,,False,809.1383924589027
19500,4500,3.729283548636886e-08,1.0,1.0,0.0004630588984433214,False,809.5128932499792
19501,4501,3.722326624711059e-08,1.0,,,False,809.6867800839245
19502,4502,3.715188157116245e-08,1.0,,,False,809.8748055419419
19503,4503,3.7079150416730045e-08,1.0,,,False,810.0589599169325
19504,4504,3.7004713959731816e-08,1.0,,,False,810.2511163749732
19505,4505,3.6928213376086205e-08,1.0,,,False,810.4416965839919
19506,4506,3.6850025253443164e-08,1.0,,,False,810.6258618338034
19507,4507,3.677004301039233e-08,1.0,,,False,810.7920943750069
19508,4508,3.6687747950736593e-08,1.0,,,False,810.9842094588093
19509,4509,3.660392877691265e-08,1.0,,,False,811.1579134589992
19510,4510,3.651814139971066e-08,1.0,,,False,811.3374509999994
19511,4511,3.643048884782729e-08,1.0,,,False,811.5135544999503
19512,4512,3.634166390042992e-08,1.0,,,False,811.6934668750037
19513,4513,3.6251520896257716e-08,1.0,,,False,811.8804846669082
19514,4514,3.615916455146362e-08,1.0,,,False,812.0664915419184
19515,4515,3.606577791970267e-08,1.0,,,False,812.2703478338663
19516,4516,3.597076059236315e-08,1.0,,,False,812.4598271248396
19517,4517,3.587400243532102e-08,1.0,,,False,812.6426591249183
19518,4518,3.5776121620756385e-08,1.0,,,False,812.8222286249511
19519,4519,3.5677611975870605e-08,1.0,,,False,812.9873394998722
19520,4520,3.557815730914626e-08,1.0,,,False,813.1933323338162
19521,4521,3.547762261746357e-08,1.0,,,False,813.3881552498788
19522,4522,3.537578052714707e-08,1.0,,,False,813.5779863749631
19523,4523,3.5273703957727776e-08,1.0,,,False,813.7579156667925
19524,4524,3.517014235399074e-08,1.0,,,False,813.9464526670054
19525,4525,3.506638535100137e-08,1.0,,,False,814.1400287088472
19526,4526,3.496248623946485e-08,1.0,,,False,814.3325698748231
19527,4527,3.4858043562735475e-08,1.0,,,False,814.5147132498678
19528,4528,3.475347654102734e-08,1.0,,,False,814.7113187499344
19529,4529,3.4648845570472986e-08,1.0,,,False,814.8909584169742
19530,4530,3.454341879205458e-08,1.0,,,False,815.075339833973
19531,4531,3.4438730978081367e-08,1.0,,,False,815.266251541907
19532,4532,3.433389750284732e-08,1.0,,,False,815.4531972918194
19533,4533,3.422938021913069e-08,1.0,,,False,815.6360589589458
19534,4534,3.412516136336308e-08,1.0,,,False,815.8151346249506
19535,4535,3.402107751071526e-08,1.0,,,False,816.0163413749542
19536,4536,3.391784630935035e-08,1.0,,,False,816.2018264587969
19537,4537,3.3814824718092495e-08,1.0,,,False,816.3888327088207
19538,4538,3.371192391909972e-08,1.0,,,False,816.5802547088824
19539,4539,3.360944589303472e-08,1.0,,,False,816.7691827497911
19540,4540,3.35077920965432e-08,1.0,,,False,816.9492618748918
19541,4541,3.340657883654785e-08,1.0,,,False,817.1330489998218
19542,4542,3.330594466888215e-08,1.0,,,False,817.3226309588645
19543,4543,3.32063905261748e-08,1.0,,,False,817.5034066669177
19544,4544,3.310704954628818e-08,1.0,,,False,817.7053497089073
19545,4545,3.3007459876444045e-08,1.0,,,False,817.9027760419995
19546,4546,3.2909067471109665e-08,1.0,,,False,818.0885048338678
19547,4547,3.281093441387384e-08,1.0,,,False,818.2848159167916
19548,4548,3.271327386755729e-08,1.0,,,False,818.4820736669935
19549,4549,3.2616291889553395e-08,1.0,,,False,818.6677888748236
19550,4550,3.251998847986215e-08,1.0,,,False,818.8534607088659
19551,4551,3.24230491344224e-08,1.0,,,False,819.0530643749516
19552,4552,3.232720402479572e-08,1.0,,,False,819.2414977499284
19553,4553,3.2231788793524174e-08,1.0,,,False,819.4364165838342
19554,4554,3.2136686201056364e-08,1.0,,,False,819.6237127089407
19555,4555,3.20422799404696e-08,1.0,,,False,819.8156096669845
19556,4556,3.1948903966849684e-08,1.0,,,False,820.0158975420054
19557,4557,3.185584773746086e-08,1.0,,,False,820.2097244169563
19558,4558,3.176355889422666e-08,1.0,,,False,820.40879183379
19559,4559,3.1671909539454646e-08,1.0,,,False,820.6186771669891
19560,4560,3.158055861263165e-08,1.0,,,False,820.8085210418794
19561,4561,3.149024507820286e-08,1.0,,,False,820.9931276668794
19562,4562,3.140011628488537e-08,1.0,,,False,821.1877690840047
19563,4563,3.131067316530789e-08,1.0,,,False,821.3834469998255
19564,4564,3.122221059470576e-08,1.0,,,False,821.5693663340062
19565,4565,3.1134543831967676e-08,1.0,,,False,821.7435473338701
19566,4566,3.104742063442245e-08,1.0,,,False,821.929455208825
19567,4567,3.096140588354501e-08,1.0,,,False,822.1191995840054
19568,4568,3.087530942025296e-08,1.0,,,False,822.3041309169494
19569,4569,3.079039956332963e-08,1.0,,,False,822.4807164168451
19570,4570,3.070618603828734e-08,1.0,,,False,822.6750105000101
19571,4571,3.062273279397232e-08,1.0,,,False,822.858482416952
19572,4572,3.053983022027751e-08,1.0,,,False,823.0537564998958
19573,4573,3.0457712796305714e-08,1.0,,,False,823.2312755419407
19574,4574,3.037662210658709e-08,1.0,,,False,823.4254382918589
19575,4575,3.0295900899091066e-08,1.0,,,False,823.6120169998612
19576,4576,3.021568062422375e-08,1.0,,,False,823.9573391668964
19577,4577,3.013600036183561e-08,1.0,,,False,824.149045583792
19578,4578,3.0057332622845934e-08,1.0,,,False,824.3237562498543
19579,4579,2.9978895810245376e-08,1.0,,,False,824.518583083991
19580,4580,2.9901361386919234e-08,1.0,,,False,824.6926357499324
19581,4581,2.982469382573072e-08,1.0,,,False,824.8799034589902
19582,4582,2.9748738583634804e-08,1.0,,,False,825.0669004169758
19583,4583,2.967366441453123e-08,1.0,,,False,825.254077458987
19584,4584,2.9599787509937414e-08,1.0,,,False,825.4458257919177
19585,4585,2.9526264100354638e-08,1.0,,,False,825.6367151669692
19586,4586,2.9453284255964718e-08,1.0,,,False,825.8190548338462
19587,4587,2.9380853305838173e-08,1.0,,,False,825.9999499998521
19588,4588,2.930947928803107e-08,1.0,,,False,826.1816267499235
19589,4589,2.923899167228683e-08,1.0,,,False,826.3607997088693
19590,4590,2.9169161308573166e-08,1.0,,,False,826.5379303339869
19591,4591,2.910025820312967e-08,1.0,,,False,826.7177188748028
19592,4592,2.9031975046223124e-08,1.0,,,False,826.8977497499436
19593,4593,2.8964773690631773e-08,1.0,,,False,827.070772334002
19594,4594,2.889819938900473e-08,1.0,,,False,827.2504187088925
19595,4595,2.883257010921625e-08,1.0,,,False,827.4542654999532
19596,4596,2.876770643922555e-08,1.0,,,False,827.6344427498989
19597,4597,2.870390147791113e-08,1.0,,,False,827.811944541987
19598,4598,2.864120141055082e-08,1.0,,,False,827.987253041938
19599,4599,2.857874115136383e-08,1.0,,,False,828.1588241248392
19600,4600,2.851718683416493e-08,1.0,1.0,0.00039310299815426437,False,828.490925416816
19601,4601,2.845624003100511e-08,1.0,,,False,828.6548780419398
19602,4602,2.8395822582183428e-08,1.0,,,False,828.8041884999257
19603,4603,2.833625600828782e-08,1.0,,,False,828.9600645420142
19604,4604,2.8277057140257966e-08,1.0,,,False,829.1300992919132
19605,4605,2.8219028891385278e-08,1.0,,,False,829.3046855838038
19606,4606,2.816141808636985e-08,1.0,,,False,829.471998333931
19607,4607,2.8104560456654326e-08,1.0,,,False,829.6304964998271
19608,4608,2.804892140773063e-08,1.0,,,False,829.7936176247895
19609,4609,2.799365539374321e-08,1.0,,,False,829.9569046248216
19610,4610,2.7938996893794865e-08,1.0,,,False,830.1413919997867
19611,4611,2.788504716022544e-08,1.0,,,False,830.306477624923
19612,4612,2.7831900339947424e-08,1.0,,,False,830.472715749871
19613,4613,2.777909813289625e-08,1.0,,,False,830.6243167920038
19614,4614,2.772753759927582e-08,1.0,,,False,830.7750919167884
19615,4615,2.7676611225047054e-08,1.0,,,False,830.9303331249394
19616,4616,2.7626137821812335e-08,1.0,,,False,831.0774343339726
19617,4617,2.7576270156259852e-08,1.0,,,False,831.2228982918896
19618,4618,2.7527068624522144e-08,1.0,,,False,831.3714040839113
19619,4619,2.747833249827636e-08,1.0,,,False,831.5321332088206
19620,4620,2.7430212767853845e-08,1.0,,,False,831.6815919589717
19621,4621,2.7382908385220617e-08,1.0,,,False,831.837617166806
19622,4622,2.7335943286743714e-08,1.0,,,False,831.9845972917974
19623,4623,2.7289518200745988e-08,1.0,,,False,832.1443839999847
19624,4624,2.7243471478755055e-08,1.0,,,False,832.3160876249894
19625,4625,2.7198217011914494e-08,1.0,,,False,832.474609458819
19626,4626,2.7153371107146995e-08,1.0,,,False,832.64048808394
19627,4627,2.7109299693961475e-08,1.0,,,False,832.8156908338424
19628,4628,2.7065638619205856e-08,1.0,,,False,832.9880395419896
19629,4629,2.7022419857303248e-08,1.0,,,False,833.1726454999298
19630,4630,2.6979694922601993e-08,1.0,,,False,833.3337461249903
19631,4631,2.6937740926769038e-08,1.0,,,False,833.4847390837967
19632,4632,2.689617772944075e-08,1.0,,,False,833.6289466249291
19633,4633,2.685524691514729e-08,1.0,,,False,833.76929341699
19634,4634,2.6814928943963423e-08,1.0,,,False,833.9080822919495
19635,4635,2.677509769455355e-08,1.0,,,False,834.0627638339065
19636,4636,2.6735904157249024e-08,1.0,,,False,834.2103985419963
19637,4637,2.6697300370415178e-08,1.0,,,False,834.3537792498246
19638,4638,2.6659105145654394e-08,1.0,,,False,834.5027109168004
19639,4639,2.6621432169804393e-08,1.0,,,False,834.6472621669527
19640,4640,2.658427078472414e-08,1.0,,,False,834.7973689169157
19641,4641,2.6547789744313377e-08,1.0,,,False,834.9653394999914
19642,4642,2.6511479234159196e-08,1.0,,,False,835.1220784590114
19643,4643,2.6475577286078078e-08,1.0,,,False,835.2711831668857
19644,4644,2.6440375222591683e-08,1.0,,,False,835.425136124948
19645,4645,2.6405771791360166e-08,1.0,,,False,835.5736828749068
19646,4646,2.637140106287461e-08,1.0,,,False,835.7256157498341
19647,4647,2.633773199534062e-08,1.0,,,False,835.8971918339375
19648,4648,2.630434892125777e-08,1.0,,,False,836.0439182089176
19649,4649,2.627123052434399e-08,1.0,,,False,836.2107998339925
19650,4650,2.6238909711651104e-08,1.0,,,False,836.3871118749958
19651,4651,2.620660843888345e-08,1.0,,,False,836.5378805838991
19652,4652,2.617499994528316e-08,1.0,,,False,836.6931073339656
19653,4653,2.6144384435156098e-08,1.0,,,False,836.845663791988
19654,4654,2.6114248541375673e-08,1.0,,,False,837.0104861250147
19655,4655,2.6084137516591e-08,1.0,,,False,837.1637462088838
19656,4656,2.6054765456251516e-08,1.0,,,False,837.3179017088842
19657,4657,2.602578952348722e-08,1.0,,,False,837.4674608749337
19658,4658,2.5997309194281115e-08,1.0,,,False,837.6179595838767
19659,4659,2.5969317363205846e-08,1.0,,,False,837.7742731249891
19660,4660,2.5941686132568975e-08,1.0,,,False,837.9327790839598
19661,4661,2.591424497211392e-08,1.0,,,False,838.1100406248588
19662,4662,2.5887297638860218e-08,1.0,,,False,838.2801328338683
19663,4663,2.5860915187081446e-08,1.0,,,False,838.4608492089901
19664,4664,2.583507630049553e-08,1.0,,,False,838.6382004169282
19665,4665,2.5810003023707395e-08,1.0,,,False,838.8139119169209
19666,4666,2.5785292123714498e-08,1.0,,,False,838.9894525418058
19667,4667,2.5761137223412334e-08,1.0,,,False,839.1493404589128
19668,4668,2.5737648456924944e-08,1.0,,,False,839.3001540838741
19669,4669,2.571447232924129e-08,1.0,,,False,839.4545437919442
19670,4670,2.569228563231718e-08,1.0,,,False,839.6146509998944
19671,4671,2.567071888393002e-08,1.0,,,False,839.7907308749855
19672,4672,2.5649551815831728e-08,1.0,,,False,839.9421364997979
19673,4673,2.562913792303334e-08,1.0,,,False,840.0966246668249
19674,4674,2.5608898113205214e-08,1.0,,,False,840.2390422089957
19675,4675,2.5589029561956522e-08,1.0,,,False,840.382176874904
19676,4676,2.557016998139261e-08,1.0,,,False,840.5282805839088
19677,4677,2.5551791793532175e-08,1.0,,,False,840.6760849589482
19678,4678,2.5534086844913872e-08,1.0,,,False,840.8216447089799
19679,4679,2.5517058688251382e-08,1.0,,,False,840.9661389167886
19680,4680,2.5500590083993302e-08,1.0,,,False,841.1078122498002
19681,4681,2.548505051436223e-08,1.0,,,False,841.2397294167895
19682,4682,2.5470304976238367e-08,1.0,,,False,841.3762503338512
19683,4683,2.5455848984279328e-08,1.0,,,False,841.5368024997879
19684,4684,2.5442147943977034e-08,1.0,,,False,841.6796879998874
19685,4685,2.5428784411474226e-08,1.0,,,False,841.820496374974
19686,4686,2.541615451434609e-08,1.0,,,False,841.9676022918429
19687,4687,2.5404135683970708e-08,1.0,,,False,842.1120906248689
19688,4688,2.539281673819005e-08,1.0,,,False,842.268490874907
19689,4689,2.538191523626665e-08,1.0,,,False,842.4160491249058
19690,4690,2.537145604719626e-08,1.0,,,False,842.5580054169986
19691,4691,2.536171805900267e-08,1.0,,,False,842.714098833967
19692,4692,2.5352351329388512e-08,1.0,,,False,842.8713027918711
19693,4693,2.5343801723920478e-08,1.0,,,False,843.0394788337871
19694,4694,2.53353853452154e-08,1.0,,,False,843.199550958816
19695,4695,2.5327970831767743e-08,1.0,,,False,843.3410413339734
19696,4696,2.5320820995489157e-08,1.0,,,False,843.4906301249284
19697,4697,2.5314161433698246e-08,1.0,,,False,843.6593639168423
19698,4698,2.530790332855304e-08,1.0,,,False,843.8298567919992
19699,4699,2.530208931261768e-08,1.0,,,False,844.0247746249661
19700,4700,2.5296243322259215e-08,1.0,1.0,0.00034962218608489685,False,844.3934353338555
19701,4701,2.52907828013349e-08,1.0,,,False,844.5566154588014
19702,4702,2.5285844529321366e-08,1.0,,,False,844.7283399999142
19703,4703,2.5281197579829495e-08,1.0,,,False,844.8955601667985
19704,4704,2.527685971642768e-08,1.0,,,False,845.0735122088809
19705,4705,2.5272434811540734e-08,1.0,,,False,845.2324537090026
19706,4706,2.526842024508369e-08,1.0,,,False,845.4152665839065
19707,4707,2.5264609959663176e-08,1.0,,,False,845.6157030418981
19708,4708,2.5260909808366705e-08,1.0,,,False,845.8296500837896
19709,4709,2.525757913929283e-08,1.0,,,False,846.0276352087967
19710,4710,2.525425912835999e-08,1.0,,,False,846.2056973339058
19711,4711,2.5251432944628505e-08,1.0,,,False,846.37476099981
19712,4712,2.5248800383792513e-08,1.0,,,False,846.5394013340119
19713,4713,2.5246521317967563e-08,1.0,,,False,846.7088031668682
19714,4714,2.5244229817644737e-08,1.0,,,False,846.8940050418023
19715,4715,2.5242075096798544e-08,1.0,,,False,847.0802000418771
19716,4716,2.524007314264054e-08,1.0,,,False,847.259615042014
19717,4717,2.5238659162596377e-08,1.0,,,False,847.4169779168442
19718,4718,2.5237294920543718e-08,1.0,,,False,847.5824339590035
19719,4719,2.5236261080863187e-08,1.0,,,False,847.7588162089232
19720,4720,2.5235340928020378e-08,1.0,,,False,847.9180003749207
19721,4721,2.5234630385284618e-08,1.0,,,False,848.1143497498706
19722,4722,2.523394115883093e-08,1.0,,,False,848.3011172087863
19723,4723,2.523349529326424e-08,1.0,,,False,848.460701291915
19724,4724,2.5233298117655067e-08,1.0,,,False,848.6420093339402
19725,4725,2.5233221734310973e-08,1.0,,,False,848.8230938748457
19726,4726,2.5233489964193723e-08,1.0,,,False,848.9811154589988
19727,4727,2.5234127676299067e-08,1.0,,,False,849.1338701248169
19728,4728,2.5234603739932027e-08,1.0,,,False,849.2917725418229
19729,4729,2.523512243612913e-08,1.0,,,False,849.4539398339111
19730,4730,2.523581166258282e-08,1.0,,,False,849.6224204169121
19731,4731,2.5236834844122313e-08,1.0,,,False,849.7905449999962
19732,4732,2.5237842038450253e-08,1.0,,,False,849.947368041845
19733,4733,2.52388314692098e-08,1.0,,,False,850.1121664168313
19734,4734,2.5239991430225928e-08,1.0,,,False,850.3047807919793
19735,4735,2.524111408774843e-08,1.0,,,False,850.4734242919367
19736,4736,2.524252984414943e-08,1.0,,,False,850.6286657918245
19737,4737,2.524410369630914e-08,1.0,,,False,850.7770279999822
19738,4738,2.5245721957389833e-08,1.0,,,False,850.9311284997966
19739,4739,2.5247670620842655e-08,1.0,,,False,851.0888312498573
19740,4740,2.5249503821100916e-08,1.0,,,False,851.2514813339803
19741,4741,2.5251869928410997e-08,1.0,,,False,851.406269375002
19742,4742,2.5253884317066877e-08,1.0,,,False,851.5581708338577
19743,4743,2.5255969759996333e-08,1.0,,,False,851.7134789999109
19744,4744,2.5258451330500975e-08,1.0,,,False,851.8678572918288
19745,4745,2.5260764147105874e-08,1.0,,,False,852.0132177919149
19746,4746,2.5263133807129634e-08,1.0,,,False,852.1632434588391
19747,4747,2.5265668668339458e-08,1.0,,,False,852.3070482918993
19748,4748,2.5268027670222182e-08,1.0,,,False,852.4468488749117
19749,4749,2.5270512793440503e-08,1.0,,,False,852.5913888339419
19750,4750,2.5272987258517787e-08,1.0,,,False,852.7424790838268
19751,4751,2.5275621595710618e-08,1.0,,,False,852.8997580418363
19752,4752,2.527801434837329e-08,1.0,,,False,853.0504132090136
19753,4753,2.5280566973151508e-08,1.0,,,False,853.1983224169817
19754,4754,2.5283531712716467e-08,1.0,,,False,853.3413372919895
19755,4755,2.528591913630862e-08,1.0,,,False,853.4904396249913
19756,4756,2.5288654725841297e-08,1.0,,,False,853.6336726669688
19757,4757,2.5291200245192158e-08,1.0,,,False,853.788188583916
19758,4758,2.5294028205280483e-08,1.0,,,False,853.9284882089123
19759,4759,2.5296726491319532e-08,1.0,,,False,854.0667557090055
19760,4760,2.5299302208736663e-08,1.0,,,False,854.2134577089455
19761,4761,2.5301851280801202e-08,1.0,,,False,854.3586001668591
19762,4762,2.5304693451744242e-08,1.0,,,False,854.4978758338839
19763,4763,2.5307501871907334e-08,1.0,,,False,854.6440413747914
19764,4764,2.5310164630809595e-08,1.0,,,False,854.7888881249819
19765,4765,2.5313186213793415e-08,1.0,,,False,854.9415526248049
19766,4766,2.5316058582802725e-08,1.0,,,False,855.0879724589176
19767,4767,2.5319316421246185e-08,1.0,,,False,855.2229848338757
19768,4768,2.5322394847648866e-08,1.0,,,False,855.3645453338977
19769,4769,2.532546439226735e-08,1.0,,,False,855.5116076248232
19770,4770,2.532839538105236e-08,1.0,,,False,855.6545723748859
19771,4771,2.5331436503961413e-08,1.0,,,False,855.8002820839174
19772,4772,2.5334452757874715e-08,1.0,,,False,855.938723416999
19773,4773,2.5337630660260402e-08,1.0,,,False,856.0845580419991
19774,4774,2.5340753495584067e-08,1.0,,,False,856.2257683749776
19775,4775,2.5343434018054722e-08,1.0,,,False,856.3628911669366
19776,4776,2.534652487895528e-08,1.0,,,False,856.5028038339224
19777,4777,2.5349320864620495e-08,1.0,,,False,856.6489708339795
19778,4778,2.535229803868333e-08,1.0,,,False,856.7919452500064
19779,4779,2.5355086918921188e-08,1.0,,,False,856.9319847919978
19780,4780,2.5357730137898216e-08,1.0,,,False,857.0744485419709
19781,4781,2.536020993204602e-08,1.0,,,False,857.2165738749318
19782,4782,2.5362526301364596e-08,1.0,,,False,857.3608963338193
19783,4783,2.5364718325704416e-08,1.0,,,False,857.5230392499361
19784,4784,2.5366942324467345e-08,1.0,,,False,857.675095167011
19785,4785,2.53693297480595e-08,1.0,,,False,857.822646250017
19786,4786,2.537196408525233e-08,1.0,,,False,857.9591084588319
19787,4787,2.5374619738727233e-08,1.0,,,False,858.1163726248778
19788,4788,2.5376959200684723e-08,1.0,,,False,858.2810466249939
19789,4789,2.5379407020409417e-08,1.0,,,False,858.4322150838561
19790,4790,2.5382087542880072e-08,1.0,,,False,858.5790198748
19791,4791,2.5384473190115386e-08,1.0,,,False,858.7489077919163
19792,4792,2.5387018709466247e-08,1.0,,,False,858.904191999929
19793,4793,2.538931731521643e-08,1.0,,,False,859.0662109169643
19794,4794,2.5391711844235942e-08,1.0,,,False,859.2223831668962
19795,4795,2.5393859459654777e-08,1.0,,,False,859.3753404167946
19796,4796,2.539645649335398e-08,1.0,,,False,859.5295066249091
19797,4797,2.5398952274713338e-08,1.0,,,False,859.6742204169277
19798,4798,2.540148891228e-08,1.0,,,False,859.8172319168225
19799,4799,2.5403702252901894e-08,1.0,,,False,859.9603427089751
19800,4800,2.5406416526152498e-08,1.0,1.0,0.00036182896501579044,False,860.2512532919645
19801,4801,2.5408859016806673e-08,1.0,,,False,860.4021800837945
19802,4802,2.541174382031386e-08,1.0,,,False,860.5484539999161
19803,4803,2.5414385262934047e-08,1.0,,,False,860.6998908747919
19804,4804,2.5417092430757293e-08,1.0,,,False,860.8399008337874
19805,4805,2.541971255709541e-08,1.0,,,False,860.9792360838037
19806,4806,2.542222965473684e-08,1.0,,,False,861.123854624806
19807,4807,2.5425112681887185e-08,1.0,,,False,861.2724714998621
19808,4808,2.5427750571793695e-08,1.0,,,False,861.4159714998677
19809,4809,2.5430406225268598e-08,1.0,,,False,861.5630508749746
19810,4810,2.543312582758972e-08,1.0,,,False,861.7004937918391
19811,4811,2.54356766760111e-08,1.0,,,False,861.856798666995
19812,4812,2.5438268380639784e-08,1.0,,,False,862.0026611669455
19813,4813,2.5440661133302456e-08,1.0,,,False,862.1451116669923
19814,4814,2.544330968135e-08,1.0,,,False,862.2985713339876
19815,4815,2.5445292095582772e-08,1.0,,,False,862.4459292918909
19816,4816,2.544763511025394e-08,1.0,,,False,862.5989633339923
19817,4817,2.5449551799283654e-08,1.0,,,False,862.7568784169853
19818,4818,2.545163724221311e-08,1.0,,,False,862.9067282089964
19819,4819,2.545397315145692e-08,1.0,,,False,863.0510096249636
19820,4820,2.5455555885400827e-08,1.0,,,False,863.18260499998
19821,4821,2.545738020387489e-08,1.0,,,False,863.336318083806
19822,4822,2.5459065966515482e-08,1.0,,,False,863.4911894588731
19823,4823,2.5460710872948766e-08,1.0,,,False,863.6319746249355
19824,4824,2.5462245645258008e-08,1.0,,,False,863.7679141669068
19825,4825,2.5463508634970822e-08,1.0,,,False,863.9143131249584
19826,4826,2.546478405918151e-08,1.0,,,False,864.0639932088088
19827,4827,2.5465839215144115e-08,1.0,,,False,864.2057652499061
19828,4828,2.546683397497418e-08,1.0,,,False,864.3452770838048
19829,4829,2.546810939918487e-08,1.0,,,False,864.4914910839871
19830,4830,2.5468972708608817e-08,1.0,,,False,864.6345412919763
19831,4831,2.5469891085094787e-08,1.0,,,False,864.7790899588726
19832,4832,2.547059274604635e-08,1.0,,,False,864.9213709169999
19833,4833,2.5471525333387035e-08,1.0,,,False,865.0762781668454
19834,4834,2.547237265559943e-08,1.0,,,False,865.2278570418712
19835,4835,2.547281141573876e-08,1.0,,,False,865.3740101249423
19836,4836,2.5473513076690324e-08,1.0,,,False,865.5218138338532
19837,4837,2.5473957165900174e-08,1.0,,,False,865.6634509169962
19838,4838,2.54744723093836e-08,1.0,,,False,865.8107183338143
19839,4839,2.5474726328411634e-08,1.0,,,False,865.9579204169568
19840,4840,2.54749501493734e-08,1.0,,,False,866.0990246669389
19841,4841,2.5474989229223866e-08,1.0,,,False,866.244665541919
19842,4842,2.5475143772268893e-08,1.0,,,False,866.3990622498095
19843,4843,2.547497857108283e-08,1.0,,,False,866.5380323338322
19844,4844,2.5474731657482153e-08,1.0,,,False,866.6819651669357
19845,4845,2.547447586209728e-08,1.0,,,False,866.8185882919934
19846,4846,2.547417210507774e-08,1.0,,,False,866.9703572918661
19847,4847,2.5473720910440534e-08,1.0,,,False,867.1160147918854
19848,4848,2.5473150699895086e-08,1.0,,,False,867.2544510418084
19849,4849,2.547284694287555e-08,1.0,,,False,867.3964002919383
19850,4850,2.5472079556720928e-08,1.0,,,False,867.5356039588805
19851,4851,2.547180422141082e-08,1.0,,,False,867.6816158748697
19852,4852,2.5471196707371746e-08,1.0,,,False,867.82684912486
19853,4853,2.5470486164635986e-08,1.0,,,False,867.9788314588368
19854,4854,2.546987687424007e-08,1.0,,,False,868.1271606669761
19855,4855,2.546934751990193e-08,1.0,,,False,868.2749336250126
19856,4856,2.5468617437240937e-08,1.0,,,False,868.4304032088257
19857,4857,2.546781097123585e-08,1.0,,,False,868.5759144588374
19858,4858,2.5467134179280038e-08,1.0,,,False,868.7311540418305
19859,4859,2.5466052377964843e-08,1.0,,,False,868.8879850418307
19860,4860,2.5465130448765194e-08,1.0,,,False,869.0538015419152
19861,4861,2.5464041542022642e-08,1.0,,,False,869.2160045418423
19862,4862,2.546292421357066e-08,1.0,,,False,869.3773819999769
19863,4863,2.5462167485557075e-08,1.0,,,False,869.5214904588647
19864,4864,2.5461186936581726e-08,1.0,,,False,869.6585036669858
19865,4865,2.545995592129202e-08,1.0,,,False,869.8118004167918
19866,4866,2.5458932739752527e-08,1.0,,,False,869.9596976249013
19867,4867,2.5457655539184998e-08,1.0,,,False,870.1029149999376
19868,4868,2.5456660779354934e-08,1.0,,,False,870.2500969998073
19869,4869,2.5455380026073726e-08,1.0,,,False,870.4089397918433
19870,4870,2.5454337304608998e-08,1.0,,,False,870.5693468339741
19871,4871,2.5453076091253024e-08,1.0,,,False,870.735676708864
19872,4872,2.545184685232016e-08,1.0,,,False,870.8948334997986
19873,4873,2.5450376028857136e-08,1.0,,,False,871.0538205839694
19874,4874,2.5449107710073804e-08,1.0,,,False,871.210187708959
19875,4875,2.5447922880061924e-08,1.0,,,False,871.3729740839917
19876,4876,2.5446563967079783e-08,1.0,,,False,871.5283219588455
19877,4877,2.544503452384106e-08,1.0,,,False,871.6754528339952
19878,4878,2.544346067168135e-08,1.0,,,False,871.8210497919936
19879,4879,2.5441815765248066e-08,1.0,,,False,871.9737941247877
19880,4880,2.544008914640017e-08,1.0,,,False,872.1280927499756
19881,4881,2.5438195550009368e-08,1.0,,,False,872.2882418748923
19882,4882,2.5436451167593077e-08,1.0,,,False,872.4589646249078
19883,4883,2.5434562900272795e-08,1.0,,,False,872.6253818338737
19884,4884,2.543264976395676e-08,1.0,,,False,872.794737958815
19885,4885,2.5430923145108864e-08,1.0,,,False,872.9545844998211
19886,4886,2.5428663619209146e-08,1.0,,,False,873.1326516668778
19887,4887,2.542672561389736e-08,1.0,,,False,873.3007788339164
19888,4888,2.5424581551192205e-08,1.0,,,False,873.4590602498502
19889,4889,2.5422215443882124e-08,1.0,,,False,873.6086079999804
19890,4890,2.541985999471308e-08,1.0,,,False,873.7588331669103
19891,4891,2.541763066687963e-08,1.0,,,False,873.9086814587936
19892,4892,2.541547239331976e-08,1.0,,,False,874.0730264168233
19893,4893,2.5413209314706364e-08,1.0,,,False,874.226094041951
19894,4894,2.5410809456616335e-08,1.0,,,False,874.374727374874
19895,4895,2.5408416703953662e-08,1.0,,,False,874.5243142088875
19896,4896,2.5405970660585808e-08,1.0,,,False,874.6735538339708
19897,4897,2.5403490866438005e-08,1.0,,,False,874.8302931250073
19898,4898,2.540107502113642e-08,1.0,,,False,874.9880511669908
19899,4899,2.539879417895463e-08,1.0,,,False,875.1495496667922
19900,4900,2.539645649335398e-08,1.0,1.0,0.0003634544372912114,False,875.4558612499386
19901,4901,2.5394109925969133e-08,1.0,,,False,875.5943135838024
19902,4902,2.5392118629952165e-08,1.0,,,False,875.7441087088082
19903,4903,2.5389935487396542e-08,1.0,,,False,875.8983465838246
19904,4904,2.5387494773099206e-08,1.0,,,False,876.0515728748869
19905,4905,2.538523524719949e-08,1.0,,,False,876.1820153750014
19906,4906,2.538280696740003e-08,1.0,,,False,876.3404520838521
19907,4907,2.5380339607750102e-08,1.0,,,False,876.4914740838576
19908,4908,2.5377918433378e-08,1.0,,,False,876.6374607498292
19909,4909,2.5375541667926882e-08,1.0,,,False,876.7909574590158
19910,4910,2.5373099177272707e-08,1.0,,,False,876.951645999914
19911,4911,2.5370583855988116e-08,1.0,,,False,877.0977402089629
19912,4912,2.53681982087528e-08,1.0,,,False,877.246041999897
19913,4913,2.5365412881228622e-08,1.0,,,False,877.4009092499036
19914,4914,2.5362863809164082e-08,1.0,,,False,877.5599626668263
19915,4915,2.5360424871223586e-08,1.0,,,False,877.6978105839808
19916,4916,2.535774257239609e-08,1.0,,,False,877.8740461668931
19917,4917,2.5355150867767406e-08,1.0,,,False,878.0370806248393
19918,4918,2.535247745072411e-08,1.0,,,False,878.2023189167958
19919,4919,2.5349949694941643e-08,1.0,,,False,878.3792792088352
19920,4920,2.534726384340047e-08,1.0,,,False,878.5555582919624
19921,4921,2.5344579768216136e-08,1.0,,,False,878.7175786248408
19922,4922,2.5341849507753977e-08,1.0,,,False,878.8715379589703
19923,4923,2.533906240387296e-08,1.0,,,False,879.0240403339267
19924,4924,2.5336087006166963e-08,1.0,,,False,879.167223499855
19925,4925,2.5333079634037858e-08,1.0,,,False,879.3132007089444
19926,4926,2.5330480823981816e-08,1.0,,,False,879.4695496249478
19927,4927,2.5327674180175563e-08,1.0,,,False,879.6296534168068
19928,4928,2.532537379806854e-08,1.0,,,False,879.7893260838464
19929,4929,2.5322899332991256e-08,1.0,,,False,879.9541409998201
19930,4930,2.5320328944644643e-08,1.0,,,False,880.1055845839437
19931,4931,2.531791309934306e-08,1.0,,,False,880.2742367088795
19932,4932,2.531536580363536e-08,1.0,,,False,880.4120671669953
19933,4933,2.531272791372885e-08,1.0,,,False,880.5598966667894
19934,4934,2.5310166407166435e-08,1.0,,,False,880.7059171670116
19935,4935,2.5307675954877595e-08,1.0,,,False,880.8611805839464
19936,4936,2.5304833783934555e-08,1.0,,,False,881.0036991669331
19937,4937,2.5302341555288876e-08,1.0,,,False,881.1501400838606
19938,4938,2.5299735639805476e-08,1.0,,,False,881.2987452920061
19939,4939,2.5297074657260055e-08,1.0,,,False,881.4555352500174
19940,4940,2.5294344396797896e-08,1.0,,,False,881.6025155419484
19941,4941,2.529154841113268e-08,1.0,,,False,881.7457662918605
19942,4942,2.5288686700264407e-08,1.0,,,False,881.891682749847
19943,4943,2.5285851634748724e-08,1.0,,,False,882.0390899169724
19944,4944,2.5282856697117495e-08,1.0,,,False,882.1772006249521
19945,4945,2.5279778270714814e-08,1.0,,,False,882.3215231669601
19946,4946,2.5276856163714e-08,1.0,,,False,882.4627687919419
19947,4947,2.5273903858646918e-08,1.0,,,False,882.6052765839268
19948,4948,2.5270916026443047e-08,1.0,,,False,882.753899624804
19949,4949,2.5267672398854302e-08,1.0,,,False,882.9090326668229
19950,4950,2.52644802856139e-08,1.0,,,False,883.0678076669574
19951,4951,2.5261506664264743e-08,1.0,,,False,883.2132757089566
19952,4952,2.5258133362626722e-08,1.0,,,False,883.359210583847
19953,4953,2.5255216584696427e-08,1.0,,,False,883.5219438339118
19954,4954,2.525198183889188e-08,1.0,,,False,883.6990387497935
19955,4955,2.524898512490381e-08,1.0,,,False,883.8700029999018
19956,4956,2.524599729269994e-08,1.0,,,False,884.0129259589594
19957,4957,2.5242657741841867e-08,1.0,,,False,884.1741527919658
19958,4958,2.5239554446443435e-08,1.0,,,False,884.3381621669978
19959,4959,2.5236476020040755e-08,1.0,,,False,884.5043900839519
19960,4960,2.5233370948285483e-08,1.0,,,False,884.6514001667965
19961,4961,2.5230038502854768e-08,1.0,,,False,884.80143424985
19962,4962,2.5226929878385818e-08,1.0,,,False,884.9589130838867
19963,4963,2.522369335622443e-08,1.0,,,False,885.1226564589888
19964,4964,2.522046571584724e-08,1.0,,,False,885.2941174998414
19965,4965,2.521732511695518e-08,1.0,,,False,885.4572645837907
19966,4966,2.5213935828105605e-08,1.0,,,False,885.624896833906
19967,4967,2.521045594505722e-08,1.0,,,False,885.766808958957
19968,4968,2.5207212317468475e-08,1.0,,,False,885.9166871670168
19969,4969,2.5203689801855944e-08,1.0,,,False,886.0679837088101
19970,4970,2.520055808474808e-08,1.0,,,False,886.2290938338265
19971,4971,2.5197287811806746e-08,1.0,,,False,886.3792162919417
19972,4972,2.5193818586899397e-08,1.0,,,False,886.543483458925
19973,4973,2.519037067827412e-08,1.0,,,False,886.6869629998691
19974,4974,2.5186920993292006e-08,1.0,,,False,886.8292935839854
19975,4975,2.518364894399383e-08,1.0,,,False,886.9827689589001
19976,4976,2.5180208140795912e-08,1.0,,,False,887.1225151249673
19977,4977,2.5176845497298928e-08,1.0,,,False,887.2597508339677
19978,4978,2.5173477524731425e-08,1.0,,,False,887.3981018338818
19979,4979,2.5170185935508016e-08,1.0,,,False,887.5538151669316
19980,4980,2.51664431516474e-08,1.0,,,False,887.703859541798
19981,4981,2.5163133798855597e-08,1.0,,,False,887.8607054587919
19982,4982,2.5159694772014518e-08,1.0,,,False,888.0247229998931
19983,4983,2.515616159826095e-08,1.0,,,False,888.1821770837996
19984,4984,2.5152838034614433e-08,1.0,,,False,888.335822166875
19985,4985,2.5149226701159932e-08,1.0,,,False,888.4854382919148
19986,4986,2.5145636683987505e-08,1.0,,,False,888.6345523339696
19987,4987,2.5141805082284918e-08,1.0,,,False,888.786446374841
19988,4988,2.513815999805047e-08,1.0,,,False,888.9372135419399
19989,4989,2.5134292869211095e-08,1.0,,,False,889.0794578338973
19990,4990,2.5130594494271463e-08,1.0,,,False,889.2397058748174
19991,4991,2.5127087965870487e-08,1.0,,,False,889.3872926668264
19992,4992,2.5123451763420235e-08,1.0,,,False,889.545221749926
19993,4993,2.5119918589666668e-08,1.0,,,False,889.6998740418348
19994,4994,2.5116188240303927e-08,1.0,,,False,889.8469227498863
19995,4995,2.511247565450958e-08,1.0,,,False,890.0036789998412
19996,4996,2.5108946033469692e-08,1.0,,,False,890.164043916855
19997,4997,2.5105389767077213e-08,1.0,,,False,890.3248667088337
19998,4998,2.5101627443291363e-08,1.0,,,False,890.4897294167895
19999,4999,2.5097895317571783e-08,1.0,,,False,890.6490435418673
20000,5000,2.5094063715869197e-08,1.0,1.0,0.0003669070544281708,False,890.9616347919218
