step,local_step,train_loss,train_accuracy,test_accuracy,test_loss64,joint_failure,elapsed_seconds
15000,0,3.5330143077771936e-07,1.0,1.0,0.00026222789839400206,False,0.21678379201330245
15001,1,3.4172288110312365e-07,1.0,,,False,0.43162929196842015
15002,2,3.435903863646672e-07,1.0,,,False,0.5689037500414997
15003,3,3.445241532062937e-07,1.0,,,False,0.7214380830992013
15004,4,3.470453009413177e-07,1.0,,,False,0.8720870420802385
15005,5,3.486015600628889e-07,1.0,,,False,1.0156620829366148
15006,6,3.493174176583125e-07,1.0,,,False,1.1682905000634491
15007,7,3.4959754202645854e-07,1.0,,,False,1.3123219169210643
15008,8,3.4950417671097966e-07,1.0,,,False,1.4582736669108272
15009,9,3.4962866379828483e-07,1.0,,,False,1.6070550000295043
15010,10,3.492240523428336e-07,1.0,,,False,1.7505729170516133
15011,11,3.483525574665691e-07,1.0,,,False,1.8899532079230994
15012,12,3.4794791758940846e-07,1.0,,,False,2.0346454170066863
15013,13,3.483525574665691e-07,1.0,,,False,2.1781798331066966
15014,14,3.486638036065415e-07,1.0,,,False,2.31571895792149
15015,15,3.484148010102217e-07,1.0,,,False,2.4633693750947714
15016,16,3.4723203157227545e-07,1.0,,,False,2.610329667106271
15017,17,3.467340263796359e-07,1.0,,,False,2.751920917071402
15018,18,3.4645390201148984e-07,1.0,,,False,2.886304167099297
15019,19,3.455201635915728e-07,1.0,,,False,3.0190553748980165
15020,20,3.4502215839893324e-07,1.0,,,False,3.151332125067711
15021,21,3.435592645928409e-07,1.0,,,False,3.288492541993037
15022,22,3.4250101066390926e-07,1.0,,,False,3.4299133750610054
15023,23,3.429990158565488e-07,1.0,,,False,3.5703178748954087
15024,24,3.430924095937371e-07,1.0,,,False,3.7064696250017732
15025,25,3.437771454173344e-07,1.0,,,False,3.837103124940768
15026,26,3.430301376283751e-07,1.0,,,False,3.970169167034328
15027,27,3.427811350320553e-07,1.0,,,False,4.116796375019476
15028,28,3.4169175933129736e-07,1.0,,,False,4.240964875090867
15029,29,3.4169175933129736e-07,1.0,,,False,4.378552708076313
15030,30,3.3945076438612887e-07,1.0,,,False,4.519461499992758
15031,31,3.3780111152736936e-07,1.0,,,False,4.654497333103791
15032,32,3.3630712437116017e-07,1.0,,,False,4.779565792065114
15033,33,3.3577799740669434e-07,1.0,,,False,4.9120855000801384
15034,34,3.3556011658220086e-07,1.0,,,False,5.055256125051528
15035,35,3.361514870903193e-07,1.0,,,False,5.190630542114377
15036,36,3.3577799740669434e-07,1.0,,,False,5.328450582921505
15037,37,3.360581217748404e-07,1.0,,,False,5.461246249964461
15038,38,3.34315103600602e-07,1.0,,,False,5.61778112500906
15039,39,3.353733575295337e-07,1.0,,,False,5.755924332886934
15040,40,3.3422173828512314e-07,1.0,,,False,5.9097841249313205
15041,41,3.3559123835402715e-07,1.0,,,False,6.054816457908601
15042,42,3.339104921451508e-07,1.0,,,False,6.2187329169828445
15043,43,3.328833599880454e-07,1.0,,,False,6.352846458088607
15044,44,3.3148270972560567e-07,1.0,,,False,6.497378957923502
15045,45,3.312648573228216e-07,1.0,,,False,6.635797291994095
15046,46,3.3008208788487536e-07,1.0,,,False,6.777968792011961
15047,47,3.2927283655226347e-07,1.0,,,False,6.919184332946315
15048,48,3.289927121841174e-07,1.0,,,False,7.074459207942709
15049,49,3.289304686404648e-07,1.0,,,False,7.210729874903336
15050,50,3.282457043951581e-07,1.0,,,False,7.343201792100444
15051,51,3.281523390796792e-07,1.0,,,False,7.4843952499795705
15052,52,3.2774769920251856e-07,1.0,,,False,7.635013208026066
15053,53,3.2712520692257385e-07,1.0,,,False,7.780874083051458
15054,54,3.267828105890658e-07,1.0,,,False,7.922650333028287
15055,55,3.2715632869440014e-07,1.0,,,False,8.067158207995817
15056,56,3.2703181318538554e-07,1.0,,,False,8.207401667023078
15057,57,3.256934348883078e-07,1.0,,,False,8.345549582969397
15058,58,3.250709426083631e-07,1.0,,,False,8.483711292035878
15059,59,3.2560006957282894e-07,1.0,,,False,8.625244207913056
15060,60,3.245418156438973e-07,1.0,,,False,8.764605832984671
15061,61,3.244795721002447e-07,1.0,,,False,8.89972524996847
15062,62,3.2379480785493797e-07,1.0,,,False,9.039900874951854
15063,63,3.2329680266229843e-07,1.0,,,False,9.182159916963428
15064,64,3.23359046205951e-07,1.0,,,False,9.316254375036806
15065,65,3.221763051897142e-07,1.0,,,False,9.454020000062883
15066,66,3.2149154094440746e-07,1.0,,,False,9.603008625097573
15067,67,3.219273025933944e-07,1.0,,,False,9.746823417022824
15068,68,3.204332870154758e-07,1.0,,,False,9.882218375103548
15069,69,3.212114165762614e-07,1.0,,,False,10.015085167018697
15070,70,3.207756833489839e-07,1.0,,,False,10.145303749945015
15071,71,3.196240356828639e-07,1.0,,,False,10.286587917013094
15072,72,3.1847241643845337e-07,1.0,,,False,10.427207832923159
15073,73,3.1946842682373244e-07,1.0,,,False,10.554943582974374
15074,74,3.176320433340152e-07,1.0,,,False,10.680319957900792
15075,75,3.1928166777106526e-07,1.0,,,False,10.814894499955699
15076,76,3.1788104593033495e-07,1.0,,,False,10.961680999957025
15077,77,3.1844129466662707e-07,1.0,,,False,11.105119250016287
15078,78,3.170717661760136e-07,1.0,,,False,11.24679229198955
15079,79,3.1638703035241633e-07,1.0,,,False,11.389229249907658
15080,80,3.145195250908728e-07,1.0,,,False,11.527409000089392
15081,81,3.1694727908870846e-07,1.0,,,False,11.664259792072698
15082,82,3.1532877642348467e-07,1.0,,,False,11.824754208093509
15083,83,3.1635590858059004e-07,1.0,,,False,11.962225958006456
15084,84,3.1545326351078984e-07,1.0,,,False,12.103326292010024
15085,85,3.1476852768719255e-07,1.0,,,False,12.242735707899556
15086,86,3.143327660382056e-07,1.0,,,False,12.381655792007223
15087,87,3.1324339033744764e-07,1.0,,,False,12.520191832911223
15088,88,3.127765069166344e-07,1.0,,,False,12.66753283306025
15089,89,3.133367556529265e-07,1.0,,,False,12.816237041959539
15090,90,3.1327451210927393e-07,1.0,,,False,12.94886895804666
15091,91,3.133989991965791e-07,1.0,,,False,13.086749749956653
15092,92,3.119050120403699e-07,1.0,,,False,13.221117249922827
15093,93,3.110646389359317e-07,1.0,,,False,13.357581624994054
15094,94,3.111580042514106e-07,1.0,,,False,13.503476958023384
15095,95,3.113758850759041e-07,1.0,,,False,13.649826999986544
15096,96,3.1050436177793017e-07,1.0,,,False,13.790239375084639
15097,97,3.111891260232369e-07,1.0,,,False,13.945705957943574
15098,98,3.1078451456778566e-07,1.0,,,False,14.089031874900684
15099,99,3.1084675811143825e-07,1.0,,,False,14.225502792047337
15100,100,3.104421182342776e-07,1.0,1.0,0.0001812942416174004,False,14.51294320798479
15101,101,3.0919710525267874e-07,1.0,,,False,14.658865249948576
15102,102,3.082011232891091e-07,1.0,,,False,14.796705042012036
15103,103,3.0848124765725515e-07,1.0,,,False,14.935243166983128
15104,104,3.0767199632464326e-07,1.0,,,False,15.073154916986823
15105,105,3.0773423986829584e-07,1.0,,,False,15.215752582997084
15106,106,3.0835673214824055e-07,1.0,,,False,15.354757041903213
15107,107,3.073607217629615e-07,1.0,,,False,15.496118417009711
15108,108,3.0698723207933654e-07,1.0,,,False,15.638307791901752
15109,109,3.0760972435928124e-07,1.0,,,False,15.772523958003148
15110,110,3.058044910630997e-07,1.0,,,False,15.914550499990582
15111,111,3.04683965168806e-07,1.0,,,False,16.04895900003612
15112,112,3.0527536409863387e-07,1.0,,,False,16.19850895809941
15113,113,3.0676935125484306e-07,1.0,,,False,16.33307991689071
15114,114,3.05835612834926e-07,1.0,,,False,16.47199233295396
15115,115,3.072362346756563e-07,1.0,,,False,16.6148628750816
15116,116,3.056799755540851e-07,1.0,,,False,16.75754120806232
15117,117,3.04683965168806e-07,1.0,,,False,16.884712792001665
15118,118,3.0387471383619413e-07,1.0,,,False,17.033067875076085
15119,119,3.040614728888613e-07,1.0,,,False,17.17938783299178
15120,120,3.0378134852071526e-07,1.0,,,False,17.316803167108446
15121,121,3.0222508939914405e-07,1.0,,,False,17.448652375023812
15122,122,3.0371910497706267e-07,1.0,,,False,17.577762041939422
15123,123,3.035012241525692e-07,1.0,,,False,17.706138957990333
15124,124,3.0365683301170066e-07,1.0,,,False,17.83541449997574
15125,125,3.0231845471462293e-07,1.0,,,False,17.98359787510708
15126,126,3.034078304153809e-07,1.0,,,False,18.126034833025187
15127,127,3.0241184845181124e-07,1.0,,,False,18.282515458064154
15128,128,3.0144695983835845e-07,1.0,,,False,18.416929125087336
15129,129,3.0129132255751756e-07,1.0,,,False,18.552967957919464
15130,130,3.0160259711919934e-07,1.0,,,False,18.694075291976333
15131,131,3.0126020078569127e-07,1.0,,,False,18.82101979199797
15132,132,3.0219396762731776e-07,1.0,,,False,18.979160374961793
15133,133,3.017270842065045e-07,1.0,,,False,19.122909292113036
15134,134,3.002019468567596e-07,1.0,,,False,19.254454666981474
15135,135,3.003264623657742e-07,1.0,,,False,19.39350104192272
15136,136,3.0203833034647687e-07,1.0,,,False,19.532626166939735
15137,137,3.0147808161018474e-07,1.0,,,False,19.682676333002746
15138,138,3.013535945228796e-07,1.0,,,False,19.823465374996886
15139,139,3.002641904004122e-07,1.0,,,False,19.96890883310698
15140,140,2.996416981204675e-07,1.0,,,False,20.1110532078892
15141,141,3.005443431902677e-07,1.0,,,False,20.260542083065957
15142,142,3.002330686285859e-07,1.0,,,False,20.40855749999173
15143,143,3.0066883027757285e-07,1.0,,,False,20.55920320795849
15144,144,3.002330686285859e-07,1.0,,,False,20.689873999916017
15145,145,3.0051319299673196e-07,1.0,,,False,20.815929082920775
15146,146,2.996105763486412e-07,1.0,,,False,20.946710499934852
15147,147,2.987079597005504e-07,1.0,,,False,21.088343292009085
15148,148,2.9827219805156346e-07,1.0,,,False,21.220640166895464
15149,149,2.9926820843684254e-07,1.0,,,False,21.35217333305627
15150,150,3.00575464962094e-07,1.0,,,False,21.48497929191217
15151,151,2.993926955241477e-07,1.0,,,False,21.614316999912262
15152,152,2.99486089261336e-07,1.0,,,False,21.749807249987498
15153,153,2.988324467878556e-07,1.0,,,False,21.880612124921754
15154,154,2.984278069106949e-07,1.0,,,False,22.020520457997918
15155,155,3.0073107382122544e-07,1.0,,,False,22.158907250035554
15156,156,2.993615737523214e-07,1.0,,,False,22.290410374989733
15157,157,2.995172110331623e-07,1.0,,,False,22.442440500017256
15158,158,2.9771194931527134e-07,1.0,,,False,22.58478487492539
15159,159,3.0076219559305173e-07,1.0,,,False,22.725728916935623
15160,160,2.9746294671895157e-07,1.0,,,False,22.867331000044942
15161,161,2.9926820843684254e-07,1.0,,,False,22.9938588750083
15162,162,2.972761876662844e-07,1.0,,,False,23.12994858296588
15163,163,2.9998406603226613e-07,1.0,,,False,23.260640500113368
15164,164,2.9768082754344505e-07,1.0,,,False,23.39812441705726
15165,165,2.997662136294821e-07,1.0,,,False,23.536631583003327
15166,166,2.996105763486412e-07,1.0,,,False,23.669174832990393
15167,167,2.9684042601729743e-07,1.0,,,False,23.824508541962132
15168,168,2.9852120064788323e-07,1.0,,,False,23.968907250091434
15169,169,2.99423817295974e-07,1.0,,,False,24.10020725009963
15170,170,2.9752519026260416e-07,1.0,,,False,24.23909324989654
15171,171,2.988635685596819e-07,1.0,,,False,24.381303749978542
15172,172,2.9845895710423065e-07,1.0,,,False,24.51919991709292
15173,173,2.988013250160293e-07,1.0,,,False,24.663357082987204
15174,174,2.9933045198049513e-07,1.0,,,False,24.808368416968733
15175,175,2.9836556336704234e-07,1.0,,,False,24.961226457962766
15176,176,2.979298301397648e-07,1.0,,,False,25.10274637490511
15177,177,2.9764970577161876e-07,1.0,,,False,25.24318420793861
15178,178,2.974318249471253e-07,1.0,,,False,25.389663083013147
15179,179,2.9917481469965423e-07,1.0,,,False,25.531203458085656
15180,180,2.978053146307502e-07,1.0,,,False,25.673740583006293
15181,181,2.9920593647148053e-07,1.0,,,False,25.82621575007215
15182,182,2.9833444159521605e-07,1.0,,,False,25.97060566698201
15183,183,2.9827219805156346e-07,1.0,,,False,26.10406979196705
15184,184,2.9749406849077786e-07,1.0,,,False,26.243150166934356
15185,185,2.9656030164915137e-07,1.0,,,False,26.391716832993552
15186,186,2.97400703175299e-07,1.0,,,False,26.537834333023056
15187,187,2.9749406849077786e-07,1.0,,,False,26.677301082992926
15188,188,2.9764970577161876e-07,1.0,,,False,26.81579133309424
15189,189,2.9830331982338976e-07,1.0,,,False,26.958411708008498
15190,190,2.97400703175299e-07,1.0,,,False,27.097875291947275
15191,191,2.974318249471253e-07,1.0,,,False,27.226943457964808
15192,192,2.9845895710423065e-07,1.0,,,False,27.35657324991189
15193,193,2.971828223508055e-07,1.0,,,False,27.49494166695513
15194,194,2.9764970577161876e-07,1.0,,,False,27.6369511669036
15195,195,2.9677818247364485e-07,1.0,,,False,27.767450917046517
15196,196,2.9696494152631203e-07,1.0,,,False,27.904172542039305
15197,197,2.962801772810053e-07,1.0,,,False,28.039299875032157
15198,198,2.9656030164915137e-07,1.0,,,False,28.18674416700378
15199,199,2.979609519115911e-07,1.0,,,False,28.342362917028368
15200,200,2.969960632981383e-07,1.0,1.0,0.00017341302284161516,False,28.61474879202433
15201,201,2.972450658944581e-07,1.0,,,False,28.76971129211597
15202,202,2.970894286136172e-07,1.0,,,False,28.91677449992858
15203,203,2.9593780936920666e-07,1.0,,,False,29.060366000048816
15204,204,2.9680930424547114e-07,1.0,,,False,29.201023666886613
15205,205,2.970894286136172e-07,1.0,,,False,29.326363750034943
15206,206,2.9680930424547114e-07,1.0,,,False,29.463387167081237
15207,207,2.9674706070181855e-07,1.0,,,False,29.599774916889146
15208,208,2.9671593892999226e-07,1.0,,,False,29.729357083095238
15209,209,2.9659142342097766e-07,1.0,,,False,29.892331749899313
15210,210,2.9612456842187385e-07,1.0,,,False,30.041675332933664
15211,211,2.9680930424547114e-07,1.0,,,False,30.176908625056967
15212,212,2.964358145618462e-07,1.0,,,False,30.324713417096063
15213,213,2.962801772810053e-07,1.0,,,False,30.46577399992384
15214,214,2.9593780936920666e-07,1.0,,,False,30.623242541914806
15215,215,2.966225736145134e-07,1.0,,,False,30.781555500114337
15216,216,2.956888067728869e-07,1.0,,,False,30.940808624960482
15217,217,2.946927963876078e-07,1.0,,,False,31.09590420802124
15218,218,2.954709259483934e-07,1.0,,,False,31.260844625066966
15219,219,2.950351927211159e-07,1.0,,,False,31.41990108299069
15220,220,2.9852120064788323e-07,1.0,,,False,31.572410417022184
15221,221,2.9593780936920666e-07,1.0,,,False,31.728980999905616
15222,222,2.9680930424547114e-07,1.0,,,False,31.878662167117
15223,223,2.9612456842187385e-07,1.0,,,False,32.03718737489544
15224,224,2.964669363336725e-07,1.0,,,False,32.19537641690113
15225,225,2.939457885986485e-07,1.0,,,False,32.349273124942556
15226,226,2.9463055284395523e-07,1.0,,,False,32.5162608330138
15227,227,2.940391823358368e-07,1.0,,,False,32.67282404191792
15228,228,2.9528416689572623e-07,1.0,,,False,32.837137333117425
15229,229,2.964669363336725e-07,1.0,,,False,32.996332332957536
15230,230,2.963112990528316e-07,1.0,,,False,33.140796582913026
15231,231,2.958133222819015e-07,1.0,,,False,33.27954358304851
15232,232,2.9537756063291454e-07,1.0,,,False,33.41906025004573
15233,233,2.9459943107212894e-07,1.0,,,False,33.55899641709402
15234,234,2.9618681196552643e-07,1.0,,,False,33.70648316689767
15235,235,2.948484336684487e-07,1.0,,,False,33.84729887498543
15236,236,2.946616746157815e-07,1.0,,,False,33.98526233294979
15237,237,2.9450606575665006e-07,1.0,,,False,34.13043487491086
15238,238,2.964358145618462e-07,1.0,,,False,34.290634291945025
15239,239,2.9444379379128804e-07,1.0,,,False,34.44083737488836
15240,240,2.941947911949683e-07,1.0,,,False,34.586508207954466
15241,241,2.950663144929422e-07,1.0,,,False,34.73231391701847
15242,242,2.947861901247961e-07,1.0,,,False,34.87707024998963
15243,243,2.938835450549959e-07,1.0,,,False,35.024513124953955
15244,244,2.9447491556311434e-07,1.0,,,False,35.17180454195477
15245,245,2.955020477202197e-07,1.0,,,False,35.31964320805855
15246,246,2.9456830930030264e-07,1.0,,,False,35.48098125006072
15247,247,2.948173118966224e-07,1.0,,,False,35.64101437502541
15248,248,2.943193067039829e-07,1.0,,,False,35.78803350008093
15249,249,2.9438155024763546e-07,1.0,,,False,35.925934582948685
15250,250,2.923272859334247e-07,1.0,,,False,36.067387457937
15251,251,2.942570631603303e-07,1.0,,,False,36.217477957950905
15252,252,2.94879555440275e-07,1.0,,,False,36.368328208103776
15253,253,2.939146668268222e-07,1.0,,,False,36.51517462497577
15254,254,2.9537756063291454e-07,1.0,,,False,36.65189562505111
15255,255,2.942570631603303e-07,1.0,,,False,36.79367012507282
15256,256,2.9282529112606426e-07,1.0,,,False,36.92981050000526
15257,257,2.950663144929422e-07,1.0,,,False,37.070566250011325
15258,258,2.932610527750512e-07,1.0,,,False,37.21304070809856
15259,259,2.9379017973951704e-07,1.0,,,False,37.364938999991864
15260,260,2.9294980663507886e-07,1.0,,,False,37.50617470801808
15261,261,2.9459943107212894e-07,1.0,,,False,37.65737154195085
15262,262,2.940703041076631e-07,1.0,,,False,37.79495779192075
15263,263,2.9279416935423797e-07,1.0,,,False,37.94163258303888
15264,264,2.931365372660366e-07,1.0,,,False,38.091194292064756
15265,265,2.932921745468775e-07,1.0,,,False,38.228943957947195
15266,266,2.9385242328316963e-07,1.0,,,False,38.369779916945845
15267,267,2.9444379379128804e-07,1.0,,,False,38.51174291688949
15268,268,2.9363454245867615e-07,1.0,,,False,38.64931933302432
15269,269,2.9357229891502357e-07,1.0,,,False,38.80740129202604
15270,270,2.923272859334247e-07,1.0,,,False,38.95468974998221
15271,271,2.9298092840690515e-07,1.0,,,False,39.101519000018016
15272,272,2.927008040387591e-07,1.0,,,False,39.25219504209235
15273,273,2.9382130151134334e-07,1.0,,,False,39.41708445805125
15274,274,2.9220279884611955e-07,1.0,,,False,39.56436516693793
15275,275,2.947239181594341e-07,1.0,,,False,39.72926312498748
15276,276,2.932610527750512e-07,1.0,,,False,39.875619041966274
15277,277,2.915180346008128e-07,1.0,,,False,40.013971416978166
15278,278,2.9279416935423797e-07,1.0,,,False,40.152851375052705
15279,279,2.926696822669328e-07,1.0,,,False,40.28597137494944
15280,280,2.925451667579182e-07,1.0,,,False,40.41461950005032
15281,281,2.9379017973951704e-07,1.0,,,False,40.55034349998459
15282,282,2.909577858645207e-07,1.0,,,False,40.694939916953444
15283,283,2.949729207557539e-07,1.0,,,False,40.83679220802151
15284,284,2.908644205490418e-07,1.0,,,False,40.97476554196328
15285,285,2.927008040387591e-07,1.0,,,False,41.1301930421032
15286,286,2.9304317195055773e-07,1.0,,,False,41.2707942079287
15287,287,2.916736718816537e-07,1.0,,,False,41.42930912505835
15288,288,2.9263853207339707e-07,1.0,,,False,41.570168416947126
15289,289,2.916736718816537e-07,1.0,,,False,41.70874295802787
15290,290,2.9319880923139863e-07,1.0,,,False,41.84531833301298
15291,291,2.918915527061472e-07,1.0,,,False,41.9847558750771
15292,292,2.917359154253063e-07,1.0,,,False,42.1208586669527
15293,293,2.9263853207339707e-07,1.0,,,False,42.26121179200709
15294,294,2.9133127554814564e-07,1.0,,,False,42.40560158295557
15295,295,2.932921745468775e-07,1.0,,,False,42.54777887510136
15296,296,2.933232963187038e-07,1.0,,,False,42.70217425003648
15297,297,2.926696822669328e-07,1.0,,,False,42.8478207080625
15298,298,2.918915527061472e-07,1.0,,,False,42.99069070792757
15299,299,2.900862909882562e-07,1.0,,,False,43.12413804209791
15300,300,2.9220279884611955e-07,1.0,1.0,0.00016820456976965507,False,43.40578204207122
15301,301,2.9123791023266676e-07,1.0,,,False,43.572973707923666
15302,302,2.9220279884611955e-07,1.0,,,False,43.727467082906514
15303,303,2.9108227295182587e-07,1.0,,,False,43.8713733330369
15304,304,2.9130015377631935e-07,1.0,,,False,44.00929900002666
15305,305,2.916425501098274e-07,1.0,,,False,44.1525848750025
15306,306,2.911445449171879e-07,1.0,,,False,44.2966169170104
15307,307,2.922961641615984e-07,1.0,,,False,44.44899779208936
15308,308,2.911756666890142e-07,1.0,,,False,44.60115962498821
15309,309,2.9083329877721553e-07,1.0,,,False,44.74794445792213
15310,310,2.9123791023266676e-07,1.0,,,False,44.88888295809738
15311,311,2.9198491802162607e-07,1.0,,,False,45.03042191709392
15312,312,2.908644205490418e-07,1.0,,,False,45.17183650005609
15313,313,2.910511511799996e-07,1.0,,,False,45.31118758302182
15314,314,2.9120678846084047e-07,1.0,,,False,45.4508770420216
15315,315,2.907399050400272e-07,1.0,,,False,45.5854577079881
15316,316,2.9201603979345236e-07,1.0,,,False,45.72122595808469
15317,317,2.9058429618089576e-07,1.0,,,False,45.85426774993539
15318,318,2.915180346008128e-07,1.0,,,False,45.98849254194647
15319,319,2.908644205490418e-07,1.0,,,False,46.129252624930814
15320,320,2.894637702866021e-07,1.0,,,False,46.25696854200214
15321,321,2.9042865890005487e-07,1.0,,,False,46.38858074997552
15322,322,2.9120678846084047e-07,1.0,,,False,46.52721258299425
15323,323,2.90988907636347e-07,1.0,,,False,46.67203091690317
15324,324,2.909577858645207e-07,1.0,,,False,46.81088300002739
15325,325,2.9120678846084047e-07,1.0,,,False,46.96206820802763
15326,326,2.8837439458584413e-07,1.0,,,False,47.103588457917795
15327,327,2.9145579105716024e-07,1.0,,,False,47.24355400004424
15328,328,2.908644205490418e-07,1.0,,,False,47.3826821250841
15329,329,2.9070878326820093e-07,1.0,,,False,47.519637833116576
15330,330,2.907710268118535e-07,1.0,,,False,47.67061458295211
15331,331,2.893081614274706e-07,1.0,,,False,47.81682958290912
15332,332,2.8983728839193645e-07,1.0,,,False,47.957062541972846
15333,333,2.8915252414662973e-07,1.0,,,False,48.1012415420264
15334,334,2.8899691528749827e-07,1.0,,,False,48.237418042030185
15335,335,2.9207828333710495e-07,1.0,,,False,48.373972583096474
15336,336,2.894326485147758e-07,1.0,,,False,48.5107207079418
15337,337,2.90988907636347e-07,1.0,,,False,48.648646666901186
15338,338,2.902418998473877e-07,1.0,,,False,48.790406124899164
15339,339,2.8927703965564433e-07,1.0,,,False,48.93248187494464
15340,340,2.8902803705932456e-07,1.0,,,False,49.073370000114664
15341,341,2.9005516921642993e-07,1.0,,,False,49.217896207934245
15342,342,2.8986841016376275e-07,1.0,,,False,49.3713800420519
15343,343,2.8983728839193645e-07,1.0,,,False,49.5114352919627
15344,344,2.8890352155030996e-07,1.0,,,False,49.6430349170696
15345,345,2.8986841016376275e-07,1.0,,,False,49.77727825008333
15346,346,2.900240190228942e-07,1.0,,,False,49.91793695790693
15347,347,2.879075111650309e-07,1.0,,,False,50.06132108299062
15348,348,2.8993065370741533e-07,1.0,,,False,50.20941954199225
15349,349,2.880631484458718e-07,1.0,,,False,50.36144383298233
15350,350,2.8977504484828387e-07,1.0,,,False,50.50593150011264
15351,351,2.908955423208681e-07,1.0,,,False,50.65679466701113
15352,352,2.880320266740455e-07,1.0,,,False,50.79747279197909
15353,353,2.9005516921642993e-07,1.0,,,False,50.94847150007263
15354,354,2.893392831992969e-07,1.0,,,False,51.08657666691579
15355,355,2.892147676902823e-07,1.0,,,False,51.22898674989119
15356,356,2.888101562348311e-07,1.0,,,False,51.37191041698679
15357,357,2.879697831303929e-07,1.0,,,False,51.51137641700916
15358,358,2.886233971821639e-07,1.0,,,False,51.65330016706139
15359,359,2.877830240777257e-07,1.0,,,False,51.79861804191023
15360,360,2.8915252414662973e-07,1.0,,,False,51.942146041896194
15361,361,2.8993065370741533e-07,1.0,,,False,52.08123941696249
15362,362,2.8846778832303244e-07,1.0,,,False,52.22839075000957
15363,363,2.8983728839193645e-07,1.0,,,False,52.372299750102684
15364,364,2.8756514325323224e-07,1.0,,,False,52.51046729204245
15365,365,2.894326485147758e-07,1.0,,,False,52.64397095795721
15366,366,2.8828102927036525e-07,1.0,,,False,52.77991741709411
15367,367,2.887790344630048e-07,1.0,,,False,52.91444549988955
15368,368,2.887479126911785e-07,1.0,,,False,53.05761691695079
15369,369,2.8660025463977945e-07,1.0,,,False,53.20062225009315
15370,370,2.880320266740455e-07,1.0,,,False,53.33937633293681
15371,371,2.879386613585666e-07,1.0,,,False,53.485488625010476
15372,372,2.88530031866685e-07,1.0,,,False,53.63135562511161
15373,373,2.8834327281401784e-07,1.0,,,False,53.77311962493695
15374,374,2.894015267429495e-07,1.0,,,False,53.943816875107586
15375,375,2.884366381294967e-07,1.0,,,False,54.098735082894564
15376,376,2.868492572360992e-07,1.0,,,False,54.24231000011787
15377,377,2.876585085687111e-07,1.0,,,False,54.392413082998246
15378,378,2.8753402148140594e-07,1.0,,,False,54.544231791980565
15379,379,2.8809427021769807e-07,1.0,,,False,54.69111929205246
15380,380,2.878452676213783e-07,1.0,,,False,54.83981504198164
15381,381,2.8834327281401784e-07,1.0,,,False,54.9797064170707
15382,382,2.8812539198952436e-07,1.0,,,False,55.12629445805214
15383,383,2.8772078053407313e-07,1.0,,,False,55.276854207972065
15384,384,2.8737838420056505e-07,1.0,,,False,55.41450237506069
15385,385,2.8753402148140594e-07,1.0,,,False,55.55718308291398
15386,386,2.887167624976428e-07,1.0,,,False,55.70591775001958
15387,387,2.8588439704435586e-07,1.0,,,False,55.8491818329785
15388,388,2.8815651376135065e-07,1.0,,,False,55.98303270805627
15389,389,2.853863918517163e-07,1.0,,,False,56.12438974995166
15390,390,2.8809427021769807e-07,1.0,,,False,56.26456541707739
15391,391,2.880631484458718e-07,1.0,,,False,56.40131991705857
15392,392,2.871293816042453e-07,1.0,,,False,56.55250466708094
15393,393,2.8691152920146124e-07,1.0,,,False,56.68641704204492
15394,394,2.871916535696073e-07,1.0,,,False,56.828798041911796
15395,395,2.886233971821639e-07,1.0,,,False,56.984281457960606
15396,396,2.862890084998071e-07,1.0,,,False,57.13101562508382
15397,397,2.869737727451138e-07,1.0,,,False,57.281028375029564
15398,398,2.87098259832419e-07,1.0,,,False,57.41949687502347
15399,399,2.870671380605927e-07,1.0,,,False,57.56843616697006
15400,400,2.871293816042453e-07,1.0,1.0,0.0001639932132572939,False,57.8508192920126
15401,401,2.8594664058800845e-07,1.0,,,False,57.98897366691381
15402,402,2.848572648872505e-07,1.0,,,False,58.12586900009774
15403,403,2.8604000590348733e-07,1.0,,,False,58.26031029201113
15404,404,2.869737727451138e-07,1.0,,,False,58.39495745790191
15405,405,2.8588439704435586e-07,1.0,,,False,58.545901499921456
15406,406,2.8675589192062034e-07,1.0,,,False,58.70176950003952
15407,407,2.87098259832419e-07,1.0,,,False,58.84599604201503
15408,408,2.850440239399177e-07,1.0,,,False,58.995198582997546
15409,409,2.8731614065691247e-07,1.0,,,False,59.15453499997966
15410,410,2.8594664058800845e-07,1.0,,,False,59.31700604199432
15411,411,2.864135240088217e-07,1.0,,,False,59.47818920807913
15412,412,2.8572875976351497e-07,1.0,,,False,59.635124291991815
15413,413,2.8582212507899385e-07,1.0,,,False,59.78012274997309
15414,414,2.8656913286795316e-07,1.0,,,False,59.93017016700469
15415,415,2.86444645780648e-07,1.0,,,False,60.077583624981344
15416,416,2.8616452141250193e-07,1.0,,,False,60.215826583094895
15417,417,2.870671380605927e-07,1.0,,,False,60.358056667027995
15418,418,2.847327493782359e-07,1.0,,,False,60.49480020790361
15419,419,2.8591551881618216e-07,1.0,,,False,60.63886383292265
15420,420,2.8289636588851863e-07,1.0,,,False,60.773695999989286
15421,421,2.8753402148140594e-07,1.0,,,False,60.909123375080526
15422,422,2.8523075457087543e-07,1.0,,,False,61.051943792030215
15423,423,2.862267649561545e-07,1.0,,,False,61.194615124957636
15424,424,2.8523075457087543e-07,1.0,,,False,61.33674845797941
15425,425,2.8585327527252957e-07,1.0,,,False,61.47300008311868
15426,426,2.8513738925539656e-07,1.0,,,False,61.6181464579422
15427,427,2.846082622909307e-07,1.0,,,False,61.753867082996294
15428,428,2.8523075457087543e-07,1.0,,,False,61.89607583289035
15429,429,2.855108789390215e-07,1.0,,,False,62.03385812509805
15430,430,2.8591551881618216e-07,1.0,,,False,62.16541170794517
15431,431,2.834877648183465e-07,1.0,,,False,62.30890283291228
15432,432,2.8678701369244664e-07,1.0,,,False,62.453526499914005
15433,433,2.845148685537424e-07,1.0,,,False,62.59410141711123
15434,434,2.846705058345833e-07,1.0,,,False,62.725585292093456
15435,435,2.8457714051910443e-07,1.0,,,False,62.86365916696377
15436,436,2.846705058345833e-07,1.0,,,False,63.00485175009817
15437,437,2.8501287374638196e-07,1.0,,,False,63.14912674995139
15438,438,2.8432813792278466e-07,1.0,,,False,63.28132541710511
15439,439,2.8532414830806374e-07,1.0,,,False,63.436974625103176
15440,440,2.8445262501008983e-07,1.0,,,False,63.57557858293876
15441,441,2.8429701615095837e-07,1.0,,,False,63.72157624992542
15442,442,2.845148685537424e-07,1.0,,,False,63.85358433309011
15443,443,2.847638711500622e-07,1.0,,,False,64.00175025011413
15444,444,2.841102570982912e-07,1.0,,,False,64.1440078751184
15445,445,2.847327493782359e-07,1.0,,,False,64.27998075005598
15446,446,2.830831249411858e-07,1.0,,,False,64.41784841706976
15447,447,2.8594664058800845e-07,1.0,,,False,64.55159945809282
15448,448,2.8286524411669234e-07,1.0,,,False,64.68847466702573
15449,449,2.856976379916887e-07,1.0,,,False,64.82571170805022
15450,450,2.8264736329219886e-07,1.0,,,False,64.9631624170579
15451,451,2.8516851102722285e-07,1.0,,,False,65.11557699996047
15452,452,2.847638711500622e-07,1.0,,,False,65.25459495792165
15453,453,2.8367449544930423e-07,1.0,,,False,65.39194216695614
15454,454,2.8442150323826354e-07,1.0,,,False,65.5175596671179
15455,455,2.827096352575609e-07,1.0,,,False,65.65381429204717
15456,456,2.8261624152037257e-07,1.0,,,False,65.80235862499103
15457,457,2.8358113013382535e-07,1.0,,,False,65.94052012497559
15458,458,2.8339437108115817e-07,1.0,,,False,66.07287341705523
15459,459,2.83269883993853e-07,1.0,,,False,66.20618745801039
15460,460,2.838923762737977e-07,1.0,,,False,66.36088541708887
15461,461,2.8445262501008983e-07,1.0,,,False,66.49820291693322
15462,462,2.830520031693595e-07,1.0,,,False,66.64360679197125
15463,463,2.8342549285298446e-07,1.0,,,False,66.78095183288679
15464,464,2.823983606958791e-07,1.0,,,False,66.91989983292297
15465,465,2.840168917828123e-07,1.0,,,False,67.05344658298418
15466,466,2.8351888659017277e-07,1.0,,,False,67.20209554210305
15467,467,2.8342549285298446e-07,1.0,,,False,67.35668758302927
15468,468,2.8429701615095837e-07,1.0,,,False,67.49791595805436
15469,469,2.8373676741466625e-07,1.0,,,False,67.63869274989702
15470,470,2.8130898499512114e-07,1.0,,,False,67.77637016703375
15471,471,2.8183811195958697e-07,1.0,,,False,67.91448654211126
15472,472,2.824606326612411e-07,1.0,,,False,68.05527270794846
15473,473,2.827096352575609e-07,1.0,,,False,68.18641366693191
15474,474,2.832076404502004e-07,1.0,,,False,68.3286369999405
15475,475,2.8298975962570694e-07,1.0,,,False,68.46862966706976
15476,476,2.824606326612411e-07,1.0,,,False,68.6069473749958
15477,477,2.8295863785388065e-07,1.0,,,False,68.7420024999883
15478,478,2.833632493093319e-07,1.0,,,False,68.88363216700964
15479,479,2.83269883993853e-07,1.0,,,False,69.02219050005078
15480,480,2.823672389240528e-07,1.0,,,False,69.16266408306547
15481,481,2.8199374924042786e-07,1.0,,,False,69.29737137490883
15482,482,2.815579875914409e-07,1.0,,,False,69.43489833292551
15483,483,2.8221163006492134e-07,1.0,,,False,69.57807612488978
15484,484,2.817136248722818e-07,1.0,,,False,69.71805308293551
15485,485,2.831142467130121e-07,1.0,,,False,69.8566324999556
15486,486,2.815891093632672e-07,1.0,,,False,69.98782258294523
15487,487,2.830831249411858e-07,1.0,,,False,70.12568087503314
15488,488,2.824295108894148e-07,1.0,,,False,70.25807554204948
15489,489,2.815579875914409e-07,1.0,,,False,70.38834929210134
15490,490,2.808109798024816e-07,1.0,,,False,70.52638383302838
15491,491,2.823361171522265e-07,1.0,,,False,70.66241762507707
15492,492,2.8037524657520407e-07,1.0,,,False,70.79841125011444
15493,493,2.8224275183674763e-07,1.0,,,False,70.93446695804596
15494,494,2.8196262746860157e-07,1.0,,,False,71.07312987488694
15495,495,2.833010057656793e-07,1.0,,,False,71.2108291669283
15496,496,2.818069901877607e-07,1.0,,,False,71.34741437505
15497,497,2.817447466441081e-07,1.0,,,False,71.4876838750206
15498,498,2.807798580306553e-07,1.0,,,False,71.62524437508546
15499,499,2.817758684159344e-07,1.0,,,False,71.76270100008696
15500,500,2.809666170833225e-07,1.0,1.0,0.00015993856036962585,False,72.05347237503156
15501,501,2.817758684159344e-07,1.0,,,False,72.19463275000453
15502,502,2.8134010676694743e-07,1.0,,,False,72.35965320793912
15503,503,2.815268658196146e-07,1.0,,,False,72.50071424990892
15504,504,2.816825031004555e-07,1.0,,,False,72.63638420798816
15505,505,2.811222543641634e-07,1.0,,,False,72.77290600002743
15506,506,2.8062424917152384e-07,1.0,,,False,72.91331974999048
15507,507,2.8199374924042786e-07,1.0,,,False,73.05720325000584
15508,508,2.7978384764537623e-07,1.0,,,False,73.19214429194108
15509,509,2.8208711455590674e-07,1.0,,,False,73.33919170801528
15510,510,2.785699848573131e-07,1.0,,,False,73.48344095796347
15511,511,2.815891093632672e-07,1.0,,,False,73.62738949991763
15512,512,2.8040636834703037e-07,1.0,,,False,73.77841441705823
15513,513,2.815268658196146e-07,1.0,,,False,73.91215087496676
15514,514,2.8130898499512114e-07,1.0,,,False,74.05721508292481
15515,515,2.7984611961073824e-07,1.0,,,False,74.20904899993911
15516,516,2.825228762048937e-07,1.0,,,False,74.35030595795251
15517,517,2.7965936055807106e-07,1.0,,,False,74.49299133289605
15518,518,2.8068649271517643e-07,1.0,,,False,74.63853545789607
15519,519,2.8056197720616183e-07,1.0,,,False,74.77780608297326
15520,520,2.7987724138256453e-07,1.0,,,False,74.91139658307657
15521,521,2.815579875914409e-07,1.0,,,False,75.05228295805864
15522,522,2.795348734707659e-07,1.0,,,False,75.18551020789891
15523,523,2.8118449790781597e-07,1.0,,,False,75.31382662500255
15524,524,2.8028185283801577e-07,1.0,,,False,75.45212562498637
15525,525,2.795659952425922e-07,1.0,,,False,75.60988883301616
15526,526,2.793481144180987e-07,1.0,,,False,75.77457616711035
15527,527,2.809977388551488e-07,1.0,,,False,75.93228854192421
15528,528,2.8056197720616183e-07,1.0,,,False,76.06723808310926
15529,529,2.7962823878624476e-07,1.0,,,False,76.21172429202124
15530,530,2.7903686827812635e-07,1.0,,,False,76.36776308296248
15531,531,2.799706066980434e-07,1.0,,,False,76.51925466698594
15532,532,2.800640004352317e-07,1.0,,,False,76.67419933294877
15533,533,2.8056197720616183e-07,1.0,,,False,76.84843483311124
15534,534,2.7959711701441847e-07,1.0,,,False,77.04594550002366
15535,535,2.8068649271517643e-07,1.0,,,False,77.2666651669424
15536,536,2.783521040328196e-07,1.0,,,False,77.44697691709734
15537,537,2.800640004352317e-07,1.0,,,False,77.62693108292297
15538,538,2.769826039639156e-07,1.0,,,False,77.7808625830803
15539,539,2.80095122207058e-07,1.0,,,False,77.93911345792003
15540,540,2.802196092943632e-07,1.0,,,False,78.09974054200575
15541,541,2.787878656818066e-07,1.0,,,False,78.27844441705383
15542,542,2.808109798024816e-07,1.0,,,False,78.43651437503286
15543,543,2.792858708744461e-07,1.0,,,False,78.60171362501569
15544,544,2.7978384764537623e-07,1.0,,,False,78.74900324991904
15545,545,2.793169926462724e-07,1.0,,,False,78.90052254195325
15546,546,2.785699848573131e-07,1.0,,,False,79.04776141699404
15547,547,2.792235989090841e-07,1.0,,,False,79.19927895790897
15548,548,2.799706066980434e-07,1.0,,,False,79.34263558289967
15549,549,2.772316065602354e-07,1.0,,,False,79.48885766696185
15550,550,2.8053085543433554e-07,1.0,,,False,79.63782258308493
15551,551,2.7872559371644456e-07,1.0,,,False,79.78609883296303
15552,552,2.794103579617513e-07,1.0,,,False,79.9253921250347
15553,553,2.785077413136605e-07,1.0,,,False,80.0747125421185
15554,554,2.7950372327723016e-07,1.0,,,False,80.21330612502061
15555,555,2.776050962438603e-07,1.0,,,False,80.36281775007956
15556,556,2.785388630854868e-07,1.0,,,False,80.50876599992625
15557,557,2.7987724138256453e-07,1.0,,,False,80.6517937919125
15558,558,2.7748060915655515e-07,1.0,,,False,80.79512391705066
15559,559,2.7894347454093804e-07,1.0,,,False,80.93421633308753
15560,560,2.7751173092838144e-07,1.0,,,False,81.07520729210228
15561,561,2.7894347454093804e-07,1.0,,,False,81.21982387499884
15562,562,2.786011066291394e-07,1.0,,,False,81.35562533303164
15563,563,2.7950372327723016e-07,1.0,,,False,81.49071816704236
15564,564,2.784765911201248e-07,1.0,,,False,81.66471041692421
15565,565,2.7903686827812635e-07,1.0,,,False,81.82031641690992
15566,566,2.7741833719119313e-07,1.0,,,False,81.96636741701514
15567,567,2.791924771372578e-07,1.0,,,False,82.11402770807035
15568,568,2.768269666830747e-07,1.0,,,False,82.26480625011027
15569,569,2.777918552965275e-07,1.0,,,False,82.42256195796654
15570,570,2.76858088454901e-07,1.0,,,False,82.57749054208398
15571,571,2.7972160410172364e-07,1.0,,,False,82.73435620800592
15572,572,2.7651572054310236e-07,1.0,,,False,82.889522457961
15573,573,2.783832258046459e-07,1.0,,,False,83.03501520794816
15574,574,2.786011066291394e-07,1.0,,,False,83.18274829210714
15575,575,2.778229770683538e-07,1.0,,,False,83.32413637498394
15576,576,2.7972160410172364e-07,1.0,,,False,83.49299112497829
15577,577,2.778229770683538e-07,1.0,,,False,83.6415040420834
15578,578,2.7570646921049047e-07,1.0,,,False,83.81061837496236
15579,579,2.7735609364754055e-07,1.0,,,False,83.97379666706547
15580,580,2.7651572054310236e-07,1.0,,,False,84.13123991689645
15581,581,2.793169926462724e-07,1.0,,,False,84.28671083296649
15582,582,2.763289614904352e-07,1.0,,,False,84.43324891710654
15583,583,2.776362180156866e-07,1.0,,,False,84.57712587504648
15584,584,2.768269666830747e-07,1.0,,,False,84.8061970830895
15585,585,2.78663350172792e-07,1.0,,,False,84.98611399997026
15586,586,2.7791634238383267e-07,1.0,,,False,85.15423716697842
15587,587,2.76858088454901e-07,1.0,,,False,85.32121620792896
15588,588,2.769514821920893e-07,1.0,,,False,85.50325862504542
15589,589,2.785077413136605e-07,1.0,,,False,85.68749958300032
15590,590,2.755508319296496e-07,1.0,,,False,85.8513460829854
15591,591,2.7744948738472885e-07,1.0,,,False,86.00929616694339
15592,592,2.7664020763040753e-07,1.0,,,False,86.16636229190044
15593,593,2.7822761694551446e-07,1.0,,,False,86.31714258296415
15594,594,2.763912334557972e-07,1.0,,,False,86.47527270810679
15595,595,2.776362180156866e-07,1.0,,,False,86.63196158292703
15596,596,2.7514622047419834e-07,1.0,,,False,86.79458608292043
15597,597,2.7664020763040753e-07,1.0,,,False,86.95030774991028
15598,598,2.7676472313942213e-07,1.0,,,False,87.12959933304228
15599,599,2.785388630854868e-07,1.0,,,False,87.27599612507038
15600,600,2.763289614904352e-07,1.0,1.0,0.0001560530092393599,False,87.56216974998824
15601,601,2.770137257357419e-07,1.0,,,False,87.70172870811075
15602,602,2.744925780007179e-07,1.0,,,False,87.84119762503542
15603,603,2.7667135782394325e-07,1.0,,,False,87.97049225005321
15604,604,2.761733526313037e-07,1.0,,,False,88.12022491707467
15605,605,2.7822761694551446e-07,1.0,,,False,88.25279549998231
15606,606,2.7598659357863653e-07,1.0,,,False,88.39157774997875
15607,607,2.769826039639156e-07,1.0,,,False,88.52782220789231
15608,608,2.771070910512208e-07,1.0,,,False,88.6556710419245
15609,609,2.755197101578233e-07,1.0,,,False,88.78778595803306
15610,610,2.760799588941154e-07,1.0,,,False,88.92807029210962
15611,611,2.7514622047419834e-07,1.0,,,False,89.06478287489153
15612,612,2.76920360420263e-07,1.0,,,False,89.20730291702785
15613,613,2.7533297952686553e-07,1.0,,,False,89.34581583295949
15614,614,2.7732497187571425e-07,1.0,,,False,89.47698649996892
15615,615,2.7508397693054576e-07,1.0,,,False,89.6185312080197
15616,616,2.7502170496518374e-07,1.0,,,False,89.75266508292407
15617,617,2.7598659357863653e-07,1.0,,,False,89.88016637507826
15618,618,2.771693630165828e-07,1.0,,,False,90.01702662510797
15619,619,2.74834974334226e-07,1.0,,,False,90.15082087507471
15620,620,2.776673397875129e-07,1.0,,,False,90.2755173749756
15621,621,2.7415021008891927e-07,1.0,,,False,90.40552491694689
15622,622,2.7589322826315765e-07,1.0,,,False,90.55144100007601
15623,623,2.740257230016141e-07,1.0,,,False,90.68470816710033
15624,624,2.763289614904352e-07,1.0,,,False,90.82259875000454
15625,625,2.7579983452596935e-07,1.0,,,False,90.96033654198982
15626,626,2.74834974334226e-07,1.0,,,False,91.09313229192048
15627,627,2.771693630165828e-07,1.0,,,False,91.22462683310732
15628,628,2.7365220489627973e-07,1.0,,,False,91.36160350008868
15629,629,2.7651572054310236e-07,1.0,,,False,91.49697637511417
15630,630,2.7430584736976016e-07,1.0,,,False,91.63795541692525
15631,631,2.7502170496518374e-07,1.0,,,False,91.77649762504734
15632,632,2.7439921268523904e-07,1.0,,,False,91.9090636249166
15633,633,2.7514622047419834e-07,1.0,,,False,92.03676754189655
15634,634,2.746793370533851e-07,1.0,,,False,92.16694387490861
15635,635,2.7670247959576955e-07,1.0,,,False,92.29881758289412
15636,636,2.7334095875630737e-07,1.0,,,False,92.43790354207158
15637,637,2.7455484996607993e-07,1.0,,,False,92.56827404210344
15638,638,2.74772702368864e-07,1.0,,,False,92.70613200007938
15639,639,2.7651572054310236e-07,1.0,,,False,92.84446349996142
15640,640,2.746793370533851e-07,1.0,,,False,92.97332524997182
15641,641,2.7365220489627973e-07,1.0,,,False,93.10770704201423
15642,642,2.747415805970377e-07,1.0,,,False,93.24446583306417
15643,643,2.748038525623997e-07,1.0,,,False,93.37852374999784
15644,644,2.753641012986918e-07,1.0,,,False,93.51421362510882
15645,645,2.7433696914158645e-07,1.0,,,False,93.64746158290654
15646,646,2.748038525623997e-07,1.0,,,False,93.77805908303708
15647,647,2.7265619451100065e-07,1.0,,,False,93.92680783290416
15648,648,2.740879665452667e-07,1.0,,,False,94.06535433302633
15649,649,2.748660961060523e-07,1.0,,,False,94.22717737499624
15650,650,2.7439921268523904e-07,1.0,,,False,94.36598320794292
15651,651,2.7433696914158645e-07,1.0,,,False,94.49751833290793
15652,652,2.74772702368864e-07,1.0,,,False,94.64410404209048
15653,653,2.7340320229995996e-07,1.0,,,False,94.79205670789815
15654,654,2.7495946142153116e-07,1.0,,,False,94.91825133305974
15655,655,2.7321644324729277e-07,1.0,,,False,95.073031042004
15656,656,2.7418133186074556e-07,1.0,,,False,95.20993595803156
15657,657,2.730608343881613e-07,1.0,,,False,95.3390666670166
15658,658,2.730608343881613e-07,1.0,,,False,95.48390054190531
15659,659,2.7648459877127607e-07,1.0,,,False,95.59584312490188
15660,660,2.708509327931097e-07,1.0,,,False,95.70801133289933
15661,661,2.7502170496518374e-07,1.0,,,False,95.82137154205702
15662,662,2.7278071002001525e-07,1.0,,,False,95.95409024995752
15663,663,2.7433696914158645e-07,1.0,,,False,96.08475104207173
15664,664,2.739634510362521e-07,1.0,,,False,96.21591195790097
15665,665,2.746170935097325e-07,1.0,,,False,96.34626629203558
15666,666,2.706953239339782e-07,1.0,,,False,96.48008562508039
15667,667,2.7421245363257185e-07,1.0,,,False,96.60239370795898
15668,668,2.717224560910836e-07,1.0,,,False,96.7435814999044
15669,669,2.7495946142153116e-07,1.0,,,False,96.90466641704552
15670,670,2.737455702117586e-07,1.0,,,False,97.05990270804614
15671,671,2.73683326668106e-07,1.0,,,False,97.20323154190555
15672,672,2.7340320229995996e-07,1.0,,,False,97.33839408308268
15673,673,2.7281183179184154e-07,1.0,,,False,97.46521654189564
15674,674,2.717535778629099e-07,1.0,,,False,97.62646033288911
15675,675,2.720959457747085e-07,1.0,,,False,97.78627000004053
15676,676,2.732475934408285e-07,1.0,,,False,97.90365920797922
15677,677,2.731853214754665e-07,1.0,,,False,98.0086661670357
15678,678,2.7430584736976016e-07,1.0,,,False,98.13836133293808
15679,679,2.7271846647636266e-07,1.0,,,False,98.28279233304784
15680,680,2.730919561599876e-07,1.0,,,False,98.44062904198654
15681,681,2.7128669444209663e-07,1.0,,,False,98.60424079210497
15682,682,2.729363188791467e-07,1.0,,,False,98.73880645795725
15683,683,2.732475934408285e-07,1.0,,,False,98.86795037495904
15684,684,2.731853214754665e-07,1.0,,,False,99.0051164580509
15685,685,2.707886892494571e-07,1.0,,,False,99.13918029190972
15686,686,2.7187806495021505e-07,1.0,,,False,99.30215650005266
15687,687,2.7281183179184154e-07,1.0,,,False,99.43471416691318
15688,688,2.7281183179184154e-07,1.0,,,False,99.53707458311692
15689,689,2.74119088317093e-07,1.0,,,False,99.63848670804873
15690,690,2.7044632133765845e-07,1.0,,,False,99.74671662505716
15691,691,2.724694638800429e-07,1.0,,,False,99.85469445795752
15692,692,2.7206482400288223e-07,1.0,,,False,99.96356933307834
15693,693,2.729985908445087e-07,1.0,,,False,100.07112274994142
15694,694,2.721581893183611e-07,1.0,,,False,100.22067495808005
15695,695,2.716913343192573e-07,1.0,,,False,100.36473291693255
15696,696,2.699794379168452e-07,1.0,,,False,100.50490495795384
15697,697,2.721270675465348e-07,1.0,,,False,100.63210745807737
15698,698,2.7206482400288223e-07,1.0,,,False,100.7471549580805
15699,699,2.7125557267027034e-07,1.0,,,False,100.86344133294187
15700,700,2.7358996135262714e-07,1.0,1.0,0.00015133165654672236,False,101.15749587491155
15701,701,2.716290623538953e-07,1.0,,,False,101.3000556670595
15702,702,2.738078421771206e-07,1.0,,,False,101.42896158294752
15703,703,2.6963707000504655e-07,1.0,,,False,101.55463945795782
15704,704,2.7271846647636266e-07,1.0,,,False,101.72891124989837
15705,705,2.697615570923517e-07,1.0,,,False,101.86973916692659
15706,706,2.7259395096734806e-07,1.0,,,False,102.00030516693369
15707,707,2.693569456369005e-07,1.0,,,False,102.15154975000769
15708,708,2.720959457747085e-07,1.0,,,False,102.29132670792751
15709,709,2.720959457747085e-07,1.0,,,False,102.44311808305793
15710,710,2.706642021621519e-07,1.0,,,False,102.57467691693455
15711,711,2.721581893183611e-07,1.0,,,False,102.69374904199503
15712,712,2.700105596886715e-07,1.0,,,False,102.83405541698448
15713,713,2.7181582140656246e-07,1.0,,,False,102.96782066696323
15714,714,2.709754483021243e-07,1.0,,,False,103.09365195804276
15715,715,2.7200258045922965e-07,1.0,,,False,103.23592554195784
15716,716,2.707264457058045e-07,1.0,,,False,103.38767699990422
15717,717,2.708198110212834e-07,1.0,,,False,103.52060654200613
15718,718,2.698860726013663e-07,1.0,,,False,103.67908987496048
15719,719,2.720959457747085e-07,1.0,,,False,103.83045887504704
15720,720,2.6963707000504655e-07,1.0,,,False,103.97599237505347
15721,721,2.7063308039032563e-07,1.0,,,False,104.10251504206099
15722,722,2.700728032323241e-07,1.0,,,False,104.26607833290473
15723,723,2.713800597575755e-07,1.0,,,False,104.42455083294772
15724,724,2.701973187413387e-07,1.0,,,False,104.53093079198152
15725,725,2.7041519956583215e-07,1.0,,,False,104.65527608292177
15726,726,2.708509327931097e-07,1.0,,,False,104.80979699990712
15727,727,2.709754483021243e-07,1.0,,,False,104.96672316710465
15728,728,2.6963707000504655e-07,1.0,,,False,105.10858775000088
15729,729,2.708198110212834e-07,1.0,,,False,105.25079529196955
15730,730,2.706953239339782e-07,1.0,,,False,105.3537589169573
15731,731,2.697615570923517e-07,1.0,,,False,105.48273074999452
15732,732,2.707575674776308e-07,1.0,,,False,105.64198424993083
15733,733,2.6957482646139397e-07,1.0,,,False,105.80278691696003
15734,734,2.7106881361760315e-07,1.0,,,False,105.94088424998336
15735,735,2.7038407779400586e-07,1.0,,,False,106.07558312499896
15736,736,2.693258238650742e-07,1.0,,,False,106.22043495811522
15737,737,2.679874455679965e-07,1.0,,,False,106.35610250011086
15738,738,2.700728032323241e-07,1.0,,,False,106.49237812496722
15739,739,2.707886892494571e-07,1.0,,,False,106.62794637493789
15740,740,2.709132047584717e-07,1.0,,,False,106.75624274997972
15741,741,2.697615570923517e-07,1.0,,,False,106.92894558305852
15742,742,2.687655751287821e-07,1.0,,,False,107.10132974991575
15743,743,2.705708084249636e-07,1.0,,,False,107.23709900001995
15744,744,2.6748944037535693e-07,1.0,,,False,107.38233616692014
15745,745,2.700105596886715e-07,1.0,,,False,107.54523245804012
15746,746,2.699171943731926e-07,1.0,,,False,107.70792445796542
15747,747,2.693880674087268e-07,1.0,,,False,107.8167448330205
15748,748,2.6957482646139397e-07,1.0,,,False,107.93909520795569
15749,749,2.6948143272420566e-07,1.0,,,False,108.10509916697629
15750,750,2.675516839190095e-07,1.0,,,False,108.2729555000551
15751,751,2.692013083560596e-07,1.0,,,False,108.44018362509087
15752,752,2.698860726013663e-07,1.0,,,False,108.53827545791864
15753,753,2.7022844051316497e-07,1.0,,,False,108.64217529189773
15754,754,2.6829869170796883e-07,1.0,,,False,108.76729129208252
15755,755,2.685165725324623e-07,1.0,,,False,108.88110158289783
15756,756,2.6966819177687285e-07,1.0,,,False,108.98848283290863
15757,757,2.6727155955086346e-07,1.0,,,False,109.09571049991064
15758,758,2.700416814604978e-07,1.0,,,False,109.1987326669041
15759,759,2.6895230575973983e-07,1.0,,,False,109.32722804206423
15760,760,2.691701865842333e-07,1.0,,,False,109.47032333305106
15761,761,2.6957482646139397e-07,1.0,,,False,109.61041304189712
15762,762,2.675828056908358e-07,1.0,,,False,109.75409245793708
15763,763,2.689834275315661e-07,1.0,,,False,109.89961679209955
15764,764,2.6724043777903717e-07,1.0,,,False,110.03518441691995
15765,765,2.7032180582864385e-07,1.0,,,False,110.17998995794915
15766,766,2.682052979707805e-07,1.0,,,False,110.30131945805624
15767,767,2.6808081088347535e-07,1.0,,,False,110.4369841250591
15768,768,2.668669196737028e-07,1.0,,,False,110.58004145789891
15769,769,2.679874455679965e-07,1.0,,,False,110.69004916702397
15770,770,2.6904569949692814e-07,1.0,,,False,110.80457633291371
15771,771,2.691701865842333e-07,1.0,,,False,110.91160849994048
15772,772,2.682052979707805e-07,1.0,,,False,111.01836375007406
15773,773,2.676761710063147e-07,1.0,,,False,111.12423483305611
15774,774,2.6727155955086346e-07,1.0,,,False,111.23194354190491
15775,775,2.686099378479412e-07,1.0,,,False,111.37252925010398
15776,776,2.6727155955086346e-07,1.0,,,False,111.47785933292471
15777,777,2.668980414455291e-07,1.0,,,False,111.58341637509875
15778,778,2.691079430405807e-07,1.0,,,False,111.69183462508954
15779,779,2.6724043777903717e-07,1.0,,,False,111.80330929206684
15780,780,2.6804968911164906e-07,1.0,,,False,111.934671707917
15781,781,2.6739604663816863e-07,1.0,,,False,112.07064270810224
15782,782,2.666490388492093e-07,1.0,,,False,112.2041915000882
15783,783,2.693569456369005e-07,1.0,,,False,112.33081229194067
15784,784,2.6870330316342006e-07,1.0,,,False,112.44060033303685
15785,785,2.675516839190095e-07,1.0,,,False,112.55001550004818
15786,786,2.669291916390648e-07,1.0,,,False,112.65786133310758
15787,787,2.653106605521316e-07,1.0,,,False,112.76630291691981
15788,788,2.6727155955086346e-07,1.0,,,False,112.86896487511694
15789,789,2.669914351827174e-07,1.0,,,False,113.00026475009508
15790,790,2.683298134797951e-07,1.0,,,False,113.15037879208103
15791,791,2.6826756993614254e-07,1.0,,,False,113.27365575009026
15792,792,2.678006865153293e-07,1.0,,,False,113.38198054209352
15793,793,2.6593318125378573e-07,1.0,,,False,113.51268175011501
15794,794,2.6748944037535693e-07,1.0,,,False,113.64947149995714
15795,795,2.6512392992117384e-07,1.0,,,False,113.7784716670867
15796,796,2.689834275315661e-07,1.0,,,False,113.88592083309777
15797,797,2.6630667093741067e-07,1.0,,,False,113.98426395794377
15798,798,2.676761710063147e-07,1.0,,,False,114.09050458297133
15799,799,2.6490604909668036e-07,1.0,,,False,114.20853058295324
15800,800,2.661510620782792e-07,1.0,1.0,0.00014621709585998827,False,114.52419341704808
15801,801,2.668046761300502e-07,1.0,,,False,114.66141895810142
15802,802,2.666490388492093e-07,1.0,,,False,114.80688595795073
15803,803,2.65964303025612e-07,1.0,,,False,114.95752683305182
15804,804,2.6733380309451604e-07,1.0,,,False,115.10430629202165
15805,805,2.6555966314845136e-07,1.0,,,False,115.24401408294216
15806,806,2.6708480049819627e-07,1.0,,,False,115.4015084169805
15807,807,2.670225569545437e-07,1.0,,,False,115.56508750002831
15808,808,2.6730268132268975e-07,1.0,,,False,115.684429832967
15809,809,2.6499941441215924e-07,1.0,,,False,115.80668070795946
15810,810,2.658397875165974e-07,1.0,,,False,115.9324865420349
15811,811,2.6475041181583947e-07,1.0,,,False,116.06579991709441
15812,812,2.653729325174936e-07,1.0,,,False,116.19399679196067
15813,813,2.6580866574477113e-07,1.0,,,False,116.33433316694573
15814,814,2.6574642220111855e-07,1.0,,,False,116.46230770810507
15815,815,2.6643118644642527e-07,1.0,,,False,116.59603333310224
15816,816,2.662755491655844e-07,1.0,,,False,116.71906758309342
15817,817,2.6559078492027766e-07,1.0,,,False,116.86168850003742
15818,818,2.6630667093741067e-07,1.0,,,False,116.98058783309534
15819,819,2.659954247974383e-07,1.0,,,False,117.08938149991445
15820,820,2.656219351138134e-07,1.0,,,False,117.21053387504071
15821,821,2.646259247285343e-07,1.0,,,False,117.3671526669059
15822,822,2.6630667093741067e-07,1.0,,,False,117.52213133289479
15823,823,2.637855516240961e-07,1.0,,,False,117.67523699998856
15824,824,2.637855516240961e-07,1.0,,,False,117.80168158304878
15825,825,2.658397875165974e-07,1.0,,,False,117.90214583300985
15826,826,2.6739604663816863e-07,1.0,,,False,118.00282000005245
15827,827,2.64532530991346e-07,1.0,,,False,118.1093658329919
15828,828,2.660576683410909e-07,1.0,,,False,118.20998758310452
15829,829,2.644391656758671e-07,1.0,,,False,118.31378016690724
15830,830,2.6412791953589476e-07,1.0,,,False,118.42285120789893
15831,831,2.6509280814934755e-07,1.0,,,False,118.52740700007416
15832,832,2.645014092195197e-07,1.0,,,False,118.63585916697048
15833,833,2.646881682721869e-07,1.0,,,False,118.7508331250865
15834,834,2.646570465003606e-07,1.0,,,False,118.85063412506133
15835,835,2.653106605521316e-07,1.0,,,False,118.94907304202206
15836,836,2.6415904130772105e-07,1.0,,,False,119.05885070795193
15837,837,2.6496829264033295e-07,1.0,,,False,119.16525987489149
15838,838,2.6415904130772105e-07,1.0,,,False,119.27929541701451
15839,839,2.645636811848817e-07,1.0,,,False,119.38801787490956
15840,840,2.638166733959224e-07,1.0,,,False,119.52698329207487
15841,841,2.6425240662319993e-07,1.0,,,False,119.65410087490454
15842,842,2.630074220633105e-07,1.0,,,False,119.77606049994938
15843,843,2.646259247285343e-07,1.0,,,False,119.9032843329478
15844,844,2.654974196047988e-07,1.0,,,False,120.03660629200749
15845,845,2.6356767079960264e-07,1.0,,,False,120.1859747080598
15846,846,2.651861734648264e-07,1.0,,,False,120.32424612506293
15847,847,2.630385438351368e-07,1.0,,,False,120.42990841693245
15848,848,2.6412791953589476e-07,1.0,,,False,120.53852037503384
15849,849,2.6475041181583947e-07,1.0,,,False,120.64397633308545
15850,850,2.630074220633105e-07,1.0,,,False,120.75269008311443
15851,851,2.6331866820328287e-07,1.0,,,False,120.86064670793712
15852,852,2.630696656069631e-07,1.0,,,False,120.96675420808606
15853,853,2.6397228225505387e-07,1.0,,,False,121.07812545797788
15854,854,2.6359879257142893e-07,1.0,,,False,121.1882939580828
15855,855,2.644702874476934e-07,1.0,,,False,121.29641150007956
15856,856,2.6353654902777635e-07,1.0,,,False,121.40718912496231
15857,857,2.621358987653366e-07,1.0,,,False,121.51251154206693
15858,858,2.636921578869078e-07,1.0,,,False,121.64836512506008
15859,859,2.628829065542959e-07,1.0,,,False,121.78769625001587
15860,860,2.64594802956708e-07,1.0,,,False,121.93036066694185
15861,861,2.6434580036038824e-07,1.0,,,False,122.0719739170745
15862,862,2.621358987653366e-07,1.0,,,False,122.20583987492137
15863,863,2.6338091174693545e-07,1.0,,,False,122.34121683309786
15864,864,2.6166901534452336e-07,1.0,,,False,122.48415337502956
15865,865,2.6425240662319993e-07,1.0,,,False,122.63362791691907
15866,866,2.6117103857359325e-07,1.0,,,False,122.77069129189476
15867,867,2.6344315529058804e-07,1.0,,,False,122.93786412500776
15868,868,2.631007873787894e-07,1.0,,,False,123.08499954198487
15869,869,2.6198028990620514e-07,1.0,,,False,123.2252472920809
15870,870,2.646570465003606e-07,1.0,,,False,123.37835974991322
15871,871,2.6185577439719054e-07,1.0,,,False,123.51591791701503
15872,872,2.622915360461775e-07,1.0,,,False,123.62614475004375
15873,873,2.63163030922442e-07,1.0,,,False,123.73360966704786
15874,874,2.621358987653366e-07,1.0,,,False,123.84118770807981
15875,875,2.6201141167803144e-07,1.0,,,False,123.95643279189244
15876,876,2.622604142743512e-07,1.0,,,False,124.09036837494932
15877,877,2.6263390395797614e-07,1.0,,,False,124.23542429204099
15878,878,2.646881682721869e-07,1.0,,,False,124.33758545806631
15879,879,2.615445282572182e-07,1.0,,,False,124.44200004194863
15880,880,2.623537795898301e-07,1.0,,,False,124.55227979202755
15881,881,2.6005051267929957e-07,1.0,,,False,124.68665249994956
15882,882,2.621981423089892e-07,1.0,,,False,124.83964533288963
15883,883,2.606419116091274e-07,1.0,,,False,125.00594766694121
15884,884,2.6241602313348267e-07,1.0,,,False,125.15098083298653
15885,885,2.623849013616564e-07,1.0,,,False,125.26609762501903
15886,886,2.6166901534452336e-07,1.0,,,False,125.38682866701856
15887,887,2.621047769935103e-07,1.0,,,False,125.54340458288789
15888,888,2.608909142054472e-07,1.0,,,False,125.69084845809266
15889,889,2.6123328211724584e-07,1.0,,,False,125.85101408301853
15890,890,2.6204253344985773e-07,1.0,,,False,126.01506404206157
15891,891,2.614511629417393e-07,1.0,,,False,126.12434475007467
15892,892,2.6319415269426827e-07,1.0,,,False,126.24007958290167
15893,893,2.6117103857359325e-07,1.0,,,False,126.35997704206966
15894,894,2.622604142743512e-07,1.0,,,False,126.51649908302352
15895,895,2.601127846446616e-07,1.0,,,False,126.67166183306836
15896,896,2.597392665393272e-07,1.0,,,False,126.81734679196961
15897,897,2.6191801794084313e-07,1.0,,,False,126.97664200002328
15898,898,2.6005051267929957e-07,1.0,,,False,127.12959216698073
15899,899,2.6163789357269707e-07,1.0,,,False,127.28696820791811
15900,900,2.6070415515278e-07,1.0,1.0,0.00013955307133623545,False,127.61356379208155
15901,901,2.612955256608984e-07,1.0,,,False,127.77085154200904
15902,902,2.617312873098854e-07,1.0,,,False,127.92631970811635
15903,903,2.6104652306457865e-07,1.0,,,False,128.0804164169822
15904,904,2.6194916813437885e-07,1.0,,,False,128.23313400009647
15905,905,2.597703883111535e-07,1.0,,,False,128.3800274580717
15906,906,2.6085976401191147e-07,1.0,,,False,128.51686016703025
15907,907,2.597392665393272e-07,1.0,,,False,128.67453812505119
15908,908,2.584008882422495e-07,1.0,,,False,128.83444387488998
15909,909,2.6020614996014046e-07,1.0,,,False,128.99391545797698
15910,910,2.591478960312088e-07,1.0,,,False,129.15447012498043
15911,911,2.6070415515278e-07,1.0,,,False,129.2943884578999
15912,912,2.6110876660823124e-07,1.0,,,False,129.406452416908
15913,913,2.608909142054472e-07,1.0,,,False,129.51451816689223
15914,914,2.605485178719391e-07,1.0,,,False,129.6554615830537
15915,915,2.600193909074733e-07,1.0,,,False,129.81013187509961
15916,916,2.6070415515278e-07,1.0,,,False,129.9612644999288
15917,917,2.5868101261039556e-07,1.0,,,False,130.1158010000363
15918,918,2.6204253344985773e-07,1.0,,,False,130.26838570809923
15919,919,2.591478960312088e-07,1.0,,,False,130.4332206249237
15920,920,2.6020614996014046e-07,1.0,,,False,130.59427400003187
15921,921,2.574982715941587e-07,1.0,,,False,130.72895391704515
15922,922,2.582452509614086e-07,1.0,,,False,130.8635794580914
15923,923,2.590233805221942e-07,1.0,,,False,131.01859808294103
15924,924,2.605796396437654e-07,1.0,,,False,131.14725095801987
15925,925,2.584320100140758e-07,1.0,,,False,131.27718370803632
15926,926,2.617312873098854e-07,1.0,,,False,131.41075416700915
15927,927,2.582452509614086e-07,1.0,,,False,131.53460850007832
15928,928,2.599571473638207e-07,1.0,,,False,131.69149604206905
15929,929,2.5877437792587443e-07,1.0,,,False,131.81305541703478
15930,930,2.577783959623048e-07,1.0,,,False,131.92495250003412
15931,931,2.6008163445112586e-07,1.0,,,False,132.0245514579583
15932,932,2.5787176127778366e-07,1.0,,,False,132.1351271669846
15933,933,2.5942802039935486e-07,1.0,,,False,132.24392612511292
15934,934,2.590856524875562e-07,1.0,,,False,132.40147962491028
15935,935,2.574982715941587e-07,1.0,,,False,132.57140437490307
15936,936,2.600193909074733e-07,1.0,,,False,132.7010466249194
15937,937,2.582141291895823e-07,1.0,,,False,132.8091367080342
15938,938,2.597081447675009e-07,1.0,,,False,132.92045904207043
15939,939,2.561910150689073e-07,1.0,,,False,133.0275918750558
15940,940,2.5871213438222185e-07,1.0,,,False,133.15455204201862
15941,941,2.57529393365985e-07,1.0,,,False,133.28848108300008
15942,942,2.5864989083856926e-07,1.0,,,False,133.39297691709362
15943,943,2.598326318548061e-07,1.0,,,False,133.52085137506947
15944,944,2.568446291206783e-07,1.0,,,False,133.66984699992463
15945,945,2.583697664704232e-07,1.0,,,False,133.795727458084
15946,946,2.583075229267706e-07,1.0,,,False,133.96225950005464
15947,947,2.5861876906674297e-07,1.0,,,False,134.11540975002572
15948,948,2.567823855770257e-07,1.0,,,False,134.26552275009453
15949,949,2.57467121400623e-07,1.0,,,False,134.41057304199785
15950,950,2.583386446985969e-07,1.0,,,False,134.56419570790604
15951,951,2.558797405072255e-07,1.0,,,False,134.70949441706762
15952,952,2.5805852033045085e-07,1.0,,,False,134.83763545798138
15953,953,2.5724926899783895e-07,1.0,,,False,134.98382299998775
15954,954,2.584008882422495e-07,1.0,,,False,135.15956012508832
15955,955,2.5637774569986505e-07,1.0,,,False,135.31971262511797
15956,956,2.567201420333731e-07,1.0,,,False,135.45000725006685
15957,957,2.5653338298070594e-07,1.0,,,False,135.55809154198505
15958,958,2.5728039076966525e-07,1.0,,,False,135.70318058296107
15959,959,2.585876472949167e-07,1.0,,,False,135.83469504211098
15960,960,2.57529393365985e-07,1.0,,,False,135.97478341707028
15961,961,2.5668902026154683e-07,1.0,,,False,136.12516841711476
15962,962,2.5634662392803875e-07,1.0,,,False,136.2771115419455
15963,963,2.5656450475253223e-07,1.0,,,False,136.44237158307806
15964,964,2.5572413164809404e-07,1.0,,,False,136.59801975009032
15965,965,2.5640886747169134e-07,1.0,,,False,136.7421476249583
15966,966,2.553817637362954e-07,1.0,,,False,136.88965254207142
15967,967,2.5724926899783895e-07,1.0,,,False,137.04281304194592
15968,968,2.576227586814639e-07,1.0,,,False,137.22024320811033
15969,969,2.561910150689073e-07,1.0,,,False,137.38275912497193
15970,970,2.5784063950595737e-07,1.0,,,False,137.52729595801793
15971,971,2.551638829118019e-07,1.0,,,False,137.68867116700858
15972,972,2.574048778569704e-07,1.0,,,False,137.87414116691798
15973,973,2.55444007279948e-07,1.0,,,False,138.03774162498303
15974,974,2.5628438038438617e-07,1.0,,,False,138.21599795809016
15975,975,2.545413906318572e-07,1.0,,,False,138.3871565000154
15976,976,2.554128855081217e-07,1.0,,,False,138.57894308306277
15977,977,2.5563073791090574e-07,1.0,,,False,138.75298958295025
15978,978,2.5566188810444146e-07,1.0,,,False,138.93884387495928
15979,979,2.561910150689073e-07,1.0,,,False,139.11373137496412
15980,980,2.5653338298070594e-07,1.0,,,False,139.29081583302468
15981,981,2.553817637362954e-07,1.0,,,False,139.47366529190913
15982,982,2.5497715228084417e-07,1.0,,,False,139.64323033299297
15983,983,2.5569300987626775e-07,1.0,,,False,139.81138070789166
15984,984,2.5575525341992034e-07,1.0,,,False,140.01357241696678
15985,985,2.5444802531637833e-07,1.0,,,False,140.20103154191747
15986,986,2.5429238803553744e-07,1.0,,,False,140.383248582948
15987,987,2.540122636673914e-07,1.0,,,False,140.54553691693582
15988,988,2.561910150689073e-07,1.0,,,False,140.73047708300874
15989,989,2.569068726643309e-07,1.0,,,False,140.93035391694866
15990,990,2.5485263677182957e-07,1.0,,,False,141.0751331669744
15991,991,2.5435463157919003e-07,1.0,,,False,141.22988849994726
15992,992,2.551016109464399e-07,1.0,,,False,141.39075737493113
15993,993,2.5550625082360057e-07,1.0,,,False,141.5374588330742
15994,994,2.535765020184044e-07,1.0,,,False,141.68865250004455
15995,995,2.5407450721104397e-07,1.0,,,False,141.83066508290358
15996,996,2.531096185975912e-07,1.0,,,False,141.97385679208674
15997,997,2.5497715228084417e-07,1.0,,,False,142.1437626250554
15998,998,2.5248712631764647e-07,1.0,,,False,142.28315491694957
15999,999,2.583075229267706e-07,1.0,,,False,142.45963304210454
16000,1000,2.5351425847475184e-07,1.0,1.0,0.00013254124828861644,False,142.75581362494268
16001,1001,2.552883699991071e-07,1.0,,,False,142.97026691702195
16002,1002,2.53701017527419e-07,1.0,,,False,143.1136222500354
16003,1003,2.5251824808947276e-07,1.0,,,False,143.2670527920127
16004,1004,2.545725124036835e-07,1.0,,,False,143.41207070811652
16005,1005,2.5432350980736373e-07,1.0,,,False,143.5680232499726
16006,1006,2.5419902272005857e-07,1.0,,,False,143.72640308295377
16007,1007,2.523626392303413e-07,1.0,,,False,143.88201720803045
16008,1008,2.537321392992453e-07,1.0,,,False,144.0157855420839
16009,1009,2.5485263677182957e-07,1.0,,,False,144.17551525007002
16010,1010,2.5426126626371115e-07,1.0,,,False,144.325427332893
16011,1011,2.5366989575559273e-07,1.0,,,False,144.46358941704966
16012,1012,2.537632610710716e-07,1.0,,,False,144.58465491700917
16013,1013,2.5186463403770176e-07,1.0,,,False,144.71577350003645
16014,1014,2.545725124036835e-07,1.0,,,False,144.86270720791072
16015,1015,2.500904940916371e-07,1.0,,,False,145.01688054203987
16016,1016,2.5354538024657813e-07,1.0,,,False,145.13328904192895
16017,1017,2.523003672649793e-07,1.0,,,False,145.26365604205057
16018,1018,2.5416787252652284e-07,1.0,,,False,145.39434266695753
16019,1019,2.553817637362954e-07,1.0,,,False,145.53490712493658
16020,1020,2.5111762624874245e-07,1.0,,,False,145.67893450008705
16021,1021,2.528606160012714e-07,1.0,,,False,145.83523437497206
16022,1022,2.522381237213267e-07,1.0,,,False,145.99153466708958
16023,1023,2.5391886993020307e-07,1.0,,,False,146.1215718749445
16024,1024,2.5261164182666107e-07,1.0,,,False,146.25882670795545
16025,1025,2.523314890368056e-07,1.0,,,False,146.39297166699544
16026,1026,2.5208251486219524e-07,1.0,,,False,146.51526333298534
16027,1027,2.5198912112500693e-07,1.0,,,False,146.65752145810984
16028,1028,2.515222377041937e-07,1.0,,,False,146.80932612507604
16029,1029,2.5189575580952805e-07,1.0,,,False,146.98452195804566
16030,1030,2.530784968257649e-07,1.0,,,False,147.13834812492132
16031,1031,2.5198912112500693e-07,1.0,,,False,147.28669045795687
16032,1032,2.5186463403770176e-07,1.0,,,False,147.41760420799255
16033,1033,2.5254936986129906e-07,1.0,,,False,147.5407155000139
16034,1034,2.5180236207233975e-07,1.0,,,False,147.6823697919026
16035,1035,2.506818645997555e-07,1.0,,,False,147.83198379189707
16036,1036,2.520202428968332e-07,1.0,,,False,147.99037191690877
16037,1037,2.5251824808947276e-07,1.0,,,False,148.14211183297448
16038,1038,2.514288723887148e-07,1.0,,,False,148.30920908297412
16039,1039,2.514599941605411e-07,1.0,,,False,148.45019829203375
16040,1040,2.5052625574062404e-07,1.0,,,False,148.60548304207623
16041,1041,2.51615631441382e-07,1.0,,,False,148.7402150419075
16042,1042,2.5186463403770176e-07,1.0,,,False,148.84590537496842
16043,1043,2.4884548111003824e-07,1.0,,,False,148.98752908292226
16044,1044,2.5248712631764647e-07,1.0,,,False,149.12427500006743
16045,1045,2.506818645997555e-07,1.0,,,False,149.24223391711712
16046,1046,2.507441081434081e-07,1.0,,,False,149.35215024999343
16047,1047,2.5133550707323593e-07,1.0,,,False,149.4944770000875
16048,1048,2.514288723887148e-07,1.0,,,False,149.63000616710633
16049,1049,2.5195799935318064e-07,1.0,,,False,149.74479354196228
16050,1050,2.5021498117894225e-07,1.0,,,False,149.90212062490173
16051,1051,2.512421133360476e-07,1.0,,,False,150.08525858307257
16052,1052,2.4872099402273307e-07,1.0,,,False,150.2377235419117
16053,1053,2.5099311073972785e-07,1.0,,,False,150.38069891696796
16054,1054,2.492189992153726e-07,1.0,,,False,150.54404295794666
16055,1055,2.508686236524227e-07,1.0,,,False,150.6901787079405
16056,1056,2.523626392303413e-07,1.0,,,False,150.83498787507415
16057,1057,2.499348568107962e-07,1.0,,,False,150.98211654205807
16058,1058,2.499971287761582e-07,1.0,,,False,151.1288910829462
16059,1059,2.4956136712717125e-07,1.0,,,False,151.26672574994154
16060,1060,2.500282505479845e-07,1.0,,,False,151.42127758311108
16061,1061,2.485342349700659e-07,1.0,,,False,151.57900283299387
16062,1062,2.498726132671436e-07,1.0,,,False,151.72077791695483
16063,1063,2.506507428279292e-07,1.0,,,False,151.86340041691437
16064,1064,2.5117986979239504e-07,1.0,,,False,152.00344837503508
16065,1065,2.4956136712717125e-07,1.0,,,False,152.16737083299085
16066,1066,2.490322401627054e-07,1.0,,,False,152.30759612494148
16067,1067,2.4959248889899754e-07,1.0,,,False,152.49914229195565
16068,1068,2.4872099402273307e-07,1.0,,,False,152.6905472499784
16069,1069,2.5027725314430427e-07,1.0,,,False,152.84834491694346
16070,1070,2.4803622977742634e-07,1.0,,,False,153.0122537079733
16071,1071,2.4940572984633036e-07,1.0,,,False,153.17151508294046
16072,1072,2.4965473244265013e-07,1.0,,,False,153.31691258307546
16073,1073,2.485653567418922e-07,1.0,,,False,153.45980249997228
16074,1074,2.4956136712717125e-07,1.0,,,False,153.60279162507504
16075,1075,2.4965473244265013e-07,1.0,,,False,153.73570200009272
16076,1076,2.476938618656277e-07,1.0,,,False,153.86944520799443
16077,1077,2.4887660288186453e-07,1.0,,,False,154.0017296669539
16078,1078,2.4884548111003824e-07,1.0,,,False,154.1445585419424
16079,1079,2.486898722509068e-07,1.0,,,False,154.30744195799343
16080,1080,2.493123645308515e-07,1.0,,,False,154.47617520811036
16081,1081,2.490633619345317e-07,1.0,,,False,154.62942099990323
16082,1082,2.4778722718110657e-07,1.0,,,False,154.75742041692138
16083,1083,2.483474759173987e-07,1.0,,,False,154.88276645797305
16084,1084,2.483163541455724e-07,1.0,,,False,155.02466254192404
16085,1085,2.4953024535534496e-07,1.0,,,False,155.1615812079981
16086,1086,2.475382245847868e-07,1.0,,,False,155.29773141699843
16087,1087,2.490633619345317e-07,1.0,,,False,155.43366070790216
16088,1088,2.4560847577959066e-07,1.0,,,False,155.5393379579764
16089,1089,2.476938618656277e-07,1.0,,,False,155.6552067499142
16090,1090,2.4791174269012117e-07,1.0,,,False,155.79950225003995
16091,1091,2.492812427590252e-07,1.0,,,False,155.960150500061
16092,1092,2.486898722509068e-07,1.0,,,False,156.09003708302043
16093,1093,2.4865872205737105e-07,1.0,,,False,156.19747441704385
16094,1094,2.452349576742563e-07,1.0,,,False,156.3128271671012
16095,1095,2.4900111839087913e-07,1.0,,,False,156.4395771669224
16096,1096,2.467912167958275e-07,1.0,,,False,156.56222420791164
16097,1097,2.4809847332107893e-07,1.0,,,False,156.67248704191297
16098,1098,2.4822298883009353e-07,1.0,,,False,156.7790625419002
16099,1099,2.482852323737461e-07,1.0,,,False,156.902054291917
16100,1100,2.4629321160318796e-07,1.0,1.0,0.00012425749557489724,False,157.1319689580705
16101,1101,2.4623096805953537e-07,1.0,,,False,157.2600084170699
16102,1102,2.468534887611895e-07,1.0,,,False,157.39047495811246
16103,1103,2.4713361312933557e-07,1.0,,,False,157.5356551669538
16104,1104,2.4623096805953537e-07,1.0,,,False,157.66544854198582
16105,1105,2.4800510800560005e-07,1.0,,,False,157.8301987920422
16106,1106,2.4893887484722654e-07,1.0,,,False,157.9977221249137
16107,1107,2.4725810021664074e-07,1.0,,,False,158.1546214169357
16108,1108,2.465422141995077e-07,1.0,,,False,158.29074799991213
16109,1109,2.465422141995077e-07,1.0,,,False,158.43812395795248
16110,1110,2.452349576742563e-07,1.0,,,False,158.5759017500095
16111,1111,2.451727141306037e-07,1.0,,,False,158.69484195811674
16112,1112,2.4641772711220256e-07,1.0,,,False,158.82935762498528
16113,1113,2.474759810411342e-07,1.0,,,False,158.9619578330312
16114,1114,2.461064809722302e-07,1.0,,,False,159.09315162501298
16115,1115,2.4725810021664074e-07,1.0,,,False,159.24122716696002
16116,1116,2.4579523483225785e-07,1.0,,,False,159.38908479199745
16117,1117,2.458886001477367e-07,1.0,,,False,159.5375982921105
16118,1118,2.453283514114446e-07,1.0,,,False,159.68927787500434
16119,1119,2.461376027440565e-07,1.0,,,False,159.83403258305043
16120,1120,2.4635548356854997e-07,1.0,,,False,159.97480925009586
16121,1121,2.455462322359381e-07,1.0,,,False,160.1214652499184
16122,1122,2.4585747837591043e-07,1.0,,,False,160.23423500009812
16123,1123,2.455462322359381e-07,1.0,,,False,160.34715333301574
16124,1124,2.465422141995077e-07,1.0,,,False,160.45520508289337
16125,1125,2.44550221850659e-07,1.0,,,False,160.58737537497655
16126,1126,2.466978514803486e-07,1.0,,,False,160.71371449995786
16127,1127,2.4570184109506954e-07,1.0,,,False,160.88692316692322
16128,1128,2.4339857418453903e-07,1.0,,,False,161.04179112496786
16129,1129,2.454217167269235e-07,1.0,,,False,161.19005087506957
16130,1130,2.44550221850659e-07,1.0,,,False,161.30265025002882
16131,1131,2.4719585667298816e-07,1.0,,,False,161.42738629202358
16132,1132,2.4563959755141695e-07,1.0,,,False,161.55285979202017
16133,1133,2.439899731143669e-07,1.0,,,False,161.66605675010942
16134,1134,2.4479922444697877e-07,1.0,,,False,161.79253925010562
16135,1135,2.4582635660408414e-07,1.0,,,False,161.92433612491004
16136,1136,2.4330520886906015e-07,1.0,,,False,162.04019629210234
16137,1137,2.443323410261655e-07,1.0,,,False,162.14047691691667
16138,1138,2.444257063416444e-07,1.0,,,False,162.26193412509747
16139,1139,2.4638660534037626e-07,1.0,,,False,162.41862254193984
16140,1140,2.4520383590243e-07,1.0,,,False,162.54781299992464
16141,1141,2.4392770114900486e-07,1.0,,,False,162.67503583291546
16142,1142,2.445813436224853e-07,1.0,,,False,162.81909758294933
16143,1143,2.427760819045943e-07,1.0,,,False,162.9286302078981
16144,1144,2.454217167269235e-07,1.0,,,False,163.06117974990048
16145,1145,2.4271383836094174e-07,1.0,,,False,163.16952449991368
16146,1146,2.4339857418453903e-07,1.0,,,False,163.2832345420029
16147,1147,2.4638660534037626e-07,1.0,,,False,163.39390112506226
16148,1148,2.4262044462375343e-07,1.0,,,False,163.5016052920837
16149,1149,2.4501710527147225e-07,1.0,,,False,163.61003295797855
16150,1150,2.427760819045943e-07,1.0,,,False,163.7229767080862
16151,1151,2.4389657937717857e-07,1.0,,,False,163.83307291707024
16152,1152,2.454217167269235e-07,1.0,,,False,163.95697487494908
16153,1153,2.4118870101119683e-07,1.0,,,False,164.12734016706236
16154,1154,2.4389657937717857e-07,1.0,,,False,164.2760445829481
16155,1155,2.4392770114900486e-07,1.0,,,False,164.3938416671008
16156,1156,2.4262044462375343e-07,1.0,,,False,164.5261345000472
16157,1157,2.4492371153428394e-07,1.0,,,False,164.6730372919701
16158,1158,2.4249595753644826e-07,1.0,,,False,164.8113422500901
16159,1159,2.4327408709723386e-07,1.0,,,False,164.95034516695887
16160,1160,2.429939627290878e-07,1.0,,,False,165.09751108288765
16161,1161,2.4327408709723386e-07,1.0,,,False,165.21675412496552
16162,1162,2.4349196792172734e-07,1.0,,,False,165.3286384169478
16163,1163,2.4246483576462197e-07,1.0,,,False,165.45767229190096
16164,1164,2.42029074115635e-07,1.0,,,False,165.5657099580858
16165,1165,2.4178007151931524e-07,1.0,,,False,165.68051687511615
16166,1166,2.4470583070979046e-07,1.0,,,False,165.8394836250227
16167,1167,2.4268271658911544e-07,1.0,,,False,165.9997687919531
16168,1168,2.4174894974748895e-07,1.0,,,False,166.15477387490682
16169,1169,2.437098487462208e-07,1.0,,,False,166.30677087511867
16170,1170,2.41313188098502e-07,1.0,,,False,166.45066458289512
16171,1171,2.422780767119548e-07,1.0,,,False,166.5956117499154
16172,1172,2.4258932285192714e-07,1.0,,,False,166.7064408750739
16173,1173,2.41313188098502e-07,1.0,,,False,166.8286224170588
16174,1174,2.4336745241271274e-07,1.0,,,False,166.9557328328956
16175,1175,2.4271383836094174e-07,1.0,,,False,167.11250045802444
16176,1176,2.4311844981639297e-07,1.0,,,False,167.25210679206066
16177,1177,2.4171782797566266e-07,1.0,,,False,167.38649195805192
16178,1178,2.4184234348467726e-07,1.0,,,False,167.536347333109
16179,1179,2.4153106892299547e-07,1.0,,,False,167.685706499964
16180,1180,2.41313188098502e-07,1.0,,,False,167.84043516707607
16181,1181,2.430873280445667e-07,1.0,,,False,167.9902469580993
16182,1182,2.414065818356903e-07,1.0,,,False,168.11541750002652
16183,1183,2.4009932531043887e-07,1.0,,,False,168.25726987491362
16184,1184,2.436475767808588e-07,1.0,,,False,168.40140220802277
16185,1185,2.398814444859454e-07,1.0,,,False,168.5148445831146
16186,1186,2.4196683057198243e-07,1.0,,,False,168.6573447920382
16187,1187,2.414999471511692e-07,1.0,,,False,168.80827108304948
16188,1188,2.4196683057198243e-07,1.0,,,False,168.95578691689298
16189,1189,2.4013044708226516e-07,1.0,,,False,169.10451033292338
16190,1190,2.435542114653799e-07,1.0,,,False,169.25287179206498
16191,1191,2.3953907657414675e-07,1.0,,,False,169.36299695796333
16192,1192,2.419979523438087e-07,1.0,,,False,169.46701320796274
16193,1193,2.4196683057198243e-07,1.0,,,False,169.58410883299075
16194,1194,2.4106421392389166e-07,1.0,,,False,169.69442512490787
16195,1195,2.4097082018670335e-07,1.0,,,False,169.7977294169832
16196,1196,2.3938343929330586e-07,1.0,,,False,169.92530079209246
16197,1197,2.4112645746754424e-07,1.0,,,False,170.06103212502785
16198,1198,2.400370817667863e-07,1.0,,,False,170.18482633307576
16199,1199,2.4022381239774404e-07,1.0,,,False,170.308819625061
16200,1200,2.4165558443201007e-07,1.0,1.0,0.0001171201859330459,False,170.54444654192775
16201,1201,2.4013044708226516e-07,1.0,,,False,170.64875250007026
16202,1202,2.4037944967858493e-07,1.0,,,False,170.7492369581014
16203,1203,2.4109533569571795e-07,1.0,,,False,170.8678315419238
16204,1204,2.398814444859454e-07,1.0,,,False,170.9822481670417
16205,1205,2.3957019834597304e-07,1.0,,,False,171.12406224990264
16206,1206,2.414999471511692e-07,1.0,,,False,171.2581464580726
16207,1207,2.406284522749047e-07,1.0,,,False,171.4110784579534
16208,1208,2.3938343929330586e-07,1.0,,,False,171.56851979205385
16209,1209,2.397258072051045e-07,1.0,,,False,171.71441337489523
16210,1210,2.4153106892299547e-07,1.0,,,False,171.8176521670539
16211,1211,2.3950795480232046e-07,1.0,,,False,171.9344206249807
16212,1212,2.389788278378546e-07,1.0,,,False,172.066116791917
16213,1213,2.398192009422928e-07,1.0,,,False,172.20547241694294
16214,1214,2.3932119574965327e-07,1.0,,,False,172.3169982919935
16215,1215,2.4025493416957033e-07,1.0,,,False,172.42755945795216
16216,1216,2.404416932222375e-07,1.0,,,False,172.53870737506077
16217,1217,2.404416932222375e-07,1.0,,,False,172.66400862508453
16218,1218,2.390721931533335e-07,1.0,,,False,172.8223722500261
16219,1219,2.390099496096809e-07,1.0,,,False,172.9795129580889
16220,1220,2.3816956229438802e-07,1.0,,,False,173.08696137508377
16221,1221,2.3779605839990836e-07,1.0,,,False,173.19792325003073
16222,1222,2.4165558443201007e-07,1.0,,,False,173.30659954203293
16223,1223,2.3841856489070778e-07,1.0,,,False,173.41174058290198
16224,1224,2.4090857664305076e-07,1.0,,,False,173.5431085419841
16225,1225,2.3941456106513215e-07,1.0,,,False,173.67733704205602
16226,1226,2.3779605839990836e-07,1.0,,,False,173.83348237490281
16227,1227,2.382006840662143e-07,1.0,,,False,173.96920420811512
16228,1228,2.3770267887357477e-07,1.0,,,False,174.10337650007568
16229,1229,2.3879206878518744e-07,1.0,,,False,174.25818266696297
16230,1230,2.39943688029598e-07,1.0,,,False,174.41289683291689
16231,1231,2.3947680460878473e-07,1.0,,,False,174.5514915420208
16232,1232,2.3704905061094905e-07,1.0,,,False,174.68445758288726
16233,1233,2.3816956229438802e-07,1.0,,,False,174.8108546670992
16234,1234,2.3882319055701373e-07,1.0,,,False,174.94700558297336
16235,1235,2.397569573986402e-07,1.0,,,False,175.0857340421062
16236,1236,2.392278304341744e-07,1.0,,,False,175.24057920789346
16237,1237,2.3823182004889532e-07,1.0,,,False,175.39347500004806
16238,1238,2.3720468789178994e-07,1.0,,,False,175.54238579189405
16239,1239,2.375159340317623e-07,1.0,,,False,175.7021317500621
16240,1240,2.384497008733888e-07,1.0,,,False,175.82797358301468
16241,1241,2.3732918918994983e-07,1.0,,,False,175.963997582905
16242,1242,2.382629418207216e-07,1.0,,,False,176.08757662493736
16243,1243,2.3785831615441566e-07,1.0,,,False,176.19414587505162
16244,1244,2.3795168146989454e-07,1.0,,,False,176.30060412501916
16245,1245,2.3866755327617284e-07,1.0,,,False,176.43708999990486
16246,1246,2.3745369048810971e-07,1.0,,,False,176.58946974994615
16247,1247,2.3770267887357477e-07,1.0,,,False,176.738593416987
16248,1248,2.3536830440207268e-07,1.0,,,False,176.8991946671158
16249,1249,2.382940635925479e-07,1.0,,,False,177.03976087504998
16250,1250,2.382629418207216e-07,1.0,,,False,177.1897561668884
16251,1251,2.3736031096177612e-07,1.0,,,False,177.358779292088
16252,1252,2.3776493662808207e-07,1.0,,,False,177.5146837499924
16253,1253,2.3552392747205886e-07,1.0,,,False,177.67379799997434
16254,1254,2.3692456352364388e-07,1.0,,,False,177.82947458303533
16255,1255,2.366444249446431e-07,1.0,,,False,177.9667437078897
16256,1256,2.375159340317623e-07,1.0,,,False,178.07717670802958
16257,1257,2.3661330317281681e-07,1.0,,,False,178.20158312493004
16258,1258,2.3574180829655234e-07,1.0,,,False,178.36345649999566
16259,1259,2.3561730699839245e-07,1.0,,,False,178.49351629195735
16260,1260,2.3661330317281681e-07,1.0,,,False,178.6106893750839
16261,1261,2.359285531383648e-07,1.0,,,False,178.7647229579743
16262,1262,2.3947680460878473e-07,1.0,,,False,178.9212501249276
16263,1263,2.352749248757391e-07,1.0,,,False,179.0810616670642
16264,1264,2.351193018057529e-07,1.0,,,False,179.2152974170167
16265,1265,2.3490142098125943e-07,1.0,,,False,179.3583976670634
16266,1266,2.345590530694608e-07,1.0,,,False,179.50592570798472
16267,1267,2.3617755573468457e-07,1.0,,,False,179.65023137489334
16268,1268,2.343722940167936e-07,1.0,,,False,179.791700291913
16269,1269,2.3555504924388515e-07,1.0,,,False,179.91992025007494
16270,1270,2.3536830440207268e-07,1.0,,,False,180.05624295794405
16271,1271,2.351193018057529e-07,1.0,,,False,180.16230558301322
16272,1272,2.3546166971755156e-07,1.0,,,False,180.29876387491822
16273,1273,2.352438031039128e-07,1.0,,,False,180.442179457983
16274,1274,2.351504235775792e-07,1.0,,,False,180.5674834169913
16275,1275,2.3262929005340993e-07,1.0,,,False,180.69573783292435
16276,1276,2.3318953878970206e-07,1.0,,,False,180.84985499992035
16277,1277,2.3390542480683507e-07,1.0,,,False,180.98400004208088
16278,1278,2.3558617101571144e-07,1.0,,,False,181.11601825011894
16279,1279,2.3297165796520858e-07,1.0,,,False,181.24451820808463
16280,1280,2.3269153359706252e-07,1.0,,,False,181.39124237489887
16281,1281,2.3496367873576673e-07,1.0,,,False,181.53168808296323
16282,1282,2.3175778096629074e-07,1.0,,,False,181.68641550000757
16283,1283,2.3325179654420936e-07,1.0,,,False,181.8451891669538
16284,1284,2.337809235086752e-07,1.0,,,False,181.99723300011829
16285,1285,2.3396766835048766e-07,1.0,,,False,182.13695641700178
16286,1286,2.3272266957974352e-07,1.0,,,False,182.28298045811243
16287,1287,2.3300279394788959e-07,1.0,,,False,182.4453221668955
16288,1288,2.3085515010734525e-07,1.0,,,False,182.59045254206285
16289,1289,2.3269153359706252e-07,1.0,,,False,182.7362906250637
16290,1290,2.327849131233961e-07,1.0,,,False,182.90868066693656
16291,1291,2.3191340403627692e-07,1.0,,,False,183.06344287493266
16292,1292,2.3244253100074275e-07,1.0,,,False,183.1920637919102
16293,1293,2.321312848607704e-07,1.0,,,False,183.32317604194395
16294,1294,2.3300279394788959e-07,1.0,,,False,183.45215700007975
16295,1295,2.3147765659814468e-07,1.0,,,False,183.59513979195617
16296,1296,2.327849131233961e-07,1.0,,,False,183.76742954202928
16297,1297,2.304816462128656e-07,1.0,,,False,183.89045387506485
16298,1298,2.313531552999848e-07,1.0,,,False,184.0300724171102
16299,1299,2.3079290656369267e-07,1.0,,,False,184.18248762493022
16300,1300,2.328782926497297e-07,1.0,1.0,0.00010890077402097422,False,184.50579629209824
16301,1301,2.3097965140550514e-07,1.0,,,False,184.6855227081105
16302,1302,2.3247366698342375e-07,1.0,,,False,184.83970904210582
16303,1303,2.3094852963367885e-07,1.0,,,False,184.97946341708302
16304,1304,2.3150877836997097e-07,1.0,,,False,185.1371216669213
16305,1305,2.297035308629347e-07,1.0,,,False,185.32173370802775
16306,1306,2.3020152184471954e-07,1.0,,,False,185.4719945830293
16307,1307,2.3163327966813085e-07,1.0,,,False,185.6032976671122
16308,1308,2.3104190916001244e-07,1.0,,,False,185.75707649998367
16309,1309,2.3222466438710399e-07,1.0,,,False,185.8977289579343
16310,1310,2.2942339228393394e-07,1.0,,,False,186.03240354196168
16311,1311,2.312909117563322e-07,1.0,,,False,186.1541542080231
16312,1312,2.2945452826661494e-07,1.0,,,False,186.32611975003965
16313,1313,2.3091740786185255e-07,1.0,,,False,186.4729252080433
16314,1314,2.2992139747657347e-07,1.0,,,False,186.62663333304226
16315,1315,2.2995251924839977e-07,1.0,,,False,186.78599725011736
16316,1316,2.2873864224948193e-07,1.0,,,False,186.9445478329435
16317,1317,2.321001630889441e-07,1.0,,,False,187.08967674989253
16318,1318,2.3066840526553278e-07,1.0,,,False,187.23021470801905
16319,1319,2.2982801795023988e-07,1.0,,,False,187.36351733305492
16320,1320,2.290810243721353e-07,1.0,,,False,187.51531016710214
16321,1321,2.2995251924839977e-07,1.0,,,False,187.6465849999804
16322,1322,2.289254013021491e-07,1.0,,,False,187.78768820804544
16323,1323,2.3088628609002626e-07,1.0,,,False,187.96085391705856
16324,1324,2.3110415270366502e-07,1.0,,,False,188.1065048330929
16325,1325,2.2836513835500227e-07,1.0,,,False,188.2503714170307
16326,1326,2.3032602314287942e-07,1.0,,,False,188.39835250005126
16327,1327,2.2948565003844124e-07,1.0,,,False,188.55190879199654
16328,1328,2.2848963965316216e-07,1.0,,,False,188.69427337497473
16329,1329,2.2852077563584317e-07,1.0,,,False,188.82031208300032
16330,1330,2.289254013021491e-07,1.0,,,False,188.96417183289304
16331,1331,2.297035308629347e-07,1.0,,,False,189.10589083307423
16332,1332,2.296412731084274e-07,1.0,,,False,189.24621320795268
16333,1333,2.2852077563584317e-07,1.0,,,False,189.37840575003065
16334,1334,2.281783935131898e-07,1.0,,,False,189.49538433295675
16335,1335,2.2942339228393394e-07,1.0,,,False,189.64147758297622
16336,1336,2.289254013021491e-07,1.0,,,False,189.77985295793042
16337,1337,2.3004589877473336e-07,1.0,,,False,189.9104331668932
16338,1338,2.2789826914504374e-07,1.0,,,False,190.04315733304247
16339,1339,2.274936434787378e-07,1.0,,,False,190.14807120803744
16340,1340,2.274936434787378e-07,1.0,,,False,190.2531661670655
16341,1341,2.2920552567029517e-07,1.0,,,False,190.36184404208325
16342,1342,2.2852077563584317e-07,1.0,,,False,190.4764106250368
16343,1343,2.296412731084274e-07,1.0,,,False,190.58854595804587
16344,1344,2.2693338053159096e-07,1.0,,,False,190.69779075006954
16345,1345,2.2914326791578787e-07,1.0,,,False,190.8132414170541
16346,1346,2.273068844260706e-07,1.0,,,False,190.94655050011352
16347,1347,2.274625074960568e-07,1.0,,,False,191.0520659580361
16348,1348,2.2852077563584317e-07,1.0,,,False,191.16535116708837
16349,1349,2.274002639524042e-07,1.0,,,False,191.29887595796026
16350,1350,2.282095152850161e-07,1.0,,,False,191.41074691689573
16351,1351,2.2655989084796602e-07,1.0,,,False,191.53163833310828
16352,1352,2.2802277044320363e-07,1.0,,,False,191.64282537507825
16353,1353,2.265910126197923e-07,1.0,,,False,191.75306970789097
16354,1354,2.280850139868562e-07,1.0,,,False,191.862327208044
16355,1355,2.2705788182975084e-07,1.0,,,False,191.9692315829452
16356,1356,2.2802277044320363e-07,1.0,,,False,192.07759883301333
16357,1357,2.2640425356712512e-07,1.0,,,False,192.19945662491955
16358,1358,2.273691421805779e-07,1.0,,,False,192.34639737498946
16359,1359,2.2649763309345872e-07,1.0,,,False,192.4874427919276
16360,1360,2.2761814477689768e-07,1.0,,,False,192.6139509580098
16361,1361,2.274313857242305e-07,1.0,,,False,192.73273641709238
16362,1362,2.2556388046268694e-07,1.0,,,False,192.8792196670547
16363,1363,2.2708901781243185e-07,1.0,,,False,192.99712174991146
16364,1364,2.2646651132163242e-07,1.0,,,False,193.13323029200546
16365,1365,2.2677775746160478e-07,1.0,,,False,193.26983641693369
16366,1366,2.2705788182975084e-07,1.0,,,False,193.40715816710144
16367,1367,2.2655989084796602e-07,1.0,,,False,193.5471482919529
16368,1368,2.2677775746160478e-07,1.0,,,False,193.6867461251095
16369,1369,2.2624863049713895e-07,1.0,,,False,193.82304516690783
16370,1370,2.2410100086744933e-07,1.0,,,False,193.95520437508821
16371,1371,2.2565725998902053e-07,1.0,,,False,194.11054025008343
16372,1372,2.2631088825164625e-07,1.0,,,False,194.27066495805047
16373,1373,2.275247652505641e-07,1.0,,,False,194.41667241696268
16374,1374,2.2609300742715277e-07,1.0,,,False,194.5480711250566
16375,1375,2.2525263432271458e-07,1.0,,,False,194.71237004199065
16376,1376,2.2481687267372763e-07,1.0,,,False,194.8703883329872
16377,1377,2.2316724823667755e-07,1.0,,,False,195.00736550008878
16378,1378,2.2727576265424432e-07,1.0,,,False,195.12876625009812
16379,1379,2.2487913042823493e-07,1.0,,,False,195.27366295806132
16380,1380,2.258128830590067e-07,1.0,,,False,195.4118692500051
16381,1381,2.2550163691903435e-07,1.0,,,False,195.54253979190253
16382,1382,2.2466124960374145e-07,1.0,,,False,195.6652071250137
16383,1383,2.25844004830833e-07,1.0,,,False,195.795135458
16384,1384,2.236029956748098e-07,1.0,,,False,195.924364333041
16385,1385,2.2487913042823493e-07,1.0,,,False,196.05171762499958
16386,1386,2.25159254796381e-07,1.0,,,False,196.17572091706097
16387,1387,2.250969970418737e-07,1.0,,,False,196.30144041706808
16388,1388,2.2456787007740786e-07,1.0,,,False,196.43184612505138
16389,1389,2.2369637520114338e-07,1.0,,,False,196.543549957918
16390,1390,2.243188816919428e-07,1.0,,,False,196.6581025829073
16391,1391,2.235096161484762e-07,1.0,,,False,196.76371116703376
16392,1392,2.2388312004295585e-07,1.0,,,False,196.8955970830284
16393,1393,2.2534599963819346e-07,1.0,,,False,197.02342787501402
16394,1394,2.2363411744663608e-07,1.0,,,False,197.14259775006212
16395,1395,2.2326061355215643e-07,1.0,,,False,197.25215029204264
16396,1396,2.227003648158643e-07,1.0,,,False,197.35757249989547
16397,1397,2.2413212263927562e-07,1.0,,,False,197.46386949997395
16398,1398,2.2332287130666373e-07,1.0,,,False,197.57671854202636
16399,1399,2.2534599963819346e-07,1.0,,,False,197.7018306250684
16400,1400,2.22669243044038e-07,1.0,1.0,0.00010069343491792457,False,197.99032445810735
16401,1401,2.236029956748098e-07,1.0,,,False,198.15743833291344
16402,1402,2.2291824564035778e-07,1.0,,,False,198.3051847498864
16403,1403,2.220156147814123e-07,1.0,,,False,198.43469416699372
16404,1404,2.21984493009586e-07,1.0,,,False,198.56043270789087
16405,1405,2.2235799690406566e-07,1.0,,,False,198.710731707979
16406,1406,2.235096161484762e-07,1.0,,,False,198.84247487504035
16407,1407,2.220467365532386e-07,1.0,,,False,198.95808479189873
16408,1408,2.2397649956928944e-07,1.0,,,False,199.05967983300798
16409,1409,2.236652534293171e-07,1.0,,,False,199.1840936250519
16410,1410,2.2070835825616086e-07,1.0,,,False,199.34163533290848
16411,1411,2.213308647469603e-07,1.0,,,False,199.47833995800465
16412,1412,2.219222352550787e-07,1.0,,,False,199.60978437494487
16413,1413,2.2372749697296967e-07,1.0,,,False,199.749700125074
16414,1414,2.205216134143484e-07,1.0,,,False,199.86460641701706
16415,1415,2.2161098911510635e-07,1.0,,,False,199.9805180421099
16416,1416,2.2002360822170886e-07,1.0,,,False,200.11727658309974
16417,1417,2.2142423006243916e-07,1.0,,,False,200.27661229204386
16418,1418,2.2310499048217025e-07,1.0,,,False,200.42613341705874
16419,1419,2.2235799690406566e-07,1.0,,,False,200.5684115421027
16420,1420,2.2067723648433457e-07,1.0,,,False,200.7129181670025
16421,1421,2.204593556598411e-07,1.0,,,False,200.86564400000498
16422,1422,2.2108186215064052e-07,1.0,,,False,200.9938434578944
16423,1423,2.2070835825616086e-07,1.0,,,False,201.12359908293
16424,1424,2.2095736085248063e-07,1.0,,,False,201.25640024989843
16425,1425,2.211129839224668e-07,1.0,,,False,201.41203995794058
16426,1426,2.1936997995908314e-07,1.0,,,False,201.5174138750881
16427,1427,2.2235799690406566e-07,1.0,,,False,201.61774450005032
16428,1428,2.1874747346828372e-07,1.0,,,False,201.72376520792022
16429,1429,2.2101960439613322e-07,1.0,,,False,201.82798649999313
16430,1430,2.1983684916904167e-07,1.0,,,False,201.94234712491743
16431,1431,2.2011698774804245e-07,1.0,,,False,202.07404950005002
16432,1432,2.196812260990555e-07,1.0,,,False,202.21058408310637
16433,1433,2.2049047743166739e-07,1.0,,,False,202.352522125002
16434,1434,2.2024147483534762e-07,1.0,,,False,202.4645373329986
16435,1435,2.1996135046720156e-07,1.0,,,False,202.5795499170199
16436,1436,2.2105074037881423e-07,1.0,,,False,202.6881802501157
16437,1437,2.2030373258985492e-07,1.0,,,False,202.80479495809413
16438,1438,2.181561029601653e-07,1.0,,,False,202.93686691694893
16439,1439,2.181249669774843e-07,1.0,,,False,203.07642349996604
16440,1440,2.1933885818725685e-07,1.0,,,False,203.20619600010104
16441,1441,2.1871635169645742e-07,1.0,,,False,203.33529287506826
16442,1442,2.2148648781694646e-07,1.0,,,False,203.46244070795365
16443,1443,2.196501043272292e-07,1.0,,,False,203.60312291700393
16444,1444,2.2080173778249446e-07,1.0,,,False,203.7457396669779
16445,1445,2.1703559127672634e-07,1.0,,,False,203.8538443329744
16446,1446,2.189342325209509e-07,1.0,,,False,203.98094262508675
16447,1447,2.1775147729385935e-07,1.0,,,False,204.13012287509628
16448,1448,2.1824946827564418e-07,1.0,,,False,204.30502016702667
16449,1449,2.2030373258985492e-07,1.0,,,False,204.47145704203285
16450,1450,2.1952560302906932e-07,1.0,,,False,204.63023616699502
16451,1451,2.2017923129169503e-07,1.0,,,False,204.77869008295238
16452,1452,2.181561029601653e-07,1.0,,,False,204.90896162507124
16453,1453,2.1594621557596838e-07,1.0,,,False,205.03723762510344
16454,1454,2.180627234338317e-07,1.0,,,False,205.16317383293062
16455,1455,2.1691108997856645e-07,1.0,,,False,205.28887595795095
16456,1456,2.203348543616812e-07,1.0,,,False,205.4183482080698
16457,1457,2.1862297217012383e-07,1.0,,,False,205.5465293750167
16458,1458,2.181872247319916e-07,1.0,,,False,205.68163783289492
16459,1459,2.1594621557596838e-07,1.0,,,False,205.81262991693802
16460,1460,2.1837396957380406e-07,1.0,,,False,205.9475611250382
16461,1461,2.1837396957380406e-07,1.0,,,False,206.0820389171131
16462,1462,2.172223361185388e-07,1.0,,,False,206.21655304194428
16463,1463,2.1933885818725685e-07,1.0,,,False,206.35427537490614
16464,1464,2.1644422076860792e-07,1.0,,,False,206.4949674580712
16465,1465,2.2008585176536144e-07,1.0,,,False,206.64463079208508
16466,1466,2.150747064888492e-07,1.0,,,False,206.7698047501035
16467,1467,2.1712897080305993e-07,1.0,,,False,206.90308950003237
16468,1468,2.1877859524011e-07,1.0,,,False,207.0481695830822
16469,1469,2.1691108997856645e-07,1.0,,,False,207.20553075009957
16470,1470,2.18093845205658e-07,1.0,,,False,207.33802466699854
16471,1471,2.180627234338317e-07,1.0,,,False,207.50215991702862
16472,1472,2.158528360496348e-07,1.0,,,False,207.64604095788673
16473,1473,2.1681771045223286e-07,1.0,,,False,207.77596583310515
16474,1474,2.143588346825709e-07,1.0,,,False,207.9499672919046
16475,1475,2.1725347210121981e-07,1.0,,,False,208.09958554198965
16476,1476,2.1519920778700907e-07,1.0,,,False,208.22565620811656
16477,1477,2.188719747664436e-07,1.0,,,False,208.39626224990934
16478,1478,2.165998438385941e-07,1.0,,,False,208.56582870800048
16479,1479,2.1775147729385935e-07,1.0,,,False,208.70691883307882
16480,1480,2.1778259906568564e-07,1.0,,,False,208.8368966251146
16481,1481,2.1523032955883536e-07,1.0,,,False,208.97160454210825
16482,1482,2.1622633994411444e-07,1.0,,,False,209.12743250001222
16483,1483,2.149502051906893e-07,1.0,,,False,209.26393408305012
16484,1484,2.1631971947044804e-07,1.0,,,False,209.39619404193945
16485,1485,2.1684884643491387e-07,1.0,,,False,209.51452920795418
16486,1486,2.1635084124227433e-07,1.0,,,False,209.662853582995
16487,1487,2.1457670129620965e-07,1.0,,,False,209.81655387510546
16488,1488,2.1716009257488622e-07,1.0,,,False,209.94582679192536
16489,1489,2.1554158990966243e-07,1.0,,,False,210.05121870804578
16490,1490,2.165687220667678e-07,1.0,,,False,210.1992508750409
16491,1491,2.1535483085699525e-07,1.0,,,False,210.31818725005724
16492,1492,2.156972129796486e-07,1.0,,,False,210.48432554211468
16493,1493,2.1544821038332884e-07,1.0,,,False,210.63142487499863
16494,1494,2.151369642433565e-07,1.0,,,False,210.74611604190432
16495,1495,2.1594621557596838e-07,1.0,,,False,210.88483970798552
16496,1496,2.157283347514749e-07,1.0,,,False,211.0479507080745
16497,1497,2.141720756299037e-07,1.0,,,False,211.19526720792055
16498,1498,2.1616408218960714e-07,1.0,,,False,211.35132641694508
16499,1499,2.1566609120782232e-07,1.0,,,False,211.49556204210967
16500,1500,2.149813269625156e-07,1.0,1.0,0.00010049608421492755,False,211.76456633303314
16501,1501,2.1557271168148873e-07,1.0,,,False,211.91203616699204
16502,1502,2.1333170252546552e-07,1.0,,,False,212.03157779201865
16503,1503,2.1463895905071695e-07,1.0,,,False,212.14392054197378
16504,1504,2.141409538580774e-07,1.0,,,False,212.26578329200856
16505,1505,2.164130847859269e-07,1.0,,,False,212.377681291895
16506,1506,2.1510582826067548e-07,1.0,,,False,212.4804818748962
16507,1507,2.1351844736727799e-07,1.0,,,False,212.61802416690625
16508,1508,2.134873255954517e-07,1.0,,,False,212.77360012498684
16509,1509,2.1510582826067548e-07,1.0,,,False,212.89083504211158
16510,1510,2.1463895905071695e-07,1.0,,,False,212.993919624947
16511,1511,2.1529258731334266e-07,1.0,,,False,213.09837449993938
16512,1512,2.1361182689361158e-07,1.0,,,False,213.20095695811324
16513,1513,2.142654551562373e-07,1.0,,,False,213.33105587493628
16514,1514,2.149813269625156e-07,1.0,,,False,213.46314808307216
16515,1515,2.134562038236254e-07,1.0,,,False,213.60734579199925
16516,1516,2.1286481910465227e-07,1.0,,,False,213.73662716709077
16517,1517,2.1404757433174382e-07,1.0,,,False,213.87167858309112
16518,1518,2.1333170252546552e-07,1.0,,,False,213.9995001249481
16519,1519,2.1448333598073077e-07,1.0,,,False,214.11901837494224
16520,1520,2.1320720122730563e-07,1.0,,,False,214.23767195804976
16521,1521,2.1467008082254324e-07,1.0,,,False,214.35003583296202
16522,1522,2.1326944477095822e-07,1.0,,,False,214.49616875010543
16523,1523,2.1432769869988988e-07,1.0,,,False,214.64264445798472
16524,1524,2.126469524910135e-07,1.0,,,False,214.78679112507962
16525,1525,2.1382970771810506e-07,1.0,,,False,214.95467925001867
16526,1526,2.1274031780649238e-07,1.0,,,False,215.12200916698202
16527,1527,2.1283369733282598e-07,1.0,,,False,215.27881966694258
16528,1528,2.1302044217463845e-07,1.0,,,False,215.41538475011475
16529,1529,2.1302044217463845e-07,1.0,,,False,215.55759083293378
16530,1530,2.1398533078809123e-07,1.0,,,False,215.70025591691956
16531,1531,2.1302044217463845e-07,1.0,,,False,215.81707658292726
16532,1532,2.127714537891734e-07,1.0,,,False,215.92773095797747
16533,1533,2.1242907166652003e-07,1.0,,,False,216.04439020808786
16534,1534,2.1205556777204038e-07,1.0,,,False,216.18858983297832
16535,1535,2.1255357296467992e-07,1.0,,,False,216.33850916707888
16536,1536,2.134562038236254e-07,1.0,,,False,216.47571445791982
16537,1537,2.111218151412686e-07,1.0,,,False,216.60329762496985
16538,1538,2.150747064888492e-07,1.0,,,False,216.73659008299
16539,1539,2.1168206387756072e-07,1.0,,,False,216.8442077920772
16540,1540,2.1233569214018644e-07,1.0,,,False,216.9786107079126
16541,1541,2.095966777915237e-07,1.0,,,False,217.11357962503098
16542,1542,2.1320720122730563e-07,1.0,,,False,217.2460030419752
16543,1543,2.1161982033390814e-07,1.0,,,False,217.38440358289517
16544,1544,2.1283369733282598e-07,1.0,,,False,217.54542920808308
16545,1545,2.1124631643942848e-07,1.0,,,False,217.70711112511344
16546,1546,2.1205556777204038e-07,1.0,,,False,217.86212129192427
16547,1547,2.111529369130949e-07,1.0,,,False,218.01037249993533
16548,1548,2.1208668954386667e-07,1.0,,,False,218.14724500011653
16549,1549,2.1171319986024173e-07,1.0,,,False,218.28264675009996
16550,1550,2.119310664738805e-07,1.0,,,False,218.42015820811503
16551,1551,2.103125638086567e-07,1.0,,,False,218.5497715419624
16552,1552,2.1295819863098586e-07,1.0,,,False,218.68077537510544
16553,1553,2.0984568038784346e-07,1.0,,,False,218.81456054211594
16554,1554,2.127091960346661e-07,1.0,,,False,218.9727735829074
16555,1555,2.095655560196974e-07,1.0,,,False,219.12658241693862
16556,1556,2.1090393431677512e-07,1.0,,,False,219.28844379191287
16557,1557,2.1003243944051064e-07,1.0,,,False,219.4477468749974
16558,1558,2.1065493172045535e-07,1.0,,,False,219.55793299991637
16559,1559,2.111218151412686e-07,1.0,,,False,219.66662424989045
16560,1560,2.118065651757206e-07,1.0,,,False,219.81100887502544
16561,1561,2.1000130345782964e-07,1.0,,,False,219.9172533750534
16562,1562,2.104370651068166e-07,1.0,,,False,220.040310875047
16563,1563,2.096278137742047e-07,1.0,,,False,220.1843876671046
16564,1564,2.088808059852454e-07,1.0,,,False,220.31559279211797
16565,1565,2.1233569214018644e-07,1.0,,,False,220.44422949990258
16566,1566,2.103125638086567e-07,1.0,,,False,220.5985177080147
16567,1567,2.102503060541494e-07,1.0,,,False,220.72473987494595
16568,1568,2.1018806251049682e-07,1.0,,,False,220.83543437509798
16569,1569,2.0813379819628608e-07,1.0,,,False,220.944732791977
16570,1570,2.0972117908968357e-07,1.0,,,False,221.0554953329265
16571,1571,2.095966777915237e-07,1.0,,,False,221.19865399994887
16572,1572,2.0940993294971122e-07,1.0,,,False,221.35419758292846
16573,1573,2.1099731384310871e-07,1.0,,,False,221.50082316691987
16574,1574,2.0748016993366036e-07,1.0,,,False,221.65975241689011
16575,1575,2.0925430987972504e-07,1.0,,,False,221.81501487502828
16576,1576,2.0695104296919453e-07,1.0,,,False,221.9469617079012
16577,1577,2.1084169077312254e-07,1.0,,,False,222.06115929200314
16578,1578,2.0707554426735442e-07,1.0,,,False,222.21969666704535
16579,1579,2.1124631643942848e-07,1.0,,,False,222.37444391706958
16580,1580,2.0785367382814002e-07,1.0,,,False,222.47981829196215
16581,1581,2.0738680461818149e-07,1.0,,,False,222.60167566710152
16582,1582,2.0813379819628608e-07,1.0,,,False,222.75137904193252
16583,1583,2.0825829949444596e-07,1.0,,,False,222.90115645807236
16584,1584,2.0838280079260585e-07,1.0,,,False,223.068442333024
16585,1585,2.0981455861601717e-07,1.0,,,False,223.2080484579783
16586,1586,2.0763579300364654e-07,1.0,,,False,223.36341866711155
16587,1587,2.0620404939108994e-07,1.0,,,False,223.51437099999748
16588,1588,2.080715546526335e-07,1.0,,,False,223.62501554191113
16589,1589,2.0635967246107612e-07,1.0,,,False,223.73133291699924
16590,1590,2.0695104296919453e-07,1.0,,,False,223.83859662502073
16591,1591,2.063907942329024e-07,1.0,,,False,223.9406262920238
16592,1592,2.0847618031893944e-07,1.0,,,False,224.04777358309366
16593,1593,2.0607954809293005e-07,1.0,,,False,224.17700891708955
16594,1594,2.079781751262999e-07,1.0,,,False,224.3169131251052
16595,1595,2.056749224266241e-07,1.0,,,False,224.46638516709208
16596,1596,2.079470533544736e-07,1.0,,,False,224.6234002080746
16597,1597,2.064219160047287e-07,1.0,,,False,224.7469810829498
16598,1598,2.0511465947947727e-07,1.0,,,False,224.8553107921034
16599,1599,2.0579940951392928e-07,1.0,,,False,224.9696385830175
16600,1600,2.0691992119736824e-07,1.0,1.0,0.00010116906774742958,False,225.19141774997115
16601,1601,2.0607954809293005e-07,1.0,,,False,225.34163175011054
16602,1602,2.0586166726843658e-07,1.0,,,False,225.48305783304386
16603,1603,2.0539478384762333e-07,1.0,,,False,225.64468741696328
16604,1604,2.0471003381317132e-07,1.0,,,False,225.77965412498452
16605,1605,2.0449216719953256e-07,1.0,,,False,225.89272262505256
16606,1606,2.0548816337395692e-07,1.0,,,False,226.0230866249185
16607,1607,2.049279146376648e-07,1.0,,,False,226.13284958293661
16608,1608,2.0583054549661028e-07,1.0,,,False,226.25222925003618
16609,1609,2.0542591983030434e-07,1.0,,,False,226.38790491688997
16610,1610,2.057371659702767e-07,1.0,,,False,226.51633862499148
16611,1611,2.0430540814686537e-07,1.0,,,False,226.6445525418967
16612,1612,2.0306040937612124e-07,1.0,,,False,226.76587270805612
16613,1613,2.0421202862053178e-07,1.0,,,False,226.92185866693035
16614,1614,2.033405337442673e-07,1.0,,,False,227.05627175001428
16615,1615,2.056749224266241e-07,1.0,,,False,227.18893520790152
16616,1616,2.03309411972441e-07,1.0,,,False,227.33385145803913
16617,1617,2.0558154290029051e-07,1.0,,,False,227.4691229579039
16618,1618,2.0433652991869167e-07,1.0,,,False,227.58938704198226
16619,1619,2.0452328897135885e-07,1.0,,,False,227.69627195806243
16620,1620,2.0243790288532182e-07,1.0,,,False,227.80182637507096
16621,1621,2.0436766590137267e-07,1.0,,,False,227.91096537490375
16622,1622,2.0343389905974618e-07,1.0,,,False,228.0431099170819
16623,1623,2.0309153114794753e-07,1.0,,,False,228.18394987494685
16624,1624,2.0287365032345406e-07,1.0,,,False,228.28958550002426
16625,1625,2.02593525955308e-07,1.0,,,False,228.39323999988846
16626,1626,2.0318491067428113e-07,1.0,,,False,228.53894024994224
16627,1627,2.0455441074318514e-07,1.0,,,False,228.6948510000948
16628,1628,2.01908775920856e-07,1.0,,,False,228.831714208005
16629,1629,2.0271802725346788e-07,1.0,,,False,228.9693894169759
16630,1630,2.017842746226961e-07,1.0,,,False,229.10892233299091
16631,1631,2.025001464289744e-07,1.0,,,False,229.25025424989872
16632,1632,2.0193989769268228e-07,1.0,,,False,229.3929598329123
16633,1633,2.0281140677980147e-07,1.0,,,False,229.51876062504016
16634,1634,2.025624041834817e-07,1.0,,,False,229.6530025829561
16635,1635,2.0309153114794753e-07,1.0,,,False,229.7593337080907
16636,1636,2.0081940022009803e-07,1.0,,,False,229.87162037496455
16637,1637,2.01908775920856e-07,1.0,,,False,229.9833762079943
16638,1638,2.0063264116743085e-07,1.0,,,False,230.0858574169688
16639,1639,2.0197101946450857e-07,1.0,,,False,230.21817008289509
16640,1640,2.0106838860556309e-07,1.0,,,False,230.37714791693725
16641,1641,2.0165977332453622e-07,1.0,,,False,230.52574570802972
16642,1642,2.0193989769268228e-07,1.0,,,False,230.6815388330724
16643,1643,2.0069489892193815e-07,1.0,,,False,230.82426995807327
16644,1644,2.033405337442673e-07,1.0,,,False,230.9750446251128
16645,1645,1.9969888853665907e-07,1.0,,,False,231.08238174999133
16646,1646,2.0197101946450857e-07,1.0,,,False,231.19544108305126
16647,1647,2.0047701809744467e-07,1.0,,,False,231.3122175829485
16648,1648,2.016908950963625e-07,1.0,,,False,231.4495633749757
16649,1649,2.0050813986927096e-07,1.0,,,False,231.6005675829947
16650,1650,2.009438873074032e-07,1.0,,,False,231.732603082899
16651,1651,2.0010351420296502e-07,1.0,,,False,231.83886462496594
16652,1652,2.0001013467663142e-07,1.0,,,False,231.94725537509657
16653,1653,1.9969888853665907e-07,1.0,,,False,232.0532205000054
16654,1654,1.9842275378323393e-07,1.0,,,False,232.15980858309194
16655,1655,2.010995245882441e-07,1.0,,,False,232.26270249998197
16656,1656,1.9994789113297884e-07,1.0,,,False,232.38953033299185
16657,1657,2.0225114383265463e-07,1.0,,,False,232.52486304193735
16658,1658,1.9960550901032548e-07,1.0,,,False,232.65657416707836
16659,1659,1.9910751802854065e-07,1.0,,,False,232.80214875005186
16660,1660,1.9969888853665907e-07,1.0,,,False,232.92991912504658
16661,1661,1.9907638204585965e-07,1.0,,,False,233.0611309579108
16662,1662,1.9913863980036695e-07,1.0,,,False,233.19055970804766
16663,1663,2.010061450619105e-07,1.0,,,False,233.31718658306636
16664,1664,1.9826713071324775e-07,1.0,,,False,233.4529890420381
16665,1665,2.010061450619105e-07,1.0,,,False,233.55906795803457
16666,1666,1.9733337808247597e-07,1.0,,,False,233.70256099989638
16667,1667,1.9988563337847154e-07,1.0,,,False,233.80916470801458
16668,1668,1.9848501153774123e-07,1.0,,,False,233.91816495801322
16669,1669,1.9776912552060821e-07,1.0,,,False,234.02459704200737
16670,1670,1.9963664499300648e-07,1.0,,,False,234.15494954190217
16671,1671,1.978625050469418e-07,1.0,,,False,234.3009955829475
16672,1672,1.9836051023958134e-07,1.0,,,False,234.4615810420364
16673,1673,1.9882737944953988e-07,1.0,,,False,234.61532308300957
16674,1674,1.9904526027403335e-07,1.0,,,False,234.76802733307704
16675,1675,1.9783138327511551e-07,1.0,,,False,234.91740470798686
16676,1676,1.9920088334401953e-07,1.0,,,False,235.0671822919976
16677,1677,1.9543475104910613e-07,1.0,,,False,235.21292420802638
16678,1678,1.9773800374878192e-07,1.0,,,False,235.37082633306272
16679,1679,1.9832938846775505e-07,1.0,,,False,235.5033597080037
16680,1680,1.9836051023958134e-07,1.0,,,False,235.61225666711107
16681,1681,1.9767576020512934e-07,1.0,,,False,235.72811400005594
16682,1682,1.987651359058873e-07,1.0,,,False,235.89593870798126
16683,1683,1.9773800374878192e-07,1.0,,,False,236.03880849992856
16684,1684,1.971777550124898e-07,1.0,,,False,236.15777995809913
16685,1685,1.9773800374878192e-07,1.0,,,False,236.28038241690956
16686,1686,1.9574599718907848e-07,1.0,,,False,236.3973373749759
16687,1687,1.9770688197695563e-07,1.0,,,False,236.5043398749549
16688,1688,1.9593274203089095e-07,1.0,,,False,236.63397737499326
16689,1689,1.972711345388234e-07,1.0,,,False,236.7935803749133
16690,1690,1.9811150764326158e-07,1.0,,,False,236.95109987491742
16691,1691,1.9745787938063586e-07,1.0,,,False,237.1360653329175
16692,1692,1.9487448810195929e-07,1.0,,,False,237.28528920793906
16693,1693,1.978625050469418e-07,1.0,,,False,237.42132966709323
16694,1694,1.9599499978539825e-07,1.0,,,False,237.55815958301537
16695,1695,1.963373676971969e-07,1.0,,,False,237.69650070811622
16696,1696,1.9602612155722454e-07,1.0,,,False,237.91499341698363
16697,1697,1.9742675760880957e-07,1.0,,,False,238.07033920800313
16698,1698,1.9443874066382705e-07,1.0,,,False,238.1988052080851
16699,1699,1.9776912552060821e-07,1.0,,,False,238.33556775003672
16700,1700,1.9574599718907848e-07,1.0,1.0,0.00010255411265602922,False,238.61872245790437
16701,1701,1.9677312934618385e-07,1.0,,,False,238.75158333289437
16702,1702,1.9462548550563952e-07,1.0,,,False,238.86777204205282
16703,1703,1.9618174462721072e-07,1.0,,,False,239.0001907919068
16704,1704,1.941274945238547e-07,1.0,,,False,239.12042937497608
16705,1705,1.9509236892645276e-07,1.0,,,False,239.24570545810275
16706,1706,1.969909959598226e-07,1.0,,,False,239.35731920809485
16707,1707,1.95528116364585e-07,1.0,,,False,239.47000916698016
16708,1708,1.9593274203089095e-07,1.0,,,False,239.61435783305205
16709,1709,1.9515461247010535e-07,1.0,,,False,239.76279266690835
16710,1710,1.956526176627449e-07,1.0,,,False,239.93649016693234
16711,1711,1.939718572430138e-07,1.0,,,False,240.07147512491792
16712,1712,1.9593274203089095e-07,1.0,,,False,240.20928049995564
16713,1713,1.9456324196198693e-07,1.0,,,False,240.36514791706577
16714,1714,1.9658637029351667e-07,1.0,,,False,240.52531099994667
16715,1715,1.9437648290931975e-07,1.0,,,False,240.689307291992
16716,1716,1.9518574845278636e-07,1.0,,,False,240.80938645801507
16717,1717,1.9353610980488156e-07,1.0,,,False,240.9478817919735
16718,1718,1.9506124715462647e-07,1.0,,,False,241.06791712506674
16719,1719,1.9456324196198693e-07,1.0,,,False,241.21983262500726
16720,1720,1.9490560987378558e-07,1.0,,,False,241.3542319999542
16721,1721,1.940029932256948e-07,1.0,,,False,241.48282366711646
16722,1722,1.941274945238547e-07,1.0,,,False,241.6239726669155
16723,1723,1.9372285464669403e-07,1.0,,,False,241.7391886669211
16724,1724,1.957148754172522e-07,1.0,,,False,241.880649167113
16725,1725,1.9275798024409596e-07,1.0,,,False,241.99745999998413
16726,1726,1.941274945238547e-07,1.0,,,False,242.1302598330658
16727,1727,1.9353610980488156e-07,1.0,,,False,242.29345741705038
16728,1728,1.9446986243565334e-07,1.0,,,False,242.40804220805876
16729,1729,1.9390961369936122e-07,1.0,,,False,242.5461020420771
16730,1730,1.947499868037994e-07,1.0,,,False,242.7087379998993
16731,1731,1.939718572430138e-07,1.0,,,False,242.87799833295867
16732,1732,1.924778558759499e-07,1.0,,,False,243.04609833308496
16733,1733,1.9194872891148407e-07,1.0,,,False,243.20613570790738
16734,1734,1.9341160850672168e-07,1.0,,,False,243.3411005830858
16735,1735,1.954969945927587e-07,1.0,,,False,243.4583865830209
16736,1736,1.932871072085618e-07,1.0,,,False,243.60789229208604
16737,1737,1.931937276822282e-07,1.0,,,False,243.77398462500423
16738,1738,1.9291360331408214e-07,1.0,,,False,243.919059708016
16739,1739,1.9331822898038808e-07,1.0,,,False,244.0436906251125
16740,1740,1.91668604543338e-07,1.0,,,False,244.1823762920685
16741,1741,1.9285135977042955e-07,1.0,,,False,244.3248934170697
16742,1742,1.9362948933121515e-07,1.0,,,False,244.45487587503158
16743,1743,1.9278910201592225e-07,1.0,,,False,244.62517062504776
16744,1744,1.916063467888307e-07,1.0,,,False,244.77984591689892
16745,1745,1.9272685847226967e-07,1.0,,,False,244.95570970792323
16746,1746,1.9390961369936122e-07,1.0,,,False,245.13152791699395
16747,1747,1.9201097245513665e-07,1.0,,,False,245.28199133300222
16748,1748,1.9313148413857562e-07,1.0,,,False,245.44524554209784
16749,1749,1.9300698284041573e-07,1.0,,,False,245.61258554202504
16750,1750,1.9194872891148407e-07,1.0,,,False,245.78369716694579
16751,1751,1.9117059935069847e-07,1.0,,,False,245.95938829192892
16752,1752,1.9197985068331036e-07,1.0,,,False,246.13562158308923
16753,1753,1.9151298147335183e-07,1.0,,,False,246.28236116701737
16754,1754,1.9282023799860326e-07,1.0,,,False,246.43600383307785
16755,1755,1.9197985068331036e-07,1.0,,,False,246.60481129190885
16756,1756,1.90952718526205e-07,1.0,,,False,246.736028250074
16757,1757,1.9210435198147024e-07,1.0,,,False,246.84305783291347
16758,1758,1.923844763496163e-07,1.0,,,False,246.9608731670305
16759,1759,1.9154410324517812e-07,1.0,,,False,247.11426291707903
16760,1760,1.907970954562188e-07,1.0,,,False,247.28354933299124
16761,1761,1.908904749825524e-07,1.0,,,False,247.41735333297402
16762,1762,1.923844763496163e-07,1.0,,,False,247.53447975008748
16763,1763,1.9104609805253858e-07,1.0,,,False,247.64871062501334
16764,1764,1.9260235717410978e-07,1.0,,,False,247.7908765829634
16765,1765,1.9033022624626028e-07,1.0,,,False,247.93051058310084
16766,1766,1.916063467888307e-07,1.0,,,False,248.0831621249672
16767,1767,1.885872080720219e-07,1.0,,,False,248.21717662503943
16768,1768,1.9216660973597754e-07,1.0,,,False,248.36581950006075
16769,1769,1.9104609805253858e-07,1.0,,,False,248.49268945795484
16770,1770,1.908593532107261e-07,1.0,,,False,248.64402858307585
16771,1771,1.9154410324517812e-07,1.0,,,False,248.79204362491146
16772,1772,1.9042359156173916e-07,1.0,,,False,248.93458904209547
16773,1773,1.9064147238623264e-07,1.0,,,False,249.08072829199955
16774,1774,1.8995672235178063e-07,1.0,,,False,249.20252170809545
16775,1775,1.9201097245513665e-07,1.0,,,False,249.3404017079156
16776,1776,1.908282172280451e-07,1.0,,,False,249.47932604211383
16777,1777,1.902057249481004e-07,1.0,,,False,249.60873154201545
16778,1778,1.8973884152728715e-07,1.0,,,False,249.7295483329799
16779,1779,1.8914747101916873e-07,1.0,,,False,249.88731399993412
16780,1780,1.8967659798363457e-07,1.0,,,False,250.02006041700952
16781,1781,1.917931058414979e-07,1.0,,,False,250.15358770801686
16782,1782,1.8992560057995433e-07,1.0,,,False,250.30538133298978
16783,1783,1.901745889654194e-07,1.0,,,False,250.43622166709974
16784,1784,1.902368467199267e-07,1.0,,,False,250.5461724170018
16785,1785,1.894275953873148e-07,1.0,,,False,250.6934730829671
16786,1786,1.894275953873148e-07,1.0,,,False,250.8124095830135
16787,1787,1.9117059935069847e-07,1.0,,,False,250.9250179999508
16788,1788,1.8952096070279367e-07,1.0,,,False,251.0378414168954
16789,1789,1.886183440547029e-07,1.0,,,False,251.15366154210642
16790,1790,1.902368467199267e-07,1.0,,,False,251.26581937493756
16791,1791,1.8830708370387583e-07,1.0,,,False,251.40206329198554
16792,1792,1.8995672235178063e-07,1.0,,,False,251.54582608304918
16793,1793,1.8899183373832784e-07,1.0,,,False,251.6912579999771
16794,1794,1.893964736154885e-07,1.0,,,False,251.84188458300196
16795,1795,1.8917859279099503e-07,1.0,,,False,251.98814208293334
16796,1796,1.9064147238623264e-07,1.0,,,False,252.13875562511384
16797,1797,1.8737333107310405e-07,1.0,,,False,252.26244974997826
16798,1798,1.8948983893096738e-07,1.0,,,False,252.3679229579866
16799,1799,1.8983222105362074e-07,1.0,,,False,252.4730672079604
16800,1800,1.894587171591411e-07,1.0,1.0,9.963491630085029e-05,False,252.77491695806384
16801,1801,1.8886734665102267e-07,1.0,,,False,252.93130420800298
16802,1802,1.8840046323020943e-07,1.0,,,False,253.04642720799893
16803,1803,1.8892959019467526e-07,1.0,,,False,253.1712507919874
16804,1804,1.8796471579207719e-07,1.0,,,False,253.32035433291458
16805,1805,1.8793357980939618e-07,1.0,,,False,253.5021307079587
16806,1806,1.8880508889651537e-07,1.0,,,False,253.6708428331185
16807,1807,1.8796471579207719e-07,1.0,,,False,253.82808399992064
16808,1808,1.8986334282544703e-07,1.0,,,False,253.9769017500803
16809,1809,1.8793357980939618e-07,1.0,,,False,254.12378458306193
16810,1810,1.8914747101916873e-07,1.0,,,False,254.27371087507345
16811,1811,1.8584820793421386e-07,1.0,,,False,254.40607212507166
16812,1812,1.8765345544125012e-07,1.0,,,False,254.54762724996544
16813,1813,1.8889846842284896e-07,1.0,,,False,254.71279933303595
16814,1814,1.878713362657436e-07,1.0,,,False,254.85626866691746
16815,1815,1.8892959019467526e-07,1.0,,,False,254.96980770793743
16816,1816,1.869998271786244e-07,1.0,,,False,255.11847983300686
16817,1817,1.8756009012577124e-07,1.0,,,False,255.2520021670498
16818,1818,1.8671970281047834e-07,1.0,,,False,255.40661816694774
16819,1819,1.893030940891549e-07,1.0,,,False,255.5274587920867
16820,1820,1.8650182198598486e-07,1.0,,,False,255.6789679999929
16821,1821,1.8902296972100885e-07,1.0,,,False,255.81341166701168
16822,1822,1.8653295796866587e-07,1.0,,,False,255.94624658301473
16823,1823,1.8731108752945147e-07,1.0,,,False,256.0901816249825
16824,1824,1.8659520151231845e-07,1.0,,,False,256.2312574998941
16825,1825,1.8830708370387583e-07,1.0,,,False,256.3877473329194
16826,1826,1.8668858103865205e-07,1.0,,,False,256.50539366691373
16827,1827,1.8724882977494417e-07,1.0,,,False,256.61396895791404
16828,1828,1.8584820793421386e-07,1.0,,,False,256.7455402079504
16829,1829,1.8752895414309023e-07,1.0,,,False,256.882397999987
16830,1830,1.8731108752945147e-07,1.0,,,False,257.03733554203063
16831,1831,1.8681308233681193e-07,1.0,,,False,257.1739725829102
16832,1832,1.8762233366942382e-07,1.0,,,False,257.33409500005655
16833,1833,1.8675082458230463e-07,1.0,,,False,257.4952076249756
16834,1834,1.8727995154677046e-07,1.0,,,False,257.6570534580387
16835,1835,1.8612833230235992e-07,1.0,,,False,257.7964753329288
16836,1836,1.8762233366942382e-07,1.0,,,False,257.9037810419686
16837,1837,1.8569257065337297e-07,1.0,,,False,258.03774795797653
16838,1838,1.8606607454785262e-07,1.0,,,False,258.17096700007096
16839,1839,1.8833820547570213e-07,1.0,,,False,258.3044585001189
16840,1840,1.8659520151231845e-07,1.0,,,False,258.4506144169718
16841,1841,1.8584820793421386e-07,1.0,,,False,258.5980767500587
16842,1842,1.861905758460125e-07,1.0,,,False,258.7268906671088
16843,1843,1.863773348986797e-07,1.0,,,False,258.877132124966
16844,1844,1.8609719631967891e-07,1.0,,,False,259.0095395829994
16845,1845,1.8777795673941e-07,1.0,,,False,259.1505691250786
16846,1846,1.839806884618156e-07,1.0,,,False,259.32026720792055
16847,1847,1.8594157324969274e-07,1.0,,,False,259.4879444169346
16848,1848,1.8662632328414475e-07,1.0,,,False,259.63412820803933
16849,1849,1.8572370663605398e-07,1.0,,,False,259.78451954200864
16850,1850,1.8438531412812154e-07,1.0,,,False,259.9364877080079
16851,1851,1.870309631613054e-07,1.0,,,False,260.0967506249435
16852,1852,1.8578595017970656e-07,1.0,,,False,260.23811329202726
16853,1853,1.8684420410863822e-07,1.0,,,False,260.3941623750143
16854,1854,1.840429462163229e-07,1.0,,,False,260.5535375420004
16855,1855,1.862216976178388e-07,1.0,,,False,260.70209454209544
16856,1856,1.862216976178388e-07,1.0,,,False,260.8610492919106
16857,1857,1.8727995154677046e-07,1.0,,,False,260.9983527499717
16858,1858,1.8500782061892096e-07,1.0,,,False,261.15859020804055
16859,1859,1.8441645011080254e-07,1.0,,,False,261.26354383304715
16860,1860,1.8500782061892096e-07,1.0,,,False,261.37303512496874
16861,1861,1.848210757771085e-07,1.0,,,False,261.51916787493974
16862,1862,1.8715545024861058e-07,1.0,,,False,261.67890104209073
16863,1863,1.839806884618156e-07,1.0,,,False,261.84108862490393
16864,1864,1.8643957844233228e-07,1.0,,,False,262.00319370790385
16865,1865,1.8407406798814918e-07,1.0,,,False,262.1292036669329
16866,1866,1.846965744789486e-07,1.0,,,False,262.2744957499672
16867,1867,1.8591045147786645e-07,1.0,,,False,262.41502437507734
16868,1868,1.838873231463367e-07,1.0,,,False,262.53290291689336
16869,1869,1.8435419235629524e-07,1.0,,,False,262.6424944999162
16870,1870,1.8513232191708084e-07,1.0,,,False,262.76383379194885
16871,1871,1.8597269502151903e-07,1.0,,,False,262.9092026669532
16872,1872,1.8360718456733593e-07,1.0,,,False,263.0400034170598
16873,1873,1.8594157324969274e-07,1.0,,,False,263.20469983294606
16874,1874,1.838561871636557e-07,1.0,,,False,263.3457589999307
16875,1875,1.8491444109258737e-07,1.0,,,False,263.4936402919702
16876,1876,1.8276681146289775e-07,1.0,,,False,263.64177575008944
16877,1877,1.8566144888154668e-07,1.0,,,False,263.77223808295093
16878,1878,1.8357606279550964e-07,1.0,,,False,263.9181011670735
16879,1879,1.87093206704958e-07,1.0,,,False,264.08090733294375
16880,1880,1.8360718456733593e-07,1.0,,,False,264.21780545799993
16881,1881,1.824244293402444e-07,1.0,,,False,264.3492652080022
16882,1882,1.855369475833868e-07,1.0,,,False,264.47094720811583
16883,1883,1.8279793323472404e-07,1.0,,,False,264.6164874169044
16884,1884,1.8438531412812154e-07,1.0,,,False,264.7429715830367
16885,1885,1.8373168586549582e-07,1.0,,,False,264.9013650000561
16886,1886,1.848210757771085e-07,1.0,,,False,265.0550522080157
16887,1887,1.8335819618187088e-07,1.0,,,False,265.2101137919817
16888,1888,1.8370056409366953e-07,1.0,,,False,265.36584008298814
16889,1889,1.8485219754893478e-07,1.0,,,False,265.51986337499693
16890,1890,1.8338931795369717e-07,1.0,,,False,265.70006070798263
16891,1891,1.8342043972552347e-07,1.0,,,False,265.82738508307375
16892,1892,1.8348268326917605e-07,1.0,,,False,265.9661991249304
16893,1893,1.8435419235629524e-07,1.0,,,False,266.11007987498306
16894,1894,1.838250653918294e-07,1.0,,,False,266.24952416704036
16895,1895,1.8289131276105763e-07,1.0,,,False,266.3928258330561
16896,1896,1.8145955493764632e-07,1.0,,,False,266.5443869580049
16897,1897,1.8251780886657798e-07,1.0,,,False,266.7002472500317
16898,1898,1.854435680570532e-07,1.0,,,False,266.85466887499206
16899,1899,1.8450981542628142e-07,1.0,,,False,267.002964500105
16900,1900,1.8413631153180177e-07,1.0,1.0,9.596953706165198e-05,False,267.2801462500356
16901,1901,1.8211318320027203e-07,1.0,,,False,267.4388905831147
16902,1902,1.8276681146289775e-07,1.0,,,False,267.55877154204063
16903,1903,1.8208206142844574e-07,1.0,,,False,267.67484474997036
16904,1904,1.8276681146289775e-07,1.0,,,False,267.8018910000101
16905,1905,1.8254893063840427e-07,1.0,,,False,267.9332423750311
16906,1906,1.8376282184817683e-07,1.0,,,False,268.0786550419871
16907,1907,1.8264231016473786e-07,1.0,,,False,268.2236507500056
16908,1908,1.8419856928630907e-07,1.0,,,False,268.3813871250022
16909,1909,1.8043242278054095e-07,1.0,,,False,268.5039729580749
16910,1910,1.8354494102368335e-07,1.0,,,False,268.6665897080675
16911,1911,1.8211318320027203e-07,1.0,,,False,268.8385127079673
16912,1912,1.8491444109258737e-07,1.0,,,False,268.98417970794253
16913,1913,1.8046354455236724e-07,1.0,,,False,269.1137982918881
16914,1914,1.831091935855511e-07,1.0,,,False,269.25726266694255
16915,1915,1.807748049031943e-07,1.0,,,False,269.39166137506254
16916,1916,1.838561871636557e-07,1.0,,,False,269.5013553749304
16917,1917,1.8124167411315284e-07,1.0,,,False,269.6201789579354
16918,1918,1.831091935855511e-07,1.0,,,False,269.77841187501326
16919,1919,1.8065030360503442e-07,1.0,,,False,269.90819020802155
16920,1920,1.8251780886657798e-07,1.0,,,False,270.0180516669061
16921,1921,1.8267343193656416e-07,1.0,,,False,270.15741608291864
16922,1922,1.815840562358062e-07,1.0,,,False,270.2767998750787
16923,1923,1.8173967930579238e-07,1.0,,,False,270.4127147500403
16924,1924,1.8201980367393844e-07,1.0,,,False,270.52938216691837
16925,1925,1.8286019098923134e-07,1.0,,,False,270.68423866690136
16926,1926,1.814906767094726e-07,1.0,,,False,270.8358520420734
16927,1927,1.8114830879767396e-07,1.0,,,False,270.97863649996
16928,1928,1.7980993050059624e-07,1.0,,,False,271.1198353751097
16929,1929,1.8192643835845956e-07,1.0,,,False,271.23020720807835
16930,1930,1.8295355630471022e-07,1.0,,,False,271.36303954198956
16931,1931,1.8111717281499295e-07,1.0,,,False,271.4808652079664
16932,1932,1.823310640247655e-07,1.0,,,False,271.6032525829505
16933,1933,1.7946754837794288e-07,1.0,,,False,271.7664119170513
16934,1934,1.8198868190211215e-07,1.0,,,False,271.9250693330541
16935,1935,1.815529344639799e-07,1.0,,,False,272.0345572079532
16936,1936,1.8024567793872848e-07,1.0,,,False,272.14428908308037
16937,1937,1.8198868190211215e-07,1.0,,,False,272.262451833114
16938,1938,1.8133505363948643e-07,1.0,,,False,272.36253362498246
16939,1939,1.808993062013542e-07,1.0,,,False,272.5008537080139
16940,1940,1.8214430497209833e-07,1.0,,,False,272.60594266699627
16941,1941,1.7974767274608894e-07,1.0,,,False,272.72727241693065
16942,1942,1.815529344639799e-07,1.0,,,False,272.85819062497467
16943,1943,1.8105492927134037e-07,1.0,,,False,272.9772902079858
16944,1944,1.8040130100871465e-07,1.0,,,False,273.1285611670464
16945,1945,1.8099268572768779e-07,1.0,,,False,273.2656868749764
16946,1946,1.8030792148238106e-07,1.0,,,False,273.37529183295555
16947,1947,1.808370484468469e-07,1.0,,,False,273.51580820791423
16948,1948,1.808681844295279e-07,1.0,,,False,273.64410041691735
16949,1949,1.8049468053504825e-07,1.0,,,False,273.77298220805824
16950,1950,1.786271752735047e-07,1.0,,,False,273.91134137497284
16951,1951,1.8074368313136802e-07,1.0,,,False,274.0674578330945
16952,1952,1.7956092790427647e-07,1.0,,,False,274.21838449989446
16953,1953,1.8198868190211215e-07,1.0,,,False,274.35272149997763
16954,1954,1.79343047079783e-07,1.0,,,False,274.47880108305253
16955,1955,1.792807893252757e-07,1.0,,,False,274.60919762495905
16956,1956,1.800900548687423e-07,1.0,,,False,274.73969729198143
16957,1957,1.8214430497209833e-07,1.0,,,False,274.87751504196785
16958,1958,1.7956092790427647e-07,1.0,,,False,274.9856176250614
16959,1959,1.7940529062343558e-07,1.0,,,False,275.0922124169301
16960,1960,1.7822253539634403e-07,1.0,,,False,275.2294099999126
16961,1961,1.8108605104316666e-07,1.0,,,False,275.37332779192366
16962,1962,1.7959204967610276e-07,1.0,,,False,275.53785658301786
16963,1963,1.8021455616690218e-07,1.0,,,False,275.6804916250985
16964,1964,1.778490457127191e-07,1.0,,,False,275.8066756669432
16965,1965,1.8021455616690218e-07,1.0,,,False,275.9327369169332
16966,1966,1.7865829704533098e-07,1.0,,,False,276.0663887918927
16967,1967,1.8124167411315284e-07,1.0,,,False,276.1967645830009
16968,1968,1.7937416885160928e-07,1.0,,,False,276.31279991706833
16969,1969,1.793119253079567e-07,1.0,,,False,276.4267599580344
16970,1970,1.7937416885160928e-07,1.0,,,False,276.57067708298564
16971,1971,1.784404162208375e-07,1.0,,,False,276.68176716705784
16972,1972,1.783470366945039e-07,1.0,,,False,276.80917187500745
16973,1973,1.7884504188714345e-07,1.0,,,False,276.95442187506706
16974,1974,1.792496675534494e-07,1.0,,,False,277.0715505001135
16975,1975,1.7881392011531716e-07,1.0,,,False,277.1816666671075
16976,1976,1.79343047079783e-07,1.0,,,False,277.3213589999359
16977,1977,1.785026739753448e-07,1.0,,,False,277.463196082972
16978,1978,1.808370484468469e-07,1.0,,,False,277.57450929190964
16979,1979,1.770709161519335e-07,1.0,,,False,277.6953835829627
16980,1980,1.7984105227242253e-07,1.0,,,False,277.8458980419673
16981,1981,1.7716428146741237e-07,1.0,,,False,277.9874561249744
16982,1982,1.7791128925637167e-07,1.0,,,False,278.1104897079058
16983,1983,1.801211766405686e-07,1.0,,,False,278.24221579195
16984,1984,1.7788016748454538e-07,1.0,,,False,278.4079573750496
16985,1985,1.7952979192159546e-07,1.0,,,False,278.57345800008625
16986,1986,1.776311648882256e-07,1.0,,,False,278.7138142499607
16987,1987,1.7868941881715728e-07,1.0,,,False,278.84525558305904
16988,1988,1.776311648882256e-07,1.0,,,False,278.9696342078969
16989,1989,1.776934084318782e-07,1.0,,,False,279.1021968331188
16990,1990,1.7819141362451774e-07,1.0,,,False,279.2145973748993
16991,1991,1.7781790973003808e-07,1.0,,,False,279.3251372498926
16992,1992,1.7837817267718492e-07,1.0,,,False,279.44523620791733
16993,1993,1.7713315969558607e-07,1.0,,,False,279.5826803329401
16994,1994,1.7819141362451774e-07,1.0,,,False,279.7218713751063
16995,1995,1.761994070648143e-07,1.0,,,False,279.83934754203074
16996,1996,1.7956092790427647e-07,1.0,,,False,279.9855600830633
16997,1997,1.7859603929082368e-07,1.0,,,False,280.13750970805995
16998,1998,1.7644840966113406e-07,1.0,,,False,280.3202585829422
16999,1999,1.7809803409818414e-07,1.0,,,False,280.44439820805565
17000,2000,1.7635503013480047e-07,1.0,1.0,9.158932359390064e-05,False,280.7490742080845
17001,2001,1.777556661863855e-07,1.0,,,False,280.94113037502393
17002,2002,1.7825367137902504e-07,1.0,,,False,281.09160429192707
17003,2003,1.770709161519335e-07,1.0,,,False,281.2222271671053
17004,2004,1.7685303532744e-07,1.0,,,False,281.3419238750357
17005,2005,1.7585702494216093e-07,1.0,,,False,281.46264183311723
17006,2006,1.7744440583555843e-07,1.0,,,False,281.57176612503827
17007,2007,1.7604378399482812e-07,1.0,,,False,281.7299621249549
17008,2008,1.7859603929082368e-07,1.0,,,False,281.8533362499438
17009,2009,1.7741328406373214e-07,1.0,,,False,281.96098983311094
17010,2010,1.7679079178378743e-07,1.0,,,False,282.0999356668908
17011,2011,1.7644840966113406e-07,1.0,,,False,282.2444615000859
17012,2012,1.7588816092484194e-07,1.0,,,False,282.36655670800246
17013,2013,1.7573252364400105e-07,1.0,,,False,282.5096263750456
17014,2014,1.778490457127191e-07,1.0,,,False,282.64443054189906
17015,2015,1.769152788710926e-07,1.0,,,False,282.7844735418912
17016,2016,1.7554577880218858e-07,1.0,,,False,282.9397774171084
17017,2017,1.7638615190662676e-07,1.0,,,False,283.0892802500166
17018,2018,1.7551465703036229e-07,1.0,,,False,283.22527700010687
17019,2019,1.7722653922191967e-07,1.0,,,False,283.3467955419328
17020,2020,1.7476764924140298e-07,1.0,,,False,283.48853600001894
17021,2021,1.7797354701087897e-07,1.0,,,False,283.6307984169107
17022,2022,1.7753778536189202e-07,1.0,,,False,283.7820512501057
17023,2023,1.7557690057401487e-07,1.0,,,False,283.90249745803885
17024,2024,1.7486102876773657e-07,1.0,,,False,284.00700483308174
17025,2025,1.7492327231138916e-07,1.0,,,False,284.1354747079313
17026,2026,1.7738216229190584e-07,1.0,,,False,284.2698066250887
17027,2027,1.761994070648143e-07,1.0,,,False,284.37408087495714
17028,2028,1.7626165060846688e-07,1.0,,,False,284.5161686670035
17029,2029,1.7588816092484194e-07,1.0,,,False,284.65628162492067
17030,2030,1.746120261714168e-07,1.0,,,False,284.8090489578899
17031,2031,1.753278979776951e-07,1.0,,,False,284.96796733303927
17032,2032,1.7557690057401487e-07,1.0,,,False,285.11117299995385
17033,2033,1.7514115313588263e-07,1.0,,,False,285.2519376669079
17034,2034,1.7679079178378743e-07,1.0,,,False,285.39653583290055
17035,2035,1.7579478139850835e-07,1.0,,,False,285.5490554580465
17036,2036,1.746120261714168e-07,1.0,,,False,285.6564190830104
17037,2037,1.7526565443404252e-07,1.0,,,False,285.7927048751153
17038,2038,1.7327364787433908e-07,1.0,,,False,285.9164340419229
17039,2039,1.7489215053956286e-07,1.0,,,False,286.03943895804696
17040,2040,1.752967762058688e-07,1.0,,,False,286.14989225007594
17041,2041,1.7644840966113406e-07,1.0,,,False,286.2670925001148
17042,2042,1.7514115313588263e-07,1.0,,,False,286.39704795810394
17043,2043,1.7420740050511085e-07,1.0,,,False,286.530628999928
17044,2044,1.7486102876773657e-07,1.0,,,False,286.64907033299096
17045,2045,1.7511003136405634e-07,1.0,,,False,286.7515524579212
17046,2046,1.7367827354064502e-07,1.0,,,False,286.86847854196094
17047,2047,1.7501665183772275e-07,1.0,,,False,287.0073524171021
17048,2048,1.7333589141799166e-07,1.0,,,False,287.1423326670192
17049,2049,1.7476764924140298e-07,1.0,,,False,287.2642377500888
17050,2050,1.7492327231138916e-07,1.0,,,False,287.37521804193966
17051,2051,1.738027748388049e-07,1.0,,,False,287.4884737499524
17052,2052,1.746120261714168e-07,1.0,,,False,287.6295442080591
17053,2053,1.7479877101322927e-07,1.0,,,False,287.77880241698585
17054,2054,1.7433190180327074e-07,1.0,,,False,287.92950583295897
17055,2055,1.730246452780193e-07,1.0,,,False,288.0708435419947
17056,2056,1.7277564268169954e-07,1.0,,,False,288.2107838750817
17057,2057,1.7377165306697862e-07,1.0,,,False,288.3235983750783
17058,2058,1.7377165306697862e-07,1.0,,,False,288.4725179169327
17059,2059,1.753901557322024e-07,1.0,,,False,288.6178601249121
17060,2060,1.7283788622535212e-07,1.0,,,False,288.7703937920742
17061,2061,1.746120261714168e-07,1.0,,,False,288.9087310419418
17062,2062,1.7277564268169954e-07,1.0,,,False,289.0369632919319
17063,2063,1.7349151448797784e-07,1.0,,,False,289.16858791699633
17064,2064,1.7212201441907382e-07,1.0,,,False,289.3302946249023
17065,2065,1.730868888216719e-07,1.0,,,False,289.4916995828971
17066,2066,1.7476764924140298e-07,1.0,,,False,289.6229107079562
17067,2067,1.7243326055904618e-07,1.0,,,False,289.73759020795114
17068,2068,1.7336701318981795e-07,1.0,,,False,289.8547175829299
17069,2069,1.7277564268169954e-07,1.0,,,False,289.9995742079336
17070,2070,1.7336701318981795e-07,1.0,,,False,290.1136640000623
17071,2071,1.7339814917249896e-07,1.0,,,False,290.24178200005554
17072,2072,1.722465157172337e-07,1.0,,,False,290.3955465420149
17073,2073,1.715617656827817e-07,1.0,,,False,290.55127179203555
17074,2074,1.7389614015428378e-07,1.0,,,False,290.70475854189135
17075,2075,1.7199751312091394e-07,1.0,,,False,290.8454514578916
17076,2076,1.7349151448797784e-07,1.0,,,False,290.960269167088
17077,2077,1.7177963229642046e-07,1.0,,,False,291.08175520808436
17078,2078,1.7318026834800548e-07,1.0,,,False,291.2118134999182
17079,2079,1.7205975666456652e-07,1.0,,,False,291.31851491704583
17080,2080,1.7339814917249896e-07,1.0,,,False,291.42685974994674
17081,2081,1.7162400922643428e-07,1.0,,,False,291.53776370803826
17082,2082,1.707213783674888e-07,1.0,,,False,291.6649741670117
17083,2083,1.7262001961171336e-07,1.0,,,False,291.82943441695534
17084,2084,1.7031675270118285e-07,1.0,,,False,291.95519383298233
17085,2085,1.7227763748906e-07,1.0,,,False,292.08794420794584
17086,2086,1.7215313619090011e-07,1.0,,,False,292.21602337504737
17087,2087,1.7280676445352583e-07,1.0,,,False,292.33375937491655
17088,2088,1.7100150273563486e-07,1.0,,,False,292.4941444580909
17089,2089,1.7205975666456652e-07,1.0,,,False,292.65518437488936
17090,2090,1.7140614261279552e-07,1.0,,,False,292.78421387495473
17091,2091,1.7162400922643428e-07,1.0,,,False,292.935884708073
17092,2092,1.7053463352567633e-07,1.0,,,False,293.0703129579779
17093,2093,1.7184189005092776e-07,1.0,,,False,293.1964085830841
17094,2094,1.7184189005092776e-07,1.0,,,False,293.32313616690226
17095,2095,1.7190413359458034e-07,1.0,,,False,293.456656208029
17096,2096,1.7019225140302296e-07,1.0,,,False,293.5608015418984
17097,2097,1.7134388485828822e-07,1.0,,,False,293.67019595811144
17098,2098,1.7028563092935656e-07,1.0,,,False,293.81251950003207
17099,2099,1.7134388485828822e-07,1.0,,,False,293.91946374997497
17100,2100,1.706591348238362e-07,1.0,1.0,8.644466822831331e-05,False,294.20290270796977
17101,2101,1.706902565956625e-07,1.0,,,False,294.336940624984
17102,2102,1.7286902220803313e-07,1.0,,,False,294.49106745794415
17103,2103,1.690406179477577e-07,1.0,,,False,294.6389130000025
17104,2104,1.6975650396489073e-07,1.0,,,False,294.7561650420539
17105,2105,1.700988860875441e-07,1.0,,,False,294.87940454203635
17106,2106,1.7171738875276787e-07,1.0,,,False,294.99105891701765
17107,2107,1.713750066301145e-07,1.0,,,False,295.0980251249857
17108,2108,1.693207565267585e-07,1.0,,,False,295.2229822499212
17109,2109,1.7041013222751644e-07,1.0,,,False,295.37346087489277
17110,2110,1.6891613086045254e-07,1.0,,,False,295.5033755421173
17111,2111,1.7044125399934273e-07,1.0,,,False,295.6303428749088
17112,2112,1.691962552285986e-07,1.0,,,False,295.7611567080021
17113,2113,1.7215313619090011e-07,1.0,,,False,295.9219405830372
17114,2114,1.6960088089490455e-07,1.0,,,False,296.03819633298554
17115,2115,1.692584987722512e-07,1.0,,,False,296.15100600011647
17116,2116,1.692584987722512e-07,1.0,,,False,296.26273708301596
17117,2117,1.6866712826413277e-07,1.0,,,False,296.3967039999552
17118,2118,1.7100150273563486e-07,1.0,,,False,296.540919583058
17119,2119,1.6876049357961165e-07,1.0,,,False,296.67830616701394
17120,2120,1.7044125399934273e-07,1.0,,,False,296.8198157080915
17121,2121,1.6860487050962547e-07,1.0,,,False,296.98604770796373
17122,2122,1.6900949617593142e-07,1.0,,,False,297.1425522500649
17123,2123,1.693207565267585e-07,1.0,,,False,297.2699624169618
17124,2124,1.6860487050962547e-07,1.0,,,False,297.4069238330703
17125,2125,1.684492474396393e-07,1.0,,,False,297.5684426249936
17126,2126,1.7016112963119667e-07,1.0,,,False,297.71354754199274
17127,2127,1.68418125667813e-07,1.0,,,False,297.8601658330299
17128,2128,1.69102875702265e-07,1.0,,,False,297.988109667087
17129,2129,1.6848036921146559e-07,1.0,,,False,298.0954329581
17130,2130,1.6848036921146559e-07,1.0,,,False,298.26808179193176
17131,2131,1.6984988349122432e-07,1.0,,,False,298.41915050009266
17132,2132,1.690406179477577e-07,1.0,,,False,298.5508889579214
17133,2133,1.6907175393043872e-07,1.0,,,False,298.67852716706693
17134,2134,1.6782674094883987e-07,1.0,,,False,298.8312177080661
17135,2135,1.6751549480886752e-07,1.0,,,False,298.98426508298144
17136,2136,1.6667510749357461e-07,1.0,,,False,299.0953611670993
17137,2137,1.7056575529750262e-07,1.0,,,False,299.24023695802316
17138,2138,1.6639498312542855e-07,1.0,,,False,299.3695380000863
17139,2139,1.693207565267585e-07,1.0,,,False,299.51041999994777
17140,2140,1.6788899870334717e-07,1.0,,,False,299.66744749993086
17141,2141,1.6960088089490455e-07,1.0,,,False,299.8019403330982
17142,2142,1.6735987173888134e-07,1.0,,,False,299.9075670419261
17143,2143,1.6667510749357461e-07,1.0,,,False,300.0277766250074
17144,2144,1.6739099351070763e-07,1.0,,,False,300.1716413330287
17145,2145,1.6788899870334717e-07,1.0,,,False,300.3263145000674
17146,2146,1.6729761398437404e-07,1.0,,,False,300.4658126248978
17147,2147,1.6670624347625562e-07,1.0,,,False,300.5770766250789
17148,2148,1.6810686531698593e-07,1.0,,,False,300.70349729200825
17149,2149,1.668618665462418e-07,1.0,,,False,300.81736354203895
17150,2150,1.6969424621038343e-07,1.0,,,False,300.95430512493476
17151,2151,1.668307447744155e-07,1.0,,,False,301.0793767920695
17152,2152,1.6810686531698593e-07,1.0,,,False,301.2355094170198
17153,2153,1.644652343202324e-07,1.0,,,False,301.380974000087
17154,2154,1.6658174217809574e-07,1.0,,,False,301.5036206250079
17155,2155,1.6667510749357461e-07,1.0,,,False,301.6100750830956
17156,2156,1.6872937180778536e-07,1.0,,,False,301.7373147921171
17157,2157,1.6776449740518729e-07,1.0,,,False,301.86785025009885
17158,2158,1.6788899870334717e-07,1.0,,,False,302.0226084580645
17159,2159,1.6726649221254775e-07,1.0,,,False,302.1509212080855
17160,2160,1.6465197916204488e-07,1.0,,,False,302.27911320794374
17161,2161,1.6424735349573893e-07,1.0,,,False,302.43176120799035
17162,2162,1.6645724087993585e-07,1.0,,,False,302.564177375054
17163,2163,1.6692411008989438e-07,1.0,,,False,302.6710536670871
17164,2164,1.6735987173888134e-07,1.0,,,False,302.77320745796897
17165,2165,1.6748437303704122e-07,1.0,,,False,302.9187214169651
17166,2166,1.660526152136299e-07,1.0,,,False,303.03108079195954
17167,2167,1.644652343202324e-07,1.0,,,False,303.1433278750628
17168,2168,1.659903574591226e-07,1.0,,,False,303.2598534170538
17169,2169,1.676088743352011e-07,1.0,,,False,303.37151295808144
17170,2170,1.6648836265176215e-07,1.0,,,False,303.50226712506264
17171,2171,1.653989869510042e-07,1.0,,,False,303.6528602500912
17172,2172,1.6661286394992203e-07,1.0,,,False,303.7576560419984
17173,2173,1.644340983375514e-07,1.0,,,False,303.8747132499702
17174,2174,1.6586585616096272e-07,1.0,,,False,304.00470254197717
17175,2175,1.6437185479389882e-07,1.0,,,False,304.138137208065
17176,2176,1.6595923568729631e-07,1.0,,,False,304.2667286670767
17177,2177,1.6670624347625562e-07,1.0,,,False,304.4260548329912
17178,2178,1.653678651791779e-07,1.0,,,False,304.57937516691163
17179,2179,1.6549235226648307e-07,1.0,,,False,304.73818108299747
17180,2180,1.637182265312731e-07,1.0,,,False,304.88498966698535
17181,2181,1.6353148168946063e-07,1.0,,,False,305.0270288330503
17182,2182,1.6571023309097654e-07,1.0,,,False,305.1479944169987
17183,2183,1.675777383525201e-07,1.0,,,False,305.2802543330472
17184,2184,1.652744856528443e-07,1.0,,,False,305.41723104193807
17185,2185,1.6477648046020477e-07,1.0,,,False,305.5485242919531
17186,2186,1.6331360086496716e-07,1.0,,,False,305.68071208288893
17187,2187,1.644652343202324e-07,1.0,,,False,305.823155292077
17188,2188,1.660214792309489e-07,1.0,,,False,305.9596274578944
17189,2189,1.6393610735576658e-07,1.0,,,False,306.08805670798756
17190,2190,1.6505660482835083e-07,1.0,,,False,306.2047548328992
17191,2191,1.644652343202324e-07,1.0,,,False,306.3138782500755
17192,2192,1.651811061265107e-07,1.0,,,False,306.4183445828967
17193,2193,1.6406060865392647e-07,1.0,,,False,306.52408170793205
17194,2194,1.6412285219757905e-07,1.0,,,False,306.64987824996933
17195,2195,1.652744856528443e-07,1.0,,,False,306.76845858292654
17196,2196,1.6157059690158349e-07,1.0,,,False,306.91505895811133
17197,2197,1.6350034570677963e-07,1.0,,,False,307.0651874579489
17198,2198,1.653989869510042e-07,1.0,,,False,307.2317852920387
17199,2199,1.6350034570677963e-07,1.0,,,False,307.39068312500603
17200,2200,1.6415397396940534e-07,1.0,1.0,8.200742826512724e-05,False,307.6394825829193
17201,2201,1.64527477863885e-07,1.0,,,False,307.74738479196094
17202,2202,1.6197522256788943e-07,1.0,,,False,307.8797580830287
17203,2203,1.637804700749257e-07,1.0,,,False,308.02358487504534
17204,2204,1.644963560920587e-07,1.0,,,False,308.13375583291054
17205,2205,1.6399835089941917e-07,1.0,,,False,308.2395109171048
17206,2206,1.630023405141401e-07,1.0,,,False,308.3477050419897
17207,2207,1.6393610735576658e-07,1.0,,,False,308.45819370797835
17208,2208,1.6309572004047368e-07,1.0,,,False,308.5737979579717
17209,2209,1.636871047594468e-07,1.0,,,False,308.71363058290444
17210,2210,1.622242251642092e-07,1.0,,,False,308.85998749989085
17211,2211,1.6275335212867503e-07,1.0,,,False,309.009416207904
17212,2212,1.6415397396940534e-07,1.0,,,False,309.16304591693915
17213,2213,1.6350034570677963e-07,1.0,,,False,309.277642916888
17214,2214,1.6265997260234144e-07,1.0,,,False,309.42028495809063
17215,2215,1.6244209177784796e-07,1.0,,,False,309.5705337920226
17216,2216,1.6421623172391264e-07,1.0,,,False,309.73328658309765
17217,2217,1.6160171867340978e-07,1.0,,,False,309.8885017079301
17218,2218,1.6399835089941917e-07,1.0,,,False,310.02710416703485
17219,2219,1.6209972386604932e-07,1.0,,,False,310.16778041701764
17220,2220,1.6234872646236909e-07,1.0,,,False,310.3009271249175
17221,2221,1.630334764968211e-07,1.0,,,False,310.4319857500959
17222,2222,1.6241097000602167e-07,1.0,,,False,310.5605229169596
17223,2223,1.6228646870786179e-07,1.0,,,False,310.68142195791006
17224,2224,1.6169509819974337e-07,1.0,,,False,310.81327308295295
17225,2225,1.6094809041078406e-07,1.0,,,False,310.9659854581114
17226,2226,1.629400969704875e-07,1.0,,,False,311.1175517078955
17227,2227,1.6262885083051515e-07,1.0,,,False,311.25585254188627
17228,2228,1.6209972386604932e-07,1.0,,,False,311.36354424990714
17229,2229,1.6334472263679345e-07,1.0,,,False,311.4705169580411
17230,2230,1.614149596207426e-07,1.0,,,False,311.5885997079313
17231,2231,1.6197522256788943e-07,1.0,,,False,311.73096991702914
17232,2232,1.6231759047968808e-07,1.0,,,False,311.8708647501189
17233,2233,1.6101033395443665e-07,1.0,,,False,311.9972524170298
17234,2234,1.6169509819974337e-07,1.0,,,False,312.12314125010744
17235,2235,1.6038784167449194e-07,1.0,,,False,312.2639105829876
17236,2236,1.6390497137308557e-07,1.0,,,False,312.399665792007
17237,2237,1.606990878144643e-07,1.0,,,False,312.50732645811513
17238,2238,1.6262885083051515e-07,1.0,,,False,312.6447494579479
17239,2239,1.6122821477893012e-07,1.0,,,False,312.7800981251057
17240,2240,1.6101033395443665e-07,1.0,,,False,312.9262254170608
17241,2241,1.6041896344631823e-07,1.0,,,False,313.0573707919102
17242,2242,1.6119709300710383e-07,1.0,,,False,313.1836795830168
17243,2243,1.6191296481338213e-07,1.0,,,False,313.3036494581029
17244,2244,1.6119709300710383e-07,1.0,,,False,313.4455888750963
17245,2245,1.6094809041078406e-07,1.0,,,False,313.5611692080274
17246,2246,1.6051234297265182e-07,1.0,,,False,313.69124724995345
17247,2247,1.598587147100261e-07,1.0,,,False,313.86556754191406
17248,2248,1.6054346474447811e-07,1.0,,,False,314.0229359169025
17249,2249,1.5973421341186622e-07,1.0,,,False,314.1407236671075
17250,2250,1.6269109437416773e-07,1.0,,,False,314.300630541984
17251,2251,1.5929845176287927e-07,1.0,,,False,314.43603920796886
17252,2252,1.6172621997156966e-07,1.0,,,False,314.5881339579355
17253,2253,1.6107259170894395e-07,1.0,,,False,314.7039854170289
17254,2254,1.6122821477893012e-07,1.0,,,False,314.8166299168952
17255,2255,1.6166396221706236e-07,1.0,,,False,314.9213105828967
17256,2256,1.5951633258737274e-07,1.0,,,False,315.04727316694334
17257,2257,1.5948521081554645e-07,1.0,,,False,315.18746379204094
17258,2258,1.5867595948293456e-07,1.0,,,False,315.32012516702525
17259,2259,1.5936070951738657e-07,1.0,,,False,315.46169775002636
17260,2260,1.6029446214815835e-07,1.0,,,False,315.5909654169809
17261,2261,1.6013883907817217e-07,1.0,,,False,315.7015336670447
17262,2262,1.6079246734079788e-07,1.0,,,False,315.81200870801695
17263,2263,1.6079246734079788e-07,1.0,,,False,315.9533555000089
17264,2264,1.5951633258737274e-07,1.0,,,False,316.1093422078993
17265,2265,1.6016996084999846e-07,1.0,,,False,316.24740904197097
17266,2266,1.5880044657023973e-07,1.0,,,False,316.3573109579738
17267,2267,1.6013883907817217e-07,1.0,,,False,316.46300208289176
17268,2268,1.5796007346580154e-07,1.0,,,False,316.5707751249429
17269,2269,1.598587147100261e-07,1.0,,,False,316.6768102920614
17270,2270,1.5917395046471938e-07,1.0,,,False,316.8303317918908
17271,2271,1.5702632083502976e-07,1.0,,,False,316.96304787509143
17272,2272,1.597964569555188e-07,1.0,,,False,317.125947792083
17273,2273,1.5796007346580154e-07,1.0,,,False,317.2598997920286
17274,2274,1.6032558391998464e-07,1.0,,,False,317.37665700004436
17275,2275,1.6048120698997081e-07,1.0,,,False,317.50383191695437
17276,2276,1.583335773602812e-07,1.0,,,False,317.6399067500606
17277,2277,1.5861370172842726e-07,1.0,,,False,317.7509347500745
17278,2278,1.5774219264130807e-07,1.0,,,False,317.85660333302803
17279,2279,1.598587147100261e-07,1.0,,,False,317.9955270830542
17280,2280,1.5852032220209367e-07,1.0,,,False,318.13167083309963
17281,2281,1.5802233122030884e-07,1.0,,,False,318.2631842500996
17282,2282,1.584269568866148e-07,1.0,,,False,318.4065914999228
17283,2283,1.5917395046471938e-07,1.0,,,False,318.51833183295093
17284,2284,1.5777332862398907e-07,1.0,,,False,318.6181664580945
17285,2285,1.5811569653578772e-07,1.0,,,False,318.7602850419935
17286,2286,1.5876932479841344e-07,1.0,,,False,318.90865879203193
17287,2287,1.5584356560793822e-07,1.0,,,False,319.0369335419964
17288,2288,1.5659057339689753e-07,1.0,,,False,319.1662253329996
17289,2289,1.5817795429029502e-07,1.0,,,False,319.303584957961
17290,2290,1.574309465013357e-07,1.0,,,False,319.4547025829088
17291,2291,1.60636830059957e-07,1.0,,,False,319.5734264999628
17292,2292,1.559369451342718e-07,1.0,,,False,319.70970616699196
17293,2293,1.5808457476396143e-07,1.0,,,False,319.8709440000821
17294,2294,1.5708856437868235e-07,1.0,,,False,320.0237637918908
17295,2295,1.5808457476396143e-07,1.0,,,False,320.1878466249909
17296,2296,1.568084400105363e-07,1.0,,,False,320.3261033750605
17297,2297,1.583024555884549e-07,1.0,,,False,320.45774891693145
17298,2298,1.560614464324317e-07,1.0,,,False,320.58704262506217
17299,2299,1.5705744260685606e-07,1.0,,,False,320.7131853750907
17300,2300,1.5677731823871e-07,1.0,1.0,7.777052532919857e-05,False,320.9814011249691
17301,2301,1.5705744260685606e-07,1.0,,,False,321.13605724996887
17302,2302,1.5724420165952324e-07,1.0,,,False,321.269323958084
17303,2303,1.5646607209873764e-07,1.0,,,False,321.4220157500822
17304,2304,1.568084400105363e-07,1.0,,,False,321.5460399999283
17305,2305,1.5621706950241787e-07,1.0,,,False,321.67922979197465
17306,2306,1.5481643345083285e-07,1.0,,,False,321.82787770801224
17307,2307,1.575554477994956e-07,1.0,,,False,321.9567857501097
17308,2308,1.5556344123979216e-07,1.0,,,False,322.10294524999335
17309,2309,1.575865695713219e-07,1.0,,,False,322.2157517920714
17310,2310,1.5659057339689753e-07,1.0,,,False,322.35239583300427
17311,2311,1.5562568478344474e-07,1.0,,,False,322.51345945801586
17312,2312,1.566839387123764e-07,1.0,,,False,322.6607393329032
17313,2313,1.5428730648636702e-07,1.0,,,False,322.8001745000947
17314,2314,1.566528169405501e-07,1.0,,,False,322.9309256670531
17315,2315,1.5659057339689753e-07,1.0,,,False,323.05888774991035
17316,2316,1.5584356560793822e-07,1.0,,,False,323.2209962499328
17317,2317,1.559058091515908e-07,1.0,,,False,323.3277553750668
17318,2318,1.551588155734862e-07,1.0,,,False,323.4644514580723
17319,2319,1.543806860127006e-07,1.0,,,False,323.6075006250758
17320,2320,1.5406942566187354e-07,1.0,,,False,323.7585891250055
17321,2321,1.5550118348528486e-07,1.0,,,False,323.88259424990974
17322,2322,1.5537668218712497e-07,1.0,,,False,324.0101579169277
17323,2323,1.5553231946796586e-07,1.0,,,False,324.1540208749939
17324,2324,1.5550118348528486e-07,1.0,,,False,324.297611417016
17325,2325,1.5475418990718026e-07,1.0,,,False,324.43762129195966
17326,2326,1.5397606034639466e-07,1.0,,,False,324.5800207920838
17327,2327,1.551588155734862e-07,1.0,,,False,324.71950708306395
17328,2328,1.5425618471454072e-07,1.0,,,False,324.82709462498315
17329,2329,1.5462968860902038e-07,1.0,,,False,324.93939679209143
17330,2330,1.5391380259188736e-07,1.0,,,False,325.0442052918952
17331,2331,1.5357143468008871e-07,1.0,,,False,325.1801502921153
17332,2332,1.5547006171345856e-07,1.0,,,False,325.3334810419474
17333,2333,1.5322905255743535e-07,1.0,,,False,325.4420729998965
17334,2334,1.5466081038084667e-07,1.0,,,False,325.55859841709025
17335,2335,1.5540781816980598e-07,1.0,,,False,325.7064039579127
17336,2336,1.5425618471454072e-07,1.0,,,False,325.8515414579306
17337,2337,1.5459855262633937e-07,1.0,,,False,325.9892215419095
17338,2338,1.528555486629557e-07,1.0,,,False,326.09654970793054
17339,2339,1.5316680901378277e-07,1.0,,,False,326.2192476671189
17340,2340,1.529489281892893e-07,1.0,,,False,326.3693506671116
17341,2341,1.5319793078560906e-07,1.0,,,False,326.4978502918966
17342,2342,1.5469193215267296e-07,1.0,,,False,326.6493269170169
17343,2343,1.5347805515375512e-07,1.0,,,False,326.77178000006825
17344,2344,1.520774191021701e-07,1.0,,,False,326.91887070797384
17345,2345,1.535402986974077e-07,1.0,,,False,327.05162200005725
17346,2346,1.5307342948744918e-07,1.0,,,False,327.2069332920946
17347,2347,1.5248204476847604e-07,1.0,,,False,327.33496537501924
17348,2348,1.5382043727640848e-07,1.0,,,False,327.4686652920209
17349,2349,1.5413168341638084e-07,1.0,,,False,327.6163245420903
17350,2350,1.5251318075115705e-07,1.0,,,False,327.7354909579735
17351,2351,1.5198405378669122e-07,1.0,,,False,327.85477337497286
17352,2352,1.527621691366221e-07,1.0,,,False,327.96399012510665
17353,2353,1.521707986285037e-07,1.0,,,False,328.1029227920808
17354,2354,1.513615472958918e-07,1.0,,,False,328.25004033301957
17355,2355,1.5385155904823478e-07,1.0,,,False,328.4116598330438
17356,2356,1.520462973303438e-07,1.0,,,False,328.55777904205024
17357,2357,1.5260654606663593e-07,1.0,,,False,328.7153338328935
17358,2358,1.5189067426035763e-07,1.0,,,False,328.8542768328916
17359,2359,1.5189067426035763e-07,1.0,,,False,328.96336354198866
17360,2360,1.50396658682439e-07,1.0,,,False,329.10820504208095
17361,2361,1.5341579739924782e-07,1.0,,,False,329.2387822079472
17362,2362,1.520462973303438e-07,1.0,,,False,329.37227016710676
17363,2363,1.5185955248853134e-07,1.0,,,False,329.53384520788677
17364,2364,1.520774191021701e-07,1.0,,,False,329.64489075005986
17365,2365,1.5148604859405168e-07,1.0,,,False,329.7776203749236
17366,2366,1.5192179603218392e-07,1.0,,,False,329.90774779208004
17367,2367,1.5080129855959967e-07,1.0,,,False,330.0477767919656
17368,2368,1.4946290605166723e-07,1.0,,,False,330.2090444169007
17369,2369,1.5182841650585033e-07,1.0,,,False,330.37522229203023
17370,2370,1.52917806417463e-07,1.0,,,False,330.5307521249633
17371,2371,1.5189067426035763e-07,1.0,,,False,330.68869245797396
17372,2372,1.505834177351062e-07,1.0,,,False,330.8137772080954
17373,2373,1.5101916517323843e-07,1.0,,,False,330.94006075011566
17374,2374,1.5042779466512002e-07,1.0,,,False,331.0833793329075
17375,2375,1.5189067426035763e-07,1.0,,,False,331.19420012505725
17376,2376,1.5002316899881407e-07,1.0,,,False,331.3263759999536
17377,2377,1.506145395069325e-07,1.0,,,False,331.4637859999202
17378,2378,1.5008541254246666e-07,1.0,,,False,331.59099962492473
17379,2379,1.514549268222254e-07,1.0,,,False,331.72128479206003
17380,2380,1.5036553691061272e-07,1.0,,,False,331.8812673750799
17381,2381,1.4992978947248048e-07,1.0,,,False,332.01012654206716
17382,2382,1.5157941390953056e-07,1.0,,,False,332.1591599169187
17383,2383,1.5105028694506473e-07,1.0,,,False,332.3101475420408
17384,2384,1.4958740734982712e-07,1.0,,,False,332.4205845829565
17385,2385,1.498986677006542e-07,1.0,,,False,332.5277466250118
17386,2386,1.5024103561245283e-07,1.0,,,False,332.6672076669056
17387,2387,1.5014767029697396e-07,1.0,,,False,332.8076389580965
17388,2388,1.49711908647987e-07,1.0,,,False,332.95759512507357
17389,2389,1.4856027519272175e-07,1.0,,,False,333.0971329580061
17390,2390,1.4964966510433442e-07,1.0,,,False,333.2398096669931
17391,2391,1.5033441513878643e-07,1.0,,,False,333.385139167076
17392,2392,1.4924503943802847e-07,1.0,,,False,333.5504487499129
17393,2393,1.4834240857908298e-07,1.0,,,False,333.6960348330904
17394,2394,1.5042779466512002e-07,1.0,,,False,333.8018066249788
17395,2395,1.4862253294722905e-07,1.0,,,False,333.9259483329952
17396,2396,1.5033441513878643e-07,1.0,,,False,334.0794132500887
17397,2397,1.4964966510433442e-07,1.0,,,False,334.22670070803724
17398,2398,1.489026573153751e-07,1.0,,,False,334.3527828750666
17399,2399,1.4949404203434824e-07,1.0,,,False,334.4934930000454
17400,2400,1.4949404203434824e-07,1.0,1.0,7.204441932112523e-05,False,334.7485312919598
17401,2401,1.4684839300116437e-07,1.0,,,False,334.8969461249653
17402,2402,1.489649150698824e-07,1.0,,,False,335.0319384580944
17403,2403,1.4809340598276322e-07,1.0,,,False,335.1642358750105
17404,2404,1.5080129855959967e-07,1.0,,,False,335.27405962510966
17405,2405,1.4762652256194997e-07,1.0,,,False,335.3934647080023
17406,2406,1.489337790872014e-07,1.0,,,False,335.5382385828998
17407,2407,1.482490290527494e-07,1.0,,,False,335.68263433291577
17408,2408,1.4703515205383155e-07,1.0,,,False,335.84134045802057
17409,2409,1.4871591247356264e-07,1.0,,,False,335.9787493329495
17410,2410,1.4787552515826974e-07,1.0,,,False,336.10358925000764
17411,2411,1.481556495264158e-07,1.0,,,False,336.2425106249284
17412,2412,1.4806228421093692e-07,1.0,,,False,336.36984979198314
17413,2413,1.4927616120985476e-07,1.0,,,False,336.4928315000143
17414,2414,1.4762652256194997e-07,1.0,,,False,336.6046790420078
17415,2415,1.4778215984279086e-07,1.0,,,False,336.7128760421183
17416,2416,1.4750202126379008e-07,1.0,,,False,336.8321889170911
17417,2417,1.4678614945751178e-07,1.0,,,False,336.97557012503967
17418,2418,1.4728415465015132e-07,1.0,,,False,337.12904654210433
17419,2419,1.467550276856855e-07,1.0,,,False,337.27598616690375
17420,2420,1.4880927778904152e-07,1.0,,,False,337.44636520789936
17421,2421,1.4803114822825592e-07,1.0,,,False,337.59054133296013
17422,2422,1.4800002645642962e-07,1.0,,,False,337.73837612499483
17423,2423,1.4691065075567167e-07,1.0,,,False,337.8901736671105
17424,2424,1.4644376733485842e-07,1.0,,,False,338.02833495801315
17425,2425,1.459457763530736e-07,1.0,,,False,338.1334394579753
17426,2426,1.4607027765123348e-07,1.0,,,False,338.28512933291495
17427,2427,1.4765765854463098e-07,1.0,,,False,338.4190067080781
17428,2428,1.4610139942305977e-07,1.0,,,False,338.56339695793577
17429,2429,1.4706627382565785e-07,1.0,,,False,338.72195287491195
17430,2430,1.4610139942305977e-07,1.0,,,False,338.8748582499102
17431,2431,1.467550276856855e-07,1.0,,,False,338.99016224988736
17432,2432,1.4697289429932425e-07,1.0,,,False,339.1430279170163
17433,2433,1.466927699311782e-07,1.0,,,False,339.29509950010106
17434,2434,1.4687952898384538e-07,1.0,,,False,339.4721936250571
17435,2435,1.443895172315024e-07,1.0,,,False,339.6082607919816
17436,2436,1.457590173004064e-07,1.0,,,False,339.76335133309476
17437,2437,1.4522989033594058e-07,1.0,,,False,339.8987882079091
17438,2438,1.4715965335199144e-07,1.0,,,False,340.03496941691265
17439,2439,1.4681727122933808e-07,1.0,,,False,340.1420652079396
17440,2440,1.4454514030148857e-07,1.0,,,False,340.25199600006454
17441,2441,1.458835185985663e-07,1.0,,,False,340.39390820800327
17442,2442,1.45167646792288e-07,1.0,,,False,340.51981379208155
17443,2443,1.4722189689564402e-07,1.0,,,False,340.6388004999608
17444,2444,1.4345576460073062e-07,1.0,,,False,340.7747374169994
17445,2445,1.443895172315024e-07,1.0,,,False,340.9035950000398
17446,2446,1.4485638644146093e-07,1.0,,,False,341.0216040420346
17447,2447,1.459457763530736e-07,1.0,,,False,341.1612479169853
17448,2448,1.4610139942305977e-07,1.0,,,False,341.3106380000245
17449,2449,1.4410939286335633e-07,1.0,,,False,341.4642224579584
17450,2450,1.4610139942305977e-07,1.0,,,False,341.60229204199277
17451,2451,1.4386039026703656e-07,1.0,,,False,341.74785908311605
17452,2452,1.443583812488214e-07,1.0,,,False,341.9011182500981
17453,2453,1.4214850807547919e-07,1.0,,,False,342.0651365830563
17454,2454,1.4473188514330104e-07,1.0,,,False,342.17037670803256
17455,2455,1.4463851982782217e-07,1.0,,,False,342.2774948331062
17456,2456,1.4638152379120584e-07,1.0,,,False,342.4028772080783
17457,2457,1.4414051463518263e-07,1.0,,,False,342.5486123750452
17458,2458,1.4404713510884903e-07,1.0,,,False,342.69497804204
17459,2459,1.4454514030148857e-07,1.0,,,False,342.83326383307576
17460,2460,1.434868863725569e-07,1.0,,,False,342.975387792103
17461,2461,1.434246286180496e-07,1.0,,,False,343.1214402921032
17462,2462,1.4286437988175749e-07,1.0,,,False,343.2514727918897
17463,2463,1.4451401852966228e-07,1.0,,,False,343.36701179202646
17464,2464,1.4261537728543772e-07,1.0,,,False,343.4738177501131
17465,2465,1.4379813251252926e-07,1.0,,,False,343.62232487509027
17466,2466,1.443895172315024e-07,1.0,,,False,343.7576105420012
17467,2467,1.419306272509857e-07,1.0,,,False,343.89280679193325
17468,2468,1.4423389416151622e-07,1.0,,,False,343.9981422079727
17469,2469,1.4476302112598205e-07,1.0,,,False,344.10498420801014
17470,2470,1.42646499057264e-07,1.0,,,False,344.21614787494764
17471,2471,1.4267763503994502e-07,1.0,,,False,344.35956591693684
17472,2472,1.4389151203886286e-07,1.0,,,False,344.50278079207055
17473,2473,1.4127699898836e-07,1.0,,,False,344.631043249974
17474,2474,1.4186838370733312e-07,1.0,,,False,344.77505916706286
17475,2475,1.4221075161913177e-07,1.0,,,False,344.91061220807023
17476,2476,1.4227300937363907e-07,1.0,,,False,345.04513025004417
17477,2477,1.4339350684622332e-07,1.0,,,False,345.16005124989897
17478,2478,1.411524976902001e-07,1.0,,,False,345.27044116705656
17479,2479,1.4133924253201258e-07,1.0,,,False,345.38285229192115
17480,2480,1.4137037851469358e-07,1.0,,,False,345.53404008294456
17481,2481,1.4174388240917324e-07,1.0,,,False,345.6914321249351
17482,2482,1.4189950547915942e-07,1.0,,,False,345.8033689579461
17483,2483,1.4308226070625096e-07,1.0,,,False,345.9165240419097
17484,2484,1.427087568117713e-07,1.0,,,False,346.02595279202797
17485,2485,1.4245975421545154e-07,1.0,,,False,346.14031095802784
17486,2486,1.4174388240917324e-07,1.0,,,False,346.2525645419955
17487,2487,1.4018762328760204e-07,1.0,,,False,346.40335933305323
17488,2488,1.404677476557481e-07,1.0,,,False,346.5501058748923
17489,2489,1.4087237332205405e-07,1.0,,,False,346.67885162495077
17490,2490,1.4152600158467976e-07,1.0,,,False,346.8070909169037
17491,2491,1.4065449249756057e-07,1.0,,,False,346.9439698329661
17492,2492,1.4168162465466594e-07,1.0,,,False,347.07681287499145
17493,2493,1.4099687462021393e-07,1.0,,,False,347.2127274170052
17494,2494,1.396896180949625e-07,1.0,,,False,347.3484832919203
17495,2495,1.4003200021761586e-07,1.0,,,False,347.46933395811357
17496,2496,1.4077899379572045e-07,1.0,,,False,347.59791829204187
17497,2497,1.4009424376126844e-07,1.0,,,False,347.72303454205394
17498,2498,1.4149487981285347e-07,1.0,,,False,347.87222054204904
17499,2499,1.4024986683125462e-07,1.0,,,False,347.98353133304045
17500,2500,1.3953399502497632e-07,1.0,1.0,6.591046284284192e-05,False,348.2692159169819
17501,2501,1.3931611420048284e-07,1.0,,,False,348.4202332920395
17502,2502,1.4003200021761586e-07,1.0,,,False,348.559883082984
17503,2503,1.389114885341769e-07,1.0,,,False,348.71604783297516
17504,2504,1.4065449249756057e-07,1.0,,,False,348.83113170810975
17505,2505,1.3934723597230914e-07,1.0,,,False,348.98914229194634
17506,2506,1.4006312198944215e-07,1.0,,,False,349.1383477919735
17507,2507,1.3897373207782948e-07,1.0,,,False,349.2834340829868
17508,2508,1.3875586546419072e-07,1.0,,,False,349.4297133330256
17509,2509,1.3928499242865655e-07,1.0,,,False,349.568721458083
17510,2510,1.388181090078433e-07,1.0,,,False,349.7229694169946
17511,2511,1.4015648730492103e-07,1.0,,,False,349.8723452920094
17512,2512,1.3906711160416307e-07,1.0,,,False,349.9944141251035
17513,2513,1.3872474369236443e-07,1.0,,,False,350.1203694168944
17514,2514,1.389426103060032e-07,1.0,,,False,350.2629818751011
17515,2515,1.381333589733913e-07,1.0,,,False,350.39598220796324
17516,2516,1.3832010381520377e-07,1.0,,,False,350.50869025010616
17517,2517,1.4003200021761586e-07,1.0,,,False,350.6216661250219
17518,2518,1.3931611420048284e-07,1.0,,,False,350.72697670804337
17519,2519,1.3716848457079323e-07,1.0,,,False,350.85076600010507
17520,2520,1.38102237201565e-07,1.0,,,False,350.99437216692604
17521,2521,1.3937837195499014e-07,1.0,,,False,351.13333454192616
17522,2522,1.38786987236017e-07,1.0,,,False,351.2790148330387
17523,2523,1.3919161290232296e-07,1.0,,,False,351.4254295420833
17524,2524,1.3775985507891164e-07,1.0,,,False,351.56523345806636
17525,2525,1.374486089389393e-07,1.0,,,False,351.67647375003435
17526,2526,1.3775985507891164e-07,1.0,,,False,351.82142016710714
17527,2527,1.3788435637707153e-07,1.0,,,False,351.95324825006537
17528,2528,1.3701286150080705e-07,1.0,,,False,352.0585385831073
17529,2529,1.3713734858811222e-07,1.0,,,False,352.17921866709366
17530,2530,1.3860024239420454e-07,1.0,,,False,352.31359991710633
17531,2531,1.38102237201565e-07,1.0,,,False,352.44999804208055
17532,2532,1.3754198846527288e-07,1.0,,,False,352.56467491691
17533,2533,1.3716848457079323e-07,1.0,,,False,352.67285212501884
17534,2534,1.3825786027155118e-07,1.0,,,False,352.78132287506014
17535,2535,1.3542546639655484e-07,1.0,,,False,352.88629391696304
17536,2536,1.3897373207782948e-07,1.0,,,False,352.9988618749194
17537,2537,1.3673272292180627e-07,1.0,,,False,353.131812625099
17538,2538,1.3838236156971107e-07,1.0,,,False,353.2655756669119
17539,2539,1.3670160114997998e-07,1.0,,,False,353.41458762506954
17540,2540,1.3626585371184774e-07,1.0,,,False,353.57068287511356
17541,2541,1.3782211283341894e-07,1.0,,,False,353.71027491707355
17542,2542,1.3629697548367403e-07,1.0,,,False,353.82875266694464
17543,2543,1.3760423200892546e-07,1.0,,,False,353.98498079204
17544,2544,1.3642147678183392e-07,1.0,,,False,354.09958066698164
17545,2545,1.3595459336102067e-07,1.0,,,False,354.21153862494975
17546,2546,1.3620359595734044e-07,1.0,,,False,354.3673908330966
17547,2547,1.357367267473819e-07,1.0,,,False,354.48630304192193
17548,2548,1.3775985507891164e-07,1.0,,,False,354.59730979194865
17549,2549,1.3757311023709917e-07,1.0,,,False,354.7000706670806
17550,2550,1.3623473194002145e-07,1.0,,,False,354.83865441707894
17551,2551,1.357367267473819e-07,1.0,,,False,354.95196887501515
17552,2552,1.3670160114997998e-07,1.0,,,False,355.0834822920151
17553,2553,1.3554996769471472e-07,1.0,,,False,355.256707750028
17554,2554,1.373552294126057e-07,1.0,,,False,355.3948775830213
17555,2555,1.3530096509839495e-07,1.0,,,False,355.5249495420139
17556,2556,1.3639035501000762e-07,1.0,,,False,355.65796674997546
17557,2557,1.3607909465918056e-07,1.0,,,False,355.80958033306524
17558,2558,1.3626585371184774e-07,1.0,,,False,355.9425313330721
17559,2559,1.3458509329211665e-07,1.0,,,False,356.07731129205786
17560,2560,1.3747973071076558e-07,1.0,,,False,356.2024211669341
17561,2561,1.3523872155474237e-07,1.0,,,False,356.34332233294845
17562,2562,1.3551884592288843e-07,1.0,,,False,356.4647632080596
17563,2563,1.3461621506394295e-07,1.0,,,False,356.6081365828868
17564,2564,1.364525985536602e-07,1.0,,,False,356.74925404204987
17565,2565,1.3592347158919438e-07,1.0,,,False,356.8974700830877
17566,2566,1.3483409588843642e-07,1.0,,,False,357.03291287506
17567,2567,1.3545660237923585e-07,1.0,,,False,357.16766220796853
17568,2568,1.3607909465918056e-07,1.0,,,False,357.28886991692707
17569,2569,1.357367267473819e-07,1.0,,,False,357.453045417089
17570,2570,1.3695060374629975e-07,1.0,,,False,357.58445270801894
17571,2571,1.3523872155474237e-07,1.0,,,False,357.7252092079725
17572,2572,1.334334598368514e-07,1.0,,,False,357.84743683296256
17573,2573,1.3414934585398441e-07,1.0,,,False,357.9637799169868
17574,2574,1.3464735104662395e-07,1.0,,,False,358.0866623749025
17575,2575,1.3554996769471472e-07,1.0,,,False,358.20091108302586
17576,2576,1.3470959459027654e-07,1.0,,,False,358.30601970804855
17577,2577,1.350830984847562e-07,1.0,,,False,358.4303073750343
17578,2578,1.3520759978291608e-07,1.0,,,False,358.54705691710114
17579,2579,1.3458509329211665e-07,1.0,,,False,358.6780772919301
17580,2580,1.3536322285290225e-07,1.0,,,False,358.8306491249241
17581,2581,1.3396258680131723e-07,1.0,,,False,358.97167416708544
17582,2582,1.334334598368514e-07,1.0,,,False,359.11863170797005
17583,2583,1.3467847281845025e-07,1.0,,,False,359.25591604202054
17584,2584,1.3514534202840878e-07,1.0,,,False,359.36987520800903
17585,2585,1.3405596632765082e-07,1.0,,,False,359.475279541919
17586,2586,1.3589234981736809e-07,1.0,,,False,359.5797325829044
17587,2587,1.334957175913587e-07,1.0,,,False,359.7134632919915
17588,2588,1.3234408413609344e-07,1.0,,,False,359.8760387499351
17589,2589,1.3452284974846407e-07,1.0,,,False,360.0299317499157
17590,2590,1.3470959459027654e-07,1.0,,,False,360.17625941708684
17591,2591,1.3396258680131723e-07,1.0,,,False,360.3164887079038
17592,2592,1.3511422025658248e-07,1.0,,,False,360.47636350011453
17593,2593,1.3293545464421186e-07,1.0,,,False,360.59133987501264
17594,2594,1.3355796113501128e-07,1.0,,,False,360.75122649990954
17595,2595,1.341182098713034e-07,1.0,,,False,360.89405595790595
17596,2596,1.3439834845030418e-07,1.0,,,False,361.0387595829088
17597,2597,1.3221958283793356e-07,1.0,,,False,361.1824829170946
17598,2598,1.3452284974846407e-07,1.0,,,False,361.3111007080879
17599,2599,1.3215733929428097e-07,1.0,,,False,361.467466250062
17600,2600,1.3200170201344008e-07,1.0,1.0,6.259179522261546e-05,False,361.75233341706917
17601,2601,1.3386922148583835e-07,1.0,,,False,361.88433229201473
17602,2602,1.326553302760658e-07,1.0,,,False,362.01562441699207
17603,2603,1.3442947022213048e-07,1.0,,,False,362.16119408304803
17604,2604,1.3327783676686522e-07,1.0,,,False,362.32287129200995
17605,2605,1.3377584195950476e-07,1.0,,,False,362.4833850830328
17606,2606,1.3237520590791974e-07,1.0,,,False,362.64038474997506
17607,2607,1.3358908290683758e-07,1.0,,,False,362.7762019170914
17608,2608,1.3243746366242704e-07,1.0,,,False,362.9343326250091
17609,2609,1.326242085042395e-07,1.0,,,False,363.07952562510036
17610,2610,1.319394584697875e-07,1.0,,,False,363.2430970829446
17611,2611,1.3299771239871916e-07,1.0,,,False,363.3755431671161
17612,2612,1.333712162931988e-07,1.0,,,False,363.5067391670309
17613,2613,1.3240632767974603e-07,1.0,,,False,363.6249741669744
17614,2614,1.320328379961211e-07,1.0,,,False,363.73119416693226
17615,2615,1.334957175913587e-07,1.0,,,False,363.88343470799737
17616,2616,1.3402484455582453e-07,1.0,,,False,364.02972016693093
17617,2617,1.3218846106610727e-07,1.0,,,False,364.16523120808415
17618,2618,1.317526994171203e-07,1.0,,,False,364.3251403749455
17619,2619,1.3100570583901572e-07,1.0,,,False,364.477828042116
17620,2620,1.3091232631268213e-07,1.0,,,False,364.6238945829682
17621,2621,1.318149571716276e-07,1.0,,,False,364.7655986249447
17622,2622,1.33526839363185e-07,1.0,,,False,364.890880666906
17623,2623,1.3206395976794738e-07,1.0,,,False,365.016459666891
17624,2624,1.3228184059244086e-07,1.0,,,False,365.1527026249096
17625,2625,1.310990711544946e-07,1.0,,,False,365.26696425001137
17626,2626,1.317526994171203e-07,1.0,,,False,365.40785379195586
17627,2627,1.3309109192505275e-07,1.0,,,False,365.56596937496215
17628,2628,1.3380696373133105e-07,1.0,,,False,365.728923042072
17629,2629,1.3088120454085583e-07,1.0,,,False,365.8673100830056
17630,2630,1.303209558045637e-07,1.0,,,False,366.0077125420794
17631,2631,1.2991631592740305e-07,1.0,,,False,366.1296600000933
17632,2632,1.3162821232981514e-07,1.0,,,False,366.3023762500379
17633,2633,1.3287321110055927e-07,1.0,,,False,366.4145074579865
17634,2634,1.3081894678634853e-07,1.0,,,False,366.55588333308697
17635,2635,1.3231296236426715e-07,1.0,,,False,366.6917017919477
17636,2636,1.310679493826683e-07,1.0,,,False,366.8321340419352
17637,2637,1.3144145327714796e-07,1.0,,,False,366.96060795802623
17638,2638,1.3256196496058692e-07,1.0,,,False,367.0759425419383
17639,2639,1.3169045587346773e-07,1.0,,,False,367.22076183301397
17640,2640,1.311613289090019e-07,1.0,,,False,367.35139791690744
17641,2641,1.3091232631268213e-07,1.0,,,False,367.49005762510933
17642,2642,1.303209558045637e-07,1.0,,,False,367.6348640420474
17643,2643,1.3053882241820247e-07,1.0,,,False,367.7685130420141
17644,2644,1.2895144152480498e-07,1.0,,,False,367.91470958292484
17645,2645,1.3290433287238557e-07,1.0,,,False,368.07643250003457
17646,2646,1.318149571716276e-07,1.0,,,False,368.2184707499109
17647,2647,1.303831993482163e-07,1.0,,,False,368.34102625004016
17648,2648,1.304454571027236e-07,1.0,,,False,368.47024087491445
17649,2649,1.303209558045637e-07,1.0,,,False,368.6188620000612
17650,2650,1.2994745191008406e-07,1.0,,,False,368.76264533307403
17651,2651,1.3134807375081436e-07,1.0,,,False,368.93222895800136
17652,2652,1.2969844931376429e-07,1.0,,,False,369.09379554190673
17653,2653,1.3100570583901572e-07,1.0,,,False,369.2403395830188
17654,2654,1.3085008276902954e-07,1.0,,,False,369.3652497921139
17655,2655,1.2907594282296486e-07,1.0,,,False,369.4942318329122
17656,2656,1.3091232631268213e-07,1.0,,,False,369.63894041697495
17657,2657,1.2864019538483262e-07,1.0,,,False,369.75655262498185
17658,2658,1.2979182884009788e-07,1.0,,,False,369.88758316705935
17659,2659,1.3162821232981514e-07,1.0,,,False,370.02191104204394
17660,2660,1.3035207757639e-07,1.0,,,False,370.1545423329808
17661,2661,1.3131695197898807e-07,1.0,,,False,370.2989098750986
17662,2662,1.2892031975297868e-07,1.0,,,False,370.4393244169187
17663,2663,1.2776868629771343e-07,1.0,,,False,370.5492140420247
17664,2664,1.3246858543425333e-07,1.0,,,False,370.6922200829722
17665,2665,1.3007195320824394e-07,1.0,,,False,370.8298712079413
17666,2666,1.2963619155925699e-07,1.0,,,False,370.94954129192047
17667,2667,1.2895144152480498e-07,1.0,,,False,371.07059579202905
17668,2668,1.280488106658595e-07,1.0,,,False,371.19150550011545
17669,2669,1.294805684892708e-07,1.0,,,False,371.316366791958
17670,2670,1.2991631592740305e-07,1.0,,,False,371.4872612499166
17671,2671,1.3072558147086966e-07,1.0,,,False,371.6462067500688
17672,2672,1.2991631592740305e-07,1.0,,,False,371.75339587498456
17673,2673,1.2976069285741687e-07,1.0,,,False,371.88013083301485
17674,2674,1.2867131715665892e-07,1.0,,,False,372.0137904579751
17675,2675,1.256210566680238e-07,1.0,,,False,372.139014583081
17676,2676,1.2976069285741687e-07,1.0,,,False,372.2683140418958
17677,2677,1.2979182884009788e-07,1.0,,,False,372.4323659581132
17678,2678,1.3013419675189652e-07,1.0,,,False,372.60116937500425
17679,2679,1.2839119278851285e-07,1.0,,,False,372.75139000010677
17680,2680,1.295116902610971e-07,1.0,,,False,372.85381629201584
17681,2681,1.2907594282296486e-07,1.0,,,False,372.990489250049
17682,2682,1.3041432112004259e-07,1.0,,,False,373.1211786249187
17683,2683,1.287646966829925e-07,1.0,,,False,373.2417876669206
17684,2684,1.2742631838591478e-07,1.0,,,False,373.3721204579342
17685,2685,1.2823556971852668e-07,1.0,,,False,373.5124117080122
17686,2686,1.2895144152480498e-07,1.0,,,False,373.6761127500795
17687,2687,1.2817331196401938e-07,1.0,,,False,373.8260533330031
17688,2688,1.2845343633216544e-07,1.0,,,False,373.9789613750763
17689,2689,1.302586980500564e-07,1.0,,,False,374.1429086669814
17690,2690,1.2689719142144895e-07,1.0,,,False,374.3013897500932
17691,2691,1.2842231456033915e-07,1.0,,,False,374.4624146670103
17692,2692,1.2807993243768578e-07,1.0,,,False,374.5893122081179
17693,2693,1.2748857614042208e-07,1.0,,,False,374.69415929191746
17694,2694,1.279243093676996e-07,1.0,,,False,374.8084622079041
17695,2695,1.296050697874307e-07,1.0,,,False,374.9257310000248
17696,2696,1.2686606964962266e-07,1.0,,,False,375.0386842500884
17697,2697,1.2907594282296486e-07,1.0,,,False,375.1442060000263
17698,2698,1.2751968370139366e-07,1.0,,,False,375.28552883304656
17699,2699,1.2786206582404702e-07,1.0,,,False,375.4237938330043
17700,2700,1.2864019538483262e-07,1.0,1.0,5.882042269879971e-05,False,375.6381579169538
17701,2701,1.2892031975297868e-07,1.0,,,False,375.80186916701496
17702,2702,1.279865671222069e-07,1.0,,,False,375.9659499169793
17703,2703,1.280488106658595e-07,1.0,,,False,376.0986589579843
17704,2704,1.2590118103616987e-07,1.0,,,False,376.2513470828999
17705,2705,1.288891979811524e-07,1.0,,,False,376.3635361669585
17706,2706,1.25123065686239e-07,1.0,,,False,376.47046429198235
17707,2707,1.2997857368191035e-07,1.0,,,False,376.59542150003836
17708,2708,1.2714619401776872e-07,1.0,,,False,376.7147085829638
17709,2709,1.2867131715665892e-07,1.0,,,False,376.8224877079483
17710,2710,1.2695943496510154e-07,1.0,,,False,376.96482937503606
17711,2711,1.2630582091333054e-07,1.0,,,False,377.120023583062
17712,2712,1.2786206582404702e-07,1.0,,,False,377.2643942919094
17713,2713,1.2624356315882324e-07,1.0,,,False,377.38813604204915
17714,2714,1.2577667973801e-07,1.0,,,False,377.5425245829392
17715,2715,1.2842231456033915e-07,1.0,,,False,377.687877249904
17716,2716,1.281110684203668e-07,1.0,,,False,377.836564083118
17717,2717,1.287646966829925e-07,1.0,,,False,377.9444837078918
17718,2718,1.2723957354410231e-07,1.0,,,False,378.0571086250711
17719,2719,1.272706953159286e-07,1.0,,,False,378.1850796251092
17720,2720,1.249363066335718e-07,1.0,,,False,378.3415277081076
17721,2721,1.2621244138699694e-07,1.0,,,False,378.4985029581003
17722,2722,1.265859452814766e-07,1.0,,,False,378.6345721669495
17723,2723,1.2848457231484645e-07,1.0,,,False,378.75590466707945
17724,2724,1.2667931059695547e-07,1.0,,,False,378.90608875011094
17725,2725,1.2848457231484645e-07,1.0,,,False,379.0500849171076
17726,2726,1.243449361254534e-07,1.0,,,False,379.18812816706486
17727,2727,1.2611906186066335e-07,1.0,,,False,379.308559166966
17728,2728,1.2671044657963648e-07,1.0,,,False,379.42309283302166
17729,2729,1.2711507224594243e-07,1.0,,,False,379.548102957895
17730,2730,1.2543431182621134e-07,1.0,,,False,379.68237333302386
17731,2731,1.2546543359803763e-07,1.0,,,False,379.79939658311196
17732,2732,1.2823556971852668e-07,1.0,,,False,379.9193124999292
17733,2733,1.2555881312437123e-07,1.0,,,False,380.03250945801847
17734,2734,1.2599456056250347e-07,1.0,,,False,380.17638500011526
17735,2735,1.2842231456033915e-07,1.0,,,False,380.32854645792395
17736,2736,1.242515565991198e-07,1.0,,,False,380.4482535829302
17737,2737,1.2683494787779637e-07,1.0,,,False,380.556039707968
17738,2738,1.2608794008883706e-07,1.0,,,False,380.6591552919708
17739,2739,1.2608794008883706e-07,1.0,,,False,380.7656836248934
17740,2740,1.2565219265070482e-07,1.0,,,False,380.8690520829987
17741,2741,1.2751968370139366e-07,1.0,,,False,380.9825800829567
17742,2742,1.265859452814766e-07,1.0,,,False,381.0941320830025
17743,2743,1.2353567058198678e-07,1.0,,,False,381.2046667500399
17744,2744,1.2521643100171787e-07,1.0,,,False,381.31439008307643
17745,2745,1.2537205407170404e-07,1.0,,,False,381.47917491709813
17746,2746,1.2481180533541192e-07,1.0,,,False,381.6384932079818
17747,2747,1.2742631838591478e-07,1.0,,,False,381.7878185000736
17748,2748,1.249363066335718e-07,1.0,,,False,381.92238012491725
17749,2749,1.2552769135254493e-07,1.0,,,False,382.0662091670092
17750,2750,1.249363066335718e-07,1.0,,,False,382.2247349170502
17751,2751,1.2524755277354416e-07,1.0,,,False,382.3735122499056
17752,2752,1.2621244138699694e-07,1.0,,,False,382.50857108295895
17753,2753,1.2524755277354416e-07,1.0,,,False,382.6508351669181
17754,2754,1.2546543359803763e-07,1.0,,,False,382.79919262509793
17755,2755,1.2621244138699694e-07,1.0,,,False,382.924685416976
17756,2756,1.2465618226542574e-07,1.0,,,False,383.0304746669717
17757,2757,1.2515418745806528e-07,1.0,,,False,383.152213833062
17758,2758,1.2381580916098756e-07,1.0,,,False,383.28258337499574
17759,2759,1.2350454881016049e-07,1.0,,,False,383.4283834169619
17760,2760,1.249363066335718e-07,1.0,,,False,383.53972404194064
17761,2761,1.2524755277354416e-07,1.0,,,False,383.6449365001172
17762,2762,1.2509192970355798e-07,1.0,,,False,383.7940792920999
17763,2763,1.2627468493064953e-07,1.0,,,False,383.93437791708857
17764,2764,1.233489257401743e-07,1.0,,,False,384.03996783308685
17765,2765,1.2478068356358563e-07,1.0,,,False,384.1844378330279
17766,2766,1.2450055919543956e-07,1.0,,,False,384.35446720803156
17767,2767,1.256833144225311e-07,1.0,,,False,384.50716691697016
17768,2768,1.256210566680238e-07,1.0,,,False,384.64659970789216
17769,2769,1.2403367577462632e-07,1.0,,,False,384.76707520801574
17770,2770,1.2384693093281385e-07,1.0,,,False,384.89909787499346
17771,2771,1.2297542184569465e-07,1.0,,,False,385.0453713329043
17772,2772,1.2353567058198678e-07,1.0,,,False,385.1924654999748
17773,2773,1.2400255400280003e-07,1.0,,,False,385.3121152499225
17774,2774,1.2608794008883706e-07,1.0,,,False,385.4459516250063
17775,2775,1.2450055919543956e-07,1.0,,,False,385.5619488330558
17776,2776,1.2210392696943018e-07,1.0,,,False,385.6955991249997
17777,2777,1.243449361254534e-07,1.0,,,False,385.81553524988703
17778,2778,1.2527868875622516e-07,1.0,,,False,385.9296698330436
17779,2779,1.2409593352913362e-07,1.0,,,False,386.085774499923
17780,2780,1.2478068356358563e-07,1.0,,,False,386.2117360830307
17781,2781,1.2291317830204207e-07,1.0,,,False,386.3394577500876
17782,2782,1.2238405133757624e-07,1.0,,,False,386.4981672919821
17783,2783,1.2462506049359945e-07,1.0,,,False,386.65215045795776
17784,2784,1.2459392451091844e-07,1.0,,,False,386.81110233301297
17785,2785,1.2378467317830655e-07,1.0,,,False,386.98082650010474
17786,2786,1.2235291535489523e-07,1.0,,,False,387.1381882498972
17787,2787,1.2322442444201442e-07,1.0,,,False,387.26387712499127
17788,2788,1.2362905010832037e-07,1.0,,,False,387.41030141711235
17789,2789,1.2303767960020195e-07,1.0,,,False,387.5486184170004
17790,2790,1.2468730403725203e-07,1.0,,,False,387.6781140419189
17791,2791,1.2375355140648026e-07,1.0,,,False,387.8076169169508
17792,2792,1.2194828968858928e-07,1.0,,,False,387.9747929999139
17793,2793,1.2306880137202825e-07,1.0,,,False,388.109227667097
17794,2794,1.2247741665305512e-07,1.0,,,False,388.26643970794976
17795,2795,1.234423052665079e-07,1.0,,,False,388.4310354581103
17796,2796,1.240647975464526e-07,1.0,,,False,388.65181579208
17797,2797,1.2372242963465396e-07,1.0,,,False,388.82466583303176
17798,2798,1.2151254225045705e-07,1.0,,,False,389.008754957933
17799,2799,1.2160592177679064e-07,1.0,,,False,389.15151533298194
17800,2800,1.225707961793887e-07,1.0,1.0,5.54892431309802e-05,False,389.447958417004
17801,2801,1.2316218089836184e-07,1.0,,,False,389.5902389578987
17802,2802,1.2316218089836184e-07,1.0,,,False,389.71689012506977
17803,2803,1.2235291535489523e-07,1.0,,,False,389.8851826249156
17804,2804,1.22633053933896e-07,1.0,,,False,390.01975504192524
17805,2805,1.218860461449367e-07,1.0,,,False,390.17471241694875
17806,2806,1.2309992314385454e-07,1.0,,,False,390.3809331250377
17807,2807,1.2225955003941635e-07,1.0,,,False,390.5417100000195
17808,2808,1.217926666186031e-07,1.0,,,False,390.6835178330075
17809,2809,1.2272641924937489e-07,1.0,,,False,390.81358304200694
17810,2810,1.226641757057223e-07,1.0,,,False,390.9964302079752
17811,2811,1.2173042307495052e-07,1.0,,,False,391.155574958073
17812,2812,1.2216617051308276e-07,1.0,,,False,391.3060498330742
17813,2813,1.225707961793887e-07,1.0,,,False,391.4367515419144
17814,2814,1.2057878961968527e-07,1.0,,,False,391.57377579202875
17815,2815,1.218549243731104e-07,1.0,,,False,391.7261039579753
17816,2816,1.2089003575965762e-07,1.0,,,False,391.84405462490395
17817,2817,1.2275754102120118e-07,1.0,,,False,391.98762583290227
17818,2818,1.2213504874125647e-07,1.0,,,False,392.14250833308324
17819,2819,1.2241517310940253e-07,1.0,,,False,392.3031375829596
17820,2820,1.2222841405673535e-07,1.0,,,False,392.4403191669844
17821,2821,1.202986652515392e-07,1.0,,,False,392.58141958294436
17822,2822,1.2213504874125647e-07,1.0,,,False,392.71314562507905
17823,2823,1.1892915807720783e-07,1.0,,,False,392.84527545794845
17824,2824,1.2073441268967144e-07,1.0,,,False,392.9997044170741
17825,2825,1.233800475120006e-07,1.0,,,False,393.15323795797303
17826,2826,1.204231665496991e-07,1.0,,,False,393.2844854169525
17827,2827,1.2229067181124265e-07,1.0,,,False,393.4129867919255
17828,2828,1.2194828968858928e-07,1.0,,,False,393.5448476669844
17829,2829,1.2288204231936106e-07,1.0,,,False,393.7005433749873
17830,2830,1.202986652515392e-07,1.0,,,False,393.8630631249398
17831,2831,1.2117016012780368e-07,1.0,,,False,393.98636358301155
17832,2832,1.2085891398783133e-07,1.0,,,False,394.14533749991097
17833,2833,1.1980066005889967e-07,1.0,,,False,394.2924885000102
17834,2834,1.2079667044417874e-07,1.0,,,False,394.4534086249769
17835,2835,1.211079165841511e-07,1.0,,,False,394.616004667012
17836,2836,1.2060991139151156e-07,1.0,,,False,394.75454479199834
17837,2837,1.203609087951918e-07,1.0,,,False,394.91888762498274
17838,2838,1.1905365937536772e-07,1.0,,,False,395.0784159169998
17839,2839,1.2219729228490905e-07,1.0,,,False,395.1910275830887
17840,2840,1.2145029870680446e-07,1.0,,,False,395.33518304210156
17841,2841,1.22601917951215e-07,1.0,,,False,395.45327800000086
17842,2842,1.2039203056701808e-07,1.0,,,False,395.560271916911
17843,2843,1.1986290360255225e-07,1.0,,,False,395.66771374992095
17844,2844,1.1861790483180812e-07,1.0,,,False,395.8261849170085
17845,2845,1.2067216914601886e-07,1.0,,,False,395.9769879169762
17846,2846,1.2001854088339314e-07,1.0,,,False,396.12469829199836
17847,2847,1.2082779221600504e-07,1.0,,,False,396.27072050003335
17848,2848,1.2095229351416492e-07,1.0,,,False,396.4345383748878
17849,2849,1.2048541009335167e-07,1.0,,,False,396.61311375000514
17850,2850,1.1992516135705955e-07,1.0,,,False,396.8038207918871
17851,2851,1.2082779221600504e-07,1.0,,,False,396.9472706669476
17852,2852,1.2092117174233863e-07,1.0,,,False,397.0847537498921
17853,2853,1.1864902660363441e-07,1.0,,,False,397.2030752080027
17854,2854,1.1805764899008864e-07,1.0,,,False,397.33583924989216
17855,2855,1.1942715616442e-07,1.0,,,False,397.51065454189666
17856,2856,1.210145370578175e-07,1.0,,,False,397.66233591688797
17857,2857,1.2051653186517797e-07,1.0,,,False,397.7887302080635
17858,2858,1.2057878961968527e-07,1.0,,,False,397.918344625039
17859,2859,1.1914703179627395e-07,1.0,,,False,398.04220729204826
17860,2860,1.18400031112742e-07,1.0,,,False,398.17072366690263
17861,2861,1.1992516135705955e-07,1.0,,,False,398.32561287493445
17862,2862,1.195827792344062e-07,1.0,,,False,398.4736847500317
17863,2863,1.1980066005889967e-07,1.0,,,False,398.6308327920269
17864,2864,1.1908478114719401e-07,1.0,,,False,398.76564883301035
17865,2865,1.1889802919995418e-07,1.0,,,False,398.9183157919906
17866,2866,1.1983178183072596e-07,1.0,,,False,399.0838857500348
17867,2867,1.1927153309443383e-07,1.0,,,False,399.2395843330305
17868,2868,1.1995628312888584e-07,1.0,,,False,399.39114533294924
17869,2869,1.1967615876073978e-07,1.0,,,False,399.5149974171072
17870,2870,1.1933377663808642e-07,1.0,,,False,399.62698054197244
17871,2871,1.172795265347304e-07,1.0,,,False,399.7630629579071
17872,2872,1.1908478114719401e-07,1.0,,,False,399.94755350006744
17873,2873,1.1811989963916858e-07,1.0,,,False,400.08411554200575
17874,2874,1.1992516135705955e-07,1.0,,,False,400.2145629168954
17875,2875,1.1992516135705955e-07,1.0,,,False,400.36494987504557
17876,2876,1.211390383559774e-07,1.0,,,False,400.51349300006405
17877,2877,1.1896027984903412e-07,1.0,,,False,400.6637563330587
17878,2878,1.1815102851642223e-07,1.0,,,False,400.8192547499202
17879,2879,1.1805764899008864e-07,1.0,,,False,400.98800670797937
17880,2880,1.1790202592010246e-07,1.0,,,False,401.149546291912
17881,2881,1.172795265347304e-07,1.0,,,False,401.3133079169784
17882,2882,1.1989403958523326e-07,1.0,,,False,401.4744484999683
17883,2883,1.187735279017943e-07,1.0,,,False,401.62301649991423
17884,2884,1.1833778046366206e-07,1.0,,,False,401.7601356250234
17885,2885,1.1790202592010246e-07,1.0,,,False,401.88441916694865
17886,2886,1.1805764899008864e-07,1.0,,,False,402.0061900001019
17887,2887,1.1905365937536772e-07,1.0,,,False,402.12550579197705
17888,2888,1.1896027984903412e-07,1.0,,,False,402.26717337500304
17889,2889,1.1783977527102252e-07,1.0,,,False,402.39887362509035
17890,2890,1.1768415220103634e-07,1.0,,,False,402.50509212492034
17891,2891,1.1743514960471657e-07,1.0,,,False,402.62759437505156
17892,2892,1.1905365937536772e-07,1.0,,,False,402.7456954999361
17893,2893,1.1665702004393097e-07,1.0,,,False,402.8802371250931
17894,2894,1.1818215028824852e-07,1.0,,,False,403.01977370795794
17895,2895,1.1715502523657051e-07,1.0,,,False,403.15542758302763
17896,2896,1.1821327916550217e-07,1.0,,,False,403.29530262504704
17897,2897,1.1709277458749057e-07,1.0,,,False,403.4341935829725
17898,2898,1.1771527397286263e-07,1.0,,,False,403.59087674994953
17899,2899,1.1871127725271435e-07,1.0,,,False,403.75147291691974
17900,2900,1.1824440093732846e-07,1.0,1.0,5.3256724040621105e-05,False,404.02490845811553
17901,2901,1.179953983410087e-07,1.0,,,False,404.1804417499807
17902,2902,1.1628351614945132e-07,1.0,,,False,404.3552057920024
17903,2903,1.1755965090287646e-07,1.0,,,False,404.52015845803544
17904,2904,1.1871127725271435e-07,1.0,,,False,404.6990334170405
17905,2905,1.1783977527102252e-07,1.0,,,False,404.85645629209466
17906,2906,1.172795265347304e-07,1.0,,,False,405.0107528748922
17907,2907,1.1634576679853126e-07,1.0,,,False,405.1695904999506
17908,2908,1.1544314304501313e-07,1.0,,,False,405.32516474998556
17909,2909,1.175285220256228e-07,1.0,,,False,405.4885710829403
17910,2910,1.1737289895563663e-07,1.0,,,False,405.6404371249955
17911,2911,1.1665702004393097e-07,1.0,,,False,405.7920593749732
17912,2912,1.1566101676407925e-07,1.0,,,False,405.94880266697146
17913,2913,1.1808877786734229e-07,1.0,,,False,406.093342582928
17914,2914,1.1696827328933068e-07,1.0,,,False,406.22414879198186
17915,2915,1.1488288720329365e-07,1.0,,,False,406.3611392080784
17916,2916,1.160656424303852e-07,1.0,,,False,406.5213738749735
17917,2917,1.1594114113222531e-07,1.0,,,False,406.6711995000951
17918,2918,1.1855565418272818e-07,1.0,,,False,406.86011029197834
17919,2919,1.1709277458749057e-07,1.0,,,False,407.0526076669339
17920,2920,1.1600339178130525e-07,1.0,,,False,407.2279765829444
17921,2921,1.1668814892118462e-07,1.0,,,False,407.38252212502994
17922,2922,1.1541201416775948e-07,1.0,,,False,407.5284504580777
17923,2923,1.1612789307946514e-07,1.0,,,False,407.6881552080158
17924,2924,1.171861470083968e-07,1.0,,,False,407.8373104580678
17925,2925,1.171861470083968e-07,1.0,,,False,407.9963440420106
17926,2926,1.1516301157143971e-07,1.0,,,False,408.13156450004317
17927,2927,1.1457163395789394e-07,1.0,,,False,408.2570228748955
17928,2928,1.1659476939485103e-07,1.0,,,False,408.43611679202877
17929,2929,1.1671927069301091e-07,1.0,,,False,408.58657804201357
17930,2930,1.1591001936039902e-07,1.0,,,False,408.72601675009355
17931,2931,1.1556763723774566e-07,1.0,,,False,408.87476283311844
17932,2932,1.1650139697394479e-07,1.0,,,False,409.0373705830425
17933,2933,1.1516301157143971e-07,1.0,,,False,409.2073592080269
17934,2934,1.144782615369877e-07,1.0,,,False,409.3619137080386
17935,2935,1.1662589827210468e-07,1.0,,,False,409.4879153750371
17936,2936,1.1550539369409307e-07,1.0,,,False,409.6215435829945
17937,2937,1.137001319762021e-07,1.0,,,False,409.7642251669895
17938,2938,1.1475838590513376e-07,1.0,,,False,409.91924916696735
17939,2939,1.1466501348422753e-07,1.0,,,False,410.0731886669528
17940,2940,1.1541201416775948e-07,1.0,,,False,410.2247967501171
17941,2941,1.1500738850145353e-07,1.0,,,False,410.38263612496667
17942,2942,1.1569213853590554e-07,1.0,,,False,410.5219820830971
17943,2943,1.1401138522160181e-07,1.0,,,False,410.66817520791665
17944,2944,1.1457163395789394e-07,1.0,,,False,410.82723295805044
17945,2945,1.140425069934281e-07,1.0,,,False,410.9780885418877
17946,2946,1.1581663983406543e-07,1.0,,,False,411.0979217500426
17947,2947,1.1301538194175009e-07,1.0,,,False,411.2198585830629
17948,2948,1.1454051218606764e-07,1.0,,,False,411.35317795793526
17949,2949,1.1419813716884164e-07,1.0,,,False,411.495229375083
17950,2950,1.1460276283514759e-07,1.0,,,False,411.6384438748937
17951,2951,1.1376238262528204e-07,1.0,,,False,411.7935717499349
17952,2952,1.1469613525605382e-07,1.0,,,False,411.9367255419493
17953,2953,1.1435376023882782e-07,1.0,,,False,412.08435920788907
17954,2954,1.1245512610003061e-07,1.0,,,False,412.2309956669342
17955,2955,1.1398025634434816e-07,1.0,,,False,412.3829387500882
17956,2956,1.1301538194175009e-07,1.0,,,False,412.5169965000823
17957,2957,1.1276637934543032e-07,1.0,,,False,412.64862087508664
17958,2958,1.1394913457252187e-07,1.0,,,False,412.8025573750492
17959,2959,1.1285975176633656e-07,1.0,,,False,412.93762504193
17960,2960,1.1438488201065411e-07,1.0,,,False,413.0613197919447
17961,2961,1.1195712090739107e-07,1.0,,,False,413.1954002920538
17962,2962,1.156298878868256e-07,1.0,,,False,413.3180242499802
17963,2963,1.1189487736373849e-07,1.0,,,False,413.4659029999748
17964,2964,1.1310875436265633e-07,1.0,,,False,413.6386283331085
17965,2965,1.1127237087293906e-07,1.0,,,False,413.78104741708376
17966,2966,1.1301538194175009e-07,1.0,,,False,413.9347451669164
17967,2967,1.1183262671465855e-07,1.0,,,False,414.04901854204945
17968,2968,1.1264187804727044e-07,1.0,,,False,414.1969009169843
17969,2969,1.1170812541649866e-07,1.0,,,False,414.3129241669085
17970,2970,1.1161474589016507e-07,1.0,,,False,414.43465504189953
17971,2971,1.1317100501173627e-07,1.0,,,False,414.60827358299866
17972,2972,1.1242400432820432e-07,1.0,,,False,414.7700686249882
17973,2973,1.1074324390847323e-07,1.0,,,False,414.89469454204664
17974,2974,1.1152137346925883e-07,1.0,,,False,415.0090398329776
17975,2975,1.1220612350371084e-07,1.0,,,False,415.122004291974
17976,2976,1.1261074917001679e-07,1.0,,,False,415.263641375117
17977,2977,1.1189487736373849e-07,1.0,,,False,415.375530624995
17978,2978,1.1155249524108513e-07,1.0,,,False,415.49055300001055
17979,2979,1.0952935980412803e-07,1.0,,,False,415.62935308297165
17980,2980,1.1108561892569924e-07,1.0,,,False,415.78558079199865
17981,2981,1.1083661632937947e-07,1.0,,,False,415.9322534170933
17982,2982,1.1074324390847323e-07,1.0,,,False,416.07897158293054
17983,2983,1.1002736499676757e-07,1.0,,,False,416.2076101670973
17984,2984,1.0918698478690203e-07,1.0,,,False,416.3530726248864
17985,2985,1.1149024459200518e-07,1.0,,,False,416.5091157499701
17986,2986,1.0956048868138168e-07,1.0,,,False,416.67472408292815
17987,2987,1.0956048868138168e-07,1.0,,,False,416.8222590419464
17988,2988,1.1046311954032717e-07,1.0,,,False,416.96459891693667
17989,2989,1.1164587476741872e-07,1.0,,,False,417.1049243749585
17990,2990,1.1068099325939329e-07,1.0,,,False,417.26854958292097
17991,2991,1.0847110587519637e-07,1.0,,,False,417.406927957898
17992,2992,1.0822211038430396e-07,1.0,,,False,417.56617249990813
17993,2993,1.0834660457703649e-07,1.0,,,False,417.7039822079241
17994,2994,1.098717419267814e-07,1.0,,,False,417.8408753750846
17995,2995,1.0862673605060991e-07,1.0,,,False,417.9965087499004
17996,2996,1.1012073741767381e-07,1.0,,,False,418.1411449171137
17997,2997,1.0697710450813247e-07,1.0,,,False,418.2825198750943
17998,2998,1.067281019118127e-07,1.0,,,False,418.4053513749968
17999,2999,1.0666585126273276e-07,1.0,,,False,418.54390699998476
18000,3000,1.0716384934994494e-07,1.0,1.0,5.310926750814003e-05,False,418.829029875109
18001,3001,1.0769297631441077e-07,1.0,,,False,419.0282475419808
18002,3002,1.070704769290387e-07,1.0,,,False,419.17101366701536
18003,3003,1.0716384934994494e-07,1.0,,,False,419.31923762499355
18004,3004,1.0554534668472115e-07,1.0,,,False,419.45720162498765
18005,3005,1.0604334477193333e-07,1.0,,,False,419.5955418329686
18006,3006,1.0566984798288104e-07,1.0,,,False,419.7294321670197
18007,3007,1.051407210184152e-07,1.0,,,False,419.86647008289583
18008,3008,1.0489171842209544e-07,1.0,,,False,420.00776466703974
18009,3009,1.0451821452761578e-07,1.0,,,False,420.14069645805284
18010,3010,1.0532746586022768e-07,1.0,,,False,420.27354812505655
18011,3011,1.0433146258037596e-07,1.0,,,False,420.4078914169222
18012,3012,1.0582547105286721e-07,1.0,,,False,420.5496844169684
18013,3013,1.0548309603564121e-07,1.0,,,False,420.6910018750932
18014,3014,1.0442484210670955e-07,1.0,,,False,420.83946933294646
18015,3015,1.0265070926607223e-07,1.0,,,False,420.97730220807716
18016,3016,1.0199708100344651e-07,1.0,,,False,421.11789720808156
18017,3017,1.0249507909065869e-07,1.0,,,False,421.2693840418942
18018,3018,1.012500732144872e-07,1.0,,,False,421.42669066693634
18019,3019,1.0532746586022768e-07,1.0,,,False,421.5426532079
18020,3020,1.0458046517669572e-07,1.0,,,False,421.65889283292927
18021,3021,1.0464271582577567e-07,1.0,,,False,421.77126808301546
18022,3022,1.0333545930052424e-07,1.0,,,False,421.92682295804843
18023,3023,1.0233945602067251e-07,1.0,,,False,422.08628587494604
18024,3024,1.0271295991515217e-07,1.0,,,False,422.22346145799384
18025,3025,1.0093882707451485e-07,1.0,,,False,422.36426974995993
18026,3026,1.0386458626499007e-07,1.0,,,False,422.49640654190443
18027,3027,1.0261958038881858e-07,1.0,,,False,422.63091287505813
18028,3028,1.0395796579132366e-07,1.0,,,False,422.7691191670019
18029,3029,1.0333545930052424e-07,1.0,,,False,422.9145331250038
18030,3030,1.0040970011004902e-07,1.0,,,False,423.03694212506525
18031,3031,1.0215270407343269e-07,1.0,,,False,423.1776535001118
18032,3032,1.0184145082803298e-07,1.0,,,False,423.3416983750649
18033,3033,1.024639573188324e-07,1.0,,,False,423.4807876669802
18034,3034,9.953819102292982e-08,1.0,,,False,423.5911874170415
18035,3035,1.0349108237051041e-07,1.0,,,False,423.74573058309034
18036,3036,1.0209045342435275e-07,1.0,,,False,423.9098925420549
18037,3037,1.0249507909065869e-07,1.0,,,False,424.05196175002493
18038,3038,1.0349108237051041e-07,1.0,,,False,424.1593601249624
18039,3039,1.0190370147711292e-07,1.0,,,False,424.2828103750944
18040,3040,1.0115670079358097e-07,1.0,,,False,424.3928064170759
18041,3041,1.016547059862205e-07,1.0,,,False,424.5050144579727
18042,3042,1.016547059862205e-07,1.0,,,False,424.66123162489384
18043,3043,1.0187257970528663e-07,1.0,,,False,424.8018139998894
18044,3044,1.0258845861699228e-07,1.0,,,False,424.9293806250207
18045,3045,1.0153020468806062e-07,1.0,,,False,425.06573774991557
18046,3046,1.0044082188187531e-07,1.0,,,False,425.1969239169266
18047,3047,1.0112557191632732e-07,1.0,,,False,425.35226629208773
18048,3048,1.0109445014450102e-07,1.0,,,False,425.51218141708523
18049,3049,1.0190370147711292e-07,1.0,,,False,425.6422734579537
18050,3050,1.0227720537159257e-07,1.0,,,False,425.77657691692
18051,3051,1.0286858298513835e-07,1.0,,,False,425.9213599169161
18052,3052,1.0022294816280919e-07,1.0,,,False,426.07228512503207
18053,3053,9.941368972476994e-08,1.0,,,False,426.2040048749186
18054,3054,1.0081432577635496e-07,1.0,,,False,426.3718195001129
18055,3055,1.0115670079358097e-07,1.0,,,False,426.51185741694644
18056,3056,1.0349108237051041e-07,1.0,,,False,426.6626380831003
18057,3057,1.0265070926607223e-07,1.0,,,False,426.80785566708073
18058,3058,1.0243282844157875e-07,1.0,,,False,426.94748270791024
18059,3059,9.885344098847781e-08,1.0,,,False,427.0819265830796
18060,3060,9.953819102292982e-08,1.0,,,False,427.2303285829257
18061,3061,1.0068982447819508e-07,1.0,,,False,427.3786699171178
18062,3062,1.0255732973973863e-07,1.0,,,False,427.52753875008784
18063,3063,1.0181032905620668e-07,1.0,,,False,427.66989249992184
18064,3064,1.0233945602067251e-07,1.0,,,False,427.8263663749676
18065,3065,1.0121895144266091e-07,1.0,,,False,427.95682437508367
18066,3066,1.016547059862205e-07,1.0,,,False,428.0777652079705
18067,3067,9.869781081306428e-08,1.0,,,False,428.2035879578907
18068,3068,1.001295686364756e-07,1.0,,,False,428.3193794579711
18069,3069,1.0019181928555554e-07,1.0,,,False,428.48105920804664
18070,3070,1.0283746121331205e-07,1.0,,,False,428.597377958009
18071,3071,1.0159245533714056e-07,1.0,,,False,428.7326467919629
18072,3072,1.0006731798739565e-07,1.0,,,False,428.8745085000992
18073,3073,1.0146795403898068e-07,1.0,,,False,429.0161021249369
18074,3074,1.0075207512727502e-07,1.0,,,False,429.16863904194906
18075,3075,9.904019293571764e-08,1.0,,,False,429.29081983305514
18076,3076,1.0081432577635496e-07,1.0,,,False,429.4286374580115
18077,3077,1.0056532318003519e-07,1.0,,,False,429.56141029205173
18078,3078,9.876006146214422e-08,1.0,,,False,429.6909714580979
18079,3079,1.0181032905620668e-07,1.0,,,False,429.8120240420103
18080,3080,1.0056532318003519e-07,1.0,,,False,429.962342124898
18081,3081,1.0022294816280919e-07,1.0,,,False,430.1077000000514
18082,3082,9.947594037384988e-08,1.0,,,False,430.25864170794375
18083,3083,9.956931990018347e-08,1.0,,,False,430.42129541700706
18084,3084,1.0093882707451485e-07,1.0,,,False,430.58755675004795
18085,3085,9.991169491740948e-08,1.0,,,False,430.7208693330176
18086,3086,9.907131470754393e-08,1.0,,,False,430.8407973330468
18087,3087,9.904019293571764e-08,1.0,,,False,430.95319475000724
18088,3088,1.0121895144266091e-07,1.0,,,False,431.0746507078875
18089,3089,1.0000506733831571e-07,1.0,,,False,431.2014574580826
18090,3090,1.0022294816280919e-07,1.0,,,False,431.3702680829447
18091,3091,9.972494297016965e-08,1.0,,,False,431.54414062504657
18092,3092,9.888456276030411e-08,1.0,,,False,431.7081487500109
18093,3093,9.869781081306428e-08,1.0,,,False,431.84718458307907
18094,3094,9.956931990018347e-08,1.0,,,False,432.00638595805503
18095,3095,1.0019181928555554e-07,1.0,,,False,432.1616631669458
18096,3096,1.0084544754818126e-07,1.0,,,False,432.30664791702293
18097,3097,1.0112557191632732e-07,1.0,,,False,432.460530082928
18098,3098,9.773293641046621e-08,1.0,,,False,432.5886175420601
18099,3099,9.835543579583828e-08,1.0,,,False,432.71545762498863
18100,3100,9.891569163755776e-08,1.0,1.0,5.506302076817061e-05,False,433.0401336669456
18101,3101,9.832431402401198e-08,1.0,,,False,433.19360424997285
18102,3102,9.93203173038637e-08,1.0,,,False,433.3671518750489
18103,3103,9.89779422866377e-08,1.0,,,False,433.53324249992147
18104,3104,9.838656467309193e-08,1.0,,,False,433.6558068750892
18105,3105,1.0072094625002137e-07,1.0,,,False,433.78873991710134
18106,3106,9.823093449767839e-08,1.0,,,False,433.9531238330528
18107,3107,9.879119033939787e-08,1.0,,,False,434.12765387492254
18108,3108,9.86355672694117e-08,1.0,,,False,434.2993788749445
18109,3109,9.938256795294365e-08,1.0,,,False,434.42461887490936
18110,3110,9.860443839215804e-08,1.0,,,False,434.5588949169032
18111,3111,9.941368972476994e-08,1.0,,,False,434.7239448330365
18112,3112,9.907131470754393e-08,1.0,,,False,434.85958045790903
18113,3113,9.910244358479758e-08,1.0,,,False,434.99888633308
18114,3114,9.695480684968061e-08,1.0,,,False,435.12585887499154
18115,3115,9.823093449767839e-08,1.0,,,False,435.2743448331021
18116,3116,9.947594037384988e-08,1.0,,,False,435.40837958292104
18117,3117,9.754618446322638e-08,1.0,,,False,435.5403002919629
18118,3118,9.788855948045239e-08,1.0,,,False,435.68444029195234
18119,3119,9.711042991966679e-08,1.0,,,False,435.82050470798276
18120,3120,9.941368972476994e-08,1.0,,,False,435.96811283309944
18121,3121,9.888456276030411e-08,1.0,,,False,436.1264152920339
18122,3122,9.916469423387753e-08,1.0,,,False,436.26000083307736
18123,3123,9.683030555152072e-08,1.0,,,False,436.38704225001857
18124,3124,9.791968835770604e-08,1.0,,,False,436.4975074999966
18125,3125,9.773293641046621e-08,1.0,,,False,436.6173659579363
18126,3126,9.782630883137244e-08,1.0,,,False,436.76916637504473
18127,3127,9.944481860202359e-08,1.0,,,False,436.90210954193026
18128,3128,9.925806665478376e-08,1.0,,,False,437.02455204189755
18129,3129,9.847993709399816e-08,1.0,,,False,437.1704916250892
18130,3130,9.745280493689279e-08,1.0,,,False,437.3066904169973
18131,3131,9.530517530720317e-08,1.0,,,False,437.4426811670419
18132,3132,9.763955688413262e-08,1.0,,,False,437.57806025003083
18133,3133,9.894681340938405e-08,1.0,,,False,437.71628233301453
18134,3134,9.670580425336084e-08,1.0,,,False,437.8458774581086
18135,3135,9.745280493689279e-08,1.0,,,False,437.97918933304027
18136,3136,9.66435536042809e-08,1.0,,,False,438.11401470797136
18137,3137,9.78574377086261e-08,1.0,,,False,438.2642620000988
18138,3138,9.844881532217187e-08,1.0,,,False,438.4313347500283
18139,3139,9.888456276030411e-08,1.0,,,False,438.5672849579714
18140,3140,9.627004970980124e-08,1.0,,,False,438.69922999991104
18141,3141,9.804418965586592e-08,1.0,,,False,438.83592991693877
18142,3142,9.704817927058684e-08,1.0,,,False,438.9741437500343
18143,3143,9.779518705954615e-08,1.0,,,False,439.1111869169399
18144,3144,9.605217599073512e-08,1.0,,,False,439.24860975006595
18145,3145,9.81998127258521e-08,1.0,,,False,439.3913602079265
18146,3146,9.81064331995185e-08,1.0,,,False,439.52486425009556
18147,3147,9.642567988521478e-08,1.0,,,False,439.66559929191135
18148,3148,9.695480684968061e-08,1.0,,,False,439.8293085829355
18149,3149,9.692367797242696e-08,1.0,,,False,439.9679159580264
18150,3150,9.620780616614866e-08,1.0,,,False,440.10947929206304
18151,3151,9.633230035888118e-08,1.0,,,False,440.2403513749596
18152,3152,9.658130295520095e-08,1.0,,,False,440.3854032920208
18153,3153,9.679918377969443e-08,1.0,,,False,440.5331690830644
18154,3154,9.695480684968061e-08,1.0,,,False,440.691708792001
18155,3155,9.614555551706871e-08,1.0,,,False,440.82082629203796
18156,3156,9.704817927058684e-08,1.0,,,False,440.97393233305775
18157,3157,9.704817927058684e-08,1.0,,,False,441.1436105419416
18158,3158,9.577205162258906e-08,1.0,,,False,441.2959525829647
18159,3159,9.78574377086261e-08,1.0,,,False,441.446921082912
18160,3160,9.546079837718935e-08,1.0,,,False,441.6166642080061
18161,3161,9.704817927058684e-08,1.0,,,False,441.72468333295546
18162,3162,9.602105421890883e-08,1.0,,,False,441.85811750008725
18163,3163,9.658130295520095e-08,1.0,,,False,442.0092047920916
18164,3164,9.595880356982889e-08,1.0,,,False,442.14628325006925
18165,3165,9.679918377969443e-08,1.0,,,False,442.2900594579987
18166,3166,9.477604834273734e-08,1.0,,,False,442.43182258307934
18167,3167,9.85421877430781e-08,1.0,,,False,442.5668245831039
18168,3168,9.458929639549751e-08,1.0,,,False,442.7273409999907
18169,3169,9.782630883137244e-08,1.0,,,False,442.9086604579352
18170,3170,9.496280028997717e-08,1.0,,,False,443.0618990419898
18171,3171,9.648793053429472e-08,1.0,,,False,443.21997220790945
18172,3172,9.711042991966679e-08,1.0,,,False,443.3658697078936
18173,3173,9.58654240434953e-08,1.0,,,False,443.5133569580503
18174,3174,9.558529967534923e-08,1.0,,,False,443.6637973750476
18175,3175,9.46204181673238e-08,1.0,,,False,443.82563387509435
18176,3176,9.468266881640375e-08,1.0,,,False,443.9930445828941
18177,3177,9.617667728889501e-08,1.0,,,False,444.1127005000599
18178,3178,9.73905613932402e-08,1.0,,,False,444.222084667068
18179,3179,9.353104246656585e-08,1.0,,,False,444.3543845000677
18180,3180,9.676805490244078e-08,1.0,,,False,444.50131045794114
18181,3181,9.633230035888118e-08,1.0,,,False,444.63779187505133
18182,3182,9.50561727108834e-08,1.0,,,False,444.79835183289833
18183,3183,9.552304902626929e-08,1.0,,,False,444.93108162493445
18184,3184,9.561642855260288e-08,1.0,,,False,445.04559170803986
18185,3185,9.577205162258906e-08,1.0,,,False,445.16147966706194
18186,3186,9.399791878195174e-08,1.0,,,False,445.27875745808706
18187,3187,9.707930814784049e-08,1.0,,,False,445.39146929210983
18188,3188,9.598992534165518e-08,1.0,,,False,445.52840429195203
18189,3189,9.614555551706871e-08,1.0,,,False,445.6594483330846
18190,3190,9.527404642994952e-08,1.0,,,False,445.7787844580598
18191,3191,9.502505093905711e-08,1.0,,,False,445.95021112496033
18192,3192,9.421579250101786e-08,1.0,,,False,446.1162329579238
18193,3193,9.328203987024608e-08,1.0,,,False,446.28948345803656
18194,3194,9.5834302271669e-08,1.0,,,False,446.4173145419918
18195,3195,9.527404642994952e-08,1.0,,,False,446.53290095808916
18196,3196,9.617667728889501e-08,1.0,,,False,446.65242054197006
18197,3197,9.424692137827151e-08,1.0,,,False,446.76147675001994
18198,3198,9.477604834273734e-08,1.0,,,False,446.8774425419979
18199,3199,9.524292465812323e-08,1.0,,,False,446.99768158304505
18200,3200,9.536742595628311e-08,1.0,1.0,5.126766783690306e-05,False,447.237567541888
18201,3201,9.580317339441535e-08,1.0,,,False,447.41463683289476
18202,3202,9.443367332551134e-08,1.0,,,False,447.57128675002605
18203,3203,9.521179578086958e-08,1.0,,,False,447.7159383329563
18204,3204,9.555417790352294e-08,1.0,,,False,447.8305537919514
18205,3205,9.297078662484637e-08,1.0,,,False,447.940657292027
18206,3206,9.31264168002599e-08,1.0,,,False,448.0454496250022
18207,3207,9.343766294023226e-08,1.0,,,False,448.205894124927
18208,3208,9.798193900678598e-08,1.0,,,False,448.35330387507565
18209,3209,9.50561727108834e-08,1.0,,,False,448.5048392498866
18210,3210,9.275291290578025e-08,1.0,,,False,448.65241904207505
18211,3211,9.50872944827097e-08,1.0,,,False,448.8104320419952
18212,3212,9.546079837718935e-08,1.0,,,False,448.9634136669338
18213,3213,9.412242008011162e-08,1.0,,,False,449.10300929192454
18214,3214,9.353104246656585e-08,1.0,,,False,449.2381909999531
18215,3215,9.424692137827151e-08,1.0,,,False,449.385392999975
18216,3216,9.216153529223448e-08,1.0,,,False,449.5355757919606
18217,3217,9.521179578086958e-08,1.0,,,False,449.6823090829421
18218,3218,9.536742595628311e-08,1.0,,,False,449.8187172920443
18219,3219,9.359329311564579e-08,1.0,,,False,449.97113570803776
18220,3220,9.409129120285797e-08,1.0,,,False,450.1240290000569
18221,3221,9.331316164207237e-08,1.0,,,False,450.26569712511264
18222,3222,9.47137976936574e-08,1.0,,,False,450.3999170830939
18223,3223,9.278403467760654e-08,1.0,,,False,450.582491582958
18224,3224,9.446479509733763e-08,1.0,,,False,450.74147420795634
18225,3225,9.340654116840597e-08,1.0,,,False,450.8872337080538
18226,3226,9.39356681328718e-08,1.0,,,False,451.0411875001155
18227,3227,9.290853597576643e-08,1.0,,,False,451.19429304194637
18228,3228,9.328203987024608e-08,1.0,,,False,451.3415745419916
18229,3229,9.458929639549751e-08,1.0,,,False,451.47207104205154
18230,3230,9.412242008011162e-08,1.0,,,False,451.6067098749336
18231,3231,9.390453925561815e-08,1.0,,,False,451.75524737499654
18232,3232,9.325091099299243e-08,1.0,,,False,451.8989178331103
18233,3233,9.331316164207237e-08,1.0,,,False,452.0501597500406
18234,3234,9.409129120285797e-08,1.0,,,False,452.22154108295217
18235,3235,9.231715836222065e-08,1.0,,,False,452.38456674991176
18236,3236,9.362441488747208e-08,1.0,,,False,452.556405832991
18237,3237,9.46204181673238e-08,1.0,,,False,452.70519575010985
18238,3238,9.331316164207237e-08,1.0,,,False,452.8600938329473
18239,3239,9.1601279450515e-08,1.0,,,False,452.9919222500175
18240,3240,9.39356681328718e-08,1.0,,,False,453.1396083328873
18241,3241,9.496280028997717e-08,1.0,,,False,453.26774295791984
18242,3242,9.197478334499465e-08,1.0,,,False,453.3993033329025
18243,3243,9.440254444825769e-08,1.0,,,False,453.5508323330432
18244,3244,9.247278853763419e-08,1.0,,,False,453.67099625011906
18245,3245,9.241053788855425e-08,1.0,,,False,453.8281288330909
18246,3246,9.325091099299243e-08,1.0,,,False,453.98519495804794
18247,3247,9.178803139775482e-08,1.0,,,False,454.16842187498696
18248,3248,9.259728983579407e-08,1.0,,,False,454.31717374990694
18249,3249,9.31264168002599e-08,1.0,,,False,454.44042133307084
18250,3250,9.300191550210002e-08,1.0,,,False,454.5904231669847
18251,3251,9.331316164207237e-08,1.0,,,False,454.72947833291255
18252,3252,9.446479509733763e-08,1.0,,,False,454.8847334999591
18253,3253,9.20059122222483e-08,1.0,,,False,455.03288020798936
18254,3254,9.20059122222483e-08,1.0,,,False,455.1853130420204
18255,3255,9.12277826614627e-08,1.0,,,False,455.32956091710366
18256,3256,9.269066225670031e-08,1.0,,,False,455.4596695830114
18257,3257,9.343766294023226e-08,1.0,,,False,455.60744179203175
18258,3258,9.343766294023226e-08,1.0,,,False,455.7579155000858
18259,3259,9.39356681328718e-08,1.0,,,False,455.8961269170977
18260,3260,9.076090634607681e-08,1.0,,,False,456.0386959579773
18261,3261,9.138340573144887e-08,1.0,,,False,456.1813102499582
18262,3262,9.216153529223448e-08,1.0,,,False,456.33073849999346
18263,3263,9.228603659039436e-08,1.0,,,False,456.499893625034
18264,3264,9.365554376472573e-08,1.0,,,False,456.6151334170718
18265,3265,9.222378594131442e-08,1.0,,,False,456.72760183294304
18266,3266,9.337541229115232e-08,1.0,,,False,456.87487512500957
18267,3267,9.1601279450515e-08,1.0,,,False,456.9873601249419
18268,3268,9.325091099299243e-08,1.0,,,False,457.13268279191107
18269,3269,9.072977746882316e-08,1.0,,,False,457.2812785420101
18270,3270,9.141453460870252e-08,1.0,,,False,457.4417776670307
18271,3271,9.247278853763419e-08,1.0,,,False,457.60349158290774
18272,3272,9.132115508236893e-08,1.0,,,False,457.7401941670105
18273,3273,9.353104246656585e-08,1.0,,,False,457.91199725004844
18274,3274,9.100990183696922e-08,1.0,,,False,458.06283862493
18275,3275,9.147677815235511e-08,1.0,,,False,458.21983137493953
18276,3276,9.318866744933985e-08,1.0,,,False,458.3460145830177
18277,3277,9.219265706406077e-08,1.0,,,False,458.4979825420305
18278,3278,9.135228395962258e-08,1.0,,,False,458.64040987496264
18279,3279,9.038740245159715e-08,1.0,,,False,458.7941846670583
18280,3280,9.402904055377803e-08,1.0,,,False,458.9295396669768
18281,3281,9.15701576786887e-08,1.0,,,False,459.0816252080258
18282,3282,9.216153529223448e-08,1.0,,,False,459.24273629207164
18283,3283,9.334429051932602e-08,1.0,,,False,459.3706700829789
18284,3284,9.026290115343727e-08,1.0,,,False,459.5126027499791
18285,3285,9.032515180251721e-08,1.0,,,False,459.6394781670533
18286,3286,9.185028204683476e-08,1.0,,,False,459.7739726670552
18287,3287,9.225490771314071e-08,1.0,,,False,459.9103530419525
18288,3288,9.119665378420905e-08,1.0,,,False,460.0769404999446
18289,3289,9.256616095854042e-08,1.0,,,False,460.2419961250853
18290,3290,9.166353009959494e-08,1.0,,,False,460.40079962508753
18291,3291,9.029402292526356e-08,1.0,,,False,460.55901250010356
18292,3292,9.03562735743435e-08,1.0,,,False,460.7047820419539
18293,3293,9.250391030946048e-08,1.0,,,False,460.8418187079951
18294,3294,9.150790702960876e-08,1.0,,,False,460.990788416937
18295,3295,9.163240832776864e-08,1.0,,,False,461.1329263749067
18296,3296,9.094765118788928e-08,1.0,,,False,461.2917223330587
18297,3297,9.072977746882316e-08,1.0,,,False,461.4550401249435
18298,3298,9.135228395962258e-08,1.0,,,False,461.60399949993007
18299,3299,9.15701576786887e-08,1.0,,,False,461.746964042075
18300,3300,8.995164790803756e-08,1.0,1.0,4.6796653073325484e-05,False,462.0073022500146
18301,3301,9.104103071422287e-08,1.0,,,False,462.178755375091
18302,3302,9.048077487250339e-08,1.0,,,False,462.3255324170459
18303,3303,9.181916027500847e-08,1.0,,,False,462.4760722499341
18304,3304,9.15701576786887e-08,1.0,,,False,462.6259809168987
18305,3305,9.116553201238276e-08,1.0,,,False,462.73735504201613
18306,3306,9.076090634607681e-08,1.0,,,False,462.84666500007734
18307,3307,9.287741420394013e-08,1.0,,,False,462.973123291973
18308,3308,9.07920281179031e-08,1.0,,,False,463.12814558297396
18309,3309,9.004502743437115e-08,1.0,,,False,463.2805861670058
18310,3310,9.020065050435733e-08,1.0,,,False,463.45127979200333
18311,3311,8.895564462818584e-08,1.0,,,False,463.615120457951
18312,3312,8.936027029449178e-08,1.0,,,False,463.7828420829028
18313,3313,9.244165966038054e-08,1.0,,,False,463.9293733329978
18314,3314,9.219265706406077e-08,1.0,,,False,464.07426920789294
18315,3315,9.129003331054264e-08,1.0,,,False,464.2076155419927
18316,3316,9.04496531006771e-08,1.0,,,False,464.35609258292243
18317,3317,9.194366157316836e-08,1.0,,,False,464.51344783301465
18318,3318,8.848876831279995e-08,1.0,,,False,464.65520995808765
18319,3319,9.082315699515675e-08,1.0,,,False,464.7596045830287
18320,3320,8.982714660987767e-08,1.0,,,False,464.89453162509017
18321,3321,9.265953337944666e-08,1.0,,,False,465.0587155420799
18322,3322,9.091652941606299e-08,1.0,,,False,465.20258437492885
18323,3323,8.917351834725196e-08,1.0,,,False,465.3544989170041
18324,3324,8.988939725895762e-08,1.0,,,False,465.51464537507854
18325,3325,8.904901704909207e-08,1.0,,,False,465.65107545792125
18326,3326,9.060527617066327e-08,1.0,,,False,465.77074179193005
18327,3327,9.132115508236893e-08,1.0,,,False,465.91271141706966
18328,3328,8.945364982082538e-08,1.0,,,False,466.06946416711435
18329,3329,8.992052613621127e-08,1.0,,,False,466.2197294170037
18330,3330,9.169465897684859e-08,1.0,,,False,466.35690616699867
18331,3331,8.96715235398915e-08,1.0,,,False,466.4938218330499
18332,3332,8.814639329557394e-08,1.0,,,False,466.6476970000658
18333,3333,9.12277826614627e-08,1.0,,,False,466.80525350011885
18334,3334,8.973377418897144e-08,1.0,,,False,466.94370849989355
18335,3335,9.048077487250339e-08,1.0,,,False,467.079213042045
18336,3336,9.129003331054264e-08,1.0,,,False,467.23175475001335
18337,3337,9.072977746882316e-08,1.0,,,False,467.37065854202956
18338,3338,9.016952873253103e-08,1.0,,,False,467.5036235828884
18339,3339,8.833314524281377e-08,1.0,,,False,467.63345304201357
18340,3340,9.091652941606299e-08,1.0,,,False,467.756586042
18341,3341,9.110328136330281e-08,1.0,,,False,467.87057529203594
18342,3342,8.805301376924035e-08,1.0,,,False,468.02127525000833
18343,3343,8.951590046990532e-08,1.0,,,False,468.17056220793165
18344,3344,9.119665378420905e-08,1.0,,,False,468.28279329207726
18345,3345,8.992052613621127e-08,1.0,,,False,468.4043092080392
18346,3346,9.007614920619744e-08,1.0,,,False,468.54512445791624
18347,3347,8.976489596079773e-08,1.0,,,False,468.67612600000575
18348,3348,8.964039466263785e-08,1.0,,,False,468.79623545799404
18349,3349,9.023177227618362e-08,1.0,,,False,468.9607557079289
18350,3350,8.867552026003978e-08,1.0,,,False,469.09267662488855
18351,3351,8.964039466263785e-08,1.0,,,False,469.25835212506354
18352,3352,8.951590046990532e-08,1.0,,,False,469.40504379197955
18353,3353,9.12277826614627e-08,1.0,,,False,469.5603879170958
18354,3354,8.864439138278613e-08,1.0,,,False,469.71027808310464
18355,3355,8.901789527726578e-08,1.0,,,False,469.8515258328989
18356,3356,8.932914852266549e-08,1.0,,,False,469.99096287507564
18357,3357,8.964039466263785e-08,1.0,,,False,470.12499099993147
18358,3358,9.07920281179031e-08,1.0,,,False,470.2677857079543
18359,3359,8.992052613621127e-08,1.0,,,False,470.3808143748902
18360,3360,8.892452285635954e-08,1.0,,,False,470.4916198749561
18361,3361,9.007614920619744e-08,1.0,,,False,470.59789295797236
18362,3362,8.758613745385446e-08,1.0,,,False,470.75454579200596
18363,3363,8.92046472245056e-08,1.0,,,False,470.89092599996366
18364,3364,9.029402292526356e-08,1.0,,,False,471.0171863329597
18365,3365,8.795964134833412e-08,1.0,,,False,471.13360200007446
18366,3366,9.069865569699687e-08,1.0,,,False,471.28025954193436
18367,3367,8.870664203186607e-08,1.0,,,False,471.414722916903
18368,3368,8.932914852266549e-08,1.0,,,False,471.54953583306633
18369,3369,8.84576394355463e-08,1.0,,,False,471.686864499934
18370,3370,8.954702224173161e-08,1.0,,,False,471.824095207965
18371,3371,8.8084142646494e-08,1.0,,,False,471.96643408294767
18372,3372,8.973377418897144e-08,1.0,,,False,472.1240219580941
18373,3373,8.8084142646494e-08,1.0,,,False,472.23882941692136
18374,3374,9.032515180251721e-08,1.0,,,False,472.3534750828985
18375,3375,9.12277826614627e-08,1.0,,,False,472.48828712501563
18376,3376,8.8084142646494e-08,1.0,,,False,472.6311989580281
18377,3377,8.876889268094601e-08,1.0,,,False,472.7910410000477
18378,3378,8.848876831279995e-08,1.0,,,False,472.939814375015
18379,3379,9.013839985527738e-08,1.0,,,False,473.1022878331132
18380,3380,8.777288940109429e-08,1.0,,,False,473.2603781670332
18381,3381,8.842651766372e-08,1.0,,,False,473.3704959170427
18382,3382,8.84576394355463e-08,1.0,,,False,473.4994803329464
18383,3383,8.823976571648018e-08,1.0,,,False,473.63747199997306
18384,3384,8.995164790803756e-08,1.0,,,False,473.78888508304954
18385,3385,8.895564462818584e-08,1.0,,,False,473.9563325420022
18386,3386,8.932914852266549e-08,1.0,,,False,474.1044939579442
18387,3387,8.939139917174543e-08,1.0,,,False,474.21533549996093
18388,3388,8.833314524281377e-08,1.0,,,False,474.3413019999862
18389,3389,8.743051438386829e-08,1.0,,,False,474.48362679197453
18390,3390,8.789739069925417e-08,1.0,,,False,474.5936058750376
18391,3391,8.827089459373383e-08,1.0,,,False,474.7333150419872
18392,3392,9.016952873253103e-08,1.0,,,False,474.8479987080209
18393,3393,8.568750331505726e-08,1.0,,,False,475.03046191693284
18394,3394,8.880002155819966e-08,1.0,,,False,475.14650145801716
18395,3395,9.066752681974322e-08,1.0,,,False,475.30260683293454
18396,3396,8.839539589189371e-08,1.0,,,False,475.45033737504855
18397,3397,8.767951698018805e-08,1.0,,,False,475.5590109580662
18398,3398,8.786626182200052e-08,1.0,,,False,475.67925808299333
18399,3399,8.880002155819966e-08,1.0,,,False,475.85200404189527
18400,3400,8.901789527726578e-08,1.0,1.0,4.341344024381304e-05,False,476.1052526670974
18401,3401,8.833314524281377e-08,1.0,,,False,476.2230020829011
18402,3402,8.637226045493662e-08,1.0,,,False,476.34264583303593
18403,3403,8.917351834725196e-08,1.0,,,False,476.45384220802225
18404,3404,8.858214073370618e-08,1.0,,,False,476.62208324996755
18405,3405,8.783514005017423e-08,1.0,,,False,476.7578420001082
18406,3406,8.792851247108047e-08,1.0,,,False,476.9028419170063
18407,3407,8.786626182200052e-08,1.0,,,False,477.0275476248935
18408,3408,8.836426701464006e-08,1.0,,,False,477.1983739170246
18409,3409,8.771063875201435e-08,1.0,,,False,477.33426574990153
18410,3410,8.954702224173161e-08,1.0,,,False,477.4704811249394
18411,3411,8.61855085076968e-08,1.0,,,False,477.625909750117
18412,3412,8.721264066480217e-08,1.0,,,False,477.75831366702914
18413,3413,9.010727808345109e-08,1.0,,,False,477.89522112510167
18414,3414,8.814639329557394e-08,1.0,,,False,478.0408094578888
18415,3415,8.827089459373383e-08,1.0,,,False,478.19777625007555
18416,3416,8.724376243662846e-08,1.0,,,False,478.3380458750762
18417,3417,8.898677350543949e-08,1.0,,,False,478.4508167919703
18418,3418,8.655901240217645e-08,1.0,,,False,478.5786933749914
18419,3419,8.851989008462624e-08,1.0,,,False,478.7320861669723
18420,3420,8.783514005017423e-08,1.0,,,False,478.85465512494557
18421,3421,8.827089459373383e-08,1.0,,,False,478.9902686669957
18422,3422,8.65278835249228e-08,1.0,,,False,479.122261374956
18423,3423,8.805301376924035e-08,1.0,,,False,479.2347932080738
18424,3424,9.029402292526356e-08,1.0,,,False,479.3463785420172
18425,3425,8.565638154323096e-08,1.0,,,False,479.46225233306177
18426,3426,8.699475984030869e-08,1.0,,,False,479.62096474994905
18427,3427,8.708813936664228e-08,1.0,,,False,479.76866116700694
18428,3428,8.851989008462624e-08,1.0,,,False,479.8876425419003
18429,3429,8.795964134833412e-08,1.0,,,False,480.0230007499922
18430,3430,8.823976571648018e-08,1.0,,,False,480.16447108308785
18431,3431,8.749276503294823e-08,1.0,,,False,480.31461120792665
18432,3432,8.749276503294823e-08,1.0,,,False,480.47444866690785
18433,3433,8.761726633110811e-08,1.0,,,False,480.64941729209386
18434,3434,8.736826373478834e-08,1.0,,,False,480.7928730000276
18435,3435,8.674575724398892e-08,1.0,,,False,480.91336637502536
18436,3436,8.643451110401656e-08,1.0,,,False,481.02464266703464
18437,3437,8.901789527726578e-08,1.0,,,False,481.16992370807566
18438,3438,8.655901240217645e-08,1.0,,,False,481.2998551670462
18439,3439,8.771063875201435e-08,1.0,,,False,481.44137854198925
18440,3440,8.655901240217645e-08,1.0,,,False,481.5563409999013
18441,3441,8.839539589189371e-08,1.0,,,False,481.73472554190084
18442,3442,8.833314524281377e-08,1.0,,,False,481.8921727500856
18443,3443,8.761726633110811e-08,1.0,,,False,482.04846720793284
18444,3444,8.755501568202817e-08,1.0,,,False,482.210633458104
18445,3445,8.593650591137703e-08,1.0,,,False,482.3678893749602
18446,3446,8.746163615569458e-08,1.0,,,False,482.50792920798995
18447,3447,8.46292493861256e-08,1.0,,,False,482.63005179190077
18448,3448,8.783514005017423e-08,1.0,,,False,482.7544178329408
18449,3449,8.627888092860303e-08,1.0,,,False,482.8984370420221
18450,3450,8.76483881029344e-08,1.0,,,False,483.05055887508206
18451,3451,8.805301376924035e-08,1.0,,,False,483.17317066690885
18452,3452,8.690138741940245e-08,1.0,,,False,483.31248316704296
18453,3453,8.733713485753469e-08,1.0,,,False,483.4746751249768
18454,3454,8.746163615569458e-08,1.0,,,False,483.62804037495516
18455,3455,8.789739069925417e-08,1.0,,,False,483.75866495794617
18456,3456,8.705701048938863e-08,1.0,,,False,483.89336808305234
18457,3457,8.565638154323096e-08,1.0,,,False,483.99849629192613
18458,3458,8.743051438386829e-08,1.0,,,False,484.1040213329252
18459,3459,8.602987833228326e-08,1.0,,,False,484.2164374170825
18460,3460,8.699475984030869e-08,1.0,,,False,484.32387399999425
18461,3461,8.655901240217645e-08,1.0,,,False,484.43375208298676
18462,3462,8.718151178754852e-08,1.0,,,False,484.5498832920566
18463,3463,8.57497539641372e-08,1.0,,,False,484.7146836670581
18464,3464,8.749276503294823e-08,1.0,,,False,484.8753999581095
18465,3465,8.699475984030869e-08,1.0,,,False,485.02939524990506
18466,3466,8.637226045493662e-08,1.0,,,False,485.20679916697554
18467,3467,8.786626182200052e-08,1.0,,,False,485.37322491710074
18468,3468,8.615437963044315e-08,1.0,,,False,485.54132312489673
18469,3469,8.546962959599114e-08,1.0,,,False,485.7080072918907
18470,3470,8.624775915677674e-08,1.0,,,False,485.87159912497737
18471,3471,8.615437963044315e-08,1.0,,,False,486.0318783330731
18472,3472,8.736826373478834e-08,1.0,,,False,486.19826462492347
18473,3473,8.677688612124257e-08,1.0,,,False,486.3158092920203
18474,3474,8.634113157768297e-08,1.0,,,False,486.42928275000304
18475,3475,8.631000980585668e-08,1.0,,,False,486.58158512506634
18476,3476,8.422462371981965e-08,1.0,,,False,486.7365428330377
18477,3477,8.823976571648018e-08,1.0,,,False,486.86927129211836
18478,3478,8.49716244033516e-08,1.0,,,False,487.015539374901
18479,3479,8.73060130857084e-08,1.0,,,False,487.1502236670349
18480,3480,8.518950522784507e-08,1.0,,,False,487.292684083106
18481,3481,8.7741767629268e-08,1.0,,,False,487.44295275001787
18482,3482,8.596763478863068e-08,1.0,,,False,487.5925245420076
18483,3483,8.606100720953691e-08,1.0,,,False,487.7644286251161
18484,3484,8.518950522784507e-08,1.0,,,False,487.90861070808023
18485,3485,8.61855085076968e-08,1.0,,,False,488.03085079207085
18486,3486,8.690138741940245e-08,1.0,,,False,488.1489509169478
18487,3487,8.599875656045697e-08,1.0,,,False,488.2868271670304
18488,3488,8.690138741940245e-08,1.0,,,False,488.4342967499979
18489,3489,8.329087108904787e-08,1.0,,,False,488.5689870000351
18490,3490,8.817751506740024e-08,1.0,,,False,488.7131151249632
18491,3491,8.509612570151148e-08,1.0,,,False,488.8716596669983
18492,3492,8.627888092860303e-08,1.0,,,False,489.0367715000175
18493,3493,8.528287764875131e-08,1.0,,,False,489.1670362500008
18494,3494,8.627888092860303e-08,1.0,,,False,489.321732792072
18495,3495,8.518950522784507e-08,1.0,,,False,489.4638618330937
18496,3496,8.53762571750849e-08,1.0,,,False,489.60663145803846
18497,3497,8.522062699967137e-08,1.0,,,False,489.76499612489715
18498,3498,8.690138741940245e-08,1.0,,,False,489.9098264169879
18499,3499,8.534512829783125e-08,1.0,,,False,490.08122045802884
18500,3500,8.634113157768297e-08,1.0,1.0,4.113382511906444e-05,False,490.4331132499501
18501,3501,8.565638154323096e-08,1.0,,,False,490.5997181669809
18502,3502,8.578088284139085e-08,1.0,,,False,490.744064749917
18503,3503,8.41623730707397e-08,1.0,,,False,490.90578195801936
18504,3504,8.590538413955073e-08,1.0,,,False,491.11656495789066
18505,3505,8.478487956153913e-08,1.0,,,False,491.33277649991214
18506,3506,8.587425526229708e-08,1.0,,,False,491.53041087510064
18507,3507,8.553188024507108e-08,1.0,,,False,491.7050120830536
18508,3508,8.518950522784507e-08,1.0,,,False,491.8624994580168
18509,3509,8.60921289813632e-08,1.0,,,False,492.0228305829223
18510,3510,8.503387505243154e-08,1.0,,,False,492.1700197500177
18511,3511,8.711926113846857e-08,1.0,,,False,492.30862479191273
18512,3512,8.528287764875131e-08,1.0,,,False,492.4732405829709
18513,3513,8.578088284139085e-08,1.0,,,False,492.58998833294027
18514,3514,8.325974221179422e-08,1.0,,,False,492.70261433301494
18515,3515,8.466037826337924e-08,1.0,,,False,492.85437699989416
18516,3516,8.534512829783125e-08,1.0,,,False,492.97189529193565
18517,3517,8.699475984030869e-08,1.0,,,False,493.10771004203707
18518,3518,8.53762571750849e-08,1.0,,,False,493.2472136670258
18519,3519,8.487825198244536e-08,1.0,,,False,493.3810097919777
18520,3520,8.546962959599114e-08,1.0,,,False,493.5245724169072
18521,3521,8.612325785861685e-08,1.0,,,False,493.63583279191516
18522,3522,8.210811586195632e-08,1.0,,,False,493.76577599998564
18523,3523,8.553188024507108e-08,1.0,,,False,493.87511499994434
18524,3524,8.41623730707397e-08,1.0,,,False,493.9852028749883
18525,3525,8.662125594582903e-08,1.0,,,False,494.13815104193054
18526,3526,8.515837635059142e-08,1.0,,,False,494.26236124988645
18527,3527,8.543850071873749e-08,1.0,,,False,494.382853457937
18528,3528,8.450474808796571e-08,1.0,,,False,494.50703237508424
18529,3529,8.428687436889959e-08,1.0,,,False,494.6383951669559
18530,3530,8.565638154323096e-08,1.0,,,False,494.78257037489675
18531,3531,8.344649415903405e-08,1.0,,,False,494.93467999994755
18532,3532,8.425574549164594e-08,1.0,,,False,495.07810437493026
18533,3533,8.690138741940245e-08,1.0,,,False,495.2098554170225
18534,3534,8.369549675535382e-08,1.0,,,False,495.32599587505683
18535,3535,8.61855085076968e-08,1.0,,,False,495.4802592920605
18536,3536,8.378886917626005e-08,1.0,,,False,495.5990758750122
18537,3537,8.590538413955073e-08,1.0,,,False,495.7256265420001
18538,3538,8.434912501797953e-08,1.0,,,False,495.8903249579016
18539,3539,8.469150003520554e-08,1.0,,,False,496.049353874987
18540,3540,8.372661852718011e-08,1.0,,,False,496.1885963329114
18541,3541,8.590538413955073e-08,1.0,,,False,496.3279000830371
18542,3542,8.487825198244536e-08,1.0,,,False,496.4599529579282
18543,3543,8.518950522784507e-08,1.0,,,False,496.5779019999318
18544,3544,8.45981276142993e-08,1.0,,,False,496.7074307498988
18545,3545,8.46292493861256e-08,1.0,,,False,496.8686774999369
18546,3546,8.33842435099541e-08,1.0,,,False,496.98206187505275
18547,3547,8.344649415903405e-08,1.0,,,False,497.1477436251007
18548,3548,8.515837635059142e-08,1.0,,,False,497.31292024999857
18549,3549,8.422462371981965e-08,1.0,,,False,497.46274758293293
18550,3550,8.406900064983347e-08,1.0,,,False,497.591184833087
18551,3551,8.434912501797953e-08,1.0,,,False,497.745949333068
18552,3552,8.41623730707397e-08,1.0,,,False,497.8813510830514
18553,3553,8.506500392968519e-08,1.0,,,False,498.03258287510835
18554,3554,8.578088284139085e-08,1.0,,,False,498.19123804196715
18555,3555,8.456699873704565e-08,1.0,,,False,498.3442725420464
18556,3556,8.366436787810017e-08,1.0,,,False,498.5045299169142
18557,3557,8.266836459824844e-08,1.0,,,False,498.66472954209894
18558,3558,8.394449935167358e-08,1.0,,,False,498.80056991707534
18559,3559,8.375774740443376e-08,1.0,,,False,498.9287759170402
18560,3560,8.353987368536764e-08,1.0,,,False,499.06976124993525
18561,3561,8.525175587692502e-08,1.0,,,False,499.2268219999969
18562,3562,8.34776230362877e-08,1.0,,,False,499.39769800007343
18563,3563,8.487825198244536e-08,1.0,,,False,499.5323947079014
18564,3564,8.341537238720775e-08,1.0,,,False,499.6449797919486
18565,3565,8.456699873704565e-08,1.0,,,False,499.7528566250112
18566,3566,8.30418684927281e-08,1.0,,,False,499.9014416250866
18567,3567,8.425574549164594e-08,1.0,,,False,500.0342462079134
18568,3568,8.357099545719393e-08,1.0,,,False,500.1689979999792
18569,3569,8.388224870259364e-08,1.0,,,False,500.2951537501067
18570,3570,8.319749156271428e-08,1.0,,,False,500.432036583079
18571,3571,8.509612570151148e-08,1.0,,,False,500.57999633299187
18572,3572,8.350874480811399e-08,1.0,,,False,500.7328455001116
18573,3573,8.332199286087416e-08,1.0,,,False,500.87348729209043
18574,3574,8.481600133336542e-08,1.0,,,False,501.02291787508875
18575,3575,8.363324610627387e-08,1.0,,,False,501.13891074992716
18576,3576,8.49405026315253e-08,1.0,,,False,501.2919134579133
18577,3577,8.18279843883829e-08,1.0,,,False,501.4371004169807
18578,3578,8.388224870259364e-08,1.0,,,False,501.5896705829073
18579,3579,8.26061139491685e-08,1.0,,,False,501.7166976251174
18580,3580,8.301073961547445e-08,1.0,,,False,501.84793695807457
18581,3581,8.217036651103626e-08,1.0,,,False,501.98984191706404
18582,3582,8.54073789469112e-08,1.0,,,False,502.111925000092
18583,3583,8.204586521287638e-08,1.0,,,False,502.253372249892
18584,3584,8.456699873704565e-08,1.0,,,False,502.3895402920898
18585,3585,8.344649415903405e-08,1.0,,,False,502.5467872500885
18586,3586,8.38199980535137e-08,1.0,,,False,502.69680616701953
18587,3587,8.332199286087416e-08,1.0,,,False,502.80521479202434
18588,3588,8.220148828286256e-08,1.0,,,False,502.94174187490717
18589,3589,8.251274152826227e-08,1.0,,,False,503.0556213329546
18590,3590,8.26994934755021e-08,1.0,,,False,503.21005687490106
18591,3591,8.515837635059142e-08,1.0,,,False,503.35776137490757
18592,3592,8.129885742391707e-08,1.0,,,False,503.4837021669373
18593,3593,8.431799614072588e-08,1.0,,,False,503.5944384171162
18594,3594,8.220148828286256e-08,1.0,,,False,503.7649990830105
18595,3595,8.515837635059142e-08,1.0,,,False,503.90452066692524
18596,3596,8.385111982533999e-08,1.0,,,False,504.04220216698013
18597,3597,8.14544875993306e-08,1.0,,,False,504.21458941698074
18598,3598,8.363324610627387e-08,1.0,,,False,504.3751709999051
18599,3599,8.201473633562273e-08,1.0,,,False,504.4981061250437
18600,3600,8.307299026455439e-08,1.0,1.0,3.890399955882061e-05,False,504.79900162504055
18601,3601,8.232598958102244e-08,1.0,,,False,504.95528479199857
18602,3602,8.201473633562273e-08,1.0,,,False,505.0919076669961
18603,3603,8.173461196747667e-08,1.0,,,False,505.2408718750812
18604,3604,8.34776230362877e-08,1.0,,,False,505.3745587919839
18605,3605,8.422462371981965e-08,1.0,,,False,505.5270751249045
18606,3606,8.232598958102244e-08,1.0,,,False,505.6686871671118
18607,3607,8.273061524732839e-08,1.0,,,False,505.846465166891
18608,3608,8.419350194799335e-08,1.0,,,False,505.9979849581141
18609,3609,8.288624542274192e-08,1.0,,,False,506.1624020829331
18610,3610,8.291736719456821e-08,1.0,,,False,506.30943620810285
18611,3611,8.220148828286256e-08,1.0,,,False,506.4215214580763
18612,3612,8.232598958102244e-08,1.0,,,False,506.5598767919
18613,3613,8.07074798103713e-08,1.0,,,False,506.71498416690156
18614,3614,8.291736719456821e-08,1.0,,,False,506.83101424993947
18615,3615,8.332199286087416e-08,1.0,,,False,506.94399454211816
18616,3616,8.220148828286256e-08,1.0,,,False,507.0659472080879
18617,3617,8.325974221179422e-08,1.0,,,False,507.2074499579612
18618,3618,8.14544875993306e-08,1.0,,,False,507.3496082080528
18619,3619,8.363324610627387e-08,1.0,,,False,507.4614581670612
18620,3620,8.198361456379644e-08,1.0,,,False,507.5832475419156
18621,3621,8.481600133336542e-08,1.0,,,False,507.7015902081039
18622,3622,8.0676358038545e-08,1.0,,,False,507.81121395807713
18623,3623,8.052073496855883e-08,1.0,,,False,507.9493388750125
18624,3624,8.350874480811399e-08,1.0,,,False,508.0985787080135
18625,3625,8.185911326563655e-08,1.0,,,False,508.25492141698487
18626,3626,8.248161265100862e-08,1.0,,,False,508.418025250081
18627,3627,8.313524091363433e-08,1.0,,,False,508.5590880420059
18628,3628,8.185911326563655e-08,1.0,,,False,508.6757215000689
18629,3629,8.142335872207696e-08,1.0,,,False,508.80992670799606
18630,3630,8.173461196747667e-08,1.0,,,False,508.96592808305286
18631,3631,8.26061139491685e-08,1.0,,,False,509.134104375029
18632,3632,8.0676358038545e-08,1.0,,,False,509.28842316707596
18633,3633,8.410012242165976e-08,1.0,,,False,509.42561570811085
18634,3634,8.14856093711569e-08,1.0,,,False,509.57458333298564
18635,3635,8.170349019565037e-08,1.0,,,False,509.6834826669656
18636,3636,8.129885742391707e-08,1.0,,,False,509.82971716695465
18637,3637,8.366436787810017e-08,1.0,,,False,509.9639170418959
18638,3638,8.086310998578483e-08,1.0,,,False,510.129353916971
18639,3639,8.22637389319425e-08,1.0,,,False,510.29943020804785
18640,3640,8.18279843883829e-08,1.0,,,False,510.46740308310837
18641,3641,8.089423175761112e-08,1.0,,,False,510.62437662505545
18642,3642,8.120548500301084e-08,1.0,,,False,510.73360733292066
18643,3643,8.204586521287638e-08,1.0,,,False,510.8433537920937
18644,3644,8.142335872207696e-08,1.0,,,False,510.98434925009497
18645,3645,8.167236131839672e-08,1.0,,,False,511.12566783302464
18646,3646,8.475375068428548e-08,1.0,,,False,511.27588916709647
18647,3647,7.996047912683935e-08,1.0,,,False,511.4353321669623
18648,3648,8.104986193302466e-08,1.0,,,False,511.58453224995174
18649,3649,8.198361456379644e-08,1.0,,,False,511.73424762510695
18650,3650,8.285511654548827e-08,1.0,,,False,511.8858514169697
18651,3651,8.048960609130518e-08,1.0,,,False,512.024293417111
18652,3652,8.123660677483713e-08,1.0,,,False,512.1710535830352
18653,3653,8.052073496855883e-08,1.0,,,False,512.3132677921094
18654,3654,8.14856093711569e-08,1.0,,,False,512.5045079579577
18655,3655,8.176574084473032e-08,1.0,,,False,512.6658438749146
18656,3656,8.164123954657043e-08,1.0,,,False,512.8160224580206
18657,3657,8.30418684927281e-08,1.0,,,False,512.9691898329183
18658,3658,7.980485605685317e-08,1.0,,,False,513.116855124943
18659,3659,8.201473633562273e-08,1.0,,,False,513.2793628328945
18660,3660,8.098761128394472e-08,1.0,,,False,513.4135420420207
18661,3661,8.101873305577101e-08,1.0,,,False,513.5410071250517
18662,3662,8.058298561763877e-08,1.0,,,False,513.6791886249557
18663,3663,8.0333983021319e-08,1.0,,,False,513.8103222919162
18664,3664,8.139223695025066e-08,1.0,,,False,513.9765295831021
18665,3665,8.18279843883829e-08,1.0,,,False,514.1241404579487
18666,3666,8.173461196747667e-08,1.0,,,False,514.2472339170054
18667,3667,8.285511654548827e-08,1.0,,,False,514.416795541998
18668,3668,7.940022328511986e-08,1.0,,,False,514.5366607499309
18669,3669,7.924460021513369e-08,1.0,,,False,514.7319361669943
18670,3670,8.11121125821046e-08,1.0,,,False,514.893961166963
18671,3671,8.005385154774558e-08,1.0,,,False,515.045659791911
18672,3672,8.220148828286256e-08,1.0,,,False,515.1973977920134
18673,3673,8.042735544222523e-08,1.0,,,False,515.3402906670235
18674,3674,8.076973045945124e-08,1.0,,,False,515.5133797079325
18675,3675,8.086310998578483e-08,1.0,,,False,515.7044482498895
18676,3676,8.129885742391707e-08,1.0,,,False,515.8393792079296
18677,3677,8.058298561763877e-08,1.0,,,False,515.966498499969
18678,3678,7.98982284777594e-08,1.0,,,False,516.1289875418879
18679,3679,8.210811586195632e-08,1.0,,,False,516.2813567079138
18680,3680,7.983597782867946e-08,1.0,,,False,516.4403201250825
18681,3681,8.055185674038512e-08,1.0,,,False,516.5940206670202
18682,3682,8.086310998578483e-08,1.0,,,False,516.7576814580243
18683,3683,8.036510479314529e-08,1.0,,,False,516.9173765829764
18684,3684,7.98982284777594e-08,1.0,,,False,517.0927554580849
18685,3685,8.14544875993306e-08,1.0,,,False,517.2517439168878
18686,3686,7.98982284777594e-08,1.0,,,False,517.4335842079017
18687,3687,8.095648240669107e-08,1.0,,,False,517.6102303750813
18688,3688,8.095648240669107e-08,1.0,,,False,517.7563272919506
18689,3689,8.048960609130518e-08,1.0,,,False,517.9097895829473
18690,3690,8.073860868762495e-08,1.0,,,False,518.0778669998981
18691,3691,7.971147653051958e-08,1.0,,,False,518.232838707976
18692,3692,8.042735544222523e-08,1.0,,,False,518.3623810419813
18693,3693,7.986710670593311e-08,1.0,,,False,518.5313742919825
18694,3694,8.017835284590547e-08,1.0,,,False,518.7024887499865
18695,3695,7.787509304080231e-08,1.0,,,False,518.8703472081106
18696,3696,8.164123954657043e-08,1.0,,,False,519.0308385419194
18697,3697,7.977372717959952e-08,1.0,,,False,519.2027074170765
18698,3698,7.999160089866564e-08,1.0,,,False,519.3646483330522
18699,3699,8.086310998578483e-08,1.0,,,False,519.5209042080678
18700,3700,8.114323435393089e-08,1.0,1.0,3.611089047780029e-05,False,519.8450585000683
18701,3701,7.759496867265625e-08,1.0,,,False,520.0094035828952
18702,3702,7.915122779422745e-08,1.0,,,False,520.1690223750193
18703,3703,8.076973045945124e-08,1.0,,,False,520.32614762499
18704,3704,8.14856093711569e-08,1.0,,,False,520.4744716249406
18705,3705,8.002272977591929e-08,1.0,,,False,520.6337405000813
18706,3706,8.045848431947888e-08,1.0,,,False,520.8008594999555
18707,3707,7.936910151329357e-08,1.0,,,False,520.9462966250721
18708,3708,7.868435147884156e-08,1.0,,,False,521.0981715829112
18709,3709,8.086310998578483e-08,1.0,,,False,521.2731680420693
18710,3710,7.793734368988225e-08,1.0,,,False,521.414092208026
18711,3711,8.030285414406535e-08,1.0,,,False,521.5569750000723
18712,3712,7.983597782867946e-08,1.0,,,False,521.7330521671101
18713,3713,7.905784826789386e-08,1.0,,,False,521.8940325831063
18714,3714,7.927572909238734e-08,1.0,,,False,522.0528122079559
18715,3715,7.852872130342803e-08,1.0,,,False,522.1884084169287
18716,3716,8.008498042499923e-08,1.0,,,False,522.3295721670147
18717,3717,8.008498042499923e-08,1.0,,,False,522.4844370000064
18718,3718,7.996047912683935e-08,1.0,,,False,522.6348304999992
18719,3719,7.94624739341998e-08,1.0,,,False,522.7688405830413
18720,3720,7.980485605685317e-08,1.0,,,False,522.9219427080825
18721,3721,7.936910151329357e-08,1.0,,,False,523.0544509580359
18722,3722,7.762609044448254e-08,1.0,,,False,523.1810881670099
18723,3723,8.101873305577101e-08,1.0,,,False,523.3095604169648
18724,3724,7.855985018068168e-08,1.0,,,False,523.470577250002
18725,3725,7.880884567157409e-08,1.0,,,False,523.6197046251036
18726,3726,7.803072321621585e-08,1.0,,,False,523.7901885421015
18727,3727,8.027173237223906e-08,1.0,,,False,523.9304684998933
18728,3728,7.968035475869328e-08,1.0,,,False,524.0995035420638
18729,3729,7.949360281145346e-08,1.0,,,False,524.2455258329865
18730,3730,7.95558534605334e-08,1.0,,,False,524.4009098750539
18731,3731,7.803072321621585e-08,1.0,,,False,524.5506487500388
18732,3732,7.952472458327975e-08,1.0,,,False,524.6868555420078
18733,3733,7.83419693561882e-08,1.0,,,False,524.8281677500345
18734,3734,8.058298561763877e-08,1.0,,,False,524.9861734579317
18735,3735,7.999160089866564e-08,1.0,,,False,525.1351686669514
18736,3736,7.840422000526814e-08,1.0,,,False,525.2915317919105
18737,3737,7.72214647781766e-08,1.0,,,False,525.4335505419876
18738,3738,7.94624739341998e-08,1.0,,,False,525.5645875420887
18739,3739,7.924460021513369e-08,1.0,,,False,525.7240452920087
18740,3740,8.045848431947888e-08,1.0,,,False,525.8831835419405
18741,3741,7.740821672541642e-08,1.0,,,False,526.0335521250963
18742,3742,8.014723107407917e-08,1.0,,,False,526.1674048749264
18743,3743,7.852872130342803e-08,1.0,,,False,526.3084443749394
18744,3744,7.91200989169738e-08,1.0,,,False,526.4497894579545
18745,3745,7.812409563712208e-08,1.0,,,False,526.5638979999349
18746,3746,7.936910151329357e-08,1.0,,,False,526.7122685830109
18747,3747,7.852872130342803e-08,1.0,,,False,526.847171667032
18748,3748,7.977372717959952e-08,1.0,,,False,526.9989059169311
18749,3749,7.728371542725654e-08,1.0,,,False,527.1466507080477
18750,3750,7.775059174264243e-08,1.0,,,False,527.2969618330244
18751,3751,7.79684725671359e-08,1.0,,,False,527.445752749918
18752,3752,7.893334696973398e-08,1.0,,,False,527.5590686670039
18753,3753,7.862210082976162e-08,1.0,,,False,527.7059942081105
18754,3754,7.852872130342803e-08,1.0,,,False,527.8471813329961
18755,3755,7.961810410961334e-08,1.0,,,False,527.9993846670259
18756,3756,8.064522916129135e-08,1.0,,,False,528.1374445830006
18757,3757,7.890222519790768e-08,1.0,,,False,528.3131822920404
18758,3758,7.700359105911048e-08,1.0,,,False,528.4700039171148
18759,3759,7.927572909238734e-08,1.0,,,False,528.6403962920886
18760,3760,7.703471283093677e-08,1.0,,,False,528.7558294578921
18761,3761,7.747046737449637e-08,1.0,,,False,528.8978260420263
18762,3762,7.893334696973398e-08,1.0,,,False,529.0442794170231
18763,3763,7.924460021513369e-08,1.0,,,False,529.1753823750187
18764,3764,7.650558586647094e-08,1.0,,,False,529.3330015419051
18765,3765,7.725259365543025e-08,1.0,,,False,529.4609888331033
18766,3766,7.887109632065403e-08,1.0,,,False,529.6418254580349
18767,3767,7.999160089866564e-08,1.0,,,False,529.7770288749598
18768,3768,7.940022328511986e-08,1.0,,,False,529.9328986669425
18769,3769,7.765721932173619e-08,1.0,,,False,530.087670667097
18770,3770,7.868435147884156e-08,1.0,,,False,530.2453791669104
18771,3771,7.768834109356249e-08,1.0,,,False,530.4211582080461
18772,3772,7.793734368988225e-08,1.0,,,False,530.5717675830238
18773,3773,7.905784826789386e-08,1.0,,,False,530.7108474581037
18774,3774,7.852872130342803e-08,1.0,,,False,530.8537103331182
18775,3775,7.750159625175002e-08,1.0,,,False,530.9916109170299
18776,3776,7.709696348001671e-08,1.0,,,False,531.1619295829441
18777,3777,7.83419693561882e-08,1.0,,,False,531.3158608330414
18778,3778,7.887109632065403e-08,1.0,,,False,531.4902327079326
18779,3779,7.880884567157409e-08,1.0,,,False,531.6430349170696
18780,3780,7.706584170819042e-08,1.0,,,False,531.7693037919234
18781,3781,7.803072321621585e-08,1.0,,,False,531.9288972080685
18782,3782,7.759496867265625e-08,1.0,,,False,532.0707915420644
18783,3783,7.936910151329357e-08,1.0,,,False,532.2410190000664
18784,3784,7.659896539280453e-08,1.0,,,False,532.4080749999266
18785,3785,7.905784826789386e-08,1.0,,,False,532.5878148330376
18786,3786,7.812409563712208e-08,1.0,,,False,532.7448691250756
18787,3787,7.650558586647094e-08,1.0,,,False,532.881349042058
18788,3788,7.691021863820424e-08,1.0,,,False,533.002565166913
18789,3789,7.806184498804214e-08,1.0,,,False,533.1273513329215
18790,3790,7.890222519790768e-08,1.0,,,False,533.2841725829057
18791,3791,7.691021863820424e-08,1.0,,,False,533.4656367499847
18792,3792,7.79995943389622e-08,1.0,,,False,533.648114874959
18793,3793,7.846647065434809e-08,1.0,,,False,533.807055958081
18794,3794,7.666121604188447e-08,1.0,,,False,533.9783104578964
18795,3795,8.086310998578483e-08,1.0,,,False,534.1198394170497
18796,3796,7.672346669096441e-08,1.0,,,False,534.2796107919421
18797,3797,7.700359105911048e-08,1.0,,,False,534.3988965000026
18798,3798,7.656783651555088e-08,1.0,,,False,534.524223708082
18799,3799,7.827971870710826e-08,1.0,,,False,534.6680092921015
18800,3800,7.706584170819042e-08,1.0,1.0,3.3713739989641605e-05,False,534.9289498750586
18801,3801,7.827971870710826e-08,1.0,,,False,535.0584342919756
18802,3802,7.582083583201893e-08,1.0,,,False,535.2094657500274
18803,3803,7.865322260158791e-08,1.0,,,False,535.362012791913
18804,3804,7.896447584698763e-08,1.0,,,False,535.4946999999229
18805,3805,7.753271802357631e-08,1.0,,,False,535.6381976669654
18806,3806,7.79684725671359e-08,1.0,,,False,535.7578181670979
18807,3807,7.541621016571298e-08,1.0,,,False,535.8991282079369
18808,3808,7.849759953160174e-08,1.0,,,False,536.0367792919278
18809,3809,7.64122134455647e-08,1.0,,,False,536.1754712080583
18810,3810,7.71903430063503e-08,1.0,,,False,536.3081939578988
18811,3811,7.628771214740482e-08,1.0,,,False,536.4339834579732
18812,3812,7.818634628620202e-08,1.0,,,False,536.566054499941
18813,3813,7.859097195250797e-08,1.0,,,False,536.7579187499359
18814,3814,7.899559761881392e-08,1.0,,,False,536.9049949580804
18815,3815,7.52917088675531e-08,1.0,,,False,537.0510770000983
18816,3816,7.591420825292516e-08,1.0,,,False,537.1844344579149
18817,3817,7.700359105911048e-08,1.0,,,False,537.3131663750391
18818,3818,7.790622191805596e-08,1.0,,,False,537.4784858750645
18819,3819,7.700359105911048e-08,1.0,,,False,537.6421931250952
18820,3820,7.619433972649858e-08,1.0,,,False,537.8164224170614
18821,3821,7.725259365543025e-08,1.0,,,False,537.9645264169667
18822,3822,8.002272977591929e-08,1.0,,,False,538.1140088329557
18823,3823,7.585195760384522e-08,1.0,,,False,538.2631853329949
18824,3824,7.893334696973398e-08,1.0,,,False,538.3843404580839
18825,3825,7.532283063937939e-08,1.0,,,False,538.5319199170917
18826,3826,7.824859693528197e-08,1.0,,,False,538.6791904170532
18827,3827,7.52917088675531e-08,1.0,,,False,538.8111644580495
18828,3828,7.706584170819042e-08,1.0,,,False,538.9604468329344
18829,3829,7.550958258661922e-08,1.0,,,False,539.0752152081113
18830,3830,7.759496867265625e-08,1.0,,,False,539.2308828749228
18831,3831,7.740821672541642e-08,1.0,,,False,539.3618795829825
18832,3832,7.647446409464465e-08,1.0,,,False,539.4956787920091
18833,3833,7.60698384283387e-08,1.0,,,False,539.6254469999112
18834,3834,7.473145302583362e-08,1.0,,,False,539.7619053330272
18835,3835,7.949360281145346e-08,1.0,,,False,539.9033628329635
18836,3836,7.83419693561882e-08,1.0,,,False,540.060685625067
18837,3837,7.806184498804214e-08,1.0,,,False,540.2127217079978
18838,3838,7.650558586647094e-08,1.0,,,False,540.3539623750839
18839,3839,7.392220169322172e-08,1.0,,,False,540.5038795419969
18840,3840,7.815522451437573e-08,1.0,,,False,540.6181192500517
18841,3841,7.603870955108505e-08,1.0,,,False,540.8039962919429
18842,3842,7.694134041003053e-08,1.0,,,False,540.9920256249607
18843,3843,7.619433972649858e-08,1.0,,,False,541.1387855419889
18844,3844,7.715921412909665e-08,1.0,,,False,541.2934403750114
18845,3845,7.578970695476528e-08,1.0,,,False,541.4608297499362
18846,3846,7.600758777925876e-08,1.0,,,False,541.618154207943
18847,3847,7.72214647781766e-08,1.0,,,False,541.7949629169889
18848,3848,7.6443335217391e-08,1.0,,,False,541.9310088749044
18849,3849,7.634996279648476e-08,1.0,,,False,542.0780332919676
18850,3850,7.678571734004436e-08,1.0,,,False,542.2245549999643
18851,3851,7.687908976095059e-08,1.0,,,False,542.3937077920418
18852,3852,7.585195760384522e-08,1.0,,,False,542.5557391669136
18853,3853,7.532283063937939e-08,1.0,,,False,542.6911095420364
18854,3854,7.522945821847316e-08,1.0,,,False,542.8620244578924
18855,3855,7.694134041003053e-08,1.0,,,False,543.0003363329452
18856,3856,7.740821672541642e-08,1.0,,,False,543.1271777919028
18857,3857,7.634996279648476e-08,1.0,,,False,543.2467920829076
18858,3858,7.669233781371076e-08,1.0,,,False,543.3900069170631
18859,3859,7.49493338503271e-08,1.0,,,False,543.5232740000356
18860,3860,7.625659037557853e-08,1.0,,,False,543.6921264580451
18861,3861,7.575858518293899e-08,1.0,,,False,543.8622532500885
18862,3862,7.68479679891243e-08,1.0,,,False,544.0146843330003
18863,3863,7.566521276203275e-08,1.0,,,False,544.167635666905
18864,3864,7.666121604188447e-08,1.0,,,False,544.3359850000124
18865,3865,7.507383514848698e-08,1.0,,,False,544.4904013751075
18866,3866,7.663008716463082e-08,1.0,,,False,544.6343627918977
18867,3867,7.482483255216721e-08,1.0,,,False,544.7702141669579
18868,3868,7.709696348001671e-08,1.0,,,False,544.9212114999536
18869,3869,7.638108456831105e-08,1.0,,,False,545.0747303329408
18870,3870,7.68479679891243e-08,1.0,,,False,545.2336418330669
18871,3871,7.435795623678132e-08,1.0,,,False,545.3969814169686
18872,3872,7.731484430451019e-08,1.0,,,False,545.5595465418883
18873,3873,7.470033125400732e-08,1.0,,,False,545.7133580830414
18874,3874,7.392220169322172e-08,1.0,,,False,545.8469277080148
18875,3875,7.588308648109887e-08,1.0,,,False,546.0071081670467
18876,3876,7.638108456831105e-08,1.0,,,False,546.1634607079905
18877,3877,7.675458846279071e-08,1.0,,,False,546.3249012499582
18878,3878,7.466920237675367e-08,1.0,,,False,546.4864387500565
18879,3879,7.522945821847316e-08,1.0,,,False,546.6311202500947
18880,3880,7.71903430063503e-08,1.0,,,False,546.774175416911
18881,3881,7.510495692031327e-08,1.0,,,False,546.928136707982
18882,3882,7.504270627123333e-08,1.0,,,False,547.0697445000987
18883,3883,7.560296211295281e-08,1.0,,,False,547.2380421250127
18884,3884,7.650558586647094e-08,1.0,,,False,547.3998475000262
18885,3885,7.482483255216721e-08,1.0,,,False,547.561309041921
18886,3886,7.501158449940704e-08,1.0,,,False,547.7035542079248
18887,3887,7.504270627123333e-08,1.0,,,False,547.8592471249867
18888,3888,7.538508128845933e-08,1.0,,,False,548.0046508749947
18889,3889,7.6443335217391e-08,1.0,,,False,548.1699261670001
18890,3890,7.547846081479292e-08,1.0,,,False,548.3248527920805
18891,3891,7.498045562215339e-08,1.0,,,False,548.4687400830444
18892,3892,7.631884102465847e-08,1.0,,,False,548.6162943749223
18893,3893,7.491820497307344e-08,1.0,,,False,548.8020735830069
18894,3894,7.634996279648476e-08,1.0,,,False,548.9950707079843
18895,3895,7.351757602691578e-08,1.0,,,False,549.1786926670466
18896,3896,7.426457671044773e-08,1.0,,,False,549.3399729579687
18897,3897,7.544733193753927e-08,1.0,,,False,549.4984405830037
18898,3898,7.479370367491356e-08,1.0,,,False,549.6509723330382
18899,3899,7.423345493862143e-08,1.0,,,False,549.7894018751103
18900,3900,7.740821672541642e-08,1.0,1.0,3.213356922356969e-05,False,550.0937897500116
18901,3901,7.628771214740482e-08,1.0,,,False,550.2589008330833
18902,3902,7.57274634111127e-08,1.0,,,False,550.4190394580364
18903,3903,7.37043279741556e-08,1.0,,,False,550.5820782920346
18904,3904,7.48559543239935e-08,1.0,,,False,550.7136025000364
18905,3905,7.463808060492738e-08,1.0,,,False,550.841984000057
18906,3906,7.463808060492738e-08,1.0,,,False,550.9802142078988
18907,3907,7.404670299138161e-08,1.0,,,False,551.1344492079224
18908,3908,7.72214647781766e-08,1.0,,,False,551.284880500054
18909,3909,7.357982667599572e-08,1.0,,,False,551.4307484999299
18910,3910,7.600758777925876e-08,1.0,,,False,551.5826147920452
18911,3911,7.389107992139543e-08,1.0,,,False,551.7327576249372
18912,3912,7.45135793067675e-08,1.0,,,False,551.9045487500262
18913,3913,7.364207732507566e-08,1.0,,,False,552.0719542920124
18914,3914,7.482483255216721e-08,1.0,,,False,552.25156508293
18915,3915,7.591420825292516e-08,1.0,,,False,552.4058419170324
18916,3916,7.498045562215339e-08,1.0,,,False,552.5765622919425
18917,3917,7.401557411412796e-08,1.0,,,False,552.7367867499124
18918,3918,7.575858518293899e-08,1.0,,,False,552.9079316249117
18919,3919,7.414007541228784e-08,1.0,,,False,553.0560892920475
18920,3920,7.382882927231549e-08,1.0,,,False,553.2068005830515
18921,3921,7.292619841337e-08,1.0,,,False,553.3610260419082
18922,3922,7.501158449940704e-08,1.0,,,False,553.5430672080256
18923,3923,7.414007541228784e-08,1.0,,,False,553.716034916928
18924,3924,7.569633453385904e-08,1.0,,,False,553.8726474170107
18925,3925,7.491820497307344e-08,1.0,,,False,554.0180435830262
18926,3926,7.510495692031327e-08,1.0,,,False,554.1815175830852
18927,3927,7.541621016571298e-08,1.0,,,False,554.3379925419576
18928,3928,7.37043279741556e-08,1.0,,,False,554.4778302079067
18929,3929,7.491820497307344e-08,1.0,,,False,554.6179994998965
18930,3930,7.364207732507566e-08,1.0,,,False,554.765600166982
18931,3931,7.333082407967595e-08,1.0,,,False,554.9087877499405
18932,3932,7.432682735952767e-08,1.0,,,False,555.0586833748966
18933,3933,7.382882927231549e-08,1.0,,,False,555.2086928330828
18934,3934,7.289506953611635e-08,1.0,,,False,555.3638258329593
18935,3935,7.382882927231549e-08,1.0,,,False,555.5283216671087
18936,3936,7.479370367491356e-08,1.0,,,False,555.6809246670455
18937,3937,7.445132865768755e-08,1.0,,,False,555.8316802498884
18938,3938,7.479370367491356e-08,1.0,,,False,555.9762573749758
18939,3939,7.317520100968977e-08,1.0,,,False,556.107283707941
18940,3940,7.578970695476528e-08,1.0,,,False,556.2298886668868
18941,3941,7.252157274706406e-08,1.0,,,False,556.3644613749348
18942,3942,7.37043279741556e-08,1.0,,,False,556.5001907919068
18943,3943,7.357982667599572e-08,1.0,,,False,556.6483467079233
18944,3944,7.382882927231549e-08,1.0,,,False,556.7847088749986
18945,3945,7.401557411412796e-08,1.0,,,False,556.9341615419835
18946,3946,7.351757602691578e-08,1.0,,,False,557.0672419581097
18947,3947,7.252157274706406e-08,1.0,,,False,557.2015627080109
18948,3948,7.457582995584744e-08,1.0,,,False,557.3480097081047
18949,3949,7.432682735952767e-08,1.0,,,False,557.4800432920456
18950,3950,7.423345493862143e-08,1.0,,,False,557.6205537500791
18951,3951,7.45135793067675e-08,1.0,,,False,557.7561744169798
18952,3952,7.479370367491356e-08,1.0,,,False,557.9076554169878
18953,3953,7.199244578259822e-08,1.0,,,False,558.041442542104
18954,3954,7.21791906244107e-08,1.0,,,False,558.1812818329781
18955,3955,7.298844906244994e-08,1.0,,,False,558.3059858749621
18956,3956,7.367319909690195e-08,1.0,,,False,558.4333129581064
18957,3957,7.482483255216721e-08,1.0,,,False,558.5565080419183
18958,3958,7.382882927231549e-08,1.0,,,False,558.70290725003
18959,3959,7.29573201851963e-08,1.0,,,False,558.8352835830301
18960,3960,7.376657862323555e-08,1.0,,,False,558.9747897079214
18961,3961,7.311295036060983e-08,1.0,,,False,559.1128498329781
18962,3962,7.323745165876971e-08,1.0,,,False,559.2583231250755
18963,3963,7.37354497459819e-08,1.0,,,False,559.3834448331036
18964,3964,7.227257015074429e-08,1.0,,,False,559.5033842918929
18965,3965,7.270832469430388e-08,1.0,,,False,559.6328200830612
18966,3966,7.423345493862143e-08,1.0,,,False,559.7726814579219
18967,3967,7.193019513351828e-08,1.0,,,False,559.9099709580187
18968,3968,7.177456495810475e-08,1.0,,,False,560.0528861249331
18969,3969,7.457582995584744e-08,1.0,,,False,560.1812789170071
18970,3970,7.457582995584744e-08,1.0,,,False,560.3164946669713
18971,3971,7.149444058995869e-08,1.0,,,False,560.4452473330311
18972,3972,7.513608579756692e-08,1.0,,,False,560.5694589579944
18973,3973,7.087194120458662e-08,1.0,,,False,560.707754666917
18974,3974,7.532283063937939e-08,1.0,,,False,560.8366011250764
18975,3975,7.080969055550668e-08,1.0,,,False,560.9826691250782
18976,3976,7.090306297641291e-08,1.0,,,False,561.1231206669472
18977,3977,7.208581820350446e-08,1.0,,,False,561.2713075419888
18978,3978,7.395333057047537e-08,1.0,,,False,561.40318737505
18979,3979,7.333082407967595e-08,1.0,,,False,561.5458729579113
18980,3980,7.454470818402115e-08,1.0,,,False,561.6745548748877
18981,3981,7.221031950166434e-08,1.0,,,False,561.8107826251071
18982,3982,7.2583823396144e-08,1.0,,,False,561.9661484169774
18983,3983,7.298844906244994e-08,1.0,,,False,562.1030184170231
18984,3984,7.05918097310132e-08,1.0,,,False,562.2479747079778
18985,3985,7.29573201851963e-08,1.0,,,False,562.3683783749584
18986,3986,7.435795623678132e-08,1.0,,,False,562.4990882079583
18987,3987,7.068518925734679e-08,1.0,,,False,562.6196100830566
18988,3988,7.311295036060983e-08,1.0,,,False,562.7672824999318
18989,3989,7.261494516797029e-08,1.0,,,False,562.9052530829795
18990,3990,7.2583823396144e-08,1.0,,,False,563.043620374985
18991,3991,7.087194120458662e-08,1.0,,,False,563.1926564578898
18992,3992,7.482483255216721e-08,1.0,,,False,563.3498217079323
18993,3993,7.140106816905245e-08,1.0,,,False,563.5011795000173
18994,3994,7.382882927231549e-08,1.0,,,False,563.6673415829428
18995,3995,7.152556946721234e-08,1.0,,,False,563.8161438331008
18996,3996,7.205469643167817e-08,1.0,,,False,563.9629497500136
18997,3997,6.950243403025524e-08,1.0,,,False,564.1128487079404
18998,3998,7.342419650058218e-08,1.0,,,False,564.2634110420477
18999,3999,7.065406038009314e-08,1.0,,,False,564.3943699169904
19000,4000,7.361094844782201e-08,1.0,1.0,3.0160622410523748e-05,False,564.6789227919653
19001,4001,7.202356755442452e-08,1.0,,,False,564.8621852500364
19002,4002,7.196131690534457e-08,1.0,,,False,564.9931923749391
19003,4003,7.118318734455897e-08,1.0,,,False,565.1309218329843
19004,4004,7.155669123903863e-08,1.0,,,False,565.2942285418976
19005,4005,7.245932209798411e-08,1.0,,,False,565.4430447081104
19006,4006,7.10275642745728e-08,1.0,,,False,565.5951933329925
19007,4007,7.236594257165052e-08,1.0,,,False,565.742335167015
19008,4008,7.211694708075811e-08,1.0,,,False,565.8828334999271
19009,4009,7.320632278151606e-08,1.0,,,False,566.0261210419703
19010,4010,7.18056938353584e-08,1.0,,,False,566.1536225830205
19011,4011,7.252157274706406e-08,1.0,,,False,566.3075902080163
19012,4012,6.891105641670947e-08,1.0,,,False,566.4386109579355
19013,4013,7.45135793067675e-08,1.0,,,False,566.5800925421063
19014,4014,6.993818146838748e-08,1.0,,,False,566.7169214170426
19015,4015,7.099643539731915e-08,1.0,,,False,566.8623011671007
19016,4016,7.189906625626463e-08,1.0,,,False,566.9909020001069
19017,4017,7.034281424012079e-08,1.0,,,False,567.1340363330673
19018,4018,7.239707144890417e-08,1.0,,,False,567.2688163749408
19019,4019,7.152556946721234e-08,1.0,,,False,567.3962320000865
19020,4020,7.174344318627845e-08,1.0,,,False,567.5483053328935
19021,4021,7.289506953611635e-08,1.0,,,False,567.686616916908
19022,4022,7.130768864271886e-08,1.0,,,False,567.814368792111
19023,4023,7.077856167825303e-08,1.0,,,False,567.9505599169061
19024,4024,7.052955908193326e-08,1.0,,,False,568.0994520001113
19025,4025,7.382882927231549e-08,1.0,,,False,568.2430940829217
19026,4026,6.881767689037588e-08,1.0,,,False,568.3897245828994
19027,4027,7.149444058995869e-08,1.0,,,False,568.5295003750362
19028,4028,7.049843731010697e-08,1.0,,,False,568.6868597080465
19029,4029,7.305069971152989e-08,1.0,,,False,568.8573021669872
19030,4030,6.937793273209536e-08,1.0,,,False,569.01043870789
19031,4031,7.233482079982423e-08,1.0,,,False,569.176698208088
19032,4032,7.018718406470725e-08,1.0,,,False,569.3320094170049
19033,4033,7.077856167825303e-08,1.0,,,False,569.4724230829161
19034,4034,7.196131690534457e-08,1.0,,,False,569.6122382080648
19035,4035,7.155669123903863e-08,1.0,,,False,569.7373761669733
19036,4036,7.049843731010697e-08,1.0,,,False,569.8889138330705
19037,4037,7.000043211746743e-08,1.0,,,False,570.0265662919264
19038,4038,6.90044288376157e-08,1.0,,,False,570.1752766249701
19039,4039,7.124543799363892e-08,1.0,,,False,570.3156273749191
19040,4040,7.084081232733297e-08,1.0,,,False,570.4650197499432
19041,4041,7.056068795918691e-08,1.0,,,False,570.5973463330884
19042,4042,7.161894188811857e-08,1.0,,,False,570.727610749891
19043,4043,7.348644714966213e-08,1.0,,,False,570.8777235420421
19044,4044,6.835080057498999e-08,1.0,,,False,571.0201066669542
19045,4045,7.379770039506184e-08,1.0,,,False,571.1488606249914
19046,4046,6.972030774932136e-08,1.0,,,False,571.2846656250767
19047,4047,7.068518925734679e-08,1.0,,,False,571.4402860829141
19048,4048,6.772830118961792e-08,1.0,,,False,571.5712592920754
19049,4049,7.186794448443834e-08,1.0,,,False,571.7116689579561
19050,4050,7.012493341562731e-08,1.0,,,False,571.8708318748977
19051,4051,7.006268276654737e-08,1.0,,,False,572.0178606670815
19052,4052,7.068518925734679e-08,1.0,,,False,572.1550148329698
19053,4053,7.087194120458662e-08,1.0,,,False,572.2931065829471
19054,4054,6.872430446946964e-08,1.0,,,False,572.4187324999366
19055,4055,7.18056938353584e-08,1.0,,,False,572.5406754580326
19056,4056,6.965805710024142e-08,1.0,,,False,572.6969320829958
19057,4057,7.065406038009314e-08,1.0,,,False,572.8400763750542
19058,4058,7.015606229288096e-08,1.0,,,False,572.991179500008
19059,4059,6.972030774932136e-08,1.0,,,False,573.1359800829086
19060,4060,7.071631102917308e-08,1.0,,,False,573.2657677500974
19061,4061,6.922230255668183e-08,1.0,,,False,573.406510458095
19062,4062,7.143218994087874e-08,1.0,,,False,573.5581149579957
19063,4063,6.90044288376157e-08,1.0,,,False,573.7057052080054
19064,4064,7.21480688525844e-08,1.0,,,False,573.8506128750741
19065,4065,7.040505778377337e-08,1.0,,,False,574.0095546669327
19066,4066,6.90978083639493e-08,1.0,,,False,574.1593622500077
19067,4067,6.897330706578941e-08,1.0,,,False,574.298624166986
19068,4068,6.97825583984013e-08,1.0,,,False,574.4184911670163
19069,4069,6.959580645116148e-08,1.0,,,False,574.5879282921087
19070,4070,7.062293860826685e-08,1.0,,,False,574.7515247080009
19071,4071,6.916005190760188e-08,1.0,,,False,574.9049080000259
19072,4072,7.108981492365274e-08,1.0,,,False,575.04974008305
19073,4073,6.922230255668183e-08,1.0,,,False,575.1964584169909
19074,4074,7.270832469430388e-08,1.0,,,False,575.3550830420572
19075,4075,6.747929859329815e-08,1.0,,,False,575.5139503749087
19076,4076,6.925343143393548e-08,1.0,,,False,575.6628927919082
19077,4077,6.891105641670947e-08,1.0,,,False,575.801622082945
19078,4078,7.143218994087874e-08,1.0,,,False,575.9366596669424
19079,4079,6.82262992768301e-08,1.0,,,False,576.1017458750866
19080,4080,6.953355580208154e-08,1.0,,,False,576.2470457078889
19081,4081,6.912893013577559e-08,1.0,,,False,576.3660489169415
19082,4082,7.068518925734679e-08,1.0,,,False,576.488244124921
19083,4083,6.881767689037588e-08,1.0,,,False,576.6320714170579
19084,4084,6.810179797867022e-08,1.0,,,False,576.7962907499168
19085,4085,7.000043211746743e-08,1.0,,,False,576.9489004579373
19086,4086,7.056068795918691e-08,1.0,,,False,577.0981137079652
19087,4087,6.859980317130976e-08,1.0,,,False,577.2600173749961
19088,4088,6.83196788031637e-08,1.0,,,False,577.395430207951
19089,4089,6.97825583984013e-08,1.0,,,False,577.5224133329466
19090,4090,6.828854992591005e-08,1.0,,,False,577.651895500021
19091,4091,6.872430446946964e-08,1.0,,,False,577.8154579170514
19092,4092,7.385995104414178e-08,1.0,,,False,577.9593041669577
19093,4093,6.791505313685775e-08,1.0,,,False,578.1040649579372
19094,4094,7.093419185366656e-08,1.0,,,False,578.2493131670635
19095,4095,6.67322979097662e-08,1.0,,,False,578.3856938329991
19096,4096,6.772830118961792e-08,1.0,,,False,578.528558375081
19097,4097,6.775942296144422e-08,1.0,,,False,578.6746944580227
19098,4098,6.922230255668183e-08,1.0,,,False,578.8149131250102
19099,4099,6.984480904748125e-08,1.0,,,False,578.9667765418999
19100,4100,6.912893013577559e-08,1.0,1.0,2.7316547297495657e-05,False,579.2368841250427
19101,4101,6.844418010132358e-08,1.0,,,False,579.3798491249327
19102,4102,6.83196788031637e-08,1.0,,,False,579.528242707951
19103,4103,7.028056359104085e-08,1.0,,,False,579.6769163329154
19104,4104,6.779055183869787e-08,1.0,,,False,579.825514457887
19105,4105,7.084081232733297e-08,1.0,,,False,579.9699886669405
19106,4106,6.875542624129594e-08,1.0,,,False,580.1222531669773
19107,4107,6.850643075040352e-08,1.0,,,False,580.2585209580138
19108,4108,6.623429271712666e-08,1.0,,,False,580.3927990000229
19109,4109,6.894217818853576e-08,1.0,,,False,580.5482446670067
19110,4110,6.897330706578941e-08,1.0,,,False,580.6988433750812
19111,4111,6.878655511854959e-08,1.0,,,False,580.8520434999373
19112,4112,6.688792097975238e-08,1.0,,,False,580.9886371670291
19113,4113,6.97825583984013e-08,1.0,,,False,581.1249099581037
19114,4114,6.785280248777781e-08,1.0,,,False,581.2457152500283
19115,4115,6.968918597749507e-08,1.0,,,False,581.3925867080688
19116,4116,6.86620538203897e-08,1.0,,,False,581.5352120830212
19117,4117,6.968918597749507e-08,1.0,,,False,581.6713667078875
19118,4118,6.586078882264701e-08,1.0,,,False,581.827401000075
19119,4119,7.130768864271886e-08,1.0,,,False,581.9627248749603
19120,4120,6.660779661160632e-08,1.0,,,False,582.1024710419588
19121,4121,6.825742815408375e-08,1.0,,,False,582.2603140829597
19122,4122,6.688792097975238e-08,1.0,,,False,582.4022352080792
19123,4123,7.056068795918691e-08,1.0,,,False,582.5427230419591
19124,4124,6.74481697160445e-08,1.0,,,False,582.6843133328948
19125,4125,6.884880576762953e-08,1.0,,,False,582.8371621670667
19126,4126,6.813292685592387e-08,1.0,,,False,582.9681717921048
19127,4127,6.775942296144422e-08,1.0,,,False,583.1213418329135
19128,4128,6.682567033067244e-08,1.0,,,False,583.262899500085
19129,4129,6.906667948669565e-08,1.0,,,False,583.4121538330801
19130,4130,6.75415492423781e-08,1.0,,,False,583.5701621249318
19131,4131,6.841305122406993e-08,1.0,,,False,583.7504084170796
19132,4132,6.660779661160632e-08,1.0,,,False,583.8682767499704
19133,4133,7.052955908193326e-08,1.0,,,False,583.9875233329367
19134,4134,6.638991578711284e-08,1.0,,,False,584.1245769578964
19135,4135,6.94401833811753e-08,1.0,,,False,584.2742985000368
19136,4136,6.738591906696456e-08,1.0,,,False,584.4253467500675
19137,4137,6.894217818853576e-08,1.0,,,False,584.5628142498899
19138,4138,6.449128164831563e-08,1.0,,,False,584.6986042920034
19139,4139,6.863092494313605e-08,1.0,,,False,584.8362359579187
19140,4140,6.738591906696456e-08,1.0,,,False,584.9589452079963
19141,4141,7.003156099472108e-08,1.0,,,False,585.1194708750118
19142,4142,6.685679210249873e-08,1.0,,,False,585.2696917920839
19143,4143,6.894217818853576e-08,1.0,,,False,585.4067854580935
19144,4144,6.707467292699221e-08,1.0,,,False,585.5360172078945
19145,4145,6.620316383987301e-08,1.0,,,False,585.6593685830012
19146,4146,6.82262992768301e-08,1.0,,,False,585.775421832921
19147,4147,6.763492166328433e-08,1.0,,,False,585.8971982500516
19148,4148,6.688792097975238e-08,1.0,,,False,586.0213336250745
19149,4149,6.589191769990066e-08,1.0,,,False,586.164680958027
19150,4150,6.741704794421821e-08,1.0,,,False,586.3013032500166
19151,4151,6.732367552331198e-08,1.0,,,False,586.4443185420241
19152,4152,6.891105641670947e-08,1.0,,,False,586.5850521249231
19153,4153,6.536279073543483e-08,1.0,,,False,586.7292010830715
19154,4154,6.887992753945582e-08,1.0,,,False,586.858536374988
19155,4155,6.828854992591005e-08,1.0,,,False,586.9800572919194
19156,4156,6.922230255668183e-08,1.0,,,False,587.1098660829011
19157,4157,6.536279073543483e-08,1.0,,,False,587.2326573329046
19158,4158,6.881767689037588e-08,1.0,,,False,587.3702017921023
19159,4159,6.561178622632724e-08,1.0,,,False,587.5217815421056
19160,4160,6.713692357607215e-08,1.0,,,False,587.6591743330937
19161,4161,6.610979141896678e-08,1.0,,,False,587.7965147080831
19162,4162,6.779055183869787e-08,1.0,,,False,587.9365694581065
19163,4163,6.670116903251255e-08,1.0,,,False,588.080736707896
19164,4164,6.610979141896678e-08,1.0,,,False,588.2216441670898
19165,4165,6.642104466436649e-08,1.0,,,False,588.3494870830327
19166,4166,6.847530187314987e-08,1.0,,,False,588.4819862500299
19167,4167,6.576741640174077e-08,1.0,,,False,588.6042761250865
19168,4168,6.847530187314987e-08,1.0,,,False,588.7309857918881
19169,4169,6.688792097975238e-08,1.0,,,False,588.8549114998896
19170,4170,6.794617490868404e-08,1.0,,,False,588.9829334169626
19171,4171,6.561178622632724e-08,1.0,,,False,589.1327217500657
19172,4172,6.90044288376157e-08,1.0,,,False,589.2745268330909
19173,4173,6.511378813911506e-08,1.0,,,False,589.4177994169295
19174,4174,6.691904275157867e-08,1.0,,,False,589.5713499579579
19175,4175,6.424228615742322e-08,1.0,,,False,589.7089647499379
19176,4176,6.838192945224364e-08,1.0,,,False,589.850352041889
19177,4177,6.561178622632724e-08,1.0,,,False,589.9996390419547
19178,4178,6.698129340065861e-08,1.0,,,False,590.1612342500594
19179,4179,6.741704794421821e-08,1.0,,,False,590.3122205000836
19180,4180,6.586078882264701e-08,1.0,,,False,590.4382923750672
19181,4181,6.67634196815925e-08,1.0,,,False,590.590865541948
19182,4182,6.813292685592387e-08,1.0,,,False,590.7365059580188
19183,4183,6.567403687540718e-08,1.0,,,False,590.8994766669348
19184,4184,6.586078882264701e-08,1.0,,,False,591.0357168749906
19185,4185,6.449128164831563e-08,1.0,,,False,591.1585332499817
19186,4186,6.561178622632724e-08,1.0,,,False,591.2820554999635
19187,4187,6.794617490868404e-08,1.0,,,False,591.4040808749851
19188,4188,6.807067620684393e-08,1.0,,,False,591.5476092079189
19189,4189,6.455353229739558e-08,1.0,,,False,591.6669443328865
19190,4190,6.729254664605833e-08,1.0,,,False,591.7885176669806
19191,4191,6.436678035015575e-08,1.0,,,False,591.9162151669152
19192,4192,6.82262992768301e-08,1.0,,,False,592.0424682078883
19193,4193,6.570516575266083e-08,1.0,,,False,592.2016028331127
19194,4194,6.769717231236427e-08,1.0,,,False,592.3458102920558
19195,4195,6.59852901208069e-08,1.0,,,False,592.4927340419963
19196,4196,6.617204206804672e-08,1.0,,,False,592.6300752079114
19197,4197,6.514490991094135e-08,1.0,,,False,592.7787033331115
19198,4198,6.533166185818118e-08,1.0,,,False,592.9230353750754
19199,4199,6.421115728016957e-08,1.0,,,False,593.075124416966
19200,4200,6.74481697160445e-08,1.0,1.0,2.484618738661253e-05,False,593.3469890418928
19201,4201,6.586078882264701e-08,1.0,,,False,593.4857367079239
19202,4202,6.642104466436649e-08,1.0,,,False,593.6369405828882
19203,4203,6.427340792924952e-08,1.0,,,False,593.7770467079245
19204,4204,6.850643075040352e-08,1.0,,,False,593.9052512920462
19205,4205,6.446015987648934e-08,1.0,,,False,594.0563425829168
19206,4206,6.719917422515209e-08,1.0,,,False,594.1973590000998
19207,4207,6.361978677205116e-08,1.0,,,False,594.3269423749298
19208,4208,6.654554596252638e-08,1.0,,,False,594.4728100420907
19209,4209,6.458466117464923e-08,1.0,,,False,594.6267095420044
19210,4210,6.645216643619278e-08,1.0,,,False,594.7840275829658
19211,4211,6.40555342101834e-08,1.0,,,False,594.9335135419387
19212,4212,6.651441708527273e-08,1.0,,,False,595.0777933748905
19213,4213,6.545616315634106e-08,1.0,,,False,595.2052090829238
19214,4214,6.679454145341879e-08,1.0,,,False,595.3638732919935
19215,4215,6.383765338568992e-08,1.0,,,False,595.4966777081136
19216,4216,6.695017162883232e-08,1.0,,,False,595.6254334170371
19217,4217,6.349528547389127e-08,1.0,,,False,595.7727258750238
19218,4218,6.813292685592387e-08,1.0,,,False,595.9157719579525
19219,4219,6.492703619187523e-08,1.0,,,False,596.0655348750297
19220,4220,6.43979092274094e-08,1.0,,,False,596.2094835829921
19221,4221,6.237478089587967e-08,1.0,,,False,596.3420737499837
19222,4222,6.570516575266083e-08,1.0,,,False,596.4881202080287
19223,4223,6.55495355772473e-08,1.0,,,False,596.6372447079048
19224,4224,6.713692357607215e-08,1.0,,,False,596.7965665000957
19225,4225,6.358865789479751e-08,1.0,,,False,596.9335816251114
19226,4226,6.635879401528655e-08,1.0,,,False,597.0526089579798
19227,4227,6.159665133509407e-08,1.0,,,False,597.1765705000143
19228,4228,6.841305122406993e-08,1.0,,,False,597.3151941250544
19229,4229,6.452241052556928e-08,1.0,,,False,597.4380119999405
19230,4230,6.59852901208069e-08,1.0,,,False,597.5591417918913
19231,4231,6.365090854387745e-08,1.0,,,False,597.6970566669479
19232,4232,6.4833663770969e-08,1.0,,,False,597.8371091249865
19233,4233,6.315291045666527e-08,1.0,,,False,597.9741556250956
19234,4234,6.607866964714049e-08,1.0,,,False,598.0952613749541
19235,4235,6.358865789479751e-08,1.0,,,False,598.214102583006
19236,4236,6.726142487423203e-08,1.0,,,False,598.3600990420673
19237,4237,6.452241052556928e-08,1.0,,,False,598.4916902079713
19238,4238,6.411778485926334e-08,1.0,,,False,598.6261855829507
19239,4239,6.318403222849156e-08,1.0,,,False,598.752556249965
19240,4240,6.610979141896678e-08,1.0,,,False,598.8880205000751
19241,4241,6.393103291202351e-08,1.0,,,False,599.0158061250113
19242,4242,6.530054008635489e-08,1.0,,,False,599.1537063329015
19243,4243,6.24681533167859e-08,1.0,,,False,599.3064697498921
19244,4244,6.386878226294357e-08,1.0,,,False,599.460528458003
19245,4245,6.433565857832946e-08,1.0,,,False,599.5861911668908
19246,4246,6.55495355772473e-08,1.0,,,False,599.7253630000632
19247,4247,6.408665598200969e-08,1.0,,,False,599.8640630000737
19248,4248,6.610979141896678e-08,1.0,,,False,599.9995120419189
19249,4249,6.452241052556928e-08,1.0,,,False,600.1456203330308
19250,4250,6.489591442004894e-08,1.0,,,False,600.2910056670662
19251,4251,6.271715591310567e-08,1.0,,,False,600.4199077079538
19252,4252,6.495815796370152e-08,1.0,,,False,600.5459343330003
19253,4253,6.349528547389127e-08,1.0,,,False,600.6902367919683
19254,4254,6.436678035015575e-08,1.0,,,False,600.83832704206
19255,4255,6.190790458049378e-08,1.0,,,False,600.9831159999594
19256,4256,6.570516575266083e-08,1.0,,,False,601.1094453330152
19257,4257,6.337078417573139e-08,1.0,,,False,601.2434099579696
19258,4258,6.78839242596041e-08,1.0,,,False,601.3748096670024
19259,4259,6.081852177430846e-08,1.0,,,False,601.5234797499143
19260,4260,6.371315919295739e-08,1.0,,,False,601.6479909580667
19261,4261,6.122314744061441e-08,1.0,,,False,601.7821202080231
19262,4262,6.78839242596041e-08,1.0,,,False,601.9229714579415
19263,4263,6.197015522957372e-08,1.0,,,False,602.0497880000621
19264,4264,6.393103291202351e-08,1.0,,,False,602.1876330000814
19265,4265,6.228140136954607e-08,1.0,,,False,602.3278823751025
19266,4266,6.523828943727494e-08,1.0,,,False,602.4693948749918
19267,4267,6.274827768493196e-08,1.0,,,False,602.6013398331124
19268,4268,6.492703619187523e-08,1.0,,,False,602.725921999896
19269,4269,6.408665598200969e-08,1.0,,,False,602.8766277080867
19270,4270,6.365090854387745e-08,1.0,,,False,603.0127830829006
19271,4271,6.21257782995599e-08,1.0,,,False,603.1535377500113
19272,4272,6.579853817356707e-08,1.0,,,False,603.2853853330016
19273,4273,6.125427631786806e-08,1.0,,,False,603.4344831251074
19274,4274,6.377540273660998e-08,1.0,,,False,603.5767752081156
19275,4275,6.144102115968053e-08,1.0,,,False,603.7201364580542
19276,4276,6.200127700140001e-08,1.0,,,False,603.8670552500989
19277,4277,6.536279073543483e-08,1.0,,,False,604.0042251669802
19278,4278,6.296615850942544e-08,1.0,,,False,604.1523225829005
19279,4279,6.461578294647552e-08,1.0,,,False,604.2819347919431
19280,4280,6.24681533167859e-08,1.0,,,False,604.4099327500444
19281,4281,6.449128164831563e-08,1.0,,,False,604.5311626670882
19282,4282,6.153440068601412e-08,1.0,,,False,604.6509558749385
19283,4283,6.36820374211311e-08,1.0,,,False,604.7890224999283
19284,4284,6.137877051060059e-08,1.0,,,False,604.9158640829846
19285,4285,6.55495355772473e-08,1.0,,,False,605.0594813749194
19286,4286,6.184565393141384e-08,1.0,,,False,605.1975519999396
19287,4287,6.442903099923569e-08,1.0,,,False,605.3331243749708
19288,4288,6.321515400031785e-08,1.0,,,False,605.4798258750234
19289,4289,6.299728028125173e-08,1.0,,,False,605.604074541945
19290,4290,6.106752437062823e-08,1.0,,,False,605.7314373750705
19291,4291,6.330853352665144e-08,1.0,,,False,605.891838792013
19292,4292,6.259265461494579e-08,1.0,,,False,606.0553516671062
19293,4293,6.262377638677208e-08,1.0,,,False,606.1954397079535
19294,4294,6.249928219403955e-08,1.0,,,False,606.3267503750976
19295,4295,6.277940656218561e-08,1.0,,,False,606.4533416249324
19296,4296,6.25615328431195e-08,1.0,,,False,606.5962936670985
19297,4297,6.355753612297121e-08,1.0,,,False,606.7410961249843
19298,4298,6.094302307246835e-08,1.0,,,False,606.874417624902
19299,4299,6.206352765047995e-08,1.0,,,False,607.0060942079872
19300,4300,6.103639549337458e-08,1.0,1.0,2.2395441025280133e-05,False,607.2940966670867
19301,4301,6.380653161386363e-08,1.0,,,False,607.4168008330744
19302,4302,6.277940656218561e-08,1.0,,,False,607.5575887500308
19303,4303,6.190790458049378e-08,1.0,,,False,607.6940089999698
19304,4304,6.333965529847774e-08,1.0,,,False,607.834991541924
19305,4305,6.237478089587967e-08,1.0,,,False,607.9872961249202
19306,4306,6.452241052556928e-08,1.0,,,False,608.1734553331044
19307,4307,6.028939480984263e-08,1.0,,,False,608.3285157920327
19308,4308,6.262377638677208e-08,1.0,,,False,608.4813244580291
19309,4309,6.063176982706864e-08,1.0,,,False,608.6302981250919
19310,4310,6.380653161386363e-08,1.0,,,False,608.7643953328952
19311,4311,5.991589091536298e-08,1.0,,,False,608.8956959580537
19312,4312,6.287277898309185e-08,1.0,,,False,609.026338082971
19313,4313,6.004039221352286e-08,1.0,,,False,609.1743013749365
19314,4314,6.39621546838498e-08,1.0,,,False,609.2988605420105
19315,4315,6.237478089587967e-08,1.0,,,False,609.4251465420239
19316,4316,6.355753612297121e-08,1.0,,,False,609.5700839171186
19317,4317,6.094302307246835e-08,1.0,,,False,609.7055743751116
19318,4318,6.184565393141384e-08,1.0,,,False,609.8413496669382
19319,4319,5.969801719629686e-08,1.0,,,False,609.9869959170464
19320,4320,6.383765338568992e-08,1.0,,,False,610.1300718330313
19321,4321,5.969801719629686e-08,1.0,,,False,610.2848243329208
19322,4322,6.271715591310567e-08,1.0,,,False,610.4337869579904
19323,4323,5.948013992451706e-08,1.0,,,False,610.5637864579912
19324,4324,6.564291510358089e-08,1.0,,,False,610.6981494580396
19325,4325,6.000927044169657e-08,1.0,,,False,610.8350775421131
19326,4326,6.277940656218561e-08,1.0,,,False,610.9787411671132
19327,4327,6.106752437062823e-08,1.0,,,False,611.123756499961
19328,4328,6.259265461494579e-08,1.0,,,False,611.2417940420564
19329,4329,5.969801719629686e-08,1.0,,,False,611.3705042079091
19330,4330,6.20323987732263e-08,1.0,,,False,611.4959725830704
19331,4331,5.8608637942825226e-08,1.0,,,False,611.6271620830521
19332,4332,6.374428807021104e-08,1.0,,,False,611.7628822498955
19333,4333,6.05695191779887e-08,1.0,,,False,611.9016638749745
19334,4334,6.284165721126556e-08,1.0,,,False,612.0314191249199
19335,4335,5.948013992451706e-08,1.0,,,False,612.1543010000605
19336,4336,6.075627112522852e-08,1.0,,,False,612.2810794999823
19337,4337,6.05383974061624e-08,1.0,,,False,612.4303486670833
19338,4338,6.125427631786806e-08,1.0,,,False,612.5708023749758
19339,4339,6.013377173985646e-08,1.0,,,False,612.7143538750242
19340,4340,6.137877051060059e-08,1.0,,,False,612.8694036670495
19341,4341,6.231253024679972e-08,1.0,,,False,613.0045045830775
19342,4342,6.128539808969435e-08,1.0,,,False,613.1358257080428
19343,4343,5.994701979261663e-08,1.0,,,False,613.2565246250015
19344,4344,6.200127700140001e-08,1.0,,,False,613.3831505000126
19345,4345,6.088077242338841e-08,1.0,,,False,613.5283381249756
19346,4346,6.044501787982881e-08,1.0,,,False,613.6608545000199
19347,4347,6.022714416076269e-08,1.0,,,False,613.7808581669815
19348,4348,5.9355638626357177e-08,1.0,,,False,613.9142360000405
19349,4349,6.05695191779887e-08,1.0,,,False,614.0424874171149
19350,4350,6.234365201862602e-08,1.0,,,False,614.1827493330929
19351,4351,6.116089679153447e-08,1.0,,,False,614.3299624999054
19352,4352,6.050726852890875e-08,1.0,,,False,614.4754673331045
19353,4353,5.926226265273726e-08,1.0,,,False,614.5899546251167
19354,4354,6.20323987732263e-08,1.0,,,False,614.7089829579927
19355,4355,5.723913076849385e-08,1.0,,,False,614.825852500042
19356,4356,6.159665133509407e-08,1.0,,,False,614.9518224999774
19357,4357,5.97602678453768e-08,1.0,,,False,615.0731901670806
19358,4358,6.063176982706864e-08,1.0,,,False,615.2155321671162
19359,4359,5.97602678453768e-08,1.0,,,False,615.3645731669385
19360,4360,6.140989938785424e-08,1.0,,,False,615.5069174999371
19361,4361,6.094302307246835e-08,1.0,,,False,615.6537871670444
19362,4362,6.007152109077651e-08,1.0,,,False,615.7954983750824
19363,4363,5.9106639582751086e-08,1.0,,,False,615.9311730829068
19364,4364,6.044501787982881e-08,1.0,,,False,616.0595174999908
19365,4365,5.8857636986431316e-08,1.0,,,False,616.1813015420921
19366,4366,6.200127700140001e-08,1.0,,,False,616.2987413329538
19367,4367,6.028939480984263e-08,1.0,,,False,616.4246722080279
19368,4368,5.8297384697425514e-08,1.0,,,False,616.547957707895
19369,4369,5.888876231097129e-08,1.0,,,False,616.6652013331186
19370,4370,6.000927044169657e-08,1.0,,,False,616.7895040418953
19371,4371,5.9044388933671144e-08,1.0,,,False,616.9336333330721
19372,4372,6.035164545892258e-08,1.0,,,False,617.0839266669936
19373,4373,5.985364026628304e-08,1.0,,,False,617.238060832955
19374,4374,5.982251849445674e-08,1.0,,,False,617.3920982501004
19375,4375,5.870201036373146e-08,1.0,,,False,617.5382103330921
19376,4376,6.069402047614858e-08,1.0,,,False,617.6782940831035
19377,4377,5.811063275018569e-08,1.0,,,False,617.819676291896
19378,4378,6.112977501970818e-08,1.0,,,False,617.9643705829512
19379,4379,5.776825773295968e-08,1.0,,,False,618.1302673330065
19380,4380,6.081852177430846e-08,1.0,,,False,618.2988605829887
19381,4381,5.963576654721692e-08,1.0,,,False,618.4590225829743
19382,4382,5.9293387977277234e-08,1.0,,,False,618.5995725418907
19383,4383,5.801726032927945e-08,1.0,,,False,618.7686012920458
19384,4384,6.1316526966948e-08,1.0,,,False,618.9143766670022
19385,4385,5.7052378821254024e-08,1.0,,,False,619.0739140419755
19386,4386,6.032051658166893e-08,1.0,,,False,619.2064206670038
19387,4387,5.723913076849385e-08,1.0,,,False,619.3358727919403
19388,4388,6.075627112522852e-08,1.0,,,False,619.510204249993
19389,4389,5.801726032927945e-08,1.0,,,False,619.6751399580389
19390,4390,6.122314744061441e-08,1.0,,,False,619.7997424579225
19391,4391,5.867088503919149e-08,1.0,,,False,619.9341384998988
19392,4392,5.89821382845912e-08,1.0,,,False,620.0911458330229
19393,4393,5.845301132012537e-08,1.0,,,False,620.2375165829435
19394,4394,5.776825773295968e-08,1.0,,,False,620.3888570829295
19395,4395,5.6087500865942275e-08,1.0,,,False,620.5514322919771
19396,4396,6.007152109077651e-08,1.0,,,False,620.7038119169883
19397,4397,5.901326360913117e-08,1.0,,,False,620.8469155419152
19398,4398,6.147215003693418e-08,1.0,,,False,620.989323958056
19399,4399,5.748812981209994e-08,1.0,,,False,621.1167856669053
19400,4400,5.814175807472566e-08,1.0,1.0,2.0697294826479414e-05,False,621.3739574579522
19401,4401,5.814175807472566e-08,1.0,,,False,621.5170663329773
19402,4402,5.941788927543712e-08,1.0,,,False,621.6622420831118
19403,4403,5.7332506742113765e-08,1.0,,,False,621.7965876250528
19404,4404,5.9573515898136975e-08,1.0,,,False,621.9143705419265
19405,4405,5.795500968019951e-08,1.0,,,False,622.0484169579577
19406,4406,5.7612631110259827e-08,1.0,,,False,622.1916882919613
19407,4407,5.727025609303382e-08,1.0,,,False,622.338909874903
19408,4408,5.997814156444292e-08,1.0,,,False,622.4836359999608
19409,4409,5.674112912856799e-08,1.0,,,False,622.6296660830267
19410,4410,5.895101296005123e-08,1.0,,,False,622.777296208078
19411,4411,5.76437564347998e-08,1.0,,,False,622.9178537500557
19412,4412,5.9075514258211115e-08,1.0,,,False,623.0627350830473
19413,4413,5.5838498269622505e-08,1.0,,,False,623.2055118330754
19414,4414,6.116089679153447e-08,1.0,,,False,623.3559734579176
19415,4415,5.571399697146262e-08,1.0,,,False,623.4969992500264
19416,4416,5.801726032927945e-08,1.0,,,False,623.6361539999489
19417,4417,5.811063275018569e-08,1.0,,,False,623.7877879170701
19418,4418,5.87642610128114e-08,1.0,,,False,623.9341009999625
19419,4419,5.7550380461179884e-08,1.0,,,False,624.0792039579246
19420,4420,5.6367625234088337e-08,1.0,,,False,624.2025661671069
19421,4421,5.7830508382039625e-08,1.0,,,False,624.3419403750449
19422,4422,5.720800544395388e-08,1.0,,,False,624.4920350420289
19423,4423,5.966688831904321e-08,1.0,,,False,624.6236950829625
19424,4424,5.577624762054256e-08,1.0,,,False,624.742148749996
19425,4425,5.9573515898136975e-08,1.0,,,False,624.8708430828992
19426,4426,5.642987588316828e-08,1.0,,,False,625.0252085418906
19427,4427,5.851526196920531e-08,1.0,,,False,625.1697158329189
19428,4428,5.742588271573368e-08,1.0,,,False,625.3142608329654
19429,4429,5.845301132012537e-08,1.0,,,False,625.4481248750817
19430,4430,5.577624762054256e-08,1.0,,,False,625.6013984999154
19431,4431,5.804838565381942e-08,1.0,,,False,625.7424935419112
19432,4432,5.6554377181328164e-08,1.0,,,False,625.8947719580028
19433,4433,5.6554377181328164e-08,1.0,,,False,626.0307623750996
19434,4434,5.652325185678819e-08,1.0,,,False,626.1759572920855
19435,4435,5.848413664466534e-08,1.0,,,False,626.325437082909
19436,4436,5.593187424324242e-08,1.0,,,False,626.4706339580007
19437,4437,5.742588271573368e-08,1.0,,,False,626.6145544170868
19438,4438,5.6305374585008394e-08,1.0,,,False,626.7368719999213
19439,4439,5.8546387293745283e-08,1.0,,,False,626.8570901670028
19440,4440,5.720800544395388e-08,1.0,,,False,627.0031314170919
19441,4441,5.699012817217408e-08,1.0,,,False,627.1452121250331
19442,4442,5.86397632673652e-08,1.0,,,False,627.2681904169731
19443,4443,5.6585502505868135e-08,1.0,,,False,627.3972237920389
19444,4444,5.41577414026051e-08,1.0,,,False,627.5259956249502
19445,4445,5.646100120770825e-08,1.0,,,False,627.6881440419238
19446,4446,5.590074891870245e-08,1.0,,,False,627.8686970830895
19447,4447,5.8328510021965485e-08,1.0,,,False,627.9931375829037
19448,4448,5.565174632238268e-08,1.0,,,False,628.1388767079916
19449,4449,5.7612631110259827e-08,1.0,,,False,628.2965100829024
19450,4450,5.524712065607673e-08,1.0,,,False,628.4406885420904
19451,4451,5.916889023183103e-08,1.0,,,False,628.6016831670422
19452,4452,5.6585502505868135e-08,1.0,,,False,628.7436719168909
19453,4453,5.7332506742113765e-08,1.0,,,False,628.8719711669255
19454,4454,5.443786932346484e-08,1.0,,,False,629.0026101251133
19455,4455,5.627424926046842e-08,1.0,,,False,629.1333345419262
19456,4456,5.421999205168504e-08,1.0,,,False,629.2793621669989
19457,4457,5.8359635346505456e-08,1.0,,,False,629.4225316669326
19458,4458,5.546499792785653e-08,1.0,,,False,629.5679800829384
19459,4459,5.664775315494808e-08,1.0,,,False,629.7086747079156
19460,4460,5.49358709633907e-08,1.0,,,False,629.8445384579245
19461,4461,5.667887847948805e-08,1.0,,,False,629.9822126668878
19462,4462,5.614975151502222e-08,1.0,,,False,630.122070082929
19463,4463,5.873313568827143e-08,1.0,,,False,630.2669105420355
19464,4464,5.5340496629696645e-08,1.0,,,False,630.407504041912
19465,4465,5.6305374585008394e-08,1.0,,,False,630.5502599580213
19466,4466,5.428224270076498e-08,1.0,,,False,630.6871244579088
19467,4467,5.4811369665230814e-08,1.0,,,False,630.8125748750754
19468,4468,5.2850484877353665e-08,1.0,,,False,630.9555413329508
19469,4469,5.727025609303382e-08,1.0,,,False,631.0917207919993
19470,4470,5.574512229600259e-08,1.0,,,False,631.226348582888
19471,4471,5.7083504145793995e-08,1.0,,,False,631.3758890000172
19472,4472,5.4593492393451015e-08,1.0,,,False,631.5265043328982
19473,4473,5.674112912856799e-08,1.0,,,False,631.6790520830546
19474,4474,5.5122619357916847e-08,1.0,,,False,631.832257791888
19475,4475,5.742588271573368e-08,1.0,,,False,631.9822408750188
19476,4476,5.3566363789059324e-08,1.0,,,False,632.131631166907
19477,4477,5.677225445310796e-08,1.0,,,False,632.2776987079997
19478,4478,5.397098945536527e-08,1.0,,,False,632.4152193749323
19479,4479,5.443786932346484e-08,1.0,,,False,632.5391268751118
19480,4480,5.499812161247064e-08,1.0,,,False,632.6725497499574
19481,4481,5.6118626190482246e-08,1.0,,,False,632.8092827920336
19482,4482,5.45001164198311e-08,1.0,,,False,632.9306569579057
19483,4483,5.468686836707093e-08,1.0,,,False,633.081404708093
19484,4484,5.4313368025304953e-08,1.0,,,False,633.22697479208
19485,4485,5.817288339926563e-08,1.0,,,False,633.3695136250462
19486,4486,5.253923518466763e-08,1.0,,,False,633.5049365831073
19487,4487,5.614975151502222e-08,1.0,,,False,633.6393632080872
19488,4488,5.418886672714507e-08,1.0,,,False,633.7734241250437
19489,4489,5.41577414026051e-08,1.0,,,False,633.9045533330645
19490,4490,5.474911901615087e-08,1.0,,,False,634.036927832989
19491,4491,5.667887847948805e-08,1.0,,,False,634.1532528749667
19492,4492,5.496699628793067e-08,1.0,,,False,634.2872894580942
19493,4493,5.5371621954236616e-08,1.0,,,False,634.4175230830442
19494,4494,5.322398877183332e-08,1.0,,,False,634.5648186251055
19495,4495,5.341073716635947e-08,1.0,,,False,634.6970981250051
19496,4496,5.344186249089944e-08,1.0,,,False,634.8425987081137
19497,4497,5.568287164692265e-08,1.0,,,False,634.9821850829758
19498,4498,5.440674399892487e-08,1.0,,,False,635.1191692920402
19499,4499,5.614975151502222e-08,1.0,,,False,635.2457736250944
19500,4500,5.45001164198311e-08,1.0,1.0,1.8070947957073344e-05,False,635.5614751249086
19501,4501,5.478024434069084e-08,1.0,,,False,635.7064525000751
19502,4502,5.2632611158287546e-08,1.0,,,False,635.8461028330494
19503,4503,5.440674399892487e-08,1.0,,,False,635.9929497078992
19504,4504,5.4562367068911044e-08,1.0,,,False,636.1315494580194
19505,4505,5.403324010444521e-08,1.0,,,False,636.2770644580014
19506,4506,5.154322835210223e-08,1.0,,,False,636.448851000052
19507,4507,5.642987588316828e-08,1.0,,,False,636.6070828749798
19508,4508,5.400211477990524e-08,1.0,,,False,636.7953890000936
19509,4509,5.369086508721921e-08,1.0,,,False,636.9485200420022
19510,4510,5.2352483237427805e-08,1.0,,,False,637.1110209580511
19511,4511,5.387761348174536e-08,1.0,,,False,637.2545675421134
19512,4512,5.397098945536527e-08,1.0,,,False,637.3972564579453
19513,4513,5.4593492393451015e-08,1.0,,,False,637.5600544579793
19514,4514,5.372199041175918e-08,1.0,,,False,637.7146650420036
19515,4515,5.5371621954236616e-08,1.0,,,False,637.8582526249811
19516,4516,5.253923518466763e-08,1.0,,,False,638.0210576250684
19517,4517,5.41577414026051e-08,1.0,,,False,638.165760749951
19518,4518,5.191673224658189e-08,1.0,,,False,638.3260512501001
19519,4519,5.397098945536527e-08,1.0,,,False,638.4708677919116
19520,4520,5.1605479001182175e-08,1.0,,,False,638.6359730830882
19521,4521,5.465574304253096e-08,1.0,,,False,638.8101239169482
19522,4522,5.365973976267924e-08,1.0,,,False,639.0077587079722
19523,4523,5.250810986012766e-08,1.0,,,False,639.1777836249676
19524,4524,5.4375618674384896e-08,1.0,,,False,639.3344498749357
19525,4525,5.375311573629915e-08,1.0,,,False,639.4930991251022
19526,4526,5.172998029934206e-08,1.0,,,False,639.6510692080483
19527,4527,5.369086508721921e-08,1.0,,,False,639.8279906250536
19528,4528,5.1823356272961973e-08,1.0,,,False,639.9831466670148
19529,4529,5.294386085097358e-08,1.0,,,False,640.1344901670236
19530,4530,5.172998029934206e-08,1.0,,,False,640.3206560830586
19531,4531,5.4344493349844925e-08,1.0,,,False,640.539463333087
19532,4532,5.2850484877353665e-08,1.0,,,False,640.7541732499376
19533,4533,5.269485825465381e-08,1.0,,,False,640.9729655419942
19534,4534,5.222798193926792e-08,1.0,,,False,641.1453861249611
19535,4535,5.197898289566183e-08,1.0,,,False,641.3218109169975
19536,4536,5.216573129018798e-08,1.0,,,False,641.4843925829045
19537,4537,5.4593492393451015e-08,1.0,,,False,641.6524354580324
19538,4538,5.1792230948422e-08,1.0,,,False,641.820768292062
19539,4539,5.353523846451935e-08,1.0,,,False,641.991891667014
19540,4540,5.176110562388203e-08,1.0,,,False,642.1725859169383
19541,4541,5.2072355316568064e-08,1.0,,,False,642.3207919578999
19542,4542,5.12319786594162e-08,1.0,,,False,642.4903814580757
19543,4543,5.272598357919378e-08,1.0,,,False,642.648867333075
19544,4544,5.2103480641108035e-08,1.0,,,False,642.785528083099
19545,4545,5.172998029934206e-08,1.0,,,False,642.9395649998914
19546,4546,5.12319786594162e-08,1.0,,,False,643.082964082947
19547,4547,5.3846488157205386e-08,1.0,,,False,643.2361882079858
19548,4548,5.10141013876364e-08,1.0,,,False,643.3897707080469
19549,4549,5.297498617551355e-08,1.0,,,False,643.5477479579858
19550,4550,5.172998029934206e-08,1.0,,,False,643.7216293748934
19551,4551,5.154322835210223e-08,1.0,,,False,643.8761731670238
19552,4552,5.132535463303611e-08,1.0,,,False,644.0244196250569
19553,4553,5.12319786594162e-08,1.0,,,False,644.1826300420798
19554,4554,5.341073716635947e-08,1.0,,,False,644.3272287079599
19555,4555,5.0889600089476517e-08,1.0,,,False,644.4801882919855
19556,4556,5.1356479957576084e-08,1.0,,,False,644.6083441670053
19557,4557,5.098297606309643e-08,1.0,,,False,644.7580554580782
19558,4558,4.992472213416477e-08,1.0,,,False,644.8914284999482
19559,4559,5.1854481597501945e-08,1.0,,,False,645.0151813330594
19560,4560,5.191673224658189e-08,1.0,,,False,645.1595251250546
19561,4561,5.2072355316568064e-08,1.0,,,False,645.3101609579753
19562,4562,5.0889600089476517e-08,1.0,,,False,645.436208124971
19563,4563,5.4375618674384896e-08,1.0,,,False,645.5804928329308
19564,4564,5.132535463303611e-08,1.0,,,False,645.7214144580066
19565,4565,4.9831346160544854e-08,1.0,,,False,645.8627211248968
19566,4566,5.1107477361256315e-08,1.0,,,False,646.0007132499013
19567,4567,5.1574353676642204e-08,1.0,,,False,646.1361213331111
19568,4568,5.048497442317057e-08,1.0,,,False,646.2510889170226
19569,4569,5.0889600089476517e-08,1.0,,,False,646.3712013750337
19570,4570,5.098297606309643e-08,1.0,,,False,646.5003053750843
19571,4571,5.126310398395617e-08,1.0,,,False,646.6469685418997
19572,4572,5.042272377409063e-08,1.0,,,False,646.7859015830327
19573,4573,5.250810986012766e-08,1.0,,,False,646.9412897920702
19574,4574,5.054722507225051e-08,1.0,,,False,647.0828839170281
19575,4575,4.8866468205233105e-08,1.0,,,False,647.2306212079711
19576,4576,5.054722507225051e-08,1.0,,,False,647.3661795419175
19577,4577,5.001809810778468e-08,1.0,,,False,647.5019772918895
19578,4578,5.1138602685796286e-08,1.0,,,False,647.6450987081043
19579,4579,5.042272377409063e-08,1.0,,,False,647.7928919580299
19580,4580,5.0329347800470714e-08,1.0,,,False,647.9206255830359
19581,4581,5.095185073855646e-08,1.0,,,False,648.0504431249574
19582,4582,5.12319786594162e-08,1.0,,,False,648.1732718329877
19583,4583,5.2321357912887834e-08,1.0,,,False,648.2958254169207
19584,4584,4.955122179239879e-08,1.0,,,False,648.426648291992
19585,4585,4.973797018692494e-08,1.0,,,False,648.5893132078927
19586,4586,4.998697278324471e-08,1.0,,,False,648.7378355830442
19587,4587,4.945784581877888e-08,1.0,,,False,648.8771866250318
19588,4588,4.930221919607902e-08,1.0,,,False,649.0374683330301
19589,4589,5.169885497480209e-08,1.0,,,False,649.1767322081141
19590,4590,4.793271202174765e-08,1.0,,,False,649.3018032079563
19591,4591,5.1138602685796286e-08,1.0,,,False,649.4304100829177
19592,4592,5.079622766857028e-08,1.0,,,False,649.5544966249727
19593,4593,4.980022083600488e-08,1.0,,,False,649.7248523330782
19594,4594,5.001809810778468e-08,1.0,,,False,649.8731304579414
19595,4595,4.9395595169698936e-08,1.0,,,False,650.0090893749148
19596,4596,4.955122179239879e-08,1.0,,,False,650.1587464578915
19597,4597,5.0858474764936545e-08,1.0,,,False,650.3044111249037
19598,4598,5.04538490986306e-08,1.0,,,False,650.4690169170499
19599,4599,4.970684486238497e-08,1.0,,,False,650.6037785001099
19600,4600,4.793271202174765e-08,1.0,1.0,1.5553191924939966e-05,False,650.8812133749016
19601,4601,4.895984417885302e-08,1.0,,,False,651.0094473750796
19602,4602,4.8399591889847215e-08,1.0,,,False,651.1455037079286
19603,4603,4.899096950339299e-08,1.0,,,False,651.2890229579061
19604,4604,4.9333344520618994e-08,1.0,,,False,651.4145078749862
19605,4605,4.998697278324471e-08,1.0,,,False,651.5515550829004
19606,4606,4.995584745870474e-08,1.0,,,False,651.708776250016
19607,4607,5.0578350396790484e-08,1.0,,,False,651.8600570000708
19608,4608,4.9893596809624796e-08,1.0,,,False,652.0008610000368
19609,4609,5.073397701949034e-08,1.0,,,False,652.1576043749228
19610,4610,4.743471038182179e-08,1.0,,,False,652.2855853328947
19611,4611,4.8648590933453306e-08,1.0,,,False,652.4071671250276
19612,4612,4.475795023495266e-08,1.0,,,False,652.5339969999623
19613,4613,4.877309223161319e-08,1.0,,,False,652.6800779169425
19614,4614,5.042272377409063e-08,1.0,,,False,652.827146833064
19615,4615,5.082735299311025e-08,1.0,,,False,652.9731002498884
19616,4616,4.796383734628762e-08,1.0,,,False,653.1029880829155
19617,4617,4.8399591889847215e-08,1.0,,,False,653.2255382500589
19618,4618,4.8835342880693133e-08,1.0,,,False,653.3542722919956
19619,4619,4.7901586697207676e-08,1.0,,,False,653.506344875088
19620,4620,4.771483830268153e-08,1.0,,,False,653.6559966250788
19621,4621,5.02359718268508e-08,1.0,,,False,653.8023587919306
19622,4622,4.7652587653601586e-08,1.0,,,False,653.9456935420167
19623,4623,4.746583570636176e-08,1.0,,,False,654.0948496249039
19624,4624,4.6625455496496215e-08,1.0,,,False,654.2229543749709
19625,4625,5.0858474764936545e-08,1.0,,,False,654.3385612079874
19626,4626,4.9675719537845e-08,1.0,,,False,654.4604409169406
19627,4627,4.7652587653601586e-08,1.0,,,False,654.5872575829271
19628,4628,4.727908375912193e-08,1.0,,,False,654.7183620000724
19629,4629,4.818171461806742e-08,1.0,,,False,654.8587610831019
19630,4630,4.631420580381018e-08,1.0,,,False,655.006484542042
19631,4631,4.824396526714736e-08,1.0,,,False,655.1677226671018
19632,4632,4.796383734628762e-08,1.0,,,False,655.3289778330363
19633,4633,4.75280863554417e-08,1.0,,,False,655.4703075420111
19634,4634,4.6127453856570355e-08,1.0,,,False,655.590199416969
19635,4635,5.0609475721330455e-08,1.0,,,False,655.7194256670773
19636,4636,4.7372459732741845e-08,1.0,,,False,655.8381096669473
19637,4637,4.802608799536756e-08,1.0,,,False,655.9677377499174
19638,4638,4.6096328532030384e-08,1.0,,,False,656.1112333750352
19639,4639,4.650095775105001e-08,1.0,,,False,656.2360725000035
19640,4640,4.802608799536756e-08,1.0,,,False,656.3633347500581
19641,4641,4.506919992763869e-08,1.0,,,False,656.4860685830936
19642,4642,4.7621462329061615e-08,1.0,,,False,656.6244761669077
19643,4643,4.796383734628762e-08,1.0,,,False,656.7594061249401
19644,4644,4.75280863554417e-08,1.0,,,False,656.8873030419927
19645,4645,4.768371297814156e-08,1.0,,,False,657.0294855420943
19646,4646,4.631420580381018e-08,1.0,,,False,657.1544615828898
19647,4647,4.553607624302458e-08,1.0,,,False,657.3141157920472
19648,4648,4.7839336048127734e-08,1.0,,,False,657.4575389579404
19649,4649,4.9084341924299224e-08,1.0,,,False,657.6222111249808
19650,4650,4.4882447980398865e-08,1.0,,,False,657.7725656249095
19651,4651,4.597183078658418e-08,1.0,,,False,657.9305343749002
19652,4652,4.584732948842429e-08,1.0,,,False,658.0861881671008
19653,4653,4.603407788295044e-08,1.0,,,False,658.2492842921056
19654,4654,4.569170286572444e-08,1.0,,,False,658.4340659170412
19655,4655,4.67499567946561e-08,1.0,,,False,658.5927506668959
19656,4656,4.622082983019027e-08,1.0,,,False,658.7629845000338
19657,4657,4.525595187487852e-08,1.0,,,False,658.9207715829834
19658,4658,4.5909580137504236e-08,1.0,,,False,659.0706987921149
19659,4659,4.569170286572444e-08,1.0,,,False,659.2227564579807
19660,4660,4.796383734628762e-08,1.0,,,False,659.4307436670642
19661,4661,4.482019733131892e-08,1.0,,,False,659.5968276669737
19662,4662,4.5380453173038404e-08,1.0,,,False,659.7582366669085
19663,4663,4.494469862947881e-08,1.0,,,False,659.9108427499887
19664,4664,4.282819077161548e-08,1.0,,,False,660.0612079170533
19665,4665,4.394869534962709e-08,1.0,,,False,660.1981161250733
19666,4666,4.500694927855875e-08,1.0,,,False,660.3416355829686
19667,4667,4.6407581777430096e-08,1.0,,,False,660.4973968330305
19668,4668,4.818171461806742e-08,1.0,,,False,660.6498216670007
19669,4669,4.594070546204421e-08,1.0,,,False,660.7898127499502
19670,4670,4.497582395401878e-08,1.0,,,False,660.9133433329407
19671,4671,4.4664574261332746e-08,1.0,,,False,661.0596034170594
19672,4672,4.1863309263590054e-08,1.0,,,False,661.208261041902
19673,4673,4.173881151814385e-08,1.0,,,False,661.3462051250972
19674,4674,4.32639417624614e-08,1.0,,,False,661.4782578749582
19675,4675,4.4166572621406885e-08,1.0,,,False,661.6242437919136
19676,4676,4.5629452216644495e-08,1.0,,,False,661.789379541995
19677,4677,4.4384446340473005e-08,1.0,,,False,661.9501503750216
19678,4678,4.1925559912669996e-08,1.0,,,False,662.1100904999766
19679,4679,4.2952692069775367e-08,1.0,,,False,662.2687116248999
19680,4680,4.2112311859909823e-08,1.0,,,False,662.4103308750782
19681,4681,4.301493916614163e-08,1.0,,,False,662.552157707978
19682,4682,4.05560562910523e-08,1.0,,,False,662.6936525420751
19683,4683,3.999580044933282e-08,1.0,,,False,662.8313440000638
19684,4684,4.049380564197236e-08,1.0,,,False,662.9593432080001
19685,4685,4.133418229912422e-08,1.0,,,False,663.0927269998938
19686,4686,4.008917642295273e-08,1.0,,,False,663.2364163328893
19687,4687,4.180106216722379e-08,1.0,,,False,663.3823708330747
19688,4688,4.124080632550431e-08,1.0,,,False,663.5358854169026
19689,4689,3.903092249402107e-08,1.0,,,False,663.6630717921071
19690,4690,3.8408419555935325e-08,1.0,,,False,663.8121090000495
19691,4691,3.806604453870932e-08,1.0,,,False,663.9539630000945
19692,4692,3.8377294231395354e-08,1.0,,,False,664.0990708749741
19693,4693,3.92176744412609e-08,1.0,,,False,664.2496353751048
19694,4694,4.0151427072032675e-08,1.0,,,False,664.4030103750993
19695,4695,3.657203606621806e-08,1.0,,,False,664.5478522500489
19696,4696,3.489127919920065e-08,1.0,,,False,664.6923885829747
19697,4697,3.454890418197465e-08,1.0,,,False,664.818119707983
19698,4698,3.4673401927420855e-08,1.0,,,False,664.9661897919141
19699,4699,3.8657422152255094e-08,1.0,,,False,665.1288850829005
19700,4700,3.797266856508941e-08,1.0,1.0,1.2961203967158886e-05,False,665.4086281249765
19701,4701,3.9622300107566844e-08,1.0,,,False,665.5492017080542
19702,4702,3.7443541600623576e-08,1.0,,,False,665.696795792086
19703,4703,3.557603278636634e-08,1.0,,,False,665.8322317919228
19704,4704,3.476677790104077e-08,1.0,,,False,665.9821905000135
19705,4705,3.504690582190051e-08,1.0,,,False,666.1412397921085
19706,4706,3.504690582190051e-08,1.0,,,False,666.3129233329091
19707,4707,3.5171407120060394e-08,1.0,,,False,666.4658609998878
19708,4708,3.277476778862365e-08,1.0,,,False,666.5973752499558
19709,4709,3.576278473360617e-08,1.0,,,False,666.7350020830054
19710,4710,3.812829518778926e-08,1.0,,,False,666.8775305829477
19711,4711,3.626078637353203e-08,1.0,,,False,667.0245347919408
19712,4712,3.601178377721226e-08,1.0,,,False,667.1673926250078
19713,4713,3.3241647656723217e-08,1.0,,,False,667.3102493330371
19714,4714,3.112513979885989e-08,1.0,,,False,667.4732847081032
19715,4715,3.3241647656723217e-08,1.0,,,False,667.6365413330495
19716,4716,3.461115127834091e-08,1.0,,,False,667.7837483750191
19717,4717,3.731904030246369e-08,1.0,,,False,667.9255508750211
19718,4718,3.831504358231541e-08,1.0,,,False,668.0799165000208
19719,4719,3.230789147323776e-08,1.0,,,False,668.2212761249393
19720,4720,3.0471511536234175e-08,1.0,,,False,668.3924405830912
19721,4721,3.4455528208354735e-08,1.0,,,False,668.55545850005
19722,4722,3.2961519735863476e-08,1.0,,,False,668.7064380829688
19723,4723,3.523365421642666e-08,1.0,,,False,668.837015457917
19724,4724,3.523365421642666e-08,1.0,,,False,668.9862218329217
19725,4725,3.3677398647569134e-08,1.0,,,False,669.1391333329957
19726,4726,3.0720510579840266e-08,1.0,,,False,669.2796312079299
19727,4727,3.059601283439406e-08,1.0,,,False,669.4240813748911
19728,4728,2.9226505660062685e-08,1.0,,,False,669.5666492918972
19729,4729,3.109401447431992e-08,1.0,,,False,669.7047070420813
19730,4730,3.2899269086783534e-08,1.0,,,False,669.8821654999629
19731,4731,3.330389830580316e-08,1.0,,,False,670.041159250075
19732,4732,3.187214403510552e-08,1.0,,,False,670.2214433751069
19733,4733,3.411314963841505e-08,1.0,,,False,670.3846330828965
19734,4734,3.523365421642666e-08,1.0,,,False,670.5250026669819
19735,4735,2.9195380335522714e-08,1.0,,,False,670.6628680420108
19736,4736,2.735899684580545e-08,1.0,,,False,670.8066578749567
19737,4737,2.93198816336826e-08,1.0,,,False,670.9583614580333
19738,4738,3.012913296629449e-08,1.0,,,False,671.1056313330773
19739,4739,3.0191383615374434e-08,1.0,,,False,671.2600539999548
19740,4740,3.0440386211694204e-08,1.0,,,False,671.4224863329437
19741,4741,2.913312968644277e-08,1.0,,,False,671.5729638750199
19742,4742,2.963113132636863e-08,1.0,,,False,671.7325607079547
19743,4743,3.103176382523998e-08,1.0,,,False,671.8894814169034
19744,4744,2.984900859814843e-08,1.0,,,False,672.034403833095
19745,4745,2.981788327360846e-08,1.0,,,False,672.1679025830235
19746,4746,2.981788327360846e-08,1.0,,,False,672.3116062080953
19747,4747,2.984900859814843e-08,1.0,,,False,672.4628306250088
19748,4748,2.8448376099277084e-08,1.0,,,False,672.6081189170945
19749,4749,2.7296746196725508e-08,1.0,,,False,672.7420417501125
19750,4750,2.6674243258639763e-08,1.0,,,False,672.891610957915
19751,4751,2.7047745376762578e-08,1.0,,,False,673.039829416899
19752,4752,2.6954369403142664e-08,1.0,,,False,673.1880024580751
19753,4753,2.7763624288468236e-08,1.0,,,False,673.3226826249156
19754,4754,2.735899684580545e-08,1.0,,,False,673.4658940830268
19755,4755,2.9537757129105557e-08,1.0,,,False,673.6202407081146
19756,4756,2.5304737860665227e-08,1.0,,,False,673.7617994579487
19757,4757,2.8043750432971137e-08,1.0,,,False,673.9045471251011
19758,4758,2.689212053041956e-08,1.0,,,False,674.0703466250561
19759,4759,2.6954369403142664e-08,1.0,,,False,674.1968757919967
19760,4760,2.4962361067082384e-08,1.0,,,False,674.3303451249376
19761,4761,2.7234495547645565e-08,1.0,,,False,674.4762843330391
19762,4762,2.8012625108431166e-08,1.0,,,False,674.6000628329348
19763,4763,2.8728502243779985e-08,1.0,,,False,674.7442103330977
19764,4764,2.387298181361075e-08,1.0,,,False,674.8805805828888
19765,4765,2.212997252115656e-08,1.0,,,False,675.0274529580493
19766,4766,2.5802739500591088e-08,1.0,,,False,675.1712326670531
19767,4767,2.486898509346247e-08,1.0,,,False,675.3264099999797
19768,4768,2.6456367763216804e-08,1.0,,,False,675.4754299169872
19769,4769,2.7016620052222606e-08,1.0,,,False,675.6048667919822
19770,4770,2.4059731984493737e-08,1.0,,,False,675.7362073329277
19771,4771,2.5771614176051116e-08,1.0,,,False,675.8902079169638
19772,4772,2.53358631852052e-08,1.0,,,False,676.0343593331054
19773,4773,2.4682234922579482e-08,1.0,,,False,676.1695505420212
19774,4774,2.4993486391622355e-08,1.0,,,False,676.304149792064
19775,4775,2.490011041800244e-08,1.0,,,False,676.4448125420604
19776,4776,2.409085730903371e-08,1.0,,,False,676.5843235000502
19777,4777,2.661199438591666e-08,1.0,,,False,676.7196268329863
19778,4778,2.4464359427156523e-08,1.0,,,False,676.8632516670041
19779,4779,2.636299178959689e-08,1.0,,,False,676.9933411669917
19780,4780,2.216109784569653e-08,1.0,,,False,677.1165055420715
19781,4781,2.8261625928394096e-08,1.0,,,False,677.2464874999132
19782,4782,2.334385307278808e-08,1.0,,,False,677.3985129171051
19783,4783,2.1943222350273572e-08,1.0,,,False,677.5407851249911
19784,4784,2.6207366943253874e-08,1.0,,,False,677.6797044579871
19785,4785,2.4526608299879626e-08,1.0,,,False,677.8200929579325
19786,4786,2.4682234922579482e-08,1.0,,,False,677.9790078750812
19787,4787,2.486898509346247e-08,1.0,,,False,678.1240779580548
19788,4788,2.2503474639279375e-08,1.0,,,False,678.2662858751137
19789,4789,2.4557733624419598e-08,1.0,,,False,678.4323069169186
19790,4790,2.490011041800244e-08,1.0,,,False,678.5838072081096
19791,4791,2.863512804651691e-08,1.0,,,False,678.7434155000374
19792,4792,1.9017459607084675e-08,1.0,,,False,678.870859292103
19793,4793,2.6798744556799647e-08,1.0,,,False,679.0123030829709
19794,4794,2.539811383428514e-08,1.0,,,False,679.1496629579924
19795,4795,1.861283216442189e-08,1.0,,,False,679.2758725420572
19796,4796,2.5896115474211e-08,1.0,,,False,679.403419499984
19797,4797,2.6020614996014046e-08,1.0,,,False,679.5287152500823
19798,4798,2.440210877807658e-08,1.0,,,False,679.6622750828974
19799,4799,2.2067723648433457e-08,1.0,,,False,679.7957255418878
19800,4800,2.6051740320554018e-08,1.0,1.0,5.552231635895463e-06,False,680.0722216248978
19801,4801,2.3001478055562075e-08,1.0,,,False,680.2155401669443
19802,4802,2.3686229866370923e-08,1.0,,,False,680.3529051248915
19803,4803,2.4277607479916696e-08,1.0,,,False,680.4770696249325
19804,4804,2.2565725288359317e-08,1.0,,,False,680.6273462080862
19805,4805,2.586499014967103e-08,1.0,,,False,680.7590871669818
19806,4806,2.4993486391622355e-08,1.0,,,False,680.8959563330282
19807,4807,2.390410713815072e-08,1.0,,,False,681.0360169580672
19808,4808,2.110284391676487e-08,1.0,,,False,681.1844879169948
19809,4809,2.4246482155376725e-08,1.0,,,False,681.3140315830242
19810,4810,2.486898509346247e-08,1.0,,,False,681.4526217919774
19811,4811,2.458885894895957e-08,1.0,,,False,681.6053412079345
19812,4812,2.091609196952504e-08,1.0,,,False,681.7470841670875
19813,4813,2.5180236562505343e-08,1.0,,,False,681.8990895419847
19814,4814,2.6549743736836717e-08,1.0,,,False,682.0385007499717
19815,4815,2.088496842134191e-08,1.0,,,False,682.1747234580107
19816,4816,2.4246482155376725e-08,1.0,,,False,682.3057090830989
19817,4817,2.3250478875525005e-08,1.0,,,False,682.4416709579527
19818,4818,2.4713360247119454e-08,1.0,,,False,682.5844552079216
19819,4819,2.3063726928285178e-08,1.0,,,False,682.7258745420258
19820,4820,2.3997481335413795e-08,1.0,,,False,682.8647034580354
19821,4821,2.3810731164530807e-08,1.0,,,False,683.0252130420413
19822,4822,2.362397921729098e-08,1.0,,,False,683.1609994580504
19823,4823,2.212997252115656e-08,1.0,,,False,683.2918829170521
19824,4824,2.461998427349954e-08,1.0,,,False,683.4204462079797
19825,4825,2.5211361887045314e-08,1.0,,,False,683.5650962078944
19826,4826,2.2721350134702334e-08,1.0,,,False,683.7116026671138
19827,4827,2.0231340158716193e-08,1.0,,,False,683.8580519580282
19828,4828,2.490011041800244e-08,1.0,,,False,683.9947117920965
19829,4829,2.5024611716162326e-08,1.0,,,False,684.1422519169282
19830,4830,2.3468354370947964e-08,1.0,,,False,684.2810621249955
19831,4831,2.3188228226445062e-08,1.0,,,False,684.417018166976
19832,4832,2.3810731164530807e-08,1.0,,,False,684.5435260829981
19833,4833,2.5927240798750972e-08,1.0,,,False,684.668951916974
19834,4834,2.2814726108322247e-08,1.0,,,False,684.7996713330504
19835,4835,2.1071718592224897e-08,1.0,,,False,684.9247486249078
19836,4836,2.085384309680194e-08,1.0,,,False,685.0663950419985
19837,4837,2.6736493907719705e-08,1.0,,,False,685.2032577081118
19838,4838,2.290810208194216e-08,1.0,,,False,685.3521161249373
19839,4839,2.387298181361075e-08,1.0,,,False,685.4922707919031
19840,4840,2.2254473819316445e-08,1.0,,,False,685.6337559579406
19841,4841,2.2721350134702334e-08,1.0,,,False,685.7772362919059
19842,4842,2.4215356830836754e-08,1.0,,,False,685.9133995829616
19843,4843,2.5304737860665227e-08,1.0,,,False,686.0598470829427
19844,4844,2.110284391676487e-08,1.0,,,False,686.1994030000642
19845,4845,2.5709365303328013e-08,1.0,,,False,686.3477678750642
19846,4846,2.4993486391622355e-08,1.0,,,False,686.4842161249835
19847,4847,2.041809032959918e-08,1.0,,,False,686.6261203750037
19848,4848,2.1538594907610786e-08,1.0,,,False,686.7565837919246
19849,4849,2.6176241618713902e-08,1.0,,,False,686.9110218330752
19850,4850,2.5491488031548215e-08,1.0,,,False,687.0721120000817
19851,4851,1.9235335102507634e-08,1.0,,,False,687.2460313329939
19852,4852,2.2098848972973428e-08,1.0,,,False,687.4093868751079
19853,4853,2.4495484751696495e-08,1.0,,,False,687.5569702500943
19854,4854,2.4277607479916696e-08,1.0,,,False,687.7003947079647
19855,4855,2.241009866565946e-08,1.0,,,False,687.8309061250184
19856,4856,2.2690226586519202e-08,1.0,,,False,687.9609735000413
19857,4857,2.2752475459242305e-08,1.0,,,False,688.0871504580136
19858,4858,2.458885894895957e-08,1.0,,,False,688.2346072921064
19859,4859,2.312597757736512e-08,1.0,,,False,688.3725796251092
19860,4860,2.284585143286222e-08,1.0,,,False,688.5042863748968
19861,4861,2.365510454183095e-08,1.0,,,False,688.634626208106
19862,4862,2.4308732804456668e-08,1.0,,,False,688.7818218749017
19863,4863,2.113396924130484e-08,1.0,,,False,688.9206287080888
19864,4864,2.4277607479916696e-08,1.0,,,False,689.0762529170606
19865,4865,2.2814726108322247e-08,1.0,,,False,689.2145622500684
19866,4866,2.4557733624419598e-08,1.0,,,False,689.3642658749595
19867,4867,2.3779605839990836e-08,1.0,,,False,689.5095675829798
19868,4868,1.9982339338753263e-08,1.0,,,False,689.6551537499763
19869,4869,2.7452372819425364e-08,1.0,,,False,689.7978757079691
19870,4870,2.2036598323893486e-08,1.0,,,False,689.9262765829917
19871,4871,2.0075713536016337e-08,1.0,,,False,690.0443240420427
19872,4872,2.5553738680628157e-08,1.0,,,False,690.1752171250992
19873,4873,2.387298181361075e-08,1.0,,,False,690.335514874896
19874,4874,1.9546586571550506e-08,1.0,,,False,690.4985942919739
19875,4875,2.7545747016688438e-08,1.0,,,False,690.6857230830938
19876,4876,2.2939227406482132e-08,1.0,,,False,690.8650201670825
19877,4877,1.9204209777967662e-08,1.0,,,False,691.0218761670403
19878,4878,2.5678239978788042e-08,1.0,,,False,691.1945552499965
19879,4879,2.636299178959689e-08,1.0,,,False,691.3386489578988
19880,4880,1.7523452910950255e-08,1.0,,,False,691.4719413330313
19881,4881,2.461998427349954e-08,1.0,,,False,691.6061002500355
19882,4882,2.5024611716162326e-08,1.0,,,False,691.7404204169288
19883,4883,2.2005472999353515e-08,1.0,,,False,691.8754949169233
19884,4884,2.539811383428514e-08,1.0,,,False,692.0065079999622
19885,4885,1.9546586571550506e-08,1.0,,,False,692.1439605830237
19886,4886,2.639411711413686e-08,1.0,,,False,692.2860618329141
19887,4887,2.315710290190509e-08,1.0,,,False,692.4427346249577
19888,4888,1.9359836400667518e-08,1.0,,,False,692.5981596249621
19889,4889,2.6487493087756775e-08,1.0,,,False,692.757031083107
19890,4890,2.4682234922579482e-08,1.0,,,False,692.9207083750516
19891,4891,1.7461202261870312e-08,1.0,,,False,693.0793315831106
19892,4892,2.7172246674922462e-08,1.0,,,False,693.2284364169464
19893,4893,2.536698850974517e-08,1.0,,,False,693.3724948330782
19894,4894,1.9359836400667518e-08,1.0,,,False,693.5224011249375
19895,4895,1.9702211417893523e-08,1.0,,,False,693.6674443751108
19896,4896,2.682986988133962e-08,1.0,,,False,693.8184194581117
19897,4897,2.290810208194216e-08,1.0,,,False,693.9665439580567
19898,4898,2.234784979293636e-08,1.0,,,False,694.1368511670735
19899,4899,2.3032601603745206e-08,1.0,,,False,694.2741285420489
19900,4900,2.2285599143856416e-08,1.0,1.0,3.5979489155258656e-06,False,694.5633697919548
19901,4901,2.437098345353661e-08,1.0,,,False,694.7012089169584
19902,4902,2.3717355190910894e-08,1.0,,,False,694.8510208749212
19903,4903,2.362397921729098e-08,1.0,,,False,694.9884561670478
19904,4904,2.0791592447721996e-08,1.0,,,False,695.1403021670412
19905,4905,2.4526608299879626e-08,1.0,,,False,695.2713715829886
19906,4906,2.5429237382468273e-08,1.0,,,False,695.4066963749938
19907,4907,1.9235335102507634e-08,1.0,,,False,695.5234316249844
19908,4908,2.564711465424807e-08,1.0,,,False,695.6540850829333
19909,4909,2.2316724468396387e-08,1.0,,,False,695.7923450421076
19910,4910,2.2970352731022103e-08,1.0,,,False,695.9395895830821
19911,4911,2.0822717772261967e-08,1.0,,,False,696.0729393749498
19912,4912,2.5491488031548215e-08,1.0,,,False,696.2083104168996
19913,4913,2.486898509346247e-08,1.0,,,False,696.338755832985
19914,4914,2.113396924130484e-08,1.0,,,False,696.4772762500215
19915,4915,1.7990329226336144e-08,1.0,,,False,696.6355154169723
19916,4916,2.7950374459351224e-08,1.0,,,False,696.7793567080516
19917,4917,2.216109784569653e-08,1.0,,,False,696.9155607079156
19918,4918,2.4931235742542412e-08,1.0,,,False,697.0613116249442
19919,4919,2.4277607479916696e-08,1.0,,,False,697.1961237920914
19920,4920,1.8270455370839045e-08,1.0,,,False,697.3264980830718
19921,4921,2.4931235742542412e-08,1.0,,,False,697.4639620000962
19922,4922,2.5678239978788042e-08,1.0,,,False,697.6062505419832
19923,4923,1.8581706839881917e-08,1.0,,,False,697.7465416670311
19924,4924,2.412198263357368e-08,1.0,,,False,697.8852281249128
19925,4925,2.440210877807658e-08,1.0,,,False,698.0305708330125
19926,4926,2.312597757736512e-08,1.0,,,False,698.1710843748879
19927,4927,2.091609196952504e-08,1.0,,,False,698.314013666939
19928,4928,2.340610372186802e-08,1.0,,,False,698.4545022079255
19929,4929,2.583386482513106e-08,1.0,,,False,698.5996026669163
19930,4930,2.0573716952299037e-08,1.0,,,False,698.7357864999212
19931,4931,2.340610372186802e-08,1.0,,,False,698.8774724169634
19932,4932,2.337497839732805e-08,1.0,,,False,699.0258655829821
19933,4933,2.138297006126777e-08,1.0,,,False,699.1687125829048
19934,4934,2.686099520587959e-08,1.0,,,False,699.3186078749131
19935,4935,2.4215356830836754e-08,1.0,,,False,699.4463300830685
19936,4936,1.5749320070312933e-08,1.0,,,False,699.6089422500227
19937,4937,2.763912299030835e-08,1.0,,,False,699.7521691669244
19938,4938,2.3935230686333853e-08,1.0,,,False,699.9051213329658
19939,4939,1.939096172520749e-08,1.0,,,False,700.0519245420583
19940,4940,2.4557733624419598e-08,1.0,,,False,700.2020087919664
19941,4941,2.583386482513106e-08,1.0,,,False,700.3552625419106
19942,4942,1.9297585751587576e-08,1.0,,,False,700.5096865829546
19943,4943,2.458885894895957e-08,1.0,,,False,700.6477065419313
19944,4944,2.2067723648433457e-08,1.0,,,False,700.810883291997
19945,4945,2.3032601603745206e-08,1.0,,,False,700.9671086249873
19946,4946,2.5802739500591088e-08,1.0,,,False,701.120970667107
19947,4947,2.2254473819316445e-08,1.0,,,False,701.272012667032
19948,4948,1.9048584931624646e-08,1.0,,,False,701.4428155419882
19949,4949,2.6176241618713902e-08,1.0,,,False,701.6000324999914
19950,4950,2.284585143286222e-08,1.0,,,False,701.7479399170261
19951,4951,2.160084555669073e-08,1.0,,,False,701.906598374946
19952,4952,2.359285566910785e-08,1.0,,,False,702.0641864999197
19953,4953,2.3717355190910894e-08,1.0,,,False,702.2091727079824
19954,4954,2.309485225282515e-08,1.0,,,False,702.3761504169088
19955,4955,2.284585143286222e-08,1.0,,,False,702.5685178749263
19956,4956,2.4962361067082384e-08,1.0,,,False,702.7775982080493
19957,4957,2.038696500505921e-08,1.0,,,False,702.9501265420113
19958,4958,2.060484050048217e-08,1.0,,,False,703.1010165829211
19959,4959,2.461998427349954e-08,1.0,,,False,703.2511312500574
19960,4960,2.5273612536125256e-08,1.0,,,False,703.4072013751138
19961,4961,2.085384309680194e-08,1.0,,,False,703.5581077081151
19962,4962,2.334385307278808e-08,1.0,,,False,703.7216420830227
19963,4963,2.259685061289929e-08,1.0,,,False,703.8906334999483
19964,4964,2.433985812899664e-08,1.0,,,False,704.0676219169982
19965,4965,2.309485225282515e-08,1.0,,,False,704.2386491668876
19966,4966,2.262797593743926e-08,1.0,,,False,704.4063109999988
19967,4967,1.889295830892479e-08,1.0,,,False,704.561333749909
19968,4968,2.7172246674922462e-08,1.0,,,False,704.7131556670647
19969,4969,2.4059731984493737e-08,1.0,,,False,704.9668917919043
19970,4970,2.0231340158716193e-08,1.0,,,False,705.1990616249386
19971,4971,2.5522613356088186e-08,1.0,,,False,705.4409796670079
19972,4972,1.988896336513335e-08,1.0,,,False,705.6526812920347
19973,4973,2.4806736220739367e-08,1.0,,,False,705.8518155829515
19974,4974,2.2565725288359317e-08,1.0,,,False,706.0661696670577
19975,4975,2.160084555669073e-08,1.0,,,False,706.2980404580012
19976,4976,2.56159893297081e-08,1.0,,,False,706.500021917047
19977,4977,2.4308732804456668e-08,1.0,,,False,706.6988987079822
19978,4978,1.8145955849036e-08,1.0,,,False,706.8690787081141
19979,4979,2.6923244078602693e-08,1.0,,,False,707.057436458068
19980,4980,2.4028606659953766e-08,1.0,,,False,707.2700486250687
19981,4981,1.8021454550876115e-08,1.0,,,False,707.4779032499064
19982,4982,2.860400272197694e-08,1.0,,,False,707.6560307920445
19983,4983,2.2814726108322247e-08,1.0,,,False,707.8212870000862
19984,4984,1.7959203901796172e-08,1.0,,,False,707.9985523330979
19985,4985,2.362397921729098e-08,1.0,,,False,708.159765999997
19986,4986,2.465110959803951e-08,1.0,,,False,708.3336462499574
19987,4987,2.0480340978679124e-08,1.0,,,False,708.6046447919216
19988,4988,2.5460362707008244e-08,1.0,,,False,708.7875762500335
19989,4989,2.4433234102616552e-08,1.0,,,False,708.9511292499956
19990,4990,1.9826712716053407e-08,1.0,,,False,709.1064431669656
19991,4991,2.2565725288359317e-08,1.0,,,False,709.2682167920284
19992,4992,2.458885894895957e-08,1.0,,,False,709.4594623749144
19993,4993,2.4433234102616552e-08,1.0,,,False,709.6369399579708
19994,4994,1.9826712716053407e-08,1.0,,,False,709.8096160830464
19995,4995,2.4962361067082384e-08,1.0,,,False,709.9797028331086
19996,4996,2.262797593743926e-08,1.0,,,False,710.1449368749745
19997,4997,2.508686236524227e-08,1.0,,,False,710.296417583013
19998,4998,1.9359836400667518e-08,1.0,,,False,710.4535371249076
19999,4999,2.433985812899664e-08,1.0,,,False,710.6085636669304
20000,5000,2.2752475459242305e-08,1.0,1.0,3.0800738415096307e-06,False,710.9614211670123
